patient_id,HALLMARK_ALLOGRAFT_REJECTION,HALLMARK_ANDROGEN_RESPONSE,HALLMARK_ANGIOGENESIS,HALLMARK_APICAL_JUNCTION,HALLMARK_APOPTOSIS,HALLMARK_CHOLESTEROL_HOMEOSTASIS,HALLMARK_COMPLEMENT,HALLMARK_DNA_REPAIR,HALLMARK_E2F_TARGETS,HALLMARK_EPITHELIAL_MESENCHYMAL_TRANSITION,HALLMARK_ESTROGEN_RESPONSE_EARLY,HALLMARK_ESTROGEN_RESPONSE_LATE,HALLMARK_FATTY_ACID_METABOLISM,HALLMARK_G2M_CHECKPOINT,HALLMARK_GLYCOLYSIS,HALLMARK_HEDGEHOG_SIGNALING,HALLMARK_HYPOXIA,HALLMARK_IL2_STAT5_SIGNALING,HALLMARK_IL6_JAK_STAT3_SIGNALING,HALLMARK_INFLAMMATORY_RESPONSE,HALLMARK_INTERFERON_ALPHA_RESPONSE,HALLMARK_INTERFERON_GAMMA_RESPONSE,HALLMARK_KRAS_SIGNALING_DN,HALLMARK_KRAS_SIGNALING_UP,HALLMARK_MITOTIC_SPINDLE,HALLMARK_MTORC1_SIGNALING,HALLMARK_MYC_TARGETS_V1,HALLMARK_MYC_TARGETS_V2,HALLMARK_NOTCH_SIGNALING,HALLMARK_OXIDATIVE_PHOSPHORYLATION,HALLMARK_P53_PATHWAY,HALLMARK_PI3K_AKT_MTOR_SIGNALING,HALLMARK_REACTIVE_OXYGEN_SPECIES_PATHWAY,HALLMARK_TGF_BETA_SIGNALING,HALLMARK_TNFA_SIGNALING_VIA_NFKB,HALLMARK_UNFOLDED_PROTEIN_RESPONSE,HALLMARK_UV_RESPONSE_DN,HALLMARK_UV_RESPONSE_UP,HALLMARK_WNT_BETA_CATENIN_SIGNALING,HALLMARK_XENOBIOTIC_METABOLISM
TCGA-DK-AA6S,0.5528654128187815,-0.5117467036880048,0.8583507434404563,1.2167328683037784,0.4518504376274863,-2.042921178979813,0.4389202827148629,-0.5771432938765403,-0.7277354847078951,1.2852388331507565,0.4263797391400544,-0.2340644503734638,-2.1664507172302523,-0.6020334118709619,0.0315737567833971,1.4091329389255656,0.0001071572875277,0.4870917897841902,0.7906504952376889,0.3371466304475926,0.5375725695237034,0.6731396352996452,0.7626124112082612,0.7169658009826457,0.3212262055639389,-1.119646957238078,-0.8249662202309638,-0.9776366677403712,1.7272824229470207,-1.7363634782743076,-0.0528440872819234,-0.1553597681463711,-1.1616878657121512,0.92298197766091,0.2282210067301848,-0.6204084191484921,0.6058792997877249,-0.4524582311293062,0.416605119765048,-0.7258152351268266
TCGA-DK-A6B2,0.3899814041842594,0.1834144064753202,1.0121919923446396,0.3835225200487053,0.1593372743903508,-0.3979093626204016,0.4653914118189879,-0.760188162746797,-0.266178263260431,0.7039309955245482,0.4797121290123241,0.3233441286217712,0.4838754950946831,-0.1796291272015619,-0.3710142446341273,0.6681180604508902,-0.2287114376006675,0.6755451753799878,0.3106557760851399,0.3972004323144495,0.778628984865728,0.7221883853696766,-1.0292298815682324,0.7377910996089361,0.2038225563096345,-0.3060168148247403,-0.6188138714053589,-0.4728432142472796,0.8073815337016919,-1.075589559258428,-0.2724321376311295,1.759069253314968,-0.2841479134846226,0.0507333553029868,-0.3778068338286014,0.5167005708365604,0.4280196769615905,-0.3102602468741354,0.0050597750783853,0.5036891213251999
TCGA-GU-A763,-0.8478491714043441,-1.0661003489124132,-1.9351600653730852,-1.6714892674657251,-1.4617461775238854,-0.1822208057192063,-1.1093032022521272,1.6493042093689276,-0.3258218030641895,-1.6095894010761458,-0.7375447250692713,-0.0972876391898352,0.3138245993825913,-0.8895011600587075,-0.0429771235815767,-2.2706629730456718,-1.195723949975293,-1.3324580375062969,-1.1486198058575183,-1.2299925076009368,-0.1254939315934867,-0.450124910581561,0.2371398322167173,-1.502253419134745,-2.6405872612901717,-0.6799897932582623,0.5947790804768028,1.8499277800713976,-1.3866352829871305,2.55173696348422,-0.0262979962029129,-1.970128101516324,1.2930236165005375,-1.3915490116317129,-0.9781931093107524,-0.3846248154266264,-1.874691683856916,-0.7234475751682493,-1.1119159390966975,0.326029411517419
TCGA-XF-A9T4,0.2723047307888734,1.2860547000074465,0.9576869032310504,0.8293976800200679,1.251685722671179,-0.6286381950620293,0.8542371427305434,-0.7689413437694692,-0.1990701663928541,1.066634465357182,1.0118455111823732,0.5983916801991106,-0.9550260781013902,0.0354066640697582,1.2181272381061954,1.120892715187666,1.6458729466514368,0.6845185994245256,0.9196548622055531,0.994379085396228,1.066123906179672,0.8947689125443308,0.177306872714841,1.5673035010165963,0.892843362775047,-0.3660223226302839,-0.4440704850066772,-0.8853847785638537,1.0421308558788835,-1.4161086224170227,1.6251605209124167,0.4593880193935512,0.2614466088230776,2.0460326336764085,1.424931767696498,-0.2579685061979233,0.981991452177162,-0.3295192494996489,0.450938913466844,-0.4152094970088344
TCGA-FD-A5C1,1.4652631646581242,-0.3963340265671778,1.0638179290891745,1.0946444878854908,1.7818280785201372,-0.1918531173251323,1.4943426359803238,1.3001213989864997,0.417193698768202,1.135771218349342,1.0639229198028173,1.0744738714342754,-1.1630469239948038,0.1309515566682037,0.744182697755956,0.5863380292613078,0.8268961549126865,1.266722043413248,1.5497269876089574,1.6103095894716482,1.6711918105144985,1.794042728446131,0.1578224850825105,1.4886836871863507,-0.6477577494919503,0.9775806593474208,0.7038454840328907,0.5967275986513173,0.3041116343701417,0.6644650002225005,2.095206915411388,-0.048919660709202,1.2758304664606774,0.1899385511981313,1.7128589243665089,1.2004797265567375,-0.3505023209360959,1.1081438037718605,-0.2165750438231007,0.3015212199032445
TCGA-GU-A42Q,-0.9211437387380436,1.0103143378169197,-0.0640120873561906,0.5548754924145537,-0.1166472652749823,-0.8828908868483747,-0.6694643871152761,-0.417310577198476,1.0009328732793286,0.0299232132981873,0.2143620325927427,0.6378908280648142,-0.3367522771924572,1.306743533978305,2.111320426944652,1.5154602844106604,1.3348050792951822,-0.3625390579363806,-0.5807482612459431,-0.4960343599828383,-1.119234520807158,-1.0931092080424183,1.4108496515275966,-0.7447284320002914,1.5244911199653346,1.2286276722338196,0.933922543071751,1.116476920858147,0.0245211539486641,-0.3033740616496844,0.646866220173846,-0.0139235134537418,1.8307703492148224,0.7904357869734348,-0.1644147103962257,0.375087389720066,0.1511434582147697,0.2419881722655237,0.982288441643254,-0.2935517973146427
TCGA-DK-A3IL,-1.0217864016280844,-0.9665531543040412,-0.5692896918762477,-0.3180763048101567,-0.9366730801467276,1.280870080926389,-1.1228074846005205,0.5678215039178788,0.2419451953063203,-0.2156990558899134,-0.2013689593930471,-0.0966391870907699,0.522564791897378,0.164406568348408,0.0736945288910429,-0.6066438688316068,-1.2597724207321757,-1.15465787642293,-1.1162918532263963,-1.3398495013115093,-1.3399480171331426,-1.2108847675946497,0.433617734796088,-1.181138507323869,-0.0207767952123619,-0.1747644962236939,-0.2854547269133755,0.0610743916684859,-0.2598299600136931,-0.3093198560300807,-1.0007491322648665,-0.869983884248302,-1.310578532899464,-0.3418623463825733,-1.2799982045487466,-1.170025643674563,-0.6484414228593812,-1.150152912654176,-1.057719850635893,-0.5039333411613465
TCGA-XF-AAMH,-1.229320860710288,-1.7143657620255004,0.1758086856580214,0.0888019534795525,-0.9244230691855556,1.391716563989822,-0.9472127766202316,1.3109070892037311,-0.27613395122034,0.4013457535642551,0.2060652139503756,0.4961780988760701,-1.1398458466104444,-0.5056472657649903,1.1413916401059936,1.921533544307649,-0.1857630662868536,-0.4491061562117722,-1.3507508822726464,-1.423564862710176,-0.9057465150409362,-1.2478828242807365,1.416682443740784,-0.5696195967094401,-1.728619999715813,0.3728483549184225,0.4266877456183814,0.6164052973711622,-0.8873115165519577,1.2436868161739003,-0.9091872074746246,-2.0971275956616613,-1.878757214961048,-0.317950195891566,-1.3371656792011124,1.1172193665308152,-1.3314662447273633,0.0796165077401249,4.554385776629038,-0.4064015674869706
TCGA-FT-A61P,1.0261964903983896,0.2844793863490336,0.703527253428511,1.7137100704662065,1.4034724847102191,1.1498897294721808,1.0329721580088411,0.5466655866053298,0.5736026269418736,1.2517214812058834,0.6535069819210736,0.4522201595068753,0.2366413013726735,0.4476215636694624,1.3967300001821397,0.2153991436160094,1.2912218777635471,1.3059784967248824,1.0429138230096933,0.9542382225157998,0.8235693596739664,1.038244698364999,-1.1130900144648137,1.6724067910331593,0.9493740762030166,0.4395581411328889,0.4026275713427714,-0.1386287142783857,-0.1755742915109045,-0.8464978928296263,0.6298619488744122,-0.5846441859804792,0.0266364448466615,0.6165650575016648,0.8751352531838531,-0.154467476120051,1.0764677010336468,1.3891155444461665,0.2980702535192149,0.4900152592397913
TCGA-G2-A2EF,1.2766520992766468,0.1035221732196129,0.2034634708792012,0.3020794079009443,0.7400329465996622,-0.8125572650316396,1.057360683612163,1.0192100486263027,0.7691055958673311,0.5461221716752609,-1.743365679187642,-2.7648884952924604,-1.6763332188727955,0.9611628775529834,0.2379702071175904,-0.8849717962988758,0.5408667463413133,0.95244743317533,1.1413928941419214,1.576841916798717,2.014051879850431,1.695007244311219,-1.1498143351036192,0.5624485439293208,1.376215743431846,0.4639080362375026,1.025248689907491,0.4868305077361379,-1.7557529015802635,-0.8211421202356974,-0.516837441954469,0.5160777565810024,-0.5998644634686747,0.63488287004949,0.8096392735835166,0.5586434169330847,0.8306947306840277,-2.130892111841401,0.6446451727813132,-2.1949980702548824
TCGA-XF-A9T2,-0.5045161561936228,-0.8394824351365352,1.181263933026065,0.1745455880463419,0.7271053455454648,-0.933124830512587,-0.6824753189020123,0.862002088537949,0.7033720504872183,0.7850363618036149,-0.7974039043320479,-0.7688149624913184,-0.9369519537352105,0.7877362750418205,-0.1807108561258025,3.0976223646604635,-0.0340942276718459,-0.3353382083853194,-0.9730955893558976,-1.150383870113125,-1.0033088137130222,-1.144971792107987,0.2747065217052088,0.261001744405088,0.5911061571642289,0.4537139456621606,1.4162257742288755,0.513688930101815,1.5227613282397852,0.458999095349913,0.2640591776454168,-2.199549596570635,-0.5707521255988222,1.2309935600050006,-0.8083478260370929,0.7813759596419327,0.0722773870661337,-1.0296991989521074,4.660560308431631,-0.770914439507341
TCGA-C4-A0F7,-0.6865437648481487,0.7727197014537843,0.8193091457009578,0.0922268841470824,-0.2443277109402163,0.9627811133041682,-0.5175433867676817,-0.0028536221939187,1.223481344623128,0.1382483838876357,-0.1361211445884551,-0.079548837553365,-0.4916559653436138,1.4259847115693889,-0.4521085292224464,0.8924164225826793,0.2042530903167944,0.1891866849853363,-0.4171254079226987,-0.2556037531911467,-1.3496797527837257,-0.9197361117785424,0.5809117981633424,-0.4769303047795281,1.022304236680155,1.1533157935467335,1.30626563521287,1.178249186373006,-0.8419142723813825,0.4490034753104943,-0.1838726404161918,0.930699469151278,-0.7610250771599542,-0.069081962511657,0.2511371794891948,0.8310694260375856,0.1293528003877584,0.8169486554600706,1.0184598131698128,-1.7030202130362182
TCGA-G2-A2EK,-0.3533210176523413,0.7667718886132167,-0.3342975545858067,-0.1225034229221458,-0.6300423301682112,-0.5555322243270913,-0.1119573549776998,-1.6692403009408308,-1.5245669267685646,-0.5500482413217247,0.9902233347969692,0.5706452224439267,1.0959643720442651,-1.5662391818023935,-1.6314069935085185,-0.3009645948101732,-1.0393818035929223,-0.6058881395600938,-0.6742893538473858,-0.7867537515271547,-0.6421551005166142,-0.7108094392640403,1.0599918969186677,-0.1731541473748304,-1.2684631771683996,-1.8228404923368715,-1.4849931745877183,-1.119428073344011,1.3877727105933464,-0.4521669185940284,0.1446550995875099,-0.6467684884725112,-1.0606912253719512,-0.5568248322626737,-1.2134305262539178,-1.68151097703154,0.1046527064566434,-1.4868959434954037,-0.3453125884635871,0.8870399842661774
TCGA-FD-A6TB,1.2801780165130094,0.9162908330640682,0.9047102500700436,1.3551324912372988,1.3565312367641476,0.4043975505501236,1.1770912088831689,-0.8377926564013847,-0.1594539131521449,0.8470476745084282,0.7037822121414447,1.087776868849132,-0.1540528141999562,-0.0402119177171898,0.0078437474205595,0.2722800352491845,0.723442513410716,1.172105253074934,1.259156195575473,0.9078138820073698,0.6128157721847906,0.9170564920909648,0.5180622630517112,1.2276295843488076,0.6795271942829948,0.3799644060054544,-0.4604655407231759,-0.5121142794430877,0.3457918323416831,-0.8525394829676937,1.1055393307150616,2.054848348635732,-0.1753695908439709,0.4765645870661638,1.1161301146405314,-0.3357454742759123,0.8022517376545981,1.0214304068248408,0.513899268091299,0.9938278694720596
TCGA-UY-A9PD,-0.7244595154469834,-0.3438844934709602,0.4708374869667674,-0.1653787056068151,-0.2382168182078116,1.2062024464356869,-0.8975694246311875,0.7148946156256246,0.3136325949408466,0.3766001534289429,-0.950451936620517,-0.9466436547351804,0.8863850317261853,0.2090544710352204,0.1910237327173783,-0.8563706472614021,-0.3965425601537261,-0.4403493567006161,-0.8872237028868664,-0.9174106668944384,-0.8643706397394628,-0.7863952220155127,-1.5535355265993342,-0.867356683667042,-0.3321188133217491,0.5715666840911781,0.9312508772126988,0.9895858682723352,0.6604014305444493,1.1503938301910797,-0.4739330114606062,-1.3194136106573868,0.3604783813705328,0.1361787949166817,-0.598495583807692,1.766102294545591,-0.4073758409790745,0.5156192459377401,-0.5466826836528911,0.4612125452002205
TCGA-DK-AA6P,-1.4381483108961557,0.0419418148141663,-1.2875926588619298,-1.3640076756347048,-1.980504339652787,-1.594843946118433,-1.5946608557315027,-0.9300604119123332,-0.1421522372475036,-1.3753829771773682,-0.122240255527481,-0.9320937174492074,1.169418821133381,-0.0943164148280413,-0.79041535845398,0.5684110326358158,-1.0009686652859626,-1.1002853104962935,-1.4225830140110565,-1.3870295831527066,-1.3984992948013977,-1.5571438968145672,-0.8771380898899609,-1.4560543827672523,0.4426489501190726,-0.7908724492761554,-0.2336874642427137,0.610360770369797,0.7343449676936564,0.3980097924426825,-1.3992235201722611,0.5711739733500116,-0.2501346507903025,-0.8308123355300355,-1.5864166185610231,0.2911143825339167,-0.3975830764953162,-0.0645361901158601,0.3594598292082414,0.0231942439627757
TCGA-GV-A3QK,0.2118897625575338,0.2539644865082008,-0.5817793046450224,-1.309438716650082,0.1029699015778606,0.2657495190853518,-0.2417447368259379,0.0970133881995322,-0.1671624367388287,-1.2744222932103004,0.0107340303692739,0.1391379808252342,0.5118435268243978,-0.3972704419700148,-1.7311751414423022,-1.1835731606383688,-1.1255358668462805,0.1403767757995316,0.0259034354771554,-0.0323325453488561,0.4803494437633435,0.4718725553437347,-0.776352503851791,-0.2109865408039531,-0.5301555872753563,-0.1170010086797115,-0.0604376029581677,0.1266361472607357,0.2459430108316651,0.3872436038717208,-0.1927870069737819,1.3131645990795011,-0.1773547789407643,-0.4520155676523755,0.0250313659913015,-0.0463223541067899,-0.7207775189236977,-0.0905575941724663,-1.3729290186251704,0.1204622947318461
TCGA-GC-A3I6,0.5198282678236031,1.0203020108265803,0.280983571361357,0.6200881366391386,1.3964185284249806,-0.694404193067406,0.9920378003139168,-0.0740023445606388,1.2187812633294324,0.266085821497752,1.0218659411829043,1.3978924295324269,-0.2174309399011405,1.3430504808849126,0.3839074902456742,-0.210941397825091,0.4912292088081277,0.0884042269642371,0.591005327947081,0.7051133596835021,1.2490780136697976,1.1429604461085008,2.2575160627229858,0.230420116129815,1.6974136477778905,0.3223873210575105,0.0331340589939574,-0.8006163066629739,-0.1296917857305616,-0.8644018952990915,1.3842703232978493,0.9787047417823456,0.4335539156209946,1.1680521137602202,0.7285285083481796,-1.0956620341301406,0.4654361298614955,0.5920606855641067,0.4340045979303137,-0.1288608052119765
TCGA-UY-A8OC,-0.0594203356837215,0.0155755806965823,1.3078246551708097,1.213449541114329,0.8704574637286694,-0.0668716453935227,0.2483332447331564,0.7083685172742682,-0.1010748585079883,1.451312678299072,0.0440167981727778,-0.4696295690477831,-1.4374704137373495,-0.0551885495555248,1.8027168864890104,2.235181722250479,1.5393293248885165,0.3481137383360164,-0.0385640227225512,0.3312050396865234,-0.8016412057567285,-0.6918849192880232,-1.2522946187470825,1.0791351440659611,0.0399005817586968,0.07255784926784,0.2120703852163149,-0.2847230915320523,2.064287619282439,0.1447521227832957,0.8917083570133129,-0.4661093430070867,-0.2537000416802227,1.3918302557592126,0.6418657436911188,0.6481098551300052,0.9664077705942116,-0.9002944121297953,0.8761072504382709,-0.8664379206785404
TCGA-FD-A3B7,1.9705605869576777,0.993967187146858,2.006971761450397,2.1120261588486904,1.3694785385686128,-0.2716307710276443,2.0501871003322387,-0.091605134387438,0.7034112311617086,1.7971239718347674,0.2656610896907548,-0.0632183300556914,-1.45098285323318,0.9219485517986444,0.5080129429773013,1.4776271859897356,0.9811485087832056,1.6651068430957248,1.9683390349150305,2.053998944398718,1.0500236540717478,1.3782136340344606,-0.5845771690828228,2.230539656233528,1.407079257518547,0.7254237205910428,0.5625986544666274,0.6072745678690968,1.1263349814829764,-1.5353808938011289,0.2487639184472017,0.3086250432304826,0.12239261019758,1.1064111504791625,1.4311685931023508,0.6125207559051955,1.2399986910181529,0.3179995637605759,0.960582696036665,-0.3693740182456153
TCGA-ZF-A9R1,-0.8983103526004602,0.807312357649323,-0.7869489259676892,-0.0155921413965797,-0.5886832675695655,0.6920227245466865,-0.4412433253689367,0.4783315416614778,0.2902467583066224,-0.2928129245007996,0.030792991407709,0.1207057692199602,-0.5861827522898039,0.3438758043833235,0.432194880120779,-0.1943176172230322,-0.7775122585678585,-1.0293965125053208,-0.7236440808209976,-1.1138707181905203,-0.7120184781553284,-0.7600032055909848,0.1451924970324656,-0.3582473941542633,0.3712418150696854,0.2758281764631709,0.0350646259919043,0.5074927441913892,0.179598844087413,-0.7284692488150524,-0.1615713013121192,1.2408034005855215,0.0401998474372477,-0.2060476824187594,-1.1454698975535682,-0.8018690516662073,0.1247210344880138,-1.0317944496703295,-0.8075418502220978,-0.4772791740665136
TCGA-ZF-A9RF,1.651449733227624,-0.4692539204075451,-0.3357560357079863,-0.6092420750283227,0.0077679823049746,0.5991081796603227,0.8241244862003693,1.2295260296813737,1.3254370363299923,-0.0457056582141343,-1.6574400628854664,-1.3843221366283924,-0.553600142592856,1.373676170169957,0.6821339877144166,-1.5187104386510522,0.4379357840484018,0.8231294479554806,1.0918209519234094,0.914037671403621,0.5744393712114779,0.8503852814866713,-2.4615315569276826,0.1031187074715203,1.2073226587685106,0.8263319163122533,1.27859237608897,0.6988455074850929,-3.16874916485792,0.2471378845693687,-1.1859619377680024,-0.0273857430974003,0.5286388234056585,-0.4482051596464758,0.206467421040991,0.6349594172013037,0.6013726037745152,-0.1564387733867585,-0.7971240615278438,-0.2081964239217554
TCGA-4Z-AA7Q,1.1726385243410948,-0.5995799857761318,-1.134333143181696,-0.153331261541332,0.0239420557082956,-0.401776403541708,0.9712929912200728,-0.4608129403039548,0.3253874856707016,-0.8538644560950801,-0.2684907500879999,-0.0623896440713597,-1.1101371501005568,0.2035817010849454,-0.1561260407737822,-0.9002386237427921,-0.3490896624482154,0.4948310702491815,1.0510896648495445,0.7628942142714658,1.6123093978773322,1.528683052068953,1.2439475391202914,0.1399554399386708,-0.299604406986632,0.1433954112471343,0.3806394379533988,-0.3162740647920261,-1.583464935978948,-0.2856497230740619,0.51149571462501,1.303950078622549,0.3399925513716131,-1.0994906044821016,0.051316065839386,0.1889758022072126,-1.6337761230341652,0.5779440581918522,-1.106643588781182,-0.007386523762794
TCGA-E7-A519,0.2890287322983688,-3.5117657994790914,-1.0858526750304152,-0.2557276939863087,-0.5079476944681854,-1.2194842721880166,-0.468917358774124,0.1428544977954541,-2.239806767757929,-0.6589854136019436,-0.958332953352413,-0.3082071626660554,-1.1662731920254683,-2.4283067979071955,-1.3977530776331766,-1.0314523220608778,-0.5590312934319656,-0.2499571128176502,-0.2351961755320446,-0.350844317257227,0.4358185299124942,0.1504792059119308,1.0494840687500429,-0.1379822507849243,-3.223868730440665,-3.682003919641516,-3.1970221765783498,-0.8711128463892114,-0.5151461522733163,-0.1851594097144024,0.4021264271163093,-3.5325938204756477,0.3192347306925613,-1.3262925148103983,-0.4304381746071047,-2.9230264549360925,-1.696623382170351,-0.9938472897474177,-0.4717760891205219,-0.0762951197547765
TCGA-G2-A3VY,-1.7708087661148386,-0.6927751300748901,-2.075586523120709,-1.604976609267224,-2.567049362475196,-0.8063718982373784,-1.8198900515761247,-0.861369076219848,0.2190845888257054,-1.9147073893205917,-1.114475517872332,-1.806757250675041,-0.5289897587194264,0.1382942871489807,-0.7971879164589503,-0.6908369729680471,-1.5092498325050003,-1.5948283760618378,-1.900340591903954,-1.676327516059302,-1.7770059849566977,-1.8949701033073307,-0.789034301220041,-1.780652691391275,0.5258095081310307,-0.4369672684607825,-0.8209861781404589,-0.5803416581646718,-1.636724100524918,-1.524974383131826,-2.068337314634575,0.7192275969910596,-1.6641134206002106,-0.9120752058130464,-2.148250334242212,0.9706153735259728,-0.7596353549872191,-2.151920894798811,-0.5841882826630165,-0.1549785717769586
TCGA-C4-A0EZ,-1.76080075864943,-2.960888286946066,-0.8196472239493127,-0.331794301640078,-1.9907746592228248,-1.9276736386042757,-2.1940822310099195,1.5660668198868026,2.0830223921209963,-0.6976975572202627,-1.6739988874156473,-1.2469963080595925,-1.789075637458366,2.0301011676643257,-1.6303013275234222,2.280297764268325,-2.0354209497285103,-2.6062417228109576,-2.528260324007453,-2.4481205201893346,-2.4865692304676945,-2.407916044024732,2.016656853121103,-1.528017708011761,1.414851013877808,-0.69669023367753,1.413358470353401,-0.6691827258311966,-2.1771273701419736,-0.0350013358101851,-3.241409182079724,-2.1737174366567147,-3.379026352793421,-2.8180166834640508,-2.8999524305479984,-0.6451766785490942,-1.1437151299325072,-0.2015576315361032,-0.0240880392884237,-4.087889978808167
TCGA-XF-A9SY,2.179564473758096,0.9589091782373206,1.166012974652812,1.2461485947704414,1.9459587177621664,-0.2110686943331106,1.681801597227271,0.0953175951669497,0.9525197026596508,1.4826398205905833,-0.5027194338353379,-0.8622682106552969,-1.4637332253581246,1.0902275018591248,1.0245360363937386,0.98096179709732,1.0102594762037278,1.5935148821616925,2.2278203360055984,2.292766672922302,1.7678416803878017,1.957840531809543,-1.4566556943291,1.3950941548146425,1.5475038458362746,1.3167715093791637,1.0849877901291591,1.4355368413862537,0.5005239142037832,-1.2754702529768551,0.4069349696017066,0.8463627598466843,1.2338295216288504,0.4789207396037827,1.7089474219777705,1.4208756071126765,1.0429185142409945,0.4618118635733755,0.9141226320343412,-0.7984009902791501
TCGA-FD-A43U,1.1256628218395304,-1.341139904412001,1.217520759427516,0.7542746346526638,0.5368258634427836,1.1688700278291946,0.8049764709158763,0.5896588132940271,-1.0491259378813615,0.9386766951950464,-1.3663098785815844,-0.550678087614769,0.1979280951604356,-1.2777917702910258,-0.4079921818020983,-0.756201452483558,0.3054699895458625,0.92415227796919,0.5538525224699395,0.7094669456926675,-0.1625380652457026,0.2973478513578356,-0.9194804171406058,0.7606177405342675,-1.8322031161657188,-0.8577213876038364,-1.0573496136163851,0.0964799806995121,0.198715439020115,0.1882440664165108,0.2967160115765581,-1.354619166073265,0.3986915438818579,-0.0956658572205898,0.016170306204776,-0.8517241832454059,-0.0927750744732282,0.523063936444013,-0.1602124404163721,1.2705227117611035
TCGA-4Z-AA7S,-1.3437130593372324,0.4096651621700886,-0.941358022902706,-0.8952823255845607,-0.5429057109240379,0.4922681493766997,-1.4510039340739902,0.5857679565275268,0.516910797475433,-0.8886708001639348,0.9538368588814156,0.5778545442574236,0.421829983723644,0.36490284531522,0.9464754460969635,0.0566478521605934,0.6267813050611026,-0.7165623863923523,-1.1399779484146246,-0.9863191373869884,-1.7041869625573545,-1.6031206912591378,-0.8037759142397114,-1.0753683229849984,0.1515335613745699,0.0280789476731109,0.3984560645018842,0.2387801653728946,0.639816196146196,0.8741690233266521,0.5831141650831156,0.5760687598375929,-0.0278197534770902,-0.5227203772845243,-0.4348782124161114,-0.0153266124399702,-0.0731391723524383,-0.7786712153865232,-0.2555874498482041,-0.0728679421555081
TCGA-DK-AA75,-1.7068359443944738,-2.129656613462348,-1.5988023760481662,-1.8251435620847616,-2.2095515287046603,-0.8028160322552776,-1.7907029457163284,1.6989961065640429,0.6593040281061847,-1.5305360445878098,-1.7510430638813268,-0.7941411702839107,0.8789254824946424,0.4386497564157018,-1.2956292165244203,-1.8354518625347045,-2.196540865893933,-1.6991739201245613,-1.7216277183899815,-1.8813028052828815,-1.2641313099920404,-1.550700274309403,0.7168729043646905,-1.8824421692225244,-0.3591062695555863,-0.6805851847821278,0.908906476224038,1.8113791895100757,-0.813726728810048,1.2734351216276576,-1.2682992290044637,-2.605076113387874,-1.0635701362280636,-2.264069539353996,-1.5941419566353765,0.5043194715823177,-2.2780241597954305,-1.1742350234893884,-1.0122934339129936,-0.806881987215092
TCGA-XF-AAML,-0.1778392667104944,-0.5295863111566691,-2.2716371526495425,-1.483220873474392,-1.1223864948113087,0.3109360005095414,-0.4908653398881493,0.7255294324717697,1.1673024203631646,-1.7214918316892152,-0.7315507921499637,-0.6195505982321734,0.6833781505270261,0.8408565898016607,0.3143118418874928,-1.7728713029000829,-1.1031857579401174,-0.6543783618870574,-0.4422074809319558,-0.4895611513900036,-0.0191038793903046,-0.124028582420618,-0.6035299214981223,-0.9396926355634868,0.6063843613079511,0.6492776533075569,0.7246875826870882,0.589066330288804,-2.443321193429408,-0.1558927785826315,-0.7678062397733875,-0.1398892741233074,-1.3279345990379494,-1.5306804334808632,-0.3723721913260984,0.8487293507756842,-1.6390150592200785,0.7604885692906768,-1.7440236350914424,0.3948456721236318
TCGA-DK-A6B5,0.0443754893520385,-0.3180744878567116,0.053016177470868,0.0092204260489443,0.496902751951189,0.2890656939477725,0.5620804838494075,-0.5896109605236767,-0.2563286217747997,-0.1746762082736321,0.8456846417984305,0.7393400923129195,-0.5783460268104725,-0.2600182377623269,0.4173735017611659,-1.3359775729916274,0.2170426773011917,-0.4733835814156761,0.7076447034235168,0.2048116165691786,0.9227461932147216,0.6653375346662989,1.891408717569068,-0.3519558915441956,-0.0664584612517047,-0.2045482685199837,-1.3925520190959215,-1.037471751707069,-0.1738334204975894,-1.2469510913405948,0.7974223450201559,0.4886088728813021,0.9579058701360916,-0.1331594997192478,0.4819943854253989,-0.7082540989830535,-0.582008489395605,-0.3505200603866598,-0.8967633146281173,0.6371573231592823
TCGA-KQ-A41R,-1.0109536030355586,-1.6224951386153177,-0.5876072316740467,-1.4232748835985038,-1.607415908041108,-0.0707014202514198,-1.2289814946533697,-0.0978311229048375,-0.6729788767361629,-1.295658362875249,-1.0324058251759438,-0.4272187385320022,0.2769495178898617,-0.7460772321238704,-1.7657407770367552,-1.0919861488630949,-1.3471510101692148,-0.549936120895232,-1.0868545592069525,-1.1553580508321273,0.1270727433673638,-0.5355334484655582,-0.2796007599819945,-1.5134393222004991,-1.4568826361165017,-1.67178611872698,-0.86747978751641,-0.0748223635760877,0.3641509244726001,0.7555218470132,-0.4323825950975465,-1.3860928497698124,-1.7659998672724155,-1.719525064298586,-1.0741856170255857,-0.5578074558360279,-1.1619642234864194,-1.120147337250093,-0.0513236416803662,0.4571590067170691
TCGA-4Z-AA87,-0.1303952279614922,-1.5709092844811363,-0.8563630006565016,-1.7222591378266776,-1.344148478514286,-0.2176411466507246,-0.7668003626130578,1.6199332019289172,1.1337663168031522,-0.8587736451864149,-2.173884316731316,-2.326234526648283,0.6619460773941275,0.9845965008631392,-0.046347182965632,-1.5529789179644533,-1.0844429073226136,-0.96764435451116,-0.7359532878056423,-0.8012934334847372,-1.4769589583139366,-1.0734905067834517,-1.3321856356020958,-1.0744805517244922,0.3815778498117218,0.6991234289386589,1.330455775048471,1.6523896160157685,-1.4862255903287458,0.6768273595480065,-1.1630272265595474,-0.9520408821632576,0.3150996066324796,-1.719218569544548,-1.2135722576653007,2.6722910084466456,-1.8191813870460465,-0.3808855245862991,-1.8898106557484893,0.3197681457789948
TCGA-FD-A6TE,-0.3987297833227454,1.00199624218844,-0.9851860169893052,-1.379899996822449,-0.038656710656387,2.100354004370175,-0.334588526907132,0.5358347648563013,1.1720397562965303,-1.4828765868739544,0.4420527192719823,0.9437876660963144,2.106262580118903,0.9195964906807812,1.4786434260552248,-0.824845710777318,1.392444315292484,-0.360217867748038,-0.2712262930947474,-0.5628029421069688,-0.1366601957783732,-0.1021511026316233,-0.6098640328606484,-0.9050368253803462,0.7692975492690542,0.9017080569593018,0.1466431374382139,-1.340029714530686,-1.603261008260572,0.772490500872328,-0.0629501608729361,0.6147455761291621,0.0170668289808561,-0.6679818219483029,-0.2418374273211384,-0.6284698188459956,-0.2861324041189801,1.4208907262832515,-1.4939348388905929,0.4360526107503495
TCGA-YC-A9TC,-0.7962705666329081,-0.9047562358335662,-0.4112915748102654,-0.953441721885806,-1.0823763698408837,-0.3654276116602074,-0.8446892353033566,1.584118118613487,0.7804139877330739,-0.5351836508116542,-1.9956800670100008,-1.404230152633802,2.0036690440142664,0.802424007725925,1.7360480394497912,0.202547779249692,-0.3706544468744366,-0.5570648185116231,-0.6867719400755786,-1.2848500015459563,-1.3262486049408952,-1.1926841360336122,-0.9155836630461104,-1.5177377395207088,-0.2432228345442411,1.9034298929808096,1.7228118678116693,1.9691289009058948,-2.509456986922177,3.571656773929665,-1.5423922851289316,-0.5546746762762536,2.925956879200534,-2.4213108396024,-0.9123400386695592,1.2129561007717973,-1.286746830647643,0.930190184328326,-0.6841996724463101,-0.2046394296562401
TCGA-BT-A2LA,-1.7021987245837071,-2.6154131933464417,-1.371111526563099,-0.9085111473536828,-2.173033926852043,-2.698447667666153,-2.093045635984602,1.704278915021871,1.2389720934626904,-0.6343856486810767,-3.9222961104924634,-4.318223811938519,-2.548095918024103,1.389977474104907,-2.0354254396610143,3.130477856129382,-1.2958926970470608,-2.9737683161199504,-2.517306549173513,-2.514936123607933,-1.8861924309822304,-2.333245001932516,0.2125170543178769,-1.718400553208567,0.6711993006264897,-0.7951228637673396,1.4885564512489573,0.9267210330084776,-1.5972168667128828,-1.5683189189299651,-3.5072585857939305,-1.9052094044666412,-3.239476731672371,-1.3962184623294345,-1.9459357900249803,-0.0115992969723303,-0.6693362776648476,0.2398817885222837,0.4783862271687107,-4.381555801491844
TCGA-FD-A3NA,0.4041736348696453,0.9402256044767866,0.6550832834320823,0.1620949672900682,0.8800402507644686,1.0227849604839176,0.4042531701976082,-0.4459804627080332,0.4733532564444067,0.5274768402704126,0.936065417516992,0.8326118457946916,0.6338573844299787,0.707835626574279,1.7351183324212869,-0.2699048196417667,0.5060786393757011,0.480882845218761,0.5510622323264001,0.767876360804069,0.6278079164940319,0.5632229605646009,-0.2955575191873393,0.7054339161804243,0.908335179264498,1.3781431316463115,0.4220058886791333,0.5846064456089173,1.2303040268354457,-0.011127900853171,0.2775120325776771,0.2980606022863715,1.320908524656503,0.4569550205614321,0.530314557714089,0.9771888111459388,0.3349113115679505,0.8645248532906727,-0.725662543497009,1.1354951866178935
TCGA-BT-A42F,1.3293257446791904,-0.554991396762281,0.2336949953818507,-0.5030773172273337,0.6423760041837345,0.539042812069146,1.0783535946940952,0.5706739829674378,0.1265949073845509,-0.3219396421589076,0.2289821170595454,0.4257438799883979,0.0832990372209763,0.2869162042692712,0.2730209925935123,-0.0512134476634527,0.2961542185380997,0.8743830689800686,1.3110663763688362,1.550704749741186,0.8660532316336363,1.0833919644069736,0.4281792369912192,0.4652978731645264,-0.7497098723116821,0.9655692409268256,0.9649238049691186,1.6220279024809126,-0.3544275882607025,1.6657927755066573,1.073234358988329,0.5125915977262272,1.2719315056052325,-0.0877193952785006,1.4860104852190863,1.319321536618369,-1.2985229862627083,1.306261093773316,-0.5046717647140495,0.4207904986922302
TCGA-ZF-AA5P,0.381373793722209,0.6535060366900576,1.4359755444761773,1.4414091643054965,1.218101853728965,0.0572106817373038,0.4832209686906842,-0.4459610581790059,-0.8907074823703739,1.4168923962520756,0.3946015912631597,0.4662693953527277,0.1336551501213128,-0.8939991295692116,-0.1696556623159945,-0.2122164985655501,1.556238160423275,1.635164604006361,1.2449574105933665,1.1172280934661485,0.0077018383570725,0.4567012166990334,-0.4756766200061771,1.2637204680112564,-0.3957729413902864,0.0633019584492146,-0.6449944136315212,-0.4338383007963813,-0.2815413306074099,0.3689191669313164,0.2850241073586815,-0.5940063329445937,0.871326116241232,0.694106889478358,1.8701591342797617,0.8900326756504693,1.8069312323938744,2.1135201959607874,0.1525400652094691,1.4479885379578517
TCGA-2F-A9KW,-0.3299893405085914,0.5440667775695578,1.2886625926797075,-0.1137844199073051,-0.15394980193544,0.1397357034760524,0.2753455167374085,0.9073504912781584,0.812401928318569,0.1760644812123631,-0.890199052419465,-1.619353119701555,0.2536917860847733,0.7575989191905628,0.0037009475773535,1.729862363458814,0.0610009648869751,0.0478445997728766,0.3441849552484521,0.431046374620659,-0.3223045259140812,-0.310801728315673,-1.95331736986844,-0.0050036925879552,0.9189949635545492,0.5584994987391908,0.8232494490725293,0.6527940731271868,-0.0450770371846549,0.5539010403816129,-0.3093047130062853,0.3466224416131551,0.1018681815143247,0.0370396254924285,0.3188242646418187,1.6691462913918091,0.412504274166033,0.8154013617488773,0.6793151993093807,0.4577052417347181
TCGA-4Z-AA80,-1.152408994974889,0.4153467564056365,-1.500352804936106,-2.054678208171249,-0.8967956287594824,1.1289827673972894,-1.3152661358710842,-0.3223930426312356,0.9492365119104318,-1.6336894970342029,-0.8606584142508189,-0.6923970405834955,0.9229061541213008,0.9382435297473722,-0.0708372649899675,-0.6679846207574717,-0.7258416302023148,-0.7941883942766578,-0.867192020943015,-0.910319214214506,0.1343459481409243,-0.265784690509901,-0.8273095793081423,-1.348839535918716,0.485033099011893,1.2027299494787236,0.6878149943259692,1.0573513798431162,-0.820749465065469,0.9639149016008076,-0.9260531892428796,0.4576307972177093,-0.99989022328425,-0.2718711212744656,-0.302774226066668,1.8242489660546148,-0.8338983464925545,0.4964204165841642,-0.7919651342233401,-0.3329440602258938
TCGA-XF-A8HD,1.2454961395692057,-1.0969316540543792,0.0680678826953885,0.6216013188098445,1.0093525966026764,-0.4224211317484668,0.9397482645275624,0.677577203452634,0.5291934501847714,0.3311616048894092,0.1523621083942813,0.3488470575907462,-0.6621185522144538,0.4351454160756535,1.1954534415473652,-0.2386914320907478,0.2521833198341564,0.4211106050446681,0.7473163588004746,0.725195358587587,1.9196545654720856,1.8462741772957396,-1.5238041139284522,0.2543639508624009,0.6973411515709191,-0.0587909468842607,-0.0199906955540633,-0.7787895481844229,0.9087780327795372,-0.7006738987940564,-0.298452897162719,0.5183899146843739,-0.1792068269882966,0.7282637029492882,0.4098222443032124,-0.250495950501764,-0.0031094222428801,0.0151778486521149,-0.5459351723147167,-0.0581035106151573
TCGA-2F-A9KT,-0.7724496922260833,-0.3455899964721168,-0.0019827911720883,0.0475647997743474,-0.2954795588050771,-0.8465499093948871,-0.9822162029510186,0.0327358679532879,0.1349599808573526,0.0969291986942654,-0.6479850367417157,-1.7793812535297673,-2.794382096034933,0.45980371950413,0.0832314376799992,-0.238020283144735,-0.0666961554048306,-0.889778290277294,-0.5871433903322738,-0.4319147580066879,-1.675765195981517,-1.4064525043172882,0.1339963074053053,-0.370018795004472,1.21294789543643,-0.5414886038704021,-0.33219914447115,0.1149127555872254,1.2463394074471532,-1.5038180449313845,0.0855607531999271,0.2901866294108861,-0.8270886553058358,0.6894489429554026,-0.298472101682885,0.1763484071555344,-0.2350613837833879,-1.894455840259594,0.3117326231203088,-1.755853502488831
TCGA-E7-A677,-0.1896827236499,0.4396108089823753,1.143142780193349,0.0490756157965183,0.9661451694338394,0.5927030508102527,0.2960664997816338,-0.2979455823874811,-0.468338337785793,0.090304753023987,0.5560151446243957,0.7272371100920316,-0.2542071911465596,-0.3817559045223429,0.943017776084004,1.3489829213217353,1.1325867635149078,0.4576215348786939,0.2234874214115881,0.1854161831750635,-0.1452898915468398,-0.2217072417041607,-0.2255086767218512,0.444501915318773,0.1036279084668398,-0.4019611114313977,-0.764024480400723,-0.8035017442174873,1.4873979346298063,-1.8710525179947648,1.4513151347794229,0.3771416287504096,-0.1265470090216054,1.858956522693049,0.6545510271685286,-1.170554559889772,0.3612575532921503,-0.0641473186873829,3.1429318645005,0.8200810468387355
TCGA-SY-A9G0,0.1034972992526248,1.497460359277355,1.5213102995230174,1.6819943744128307,0.5961618345204083,0.4107879555170254,0.3647453916774996,-1.929664674121652,-1.689128199659314,1.5466405585416056,1.008572243574356,0.2071527506152795,-0.3445587086695811,-1.4516578770856727,-0.49978446153681,1.6899302127593423,1.1911342788295831,0.8958818345718063,0.4947889216696772,0.3501769458621485,-0.8557742045176271,-0.3056430243610084,-0.4879015485507462,1.340984929659013,-0.269984546534829,-0.4161724799848948,-1.3063614593141908,-1.0113368903004072,2.067329750339105,-0.899693273617051,-0.0668431335763968,-0.4099854731665733,0.2093483888660684,1.7962767709524785,0.7348143537916327,0.0819012590021058,2.365684422663773,0.9357263909689112,1.180750761149587,0.8836661321091651
TCGA-YF-AA3M,-0.536670115732776,-0.1426285118870915,-0.5366066601329056,-0.1176531095078527,0.4277620968172546,0.7648537370041797,-0.2076347410579422,1.4817453020009164,1.771837875903841,-0.5147833644520505,0.8005858741967311,1.3343405197367,0.1846603013873817,1.721825592690013,0.2059380738863443,-1.7296397020070635,-0.327436703700099,-0.6889374904208506,-0.4000657488164764,-0.3906438043662369,-0.2508595634785652,-0.546245406949481,0.2195057946580537,-0.5255677321579839,1.3293847154240113,0.9162344920308908,1.450638667550842,1.4382564927753458,-1.281270853563036,0.8259154071255056,0.4252441163048551,0.25468240661381,0.4242179749146836,-0.5049386844121245,0.1799673934820783,0.2042566452330435,-0.2536224718216169,1.262995484975595,-0.901161779606096,-0.5177832307579407
TCGA-CU-A0YR,0.7317181293596251,1.2348241926110026,0.9465306568120578,-0.2425715370423445,0.463318419362686,0.5232195801936262,0.8157809963192808,-0.2884208574785161,0.7737879108530074,0.4090875852115503,0.3797664635512095,0.0968074683882922,1.516312793592944,0.8187983296063519,-0.2445615433154585,-0.2123644245997065,-0.0509365086896954,1.1922353384115432,0.916090709729374,1.0581195909605028,-0.1377679472289338,0.2058201730966259,-0.4902011631661421,0.6488052675740704,0.7958295065365107,1.4557521274754184,0.7887587805933992,1.0479679099442931,0.776402691687879,1.1889540413298894,0.054471421174582,0.9456632393073504,1.3781097130089437,0.8905733572389833,0.7366602115870206,1.078617711095668,0.3062082605251057,1.5236078284820658,-0.7124220821753319,1.3487760819061043
TCGA-K4-A83P,1.75202482033103,1.715411621518784,1.276077201907291,1.334915065727173,1.6095040327552208,0.5065473482805106,1.4728274842234408,-1.3349746190160674,-0.9620525617783232,1.2995531124417503,0.9161129784678016,0.996885647406464,1.3969302405674882,-0.8700456049918619,-0.3496580860825082,0.7263658153950738,1.4271512284863797,2.4236975919517367,1.6419783288026546,1.4811075099921422,-0.3514637310505219,0.6488633342954411,0.1578322897895112,2.118039154372872,-0.3025062362625096,0.4698466468121648,-0.7006948989611624,-0.8482732031815817,-0.3605101462941198,0.0825573263375117,0.6607549094784996,1.510123763036868,1.4709577801119849,0.6533726272768562,2.018478116769693,0.0333012857588135,1.3612065574129684,2.8623625302233418,0.3932284421520843,1.528769203020336
TCGA-ZF-A9RL,-1.4801534315760965,0.6206519574515625,-2.0500319609568844,-2.159930884611998,-1.669035399820158,0.029797354005846,-1.7441573081480757,-0.6365680359174025,-0.063872475343229,-2.080742474882012,0.2553668873121166,0.1838356374937287,0.642427744755926,-0.0649194491099386,-1.0370171817313332,-1.2125849922122862,-1.2572183819140434,-1.3621796399133506,-1.3707813991318232,-1.564104116292624,-1.2244353271589108,-1.4038256045651176,-0.5996313301088859,-1.7137881852844723,-0.4010103660428199,0.3331782832762124,0.0566152107255507,-0.0771531709099561,-0.0734207469450567,-0.1239002144597531,-0.6996415545768895,0.9324773192280849,-1.3177221023202954,0.4509929811792649,-1.5216397849633798,-0.6766405711099642,-0.7803160333628696,-1.4661762666850473,-0.5812898869899574,0.0310081566283354
TCGA-FD-A43S,1.486475722597334,-0.6473464613180747,0.5669378415802604,1.2259019305452084,1.04249191251698,-0.1975788515973222,1.0045153886997844,0.0286343892261431,-2.131188867417513,0.9080298941925066,0.553597551389969,1.1705763378962226,1.1735293444168973,-2.346051715395318,-0.2488563816539545,-0.3883036168381983,1.0312192656379486,1.5575783219892898,0.8781661745827121,0.8110935886957865,0.2871884628413179,0.647338918465509,0.906256322289702,1.4395822026392224,-2.7157628038380768,-1.2621994395855969,-1.273428205372147,-0.5497725948722733,0.3119119270140174,0.9831130180261596,1.2049433067413482,-0.6346109099022174,1.7089954382748622,-0.4605136588335434,0.9491018071003432,-0.9659199344978866,0.2788501944279487,1.3550348558293328,0.5760336095046423,2.0889987766050253
TCGA-GV-A3QH,-1.431785346445527,-0.4428162427049585,-2.042135104909027,-2.0134858440439043,-2.3424446808534944,-0.2311152782715117,-1.2532208933987683,-0.3642575623502034,0.611196530522513,-1.7112601105319898,-0.3229002457917057,-1.0311397776666245,-0.4168768143587982,0.7326705119302612,-0.7057758321848241,-1.0929346932134203,-1.157368043065958,-1.129741175162304,-0.8843121797886646,-1.1365503928420349,0.4177506506288492,-0.3041180195468846,-0.5516739815591646,-1.3752103212049045,0.9719792107254358,-0.2879461747917263,0.456233859159155,0.6016517789752204,-1.352874140287314,-0.9199655461872478,-2.24211124944599,-1.0927346838605354,-1.8004881622632725,-0.059599757667992,-1.025460221496762,0.5775990298248319,-1.0967394002779016,-0.5096681344982856,-0.4113835987574452,-1.1224319167435377
TCGA-4Z-AA84,-0.588296674657797,-0.2054206738445654,0.2737284658178818,-0.8841622801922397,-0.9096791754131348,0.8995990780693909,-0.6281452622841663,0.7616161120036998,0.7537132820300587,-0.298713560490367,-0.2513089197542121,-0.3578541577907355,0.0753093770497545,0.6448561220828131,0.9028969611737196,0.0520467548032818,-0.122520190720434,-0.2781188330160416,-0.5903058701340325,-0.3567399806911348,-0.3727401202646701,-0.722042070281885,-0.8157321237639817,-0.5592913284313945,0.813516856463005,1.0042463343537968,1.100661042391707,1.980720938628668,-0.3842207189594429,0.5846928293803836,-1.0239557510801636,-1.1838128620430597,-0.6320532160777383,-0.6516577341450739,-0.3612207618598618,2.063424473401964,-0.3823999226987076,0.2286858902176125,-0.2845975160077973,-1.4928015905179297
TCGA-K4-A4AC,0.5025818152351058,-1.021189529496482,-0.1027757892203474,0.1879563032717911,0.2020817746036962,-1.138060048337438,0.5386921373937862,1.383963765815628,0.8827962585851633,0.031498127697052,-0.4765546375658858,-0.2821793583774386,-0.4813245709947965,1.1342572974413776,-0.1567416997617443,-0.0454533193687081,-0.7884024945115907,0.5854987057676277,0.9069757022112228,0.7331688071094629,1.2770839268313297,1.0137913521545854,0.289010038281077,-0.1091785361294804,0.6028309480138785,0.2854705035902782,1.2634695119498682,1.5032119226511171,-1.4331094496973624,0.2766963932875332,0.2876352825206489,-0.2213747204888881,0.7772231531096874,0.0495322195574589,0.7093846162362322,0.3289384656169729,-0.6554656265136622,-0.1748231899278664,0.4157018206331111,-0.4803976152488512
TCGA-K4-A6MB,-0.7811786794533141,0.4781361813615645,0.2865026028386082,0.4252423397112671,-0.4276607736047587,-0.0543038051766737,-0.7415268467328748,-0.8386184480350711,0.3325712079564996,0.3068554323442606,0.8708871983862676,0.5536417896271656,-0.4333284585684361,0.4477276384566837,-0.4716929823065791,-0.552299938793819,-0.933948303894519,-0.6457103032792846,-0.90050696628373,-0.8546526191833927,-1.555742165892566,-1.3392631961592434,1.4283568739729786,-0.6072596195301432,0.6635564517722118,0.0466346964794161,-0.2920981821648663,-0.6622951993459114,0.6133281335212654,-0.3643411038342147,-0.7729383078865494,-0.5495847459267676,-1.2642155734071154,0.2096337590486602,-0.5231112411761362,0.322293683299152,-0.0607592976447416,0.0291964172494294,-0.6277719499650105,-0.5154887830621899
TCGA-S5-A6DX,0.8177567271976112,-1.2024652011274042,0.1470471410960631,-0.0950530738318076,-0.2137277906341782,0.5407827138996792,0.4226489899072,1.1024466632807084,-0.5193592266202682,0.0529629214227857,-0.5740009945807866,0.4005083798201947,0.2638561118695641,-0.8391928615389446,-1.101764999113681,-0.802571408950891,-0.988828091660884,0.0902209422970043,0.2558910658893973,0.1872916201459287,-0.2111732944693993,0.1644697174558729,0.8434460603327877,0.0835203141198983,-2.227136011108604,-0.3113366920016696,-0.8526985012748634,0.012373529877642,-0.2011995617328086,0.8440768302907027,0.1549159275851314,-1.0680427067164464,0.6989797035763219,-2.441626813569937,-0.4793459467980419,0.094083222586342,-1.6333434344665647,0.21860678649168,-1.5723068480366855,0.7745149203537809
TCGA-GU-A766,2.371977171199388,-0.9527170569871948,0.3734624463210341,1.131292920809367,1.890422283238208,-0.1212489279269953,2.1694532128278508,0.989840508532574,0.491791926633391,0.5177985796217016,-0.7015242439069211,-0.163479249846671,-1.160723753747152,0.3473382139655528,-0.2604487113043051,-0.7864308630923678,0.5039004831163149,1.9287777444754248,2.5821684363519144,2.697468280738014,2.588919140174273,2.616979729056905,0.1698373779068666,1.3910579743900204,0.112094209260115,0.9879308423549172,1.0863345840166898,1.4843635537388695,-1.0982913778525956,0.7464048026373796,1.6438676560468797,0.8205615963873323,1.0017128420265755,-0.2206699100957496,2.114444236275856,1.89716854232206,-0.3496209736066358,2.2403516419625964,0.3460992864105588,-0.1874680206449936
TCGA-HQ-A5ND,-0.2278754163953731,0.2535535030724172,-0.7233727253443797,-0.0080551085384947,-0.3253534979846101,0.9183422785749716,0.04345407859881,0.8926713522567841,1.6859592983886478,-0.5093833197995724,-0.4256335676936575,0.4296986827349947,0.9496956214144356,1.63333887290542,1.8027823491389152,0.0358765304471109,0.1379480243373447,-0.222042030491162,-0.0377246145976659,-0.1459836958874728,0.1991255279993056,0.035642184944424,0.2057451449149509,-0.1915313643373374,0.8269123407738265,1.8497916593682795,1.3919886755026851,0.5440734512058902,-0.1839413089035823,0.368484741450281,-0.61657502736131,1.2740924576043249,0.4150845296156163,-0.4698316333244112,-0.2562055848162909,0.2888599380225288,0.1151942069436621,-0.7216708776587293,0.521334082934866,-0.5461748474112004
TCGA-E7-A7XN,1.681808100485377,0.2431339430901908,-0.3595607015197783,0.1647076254614102,0.6135150621956872,-1.0233826420022758,1.343827672917158,0.4081741923343174,0.5259808119816438,-1.0217618109541171,-0.2610335934761968,0.2596475137603284,-0.3946298231511375,0.7351050546214849,0.4148724375072838,-0.3950331886800106,-0.148883587091286,0.8534569389342807,1.3419044547924104,1.312473804040007,2.394883813953781,2.3062951972425547,0.7960881615780171,0.467805783014073,0.2482525206139588,0.6453089373221766,0.8907268456939929,0.6251383824837157,-1.111600790301805,0.6283776348568867,1.497066385997338,2.000637895274404,0.4837844473843615,-0.1500139265216806,0.9291860980915,0.8316338053724316,-0.8587677035432374,0.1451578792380294,0.2371013730137826,-0.5662015293321454
TCGA-XF-AAMW,0.4442230679015269,0.7625122954861993,1.1007055488288016,0.96972780201216,0.7624433305569325,-1.4023905952150113,0.8943670395550491,-0.7346359588256874,0.1094444969873541,0.9405329469370102,0.1671364137914528,-0.0505196173403649,-1.3475436842668271,0.2404671788146896,0.7126609728797924,2.3305209916938576,0.8500533838633989,0.4890958923898931,0.9888826212372308,1.098571328680979,1.3696727811470069,0.9537451547157472,-0.395052065781779,1.540641981280562,1.047077604772808,-0.1426186450216321,0.1280281499261879,0.2267415786574291,0.4593097897755036,-1.292594679391742,1.1375538467091488,0.3073176559100717,-0.8586768878039676,1.7833384572966462,1.0916756912714862,0.8108855086499108,1.105342409116811,-0.6432563557367208,0.1982261056046158,-0.6732485218487886
TCGA-GC-A4ZW,-0.8381939581673318,0.5090106237352116,-2.016401934903889,-1.449934888513997,-1.3620540265470846,-0.8104587796135184,-1.3276291404998746,0.8992856086574338,1.1378776960096624,-1.442378012684398,0.3136056346814116,0.2011485769150632,-0.5927202086734654,0.9789498896329932,-0.4140995157296961,-1.0536666754068855,-0.6188672056027196,-1.2169970806282673,-1.056350050006022,-1.0407111321924023,-0.9707474277415816,-0.9832760905244096,0.410674893167154,-1.277355953091443,0.7060420604701769,0.1549887600178438,0.6782396698881988,0.1286267708604499,-2.0175196320491406,-0.2053478099386335,-1.1301342644699883,-0.4900571709688618,-0.7651612351814406,-0.5431580835122353,-0.6392900859277274,0.439607961446663,-0.982890483759756,1.0588775441145548,-0.355887054797238,-1.4117482345463874
TCGA-G2-AA3B,-0.3318407792362262,-0.609478751528616,-1.6966451333870065,-2.103880839151812,-1.3169296619563091,0.5080305336230664,-0.8515993470443132,0.92426546894542,0.4419081543843549,-1.6955975622663415,-0.5254992100394558,-0.0199555191731185,2.6962361765395038,-0.0087243595599689,-0.9991494937889988,-1.3142353071413964,-1.1309076308209287,-0.9462603514858288,-0.9062077840236752,-0.6775415482367865,0.5026039869144441,-0.0569089848912913,-0.4575392348030305,-1.553352544572593,-1.1237612229837362,-0.3836643889707378,0.3981524394678004,0.3797443914608268,-0.9940107442799416,1.6253658223155507,-0.9452826520292552,-0.6611850496257182,-0.4602925372968077,-2.0676481708507857,-1.1110417164852098,0.4602818513440594,-1.9825849365945136,-0.6723108948634708,-1.597593468919099,0.8110488440623188
TCGA-DK-A2HX,-0.064343821785324,0.9507494542641884,0.6314784398254325,1.6122582934717038,0.5080934222439947,0.5193942570902712,0.2287617888141778,-0.8283009343648964,-0.909888959443968,1.4022702080892724,1.8078885223601655,1.2052002437613691,-0.8655826222178453,-0.8107186724873184,0.511058676444949,1.2248511061922065,0.5402684347738699,0.2110939013192659,0.2114343634461642,0.1956812380550746,-0.2700223577244925,-0.0604034990964914,-0.7708170035997731,1.2922457410876147,0.100840833126175,-0.6615193463080109,-1.729657334569391,-2.668635199549476,1.210259700601518,-1.585022657492726,0.8788104402199154,0.0837516963126531,-0.9726130428971298,0.7618440250617692,0.0152151191537613,-0.0151386867772844,1.5599032404053046,-0.4786085529135052,0.0313359995916214,0.0416196894267084
TCGA-GC-A3RB,-0.4799845704384663,0.3057237307965478,-0.6932261773821421,-0.3921001067347081,-0.8360295359879496,0.4165019625065338,-0.9924815349892924,-0.1478984881330177,1.141784450540635,-0.7891514356789125,0.6709428650532052,0.3632702361541134,-0.5506114113733385,1.4515478909842734,0.6787309180439316,0.153736400887069,-0.7387740183165221,-0.3469702688530761,-0.5791808751323206,-0.5407693578786512,-0.0699238113229778,-0.3874388816842586,-0.0566582324201345,-0.7042324498154652,1.641749515626873,1.1694543534127493,1.28038754142364,2.088777271948697,0.1714212624959233,-0.5845927694846518,-0.8737599355210582,0.651397287484757,-0.3327803896536431,0.5629129218244493,-0.7453684298369476,1.7654360591781388,-0.613452010026939,0.0384781924162196,-0.2385337458527159,-0.6139528278274071
TCGA-GV-A40E,0.2949905953098367,-0.5195025767839229,0.3572972222242298,0.59636251437445,0.914023895874354,-0.4045744975925952,0.6998122368920999,1.6992270237972864,1.0638170229189434,0.6131756924518752,0.6189469887442122,0.3272406432040363,-1.3741156753341486,0.976888615385712,0.9545111190162476,0.3004168844298483,0.5339625754760184,0.3193310680262445,0.4976833620706617,0.8218924601406559,1.1218911860946057,0.8440924045926695,-0.7447181229140628,0.4664917268549137,0.5987947501765849,1.1833225882895275,1.3766223592344786,1.4183649865769716,0.2766926648176145,-0.5420166072377163,1.5652823518354997,-1.0706101603578262,0.143739500607841,0.252422688709694,0.8123861148582014,1.8773914808872512,-0.3112923847912424,0.0769638527295679,-0.4397709355433126,-0.8457657355749127
TCGA-FJ-A3ZF,-1.7633738213515882,-1.7663301108650062,-2.1958191697589022,-2.231356800073836,-3.194154728937992,-1.9856734797745224,-2.4845294288112845,-0.0921181860349009,0.4852770492086143,-1.7270327210126537,-1.7833994584177395,-1.8437215409201249,0.5051223954838637,0.4453454987835917,-2.134515501617082,-1.6817147431346264,-2.351141277114481,-1.5066179107992963,-1.9398730140262728,-1.855534869676723,-1.7480903383798967,-2.051655462290685,-1.2260857168974442,-1.891438751579249,0.5292877214891495,-1.1232238501761376,0.4097066823084356,0.2472971136594031,-1.5910728713475997,-0.6061064176330958,-2.974241605299744,-1.1539344452306517,-2.9508019248605186,-1.8901599670175004,-2.4854433979515456,-0.8708767613260546,-1.466784428604853,-2.7199297960874738,-1.7445904249734725,-1.4240233465919043
TCGA-XF-A9SU,0.145499455502765,-0.2301791388594332,0.6561392486528752,1.0391383651415491,0.3854454723621272,1.3132656197776065,-0.0041533017850746,1.2204028498662227,-0.1596025324740497,1.0036043435142648,-0.4154809107807238,0.3240734618416764,0.5940532081118247,-0.2193222646448905,1.0461224642952307,-0.7337691469635991,0.179856385355057,0.2528629330890272,0.2188447188142515,0.3022026569096699,-0.6761892187672051,-0.29395589253465,-0.9905802144284984,0.5268662801054571,-1.1265566212119915,0.1819068397127073,0.3399260232334744,0.871136818450642,0.5602984094113731,1.064976415766463,0.0875707064170022,-0.556132120903677,0.9100289224197688,-0.2395407231859742,0.0327783122882139,0.5969356460982039,-0.1975606612036285,0.6244792637414395,-0.3900826176084677,0.7910930663804824
TCGA-ZF-A9R9,-0.1838358754511169,-0.0860961428633679,0.7887166440800601,0.6326040575937502,0.4835115882737733,0.5327061834213871,-0.283997973508711,-0.2132370833437675,-1.7219265443924132,1.137352397213184,-0.2913411247445259,-0.5105493204260466,0.3282935975951881,-1.856948850829632,-0.7809024246289471,1.1874620032237024,0.0143628889058825,0.0066923134692901,-0.3585279082703064,-0.1312201318212705,-0.532468354234043,-0.4707155097060261,-1.6744337750064495,0.133058778538371,-1.3765628660696168,-1.3838495115276293,-1.7385529342058623,-1.315998563357563,0.8908529647178248,-0.7962801995214593,0.4682074316614789,-1.7331634126445472,-1.217059924092093,0.7802528296640845,-0.0253842735334224,-0.7561016305412385,0.7100841849672805,-0.2676171733880167,0.3776236082711967,1.51818156925094
TCGA-DK-A2I2,1.2432598144066125,-0.0559731343473753,1.2568141759894569,1.1187551171907248,1.0249294714923,-0.4297888354403589,1.213135485512857,0.604022614690097,0.1264644212018303,0.9885031435613274,-0.7463780994413154,-0.7129706825701567,-0.6759423860813432,0.0316585211837869,0.6813049052539998,1.2728317028951992,0.2320401430202098,0.9767702175718818,1.454994618730547,1.5893073846660832,0.341793954510619,0.5185602334054206,-0.2583855436225621,1.4487969369130824,-0.2565732882878821,1.1216617267196447,1.025629952755007,1.047645474718098,-0.235896275339607,0.6779767967509985,0.5194238700538317,0.0126033608666541,0.4749816984253352,0.646980675864941,1.5701289412763169,0.2896511702385324,0.1663725677396161,-0.345088079945653,0.484581726102812,-0.26963442367516
TCGA-FD-A3SQ,0.1681247748315809,0.3272180119313472,1.2486569400837195,1.4468185695010265,0.5877490100101774,0.047338449087552,0.275848279320194,-1.78307781916693,-2.3119189653435157,1.249199937795274,0.9514338326646576,0.3721656065260779,0.0611245784850211,-2.190709135415614,-0.4336368458116525,1.537614702289439,0.5623154751328685,0.0979846508945696,0.4017693901728266,0.3523406684589152,1.0579930441680458,0.7725826602565716,0.718116028857169,0.8844034250962102,-1.034159107282267,-0.7678493760704579,-2.5957929079188573,-2.0387351543907783,1.7083933641050022,-1.0106975633148263,0.9168407908858552,-0.3187743574523959,-0.3005693310767461,1.1682900665440208,0.2923555239755737,-0.6597536336932408,1.224947292710116,-0.0899524721376019,0.9573582402010984,1.277004160388471
TCGA-XF-A9SH,-0.4334584677705425,-0.1696443778795926,-0.1371525516221523,-0.2938296193927574,-0.5636230742608805,-0.1385065293247168,-0.8917070164043904,-0.854226998535674,-1.6744235344036584,-0.4318242262939643,1.2026324120489622,0.0600854606199932,1.2894657839893158,-1.6559462334790056,-0.8608474948008978,-0.9784396145712428,-0.7413603087462629,-0.7161456385598031,-0.8789825801227088,-0.5576419416282513,-1.0261623647719589,-0.8289922970080472,-0.4587906725184969,-0.5628155660270207,-1.3292550765572897,-0.8230185504327322,-0.918094638400576,-0.0587495385551484,0.7861880448384118,0.6528752935943888,0.0877297273492761,-1.0136424516226163,0.7096664642378936,-0.7827362227070338,-0.5048766636175517,-0.497728565449723,-0.2540885873577411,-1.220010769410086,0.1913740660527644,1.2012518335180342
TCGA-XF-A8HC,-1.6173847011052342,-1.811592147382584,-2.0753901388684235,-1.9439654564828197,-1.4184343874704222,1.0214669100107268,-1.796039414793324,1.5119350314290616,0.9698893913741722,-1.9383126836640312,-1.2688648717738304,-0.4214730328069462,2.042941196348604,0.1739935807413474,-1.322399549468568,-1.817639562489853,-2.0474856068393645,-1.5875203503639352,-1.2964379995442905,-1.761606343242181,-1.219299269271983,-1.5139611072807884,-0.994540181917002,-1.9565528028912684,-0.6467816605610898,-1.2246829072752128,0.4247545917035486,-0.2538944700001652,-3.0991605620221674,1.3131888580456328,-0.1996195652663399,-0.5864541018279696,-0.9538032283057464,-1.8119015638918707,-1.267113829795532,-0.9319138946512502,-1.98606279179038,0.9931537907606232,-2.470020097740974,0.9451626032424478
TCGA-K4-A5RI,-0.3993535158824975,0.7413906762247663,0.0962706012919866,0.2307174272343637,0.2036039058792391,-0.2378959652516831,0.4125540700525093,0.4082243695254607,0.7578437080393765,0.2149764146016751,0.3143420379475045,0.8183633951227367,2.036304371204882,0.7647438733267897,1.3908630620436035,-0.332425877602595,0.0757183050930642,-0.0426342222948592,-0.1264139585348172,-0.2848584192484764,-0.2030994596770317,-0.2726522124017639,0.4010725940835863,-0.1661269870047005,0.4160897938487823,0.9266299270165516,0.9192916964429056,0.4591571928663837,0.4273686097065275,1.2292156475950504,0.1543736848198529,-0.0805494476628597,2.390326910402688,-0.1567276293796732,-0.366064540983146,-0.8941164304226032,0.2836874131596593,-0.0331966491029056,0.8233781728315523,1.8266978625649697
TCGA-BT-A20W,-0.1051519860436329,0.0774684531281268,0.4842510975411543,-0.2839785857421498,-0.0465028593896616,0.1386355402810042,-0.5267971233802428,-0.118188997189077,0.5432711919595734,-0.2034014235169163,0.1585093204380546,-0.1310797111078553,0.4627617553069402,0.594518858486948,-1.1283640917333086,0.3510813000612127,-0.359638984593303,0.3346541522341048,-0.0572535604470098,-0.2565580406132162,-0.3807707452445891,-0.2216171274103548,-0.3786219693630432,-0.1735875441167327,1.031679761201076,0.1523288524458866,0.7132291898544328,0.9810721721152754,1.058040884078815,0.2066886716645479,-0.4824335140317013,0.2557993039612842,-0.7661854646675094,0.8110871625221656,0.0469391040991441,0.5659158688042981,0.1210090499985343,0.6787121019692756,1.0710846240784744,0.1345773070214835
TCGA-CU-A3YL,-0.7906284030778589,-1.2052418924996269,-0.3119540578258695,-0.5871384512516489,-1.32895850640438,-0.7425612954344325,-1.0945038136122034,-0.8535676087611092,-0.9179978399372588,-0.718009657740507,0.4780237404036409,-0.1133678453758236,-1.3938297229436731,-0.8642502176763455,-1.7700277843587384,0.2620903048009166,-1.1830979106806163,-0.9966965035746558,-0.5440902680783389,-0.9495398633222502,-0.5955778675487805,-0.7155475196038272,-0.2111246920125973,-1.0208259085241096,-0.3551420291018564,-1.9319822032644856,-2.2793067661971174,-1.027435594279119,-0.3511280138570566,-1.6755674066637534,-0.3498479759252016,0.2194729619275438,-1.4258875403844693,-0.4588625946325284,-0.7639033565396584,-1.9371519594542876,-0.260162853360886,-1.4202848197050293,0.6960849791020381,-0.4100921208038124
TCGA-DK-A1AD,-0.4845223907250782,-0.4633822328895559,-0.578494014149871,-0.7778662272703649,-1.0436729573347188,-0.9118354763907208,-0.539601956100749,-0.1663113902566555,0.1380336699141128,-0.4071109564563907,-0.8001212556586287,-0.8989480504343795,0.7498714624250136,0.020254765046317,-0.6695450170620174,-1.050597884237108,-1.660933571350883,-0.7195814180233556,-0.4541831226128168,-0.7291901053443662,-0.1480324864119428,-0.2922686801216385,-0.0240879717972764,-0.7753526143785694,-0.1791234417510131,-0.5661344601457472,0.3304999129118349,0.6585126430894875,1.0743980708229417,0.262244253039826,-0.7817655785649331,0.0164106151848966,-0.6896463751250503,-0.8741591759005726,-1.086303011269344,0.4458054379749311,-0.3961367367779463,-1.372135554218568,-0.4970240628424248,0.5123802385725916
TCGA-XF-A9T8,1.4121336481296285,0.4892523171832551,0.8159425968311261,0.5467525038009888,1.207581529112175,0.1807041507652597,1.674814852234058,0.2324777439987302,0.5826359410784531,0.5541958721473481,0.0325428328673775,0.256117922829276,-0.0302372576874739,0.7629380639293379,1.6074080439527052,0.7174748882574382,1.5943515804746842,1.0269264227314316,1.4153061534179363,1.6987450129588717,1.2690637592852076,1.398303155563868,0.8079300093348296,1.1792335787123691,0.480427174620371,1.473927655701858,0.7388006036275103,-0.1371330671718293,0.041139488536796,0.6134633814868677,1.450325921254342,1.1982463902194629,1.226410374627276,0.8547664037244348,1.3643037235388311,0.4483552255018587,0.1061085436654557,0.9514130671111608,-0.3095927843708572,-0.5412018336405738
TCGA-C4-A0F6,-0.4974579270507882,0.8315950425334059,0.1138820432632212,-0.2526453221433137,-0.6088614456317463,-0.0347925681253957,-0.3449660444796834,-0.531751213564987,0.3710270330195077,0.0938284566381726,0.3066776551391709,0.1276448935853631,1.592748894892833,0.4594997265297779,0.5827904745877216,-0.6008755318353535,-0.4909775339744706,-0.4980518275086581,-0.7115668200410448,-0.6282660767844996,-1.3077987305297785,-0.9407956510351012,0.6321752095877734,-0.6766890438782566,0.3444072771647418,0.6638581231875536,0.4867695353136786,0.4669702716324407,0.4782441909690345,0.6500804902727487,-0.390345358609887,-0.1817637202156584,-0.9350963168210984,0.3143610947680856,-0.75921592225447,-0.1861761267414012,0.4540453344436632,-0.4941370518896769,0.1782188580015606,0.0359622218456551
TCGA-DK-AA6U,-1.0398694665614032,-0.3145958908960397,-1.3148097210990366,-1.4015066119120936,-1.561221606094774,0.3918376544396122,-1.0818721595979588,0.5868787242662936,0.9640468274059756,-1.205362083246452,-0.3309020567682266,-0.6031371696717996,0.7261033020613296,0.9440194196416364,-0.9251815126223132,-1.01451951881267,-2.335942136048916,-0.7057527070364013,-0.8185743002681437,-1.1011223376399046,0.125318641396025,-0.4133433149454649,-0.4295735770360374,-1.0995217396226549,1.145519934059685,-0.1061347167480601,0.8218243293158239,0.889820100194122,-0.1484142982072383,0.0057965117711424,-1.48105861349889,-0.4351194259068859,0.2111161374289188,-0.9689670976508138,-1.4843396846048458,0.6652588872176156,-1.099628218703445,-1.2863457068647826,-0.9229497641336604,0.1943792506839529
TCGA-CF-A9FM,-0.3303935415729062,-0.7466478716780701,-0.3456972535745956,-0.7498259908170627,0.0293976295720629,-1.615567600356076,-0.2327750752928943,-0.8592781661984886,-2.3737555296722643,-1.1000257940177516,-0.0866420755581378,-0.3212493435510007,-0.1958557382346531,-2.3688164672006744,-1.1264931192654464,-0.9028550472266312,-0.4499253803853619,-0.644295649326823,-0.115242130573743,-0.1388184496916238,0.0092286435249464,-0.0766993963818071,-0.4432062772980833,-0.0108225129283227,-1.8435701187327505,-1.9404847349616647,-1.6935080589824,-1.3767078191604132,0.3354284886186299,0.445731157835378,0.8342504490344833,0.0642331956217972,0.4822446909200271,0.6237490261771238,0.3514002228862176,-1.409616361825487,-0.4586161478727266,-0.6324192113544651,-0.2811812799463702,-0.141000908498023
TCGA-E7-A7DU,-0.9504618470238604,-0.7254872029977212,-1.2031346307034527,-0.990398259620986,-0.6355433976603627,0.8855276627850258,-1.2343786335970537,0.3426932083725856,-0.6410236457230476,-1.1005957498468106,-0.0308776702181994,0.0993197367976468,-0.4842534670428653,-0.8123415469318392,-0.6267262287893085,-1.0078048863609623,-0.7383895171284778,-1.1168587821292852,-0.9365702555707958,-1.2741163814790368,0.0758529422198778,-0.372539362663758,-0.3561689518296344,-0.9333556922014938,-1.3257976544684529,-1.0537773212393844,-0.5788395204655197,0.3940198283537408,-0.283752490852235,0.355598349087894,-0.3056968632283557,-1.4382646315986969,0.0306609901229567,-0.4173984927053001,-0.8144628941232184,-0.7714395290869458,-0.8144584367150411,-0.9796756447154626,-1.0127571411372909,-0.5339530088399616
TCGA-UY-A9PA,0.4948584276425372,1.016140478803535,-0.6123730623155466,-0.3435425440731597,1.1768508733805394,-0.8912940496684332,0.9211694118384652,-1.4267800401399295,-1.01137212364318,-0.6652549721949723,1.9091185456891344,1.4186156378918384,-0.1285101671415887,-0.7786242680291895,0.7253909000863379,0.7147516318196772,1.3732766989317706,0.8493970638153846,0.5909460668403518,0.784878556872649,2.185429517723341,1.6482651888959725,1.1652808548720948,0.8336878729481071,0.073192807756246,-0.825012875311059,-0.9562517392082256,-0.7025209344409287,1.15941545845743,-0.5408227103005768,1.5291174503537666,1.3285943884865206,-0.126718207224176,2.1122956845489123,1.683851333325262,-0.8848314406393588,0.4312207820423953,0.5282970625175091,0.4630140912765206,0.0465018647378281
TCGA-FD-A3SJ,-0.6441795363550482,-0.8357851013048623,-0.0175219832089144,-0.0898841231039174,-1.3149356810856208,0.3663693326323642,-0.9842402171924726,0.6122046424813302,0.3989653603075322,0.0900880833172358,-0.4466273049381967,-0.2561326286132484,0.8105372099560767,0.4565344485429485,-0.7475454625648196,-0.4041420635285709,-1.418522109105914,-0.5930567687240339,-0.8041233429453772,-1.1071367239089351,-0.5235142028542364,-0.6738722423852226,-0.244115317188423,-0.8555599524904491,0.7396839351434588,0.1881481900728816,0.2787250795631809,0.760692580517548,-0.2424958278264508,0.6546196791033086,-1.8868714923503451,-1.6797496648926211,-0.0442289008402276,-0.8643856563079387,-1.50612745489039,0.2086995191591267,0.0643345357523212,-0.1302601648038273,-0.4101478781229198,0.0744363110908752
TCGA-CF-A47X,-1.005755776043763,0.1433552543011841,-1.0685405054162789,-1.4916820171848348,-1.810831650539337,-1.7040004060447678,-1.3597396695500297,-0.9321108450122768,-1.7419980322346489,-1.5248228779806334,-0.3252462822993093,-0.9231379685617224,-0.9381898395836492,-1.7667001762870878,-1.3379519600774583,-0.3612075402438405,-1.097128579493564,-1.0531017741871374,-1.015186002995599,-1.1920965256552054,-0.8464784501496266,-0.9782593662563754,-1.4371972380068774,-1.0820772385410489,-1.2214829786902135,-1.7857927850728812,-0.689805868602055,0.3358899653544193,-0.4391248099806159,0.5063252746454431,-0.4919713836259547,-0.3708463735589428,-1.18117749184596,0.2323258653841403,-0.3667567831368102,-0.6217196326899487,-0.7423800834434792,-1.1749618007030895,-0.4397800223410594,-0.9070696437442284
TCGA-GV-A40G,-1.2566391590029904,-0.4089281649978661,-1.6086094267853055,-1.4369096529481398,-1.3971448937954178,0.6923860198892047,-1.3841249660883768,0.7000382768527729,0.7295355131738526,-1.3882277058938186,-0.5143182855700684,0.0708328519413151,0.6209406574199818,0.4340146665637853,-1.2366144510445043,-0.7559054259205821,-1.190615812081418,-1.1912029700668494,-1.0491678030323726,-1.216294227454876,-1.3405860094330462,-1.4056892726289962,-0.5651354938591443,-1.5484448285611192,0.3433413849338273,-0.0835905330535914,0.4347462909808413,0.3530258641326387,-1.3496392342652468,0.2127995024983748,-0.5620654294220797,0.1996302769156807,-0.9470312322456308,-1.71777461431889,-1.1224766011120515,-0.5835958083136294,-1.0148334946428377,0.4705471013992115,-1.688164872318828,-0.1536720993207092
TCGA-2F-A9KO,1.008442753465511,1.869089548538141,-0.2385425733226212,-0.0365827620067102,1.184613207810801,1.2230183167756847,0.9427755099607086,-0.9396667210122888,-0.1442052352034202,0.25506628726295,0.5620670766733968,0.2253453782000414,0.1034223467763681,-0.006767738073167,-0.6877524877398036,0.0388674292886141,0.8560503384927662,0.9752163381333836,1.271245795040624,0.7184988483072967,1.218585537438029,1.4083508462018457,0.1963078098201791,0.8171295139311257,-0.0057962186224118,0.7771809181101681,-0.3100707694935268,0.0475351516395944,1.1184512761731709,-1.0130314523087849,0.8269875410849178,0.9840824966468388,0.984927281294642,1.5077254390505224,1.2317795111078176,0.868044544778756,0.3224516173885242,0.3038294978882393,-0.0253183806489599,0.8624415831673279
TCGA-HQ-A2OF,-1.1686049512893937,0.9115561598535422,-1.7674708587101748,-0.5986253120383274,-1.5695181787566992,0.5238998197992573,-0.805505119553996,-0.9933216740525947,0.5736998352129056,-1.0672053146098603,0.569317521945659,0.9357249997332412,1.383108781948566,0.7423782193401919,-0.002271382252127,-0.4643781137898415,-1.2079597558699011,-1.3847502841257269,-1.2826778413380422,-1.0986977371778015,-1.605439397159169,-1.764782440318904,0.7571056998860144,-0.3303830415600698,1.0032115908199652,0.2678556348051467,0.1866585632502083,0.1258331590476494,0.8238081914357893,-0.724172420301142,-1.469689341049328,-0.2590005965635337,-1.672489491705501,-0.362657820752154,-1.3736297338923356,-0.4094122319572275,-0.031756051024337,-0.1466071264412224,0.1681505922118412,1.4669929396840924
TCGA-DK-AA71,-0.7922614439754349,-0.1358514363882858,-0.393566002786955,-0.7977608238619633,-0.6419540227470869,0.2026714551660133,-0.607038981194068,1.1398042470987475,0.1010469531196795,-0.6661982485115826,0.4766656648717456,0.7999334156241947,1.0914861817323531,0.1606131503816495,0.877363213293121,-0.1489953797713776,-0.4712649893730237,-1.045263093660936,-1.0846514942095349,-0.8669264868451029,-0.3190529288027386,-0.4621867698755306,1.3108071356263726,-0.6897557591223002,-0.394262493469704,0.5048555032553571,0.767809727310741,0.2493419073502425,0.3537805302212444,1.6273109167801718,0.6155361729170807,0.602441134512897,0.6304820987365042,-1.1226135306031049,-1.1206837819940885,0.225474024631317,-1.0027200937071934,-0.1733777079914257,-1.1148486389803072,0.013570777291241
TCGA-UY-A9PH,1.310850714713334,0.2789653681071574,0.6405324038206786,-0.4536129061839521,0.7086097343367378,1.2930917704327252,0.8864997339512422,0.4584541459213286,0.0861255431134188,0.0281154835557729,-0.1873341069096455,0.1725954022623246,0.7025948456190217,-0.0478205303637021,-0.192437360752335,-1.281926276644061,-0.2610530091354824,0.84155274214251,0.9924354322524808,0.9272166956771434,1.4733059440489191,1.5950217139637677,-0.4490477575154477,0.3721853097305548,-0.811647444827075,0.5010605469854768,0.1485210110283923,0.1376495971541749,0.69782221299766,1.048696556463632,0.0750071526318395,0.3194253226585047,0.6653909425742037,-0.378639333748508,0.7475774675616065,0.3498221044525343,-0.6904648326304951,1.3537712840503466,-1.8163603080899997,1.3540250928677078
TCGA-XF-A8HF,-0.4310810933666295,-0.8551912212266091,-0.0013829418845713,-0.5275317857760233,-0.2424755006371711,1.4869776259316845,-0.5422661757647738,1.303538273333952,0.0689194401999498,0.0883125738290025,-0.7438691743546223,-0.6999743947706193,1.263301558591531,-0.1000008049978742,-0.2668266992606193,-0.8076156971233569,-1.2171579714805276,-0.9087191749027864,-0.6855343725264108,-0.6860239622944255,-0.4932116990969734,-0.6235269765551482,-0.4802018349312518,-0.8551990848421166,-1.37793951208667,0.2449763439212138,0.2001360871641221,0.136539805352632,0.2126608269162788,1.9946659284797923,-0.3438882263053171,-1.6173501163593684,1.0859166552683464,-0.7068614849150158,-0.7396888076737892,0.669957492211312,-1.0686106641315525,0.1136810971296506,-0.5223507243391998,1.539228476625174
TCGA-CF-A5UA,-1.0735978299688558,-0.9631440104387998,-1.023314492760089,-0.6011567327433806,-0.9995452671317856,0.1647719399389972,-1.0975064693074807,1.582082585731308,-0.0311507858733506,-1.2036022328288831,-0.2047005472472153,0.2736400249545244,0.5337868115174362,-0.3628622075928912,-0.1470128022126478,-0.7099311404508041,-0.7796746652885208,-1.0782251878704154,-1.3472415885599256,-1.2397609042049904,-0.7048421039811847,-0.9402230562601964,0.1665102370581532,-1.1360112327264722,-1.8168905398469395,-1.0798604732843706,0.3865072987362817,0.630726178369407,-0.1175331875178109,2.295555631617234,-0.1932019011137633,-1.642534044970699,0.1983342347287498,-2.1357441792590066,-1.4012691082819195,-0.8947202610961384,-1.3085111373613567,-0.117386370521892,0.3684651137485624,-0.1588941290416492
TCGA-XF-A9T3,0.5720092581413578,0.0062558906378013,0.8731839313742633,1.6040860038063571,0.726525149694879,-0.2667634663903483,0.548691789166004,0.6665053000112134,0.4285799914255476,1.33820292669013,0.3098247758987982,0.2331121019707759,-0.3972814413131669,0.4162607655924711,0.5605490573845484,1.1426681428848302,0.5601539501572719,0.5069049028226249,0.6741347344034997,0.4875026426940961,1.3179899754941515,1.092325121872356,-1.0645664674395012,1.1808319412551451,0.7817219222434383,0.1674283100863912,0.302809144726882,-0.3563352568103215,-0.4834529504786781,-0.8191698182634863,-0.2588581124795332,-0.4161141872228022,0.5369890765150374,1.0549999442614848,0.5343903380723148,0.1662258720818794,1.298765026126111,0.0525752491699523,0.2742250963611722,0.2551673353741044
TCGA-XF-A9SL,1.1721377715547472,0.4754553755633161,1.081950523012222,1.7376872476251235,0.8226643000778919,0.1330005741608236,0.9056522956139524,-0.4263759433054104,-1.3160310028215343,1.2858104800876615,1.1711946256058312,1.2808971346339315,0.6060481117310365,-1.455564292793363,0.0516184768788128,0.3784192314475691,1.1531735892142867,1.5385238700043284,1.0470877838694297,0.8346374330259203,-0.2393595372976175,0.3013598856569667,-0.2605761124553351,1.5666310022175316,-1.3059156502624878,-0.3608911282651701,-0.9675390461774134,-1.62749087512501,-0.1434005133419196,0.8015548971359517,0.7550213193118962,0.1430970126831614,0.92520753717687,-0.2349150381982497,0.7583644627771046,-0.1820703652560792,1.4430727905579028,1.236079800209292,0.0367535709671863,0.9638649916483862
TCGA-CF-A47W,-1.1813316253058486,-2.785609042477927,-1.40007778820242,-1.0327301609633552,-1.5508125747236043,-0.5898565274404253,-1.58263255242625,1.3220591541839108,-0.944184192060782,-1.4856278243869043,-1.3298993379672166,-1.0131276826276214,0.3868223087828435,-1.1680842386043335,-1.166080949010598,-1.5543458973053157,-1.9536452478237072,-1.5196794052330709,-1.598016667857816,-1.485958988578186,-0.5801526915726068,-1.0129431984292616,-0.4620078568312331,-1.7078725968849364,-2.078627444394852,-1.7943286822637423,-0.1644069672708096,1.1099100797280617,0.1773856952530252,2.040371446063842,-0.4716222810496165,-1.9936110930612871,0.9013273374992882,-1.7046213285284464,-1.6848980399647049,-1.5250206659805126,-1.6057615513827403,-1.5266583967435812,0.2385531136261537,-0.4163659565348331
TCGA-GC-A3RD,-0.7070983228216595,-0.2735156177668901,-0.1405114371345998,-0.5259815990111176,-0.1316902123451086,0.0039721167359992,-0.7027658832314535,-0.1524764133163829,-0.1487668134681429,-0.3716977062850792,0.3692273734523478,-0.2703881995640873,0.1924778225903231,-0.122302441039714,-0.4214460579687756,-1.157682577166194,-0.7242575241199141,-0.5337909469655449,-0.2634132922679933,-0.4144903476423935,-0.5510581685378836,-0.5626117155170168,0.7856280565043833,-0.663785969276782,0.1676905908414582,-0.211508917135222,-0.0742544182945244,0.4774108772801138,-0.6783444714823904,-0.110613385858365,-0.3867967769301734,-0.3065922928263965,-0.3615426869788376,-0.1473946692195719,-0.010972911612198,0.3546433473668338,-0.4383822219990476,0.1385057663984256,-1.2956156366531015,-0.0359587972808137
TCGA-HQ-A5NE,0.2818492357676584,1.1315531285242235,0.9921800536814976,1.0708901213685411,1.3173995516467552,-0.2409938073560557,0.8505660082385204,-0.1853374711916512,0.5925822896613897,0.8755178927756584,1.7913594535453137,1.6007633343288987,-0.4034228247100875,0.5796883392264041,1.1794428993139523,1.3742865811338996,1.117474153494648,1.0229154387039985,0.7034470939429928,1.2080386471405349,0.9039413727901554,0.7148638552485226,1.2563368091607212,1.5943603527383536,1.2129680675696408,0.4129947780978986,0.2686049942642429,-0.0531143548943129,0.3081825927704574,-0.867388469323294,1.7379476282239743,1.2076017700788133,0.0978477116969391,0.8832705524345429,1.9551321821125751,0.3464683750303053,0.559937677249911,1.7411010648445115,0.4390241730863309,0.1722220187939626
TCGA-FD-A3N5,0.0995003009772923,-0.1417712007648665,0.080787509531213,1.152962338463699,0.657202333212759,0.6469825917412629,0.3667084514433906,-0.2066000770872293,1.441882319921555,0.4130810673179671,1.1942715478402408,1.566822815184581,-0.9778399171665656,1.47564591666552,1.0134684697073977,1.29204691176959,1.396707281432253,0.7753316774529267,0.6257121243028336,0.3094810128191427,0.664272230977185,0.4784101679485258,2.371959177772235,-0.0542213564535388,1.849990117271659,0.946198098301286,0.6159346117094149,0.1562925232302049,0.2213128865486744,-1.358312676602465,0.8836080278247759,0.8570733205917072,-0.0976879760508236,0.7649417808776976,0.6167275889263003,-0.3170749851779717,0.0676536613064646,1.105556491833482,0.8721716062184632,-0.8931791106074375
TCGA-E7-A3Y1,-0.9024532035037602,-2.871846913747199,-1.007437188207947,-0.892735094495022,-1.2867284654183515,-2.4690908772022024,-1.4140105916366934,-0.1956290920757122,-1.5179562487549203,-1.02268521939532,-1.088192509667704,-1.073124289534916,-1.0117338035505827,-1.5543839353217388,-2.0934449404695625,-0.8923267198702356,-1.7437749274436778,-1.6369716637540084,-1.3568804036114606,-1.5003713528326663,-0.6240310267612692,-0.9051360985920732,-0.3334987751648299,-1.279879285131358,-1.6420423129434385,-3.0077420666546835,-1.2506376393243153,-0.2672711767325835,0.3152740968180618,0.8086340424231273,-0.3013763791368409,-1.757855942496244,0.1541007341873883,-1.1701594883106328,-1.3902682411325498,-2.6677985093428465,-0.6540635976112861,-1.590550018159872,0.0984786909257227,-1.17502848267737
TCGA-4Z-AA81,0.7675402684496618,-0.1339632918808502,-0.9808119730937548,-0.264163736378908,0.2770013057471907,-1.6201155060379815,0.3513294199228374,1.1390750207304097,0.9162198880250856,-0.9712404284697732,0.5815841669628526,0.519125565811337,-1.2205889149673057,0.7733235922796357,-0.4280081625787618,0.3414550244883753,-1.045509264719168,0.095760294176286,-0.0736503235224019,0.2074748416384708,1.153788196782217,1.0470595360083008,-0.3351886764458506,0.2658971224056154,1.2894151725296563,-0.6329853203494383,0.691761710623779,0.5111517153376447,0.479310432266291,-0.3071565844564909,0.2532871673227455,0.6495898182168288,-0.4758683632967314,-0.211408630589498,-0.0063294793392514,0.0481011119462434,-0.9613583004786576,-0.7653968745893269,-0.806432320694857,-1.4605054588595177
TCGA-G2-A2EC,0.23724912492093,0.6918600245994706,0.7296254433322251,1.2379516683865126,0.7783426355808414,-1.1650407807107857,-0.2608618591526961,-1.435454942402142,-2.019527472971112,0.7056985821291653,0.6188003519462262,-0.2017879379054338,0.8173446322863719,-1.9812554048844329,-0.7954384071734142,0.7614812950585966,-0.4358946948457746,0.3311541262060196,-0.1331881787889953,-0.0850230942609642,-0.4298824545583599,-0.2947950930329703,-0.1444505245135772,0.3490649517413479,-1.1794492318896015,-0.9514714366273616,-1.6869306143585483,-2.339368528172339,1.7665474007614534,-0.8126316055979417,0.0602682295522897,0.3418449440164658,0.143881056858686,1.5358193088141123,-0.7405020963997389,-1.424014186864644,1.4707686692167354,-0.8275826273667006,1.150936276499698,1.4079082079538616
TCGA-K4-A5RJ,2.230538684491485,-0.2989348793524055,0.3371830124378142,-0.9696503751767122,-0.041661990433812,0.6105643409921977,1.7597497881634323,0.8617631651584311,0.9775239905200288,-0.068227433053672,-2.483645597410743,-1.4278976499228897,3.757676829973713,0.7853899039950799,-0.5379743984459298,1.0481662777246188,-0.2029162344311445,0.8234596957549369,2.1854953651252798,1.0651214391272852,1.068830257810363,1.5463411192531016,-1.531164571564855,0.6650518211905032,0.2508818292287651,0.9094699573638246,0.6664133237305013,-0.388858509951528,-0.3430559339872676,2.9927329460086165,-1.5249166607982978,0.2327266185399627,2.313030494170145,-1.4423983083169731,-0.24696717202539,-1.0770361797868735,0.2327886796687802,0.6239720886210022,-0.511138343060656,1.793335867637769
TCGA-CF-A5U8,-1.1897947664339148,-1.5665074975183595,-0.967787380372734,-1.2326236467690364,-1.3346181931852867,-1.6511740810035,-1.4454071489401206,-0.1221152422645647,-1.831267446536475,-1.3308460335740064,-0.5723665339622095,-0.7259237229182085,-0.3951998416642294,-1.9847070689380168,-1.2507770398784162,-1.4665667600318903,-1.6174707680518812,-1.513471515693177,-1.3057855374604508,-1.6177901908586332,-0.7015185832077903,-0.8650617638806553,-1.316490925956781,-1.5432950771891254,-2.144530176564462,-2.1268545341149765,-0.8101925773951555,0.2387304188987054,-0.2377908097328555,1.0686678991132748,-0.6357296982063495,-1.951881406098544,0.0868433894362128,-0.2775063262804688,-1.3707013308878069,-1.317897257240123,-0.8553823523151581,-1.847759079204807,-0.8437765569614442,-0.31609823014598
TCGA-K4-A3WS,0.4803630185517172,0.6543281268178217,1.2157277607978874,1.2182623923903668,0.7031748602427436,0.2446209201913874,0.5584628590978802,-1.273076674125462,-0.6618645546644282,1.451675617868863,-0.1275761220497647,0.1608979303386099,-0.778121104768132,-0.3519316679341165,-0.4170507283751309,0.5428652659161083,0.3653058505487422,0.9528895234223204,0.8433955354713304,0.5963239637199634,0.4375847078124637,0.6782229849409173,-0.4154326900465327,0.9193333470755954,0.0090234928750632,-0.3119106580504031,-0.8056548143707323,-0.5792981456809773,1.2244825018290977,-1.2282659861293397,-0.1892299095893563,-0.1043953230268058,0.0544448475109681,1.052204004633157,0.4513134782321906,0.0623564830964757,1.3397554283808917,0.1038152047222892,0.0717319722619721,0.6171577769349953
TCGA-XF-A9SW,0.2666446872346512,1.0172658731884114,1.982659187722616,1.688660478940677,0.7211661430035746,-0.68291501279431,0.9515053989725408,-0.470782601574388,-0.8576574703642765,1.6843891488540026,0.3423314649819144,0.3781492457405039,0.2535377535497554,-0.957288720131586,0.7265988786760482,0.984122393601661,1.929392766628907,1.3925521628940682,0.6501289720644061,0.6547853242357746,0.2744187590824679,0.5545857423883029,-0.1405995061708408,1.3909436853566297,-0.506789834984528,-0.205422388910867,-0.4419539622907099,-2.127263468007768,0.3150135797347155,0.8942207013168566,-0.1887985030461363,-0.6782211733668942,0.6998653341586086,0.5665649371709989,0.4996083127921833,-0.0231558820192002,2.2921747486342667,0.994837485862048,0.0363568409790709,0.5029130357899935
TCGA-DK-AA6W,-0.6849641685250247,-1.0736249335206816,-0.3014876073702816,-0.5437162518419177,-1.6451112091289075,0.1746587205101669,-1.7309597586352894,0.4950969629805329,1.4060792862148572,-0.6478297238009664,-1.4079815182957534,-1.0294004616128658,-1.657289668851104,1.5947413212372057,0.4586214620780308,3.051134354946611,-0.7347389653838321,-0.885661966322452,-1.27015009119912,-1.0871229156428557,-1.2983355642420058,-1.479122855067296,1.4521207732850152,-0.7271513774998846,1.526052927761751,1.0363965907001105,1.2618239215879052,1.0111945482206954,-0.502578185383769,-0.7525662273148411,-2.36853067541291,-0.6439038787862353,-2.774195977881772,-1.546911494975051,-1.9928438825807744,0.9574165938809632,-0.5461607662529642,-1.0548356517185866,2.3367009798934197,-2.445130395856425
TCGA-DK-A3IS,-0.7076619295012868,-0.1716156009781434,-1.7114795901952389,-1.2871746997988178,-0.6800896144248737,0.6256489973445312,-0.8150253317451774,0.5689717800352319,0.816724006310418,-1.3902874258643871,0.0473977618620417,0.2792759517575523,0.0145893707023058,0.8907350139752512,-0.0227577862790337,-0.5797503463995355,-1.2165196830893446,-1.0934433493053208,-0.743502650122891,-1.1874651888150265,-0.0996202850851624,-0.3351943385931964,-0.1357591635687,-1.3809536105571985,0.0989484075811366,-0.002956025698193,0.7562879466074293,0.6638564728210035,-0.799047688059,0.6924150479295347,-1.00121819102657,0.4896070679405028,0.4573271570062668,-0.4715096182238343,-1.164510251385842,0.3904485861546971,-0.5770405709302414,-0.8182140125273458,-0.874808492034638,-0.7195713877071135
TCGA-GV-A3QG,2.0511227246431742,1.3671846684657392,1.5999557532054318,1.0658925051480992,1.1047727395375937,1.24603939847859,2.076841270381987,-0.8379797541140147,0.1530772348723749,1.329213481631185,0.0319558389137872,-0.0962674920556401,0.4479004485522425,0.3121893428420534,0.2229857699831797,1.1804695610855864,1.1084539570478742,2.088876625632599,1.8147689363049784,1.6120957785487056,1.320157602093788,1.5990354218071257,-0.91217624379479,1.924928071283005,0.9985620234317932,0.7460718028384429,-0.1084027196791123,-1.0961498987980027,0.2540515894760944,-1.4201052606418694,-0.6699168331677852,1.6837954062727991,0.6855774277961126,0.4756684302867136,0.8466683350276657,0.2467150835083183,1.3109527643545398,0.3768958223038057,0.8692351209664978,0.6101469795049236
TCGA-G2-A2EO,0.8043296642321088,0.7830666795685358,0.6638968369043303,-0.1578710027814851,0.9069107992123312,2.909143061894438,0.3482542167717231,1.5867053974575318,0.6141499350033287,0.9170767758709534,-0.4858973841738126,0.4506620420325898,1.385520517852796,0.3908229437381303,1.9054531275636424,-0.7562028418430411,1.613904648267679,0.7705061905383951,0.400528994323943,0.4065160289447013,-0.0993140975021526,0.2543965785438029,-1.5830079293117845,0.576227718741686,-1.004058090932049,2.565135170735179,1.4407304785401012,1.1601376099440892,-0.2038093110112407,2.391161181284308,0.6854514057847749,1.4723846537712564,0.9460471644603052,0.2917537886357738,0.4807540000935215,2.7191146309913723,0.1334409837964836,1.713601107092633,-0.3424299250780715,1.05324840779262
TCGA-XF-A9T0,-0.2570856104555081,-0.5593821478881381,0.727848823419338,-0.3708222548230601,-0.4749348448028855,0.0685697861370327,-0.8130807537208691,0.7488791193439099,0.2286642445510743,0.1412169666908857,-0.9751209003607813,-1.1401532699040056,-0.6447716884275729,0.1815810820582656,0.4722831063771118,-0.8889662407930811,0.5915619754742708,-0.3546385231260219,-0.3530993862027749,-0.4441416487427727,-1.728485637372063,-1.15201915621784,-1.299780694016183,-0.5676732211388453,-0.1841358326893812,0.4384524704084356,0.6042648505844038,1.2008068878120808,-0.0525871991001139,0.5170383207527328,-0.9059407310137828,-0.829004876811815,0.1979330325074663,-0.3777498660360213,-0.5404135450830724,1.5745886198972667,-0.5597355440734783,-0.0926379259787849,-0.4166047281405848,0.1532720909137231
TCGA-FD-A5BU,0.8562648613014169,0.1011350284371448,0.900743186948098,1.4517565716536207,1.089257778757638,0.2337496650295548,1.0906979475450935,-0.3302804181094866,-0.2294129782195702,1.1413203432617054,0.5618445819312907,0.7729216715607818,-0.4302409271091689,0.0903571477774819,0.7156787528103461,0.7074221436039134,0.6238275625048096,0.6860850348244103,1.1668276200101777,1.1345745699652516,0.8626005123482761,0.8884770393498002,1.1921520168687414,0.8515847490752596,0.201308491454961,0.8943456721467247,0.1651070045606049,0.3150109856623838,1.4236832894077387,-0.4481207976109439,1.6609733266633322,0.3623679824967222,2.607779464191325,0.8127029661113193,0.9480324448219516,0.53385176397224,0.7439727153695362,0.3023397756624744,1.4145623073681497,0.8911780651032478
TCGA-GV-A3JX,0.2263599850887616,0.7151577599457185,-0.513180305132837,-0.3276187970174977,-0.1691530006126347,0.8619315801380412,0.6408154124055858,-0.5333494769768187,0.7657579431960014,-0.6874142873877321,1.098223033199995,1.7849795802907231,0.7006952374284465,0.8241342309487082,1.1196962830630413,1.5517979098271346,-0.0717861553034878,0.3129339138028961,0.4557088484111536,0.0598465810520164,1.3909290269644434,0.8471851791262471,1.3158210933105647,0.1832245022149544,1.3558287156729232,0.5789744121556218,-0.3359348350928623,-1.148111346930913,-0.083329225475989,-1.136384066007632,-0.505841325119176,1.429910436670873,-1.0879482171128527,0.2003773268083248,-0.1059962074628031,-0.5840896186174123,-0.0679337015745057,1.06137339655033,2.330591302025036,0.797186635559867
TCGA-FD-A62S,0.8418116123873246,0.2506581271757191,1.5533094272959451,1.747169575700855,0.8955265223387501,0.0788492892608474,1.0541784049593816,-0.3308962312774037,0.4249712901402955,1.7301491913646996,0.2907922953847657,0.2701643466813987,-1.1813337305076093,0.6617978167946705,0.1237828801735521,1.450771025639175,0.6890697802804413,0.8949450061316929,0.9035625489294624,1.1722155018918008,0.9710093355365556,0.9267165613864756,0.1166585476307026,1.2598568805087806,1.4307361344186411,0.3530008641336445,-0.0143720914984721,-0.0622829540448024,1.9462459195318265,-1.975238734810567,0.1666078350205802,0.5863469200519511,-1.1073125145212117,1.2241933117785526,0.7666478944263496,0.303079594736812,1.311760333248696,-0.0302220378690306,1.5970116245705137,-0.7669552272151482
TCGA-BT-A2LB,0.2317375971890919,0.2704438401273848,0.7156383548832631,0.6799227031237333,1.0981554337605142,-0.1191369764232285,0.455588018170041,-0.0371634592579137,-0.258343349152481,0.8518952300582893,-0.1524430603566454,-0.0312604064524014,0.510648681026808,-0.1884445880607834,0.6185752694625023,-0.9857928148181724,0.7862400059199646,0.6822619236934999,0.3861051078824916,0.7359083766200086,1.129068836307363,0.848392163131852,0.4553745552035166,0.6254347199061983,-0.0097754994375019,-0.1392501494626459,0.0215192173455645,0.6394817294807658,0.5701229610174536,-0.156131557912456,0.5717512024988618,-0.34429809506877,-0.0666841131669024,0.516304583227059,0.7146723121206564,-0.2934339531470266,0.5734882623531528,0.7160092586240192,-0.0917227239327592,0.3973472225943893
TCGA-FD-A6TI,-0.393903007421271,1.6921090684289857,0.3579118847366979,-0.2780978937164089,0.6364911203907566,1.1777634454171586,0.133658413180484,-1.1204306169539635,-1.944026083633128,-0.0273513120081924,2.131914634169984,1.4211824405113864,1.996489013117752,-2.0525174095677894,0.8174674090367534,-0.7296503853552639,1.5366226045102087,0.0319787155043975,-0.0491110683860213,0.0181516602910433,-0.2635230344418608,-0.0247305679652921,1.1490062859954184,-0.0246880946976927,-1.7470923957875768,-0.0144578577369284,-1.7422896556452976,-1.0898867249341304,-0.80690042111325,2.6146639935232594,1.3515850340044644,-0.6380465281101909,0.1016871190565742,0.4440252942833319,1.0957874173193076,-0.7773252908941564,1.074354327916835,0.35181272690609,0.0306661631759731,1.767214063148313
TCGA-XF-AAMJ,0.0077851153016982,0.2229056733712182,1.3339349243546097,1.2657235822563544,0.0093615988992497,0.0465427010329685,0.0722083585722316,-0.9605553420061844,-1.1823682655051098,1.7367220896714328,0.4218509337944149,-0.4056281927547125,0.3620181110527866,-0.9580822022903862,0.3764120612746336,1.4673284281538492,0.4250066830722253,0.6198997275544429,0.1178910427133884,0.3315144831514079,0.1382566330715008,0.1497508573446604,-1.202569679854053,0.5037992488147036,-0.4510556794338724,-0.1005056124551681,-0.8829258270025482,-0.400832441008545,2.634814196347429,-0.8509146013939952,-0.1543456511369026,-1.077821584652307,0.4102942283291802,1.0129741816911533,0.2005001181634966,0.375321160939279,1.3194166963740566,0.3171734465002057,1.4169724604235387,1.401641988353405
TCGA-XF-A9SZ,0.1621577157350384,-1.048482206098342,0.7608658353559832,0.6698463168942748,-0.0342164727319931,0.1313363788347233,0.2485344061303105,0.0867992254449444,-0.2868645440664169,1.0102217366125246,0.1161862355826947,-0.0805565411522505,0.2407405610662398,-0.5157430814138546,1.408407758050442,-0.1160562469989498,0.622107162162108,0.0995254505556646,0.2774335908706913,0.4103612843101319,-0.9087886696897652,-0.4657206701826784,-0.4460865368474491,0.4866676073463365,-0.8077738394572633,0.4795420180838126,-0.3802559125827446,-0.5277508429283718,-0.239691583978374,0.1718559864419922,0.2614590324032959,-0.1296231599726874,0.727360215227157,-0.6422741689968108,0.3997329443753769,1.805009996606918,-0.4507478234222954,1.9458545964540483,-2.140000526102984,1.234925991134331
TCGA-CF-A9FL,-0.7562618376823153,0.6360359986822977,0.4787734085849581,0.1798230895596268,-0.3573656267085242,1.1644330151225073,-0.4629857927091551,-0.5852453290568079,-0.6321324981057043,0.532385337653519,-0.5924789849670583,-0.6683502930023406,-0.2338576673077257,-0.4720185874839789,0.5498042081775348,-0.5649804892707487,-0.254118009726944,-0.2452031155609044,-0.8375336313489761,-0.7563242350180717,-0.6542186017503772,-0.6908466539513306,-0.3597779761398857,-0.1200654177491579,-0.317532769335043,-0.3030035018824871,-0.3361969001567623,-0.7692493654255452,1.4594812053510544,-0.2475355115753025,-0.3242437342679271,-0.4583369483329056,0.0526547604732595,0.8537271392948598,-0.7803379999578393,-0.9329182696908672,0.6663852289284281,-1.1875853590276562,0.0308493044006781,-0.5319246755332174
TCGA-ZF-A9RD,1.6337984806317452,0.4075883742358619,0.5400119817532125,0.9325244401890088,1.425053194702146,-0.6057339888783447,1.7907057514599438,1.0791348844266553,0.6489412867245011,0.610381951683411,0.1806608492197163,1.2062859407547653,0.4598061050865059,0.7447320022913481,1.059729116222304,-0.0378249326000936,0.7348209961828827,1.2038951228651318,1.3801096782818294,1.5783484401952756,1.4288439604905794,1.5203823904439835,2.545448308867755,1.1706941791897687,0.0338169794732767,1.3454126433625928,1.112714065575047,0.3499935544562713,-0.2173763329230704,1.1751290854057694,2.00120171234633,0.0241947838898069,2.549604925094585,0.0535893348255652,1.577155560746415,0.0787256647093689,0.042228364423747,0.8297474770471439,0.3028955265811863,1.2818391510278049
TCGA-GD-A3OS,-0.4196701293313278,-0.537329116200154,0.3426877458377106,1.0614279607562234,-0.3828379726225195,-0.8003265907879554,-0.2771060264021212,0.5332796783543493,0.5236171972968486,1.3339729029069731,-1.1751822729543244,-1.9536704525355872,-2.300043621809795,0.771562605600608,1.1375839189751402,2.313711193121127,1.0233284106233071,-0.9200645230091744,-0.1786315102142996,-0.4749585956361591,-0.3759037149085784,-0.4675542615956884,1.7404320943832887,-0.6085456669922821,1.4784739690592503,-0.2856266828869773,0.1219170769993858,0.0202672518093254,-0.6537055495902591,-1.745017928243838,-1.557065063016447,-3.330036084664128,-1.1344360219141632,0.6945337018682499,-0.5885885500661299,0.5657391774906435,0.7768080452169325,0.593759170427048,0.5392295115303273,-1.3656775545746085
TCGA-K4-A54R,0.8951246878837295,0.1565361456790197,0.5753778374730001,0.5270790511918343,0.7738678322644162,1.0942436606291157,0.86589341772903,0.2994293237061419,0.587684741524659,0.6600207303072748,-0.0636937528115272,0.7040507828245289,0.5919139323732798,0.4235570075284365,-0.1105095273033162,-1.0864717133495192,0.5777100614428426,0.8813772413977434,0.4600237194744582,0.6515881438257837,1.0685975206540383,1.087405786047572,-0.2959701049147534,0.1076854562337425,0.2146915299899451,0.7787398919232065,0.7020590922133895,0.3924093702923349,-0.937488384270369,-0.1279556263526892,0.528824447942678,0.8197590455320388,-0.5515161793379714,-0.1211166613904062,0.521190210733527,1.4133735660362068,-0.6329143772014161,1.714260889442642,-0.9034886159306748,1.1321849821042274
TCGA-FT-A3EE,-0.3491068460291577,1.478695293732541,0.6794400945154566,0.135641161530742,-0.2707006862517614,-0.7074972291825438,-0.2877464025794954,-0.8311919857597594,-0.5628121707370173,0.1716921504021543,1.3477911716531408,0.7365308941308449,0.0117121262937352,-0.5014340457096657,0.7380711609188007,1.220868257100579,0.3449481802065432,-0.2023030405325263,-0.5447418500030082,0.2626164020190854,-1.0961595027581286,-0.946626643502108,-0.4338389806655503,0.6315903544815603,0.1375283686044278,0.5688958490287335,0.2242190608042911,0.8991311688225855,0.9588811445271684,0.3945492979594169,1.1547234868179157,0.2069598542103387,-0.5542376609047566,1.2014507208272882,0.4035060662300724,1.2523684900213956,0.4452618296644803,-0.3947887440052024,0.6474793163129033,-0.722890652637439
TCGA-FD-A43P,1.2130656267593902,-0.1711309057550286,-0.538704909563775,-0.6212941630897617,0.0450208461811055,0.7735253640164687,0.5114343289072217,0.1924607510112798,1.1238218032890226,-0.1195165326418361,-0.4756572862520142,-0.899352661618725,-0.7898077012139013,1.1545211835077318,-1.0343066154245129,-0.161934930955083,-0.6606139717925734,0.5514724112679957,0.5093600560868731,0.4574841957493193,0.8067460828583547,1.026973415404876,0.264557711850965,0.0900220459172784,1.2924372031649607,0.889698612325611,0.5078814328229083,-0.0411668348595249,-0.0384094766373516,-0.6362650526704671,-0.8148950871762161,0.8414912111389671,0.0525527989318779,-0.9966990330463508,-0.0196255980370861,0.649885021145705,-0.3716396626450511,-0.1384617902605354,-0.3443526404706644,-0.5992804580221052
TCGA-XF-A9SJ,0.7672143274783058,-0.4647639311135155,0.5099598062739917,1.1709324835421064,0.520616148777325,2.284941097909016,0.7823639940438278,1.429335017176318,0.3388074441614181,0.8336406306427495,0.6425181356047344,1.2620550300840123,1.4154898112616607,-0.0628736514846698,2.2253340310409357,0.3941599903941535,0.7414610530823748,0.6291646423631867,0.7603817392161583,0.5564870247495047,0.5934482233399179,0.7466015592788308,-0.3378684232813825,0.7116320339427481,-0.4417968634470304,0.7903663408075935,0.0179618486935597,-0.0542639413450745,-0.1538942361541438,1.296568579448288,1.5649221187112718,-0.2253338447959818,0.6262297214719867,-0.4024381436370253,0.2916238250929771,-0.1495096997391576,-0.527500267191306,0.6315095659429993,-0.3685362234604073,1.344896490312702
TCGA-K4-A5RH,2.063715747278182,0.2910438781560732,0.5431765740740436,0.292757937507653,1.3741232814266635,-1.2057581304201714,1.4061472284523155,0.2848114803676617,0.8677838119437351,1.206069998898563,-1.784078054443286,-2.1753936645068297,-1.4439007848015704,0.8639759921167237,-0.5057331194838627,0.98434977528998,0.5342393979299859,1.9968332397488675,1.6947004302669235,1.718405763638763,1.21583685941785,1.7210114851136264,-1.5191110883252004,1.1420522030920637,1.2902363481670125,0.3703387172168773,0.5833989043625873,-0.4965763350766114,-1.1934366328855055,-0.5919558999050908,-0.8832191567697226,0.0497671606127939,0.2882366609117421,0.5579720171707934,0.983050077449969,0.8417353465072689,1.053248405441403,1.296774558477974,0.6726362958647998,-0.5386744927263752
TCGA-R3-A69X,0.5664429777166021,1.2614858532721007,0.7763684216998944,1.356234089255677,0.5120247870645028,1.465869720780436,0.448967107024875,-1.0897063748127984,-0.2867288188307304,0.7609539859326122,1.5402267377203709,1.3223101133047688,0.5429564810410232,-0.0284580195888054,1.0756447179958113,0.5731428630032745,0.1775387809912094,0.4666195833900317,0.9098122378388682,0.4544410447226246,-0.0320686843909701,0.1782310134516254,-0.399760455044421,1.0348358343336206,0.7932037981357104,1.2079412290122138,-0.9610989237594122,-0.7573193596713439,1.3085849123162143,-0.5669239652251344,0.3015533363460565,1.7428712068814407,1.0629911667091665,0.2331665043865054,-0.1680163261041004,-0.6119738273851999,0.9699407305287118,0.8558531274825621,0.1469414785349584,1.1720782639318374
TCGA-UY-A78K,1.1249592418185503,0.1359651151557585,-0.9587906775946836,-0.9277220122688404,0.0341104864332956,0.5673160961208293,0.3179208894863952,1.5708567428929796,0.8376712025361371,-0.6260776762533259,0.1007391972330689,0.5924807455307308,1.3229449789323555,0.7272822529678914,-0.6835455471561537,-0.6307549216583827,-1.268407679665232,0.64317471255864,0.314580577556133,0.0635453795289146,0.4976265406538704,0.6339034308369084,-0.8369993601225156,0.0186153709748033,0.6816884586705223,0.4748747236036502,0.6556683661983885,-0.017688642917053,-1.068936450485003,0.9832945546683924,-1.1765984461291457,0.6213008497722686,0.1873378997216022,-1.478996677947478,-0.6867767100736321,-0.6798589065732592,-0.5030349513109789,0.2014059194851274,-2.207459305540911,0.6794721919658666
TCGA-CU-A3QU,-0.7901704658617754,1.2772802237619687,-1.5023616831331548,-1.7979585817152917,-0.97836449995319,-5.620239702738445e-05,-0.8881646767708272,0.1888188720100113,0.7918423656560231,-1.681917631120163,-0.3647087881892477,-0.1667059906938271,1.6321028095593877,0.3497512585461803,-0.1971653578022405,-1.3717932462234248,-0.9576597369083728,-0.2259110202683165,-0.7509736166502142,-0.719857999378241,-1.0940340781480986,-0.9855256847216228,-1.829136618933897,-1.1158457787679632,0.3688875974823776,0.0171092784339375,0.1250022276941645,0.1612888744085911,-2.0574407280785194,0.0066407511898866,-1.2545379961210446,-0.4180655805048237,-0.440704574109311,-1.1404604416448412,0.0671587905661049,0.3227795112893979,-0.8564896385352675,0.9226382023860088,-2.695052218999144,0.73255918268748
TCGA-FD-A3B8,2.347166663162627,1.3927673365966906,1.6838686091576958,2.082644952505675,1.8561120453444109,-0.7703645042212437,2.3510510110807625,-1.8200338643516387,-0.1435812626677134,1.8406066939948384,-0.2458353317843347,0.0286563799697909,-0.9036368970738172,0.1869370461292057,-0.3159553287184199,0.9255484534105756,1.4913180525272784,2.409159702494278,2.8397057402376387,2.619026193029174,1.6310267159401293,2.125663553014493,-0.0205584792506834,2.381805879723341,1.2780366970008472,0.52462501236012,-0.6758196676542965,-1.2788088765345904,0.1736450142016888,-1.5689572406326475,0.614592194482112,2.1166196331939977,0.6705363831944235,1.6425439233900658,2.0515784934968453,0.4042487332058844,2.364317963204296,0.6201228226783276,1.0456786179012163,0.1065357739933914
TCGA-DK-A3IV,0.6853340297230366,0.8322132899799685,-1.9135625935397096,-0.8952949248579218,-0.2914196594720181,-0.0843312435480909,0.2330524884380944,-0.6915419178343305,0.5375475239100125,-1.777524975089213,0.0984347267733675,0.399104583287814,-0.8061878069140571,0.5564819289047841,-1.2291381700630402,-1.3941971504954227,-1.3451501542831246,0.1057461867135245,0.341175434727951,0.2359821051499159,1.6629030508101277,1.2816831008700098,0.0099725885172612,-0.2069736003629124,0.962351630695022,-0.4176860656870012,-0.7631129863558678,-1.0461139913161963,-0.9741273498770958,-2.179594074149803,-0.5700274025585458,1.7668711360420035,-1.28236762246233,-0.8425017616148803,-0.4391166938732307,-1.1778884970993708,-0.8055949416486087,-0.3591094078383024,-2.0805347382483044,-0.5959727790709883
TCGA-GU-A762,2.0066098777949843,-0.6740182965786214,0.938163784669201,0.75654700004124,1.5119443403619537,-0.6031953121226721,1.4637507250929394,1.5632751882819564,0.9064019245423732,0.8484439873951469,-0.9506110456152346,-0.4156750788169596,-0.6404690881434485,0.8208733256823461,-0.0118808462506521,0.5149571530391794,-0.5725131087538808,1.050280711619483,1.6904140741101583,1.519727486574615,1.881646969888717,1.828650825307284,-0.6602058830115631,1.0685361380627885,0.6405248383757549,0.1397941478120612,0.7184861370787969,0.7817211276842225,-0.0751041397340304,0.4089894807033819,0.6157346669633149,0.7507682557941122,1.2443279784480166,-0.3379027687611229,0.7727717248878799,0.4799629646351278,-0.0654037732776553,-0.6015862408961298,1.674502449879898,0.3866901643506567
TCGA-XF-AAMX,-0.9428861258227124,-1.1654143611603718,0.4106453170199488,-0.8931784361913104,-1.3160802468245845,0.2556584602365803,-1.2842629502995109,-0.1103010043505482,0.4972103599968646,-0.1996799148240658,-0.5083447947744023,-1.056949385785858,-0.935248188769078,0.1962014006319018,0.2241213837222293,-1.08084665086112,-1.676935480808552,-1.5507853030358665,-1.1175129407768003,-0.9609552850495204,-1.3004987703519884,-1.294202277122653,-1.1109380105724789,-1.3259794988149949,0.3295644100707664,-0.4464243403461638,-0.5263890353484738,0.1319348996698507,0.6154391990503261,-0.5716136212773545,-1.179117286902624,-0.9142315575212284,-1.3866611087460272,-2.0322723534070177,-1.4550723436725637,-0.2255132005628408,-0.8443861397001673,-2.6756004692678363,-1.3484381896141322,0.2702934973675649
TCGA-CF-A1HS,0.2627322009732657,0.4406349523592573,0.6841798565708237,0.27800289918101,0.2813408266897431,0.0109217149718447,0.3074923482755329,-0.161671412596202,1.2780496322694577,0.39074581080062,0.8268435406137136,0.9688467997041444,-0.7827125701963992,1.3492390423390246,0.1560697964421716,1.569461766545294,1.1186009258613927,0.7901241531800433,0.4273569634436288,0.5144266775166174,0.5400694688805906,0.3526126738072276,1.3267660345490566,0.3688110894962673,1.885772141645904,0.7497376716936687,1.1763188461335743,1.236095825188125,-0.0342349629468646,-0.3882671991801829,1.1622641095960902,0.7185575611781296,-0.6421628365927097,1.6725376228860271,0.9285187259119144,1.000370529283272,0.2095224608639952,1.846573962266957,0.1465423236585818,-1.1325250288982835
TCGA-GU-A42R,-1.3447255493474173,0.238678851449625,-0.6791327274194131,-0.9334177349288452,-1.7701147343159334,-1.9207512412445875,-0.8824375295862119,-0.6714715843864394,-0.3705372249967782,-0.8030426002658613,0.1419030300362766,-0.4143562802501371,-2.0206921997647447,-0.2677567836757654,-0.8533051558976137,0.426228744147332,-0.5266344023945044,-1.1389629806542183,-0.930229890726806,-1.1612161294276553,-0.8828555396557531,-1.0460891654405406,1.019069708821849,-0.7169227188950886,0.050306957780439,-1.0964999308980878,-0.501689083171436,-0.971511368535394,0.7711198969930704,-0.9321367866110764,-1.207633990568407,0.192334254377044,-1.334786620740093,0.7948814336205395,-1.1199612766400604,-0.6786406027889298,-0.2309104375083593,-1.9192339992922176,-0.5062672868419276,-1.3910353291771127
TCGA-YC-A8S6,0.7708768755983887,1.0084913860797835,1.7364140549332212,1.6761298737419588,1.6396788667911149,0.3569052313680784,1.0571641098077678,-1.0790308762046328,-1.067920372223149,1.2143681472375865,1.6344442780197543,1.7283274634762562,-0.0851180836198483,-0.8739657611712376,-0.4077582840136179,1.0734781041493364,1.074083410018375,1.917636054268091,1.2887379561124668,1.5347477879484488,-0.5148355331378458,0.073597759179413,0.3606514926413978,1.9004276185669189,-0.1472695592187496,-0.4280701181103306,-0.6966816143693463,-0.4324327313929675,1.3903661711662574,-0.0934813448292071,1.7863924308645878,0.5391817348076718,0.5852254925879604,1.998115068990847,2.1537968762840665,-0.4370190332283898,1.5519069012327131,1.8512905657266423,1.6440822814944476,0.8478681146018603
TCGA-ZF-AA4W,-0.4009004598689497,-0.2183388745534845,-0.1519376574157845,-0.5833558553644537,0.202133074028526,-0.3748916922188628,-0.2360915443838778,1.6239835927128308,0.6085698279108346,-0.2340344647697738,0.1848240235512908,0.936764849378164,-0.966193200952934,0.828254992792154,1.3256117924343909,0.4417297384789865,0.8749599185318637,-0.3253318948897578,-0.0821087883828349,-0.0328722505890242,1.0933702595787742,0.6001075139256915,1.08278991112582,-0.828648320440771,-0.4690692945465851,0.0414694329354268,1.5759004065913536,2.0023489373430152,0.283387361193899,1.1200323531084573,1.2089915374344973,0.2522647457757786,0.2133914832801503,-0.1127878074216564,0.4727316758276024,1.0225611416788758,-1.0422113716872516,1.029071121502588,-0.3445248639283569,-1.2571679172300674
TCGA-BT-A42E,1.477361212306,-0.0955745054589583,0.4237092820222293,0.3102420271977542,1.5153966376851975,-0.2654741527278769,1.189765531297979,0.6315969068688989,0.7278195733253766,0.1447186741854053,-0.0028151713805338,0.5916852196530493,-1.0885924699319554,0.9050956219845993,-0.163314388718021,0.6935654526658603,0.5593321286635663,0.8160250989397629,1.422297254665076,1.4532194324117989,1.5482794075956952,1.4518460455887827,1.542707588856573,0.5019728973733578,0.2788009730427533,1.0463168954047095,0.7981714623259158,0.9735653429926476,-0.3588161901684196,-0.3354448480027157,1.3671423948231065,0.2978772127069454,-0.4401485143943905,0.2656245225525667,1.8639804166485363,0.7834131180556793,-0.1533184173174577,1.0654027550805596,0.4464429435833829,-1.2338174982509804
TCGA-E7-A7PW,-1.0848078463503783,-2.183993904603382,-2.2270379065590062,-1.5736613444866956,-1.3918453460124895,0.0431473812851217,-1.3577404751573754,1.3701920105176189,0.6531561312055693,-1.6201842804332909,-1.1803566103386216,-0.8562637810443092,0.7095720436928274,0.2940066200543829,0.0779308200050949,-1.756578215546645,-1.170572473581018,-1.0513711438724245,-1.373894794567433,-1.3219949581420931,-0.713019368762848,-0.9067355091835904,0.0182644440667572,-1.52711830257566,-0.2833512052591431,-0.462058220424145,0.3015262215147037,-0.1639848872125769,-0.8972079746648293,0.4840295220445992,-0.6220557311849753,-1.0162545451000555,0.2143129139252828,-2.0400280664992674,-1.2983240709517905,-0.3599409595969048,-1.754421692608561,-0.0317667663612744,-1.3717376498206977,0.844274343300446
TCGA-BT-A20U,-0.1401934035964216,1.4543278129896242,0.5812810301216655,0.7133723014531617,0.0110929774732654,-0.2671399615456448,0.4230037706380339,-0.6858819204537996,0.6722309313151624,0.4403850532389614,1.5668375975990882,1.2017004933773994,0.8839921720735177,0.8863872220106354,1.4179537418016774,0.708273217825528,0.1489837239556454,-0.1471046493431127,-0.2700350743039019,-0.0531256675188405,-0.2639326306304054,-0.1510692638535192,1.4502707103711652,0.1592976509660226,1.0903754340847378,1.2503521913081703,0.8689861263553247,0.6819958436671447,0.7542555840873749,0.0838996867523046,0.3801035588185253,-0.1803932978329235,1.4979807715873643,0.2541912974772066,-0.1326684481472174,-0.0191750670843294,0.3473350526489975,-0.1437306261802089,0.623239537098798,1.1164544777130798
TCGA-GU-A764,0.9426842872873704,-0.3553910887176713,0.8295563378816472,1.4073310251273945,0.9047323446353726,-1.0219643242348089,0.6728071971193729,1.2936929339678138,0.709230286809753,1.071475930994217,0.8031139021126994,1.0470416730217635,-1.6420311238425112,0.380537369845116,0.9185586086288476,0.6463017495546663,0.5544546928003178,0.9778500493818272,0.793620770439362,0.8500056130706274,0.3245555349112139,0.5926190739207567,1.588816842488429,0.8791372309523718,0.108051546995624,0.6398075659238602,0.5642315335336009,-0.1174066175319495,0.647079775783879,-0.5703946670093049,0.9075828313694332,-0.114228049550727,0.1155062395574003,-0.000229748060461,0.9530566269467776,-0.0904359033190144,-0.0887415399798979,0.8036385946508913,1.1869982532176242,-0.3166237649605683
TCGA-ZF-AA4R,-0.5836384147769779,0.0159880714041848,0.6385913022229077,1.0966086355635682,0.0569191254274734,0.5937440867890744,-0.2788016985780409,0.0893096667594125,0.7758648306210565,1.2949629296306626,-0.0156370557025405,0.2033143278216768,-0.4376237838639555,0.7014497056104748,0.6038345778462245,0.5305306213153393,0.3203822287101016,0.1765488769832547,-0.5909887491847008,-0.521842068636171,-0.1649729073462193,-0.3258445205096588,1.2678155277666403,0.1417665851929595,0.8042951281392907,0.2284091768234493,0.3531629065351431,-1.338421580348947,-0.4319668578752861,-0.7911214730643555,0.0356864350707998,-0.4458482417399457,-0.7395168410944427,1.3640664011676935,-0.380745990640031,0.0655580027142986,0.6149032470297288,0.5171655051538703,0.2737345602412712,-0.5539946449655909
TCGA-CF-A8HX,-1.2473819135220636,-2.177438637997725,-0.7549992663354251,-1.053194628099882,-1.1573179289785236,-1.3776116391974698,-1.5743912563353473,0.1148653887311653,-0.6207575146410058,-1.0441271522430453,-0.9393293199481156,-0.6453719018204546,-1.422860829743133,-0.6773080270119264,-1.6396558804553851,-1.0292173975817076,-1.120224242645908,-1.3584391791064705,-1.3839646509197034,-1.3617342403938346,-0.8048563905506888,-1.0786135638925731,0.7657536510149329,-1.3190611722364238,-0.7626513795940605,-2.235152266683991,-2.0901527851888293,-0.6952353373962593,0.131085792533695,-1.6752222768479044,-0.1644886279841272,-1.1763740422767792,-1.4772616319445082,-0.0600751112594467,-1.366042340125582,-3.1139403431739194,-1.118449624127395,-2.4480299862134585,-0.382945721288492,-0.501403275120733
TCGA-E5-A4U1,-1.7766353976653588,-2.2536968076087414,-1.6029975451470913,-2.2943935006710143,-2.5445912531614576,-0.2488508817291731,-2.1719091826961177,0.6915446702636635,0.0225439413097012,-2.056503273121552,-1.3109904706034128,-0.752590444195345,-0.0560690469202952,-0.1394878161234338,-2.0459315284469928,-1.2010043396996075,-2.597799971505567,-2.4546793212095994,-2.3813020007758,-2.206119945283292,-1.4033454610234803,-1.7285130144546994,0.8179352316176963,-2.221544680899575,-1.3384177746066654,-2.2444376911209347,-0.2894334324113045,1.2535793449250336,-0.7871216556526255,0.421362854444987,-1.3274161414817502,-2.0084395068402694,-0.8455263083699798,-2.671077634332589,-2.3362076368669507,-1.019969093080046,-2.607235828405558,-1.6186924328451493,-0.4157334074862026,-0.4040156703393235
TCGA-FD-A3SN,0.0050294759433278,-0.4307753022286608,0.6907588775515502,0.7625544884609224,0.6443394875151803,1.1364561006294052,-0.0583543238520737,-0.0378270681992461,0.4415819728419553,0.6708630901942881,0.4311139765204793,0.1282065592812047,-0.7811665999175738,0.5321992991212704,0.4664374717723169,0.1747005571793765,0.2117162678969333,-0.1137430315017806,0.2000114454670729,0.2336876958335201,0.2036816512636084,0.1699386536660787,0.3142142662960743,-0.1417046595023934,0.7414244846368648,0.8163758629909847,0.2509336867291056,1.3244582834011185,1.385892389658156,-0.3813799430598856,1.0408009058723242,-0.313928259479775,0.1576487181374094,0.3680232826479103,0.2308849299784293,0.4923251300400358,0.0448483304311423,0.5235717203507335,0.0834436030269037,-0.2012156928275639
TCGA-4Z-AA86,1.6311096394320237,0.0534556729872579,1.3915383381586115,1.4013606005417123,1.2914153659971936,-1.004290502193827,1.4961613052405498,-0.2511543335041558,0.755327657028144,1.279674382008911,-0.006697512782265,-0.3501720703033544,-1.1004455987336383,0.8770647366096981,0.2215256588934419,1.2906284736682434,1.1038781083010571,1.6949918685985847,1.8193430783536384,1.7369330302320356,1.3110114448118677,1.530498139367242,-0.6424092105060684,1.448356317012742,1.5826987359363716,0.5504909576241334,0.3178973594618497,-0.140412351884326,1.0505249053243917,-1.20989291477119,0.7514523428519447,0.2002587672158088,-0.7330180770188217,1.1626490036141333,1.3715258514132764,0.8495019433188907,0.8317465820839285,0.8891015021376298,1.8180395247579724,-1.1647209612214977
TCGA-CF-A47V,-0.4029340572768153,-1.714183627854378,0.3512808568673359,-0.1958349079878742,-0.3059471764700539,-0.947974665835418,-0.59534120489715,-0.7404028668254385,-1.7753320784595716,-0.4780488836222938,-0.3888219072207126,-0.314962329914685,-1.632837726949547,-1.8916437527227628,-1.469982603228529,0.1057125309655078,-0.2648620438398368,-0.5308938332976044,-0.3338925679887544,-0.4790169857774533,0.9769719314283208,0.4193710881680767,0.2590764196612439,-0.0786357746996479,-1.538651227578197,-2.7644165411935964,-2.764788594351008,-1.536341166153795,1.0828211282123628,-1.593905287750531,0.7044672991301624,-0.8191400832780382,-0.849363581757135,0.6487487267023553,-0.2129161209705271,-2.6902168408930867,-0.1790794015922987,-0.6624746808164024,0.24138755809796,-0.669222384803197
TCGA-FD-A5BR,0.4984965420744327,0.8195237152908852,0.4700273032834345,0.8047238013086722,0.9391366540012858,0.2444435355906507,0.4903957305182849,-0.6023564517602452,-0.8344655529027651,0.6324876958760027,1.1893094642790265,1.003636430180802,0.4292154421193025,-0.779628843278556,-0.1241448760607269,0.1218701538462652,0.5828997103026073,0.8163953766158206,0.2646661607336297,0.5395246313619794,-0.3611270903506634,-0.0355181154562111,0.5366721766454198,0.9215433423727672,-0.7908912855256379,-0.051769447334147,-0.5432990130398135,0.420797001402083,1.2919816613646893,-0.5418881810362653,0.562881497068717,0.4284278038279951,-0.2932277985174087,0.3356892090874768,0.9365911708274388,-0.0693667373025354,0.7910250718298912,0.5809815784990763,1.1344336474593066,0.8917097796529773
TCGA-GV-A3QF,-1.09790890975433,-0.2488588965776034,-1.582678862247419,-1.3220886888241117,-0.9180152689339856,1.8391756915305384,-0.8785819910631575,-0.1311094232345935,0.2999109325945954,-1.3566709033189626,-0.6094945930535687,-0.5456502675764363,1.7078740762916202,0.184954804199502,1.0930189917680515,-0.8484318265668606,0.1664681291804898,-0.8955354821363752,-0.6287612460330557,-0.4653025904969169,-1.019048509016187,-1.3571960117236848,-1.1174765688253856,-0.9668130160300054,0.113779091814435,0.8689844816555388,-0.0682840455777106,0.3695448879895945,0.2940797066759451,0.4903762679829242,0.3600847565171158,0.5916089232303444,0.1388864512880488,-0.4629545671813198,-0.1244447287438966,0.7352549945501908,-1.066211425582796,-0.1529457336073962,-0.6460304769868075,1.2614248981521168
TCGA-XF-AAN4,1.412620425671384,0.8394826080831587,1.4787558919810957,2.010766401461257,1.194819490805778,-1.9268041024195437,1.4226251584586371,-1.343145852880054,-1.2403942327197095,1.591807011189351,-0.403149958111326,-0.7560034630316175,-0.3838916136826153,-1.0106290019550055,-1.2481768372740494,1.8565434509743983,1.488057933060309,1.6324918738412215,1.6763034028138692,1.6694796275324606,1.4183169022238762,1.6477812301340644,-0.833219198340589,1.7223137671385609,-0.0897135911008657,-0.6164964714114749,-0.6568123338913767,-1.72002479408805,-0.4216716661891145,-0.1165334289181549,-0.2384354742633748,0.5963520091392834,0.9892608897958932,1.246592995417599,1.3710832487235447,-0.0648921347131076,2.565901857889429,0.549123191848736,1.423645007145154,0.0467143019858099
TCGA-XF-A9ST,-1.5062136701792046,-1.642577210277692,-1.218620540178406,-0.915940707641652,-2.4919514096006106,-0.3967972492868918,-1.864741956102469,1.8803101440260697,1.8874359114518613,-0.9768704500663288,-1.6883393285266746,-1.6246718896366847,-1.4560540563471038,1.8305579236925225,-0.0755658857865597,0.2027858149204381,-1.4274432048990824,-1.6559532087684423,-1.4651539294384577,-1.6197243378256412,-2.445724903695229,-2.323034881432908,-1.360182977699148,-1.9380740005017671,0.6981434201490528,1.0808869606653302,2.211752736372191,2.520833642756698,-1.0543875096772537,1.044409799767452,-1.7806022680063358,-0.4509430800200005,-1.570439292327845,-1.9489255982895235,-1.6813417087481044,2.9112324686392137,-1.7068737337853932,1.365415102209526,0.9862629063932312,-1.8882608121468707
TCGA-GV-A6ZA,-0.2139078743085647,-1.119225279935978,-1.2153432531478254,-1.1339387333102615,-1.342005075591232,-0.0288769674839396,-0.7724526280239973,1.0455345143006352,0.8133642868041012,-1.347298361121414,-1.1010540208735555,-0.9056793162314976,0.6358867099205967,0.6602305474490139,-0.7228638351050489,-1.2425318564855383,-1.5660713013226162,-0.6525081031026436,-0.5319475715607844,-0.5893091466827572,0.4868566353205059,0.0965857575193097,-1.2927483335732313,-1.0318434083590338,-0.1514602090033966,0.0124088825039974,1.021663183484111,1.106779081731524,0.3156670804855633,1.266760749749939,-0.7144457853807216,-0.0183290514378561,0.5640966287283575,-1.6853598460460604,-0.812855918955597,-0.1351646971921211,-1.2215112810241684,-0.2662465268094013,-0.7914146940403534,0.163025046826733
TCGA-PQ-A6FN,0.053597330733025,-1.22877254285856,0.580104278535763,0.5578316891943542,-0.1258607594321384,-0.105650261958362,0.0345901533293232,1.892388722976451,0.8038969402804036,0.3305157974702262,-0.4727250909617732,0.5898149805036437,0.0098708366757184,0.5733922485422078,0.3888031003127796,-0.913345592862175,-0.8303946509585456,-0.2184705509868568,-0.1650844841695837,0.0789297934900199,-0.32050398475528,-0.3226255899114472,1.3064792465713375,-0.305922329354097,-0.9657046841527211,0.2839434544097903,1.7128328830937576,2.173572073831389,-0.4338502561695728,1.5349161224288237,0.5974656993765833,-1.5711066261514124,1.1045671267677106,-1.2870013200262398,-0.0522778279611138,0.4332719922932201,-0.8164209602313384,0.7157214621970381,-0.0247070692207703,-0.1805638624131935
TCGA-XF-A9T6,-0.0975277989631118,-1.1064392658676852,-0.3117178383090428,0.1502648257644823,-0.0125226901790864,-0.4849628810661867,-0.1187308472721852,2.3262806292224867,1.1997984476920192,-0.388754697069534,0.6829956656781069,1.1176026749722774,-0.0728092452105839,0.8876950500317774,0.7029979992933004,-0.3269376527297558,-0.194968844154494,-0.2434893975592457,-0.1888852682156202,0.2161670887575072,0.6117254764162303,0.3723406615159338,0.2645274786567175,-0.2524061266074606,0.1602630155090659,0.6105136526188282,1.7507113950597717,2.065734759492492,-0.3426766865515061,0.548958546535898,0.3241694090083729,-1.4628715188947932,0.6157233190191062,-1.1871698952181713,0.155739680886199,0.8817929058242762,-0.8889938070172153,-0.0642634719504409,-0.7772453947115485,-0.494989932526364
TCGA-CF-A3MG,-1.5239396614923115,0.6274140564188657,-1.9154571368138176,-0.97867969013313,-0.7509713463164482,1.3959932213666395,-1.3049259961689748,0.1811629120061631,0.325569377433595,-1.6262598347813697,0.997959992037366,1.3626872975713211,0.6964974243728297,0.4136102552107188,1.7560629002035746,-0.9256197022423762,0.4173177882451874,-0.8261203970748244,-1.1738350851416075,-1.1602911356643386,-1.51091086360234,-1.500850928841626,-0.537046082124883,-0.7598408515777901,0.0477255341059659,0.7844077660454718,0.0067005549027832,0.1487778912847311,-0.0535588681679095,0.5098927950426753,0.7542961093811941,1.3899274473402845,0.5944482524783092,0.3044641266230272,-0.7454343882624221,-0.689611167575467,-0.2050886633499086,-0.4159663658238891,-0.2007477380534238,0.1570669162090709
TCGA-ZF-A9RE,-0.9584183428633484,0.8644560115125801,-1.3746360334009768,-0.7307970139559354,-0.729751323500994,0.6307938118159436,-0.5730443429648466,-0.8581173127584918,0.4870105690236024,-1.2141143515635415,0.6096517684963337,0.390726393260042,1.0249377083793143,0.7344836511522901,1.4719611311036689,-0.1289175264342377,0.8706402553774036,-0.7005578125256543,-0.6826514774207101,-0.3856798666219647,-0.2557395320677207,-0.3875494378235206,1.2608054903072774,-0.6860319320463233,0.8551511374639885,1.7009641818716352,0.4282626437692355,0.4745409859862837,-0.0400064294429252,0.5137776905156295,0.5664196076088861,1.327560981743532,1.6933116473440677,0.1549388935700199,-0.3687228755767824,0.5447290039666332,-0.433370173439259,-1.2759468840804755,0.2528460247068102,-0.2251757486304627
TCGA-DK-A1A5,-0.0348744608247775,0.7222105512595596,0.857960394778236,0.8047964212307922,0.2423037265450189,-0.0573717212333481,0.3936447371834667,-0.6937905686195928,0.5723143036519527,0.972104802395344,0.5105995568971953,-0.2027243476508534,-0.2314076040348508,0.6054899254529992,0.7512030114444321,0.4055747710539085,0.2511148230571458,-0.0040523919394113,0.1728360000942673,-0.0108868863454608,0.1811256586887485,0.1526604237938098,-0.8409784582993172,0.2308865515668526,1.0650633381983885,0.5555326011442336,0.2938054825062529,-0.1048854135517953,0.7280307619586037,-0.96685291989614,0.0931489964861208,1.802035067470234,-0.7812603644856219,0.8592301313454047,-0.2261984956165976,0.0079613885292195,0.8098596271873622,-0.6497739726652532,-0.1934190659298249,-0.55922177464394
TCGA-ZF-AA56,0.4617597915383831,1.5097985642669398,0.884739233924882,0.9346170053819008,1.0200444548681469,1.27896441389222,1.1349473075604213,-0.7770405936560887,0.1617393043349917,0.6441604732657693,1.8183751371835812,2.0791436743457408,1.9420405911743763,0.3855428051782956,2.213043231121196,0.5582684747766563,1.4472786196225285,0.7104409538969342,0.8502802901539379,0.8961408408208807,0.8113516258097415,0.7639198088187314,1.3451878964172108,1.2255531960547654,0.5943084856193694,1.5407785143301582,0.2862996904949111,-0.0608151132219444,0.2148977433252359,-0.1979959912169237,0.8311609084424342,1.086653026552569,2.003139111872005,0.9827602342176108,0.7378443862674596,0.4571366122284602,0.61058157967078,0.4373797201458655,0.8646951479072085,1.857149844635512
TCGA-GU-A767,-0.9828901891485806,-1.0728991381935542,-0.2972443877986199,-0.0262254022105545,-0.2233430522494856,1.4000112578495525,-0.8726594067655643,0.6976616203795539,-0.053016051929778,-0.1235720826106187,0.2415504095243255,0.6548403294172492,0.3700378557476454,-0.3520127132488002,-0.4681620569802321,-0.6532849149618312,-0.451625901000808,-0.2630773267480785,-0.8148779302747198,-0.8040333120412012,-0.2794296124639377,-0.379964100657215,1.1322090541303356,-0.7362591595527367,-1.1813266029410143,-0.4246264866564655,0.2772287721791696,0.5978873282403394,0.2141911296896287,1.2521449994338696,-0.3594961085768553,-2.005570611911328,0.9539029068999176,-0.6954236026697148,-0.3387318827650725,0.5882009293234759,-0.6725677196458063,1.6381991987475937,0.0069274406435603,0.8188774452272415
TCGA-GC-A3WC,1.1231535539940851,0.6576042375864863,0.0378487262539198,0.7289382131804288,0.5450333915557933,-0.2481001606778177,1.1164366655338085,-1.1175211477811482,0.3850041616430443,-0.021739504766729,-0.3305446607514838,0.2691916341190143,1.2055186273044671,0.561724611769808,-0.5924709474113294,0.8028498956192218,-0.1359505099335298,0.6742528357405699,0.9936651849542348,0.6821936055946032,1.27483440807516,1.3697598383133356,0.9570343264515364,0.7983624029886538,0.42055934659231,1.165945026930162,0.3457134431130328,-0.0227803514289337,-0.3810161986422229,-0.0085764192546574,0.5880303553672529,0.913717489784418,2.289148315229628,-0.4520566785074756,0.5880100573596083,0.5641764027741507,0.1708568318367755,0.0101741073905435,0.6833010809349325,1.0482529588552627
TCGA-4Z-AA7N,2.02032464877474,2.13729410934811,1.161625011218296,1.4518493186119543,1.6613524800006036,1.2168806800035137,1.4713537729276434,-2.372165986577275,-1.510911856731726,0.9952775387607418,1.7942244778439704,0.7469697785493886,-0.9674739581356496,-1.2664982062459047,-1.9962690434171544,1.220895716871088,1.1161445007150954,2.489417708418487,1.3693894561808342,1.4463546359791608,-0.1171134528927542,0.7555611576700216,1.094572253656919,1.8486724147803424,-0.0921068066724336,-0.256672894295682,-1.7011743580889402,-1.5239266271544258,1.1083833136541923,-2.237469448999698,0.8675255715140949,1.2892528352479689,-0.3886116897437665,1.6734761999493937,2.0667509393085406,-0.2794778387815803,1.5379049360373156,0.865109401012306,1.5066196867969774,0.1349638636689212
TCGA-H4-A2HO,-0.2172351637394094,1.3817660796897857,0.3469575480309665,-0.9168120355775672,-0.1473788480298792,0.2214956512038079,-0.1162280392363966,-0.5921625520224155,-1.8270976370169585,-0.4230492486791508,0.0085014153974113,-0.055561765200267,2.567720441759187,-2.0781235864492653,-0.6533625239580677,0.2151263795153495,-0.2639580990676133,-0.0518210393046313,-0.4012949640321455,-0.5175317526631021,-0.7680995153444642,-0.7865018140623812,-1.862022811518512,0.0171338012506548,-1.5658066757837985,-1.385469197800693,-1.1523490845555049,-1.647278075528925,1.0946147748790516,1.1963542834803793,-0.3266614815185917,0.0822686031406064,-0.2756418590010053,0.2542898556161034,-0.6710790923787225,-1.112708768742807,0.5371503260352335,0.0485362544113717,0.2911047820032182,1.7556724901715544
TCGA-XF-AAMZ,-0.407537791390219,0.2869041314066247,-0.5666074276989927,-0.6475024668312943,-0.9135734432394352,0.8599388135422373,-0.7780090530795978,1.1339590825869006,1.2379409263384138,-0.7157784522881796,-0.0806276338078843,0.5893048212301674,0.7295631484895045,1.161033011444304,-1.2151901968432264,-0.4142446801236466,-1.2114404025704022,-0.2612583479405007,-0.487972724020791,-0.7936219770271176,-1.4270483780884118,-1.1566152409736628,-0.90811054971796,-0.7612127375311232,0.6185935179475031,0.3051207894100491,1.3598778975239172,1.5386995762732356,-0.0182890923032906,1.25816084380996,-0.7602595320010967,0.5676540901447851,0.5945569483386385,-0.7647158641100709,-0.4717103001396225,0.2842506434343753,-0.9800157124624088,0.7091568252280237,-0.9390354180749524,0.2843921312732765
TCGA-2F-A9KQ,-1.19300483760172,0.5816860177910659,0.0750569793642597,-0.3940810973511601,-0.4585625109640534,-0.0206385241853277,-0.980770176354935,-0.2335795916790151,-0.3801095258702236,-0.4235113967678033,0.425924727785722,0.3762784244063693,-0.1761773222077714,-0.3710488117242663,1.5896603423275064,0.0501269076317393,0.7294928484607677,-0.7308741623520902,-0.865517362517172,-0.9935354855436228,-1.297154616986049,-1.3267120275976585,-0.4017027575187541,-0.5107383618130242,-0.0479582699012765,-0.2348371461322133,-0.6556713109369597,-0.7550461813727445,0.2372260565134964,0.2971046128459714,0.9642074030070248,0.3817357172743328,-0.8061175467514422,0.7766021138670326,-0.7711970222400791,-0.6887235396013976,0.0588658290450433,-0.0014513648309469,-0.0747023600777175,0.2203751804484145
TCGA-4Z-AA7M,-0.7697169601196236,-1.6040579332127096,-0.2320534306177567,-0.718799906820033,-1.034192228362654,-0.0273801054254315,-1.1074097857993024,-0.0194019072659589,0.7319175617228391,-0.291252327840179,-1.788652741567844,-2.0460800182008563,-1.347421838388365,0.7980076430393481,-0.3907129993903487,-1.5552044731410548,-1.3623598846798457,-1.467815066872874,-1.2987143138417752,-1.073310783919918,-1.3175981834336838,-1.3107168230493775,-0.5914594263200148,-1.3123919009655105,0.986581950575272,-0.1309332892514422,0.0811961755866154,-0.0719461740005167,-0.0096814362429198,-1.0918945768068768,-0.9977676800080576,0.1732059011359341,-0.338536790638098,-1.2020061880220112,-1.5337361916182086,0.2632809903887905,-0.682291108253148,-1.770285262784416,-0.935867956725532,-1.2405289229478706
TCGA-FD-A62O,-0.9415461639347882,1.0907602201199986,0.7172823795011254,-0.4895324371398712,0.2216403323139924,1.0011031702463014,-0.8570782461127046,-0.6726699046618105,-0.4583842181960202,-0.0005340260969563,0.3210721815197448,0.1727352677677847,0.4544523847645158,-0.4975145583490837,-0.6839388590452051,-0.2316842549339788,-0.5489569270290494,-0.3695342489428502,-0.6004330722028595,-0.4724341043591828,-1.0698635699309629,-1.0398466822243182,-1.2297378279838784,-0.0766187269994868,-0.096498257811083,-0.1334493875386317,-0.1283665590001578,0.5239221393763134,0.6721527418372872,-1.384829955951099,0.6348586327923607,-1.1617415650029437,-1.286223827002053,0.9000206312394238,-0.1433308941574183,-0.1054793620858741,0.4184206098655249,-0.2096140998605107,1.6132877241307386,0.9738321484920016
TCGA-FD-A3B5,-0.7412780023341254,0.1935150000069067,0.1191627818674234,0.6258435356518479,0.5942336556910338,1.2032689267601424,0.1891000829459471,-0.985473826112736,0.0544855550340433,0.6010527558189785,0.6138496960141377,0.6733140123163638,0.0804783054926554,0.5041861380422941,1.6151299472524363,0.6727563112057512,1.4881134582502131,-0.3347294132237842,0.0345762355722554,0.0678855721306993,-0.0860220884373042,-0.257047187834411,1.7460159992746498,-0.2185297257453791,0.9295191024515176,0.577257158891186,-0.1080641762462991,-0.2000215770851257,0.0376088998868241,-0.8663636682828345,0.8877514740574329,0.9565960680626492,0.0195181038568495,0.3212431989711041,0.3752700544243025,0.0783857811767523,0.4252816349845296,-0.1882979764159013,0.0448618651176817,-0.4228320584217444
TCGA-ZF-A9RM,-1.3372358826932498,0.4964186402535322,-2.016778996609096,-1.9493207941383237,-1.7859061131594682,0.6788131849330846,-1.3018010075654016,-0.4968493659125531,0.8083680803668124,-2.0571310711543256,0.2706178014568348,0.1546358505105131,0.798529777672612,0.7659182824037248,-0.4224773818056085,-0.6255601948620366,-1.2800934944330884,-1.1429031058605077,-1.5797745831433556,-1.3379316937002488,-1.0762813553057635,-1.2152686106222583,-0.9070857106091438,-1.3191041122201776,0.6789444083762178,-0.1309348264465989,0.194887568833239,0.7720052520610059,-0.2643940715917828,-1.3035515013876935,-1.8642956283650676,0.2123240624932283,-1.004019606127535,-0.4506465053629416,-1.4110026729703216,0.4560872413246106,-0.8791172146596848,-0.3506822203538089,-0.9708690175105676,0.7229039455891393
TCGA-FJ-A871,-1.071479005237484,-2.022287283485716,-0.2327234374304489,-0.3198245435252027,-0.6133674023612679,-1.4218684838758753,-1.3495834722563844,2.5170270933370578,0.7922209812497154,0.8982598495971267,-2.3222031401072374,-2.7085387530546865,-1.4353227421167254,0.6121482840802638,0.2728201836856228,0.5149310019428086,0.0824829978168841,-0.6099303036621929,-1.291686445606471,-1.3331089227423547,-1.1927255188076298,-1.4305742043463627,-0.6260705866275371,-1.0269399277451896,-0.0863056524126844,-0.5036196321817764,1.6083690805710649,1.8232712070551191,0.1325839090869815,1.0302595651056057,-1.1149661308593817,-2.668791614823902,-0.6083905036027744,0.032663443737981,-0.9838020300609166,0.9258478695349516,-0.8312154135346552,0.0408674957545724,2.0651824998197337,-1.0086656411277233
TCGA-XF-AAMT,0.4463355657801553,0.0519450167265791,1.232751643375371,1.390577766714732,0.5791272729784495,-0.3836284886142288,0.8120085258546793,0.0919805825671336,-0.2101932180386484,1.5486984173455187,0.0285613585917121,-0.1211386413217496,-0.5635105945781739,0.0051101957765529,0.7430345910349497,1.1818285130678523,0.9783953704227184,0.4795649314201997,0.663557054670942,0.6399752531209525,0.8066910286098693,0.653642879054476,0.4205552775077659,0.947741555335309,0.4723322265013261,-0.0155392876089707,-0.1226642050563153,-0.0746381729997994,0.3903847412856284,-1.2908999394012255,0.2784195621918309,0.1862725028537606,-0.0097664296823061,0.7930566868294112,0.4195593918617766,-0.0817112132752609,1.2876919226372372,-0.7989254982220909,1.2247802915536297,-0.3786895833988852
TCGA-FD-A6TD,1.3095571640052404,-0.0461355001249069,1.210774997343112,0.9063439991945929,1.530260520408519,0.8407184591165624,1.4150808632622456,1.392545419333587,0.6563468117155967,1.1256050291316062,0.4115694022610209,1.1693143206826233,0.0717482545283995,0.6264138702182065,1.4719443775648595,0.1998730745604281,1.3569308961722848,1.2482779510696225,1.1334018436673277,1.310831807751096,1.2706432709551596,1.2686116738771045,-0.0260146453316362,1.4353685074615847,0.1542318254603362,1.0864106496475787,1.1911646769224415,1.123713386334347,0.4811414031250813,0.6003083097236137,1.4714372824879696,0.3508808222873311,1.0922245919588016,0.1138772529406236,1.3265799394021134,1.0792796633946071,0.2578922644184451,1.341117657787479,0.9559205673116726,0.5557518681151419
TCGA-UY-A78L,-0.1101555965624095,0.2182819648329265,0.3666005934863881,0.0796774646919587,-0.1023909928292516,0.834501204265209,0.1004572647333168,0.1687965014764318,0.949259120678053,0.5394038285830347,1.4640342948991605,0.6368846625921285,-0.5562109331213475,0.9550081244696728,1.936166898123216,0.2303022499718701,1.6492071788372078,-0.2066808167882421,0.2258110512878793,0.1821670299376858,-0.6332698785932703,-0.4457843061689872,-0.0958056410966441,0.0044373242072843,0.7761561642561353,1.0010805351190146,0.8472193303581841,0.2202374399764719,-0.3234082915751791,0.7383176312582271,-0.7532910255175456,0.795488195428842,-0.0029129509046768,0.436220596888242,0.2720854397624518,1.2174255621312735,-0.1453313292093118,-0.2744037402819811,-1.337411446044764,-0.0501438457595585
TCGA-ZF-AA4V,0.6255093179080643,-1.0088374056822007,0.4357469504298071,-0.3469685690014114,0.314456293707683,0.2203042523450696,0.9737843700846034,1.3798735112650475,1.0955614497395163,0.3437850347968929,1.5325615230763432,1.6632254952968584,-0.3324986052932158,0.7409255474471608,1.4423679406501753,-0.23743535559252,0.5685534320113931,0.2537722346596801,0.4103820777726187,0.1993342853258755,0.4093328405468437,0.4815367313455731,0.207992976738294,0.1002186167901117,0.2014836469992188,0.6403194544716537,1.5589614154371825,1.5000716566657697,-0.1882869542543364,1.0528630816441302,1.3446648139206483,0.0406492195408561,-0.5694489101570662,-0.6027901552366755,0.407727836895444,0.9038300516205804,-0.6600784879708405,1.0541409900012848,-0.6599783981149876,-0.6415844279326128
TCGA-ZF-A9R7,1.1225957040300856,-1.8110215074421887,-0.977402746465364,-0.4326465520034135,0.8514112171976527,-0.8199394775138722,0.5316825717506064,-0.5672945020136294,-1.209443630781315,-1.2925976336503149,-0.2606458505102473,-0.4109412059429951,-1.101827082929246,-1.1539964772358884,-1.9634855832459213,-1.7242445675653846,-0.9621468639062516,-0.1742167834411072,0.8536911756712994,0.3567126763157807,1.4801050660330886,1.5474955233851508,0.6294487473914114,0.0009620071193678,-1.216563707579076,-2.148363779582904,-2.580615974862255,-2.0588337113968014,0.2289010229534959,-2.5026007578422096,0.8804275354293262,0.3439158300648354,-1.955688693665928,-0.8248301128284745,0.381843619908773,-2.560593140184149,-1.5094569682993624,-1.6464032423249708,-0.8657672035596234,-0.2331500291440841
TCGA-GV-A3QI,-1.7126364233255635,0.0206500013944832,-0.7701008528734449,-1.3761946998527592,-1.5834856324978852,0.2716941889107516,-1.451593007268323,0.5553076691632768,1.607381413080678,-0.9165106234663014,-0.2692806492028164,0.1633175165749659,2.0361991694166286,1.2581368374423616,1.062561361838373,0.1337581885869203,0.1233290973526397,-0.9448565096730984,-1.4819049760419385,-1.353339680330924,-1.070814604484779,-1.4525278625740956,-0.8557544210732493,-1.25982110611834,1.106022530371962,0.7148471787632816,0.5350400815108984,-1.0054081514842788,-1.8676467240329016,0.6810877627582783,-0.8886679847583924,0.7462495374845883,-0.3152259850814494,-1.362769115970904,-1.648573373493149,0.0235281688620234,-0.1897830077653146,1.035395338915364,-0.5750028132328896,0.0882081278440747
TCGA-XF-A8HH,-0.4748514059089904,-0.1133069323618935,0.2740123777309212,0.3392323270610031,-0.461986910834161,0.3103391694847355,-0.4383867606694035,-0.9572453234130984,-0.7962947127310476,0.6195671828800204,0.6564162561071328,-0.056262188106083,-1.6275897003735486e-05,-0.78936464425581,-0.1536334773012258,-0.1517402521081295,-0.2926252679561487,-0.1920185992639131,-0.586176280200957,-0.4360127906360641,-0.5314249916697218,-0.4313313512450323,-0.0017779898043811,-0.3120356252255651,-0.3294262291280559,-0.0887809809122566,-0.7875107135154031,-0.299078913828962,1.4950650205072364,-0.7625790568259524,-0.4114542359673182,-0.2073807728610218,-0.8290701535950415,-0.0945528805813457,-0.4985475665523827,1.0429141485494298,0.2387626233126007,-0.7676559681826465,-0.8072866315560493,0.1241827635018772
TCGA-GC-A3YS,0.246537461471215,-0.258379410719086,1.043836440242092,0.99081334979257,0.5039149005006903,-0.8502072495603723,0.5041912737601523,0.8315991274644393,0.9672556833538016,1.2841549874388076,-0.4621825219089299,-0.0921239804673617,-0.7163127032280132,1.071126766269756,0.1237636218686506,0.0741840440744648,0.443104317056083,0.479295864734944,0.3975655289634674,0.629041608568584,0.2637998589247243,0.1532125503191659,0.314435379960941,0.4006770097121288,0.7271943315087529,0.4587745188034036,1.0546928419586423,0.3554789774037329,0.7398140848312302,-0.5061330645545682,1.036565899515119,0.1335156662467659,-0.3031751786762954,1.1041940274554145,0.5904658853183469,0.5608971928836094,0.586723645409303,-0.0594531514332207,0.9429179190583868,-0.303556473229405
TCGA-CU-A5W6,-0.5251277051544794,0.4047191613208886,0.046774714070198,-0.9179826410192328,0.1976072599751685,2.412578374909557,0.0007729359841457,0.1930951061033621,-0.1694128636810533,-0.6626472777945689,-0.0717051162918434,0.5734208195720534,1.3693576754480543,-0.2424305971161327,1.0947836238530555,-1.3917538748145146,0.1150448000343438,-0.4596602551924946,-0.2505543375331903,-0.1224570208020666,0.1573951355804261,0.0575681714271736,0.130049374315529,-0.150468044577367,-0.9657463879526555,1.2388013760390617,0.0282969470387949,-0.1273915219476878,-0.0830974280104299,1.7164992602035647,0.363529011728208,0.8817246801501276,0.96334050896917,-0.6910224441044466,0.0095041529109297,1.2548744227632116,-0.743173275322557,1.090585611213894,-0.8074055132893968,1.0110028969745086
TCGA-BL-A3JM,-0.62259629348551,-0.2852729749978362,0.1949693919215023,-0.5798939133036454,-1.010748998130691,-1.240920789772061,-0.9294856976968864,0.4765055992616597,1.6438964942726324,-0.1671072643940426,-1.0603089300094295,-1.6758399775500377,-0.6989085941444444,1.554329113680541,-1.175116910220214,2.088103182409661,-1.9910387245420813,-0.9261246850509564,-0.9728998065207694,-1.2161092375844778,-0.2935782211529096,-0.5289761265635275,-1.6540385968275222,-0.7834495666718339,1.5366000594127007,0.5549514171739842,1.5486603358438809,0.9341362517887634,-0.2995630356498691,0.2288425605149169,-2.370398345523344,-0.3730375391158535,-1.336175619170393,-0.3391372241424918,-1.8448639530698492,1.3478693432620128,-0.6670259622888564,-0.6341876883464268,3.0422881559347683,-1.1889392255139095
TCGA-E5-A2PC,-0.0312953855121528,0.1409753135410315,-0.9105378373956036,-0.5904881764592259,-0.6466283654271622,1.0067474006859651,0.0456826534931635,0.4345606096316284,0.3270742843950649,-1.0322024693402911,-0.3511107866258794,-0.0683978495708672,1.03506963650053,0.5105696917390948,0.2741224887373863,-1.5965068192304093,-0.9184276635798476,-0.8204294008673161,-0.0254532013845777,-0.2920114503125552,0.7591623428085976,0.4958728533655854,-0.4358435603858469,-0.6768171273231868,-0.3050457689844591,0.973254287070846,0.432144776201984,0.0179753934303765,0.6563862930995945,0.127591126505038,-0.0835529937646693,0.2359069399828248,2.6552907838506754,-0.5058577286984106,-0.5524560628225504,-0.914637905168551,-0.9571760684656948,-0.7095712970915948,-0.5689173854575709,0.674011347926447
TCGA-FD-A5C0,-0.395602665510579,0.5481097022362237,-0.4249737021606228,0.0694115649164606,0.1571921716082893,-0.1778743360780614,-0.2588796310790861,-0.4958568282413709,0.7863647564689155,0.0946202573325447,0.3522235346487126,0.8171837451216635,-0.5727477035199823,0.6719126935079568,-0.0042147077354835,-1.0195473819969898,0.0251799905593088,-0.2032129748931012,-0.3324600527446618,-0.2894690888545393,-0.7374863227666703,-0.5781756501120201,0.0377079629480602,-0.2361064752635274,0.7276900364960557,-0.1419810526372883,0.1550853696541681,-0.1734770146551784,-0.5079794313641427,-0.90361730959404,0.8426203617625491,2.079522956225153,-0.9417149744896722,-0.071770066650619,0.1434875025316048,0.302224338855678,-0.2485787084882168,0.9052887682601624,-0.7329482484971336,-0.2857750339804429
TCGA-CF-A9FF,-0.1873830411140324,0.2340165646478884,0.3959093830762056,-0.3262510107794966,0.3220965456396634,2.1802781428315603,-0.484576521956648,-0.3123264517171318,-0.4748274438201967,-0.1562096336617015,-0.009259517881801,0.4613161666313501,0.9719460842709938,-0.484178546534543,0.8701578369632235,-0.2075622134158099,0.7065879687033132,0.2445685056113692,-0.0923743170941656,-0.5823703821692063,-0.0613265139276053,-0.1477564195381141,-0.4175101684820652,0.0415694507560455,-0.6764767447361317,0.3787530489113515,-0.8894709951469046,0.0287360424041883,1.0394210144624438,0.8496558530492306,0.6740177144753221,0.5546738918190368,0.2223564300142961,0.2873868259276108,0.0055406087248063,-0.6769099552022236,0.2161719745064332,0.4130623680501204,0.2226089925811916,1.082954052355212
TCGA-FD-A62P,0.6265573983420717,-0.7687184501983069,0.6445615285497125,0.856692288411369,0.2716528164229734,0.5570014565351623,0.7544328741821124,0.4207377937041433,0.2591339563450627,0.5927298624025118,0.690748181981634,0.5833428318840317,-0.9830125088204752,0.2435665922317222,0.1363806966191326,-0.9768554857584484,-0.1641949410876116,0.4702071347745611,0.5654857761163121,0.6310665057189716,-0.3947465406220317,0.1934223727430874,0.7877445264787876,0.553799573902839,0.1222184501254057,0.5283128635792659,0.3846605226491489,0.566616973855614,0.5971491374453078,0.2856728874061665,0.8818582600988798,0.1594807427846086,0.2269718662442257,-0.6347706051232426,0.5702708131152762,1.28241524559209,-0.3450236138183389,1.2174182799271611,-0.5388907090661017,-0.2284719754414456
TCGA-G2-A3IB,-0.6760055517306764,1.412049204656416,-0.5774582624591338,0.4242327196097923,-0.1373638482209092,1.7372627445167637,0.1345964911220067,-0.5151135335885186,0.3840359849171009,-0.2444179877195931,0.9079406278266444,1.178270743908465,0.2758927785134157,0.7271506777815093,1.125037237189932,0.5651058870815845,0.6353870503472598,0.0002772883814958,-0.0819834639049081,-0.0503594989996318,0.0130180557406735,-0.087433454352515,2.9430490656170085,-0.4173820793835309,0.7490312814552064,1.4259837852175994,0.3803933023233821,0.4348988484171963,0.750539017409269,-1.1110420132593488,1.268573886137481,-0.4189325674338691,1.2468911921068837,0.7495490124810252,0.286559040950287,-0.1277524512170073,-0.1690926902180252,-0.0883662730661334,0.9793347232087832,1.0740029898918928
TCGA-XF-AAME,1.6369230023687775,1.4544121913677277,1.8006915480788654,2.2286260026688502,1.6011032934702063,-0.0372380644741499,1.6743609268185646,-1.1017396140109257,-0.5082982363100016,1.7472903403614766,0.975402470790449,1.649788235526755,0.4010181804303773,-0.3513944630470983,-0.3909859512688701,1.4905540706255809,1.5836359842616972,2.06972987560006,1.5920292422478186,1.6481737162955707,0.0824737454269152,0.6925877985503882,1.4219356922939388,2.3122907646763022,0.1791263604422747,0.5903375177211722,-0.1368841154323666,-0.8811699373800699,0.2252151359644129,-0.3811740095673028,1.12071975678429,0.7755684793600593,1.5737331482310246,0.9521346128442412,1.422177970311143,0.5784259774781332,1.7687112688214062,1.8441224072182416,0.9398371463826816,1.7427892272909484
TCGA-FD-A43N,-0.2953541949473187,-0.2002787258422588,0.92316268317446,-0.0729181473736597,0.476389950603405,0.9865107852290022,-0.0223830897325588,-0.8772463764217723,-0.8481709905806459,0.5030415808348082,0.6960897631537508,-0.0103772392673636,0.3434113427728508,-0.68906129405179,0.6465517623951327,0.2162414498908052,0.8786706240107297,0.2548474608623142,-0.1980231094832505,0.1868226134499473,0.1764845761554661,0.1099332592616981,0.3615754192331772,0.4452361795555073,-0.1086265992116581,0.0342553141980624,-0.7139449750915137,-0.1750940489546622,1.3405105594129152,-0.3697391637304804,0.3857348409387863,-0.4197660950822032,-0.6589215029947778,0.3974245976673262,0.7074886278020217,0.5243083611106868,-0.2364432552174515,0.182183652221512,0.2468326822134391,0.7666430223120158
TCGA-GC-A3BM,-0.4298086473977424,0.1084486735836351,-0.9281265072256524,-0.6295548201213187,-0.2973199953689305,-0.1797817534901947,-0.3358612278955307,-0.56506019718475,-0.18300727857256,-0.8055215536770766,0.7472163797300491,-0.0815904660388335,-0.7089958999259037,-0.1211804343755209,-0.7172826277991753,0.0734224619518753,-0.3776054739925945,-0.6092220540013841,-0.1896102961649781,-0.5513342299637984,0.0802164885346765,0.0132907556437798,0.4637439531537269,-0.7349718412457252,-0.1986472307319497,-0.2910982320900068,0.2938360528063042,0.8905519607676876,0.4931869829866779,-1.1124720124346792,-0.2273112690398833,-0.0145455501066521,-0.6310081615082528,0.9277215049447244,-0.1428544357316052,-0.2645019720818535,0.1069530470921968,-0.2514594546365959,0.116991748244042,-0.631224931397531
TCGA-E7-A4IJ,0.0279883186791943,-0.6341452600507331,-1.2103951121662522,-1.0253298009248026,-0.7843823463456607,-0.7343644610217338,-0.397183910765696,0.1426402081485621,0.1203796683968126,-1.1825270159773285,-0.8170927739998949,-0.3728172028509929,1.3117076723680663,0.0239304014347731,-0.2793105777692617,-0.8182076712842994,-1.2367407355314048,-0.5733059870576498,-0.2376923253530864,-0.2944092826459952,0.692248645235214,0.2483533329785727,-1.0368540884301578,-0.7440064672611076,-0.1073951168696989,-0.4634957022939635,-0.1285046689910326,0.3323918315823616,-1.192428645158569,0.2062752757602617,-1.0219642545123466,0.0933706597496106,0.7294272300280912,-1.1187867862834278,-0.6278737322194541,0.3886046738155219,-1.077405761813795,-0.1709777478287132,-1.671236959104501,0.2238772235416448
TCGA-FD-A43Y,0.2024568663425245,0.087493499939856,1.1032328777958056,0.5571217900496679,0.4259385998145554,-0.1949223513095559,0.8967881430511474,0.4630763453158166,-0.1081497638746645,1.1770972419564651,-0.0275604005393976,0.5024563716576407,-0.8110261185369879,-0.1582039979344677,1.0725599695678458,0.2043172313684319,1.0491328685356878,-0.0619374339809697,0.7433283076475203,0.6438211062631772,1.1398392939442046,0.8078335835870217,0.586829578411001,0.4722960375947447,-0.4439626843823144,0.7153690384422315,-0.008607985853677,0.0091800943981826,0.2162475989424854,-0.2729061102842854,1.2510745571411668,-0.4790897109977401,1.20112794202718,0.230519530527406,0.3439577677010961,0.3647380855602297,0.2778399391058054,0.0235425057757932,0.3401099720422055,-0.0948688178606531
TCGA-GV-A3JV,0.2370522611986449,0.7975355463652976,0.2664711164026987,0.0658860487623619,0.5530078591548178,0.7632679582589553,0.0264579256731367,-0.0847512688922391,-0.1823822585730848,0.26301252968738,0.6572586809887901,0.3133032473148763,0.135659988060237,-0.1846214988808512,-0.7099240037322824,0.5105092586243483,0.0273243280942306,0.4717245750963632,0.1852060171694885,0.1569715728679673,-0.5711733709642515,-0.3423999856689801,-1.2979055035436753,0.1951147885069997,-0.1445524499645961,-0.7759468127880306,-0.30626010553039,0.0217591275341801,1.7919168149053422,0.1169289253399361,0.6203409608394884,0.0865379693211759,-0.4116106606176136,0.4193664183191164,0.2831837663128376,-0.4734481737765909,0.4627304894621281,0.5654764615856314,2.287721893076472,0.4124122511468017
TCGA-FD-A3SL,0.0122884377156538,1.1229435024060508,1.236487172539973,1.1708352265879087,0.9302426689904704,1.5362438574734787,0.5917920920756671,-1.3677103855201307,-0.4990008489067356,1.3440836522087751,1.3748323081800748,0.91902476469797,0.4159496321757551,-0.48121208204946,0.1941902245269035,0.7816270645123558,0.5260279115615026,0.8654082856770478,0.2580103022476626,0.4175902615105966,-0.3436926891618589,0.1518679904365135,-0.3025995553613332,0.8253893991218922,-0.1007491771205511,-0.0702571454091492,-0.7384947697165761,-1.615391446846168,0.5070854549522198,-0.4109478086820219,-0.5729140067355922,-0.4421270544484645,-0.083437228458458,1.4704239097555325,0.459445518144279,0.0749765423323292,1.9016102717246115,1.2152307998053622,-0.369304944914459,1.1739911883254146
TCGA-XF-AAMG,-0.758484702010904,-0.9709341348877276,0.9822552989565004,-0.3058397401467656,-0.6949826589500422,-1.14495651141425,-0.6584120484161246,0.6924824763005821,1.337865643440123,0.2358565770252529,-1.308047241715479,-1.5688950290630843,0.2356044694986145,1.2280465773441531,0.0418827857299812,0.4696941794429237,-0.0210774674225913,-0.9552049188535312,-0.5044851483704885,-0.8035212754313823,-1.6414119249357166,-1.4848989430099122,-1.1481847441943402,-0.8264244747364959,1.3447989960547364,0.1975873216932834,1.1633346842115977,0.7681123484780864,0.5958920000416615,0.3905123604566,-1.975631513113164,-1.4565202654590312,-0.6635117198033456,-0.1996475727243933,-0.7901545972875457,0.0536946631089328,-0.2286696575778175,-0.3138732218996505,-0.0264749932573815,-0.2073896676285967
TCGA-E7-A6ME,-0.3952507639834782,-0.7894496753232353,-1.0223742536001417,-1.244195868776692,-0.8421195634583719,-0.4581967414657302,-0.3944985640812071,0.8101821736963816,0.8114918215904136,-0.9037610304695264,-0.7921863190068831,0.198868528605139,0.2652851359893443,0.5675131857643269,-0.8698654338212506,0.3422801438499745,-1.437517642836531,-0.5790879432095997,-0.7693002716768369,-0.7849805185809301,0.8418301654148502,0.3822593888159665,-0.0768246302121491,-0.4269486597458411,0.1971506774339777,-0.4742445090732939,0.4734431303918973,-0.2947697160603451,-1.4109566210896276,0.0139075821129445,-1.5617780546235194,-0.9374779576240077,-0.1109084602411785,-1.0614316212783506,-0.7760980882156873,0.1700561281439929,-0.2046947528495498,1.146175753970413,-1.9478405586659413,-0.1629525232509905
TCGA-BT-A20R,0.027442602904401,1.5442465713779834,1.123284709564797,0.5192346771404271,0.415901628412101,0.7081524993985754,0.7703317115389327,-0.6198474148856038,0.0127379808275158,1.404785180498339,0.762168522153888,0.0789107935113141,0.7762552742700171,-0.1379640655452094,1.4678836799596513,0.6309478754772014,1.2216242557410966,0.783844491768981,-0.012468182155004,0.467035581934892,0.0603947222018675,0.2595032597999382,0.2429071656563736,1.1074929984701198,0.2383734190229184,0.5411018036041446,-0.023109512480028,-1.0150308235543093,-0.6111829396641211,0.1586977563632318,-0.5010864917034625,-1.1878637394653706,-0.0092478134164598,0.4633971751938665,0.5483762727353992,0.462639522912906,1.2308315473055047,0.7704423714323262,-1.2878256733682567,0.9739635591335568
TCGA-UY-A8OD,0.1209066441992522,0.4326965458946312,0.8692305291337523,0.862041167137109,0.2449965676503355,1.1276349327812016,0.3306495672718986,0.052116881790707,-0.8408737024502776,1.0428605053249629,-0.3445236523600265,-0.140645284863639,0.49937688350309,-0.6594525399315195,0.6486524891554947,0.1191629058866137,0.7457272183233807,0.7402926328533656,0.0877647996255696,0.0051524954367324,-0.7505190655328885,-0.4016126856666905,-0.439178773434717,0.6077718159659065,-0.6719877150440147,-0.1217084893308024,-0.5218509577778409,-0.7625374266660786,0.0368429813894578,0.4440356145498684,-0.4827483212039434,-1.0424451911921295,-0.3897559879501123,1.4369680612002416,0.1709885587537138,-1.0467040101448155,1.292119613790025,0.3371773237925355,-0.1053651632561861,0.6225118211116998
TCGA-FD-A6TH,-0.1645443624481266,0.0246963704661469,0.7632512853226409,0.6440802358610922,0.1130329481395555,1.211563594036145,0.2544333867021455,0.364976239584165,1.1228959076793246,0.6342627551948706,1.1202575146602116,0.508726740448179,-0.3816758339347891,1.0992999812950093,1.5839335613005423,1.9111808485360875,0.9700332379245608,-0.0478050529655858,-0.0369276959001386,-0.0482375647351879,0.1944578294870097,0.0730767138964635,0.2771506604784493,-0.3372482985710027,1.4887461748163688,1.1854485368257903,0.5517385915074542,0.1921076377507702,-0.9270556645432791,-0.3718031745122372,-0.2812927785685863,0.5641918865287961,0.8169032425105949,0.6325959309966368,0.1591878385350379,1.5150936770337362,0.4942574829002484,0.7418519858703305,1.2001938534258096,-0.6314138637845733
TCGA-2F-A9KR,-0.8226644601730696,-0.1671194217276253,-0.7021670286636047,-0.2828866424090054,-0.6803387437956113,0.3172967594149687,-0.7484457871076166,-0.9913914530419738,-0.5341552527801531,-0.6762379502694873,-0.1399723856791057,-0.1523572347221232,0.2846120964327779,-0.3351825953448836,0.1071604826433326,-0.1398191747276824,0.3527645351058334,-1.6272177121415885,-0.6032354299998283,-0.9691801125846914,-0.1519670678858081,-0.3867988900920881,2.0239466526442107,-0.9160962933007128,-0.7809695552429213,-0.5246438610523351,-0.5115163468793383,-0.8611042237191302,0.5844167785548081,-0.1803749108781476,0.2081675207322645,0.4367804337124596,0.7297036163932618,0.1319647519677582,-0.5641105683271302,-0.6467145568066006,-0.4278281145466896,-0.7192605406360021,-0.8722519210535857,-0.3278896503215628
TCGA-BT-A20O,2.7530145740208565,0.7250488734438683,0.6657057788048738,-0.0073036528534525,1.357131979035762,-0.957042049887585,2.043986309411744,-0.2996171757815928,0.6817666360595012,1.1209133479466222,-2.628548591666182,-2.339947321989941,0.0588318723995304,0.8803070233461773,-0.6779181673254231,1.0607322712433245,-0.2365340968932534,2.044124942557179,2.286818532017601,2.1489344554036838,1.6358310326341217,2.115448357102608,-1.9662479407464937,1.5575125313797504,1.4067257583257806,1.8013763611228473,0.6921274668806623,0.2009351529585334,-1.3876218650749856,-0.695903544909628,-0.7634946562245075,2.1819859744456904,2.943911936795564,-0.1186849813377037,1.022312159748539,1.1487732919081792,1.0189857019978512,0.1574913665826964,-0.3559894955052761,1.2027121139311845
TCGA-LT-A5Z6,-0.6675931655421519,-0.3782746162414632,-2.5420863463252545,-1.623320970244449,-1.6824705318240838,-0.444770753248989,-1.036333149342236,0.3581756475177168,0.9670684574905678,-1.8950832296802136,-0.3350012842381296,0.4257747135562407,0.7789403091117869,0.7017719670435135,-0.920217985751082,-1.4843971626891788,-1.296638556151514,-1.333453822835433,-0.8981761581382529,-1.2790088803469666,-1.2607676574802753,-1.1821705886742049,-0.2158087218931629,-1.4979724590255503,0.5695791605209862,-0.0562629030297552,-0.3852669503020247,-0.9767716125620096,-2.3144237429405154,0.4858763916747343,-1.3024326719528192,-0.6064087561132925,-1.4973574698577026,-2.12221997877339,-1.7224120374214302,-1.092670501172418,-1.398378844002652,-0.0323567801153441,-2.8294404213302444,0.3728590675961892
TCGA-ZF-A9RC,-0.9969314318610736,-0.996385756501483,0.7339858021849189,0.3215271040843134,-0.3120742041657754,-0.5769229478732516,-0.8842013579210936,-0.3050649830714464,-0.2628508808258804,0.8073265243868274,-0.1129665934621332,-0.5714742936073952,-1.1282086112177234,-0.1513783546959107,-0.3765298017301885,-0.1008417753126121,-0.2456360188886545,-0.656372399367605,-0.6395209914803517,-1.0755990741446475,-1.4242950831360262,-1.3041632879615248,0.3383365593523634,-0.1310372104290212,0.2385592524163259,-1.0698781842176115,-0.8396484549169909,-0.5231962668564794,0.9181995811095688,-1.1263649253841732,-0.681697619871082,-1.3721459479899216,-0.9689538502999744,0.1923861599060083,-0.8843896416435968,-0.5928506710155869,-0.0496664082665133,0.0912856541067076,0.0976401849353784,0.2917897266903312
TCGA-BT-A20N,-0.7663615323599837,1.1910155125642896,-0.0521510959343977,-0.515493973386871,-0.8758136033121118,1.1542144850196725,-0.8965481964498098,-0.0147476136494478,1.0458098519427586,0.0279171325079637,0.0240622605982596,-0.4494863383421705,0.8776713763492474,1.113762465050517,1.2513686669837454,-0.5798532939614853,0.2831709407610054,-0.4799815698403312,-0.5875204945319306,-0.5260021442202186,-1.560559538489603,-1.2318075262517243,0.0163284250367574,-0.7599574192573386,1.1274298653300252,1.676113001033669,1.0349959105822195,1.1953229355829074,0.4339598932721179,-0.2083819195826844,-1.2777023063221007,0.5820700972811265,-0.0962820542909073,-0.4362335870959652,-0.5843401664008345,0.8612951576114651,0.0568949569970738,0.1777432254965173,-0.6265589800254074,-0.3178012271217434
TCGA-DK-A3WX,0.8193411966845224,0.2707189993082675,1.386374201979321,0.8114715043297136,0.6075299528680279,-2.033909747151518,1.085105536968617,-0.3681776661569459,0.7469240038933355,1.0285002856836842,-0.017608849303127,0.2547874695447364,-1.0750599696652552,0.9788127126966748,-0.0462350810004503,0.9913813229806688,-0.2582508348262893,0.7032005753090177,1.4501741780826451,1.3067108699958945,0.3665868407957042,0.5960368575545023,-0.2473610566216004,0.6685186635995899,1.3226726262454078,0.3423196572585676,0.7861936311146139,0.8246814571613408,0.197906288008069,-1.5403628325550711,0.0413247055614533,1.0202298153459326,-0.3066293577107047,1.2871419576794771,0.8560411410925424,-0.2298953618001039,0.005729070746389,-0.8165947836721532,0.4555187209634495,-0.7445064008326325
TCGA-CU-A0YN,0.5577981445667329,0.3654567787641447,0.9504712253663128,0.7966677004983255,0.7141792211728554,-0.3277334201762665,0.6494124620117994,-0.4441594833767417,0.9588632210377572,0.6463777019440837,0.3983308473044017,0.0153544621058062,-1.5468878451562662,1.2022232197272118,0.2149177756781971,0.9543485338988572,0.9366974640181532,0.920089157368006,0.7150731195727101,1.0697704111779531,0.075454771507698,0.0670977239881492,0.9896164118351,1.1165700596138153,1.7081325768858135,0.6656062484353157,0.4384065863665071,-0.1852626712910634,0.2347511039697591,-2.171940547161388,0.4551263392124068,0.4437536733548225,-0.8764657786070846,1.62238983793503,0.9189024896860564,0.2112766324605453,0.4435742376851684,0.0740379954356734,0.4035428493315968,-1.2384577970059945
TCGA-CF-A9FH,-0.9206109422958216,-0.3638869994991834,-1.4179024026165916,-1.4001619544936243,-0.7469955060745113,0.8858485053139723,-0.7666445172892776,0.0131083988275753,-0.4008283739158723,-1.612145834038837,-0.3725043604141335,-0.1393923476734865,0.0468377855417421,-0.4140198616623826,0.3603351396841013,-1.010414772857731,0.3056124395652879,-0.8859738637145189,-0.7542313588804821,-0.9304815845202544,2.0586780949831147,0.916926800505592,-0.985106874031294,-0.8919840793856623,-0.9472660418638033,0.1063437963677617,-0.2681305301291398,-0.254666547871486,-0.6045583543248154,0.3551864150966232,0.3593873424759264,0.1951800455865793,-0.5837140117124424,-0.5317519221333898,-0.8667436296506292,-0.9783172995556164,-1.0590028669242817,-1.605543874080106,-0.8497467262227308,0.1094376809788671
TCGA-FD-A3SP,1.3802297695748416,0.0744456375555981,1.5145968610150733,1.8180783660796127,1.1779298480824842,-0.7378656865531316,1.4264132823858042,-1.1859095896790652,-0.1336374598990942,1.9257493993128376,-0.0402140434783324,-1.0549260341719626,-0.9916004957480314,-0.0253610767738287,0.5757326280048235,2.1972430470837225,1.645306238318207,1.37007668740774,1.5910380783135305,1.6288240885813623,0.5530312746794631,0.9741051515338106,-1.0909012204301565,1.6509948688328129,1.2247790306393167,-0.144303850609883,-0.7651097218531275,-1.0699593102576497,2.3575091337421235,-1.966140457235912,-0.3656888684173576,0.0021047062901576,-0.3877721035583744,1.277819270299491,1.198647833380808,-0.1721169107891316,1.6869618976779337,-0.6169625225513572,1.50668074207518,-0.3973082817706345
TCGA-GU-AATP,-0.0003250476606092,-0.6482349558924001,0.4577929057229226,0.5031825194329819,-0.0799450947729781,1.3676171013995364,0.5366846175316096,-0.4348209601857954,-0.4976613465265768,1.1555334787746727,-0.4804965184161967,-0.3311939553191609,-0.6671452107748572,-0.5087194710998566,0.3574325877638858,-0.029664618352783,0.5524276007785962,0.2021211089657641,-0.0101452538010185,0.1409024924128536,1.5470012996218248,0.873859010223607,-0.8732709228583525,-0.0191774811069801,-0.4656504032531842,0.1692015773918176,-0.9827957532021504,-1.1282291352890017,0.2016130394489289,-0.340243927168804,-0.623758310447913,-0.6233968773495383,-0.6152181927561391,0.2180136220963024,-0.1967481779331712,0.9683327737589934,0.1679958925068699,0.7470762218328697,-1.0426672073670176,0.3379525894833168
TCGA-FD-A5BT,1.8978201343874328,-1.5662435881587595,0.940785226875952,1.4668592994961431,0.5554754141053639,0.5130875695669866,1.224309541816857,1.153235450349893,-0.5809136599530017,1.7469985501265302,-0.940233754335284,-0.3323383993598361,-1.1636567813278844,-0.8152274967038684,0.5016637865659886,0.469271442558239,1.363774702389538,1.1933874257929564,1.454961905111768,1.3935704838028968,1.0843136257453747,1.4051837820287438,0.6387675910526996,1.0294206530458376,-2.038810815952358,-0.7522900364512002,-0.7831201760277704,0.1573897710312548,0.0214205946039331,0.1641006474447557,0.2168826207113768,-1.7733056027034306,0.6593581962032571,-0.5465189462895588,1.025544333437914,0.1238806315890624,0.0596039516043581,1.1335345346497856,-0.5355929787143411,0.2056405546775753
TCGA-CF-A3MI,-0.4089776045252153,-1.1790877477331692,0.0174700162758582,-0.422753203512763,-0.295665515340197,0.2525597917335203,-0.6559266334332651,-0.1690965519500697,-0.9203062404948312,-0.7755190557450403,0.0189220558918975,0.1460584406021912,-0.675439650976608,-0.8690778618036659,-1.520752560420196,-0.8131225596612262,-0.8514580705266418,-0.5039516728797454,-0.5261251806831234,-0.6127821378183939,-0.6855191841800395,-0.5930629803454717,-0.3083319137152397,-0.451236861757025,-1.0554150722104407,-0.8842712693158642,-0.8876537880125684,0.4387293630796912,1.1528780237203065,0.7232003150061903,0.6728636223251852,-0.2514660321980742,0.0920231495047582,-0.2907923616531013,-0.0193484218526371,-0.5567624539886421,-0.6591730501161686,-0.0560258624827457,0.2803528055666762,-0.2872292983073232
TCGA-LT-A8JT,-0.5008468240753543,0.1464301711488706,-0.8880504566888423,-1.1062407785484518,-0.5199826900101309,-1.95363830071318,-0.4300926679669684,-0.8615560562362337,-1.1420290273272753,-1.0790501051219352,-0.0923872704437703,-0.65449483355064,-0.4625756568299868,-1.3228907620321384,-0.7269183342082617,-1.5400099298197358,-0.5560150905408817,-0.4483497932498317,-0.5312439467541643,-0.7849023478620636,-0.4897237141812555,-0.513214408076124,-1.1008692596682792,-0.4296509293938044,-0.9405314317240064,-1.489911603151022,-0.4473236529466045,0.1098128900021026,0.6598638848351444,-0.1008950751372592,0.0602064146793748,-0.7109589872914259,-0.8157560331525547,1.1087325269385078,-0.4679688838680541,-0.6216995561304243,-0.2978170229910538,-0.686178673456938,0.1187923315112363,-0.0585966551508797
TCGA-CF-A47T,-1.4352308923230737,-0.780138406307535,-0.8205993448549411,-0.8854326404423911,-0.8466673506566647,-0.6809821083850858,-1.354221152257359,1.0623786546813292,0.0223625086346558,-0.6236494650980935,-0.1554121673959939,0.5508140467102071,0.6844436434101188,-0.0303969327956617,-0.2112647559550868,-0.96929030292026,-1.157906916037351,-1.23618540742509,-1.71014059616349,-1.5822155750861029,-1.331564860455702,-1.5292719278596671,-0.1838267118588285,-1.2419909338524378,-0.8107887093591206,-0.6205684778202335,0.642056195295205,1.5462308739312909,0.0384363858946858,1.2762884983494784,-0.704475509194585,-1.5791267868183685,-0.1876694378511716,-0.666919617581535,-1.2112269264937583,-0.8996386582609355,-1.0060815808705237,-1.0755246071611702,0.4263218846387698,0.3761092843647309
TCGA-FJ-A3Z9,-1.3261884193525455,-0.6173874348715235,-0.798912838765753,-0.9801478999469588,-0.7018743844255909,0.9974527889255872,-1.33362229576607,-0.1063231506135035,-0.1693088930471223,-1.148588655574814,0.0864277740817957,0.2157937787774939,0.6221431793357524,-0.02864859763103,0.2273199870780229,-0.8209091243391601,-0.355823340140648,-1.081051505047591,-1.4533383270601872,-1.2094739730608814,-1.0638824388431165,-1.3122375616747584,-0.3097826552463194,-1.2499890220406835,-0.1759820549921286,-0.4161968554808529,-0.1500158228194476,0.4019680503410335,1.388421424044976,-0.2328077060916799,-0.4595439058103858,-0.1851055618197405,-0.2181425579767253,0.0353630010272234,-0.9598667702458606,-1.6025872097176013,-0.6976409131475646,-1.3854045852900467,0.2663567252885096,0.0420978055637908
TCGA-DK-A6AW,-0.5262509822056969,-0.262585082162836,-0.0269264340183541,-0.224467889167437,0.0638439395716907,0.8224862344970548,-0.3707134127711748,0.3618330647210004,-1.043294482603408,-0.4887292139405778,0.0974612136153681,0.3723642427689065,0.5733673637589932,-1.0764615771627524,-0.4891544639778094,-1.1713075034363958,0.7420452694709887,-0.4774343286215154,-0.3608416287329657,-0.4452156248294366,-0.2623591183047709,-0.4914093892347198,0.572359384574125,-0.4985687728690754,-1.1478859868934874,-1.7866148427931756,-0.9351410438558946,-0.5586574014667702,-0.5302738598599765,1.86620745961968,0.4357382589886655,-2.92839211085383,1.401116065936964,0.3831779243601145,0.4237390421682822,-0.9696241190767956,0.2521459426633131,0.4771067589055862,0.4319566795403081,1.2810263992321604
TCGA-E7-A97P,1.6080392975837303,0.9052187836543798,0.862146941329183,1.2963869251316371,1.6887176643212196,0.3652875649131115,1.7256241872432758,-0.2629869577460975,0.2918956163488889,0.9034269862096526,0.8732775406747285,1.315251292987095,-0.2862221071330549,0.5379001264723302,1.0060343875967837,0.4725155784185263,0.8370047291412293,1.0700235139121157,1.520399702069064,1.4738615593851505,1.849233551933061,1.849766689933358,0.937547871927969,1.374034987966745,0.7755689925643661,0.7404669565851794,0.676106503027519,-0.1037986629610045,0.3200453189338583,0.0137292384297188,0.9603801328694987,1.1228652832873212,0.8113992695915115,0.8211502249674345,1.1877045383621625,0.0895745605304616,0.7363064856912913,0.399924275430683,0.8233179611415403,-0.055439538030548
TCGA-E7-A6MF,-1.027403548789222,0.8767974005086429,-1.479150855050243,-0.3378579402868267,-1.1607680092219494,-3.421193566410006,-1.3662930793038108,-2.082446546512346,-2.380501444879658,-1.745211703573173,0.3265941585658596,-0.4890868078500719,-0.6346617695869463,-2.30446337317605,-2.658053750723475,0.2680518868184269,-1.511318574212009,-1.1985609848294774,-1.3370468734812764,-0.8386392665017274,-0.7134428583932048,-0.9618850115259316,1.2083338376891506,-0.4945333824142003,-0.954858835979476,-3.4680740289173317,-2.4480321179966773,-1.959431864753955,0.9487956303613274,-1.182097305035616,0.7904908471495125,0.0887966545869014,-1.039080359758826,0.6355393660046877,-1.2551246637997664,-3.0529193523456484,-0.127116240732287,-3.3700897382166426,1.6778257142499555,-1.9338240944000888
TCGA-S5-AA26,-1.3820188060315066,-1.0422426358978871,-1.2608511413149734,-0.8252011852617851,-0.5355582055719307,0.487602235300547,-1.6024552975691062,0.157395425891523,0.1619004261254422,-1.0568303343803729,-0.5527580105922671,0.1548841895947594,0.4111372288720578,0.3274279436579789,-0.8322225761894453,-0.5667160723603836,-0.1483537212426054,-1.3769296189200682,-1.420814963180229,-1.4248622470054713,-1.3287761597713328,-1.4306856478724732,0.6687565041585234,-1.079924556156816,-0.0115328654013462,-0.8489192397782469,-0.6457654852402531,-0.1707349395230137,0.2238319659433815,0.3358840629545134,0.3503899572766202,-0.9832991746552248,-0.8304863671213657,-0.1994367777578843,-0.8633991699633281,-1.6441040696383369,-0.6618922785652791,-1.6366904519322596,-0.2171144440826802,0.0814256408847233
TCGA-ZF-AA52,0.343355343414194,-0.3030185736439008,0.7548990966970823,1.0424912025214532,0.6912603251279799,0.5998519288827576,0.5586811164089216,0.3023469158178993,-0.5542402050191968,1.3265305698593295,0.2540205423244224,0.5433859656057819,-0.5035946120326665,-0.8191295185313718,0.8708605772711617,-0.2996569410998118,0.5023438546174669,0.3145492419415266,0.4542314535280162,0.6069825362096372,-0.2048502018468725,0.0542914210213077,-0.0313267549971354,0.8764084377871971,-0.8507133073587685,-0.6634410757478901,-0.4801796265469651,-0.9269887776971544,-0.787050905801413,-0.1654418179960487,0.1571933984820324,-1.31630047713318,0.4677005837842085,-0.4096548343534393,0.7062010587311708,-0.1002726086969082,0.5234282789232625,0.6480072692408222,-1.134481678222164,-0.2349817098623343
TCGA-CU-A3KJ,0.271648915317379,0.4559703074918592,-0.0870734417494529,-0.330948150226138,0.4386912095780692,0.6306093666005179,0.3738140233332378,-1.7244014374620624,0.5752161190206321,-0.0962661384835073,-0.7004418375381377,-0.834453858332376,-1.446468521159263,0.971311117749627,0.6951200088327104,0.2768492170021647,1.053264929187731,0.215785362081076,0.7502629961953029,0.799189836637258,0.1425246715017911,0.3080875467043622,-0.4127147135051268,0.2952995609109243,1.6183688391338449,0.5758563397556183,-0.0051104879359481,-0.4378795539892995,-1.478776501476381,-1.7191005121489145,-0.2774398464788603,1.1688110980582227,-0.4400884766242482,1.0600268801209909,1.0751733907185967,0.6567140881171617,0.3125375005984965,0.2419625781944036,-0.3721339829335377,-1.6258377563133752
TCGA-DK-AA76,-1.68159872569389,0.0507080048980491,-1.4950818167577726,-1.9329254832942624,-1.7142847012519489,-0.0407282918026209,-1.8254964957223832,-0.339977650155639,0.1408275274605509,-1.8147601549503691,-0.5920698697601048,-0.7896872831988347,0.7750295112821229,0.4796944978495464,-0.8792345361963283,-0.2238574156461136,-1.5454741181441265,-1.6181519785026806,-1.3495787574807765,-1.54633409653255,-1.1867472197195228,-1.5008644278414434,-0.7284755748868827,-1.4769530168698517,0.6723769024875943,-0.2887228769724839,-0.1280309433461443,0.170537725640293,0.3618322556404466,-0.0421711146432751,-1.4857899270887114,1.2231411646134185,-0.8186677301529169,-0.5306493708518975,-1.5635189871721984,0.1252588725091193,-0.936568332011715,-1.4728801260196915,-0.5807613860829717,-0.3954288542616729
TCGA-CF-A1HR,-0.2874424915937837,0.644704461074305,-0.1091259839888123,-0.2841577013014867,0.1493972057644891,-0.0563892313773188,-0.1833766092503309,-0.0624094379001484,-0.5407681091883902,-0.6163939477645208,1.1971720061735232,1.2232201992670486,1.039551328790764,-0.7329291492900418,-0.5168326975307759,-0.3465110307897548,-0.7258934179056901,-0.5716477977783007,-0.1996143811648896,-0.5390535876615663,0.0196731578502026,-0.0288057018808496,0.8611137976518367,-0.4137919822016532,-0.9219466381960614,0.2948598253255635,-0.5341283675050131,-0.1554273408934115,-0.5950578737524045,0.8161767491935558,0.8007084966011588,1.7485317057431118,0.6708393335498907,-0.8024699408835474,-0.3364273154125456,0.40755117733456,-0.2813990316125104,0.0482040775240142,-0.0242310923377226,0.8999951702832802
TCGA-DK-A6B1,-0.7052656157080668,0.836894541163172,-1.0385844080718518,-1.3151697967360283,-0.3251667270517932,-0.0288704420428566,-0.5682232937162153,0.5229318339425413,0.2142093016291233,-0.8724444025926701,-0.5953173039709697,-0.1644654453987825,1.9762429012993767,-0.3030367273715689,-0.8660012959193649,-0.870803495203557,-0.941158584364857,-0.5042640832290752,-0.8064302430131904,-1.0112146807242797,-0.9157620646529492,-1.0294300519651234,-1.938212427212317,-0.7114785831018738,-0.5950595078142525,-1.0836755149089794,0.3448107304326975,-0.5107109222749945,-2.3330850542114194,0.9937721407837818,-0.601689544667264,-0.3864206380766674,-0.6420847934635382,-0.7025276352205225,-0.1634959034414959,-0.4160887733664575,-0.5734110792110589,-0.2730660093613274,-1.109794693533825,0.7061951193511607
TCGA-CF-A47Y,-1.1690707918237708,-2.362240171189919,-1.1728249965802104,-0.6364396187708524,-1.159808235926448,-1.780676966590252,-1.5638098679760293,-0.6359617817186223,-2.1281487930597183,-1.0459062314596168,-0.9546647932553134,-1.0781974440079656,-0.9955222596607016,-2.2243734774048223,-0.8895145067633177,-0.9459988858091504,-0.64996781600949,-1.42469148434685,-1.3205955400318217,-1.553790734644367,-0.5483850268101369,-0.8943535560000672,-0.4518252549079191,-1.3618145064303089,-2.0366197288250665,-2.457092063940837,-1.7790475694486034,-0.8423063234166539,-0.5341439016586982,-0.0262233266761224,-0.4892603870410685,-1.9019476222264573,0.1367986609756282,0.3462104855753529,-1.1565227688421094,-2.4734611219451987,-0.6031850664318807,-1.913314389232928,-0.3048622341652178,-1.103228757339081
TCGA-4Z-AA82,0.1733491023476618,0.2798336845653294,0.953482208723552,0.804052986365527,0.9671970657011146,0.7158453704550714,0.5201050370713347,-0.0783815026038146,0.757645673850227,0.7650586621156121,0.7681237187341686,0.2626183729957991,-1.22813914509954,1.040023018469157,0.2021044568434098,0.9644520886843772,0.5535556376017667,0.1796734658744251,0.5059863514693578,0.4752883963099417,0.6980343094016855,0.5249903068595138,1.095759293610505,0.3752883397622741,1.0236987358664222,0.6685204456254691,0.2650961086410853,0.6844514941814401,1.985843676558584,-1.2009745628187716,1.061062711721264,-0.5141034245705511,-0.6288056495935254,0.9102156305320592,0.6596725534124005,0.6666550797306475,0.5395219998742666,-0.0543989189463955,0.18881444101953,-1.5402213541458665
TCGA-GC-A3RC,0.939409937982262,-0.2186248350375997,0.6018190313802052,0.553842094586055,0.4571040297018142,-0.2996395371283996,0.7496366823892526,-0.0739371285442021,0.9319360138148172,0.1882413779769253,-0.118458238926636,0.1967956467397656,-1.354771767370501,1.1024435976752989,-0.3037709519829464,0.9182814226782798,0.6912454654732118,0.8890703449350222,0.962798653777738,0.9063052575782202,1.467138391370339,1.2180116841403072,0.3103843319181857,0.4931216917075539,1.3962093566773055,0.6648173561703249,0.3051051636133529,0.2863195598906276,-0.6824904776500054,-1.6768739290253596,0.8255591717404999,1.887700387884544,-0.8769872024058325,1.218921983438447,0.4841963008570294,0.279291133761551,0.2897854205670288,-0.0185203394754267,0.8982585435306795,-1.5285420777911554
TCGA-E7-A678,-0.6338786103502639,-2.140110373706912,-2.285357655495351,-1.369118353783693,-1.2521562911394033,-1.1719577146737563,-1.0573174290732628,0.8180749513282842,-1.918497576523488,-1.8370056588721169,-1.0103638459801096,-1.1124005578089826,-0.1049706934940535,-2.306903173122913,-1.3636600961689804,-1.7133980560624371,-1.5427059296568315,-1.2018264317928553,-1.1191575929403423,-1.240907381610048,0.0501153656805534,-0.3027212507990298,-0.2759664447267316,-1.4858736673973694,-2.7309596396822187,-2.267477516137308,-0.7151587027310802,0.0765955421374142,-0.0715128494868767,1.9136291774518976,-0.269649510751119,-1.2874441514037551,0.784788639167439,-0.7517174472020584,-1.017851789233181,-1.4960706220530868,-1.3196502206386829,-1.5990924805790203,-0.6033972802925838,-0.3291400555235663
TCGA-UY-A9PB,1.640040444362993,-0.3932526376059145,0.92577601814994,1.1975050318112308,1.4783118191407278,-0.2984871026572633,1.6285794139285117,0.9561293367405608,0.4740551142808131,1.4501401750445102,-0.5633529613864023,-0.453296711222326,-1.2709054487190854,0.2709214896725708,0.6150419923301269,0.6604224598054587,1.2812240112761075,1.2440525065977253,1.4308427099854155,1.5668523412617872,1.7222982665970226,1.7832685821238667,-1.3612956182590985,0.961287064768356,0.5944470403604813,0.7108501760944236,0.7225308128212659,0.3369949780927518,0.3896224438107155,-0.7274700479292603,0.9774076027888956,0.7692780718129656,0.149038585489405,0.5261403070767926,1.279470701337866,0.6280378950244744,0.4519341996821934,1.1549651377482986,0.6798700171680649,-0.2071178341645879
TCGA-ZF-AA5H,1.0409353002124628,0.009523240577222,0.8683109031844499,1.1830316027870038,0.5278600864613191,-0.3664917238687546,1.0556638093437074,0.6290910329852276,0.978862845352867,0.8898590930550164,-0.0806575660094004,-0.4163420219468877,-1.063430077228549,0.9573009712767327,1.2192629941292836,1.5477509105074436,1.1420581735171318,1.1894958367333597,0.8210060449643352,0.7829930373257888,1.471111621875037,1.3389975927222098,-1.869944114132568,1.2054265569981468,1.6904653952129596,0.6856077914298639,0.4335376159765979,-0.6173554340378495,-1.1031872390763893,-1.8972595706148727,-0.4273601470468461,0.7943935433524701,-0.2843797940355155,1.2546898683545764,0.540138604821808,0.1570232233764529,1.1390575719305531,-0.8989801896903201,0.5647529531381287,-0.724121766634598
TCGA-KQ-A41O,-1.953803773354368,-1.942100116460976,-2.832827849382009,-2.3108644946748145,-2.146990104267264,0.6603793051981574,-2.70044060277596,1.108078437368052,0.469823849500688,-1.937153965904384,-1.7387502555866554,-0.8069528588809318,-1.2448090048000495,0.3747820174095175,-1.3643878032329588,-1.8743017665423267,-2.164610286641528,-2.131875714641294,-2.1120113975503227,-2.215373134208483,-1.996239644094688,-2.254395630691153,-0.7102612592261206,-2.1658090694618704,-0.7980609689779282,-1.1202234486459448,0.2790635404798404,1.0792224696964128,-1.6415151411431854,-0.0478950595120299,-1.4520850647340269,-1.349865596473892,-1.4351708883983971,-1.1264434647206911,-1.8734898921472305,-1.0905963393612077,-1.4869661117738664,-2.2212541457298096,-0.828584873359241,-1.7653071241178064
TCGA-MV-A51V,-1.1936067923740308,0.580344276461656,-0.7493831263606875,-0.539542101294738,0.5158269377579838,1.5261872146786335,-0.2246344279038042,-0.3692400384917412,-0.1759300178021828,-0.4038484989543292,1.2359557665505283,1.8942769365706549,1.7970989476667256,-0.4881666267663593,0.3096793594625854,-0.8119879290791188,0.1433615562882252,-0.0724157238313293,-0.2528298180703022,-0.2611664298398942,-1.0102018249045464,-0.9993794865520952,-0.3009609185428143,0.1827619210808692,-0.0560086255837755,-0.3726418836156857,-0.703587263918772,-0.438678072891677,-1.1203821354692831,0.1130689558404623,0.7273234981197754,-0.2163107922442731,-0.0903109741371244,-0.1069772870593009,1.0694869793676307,-0.7342654698423765,-0.2489417842201589,1.429866955658728,-0.8772922674131377,1.8992603566589752
TCGA-BT-A0S7,-0.4690084576888996,-0.1987426070788509,0.0995051034339903,-0.3891269196837255,-0.7664337066839129,0.2212419446352626,-0.4710792159582748,0.1942600285267153,1.1233261781602129,-0.0190501059435492,-0.795639569837499,-0.5068140370779085,0.7652206881139876,1.156950459838887,-0.3880269405253283,0.529082350551843,0.0538781992687051,-0.6511205144863483,-0.6230669766534999,-0.6275465963673337,-1.6799476388942556,-1.3210835067954534,0.6180439577596704,-0.3562808148301017,0.6375817623330282,0.7481015555625615,1.3573471500150838,1.1757098186212918,-0.4643189130956365,0.5746685020163605,-0.6574292179659141,0.8416358587038552,-0.2604981744473002,-0.135135121019316,-0.1052038011994062,1.1829717838351212,-0.1083552060954531,-0.3233206426096403,0.4691317965135986,-1.102847649371295
TCGA-XF-A8HI,-0.6375366821917567,-0.3478254663382017,-0.675441242503473,-0.7608125895045565,-0.0907256846463544,-0.4379699507807377,-0.3110938852897146,-0.790919363323349,-0.8755330642744409,-0.7873421210573557,-0.1434538392095264,-0.4092068472719929,-0.5550454784713409,-0.7187128425443832,-0.4293239560181286,-0.6894929016562379,0.0997925665732879,-0.7823772983685877,-0.4268930400713162,-0.6145254781861472,-0.2446626564665926,-0.3470460355065821,-0.3286527497284481,-0.0595006529673903,-0.3362206624158543,-1.0299887094033364,-0.6908804031179657,-0.4804010044053057,0.5501603284311158,-0.6035841415688974,0.2059157699115672,-0.2836690616837373,0.1005792081395812,0.944785392151376,0.0300029962469556,-1.3767823066136942,-0.2056916761555981,-1.1436075587876673,-0.1179097209092902,-0.9419618229645146
TCGA-2F-A9KP,-1.1938336787380937,0.3899255678684362,-0.7265999654000086,-1.1205330087113583,-0.9706627796869352,0.5382982765943257,-1.3292832931292686,-0.1903038244628713,0.6181648211500397,-1.032561059598568,0.0732516858833413,-0.0559055809913884,0.3721609640814852,0.7483500865919068,-0.4304335096122072,-0.6909030873026177,-0.5019450913517288,-0.8107724408274951,-1.2068061676441506,-0.8754817984674931,-1.413560881555975,-1.3802270829372307,-0.4583344582376985,-1.0984884518773317,0.695849966943421,0.5430011105997609,0.7556088728164537,1.4338066558590137,0.8308482556249212,-0.1545795886133949,-0.0390496287782326,0.5920484567323165,-0.4951494820433124,-0.4066314032057189,-0.3182744837788498,0.7050182512691905,-0.4843874924438996,-0.2213596299688885,0.451163262092384,-0.0949943565860938
TCGA-CF-A8HY,-1.1287529138019303,-0.8927696214676967,-0.9503025982352328,-0.7621568082926563,-0.8313067353672084,0.6591613876389548,-0.8483860680948649,1.055982928384799,-0.488648708229318,-1.0050532322614454,-0.3889225511963689,-0.051360960355787,-0.2555604478462301,-0.6836504375506283,0.7107803229302139,-1.1400278934864834,0.3728308132101466,-0.7122734413792325,-1.123430817242186,-1.0777232744859573,-1.051713193529787,-1.1707258064602126,-0.0897159037615646,-0.4458986634873639,-1.6488162394918766,-0.8438941735444444,-0.021458559863559,0.8850945540905729,-0.41305552130012,1.2943922405436248,0.4836293058464593,-1.3858989691034231,0.119349172879106,-1.3131000957958825,-0.4459271614333422,-0.5241574649528666,-1.5233245482617108,-0.0279257448212882,-0.3865993913021886,-0.6291133470933893
TCGA-E7-A3X6,0.625745078925832,-0.3521538120035065,0.0777223297706251,-0.0791594243646214,0.1238101433699516,-0.6816666463939306,0.5457957733676329,-0.4662534672278063,0.0094131721782824,-0.114263475286564,-0.0588785286360468,-0.2831891835371322,-0.802263180948788,0.2475620158960977,-0.1677421074773779,-0.3698420909365085,-0.4570980910981967,-0.1637997161604805,0.7416316247760284,0.4321404557406067,1.3427333920859474,1.1337787556668553,0.4043350452560486,0.1967704634687492,0.3210208440714008,-0.2213113286332552,-0.1345734951912401,-0.0728922137963488,0.6618805837057818,-0.6948481392484129,0.1450896212979097,1.0478839240648867,0.3539188898234866,0.3405334515099338,-0.3215264464155101,-0.6277805933231411,-0.2124676191511392,-1.5703960971926574,0.1567568619365908,-1.0204687552816083
TCGA-DK-AA6Q,0.4222624740793859,0.1139461850398055,-0.8030490530422886,0.1969289844258222,-0.2306838186199844,0.0787583711247649,0.397825683744224,0.2462840334935739,0.4294408575616603,-0.7775205316557726,0.5324788273046697,1.0974685295663549,-0.1897772895500006,0.4939186424058681,-0.1513062689049736,0.3133084243654996,-0.4760338383666541,0.0517077075938754,0.1216431898335664,0.3972347931590004,0.8109617859574834,0.6731994717150196,1.6844857589273383,-0.3847093990746543,0.1462037480456798,1.2561620540524387,0.6500632083908299,0.5890842896371818,0.0639837482962841,0.2139361750026371,1.2120019186439626,0.0859797627985681,1.825144269678446,-0.1402567040185366,0.1751941695537816,0.2310474804443979,-0.721525807148731,1.3630876895929291,1.3636576231736577,0.4100868541910697
TCGA-FD-A3B4,1.064060771131956,0.4659965396255837,0.9948092366820374,1.543094707666608,1.170626733906205,-0.2569552813390581,1.0687872569186905,0.3404296960992585,0.5608285970397714,1.25914177388191,0.668313910853699,1.3805626191409182,-1.3872058126401414,0.4512370271532927,0.2952387940590529,1.2088110730164447,0.5442207136451588,0.6202250864594496,1.068283903367964,0.9885258763536534,1.875752898982744,1.5454595836946894,2.13115245769821,0.5659873631086328,0.5298254467707444,0.4231828237332539,0.3937577595003441,-0.3366484959590677,0.7630175916603599,-1.357963169522069,1.4818139462506383,-0.1037545437025486,-0.8578391000334948,1.281406848190814,0.7556108385118742,0.0475235487284842,0.9096233911376486,0.4856175388692741,1.255802737148456,-1.0137578529566562
TCGA-E7-A97Q,-0.4919295443237619,-0.0956531366509898,0.2246728663998538,-0.2668818922586013,-0.2813806733493463,0.4841218302051823,-0.5155228192971908,-0.6830057311259915,-0.6827880983377516,0.4751003863837134,-0.2452052254439987,-0.7747747619342458,-0.4725727776492157,-0.7673992758430703,-0.7481686141569015,-0.3930360286093394,-0.4221346430821939,-0.6327148785418256,-0.6621871150174338,-0.4369944854791834,-0.2395259298989179,-0.3534395247353653,-0.4409970990444614,-0.491538797126727,-0.1276137548518778,-0.9979161106262048,-2.070406602060272,-1.626653176373014,-0.823459994072668,-1.515067415172075,-1.0252187105138135,-1.864491322072029,-0.9638440723751112,0.7601608869243004,-0.3946464187683504,-0.7581403698426382,0.3429008593039172,-0.2975458101543912,-0.8402267466360472,-0.4143525364146497
TCGA-K4-AAQO,-0.079233579762094,1.0923565905858212,0.4781659468800175,1.0076716247316295,0.2567656577504378,2.06729442907341,-0.0283797392061755,-0.9129097879392988,-0.3673203546262593,0.5944795476771166,0.4865023359465169,0.8020237372964053,1.13519928188207,-0.1817167777557388,-0.86402644767581,0.0512983465362558,0.371945895298616,0.4406968077035902,-0.1492728674319893,-0.2784121425289955,-0.6218107722337188,-0.2840768345071738,0.0202568903602905,0.4527056650174444,0.3511775716298489,0.1432506063835243,-0.1787302906276128,-0.5424271266451323,0.2174221698173379,0.4041658264936426,-0.3347602666267525,0.4297987845234235,0.4869901836672061,0.4539608993795267,-0.220499182598892,-0.200869072103195,1.6107378292036576,0.0820525911960605,0.1878983018395873,0.5107275625952229
TCGA-DK-A3X1,-0.3974250561715425,-0.0372144149290383,0.0222756954940324,-0.5027463557388304,0.0010342863664055,-0.4126400512379127,-0.5021279788044006,1.1450351559062049,0.4076224036367125,0.1582354303816332,-0.8586194490260626,-0.4660060990710295,0.3912586697484108,0.2025234948793709,0.1481648807713141,-1.1236913752429238,-0.696876535009552,-0.3292119792317908,-0.4442081429173164,-0.6214868720147251,-0.6633582456454404,-0.6364849824398238,-1.5950202899652055,-0.7190383826057009,-0.3901970651235825,0.1417500004071563,0.3256755484137287,0.6941144709652436,-0.3283370758661771,0.8383190002841765,-0.2039376414905341,-0.8243115424672022,-0.329723767763742,-0.2716336018860777,-0.2198054405542122,0.0425567544528578,-0.6133982682179477,1.3445430740389024,-0.4883878845397373,0.1762927996045206
TCGA-DK-A3IK,-0.8514729847990242,-1.0477603804405642,0.6632448239179632,0.0145737466966013,-0.5184556603119947,0.5547683272930949,-0.8964075883513761,-0.5310560328817593,-1.381912875156031,0.4232839682790073,0.4993374917372937,0.1717800083956202,0.3124571939676181,-1.3493340576118993,-1.11436673797843,-1.0398899529382393,-0.8164144818543291,-0.2481167983881789,-0.9035672111204712,-0.8330262041741532,-1.0733278533564683,-1.0278196523736645,-0.3775137068329334,-0.4513271839204684,-1.3334466304618933,-1.330754652610359,-0.7886827436092207,-0.2391206574928035,0.4225349243731134,0.0626189127086523,-0.4053606090536604,-1.0803571911338377,-0.9977475578701464,0.7761005950140875,-0.6235793836106791,-0.729389342788738,-0.1216261246746631,-0.5932868832575479,-0.1586007216102853,0.4452055241793857
TCGA-DK-AA6M,1.0085497158169727,-0.5244618952909407,1.0207259123707098,0.7699135229519329,1.1736131841700213,-0.1306868122052263,0.9317874292429614,1.3797598238927609,0.6535768118769681,0.7813621622145889,0.346249659360009,1.0786346261832722,-1.1480292331134032,0.5647155450962098,0.1152060695210025,0.1053356741540139,-0.0227580976820966,1.1037194886773969,1.0457948631605978,1.141543807175028,1.1544672129631546,1.019844842919856,0.233696927607941,0.6566005548715269,0.1622331770700557,0.2308636884033826,1.0677690107460034,0.5939015133525308,0.5610526732390452,0.2980580052503889,1.087913915316092,-0.2045338191848026,0.1498567265003044,0.5422700099003028,0.7367965440207744,0.3267229434685891,0.2946758695612465,1.5596449406408606,1.0662650781175431,-0.150010114399938
TCGA-DK-A3IT,-0.1961647321925695,0.9929477056674788,0.7991912143658686,0.623752279447186,-0.1824243243047623,1.1239192325679874,-0.2058202922231512,0.1284244773618312,1.0673343819572925,0.4520789958433376,0.6029563251771949,0.7079770909953395,0.9109346785909336,0.9544239263129284,0.5519643715539131,-0.4517227465225088,-0.3623318428503226,-0.1658726349090772,-0.1215975679664534,-0.1634497799996774,-0.291426080541196,-0.1650781133510966,-0.9106451026483936,-0.2178340243924425,0.8640977887883852,0.9974857403754368,0.7148501275346244,0.382873810050242,0.1203001419331501,0.4239311813362039,0.3992092959543346,0.7172775087311019,0.1089673110289118,-0.0634192437705364,-0.676354166661673,-0.0747224970545638,-0.027935005206187,0.2071209242938579,-0.8624850962759888,0.1839862554849773
TCGA-C4-A0F1,0.077045903239514,0.0540758449298792,0.274488815883848,0.4607175975275261,1.0327498737251657,0.2427620437982661,0.4702861894570295,-0.2621940286533553,0.14668381830428,0.5859973702374635,-0.7971130218165237,-0.5984185933784766,0.3355524481010743,0.6202368201717501,1.273539562524282,1.0181877414192348,0.961768418968882,-0.1632261648917931,0.9603248801733232,0.6045327809007651,0.4253981433281834,0.286405989935366,-0.3324771103294511,-0.0111038343607801,0.9145456500354432,0.3720602915410119,0.2902279570727737,0.300482484739322,-0.0716575899886673,0.8287359803589902,1.1158071589860572,0.271295981393685,-0.1548142255115714,0.4963139891902417,0.5921066859492139,-0.2798033663612931,0.236467221769404,0.3319209818272687,0.1084756377279124,-0.3786837313746758
TCGA-FD-A5BZ,-0.5967243080573363,0.424974889892693,1.3542540532414065,1.431010074853562,0.4109624809499933,1.2382986007056438,0.0464881547078894,-0.9180995556279172,-0.7653097847023068,1.7079493738090763,1.044795621166364,1.0793393520710184,-0.0436096031289295,-0.8153544405411146,1.003248983823103,0.7142640751013847,0.9673046179805254,0.1209345247361776,-0.2176271901564355,-0.1105890804028876,-0.0940745584201932,-0.0594847808232283,0.5708440923011885,0.7935280213383121,-0.2299948259643522,-0.3665758288369084,-1.1022592294820972,-0.9703924661003324,1.3699458598810246,-1.0103210062521752,0.4274370697937877,-0.7123077473605641,-0.1822634921554758,1.5266738986376798,0.2496217909659359,-0.0341631545093062,1.2174068964991995,0.1041410428493661,0.681000325720003,1.2255847459456202
TCGA-ZF-AA53,1.1627973587176808,-0.4134441323055463,1.1775435591149317,1.0434986570062117,1.1599819692046018,1.9702535795831184,1.244854221930503,0.9074862281256234,0.1587440286211059,1.2158590877061748,-0.3375693144313167,0.1896348944526128,0.1372650250270989,0.1556437213048802,0.724319708241875,0.3791106654232468,1.511667773629671,1.047631697023922,1.5247940028754057,1.3815667004496073,1.1904573973569674,1.1736986402380742,0.6641442728107811,0.9105759458942172,-0.4650809693254832,1.2797812799980604,0.4282633053956577,0.3100588534952824,-0.0318106924772038,1.141628873498053,0.8643537116079452,0.1597281607399764,0.4998133127235815,-0.1945593883078611,1.10768063506123,2.1595866978849583,-0.1012409729478299,0.8877338976668111,-0.7724655195926399,0.8583012380221011
TCGA-YC-A89H,-0.318332433105676,0.0450290221703922,0.7362520790265942,-0.040351068421342,-0.0279493128028718,0.8031566085807456,-0.3835134469159596,0.9848179121046454,0.3325202126496677,0.1965113911831529,0.4519428300358453,0.6210479848081165,0.6358034805114785,0.2693895848911141,1.527213201945199,-0.7532571991939909,0.6825141139864043,-0.4328934162372637,-0.6052358217456903,-0.2779448703437613,-1.3983001913781723,-1.0597040772554585,-0.0311569745547472,-0.1470594825420435,-0.4568845588663505,0.7609107034578483,0.9356360421625548,0.8394965532719469,0.5758484621556259,1.2682199976769428,0.6315697442670157,0.2423060472763116,-0.7370920801787755,-0.5382640608470923,-0.124742903105078,0.4042901375057193,-0.3025420751651357,0.0988892415765963,-0.0371949674655382,-0.7598008707601149
TCGA-UY-A9PE,-0.7924912511739087,-0.1239099741805759,0.9244850867280232,-0.4088800605808796,-0.4197931580990539,-0.0939513537799237,-0.7183163499225103,0.4390112379042815,0.2182016391560317,0.0089474627659211,-0.9779520127696414,-0.0808221661065115,0.7563154496205879,0.0862353862589057,-0.0514347904168413,-1.3133680764960023,-0.3931486749362752,-0.4668102564596701,-0.7706142554250088,-0.8911119590468963,-0.5474376790968157,-0.8219933258472091,-0.5377922962721924,-0.8351718392200446,-0.6119894616187462,0.0634011798734041,0.6395898927130589,0.7936767155626436,-0.6354454737152014,0.244870505140102,-0.4693791436723181,-0.9515023975078842,-0.3450627750371241,-1.3127559484725166,-1.0263549303823023,0.7547694064248568,-0.6032480305413879,-0.9874902222970016,-0.8982248254871482,1.4988571707915377
TCGA-BT-A3PK,0.5674188433913285,0.3125502302784425,1.5835387511357597,1.0619417733349237,1.2916135120603294,-0.7365412097681866,1.044955934267494,-0.3650967089825221,0.2325895001468779,1.020914644057832,0.6288409048377946,0.3339643081816805,-1.098373630139556,0.5171659876014795,0.388469245633313,1.2423605848251134,0.6217880748101927,1.130904141292675,1.348973215352526,1.445071758537579,0.8915696857083018,0.7882096605189451,1.0423858958188643,1.359853052586214,1.0124966229098833,0.7209452607530469,0.6047161402509302,0.1519771711673348,0.4160418054393197,-0.7481431204195189,1.044611455932934,1.0391811178911778,0.0456745191737198,0.8466109731741694,1.3807921499661788,0.8902867285638548,0.5869294532177751,0.9502150354211572,0.8265148429315066,-0.518589636047222
TCGA-GU-A42P,-1.5899003754113057,-0.1844456649984563,-1.2426555764364249,-1.5093231499822373,-1.5733430902435497,1.4417895457051222,-1.2227477773532602,0.3711205800471235,0.7769948305717627,-1.2746591957170648,-1.1616639667952326,-0.4729621233587727,1.018377767995463,0.6034334442667308,-0.3270826093294957,-0.2801914592104882,-0.7907371591724468,-1.376727134225294,-1.05009252037961,-1.2190930337756776,-1.1573748312821948,-1.538626583690221,-1.079965240420846,-1.5947751132939694,0.6643331699971027,-0.6276894813248559,0.1204425978924423,-0.4651183488509418,-1.4267822626107594,-0.3043802949567284,-1.8527899574231537,-0.0187909962342047,-1.507962491499431,-0.7125701579178656,-1.5177013200631784,-0.9329460259653156,-0.6834573243724872,-0.7610499653923738,-0.6361971809892295,-0.7628297568056165
TCGA-KQ-A41Q,-1.089423638825257,-0.4318852816996778,-0.9076412718336212,-1.278886844663257,-0.4142641325033556,-1.1720967040367425,-1.2198741429004527,0.6456462474641417,0.7983081427040041,-0.8540036843059338,-1.6501411296279829,-1.4112317895789674,-0.1409637226207062,0.4364954401142412,-0.3584914719915492,-1.6806647814864513,-0.7740973893750381,-0.9844682302137312,-1.1644180454184891,-1.0174983027329718,-1.5539349286748496,-1.4141478379040875,-0.9577607361189968,-1.1440647909085606,0.653929934595915,-0.4082813578277914,0.5273394309611289,0.2473803266703776,-0.0991968762307632,-0.2833739905738,-0.3136332330956624,-0.6095706597933571,-1.5233934770061233,-1.2322457790197536,-0.6204244292570071,0.1433720235584601,-1.1512442457701264,-0.2700815770540002,-1.1905852983148977,-0.2756306712298989
TCGA-SY-A9G5,1.108189363512882,-1.2181364811783042,0.9603389947630704,0.8167840673445983,1.23438276750505,-0.6778921422058707,1.1061484177558274,0.4567638866201397,-0.0067144252700055,1.0268912727917838,0.4023633851069552,0.1573583178178422,-2.0774618843102117,-0.0335053085137751,0.0751049904785153,-0.6391387217385587,0.3440062038245443,0.7838165938963481,0.917993973666848,1.064806182641512,1.6370787364412325,1.6069639950548378,0.3163713040632423,0.8062798468634307,-0.0424399953133841,-0.47141225948481,-0.5324464507537381,-0.8138401590759283,0.8920800231122954,-1.2153022843826982,1.025265204172474,0.6794292599167064,-0.5029899233268883,0.2883249089204405,1.0558616485087795,-0.3101675905134636,-0.0213660901100284,0.3723852466765151,-0.0602934124259378,-0.3485945293393308
TCGA-UY-A78P,1.3366300474636537,0.8137664439703596,0.9294221711007434,0.7798382042607229,1.419996910346378,1.1007808641865064,1.6751785649388564,0.9345124712141876,0.5793186247945521,0.5356604470379089,0.3681402001186532,1.128612915525779,1.2734604564211711,0.551916035598616,1.1623580487417664,0.1118418479129081,0.9074399620254414,1.3011110947069775,1.2639550007123603,1.5997476746647166,1.6247248153189862,1.6848040395107042,0.88244964991843,1.3276310531531763,-0.2531074413776368,1.4516703716542865,1.3084389057584953,1.126284620949295,-0.1532221054480528,1.4816854396659105,1.0599066736282443,0.4630386010867707,1.4574149868447983,-0.4107568583365151,1.427264218964166,0.8266577332096187,-0.1110366254082679,1.6885438487476545,-0.2074237766802281,1.2325217363677825
TCGA-UY-A78O,-0.7379026131014191,-0.415216944496632,-0.1141740429409805,-0.8403444417153362,-0.0831445441820701,1.0596141546803268,-1.086612402364817,1.0506571707646335,-0.203471756065128,-0.548524248617653,0.2600962233898744,0.6502939047008263,0.9706406148682808,-0.574646958926096,-0.3807566205435976,-0.3467878174287795,-0.6005639347145668,-0.7964400915046165,-0.6257989344014676,-0.780454343744473,-1.137721962018871,-1.040140079975645,-0.2226016506324957,-0.8245217624228494,-1.60052639209767,-0.5461259652039429,0.0567670865466229,0.1143682996157355,-0.3236125265141998,1.1810730965992744,0.1227139430327905,-0.7079542221273035,0.0699520199818422,0.2137107206625919,-0.772580675633004,-1.0525429818182677,-0.9698022296786782,-0.1907066730260586,0.1759854972441488,1.174208530065282
TCGA-DK-A3WW,1.749164070366103,0.2306134125781073,0.4048214464878444,0.1960528539362304,1.267541391567802,-0.438289787721524,1.5502779984646518,0.52916295527611,0.5199954802481376,0.0940978649943226,-1.0012995410885213,-0.5091321334259497,-0.4070079568052262,0.6573474877291324,1.042503884226808,-0.0119641787359948,1.142466935238117,1.267863482492774,1.445237948977712,1.8347960538628303,2.0385818878777293,1.9462248019677808,-0.202780084132043,0.7376435151273537,0.0204339422396084,0.7187628408639686,1.5153297898474063,1.0589213248942553,-1.8429143214229589,1.033107750496851,1.2249549054595872,1.2684704698599998,0.0452217046938992,-0.063969392056141,1.4962718695402837,0.9230399389016202,-0.0388079083279242,0.189513674178915,0.1416058074288114,-0.2837350683464292
TCGA-G2-AA3D,-1.1081064931586646,0.2915162658737896,-1.6471537593590069,-0.9479047735185592,-1.3010773007437006,1.4140794003471968,-0.971533107703774,0.4870396304703161,0.3477318401186298,-1.7009794749745677,0.1889231647055441,0.328618290564684,0.3967561601438163,0.2800822537430057,-0.9861644572050334,-1.0925761964121354,-1.6135279681479826,-1.4694454670474433,-1.0431732418618156,-1.0238505408205034,-0.1255073228549351,-0.4158957921053871,0.5192764662562781,-1.2960325196118017,-0.2164958882718826,0.0873123924359329,-0.0281355777405426,0.2422856030396319,-0.199207675054995,-0.0591358545707191,-0.8268137038191674,0.6383074640746194,-0.0439175883159392,-1.1730432136269118,-1.1308932416732962,0.4361767011023731,-1.0007788005091407,-1.1351793477770158,-1.5123720089581931,0.2402477341145446
TCGA-ZF-A9R5,-0.6917047404996937,-1.504124171481543,-1.590434876766444,-1.4876521909323317,-2.080953442166209,-3.432185860775097,-1.36430001805238,-0.034543413381568,-1.681811496501335,-1.7728241300321228,-1.2563023382216192,-2.3960976970174928,-0.7980730181637135,-1.7704064433478528,-1.9075007876014816,-0.5018781298125812,-2.1924534192177103,-1.5421745906982032,-1.1479058245244682,-1.1392659874236033,0.708393485767208,-0.0540485940136479,-0.8062913515803691,-1.4966787473182228,-1.7369960666893218,-2.4359184399141447,-0.6754931414477389,-0.0895517283024422,-0.2503505018429811,0.5395441419492729,-0.6204211533885026,-0.295290151991973,-0.8009468465644733,-0.8343317644457009,-1.548622491378409,-1.2314575649382036,-0.8069847398931275,-3.069187775243962,-0.1187644700603887,-1.4446837847541374
TCGA-KQ-A41P,-0.2234977693361972,0.4194204090085034,0.3008631225369866,0.1912776676545159,-0.2952567322075807,-0.1897802587611259,0.0647324456547783,0.033118587314016,-0.4685775789129032,0.3055215189759925,0.6071558534746334,0.9934113589732072,1.6680878912699788,-0.5168937493342267,0.6834271285781529,-0.5280294072842238,-0.0946704408176065,-0.4233152264734818,-0.3283308544744898,-0.3052665645480973,-0.4387369624931996,-0.4213376678413541,1.7712641464456185,0.0346801857538348,-0.7908483354366197,-0.4673526792296697,-0.4308455087815577,0.3338163671168237,1.349435770368823,2.0419171614037723,0.498626645030393,-0.1482532327870563,1.0537915965970173,-0.5050820854562219,-0.4354011957009596,-0.676882832241955,-0.0394317053262761,0.1627613606838124,-0.0522254235819099,1.2376844067640966
TCGA-DK-A1AG,-0.4707371395706829,-0.1666133565516428,-0.2749812527816572,-0.5035948753524075,-0.8141212750924052,-0.8448087922174777,-0.329323199921738,-0.2836327887865633,-1.1927106368189642,-1.0174261212571378,0.1341350997364774,-0.6811502669136735,-0.8966187677284349,-1.152370674788043,-0.472527345195755,-0.6308826141784926,-0.2771407750422084,-0.5944023044508424,-0.35316322214065,-0.4704284797321477,-0.2749840042333658,-0.5178603226074955,0.3656180306523587,-0.4037052763565015,-0.9105854065731231,-1.0453342314343486,-0.7868347511123791,-0.0272979593933457,0.6228969904105233,-0.5223670378589937,0.5132855005045875,-0.2761361089157083,-0.0042666794309445,-0.1929391119231748,-0.6279575732735597,-1.1759354167448666,-0.4533281407519741,-1.294355130292009,0.1107999739026556,-0.4548691152818975
TCGA-ZF-A9R2,-1.496039294870042,0.3103194889211189,-1.9148334530038948,-0.9508562652984076,-1.3605932088946395,0.6447383805755491,-1.322620464313209,-0.3695784406535735,-0.0789145856141126,-1.7681324670519665,0.5226527524953355,0.4728467608210373,-0.0726939589087266,0.0630775704719757,-0.7294339816186424,-0.4601402253098168,-1.0074929480438573,-1.5625713030601744,-1.3597874749339298,-1.0412781819660937,-1.1796780075415776,-1.3827969540997092,0.5546901439459078,-1.0726273289245916,0.2283639604126484,-0.0899596786883107,0.232788666212433,0.389730566315862,-0.5366552103731013,-0.0683678418655573,0.2269881408184394,1.2017030707305625,-0.4213969791473441,-0.1015453808112125,-0.8049996844282733,-0.130807237394413,-0.7897069030493058,-0.923456681054349,-0.4803142099062013,-1.2119217926801344
TCGA-DK-A1AC,0.6812267215970608,0.092446791958907,-0.0732832164214457,-1.0540976977429382,0.4695113415022969,0.9842122154036512,0.3190289971331538,0.6677964793821122,1.0875952697101203,0.0579351461951387,-1.8207793153844307,-2.040464020787085,0.9701112786399194,1.011872432369744,-0.3724930900674962,0.1061867266273864,-0.0250676279528478,0.6258885042073371,0.7158340226114904,0.6862460498838913,-0.6729707544763459,-0.081829714663132,-1.7208432890995942,0.4024349446213878,0.8636766678420175,1.3437883732206368,1.3861627266966303,1.4017461438878938,-2.249888932482853,0.7283124013773203,-1.440620916054571,-0.0509724609663663,-1.0214841442120526,-0.0967206894519197,0.98658491886418,2.704239088036399,-0.2723497920581373,0.6544841147453162,-1.7537631841093946,-0.4841269691318391
TCGA-BT-A20P,-0.920934784530092,-0.4163131392117419,-0.7485873307878834,-0.5003532425432486,-0.3987521635148284,0.740675707083434,-0.5503437536386037,-0.0059082553783035,-0.2662315650914115,-0.6413919568186403,-1.06222962856305,-0.3311922302819693,-0.3242871631257851,-0.239903459775688,0.622065741858934,0.2392895306301495,0.5946027713361862,-0.6843112279577135,-0.6987067895398179,-0.9980970780075024,-0.095669177559574,-0.548860196864488,-0.9915568315036104,-0.91811794196926,-0.4834664794122151,0.0022735274572083,-0.7849786509352666,0.0014255759288381,-0.5699731254374711,0.4170555853159967,1.1932966823388784,-0.213850787826243,-0.0300823456050811,-0.0826750272969117,-0.323399940823369,-0.112615747188536,-0.9389214655706928,0.3444645686869824,0.2864004679233253,0.2319863181846051
TCGA-XF-AAMY,-0.4858648434070604,0.2747420869208418,0.6534711274973427,0.6866271056210791,-0.0205471688345557,-0.2781216208027456,-0.1487828566180008,-1.2729925320105258,-0.5563353581419023,0.6968003598555713,0.201382291345621,-0.3344136392365691,-0.7010028946194935,-0.3753322647366607,-0.5033079102949628,0.1571485764656515,-0.1293330222169743,-0.3171002373096761,-0.3520255120969809,-0.216656961899682,-1.2253884196434457,-0.7931639882447776,-0.5675054455324122,0.1374480883727703,-0.039528872649847,-1.0784422358877677,-1.0791717121143152,-0.8090832393979793,1.6919204763662334,-1.4557062625581294,-0.0213493024731043,0.9361275032962786,-0.911533854768369,0.649977906427757,-0.0718555378360795,-0.2442253114668405,0.5371206194280005,-1.001563079849055,-0.3541116998295508,0.0673408421327753
TCGA-K4-A4AB,0.1059257525793285,1.3078749333741009,1.0639086613095476,1.0824223239828912,0.8307191055368005,-0.2259538732842997,0.8086966348838776,-1.4954228713759494,-2.13254842503171,0.9517272484629508,1.5655678133860698,0.48542394827446,0.44909730444066,-2.0260983572427755,0.8436882633338996,0.9786301949746276,1.2444915228915272,0.3713270688509063,0.6316794362975746,0.8038080671286623,-0.2834586324659688,-0.0342853067520898,1.3868992406653171,1.0753004487490858,-1.3259652765286083,-0.9324671438960236,-1.8476581798448408,-1.3847525977248358,2.03144445074506,-1.0791413225527766,0.6713735923123124,0.6360891176561678,0.6072785323545187,1.1468731090311617,1.2620193550877392,-1.3858743473553898,1.5042267305126653,0.0459581264883076,1.2684400687292885,1.282535260289119
TCGA-BT-A3PH,-1.0554139561101827,0.918526819944024,-0.4450227676214026,-0.400993901808115,-0.7855793159409747,1.2460606008169763,-0.5417225483682832,-0.1681700369678398,0.5840022620529837,-0.564404833116677,0.7074256544436383,0.7343980672190628,-0.1113696790359373,0.663028625772354,0.2272933753020511,-0.0020785241076266,-0.4733436436213609,-0.5023319204797373,-0.4758214336408424,-0.5645099312334116,-1.646344122027398,-1.4195606577941138,0.1400801978747196,-0.717069715760307,0.4330560303239048,0.7244358125692539,-0.1153466524780134,-0.1777698872033415,-0.7945668749329274,-0.1842744793950893,-0.054736652363126,0.9078921519191768,-0.2746581679561075,-0.2059975896982136,-0.3776993522977222,0.8448222761160759,-0.8287490992174569,0.48722378268405,-0.9889776602460584,0.1685985133876962
TCGA-BT-A3PJ,1.0844924391531892,0.0206405421109739,0.5525947187935335,0.4144648931549724,1.2447251027823956,-1.4684455507468277,1.0058785506784098,0.3446119560893828,1.199582082167009,0.5920997734378697,-0.0994604653114348,-0.1943001400578386,-1.4578313368008031,1.1884026057505093,0.3690694766362871,0.0526937651202282,0.1672398394130167,0.8617518131272259,1.4856089673038162,1.32651235329825,0.817102798677715,0.9610399863226812,-0.67862035550747,0.5478839690272229,1.4256680910338473,0.4749001579118498,0.7287808016091814,0.4310839897546948,-0.790665895070307,-1.715424250925806,0.4969865027765152,1.045088088458877,-0.7124338159068786,0.7846311842977362,1.146354137223241,0.7115701016880519,0.3829326338668703,-0.8673358352102377,0.6169212576563533,-1.2951615084477517
TCGA-FD-A43X,-1.2865487830310434,-1.9929450253553909,-1.287045270170825,-1.0399380143542905,-1.6940983899457065,-1.317300515512851,-1.5820759315479165,0.3430312868869823,-1.3270973996269064,-1.2895563817084748,-0.616517467721123,-0.8851284050341862,-1.677232966510117,-1.349135146895857,-1.3261006847508203,-0.787772124590176,-1.5939290174076726,-1.779526504150478,-1.4755131792551028,-1.5466575450257938,-0.3144434332947634,-0.9181893261977796,-0.6859754311852834,-1.3711546982138492,-1.530633425012343,-2.0261586256378004,-0.8831578729704826,0.3457651868588877,0.5697020127975669,-0.5260634627514236,-0.5435374352600411,-1.6532123059879664,-0.4314353947244813,0.2380227291345744,-1.3553194759642395,-1.1563393530664126,-1.1638611273164308,-1.4148711046724378,-0.1951506306195641,-1.1869944113404038
TCGA-4Z-AA83,0.0253906862053489,-0.317037900566325,0.6667833277342726,-0.121968144350439,0.7349996008849818,0.4704201681517916,0.368995892907166,-0.7649861253523562,-1.6640160121278509,0.0560562529951045,0.6046434465050102,0.4323122447696667,-0.9403220055479712,-1.6919151433343385,0.448642758471577,0.8331077334937905,1.3903936965006003,-0.0091875700685868,0.4651491122720058,0.3268934601845995,0.4791648242527652,0.292316979229502,0.0477383584938968,0.6566515231578844,-1.4847715701296478,-1.1653159372381,-1.4148791183404186,-0.6927902754739481,0.7539033947307207,-1.1444155919752064,1.3992796061685415,-0.3269805258550775,-0.0365146485804556,1.093383623576156,0.799525344787741,-1.1767652187665014,-0.1478331282756069,0.592681523590269,0.2700764770182102,0.0313188438850421
TCGA-DK-AA6T,1.299360750482662,-1.311905009715031,-1.764855125383458,-1.5914433308520977,-0.8672033348912616,-1.332736276789377,-0.2510142087866751,2.094374963976334,1.949493792215108,-1.2061462689683162,-3.1268027610197957,-3.2288550862214853,0.118049805507782,1.557069481612798,-3.630871686524319,-0.6164917049709386,-2.7522968817963087,-0.8961433349864889,-0.4535233694021878,-0.5577077816369249,-0.4393547883587376,0.0919759106771437,-1.3483888628013772,-0.6865869716712252,0.3658465581606855,0.6953407297916979,1.9720503340432023,1.3932960400318493,-2.93146865790225,1.41094328396341,-2.244637438287441,2.285373989825894,0.0072397672079518,-2.933899277444238,-1.1045647824297955,-0.2742646538849737,-1.4514554457518885,-1.104861452135953,-1.3291843017028997,-1.992520838788861
TCGA-E7-A8O8,-0.8811777487361873,-1.425915110206888,-1.3559700569373716,-1.0591078285351403,-1.4355528748755375,-1.4431434274413808,-1.1639782616726573,1.1098253194430183,-0.0393412427194782,-1.074824208957367,-0.8409911241274581,-0.6434163219829515,-0.4435865487855731,-0.1852885059037354,-1.5455857498308945,-1.0285910276790642,-1.7920699448752195,-1.1594306355922788,-1.397398883321577,-1.4399990664589413,-0.938981619509444,-1.0416729841059125,-0.0722447847135384,-1.1585714937529992,-0.8853530415239667,-1.8572214829624183,0.2579421389588813,1.0351151529075928,0.4639403835300091,1.059683436973028,-0.5890134364075368,-1.2925006235014391,-0.6636242272751831,-0.5791743758164206,-1.3173544213738078,-1.3618297435949314,-0.7931953241959053,-1.3103722668701974,-0.1020714680040384,-0.1866057931386927
TCGA-FD-A3B6,1.409763338916669,-0.7414029254185205,0.4383544039187456,0.0451903628957957,0.2429149702964284,-1.4857965774614297,1.0553110259533578,1.1481780552612748,1.0927427963795708,0.4597513614984054,0.0139004516555733,0.0584778269095071,-1.249817082525421,1.096345463015039,0.633163803178238,0.4996805396356134,-0.0135667198516443,0.5874432596997717,1.0487417866580495,0.9824476398029738,1.0294956385330771,1.2283451781126389,-1.092910345151242,0.6062493031100474,1.0603333798132597,0.642192422362935,1.2635334886708751,1.5875571764943806,-1.2786789418452935,-0.7974407167335013,-0.5232614561388882,0.2518863850138037,-0.4620189114658344,0.5288383949864012,0.5791174348786214,0.7270363334014565,0.0564787644131451,0.5840839852587911,-1.4150275831916856,-0.7258067177228658
TCGA-E7-A7DV,1.5524863599501553,-0.3661257112562514,0.6583824810568254,-0.1099098238461252,0.7073443323675586,0.9482794689469488,1.8417741578783915,1.4708748699093774,0.5497785303229363,0.9334023443744482,-0.6887577153117722,-0.2282488555282208,0.7490690547384037,0.2299760146099244,1.5886806853455644,0.3158741733585555,0.4231945784482914,0.6471272436501403,1.6004716129602197,1.424820656582759,1.1045200383408225,1.2127608390811904,-2.063492375801909,1.2330486286247078,-0.5841304859356051,1.3507288519916651,0.5693512455041234,0.0538272062682049,-1.0342318821442056,1.5957726443473526,-0.6281407699988364,-0.7727566132046884,2.4454318556590247,-0.6425644115311144,0.4337532816200864,0.779140231058289,-0.2686384736975865,0.4908602329424829,-0.979919768420859,2.1093748503516583
TCGA-ZF-AA5N,-0.5174884127326685,-0.7240715068082183,-0.5668520576286626,-0.2788055281684083,-0.8049834655811171,-0.0203993486232037,-0.6580041990558171,1.1457356667877625,-0.0236007371075991,-0.8406988556699815,0.7318821644635001,0.5415017171676632,-0.117152744832031,-0.1234039717284667,0.2574605909726309,-0.1835154921965463,-0.0336717927727667,-0.2731452549312725,-0.6879609461469341,-0.4065897849953164,-0.0984192199296634,-0.2780838117912645,0.8525812877419247,-0.7706927759675309,-0.7554711275421374,0.0093156441833727,0.7420978347600847,1.0323735170567971,-0.3304794437834451,0.7004852967258073,0.7836984802385594,-0.6401626081694077,0.0195182480505046,-0.6509156126427387,-0.157058159886555,2.0538150267274307,-1.1397121160713313,0.0438869619305642,-0.0680985740404159,-0.9792511931106388
TCGA-CU-A72E,-0.551135612725239,0.411850533518523,0.3341890514239752,0.1529664973295287,0.0155250476051927,-0.4903543087079313,0.0329896137932671,-0.2586689857031994,-0.326014019610869,0.2677414523620867,0.2557402552021445,0.6256297587339004,1.3012040832268783,-0.2196381113280561,0.4999923704089237,0.2178806099553859,-0.1476997310245463,-0.6529114377159444,-0.4445455167800103,-0.3944835417165267,-0.5573433987860219,-0.5099593598104146,1.3236504418829806,-0.141028996422084,-0.4277784179118553,0.1815208924980177,0.0890481479644516,0.0184048338807679,0.9636204479351664,0.9310824304826688,0.7947843107198685,-0.0207655999224577,2.355209129529653,-0.0599356360417151,-0.5460550439373172,-1.2620999538165243,-0.1968070381055761,-0.8945538891713704,0.13949008695223,1.5317062187328252
TCGA-GU-AATO,0.2081875577591084,0.2155024953366979,-0.4595455493916986,-0.1739870089272976,0.3909125452914385,1.1661265749730032,0.4120086343257039,1.1743679821859057,0.0154686355657086,0.0185781767944472,0.6993004403239036,1.185738248760917,0.5085058799302624,-0.4513468122042052,1.3942737378993997,-0.5135747046449183,0.6227424240550786,0.170041968166064,0.2713376452487149,-0.0237664463351617,0.1033681649668852,0.105453376984791,0.6192699872819094,0.2579475932006931,-1.3332398994839767,0.211553855413024,-0.1353113631397938,-0.8568680146071688,-1.716868934118886,0.8382367663082899,0.3056531032517817,0.2473613443779315,0.2925853094093804,-1.614853900849635,-0.2923789353244228,-0.484640692956523,-0.7194191693901167,0.8292134444971986,-2.7688537302024,0.1611016566646227
TCGA-GD-A3OP,-0.2939760927058742,0.9701466847993898,0.2666599894408586,0.3937485152320044,0.5498979896595787,-0.7269335981095632,-0.2293439231069541,-1.5502864802178964,-1.294862272822922,0.3385803410698362,1.7752233855764457,1.0457918838149545,1.1375534293869505,-1.3923683001689713,-0.4847339081472832,0.8462466330260942,-0.0508708316720417,0.3109077171217924,-0.3579691147555716,-0.2556027658208784,-0.0229327001071215,0.0569234977904906,-0.2250580457929231,0.3788003480188174,-0.4515087887441363,-1.4283781393955517,-1.411360496486173,-1.4545941162703997,0.7131200406216033,-0.9194721453961014,0.6860176753996653,0.0627977933119373,-0.7497070054675884,1.5228352860926553,-0.2575338175269671,-1.3482982703035258,1.285912117136627,-0.3169247744016427,0.5415360692149986,1.0126709611267324
TCGA-XF-AAN5,1.3355877541894403,1.7473874945768413,0.6375621511930731,0.4035689000008501,1.288083467594721,-0.0397408159198456,1.4767934800928184,0.4967899007697047,0.6993272392033412,0.3553098719656175,0.2526326222995797,0.1564602890843687,-0.2033695845514996,0.8059808150109549,0.1056888090390787,0.4169155139452963,0.2846084553039507,1.1632599572260838,1.0082985928837624,1.23658146157269,1.3189955410037444,1.3529444239505688,-0.5565316466332326,0.861605202888281,0.7409790168331826,1.373918466178186,1.227434297645818,0.1813230717924981,0.258182168176017,-0.4008642933493652,1.4157386375443963,0.6466517244936388,1.238998752098924,0.0871968662872777,1.2476503736694322,-0.0154583973812312,0.5973954149403624,0.2474365631395076,1.1717676831409334,-0.10859043691176
TCGA-XF-A8HG,-1.5338441586901193,-0.8752636231778598,-1.8720106340908855,-1.696524466665262,-1.854974653368818,-0.498182573879162,-1.8066281092469936,0.4435719389793943,-0.2330245254196198,-1.7542616268203424,-1.1045126635196598,-1.2033099118519193,0.8010504907866062,-0.6071202126237903,-1.0561463958010957,-1.5340127838125048,-1.9598647730875527,-1.6339077797945616,-1.9542181886159136,-1.457787135470904,-1.6468300399835754,-1.7371203055142923,-1.3053055664820823,-1.931730152265183,-1.0533570168137851,-0.0288396068768556,-0.0908410876093577,0.5945944363040616,-0.9473806341757552,0.434147753747182,-0.8961210850030003,-0.3588643461109697,-0.5853727684427248,-1.2490297751308836,-1.4415622807402704,0.1211727356001178,-0.9662145746317136,-1.2561239492383731,0.0318332316769701,0.0424350907680387
TCGA-E7-A5KE,-1.5448763965043897,-0.8135971431010353,-1.4475423008579382,-1.8033494950108508,-2.3574465096657007,-1.0149939856630412,-1.4616913150419846,0.2501352673849215,0.9239197124559464,-1.770093334849958,-0.5776242264304444,-0.1623961808054776,-0.6034545592631315,0.9751489035712824,-0.4874528448535317,-1.66792876641081,-1.9973918226873664,-1.6640480593388172,-1.8518313268924644,-1.36366529977137,-2.108336572522053,-2.212603627230902,-0.4881525095301153,-1.7340732350204606,0.4629848268223782,-0.9255842452117612,0.3392807029495409,-0.0157114705357154,0.6317569182991911,-0.4397970680072405,-1.393006429737895,0.0341628492461736,-1.842925896240756,-1.7466233402330276,-1.9640205460211528,-0.8247981770849611,-1.372362260265772,-2.212225828997493,-0.3007341437170971,-1.899292484288949
TCGA-XF-AAN3,0.2024049345085845,0.5621851556733745,0.5553056649301626,0.866544704177471,0.4608511199907644,-1.1499698117196822,0.4840603215668657,-1.0296396048372551,-1.387231305597933,0.7923052849560941,1.3775933879221622,0.5703590494274265,-0.3831239983679231,-1.165443607284365,2.0414955818566907,0.389881597733983,1.4275825786398977,0.1426531796929911,0.1373251651928968,0.2340348061427041,0.24744502849002,0.072916878537119,1.059502575639535,0.8244790114670582,-0.2456420316986171,-0.0434669767540556,-0.9191047862465808,-1.1850160125005882,0.7853190134740408,-0.7081772248660876,1.1474974069136668,1.1995799640998728,2.646774548337232,0.749990129514607,0.0365517748310334,-1.0122134684935362,0.90373330540985,-0.6180278915689326,0.2962158565638985,1.2446464116063476
TCGA-GD-A3OQ,-0.3761371731946162,1.37991792394803,0.2827434832779397,0.3693474075918524,0.9231189904235249,-0.4231602021928088,0.4179007042700069,-0.606479818360619,0.5247072859444061,0.4660926206612424,1.757910191884679,1.4072254373094937,-0.6205954665565603,0.8688825628905245,1.6970803660628269,0.6271857249379882,1.1401858962630842,0.3643156413762083,0.0783371645404647,0.4310914933194236,0.2411014036440463,0.0823277724561031,0.6789973145454913,0.9422372176689504,1.4687252846146577,0.4586441493946335,0.0958030271162616,-0.2086108772090236,1.270669265224729,-1.0785677758862935,1.4026716245015485,0.6655074947335512,-0.13102142761979,1.6941229914256517,0.8326338146871245,-0.616825968683615,0.6997235733721981,-0.0397760164525922,0.0011701792656937,-0.3723252553357341
TCGA-DK-A1AE,-0.6155351726459694,0.7144980634570481,-0.2506588698160353,-0.8373028857990743,-0.747159969746082,-0.3711126549303593,-0.5960890200963341,0.5094588283086268,1.1294468339971164,-0.616405502357813,-0.5195755955114888,-0.4767562198137315,1.3080211263070038,1.215365444214801,-0.17283638245337,-0.3500109533733761,-1.1583130453374388,-0.770827421904073,-0.779172446212189,-0.780420536634255,-0.4126652829293878,-0.5224998233721351,0.7268190045230162,-1.0059926436229445,0.802395427655467,1.460785654102596,1.6717269705351852,1.706456605086174,-0.2848139526828759,0.8351448748210202,-0.5113251156164338,-0.162149571252633,1.936928264225728,-0.6507440426529301,-0.9577528564944932,0.819287968683143,0.1628507611443957,-1.8328266519105187,1.099444475407093,-0.3658139478680708
TCGA-GV-A3JW,-1.7087198183445966,-0.4304178995862145,-0.9814711138147711,-1.303327111866214,-2.08647217241894,0.296651902144549,-1.816059375831722,-0.9430258805995094,0.2572921125164468,-1.1728402368122846,-0.2307101567183494,-0.4405106735746835,-0.2033369785014422,0.3200086601225805,-1.4086252879598495,-0.4566146545867596,-1.7285150621981822,-1.352576247564985,-1.880079488146753,-1.5358572533939812,-1.566820728768257,-1.5163884493501176,0.4368942909373661,-1.5911867236048047,0.1713185359081202,-0.1942526571228196,-0.431708363782009,-0.1844652644663924,-0.1022474805732473,-0.5830134586910029,-1.9021732805261853,-1.1112784267546738,-0.903118615491532,-0.2240177479007256,-1.9023205029077717,0.1675794373588322,-0.0600401787621935,-1.80952091618971,-0.7736722918340755,-0.0414423414244349
TCGA-FD-A3SM,-0.7015479808794867,0.5800029154999148,0.5385240182497709,0.4935369458615848,0.2669349006936219,1.0992132423958587,-0.027386513926134,-0.8811643369019235,-0.8102088362789613,0.8555786062124184,0.0077074531414693,-0.2450184421293814,-0.1817846221694074,-0.659363162982724,1.677806091996092,0.493634557100502,0.9177703754554188,-0.4502764825561423,-0.393567756237961,-0.4513909345561367,-0.6540914849453322,-0.544033543276423,-0.9494539477621948,0.048702069960249,-0.1186026064504851,0.988156034050777,-1.1215348662277298,-1.3725560230858582,0.7568135035841986,-0.6679633581377641,0.9023234926652246,1.1203161282203364,1.5868386391494858,0.3353009060448583,-0.532673933744241,-0.520851278367306,0.479970696129351,-0.9488139483259704,-0.1230506765837789,1.304061166048779
TCGA-GU-AATQ,-0.3920399978883397,-0.0344790092178294,-0.0745975549113414,0.279779313603522,-0.6103839263545625,1.036104788781783,-0.2099532002227753,0.7318265321909295,0.7464320600656705,-0.2917171462586067,0.0576180822258514,0.4625479362771876,1.3301118191532868,1.0010228429202408,0.751127414481061,-0.1785458279052561,-0.6213378750070939,-0.5821150519509858,-0.330867383761034,-0.3001610350209134,0.2393071897135822,0.0220541261129207,0.9785668689596568,-0.4187923943277403,0.3761759089294256,1.3430403559037905,1.2550199425385105,1.2417826542488606,0.6054447344505353,0.8107216690966731,0.1252307963039971,0.3660264533350456,2.3522538131526143,-0.7268092378978025,-0.6459173550139711,0.6977764227268598,-0.5356460889631619,0.2755667885469484,0.154353585564325,0.598120003771284
TCGA-CF-A47S,-0.2907341261599438,-0.6045297314665429,-0.9491277027004392,-0.911547971474126,-0.0261959492204832,-0.134474626028886,-0.3476348383034372,-0.0638210455642327,-2.131181877798559,-1.04601053660757,-0.1378803512238582,0.0120443999334633,0.1441674702038893,-2.3029326908544387,-0.1229045558310037,-1.169739319381517,-0.3398910313054866,-0.2506240775850447,0.0782215389613851,-0.1559223066915371,0.3751826246679741,0.1047097671880202,-0.9058526543027112,-0.0231594946296486,-2.4250287639287387,-1.9651490851521995,-1.404253802081647,-0.4125667769534393,0.6091873632876273,0.5695732189999435,0.6016432530060719,-1.9663710063476412,0.1615935827125375,0.5304398964108555,0.1968144201987036,-1.6563053616433805,-1.155319008122673,0.2581202718845296,-0.3250005518179413,0.6913590091731131
TCGA-XF-A8HB,-0.863009780102528,-1.0141194259137711,-1.1884765660108496,-0.6732863755824666,-0.5932402413640178,-0.0519905621491714,-0.9959736440009096,2.2222114221065183,1.5253349889021717,-1.3589544558770688,1.0241928336126462,1.7119806743231605,1.6808067276295,0.91507616835778,0.3491105058390372,-0.442677539125959,-0.529750922973233,-1.0870280034249251,-0.8746083140031825,-0.7028336771201573,-0.6153612484524159,-0.6845528205300004,1.4518076243992484,-1.1078226294427949,-0.1430522136660376,0.3273872931903068,1.328884070990637,0.5239963006409799,-1.199295254581079,2.897584454974297,1.5639154788380516,0.3069065466611802,0.6350667937679937,-0.0314163017056415,-0.5306045078508453,0.1468184621839698,-1.2208001745598802,1.096278376016779,0.2671539007857355,1.0578266745262082
TCGA-XF-AAMQ,0.5968215231595038,1.18971074872542,-0.2109995105284423,0.0536032914760928,0.3873858465283399,-1.094513367717425,0.7574578579573334,-0.1535245614677556,0.3019035007679425,-0.3772997986188751,0.9910195093304328,1.0495967561097694,-0.157981496392275,0.4575756793709923,0.323446743523983,-0.3545763186499032,0.1586777806945324,0.7491338784152595,0.6127809185107017,0.5651897616074306,1.092882316600206,1.0725531782976834,0.7903668676640699,0.6729862607782017,0.9486916275843638,-0.3144882943671767,0.2425757124101936,-0.1641224196761123,0.4182658309738031,-0.610470451453648,0.0089447689063569,1.2100177826666392,-0.502315774089073,1.2635883373276182,0.0216328125069705,-0.8892599876778312,0.1456809331118095,-0.6168879431899971,0.202586204182316,-0.3110117848154373
TCGA-DK-A1A7,-0.5616021766628434,-0.8969009334005542,-0.3420185282390115,-0.7575808902587513,-0.6195092935828466,-0.9433241471120468,-1.149056092077517,0.7370628776230618,-0.063487339319329,-0.5105601378355816,-0.1839964113680169,0.284587851704648,0.3065040928518304,0.0472166157124406,-1.7008836046422449,-0.7522251647573068,-0.9136603859766508,-0.105966560778028,-0.6516748434727009,-0.8570950533492713,-1.2189246128032414,-0.986702088768362,0.7967059177517172,-0.5916602932831223,-0.6180862157906927,-0.9576502055999212,0.2157773503219368,0.6279099269646895,-0.2104337516797661,1.39817701080644,-0.1088382268943844,-0.4088798338464478,-0.4701769155501196,-0.1368307464845223,-0.5149986926135318,-0.0913104684078866,-0.6762943876472622,0.2792059122878507,0.7069488654643016,0.5036378176361103
TCGA-DK-AA77,0.0353574690327157,0.8910607395730672,-1.211694537084104,-0.955377754864666,-0.3738066888962746,1.388105249054412,0.09265626150975,-0.1287841535196648,0.1136490351168407,-1.0006023557025163,0.9737455949169008,0.7258930065022621,0.1474879764334823,0.10671127542195,1.6526486910540763,-0.6559486650991374,0.7326716516591106,-0.2176439044315951,0.0451380767561108,-0.0672795378301367,0.6247065480037889,0.5359880096508748,0.3390374891045531,-0.2137682519941146,-0.2619375391928287,1.3474431439934662,0.4281149745689377,0.2350469463630324,-1.2086539440192796,0.3707453821671558,-0.0377273591066791,0.7813107315049586,0.3446020967688128,-0.0679073014441119,-0.2878430636707823,1.2838844959238052,-0.1805595143028598,-0.0366225618297853,-1.2239065078520417,0.1879964846697185
TCGA-E7-A6MD,0.2268119465284257,0.204190283573812,-0.053775547281498,0.4938786918024871,0.1891600484100462,-0.4502025913191648,0.0729650724633266,-0.4196212866645437,-0.7432858035978613,0.4181663946615183,-0.1065894021539896,-0.2231449426459637,0.0914077068162605,-0.5996720557567969,-0.5241960947507669,-0.3542886304659537,-0.3972815839751633,-0.1587209941932549,0.1203747994333242,-0.2050709089223706,0.0045234566992412,0.0250969052310665,-0.0256810167814921,0.0490609735473984,-0.1258498243577206,-0.3127353427060749,-0.4054144437303464,-0.3982067912992097,0.4761463892537464,0.3673013656267299,-0.6870921977434338,0.4624194330647235,0.426216834271411,-0.2408297479361885,-0.214292617091512,0.0178133910478057,0.5861432171259234,0.1680835158332886,0.0768596427658399,0.4419077925930476
TCGA-FD-A3SR,0.3181451313262478,0.0367367003475886,-0.2014694197606325,0.1175742263573715,-0.3320910808144234,0.5222926821619767,0.5290902622494973,-1.162559291719358,-0.3091544629415468,0.3697505020448266,-0.2740535822635231,-0.9824849069868232,-2.052413114109228,-0.2321561445489331,-1.6944622126287296,0.1582673836628819,-1.5436273073714808,-0.0526432154201638,0.2260996672993048,0.1970054344195719,1.1539738218577127,0.8646487445782849,-0.8441249057883807,-0.0417713168658589,0.4220068566305783,-1.220527217556498,-1.379470044819381,-1.4503899562548133,-0.750903774370593,-2.866362206376084,-1.8292248488588128,0.6381643468559347,-2.1901647279773457,-0.9102473299630192,-0.951562281616504,0.0661122334888269,0.5648933172192594,-1.426598215275898,-1.1603287067838617,-1.4827016599944265
TCGA-BL-A0C8,-1.0260302307668765,1.260325527908312,0.5946679957242368,-0.6671595850017463,-0.5382439698236212,0.0245246525318544,-0.2849476306531543,-1.122297248462515,-0.1275840621699815,-0.5209890103044862,-0.6125503165248909,-0.9718851179955508,2.5679943391094127,-0.0645344007784266,0.0751679927503742,1.3448413833696138,-0.2627970950214537,-0.7787357500261843,-0.354713136269024,-0.5811340821082531,-0.1218533958614171,-0.4960508022575968,-1.1230552780014111,-0.3640650015485133,0.446580525319869,-0.6121811819440205,-1.0665177741968992,-1.5125150788748014,2.208467549834915,0.7111832659897298,-0.7230736458774545,0.290843478556305,-0.3338715047279158,0.3468302338696942,-1.325534722470428,-0.6365856924679331,1.0110325496556067,-0.9786132381669064,0.7936753336897083,1.8225901532147568
TCGA-ZF-A9RN,0.7420819551608924,-0.1948505028369864,-2.171678656464802,-0.4930983036492365,-1.6590388766318147,-0.1518226060652178,-0.4472853445793937,1.468616945402265,1.5995276970939178,-1.1649923567586051,-1.4677626180931382,-0.8723936537069589,-0.0808352284255182,1.6657313943838636,-0.5973137683728512,-0.1559236126381936,-1.6647718775281468,-0.7149719353298631,-0.1023014626493235,-0.2206400893276122,-0.4054853785296622,0.1533019497019175,0.0301252862716602,-1.1170709649721515,1.014683754488844,0.8842927908226643,1.6133404903168913,0.6728908046731326,-1.167383824918749,0.1514336058563673,-2.1664666522568283,1.057898230422056,-0.6018356964649333,-2.193432805525959,-0.5280474017122173,0.8037586063420059,-0.9769337550416451,-0.4062818015425339,-1.037439240128739,-2.1945506119807106
TCGA-CF-A3MH,-1.0322517844436008,-0.2455861424882155,-1.2520764828301034,-0.6153052398093397,-0.4479517918234667,-0.112963795535137,-0.5795277864144375,0.2062574792845468,-0.683246760472389,-1.1183114958897955,1.0926077657924118,1.537540337082557,-0.0837284893332934,-0.6942267006531666,0.7455347818158256,-0.1915882665683731,0.0174843912265043,-0.8521138481795388,-1.0240639072154305,-0.7821806518520451,-0.8669690512672399,-1.0358476346657968,0.8250610348260626,-0.4291242204520172,-0.7267174772903675,-0.8314247571876813,-0.5888774487189841,0.123065995081747,0.4840756522106641,0.1480486991186984,1.1597986080565614,-0.116692061699789,-0.0064598815794448,-0.3838987549356665,-0.496202133498038,-1.176012968994674,-0.474931737624346,-0.0201963874280733,0.0438532566670277,-0.6780021603012192
TCGA-XF-A9SP,-0.1440146673912041,-0.3213950487933916,0.963455247590013,1.282254992544242,0.3139809173087087,-0.0794744048814584,-0.1146934573804641,0.1323029759642524,-0.82166567693466,1.1417879728980054,0.2380500028109982,0.7905040548144769,0.6619650616380732,-0.9005612707555697,0.3091816589726738,0.0274593692772008,0.3483158964548236,0.1008722669272403,-0.106403531719031,-0.1821723962503313,0.1244975222772008,0.0583771779881007,0.0197384152777734,0.3887176116463854,-0.9793251279180106,-0.6822186297991751,-0.4143796684008355,-0.4844848936856205,1.3135725638049962,0.4022437363028365,0.0977463105486871,-0.7321750472687383,0.429305666878552,-0.0611209559583811,-0.2560676664528678,-0.1605103882324264,0.4999019332001647,0.2341016643727175,0.2549223607620196,1.167031055933934
TCGA-G2-AA3F,-1.2558302234327594,-0.1336316862115137,-0.7330697633916465,-1.207496914658589,-1.3827883548316489,-0.7646916940813255,-1.5565878383066365,-0.7078636352009576,-0.3314083030200526,-0.914620713783614,-0.2062160548581529,-0.9877385057768534,0.7169848428076036,-0.1872754058892728,0.2092776219484642,-0.5486075587875235,-1.509146952460035,-0.7517584455542183,-1.3176262130307548,-1.293870253671592,-1.588224902698927,-1.4707399068867255,-1.1434317782231558,-1.1809292708634929,0.1359713019429813,0.0536662035956763,-0.3301348004926643,0.0757156894649974,0.5141752570474086,-0.7307977472254646,-1.724987905356801,-0.9904665839526744,-1.1734922878102676,-1.2922085322513692,-1.5088948831220963,0.8230712059688624,-0.9983574988886303,-1.826625544371986,-0.9604558210142804,0.6545797734672582
TCGA-4Z-AA7W,2.023873636677708,-1.6065351731646136,-0.6733282053322817,-0.2804430007120636,0.4557997192628459,0.4618464817811357,1.0577569912668003,1.2856556284170646,0.3989414025802265,-0.3192900398827712,-0.5854061328809099,0.2825924809777597,-1.34850316254808,0.2890187925861187,-0.5068710350719536,-1.5738947154669871,-0.2517790896519903,1.008599161313636,1.3167162431913264,1.143233128876863,1.728725300697668,1.8925627427903544,1.0160394144151834,0.1853488723527689,-1.1008147430489312,-0.0697577097973009,0.5299617449817572,0.5291120397728638,-0.5018125986336337,0.7715484746973127,0.3267431151659414,0.7520652170679297,1.1127222291075254,-1.5743510472120337,1.13496977004441,0.461736402503779,-1.4850679807906104,0.130602015918385,-0.9717013130151116,-0.5725809188561515
TCGA-GC-A6I1,1.9269200123351915,-0.1639472180467619,0.3037750752436293,0.3439441152349562,0.9594817524666642,0.9522582334601968,1.719024344613454,1.130129139721654,0.0706237719305062,0.3419963343027604,-1.181071784051796,-0.2053153585217356,0.4728594411251919,0.0966272610675398,0.6632540617710754,-0.808284133535747,0.6301618268946715,1.3335819508312283,1.72185967203885,1.915085409423814,1.4581458664371183,1.5584068738346326,0.5500574713052129,1.1354951959827542,-1.038808473353273,1.3906846618559996,1.1964018787345605,1.2482573756486306,-1.5602750397213538,0.7925640138556728,1.2247780946244269,0.973427557357788,0.7397104335914679,-0.0921183399034939,1.4483972738893085,1.7971291598039196,-0.5659800953133759,1.3039303052302686,0.1525494257108385,0.5834889007495149
TCGA-GV-A3JZ,-0.4330457413129336,-0.1485663311203842,0.5743572934725572,-0.1930977984376489,-0.7917225097967558,-0.1013559911528979,-0.1952082132865914,0.2942330653157202,1.041451825516604,0.2881745305387141,-0.8981071753088236,-1.0654737349275398,-0.0145682462397774,1.0690902673473148,1.1374284664961056,-0.1802691315569426,-0.4340675246655772,-0.3756623630161677,-0.4037562607301506,-0.6887337355068043,-0.9920389266132454,-0.9233324190888555,-1.6376823142625023,0.0311661477444428,1.3973352323781625,1.191117404077882,0.8852779734652056,0.5610875025687542,0.1559978274749498,0.0337690758641862,-2.3360684535460625,-0.5960721551857449,-0.844427429160741,-0.1265998864744305,-0.7935745417995931,1.218970419779217,-0.0316599847613771,-0.1875530726160231,-0.9468177165930448,-0.6001940245218121
TCGA-DK-A1AA,-0.399865841144709,0.820189323227149,0.0441010285452234,-0.3071583090838979,0.2634294196299371,-0.7685776785677055,-0.1420294487993655,-0.5981631178940993,-1.2051971088545566,-0.4276940677671102,0.8160631574076693,0.417644344266217,-0.2787375099492359,-1.1403005843147187,-0.1518065543686752,-0.4329880058245256,-0.0709123982913255,-0.4112451345238637,-0.4754744563970306,-0.439332922229442,-0.191361325642816,-0.2952212379217285,0.418062338853173,0.1507188681002643,-0.691467492428096,-0.615658581134233,-0.440656104659906,-0.0883983168754743,0.0633786097722613,0.013413144540391,0.9020492766446012,0.0168455687054851,0.3148165118475756,1.808574513160451,-0.1279587908459205,-0.6753158083955626,0.3471969994187059,-0.6789531900543618,1.3847244422730396,-0.6646165168769078
TCGA-E7-A541,0.533804141453123,-0.6845478189284238,-0.6683007315003517,-0.0558545470339686,0.4973535576794854,-0.9090934871250328,0.1752158610668854,0.8374494484542153,0.9571034348946666,-0.6010404771561138,0.4244308165636953,0.852592599770161,0.0641156202383876,0.6550355608646548,0.3700231071872729,-0.5848813973009728,-0.7863249775829555,0.1944452678245652,-0.0440513284419193,-0.0333617714525337,1.3838077830968634,1.0375718862485477,0.0644924514572531,-0.2554207182200919,0.5303578133058807,0.115230362519375,0.1782197633531887,-0.3333985063316788,0.6052138215606598,-0.19287297227279,0.9348263065213284,0.4011862786595374,-0.3363687134783799,-0.7507134414612244,-0.4443651342344961,0.097307822277761,-0.6645180455423372,0.8732492497845823,-0.3450214662595622,0.3623822382507425
TCGA-DK-A6AV,-0.1707881381011784,-0.1655170489441276,-0.1900071805829141,-0.5496564004135742,-0.4172254427006772,-0.16466833037389,-0.4772284296860174,0.8933399975008501,0.8585280509472084,-0.4873235087728582,0.2468576608699825,-0.0266209823579482,-0.7816099549083968,0.6716309229431633,0.3387533887913542,-1.0146854182849336,-0.4900093931439234,0.0557650358296588,-0.4720499597061836,-0.3228235581330093,-1.0900007256501183,-0.737837520035912,-0.4443025621457908,-0.2651210068533003,0.1743260149655345,0.5115919158982483,1.024753495062179,1.3836252478970124,0.5283557584501928,0.209374955863563,0.2571141079948206,0.7686389487164399,0.2811311828209099,-0.1722447687019226,-0.2493070449276011,0.8270875338187444,-0.4739940537208578,0.8255199236014908,-0.2188166642081105,0.0250661726481829
TCGA-E7-A5KF,-1.1734105227944915,-0.4015658226237826,-2.0154673413795416,-1.7650270697513029,-0.892344647398414,0.2560938591781124,-1.4563336745169675,0.0610122168173773,-0.5043593482904767,-2.0993736492384287,-0.308054134920755,-0.6455591041449121,-0.2247650445633552,-0.6202917949205217,-0.770540964651123,-1.0771575318230897,-1.0368019692003034,-1.8060710375159208,-1.0439967485232404,-1.2207434686654404,0.2037126766736985,-0.3156396136517563,-0.2196511363851671,-1.2443361311747234,-0.6296038895983124,-0.9814067667735512,-0.3051483488824231,-0.2384841298990857,0.3911200705276355,0.1568125177297841,0.0568463015406434,0.1366854369026272,-0.0378665974110872,-0.8861948676346001,-0.5696542715679971,-1.277735452002954,-0.9541232009647098,-1.2538627995042997,-1.2309130684208878,-0.9429798211963664
TCGA-GD-A2C5,-0.9399612480930588,-0.0056348061649597,0.2798081903374125,-0.4344306221062082,-0.3631739049743779,0.3892849497793897,-0.7533791848518615,-0.3617235303296273,-0.1791917474709264,0.17657792179081,0.1480688652633735,0.1491123573499679,0.3072420484106972,-0.2401765568033684,0.0302736192905709,-0.5603046875615528,-1.0004490829469015,-0.6589365555359901,-0.7679938982300869,-0.6376858461929842,-0.0167923309573588,-0.2071012815879245,-0.3951107398349785,-0.8528158917555447,-0.3121397898698215,-0.0348442111911161,-0.2755585290532083,-0.133356524245113,0.4172041779340061,-0.1790640832713054,-0.650068331098403,-0.9977740469076232,-1.4384874445883804,0.7770725332878059,-1.0874154332422197,-0.2015947900054342,0.1439855039891351,-0.8660161461045978,-1.1963900841456423,0.3864810411982262
TCGA-YF-AA3L,-0.97056932834606,-1.8137866425772808,-1.0498140706090329,-0.6318848972640488,-1.0419899651148363,-0.9626340071803392,-0.9835679341081396,1.4430058246997166,-0.5545918223140869,-1.177151313339745,-0.342813757148776,0.4251938675729304,0.5215591248003265,-1.0793792975218477,-0.5466284961108677,-1.7535666530197211,-1.0755550630476447,-0.983930887364695,-1.326934882131881,-1.205220119987416,-0.794678701379816,-1.0440563074807492,-0.1636295748627306,-0.8468790129854377,-2.0335296064406045,-2.1830048717125607,-0.8390628255097563,-0.3346390863234063,0.7127757420132569,1.2815597027409946,0.4800572626246712,-1.5852006190649928,-0.1656444307919183,-1.4639256002694072,-1.466670924103805,-1.1840621882763829,-1.185598430511637,-0.9529430510040606,0.2008869214511767,0.829658502668149
TCGA-DK-AA74,1.7254824001915352,-0.7636160922951298,1.8820755671005716,1.655679101143418,1.248551980175437,0.6876056649428696,1.873250938446734,0.7332880130045271,-0.2348400307538377,1.7084113236082712,-0.2092720545290929,0.8669459478899916,0.0887772445201248,-0.3559574244429703,0.8975987135052204,0.2054054828074287,1.352581102362585,1.60933193891909,1.8294462035177252,1.8731093621158577,1.203524351300051,1.507753993072268,1.2723705041898596,2.1192061888894598,-1.2410677721889585,0.2806012950922459,0.0143095823634875,-0.064862508639165,1.0972894719228898,0.6856086783834874,0.7686550801350213,-0.8675102247311535,1.369042178062345,-0.3325865353701543,1.4186344351123812,0.0353908889750333,0.2476627383250479,1.572424613204259,0.3559232299959522,1.2752750198006095
TCGA-FD-A3N6,0.0762573750505756,0.2175383297992274,-0.3100896055599477,0.2065033043990275,-0.1359787029659035,0.5340104564887285,0.1927175083053899,-0.1381747340906821,0.616535272276705,-0.3948915949683277,-0.326706504179816,0.204794686260971,-0.1007519825472633,0.9808783368265896,-0.2702905843334574,0.7774870183086766,0.4248102864425483,-0.1754526463112165,0.3994052390496418,0.3301193942686991,1.1746082794653685,0.8309389440407494,1.9828882161433303,-0.5648217981603783,0.8325894953505436,0.8121206101718511,0.937902239805149,0.9154341007999186,-0.5047089487215155,-0.7488411326665512,1.4626837227459188,0.3644214705071853,1.0801110463451504,0.8253224877776407,0.5795766152662533,0.5009215117554527,-0.1609146263628575,-0.5543720330083922,1.0624013732471875,-0.5961220511719921
TCGA-DK-AA6R,-0.0404401308778361,-0.6427912431074841,0.1425301723013207,0.6144881734303902,0.5040685381641381,-0.6259397622368852,0.3563155669870237,0.2071907970538498,1.0889273274454894,0.39111722857108,0.5886525303493828,1.0687617621184806,-1.014990475575889,1.240326929778372,0.8518030254654947,0.2584230704757795,0.2872136301621035,0.4464130407475998,0.4431915752547976,0.5690404950551357,1.234287594312509,0.858806497478733,1.3112047183108324,-0.0109145642187893,1.4790500394857975,-0.1086385403054245,0.7995694477663546,0.3260134187927478,-0.9772087348337264,-0.2302559181295036,0.2732870103567216,-0.1469461059963314,0.9983637445115284,0.2485419432745871,0.5019846891239781,-0.342618859436569,0.1740112763566357,-0.0554402891603344,-0.5906164727724951,-1.3909572949853322
TCGA-4Z-AA89,-0.8055672670621371,-0.4468083202385717,-1.7317915542326137,-1.5526747626650916,-0.6956749592635382,-0.4428217825694098,-0.7702033431814796,-0.0386414427195876,-0.631424228136421,-1.7613509756455763,-0.2046200455630988,-0.1925980754880198,-0.2885121603307209,-0.617118601607822,-0.1285094243507187,-1.403843061989594,0.1479708616625228,-1.0800407263164695,-0.614043202600484,-0.9467377394284836,0.2025526332444495,-0.1648181544099267,0.0930090701257961,-0.8042788330125827,-0.9443432647477666,-0.4384942748562832,-0.1543282007782819,-0.0635782927937327,0.4790791730870936,0.5680726894278533,0.5551778558480592,0.4332453007451209,-0.0650814186767151,0.7922388116038077,-0.3006837403543228,-0.5384112172371078,-0.7323252901332649,-0.9307597807303456,-0.4397128079737487,-0.3781567303687534
TCGA-BT-A20X,0.2132768409892451,0.1490261906984486,0.3236047200277764,0.1300791350252714,0.8249529750902665,-0.1469896141118385,0.4118507075927267,-0.3666760124953535,0.2338876129312205,0.4062544192475426,-0.458488410489684,-0.0058246905912793,-0.0568180260035534,0.6720718928461082,0.7413789624395571,0.3711231131355615,1.3431843389048177,0.212305239040346,0.5375375613520028,0.7845282992650187,0.7004140580829596,0.5396191229041929,0.6295107043659117,0.2412068620663841,0.6296462962584722,0.4160479313646119,0.9187111598843468,0.9655772998466202,-0.4517657837009141,0.5204832631449847,0.3554159630785681,0.6795188142999903,0.2890443014623845,0.990319583536815,0.935328841681856,0.5612950726160987,0.2113063239736427,-0.4178362390676638,-1.103424368005086,-1.2053066145704117
TCGA-DK-A1AB,0.7032034124183967,1.7282076222809362,1.2632640926515233,1.4642256883939784,0.7538615079391564,-0.2084220790895702,1.063795535520059,-2.703451340841462,-0.801147762235537,1.4343372202009723,1.3814313145042778,0.9752729978082652,0.3197988442361179,-0.1570015844296748,0.6777245450748337,1.481428207874038,1.740440258036859,0.5909785357448502,0.9258250160327778,0.9289665315183908,1.3089877019227023,1.316362378989803,2.8235627047629084,1.2253614204536043,0.5576710896336141,0.2907920784399681,-1.0739361885514394,-1.6029696262220348,1.4545181743500877,-1.793418225621327,0.5349791924484539,0.8298138256276429,-0.0539098575536492,1.2997522343570014,0.4812847275920953,0.123458975920621,1.592737513966815,-0.250271275868108,0.4208737051365809,0.2693414472768062
TCGA-DK-A3IU,2.446028220024224,-0.0230197091238849,1.2582833922089274,1.784356618160772,1.013526572797548,0.7846928243167756,2.008359353695252,-0.5078818902801273,0.0365515316398117,1.175254307656443,0.3316977987314796,0.5123142702492313,-0.9372612867742388,0.0270954699873164,-0.6569010958025469,1.270769931901511,1.3008027689393211,1.934616932480948,1.97397697491888,1.536438133401118,1.46856288477353,1.8392964076862488,1.561824906425688,1.180618479275518,0.4872497671767494,0.2982991321898767,-0.5610662277088295,-1.1660869827306422,-0.7922547177240592,-1.4349750508940176,-0.3197856185098728,1.8763547405126664,-0.1639058684602208,0.7367097762955311,0.8691648603152652,-0.0818152776517606,1.3545389600948206,0.2265099727275686,0.6533620803447846,-0.1574116688403165
TCGA-C4-A0F0,0.4069603472337753,0.0051802744333412,0.6591183076002305,-0.2203282830951825,0.1852173371470385,-0.2420274754542023,0.4285708100629188,1.6518561298696797,1.5295533384250126,0.5884723830432873,-1.6684925886505733,-1.1217446168458904,0.2761799320893514,1.500535229704931,1.4439155020914782,0.2981428001460469,0.0127186573730572,0.2918393103760712,0.4390001653478618,0.635981857620637,0.2540643415673114,0.2066512756340031,-0.9259187778100616,-0.0483803353466218,0.4206809045340152,1.497428695577813,2.439978021667127,2.1745002515327942,-1.588972127430542,2.0367168536543416,-0.3207379493747109,0.4697467105919419,0.6951307671813353,-0.8472283954874644,0.0589771550249189,1.33317037107125,0.3663461511127791,-0.0221050584138139,0.0980275664166082,-0.5199183448584761
TCGA-GC-A6I3,0.747193797843177,-2.44438513639946,-0.6963204184640513,-0.4858115786956906,-0.4480285465578533,0.2244922223019923,-0.0558882685743735,1.8416307804855117,-0.1700465197888307,-0.3198631695722911,-1.6354715067834726,-1.3834721049923535,0.3379441412020134,-0.5772084079391415,-0.3672683525908678,-1.5740508313655333,-1.3772837489477108,0.0106236894973055,-0.1625880287357193,-0.2361347458963109,0.5882168962015654,0.5173073680910099,-0.8231667541924205,-0.5378545928549454,-1.9103802561204328,-0.3801060860865106,0.2874715686994423,1.1340618010499364,-0.611364043077828,1.3710519817667282,-0.4980208193993913,-0.9862725577244836,0.6059811635763167,-2.757923126232301,-0.7354716805289173,-0.3721362386153452,-2.0914655164950484,-0.0859365741911898,-1.6226641133586746,0.8565417379326439
TCGA-XF-A9SV,-0.8220888996078932,0.5992380922927744,0.7895004807162138,-0.133982211814847,-0.1926602866762755,0.726193673760491,-0.4158542125006992,0.1951667502351463,-0.1469105069208079,0.6866397369330846,0.7460136156285635,0.8130407933843133,0.0229109303510927,-0.1703877820552398,0.0414574318168063,-0.4152677324647813,-0.1449278232575117,-0.2888466388932887,-0.7880673986961466,-0.5992136022142418,-0.8415374600042721,-0.7926201781283817,-1.119685625181512,-0.0391267379648034,-0.6100370516997788,-0.0399324629777136,0.2641751348521229,-0.2222971202221883,0.1973330950597434,-0.1668673004166668,0.1312729752018044,-0.7594791056593025,-0.6313471889607194,1.2542183171481964,-0.9188225803986356,0.2949255568016071,0.1572982255564687,-1.2801204460112408,-0.1663566920296154,0.3928179352114522
TCGA-FD-A62N,2.843780131931153,-0.2173032017880199,1.4096939556234078,1.4959252112668764,1.8596971179999635,0.0873484798521695,2.087870631100354,0.6091419003861183,0.1991804436229618,1.3564186112037906,-0.3238149947747945,0.3609757804553576,-0.7701283085103,0.0898199464516122,0.5348123731318293,0.7922467063503327,1.1819852099753465,2.6644611725617184,2.471851639653769,2.360993814546436,1.969232106351716,2.349754134810645,-0.4062892328705834,2.0466030712128767,-0.147897139656044,0.4948041117729431,0.2308684746466793,0.4423917573124786,1.323065786347092,-0.043615128424222,1.0654761793148932,0.6077965392872385,1.006565510757447,0.1718005955127651,1.7662580368917682,0.534525382605514,0.3788366204790182,1.6902072324951911,1.8077421661006707,0.367190999468674
TCGA-FD-A6TA,0.5153342995096832,1.394761653697223,0.7876512245026385,0.4759416786604745,0.7505482129870266,0.3078512352732585,0.5644454081123971,-0.4992481940968688,-0.3847394206622837,0.800142503330661,0.8758549374523309,0.4572998719766581,0.4385575103152127,-0.5491420627798222,0.3421670500940751,-0.3389356973856911,0.567671120920443,0.4886247196976311,0.4240092481340924,0.3514042156129682,0.1816485709254038,0.3970747376441792,0.2260934372591855,0.8430439711505963,-0.0201178688829004,0.4102878954661036,-0.2929570292330884,-0.4709803659720999,1.150514337298942,-0.3601832700767788,0.3251404231604765,0.249476188703282,0.6934401408183287,0.1451556563802352,0.2043722830649838,0.9564108161533909,0.4828471089214496,0.5992875452999671,-0.7909118536748295,1.2752963212682027
TCGA-DK-A3WY,2.484804207003778,-0.2027444347892061,0.710143879657477,0.8796908670167997,0.821486296086715,-2.4619089064771504,1.4520482619798627,1.0010531449884397,1.3183773144246913,0.6710995034244178,-1.937964386988276,-1.253863844270363,-0.7350981934063009,1.2083218084805425,-1.3016501334049695,0.2412635602316769,-0.3106521000180567,1.814092265232476,1.5469814466139766,1.0631733221926676,0.8635284932092304,1.4135089150462232,-0.9849528808090184,1.32266533489499,1.2944179951145427,0.1237241735677532,1.0411147190894716,-0.1403102729786858,-1.9269765539063253,0.0867251438352266,-0.9911893758869524,1.9369585226533423,0.7684930586329543,-0.8094334138950422,0.2901266965385251,0.2036242823574681,0.2171805222096095,-0.0277779558539648,0.178037686394232,-0.8887590468313317
TCGA-XF-AAMR,-0.3944845638371153,0.9218547169704032,1.5238051989823849,1.5716397011611625,0.3735491776372854,-1.4264174723213945,-0.1407010062733769,-1.7064281954341414,-1.1458807275660752,0.8773955518216748,0.9035741417028912,0.8016441965589115,0.8567277033904078,-1.127051498325056,-0.3613137067459057,0.8015381576924369,0.8244089825935098,-0.0922411235781286,-0.0339895383754037,-0.2762982664723235,-0.6478449630793344,-0.3085049148261603,0.2519936537307287,0.4840338768710904,-0.1280281406511131,-0.3547574524520938,-1.4793899152814651,-2.3397247695205805,0.058621640806029,0.3338731125727183,0.7841838011707962,1.1622998669709528,0.1789800514393352,0.5609747302159308,-0.0900481870734979,-1.6648589861710246,1.8193863839756643,0.1859819606281583,-0.0268017852900855,0.7766788746580242
TCGA-FD-A6TF,0.0754668685510975,-0.5706398577926751,0.8921560389510782,1.4863663743423026,0.3644951870569778,1.12180288674986,0.3031858182219258,0.3176428410201556,0.4097066320405896,1.223930289980435,1.314861855033112,1.3048341151801734,-0.3474747916605151,0.162387591167461,1.0166436428601773,0.9035957805485946,0.6289624142444261,0.7482160920554812,0.1976227935312255,0.2447986906881266,-0.6694968294508459,-0.2819372283714782,0.4142501376596548,1.2057092199134425,0.1110003061490716,0.761371682613674,0.7912296960417798,0.9264500933764006,-1.322146004693364,-0.1162618393518664,0.1144936064624818,-0.9091613547750924,0.6938854867734259,-0.2117079856228622,0.4509667007201434,1.3030315922314248,0.4212546897810623,1.6892907890174114,-0.8670229823733221,-0.1289671543669915
TCGA-CF-A3MF,-1.2057372729751097,-2.9704242612347618,-0.791810199822295,-1.054809458709936,-2.056778358922275,-1.9981779968294544,-1.9744129761501443,-0.9270858393232592,-1.43275443176854,-1.212101372641493,-0.205239898438395,-0.314999123185237,-2.2813878029203183,-1.4513148051426286,-2.8492367497197115,-0.4328802104396226,-2.097414190089371,-1.9005416022771668,-1.394871817059009,-1.3390969145138976,-1.4274681085666965,-1.6722312024779855,-0.5933411647906841,-1.2156017306597868,-1.095527506592695,-3.821408113814367,-3.637165438055546,-0.7948193553994919,0.3106547062513815,-2.201299668589624,-0.6934028116630082,-2.5958003398465768,-2.216339357713737,-0.964338341464645,-1.334046040239376,-3.3156034631606226,-0.920954700297698,-2.740403432960374,0.0096351659033646,-1.618851252591385
TCGA-5N-A9KI,0.2292026204014895,0.5363135415405275,-0.068339955145261,0.3443125585902894,0.0517689469053311,1.4921074016977935,0.9043429227005336,0.0511094947794694,-0.5577377522641301,0.5224625451438077,0.6517661940744941,0.9758941189502556,0.5702135058287919,-0.8228602807629136,2.135988480832493,0.1351204123463443,0.9996571621988016,0.3424994403745508,0.5784422862414786,0.4086549112874213,1.2108868332033969,0.9190796281817484,0.0096027105531642,0.6429317037859714,-0.9022997836747468,0.9264448337026316,-0.3899002703256997,-0.9463510799922256,-1.0153330399090783,0.256034770032355,-0.2710599632447932,-0.0757861203018743,0.4364791922764144,-0.9030594578387874,0.068093797129042,1.3698833127650076,0.08670487378197,1.3677330869663011,-2.0134205383911308,1.458677530003141
TCGA-ZF-AA4X,-0.9531610813371504,0.5947352284023646,-2.2336113491778025,-1.1191985327354228,-0.8176533351396571,-0.077837585486353,-1.0488478600745077,-0.2349447788977905,0.856327895594373,-2.1556153632044106,0.4095226847364918,1.228974974033077,1.7560898396750904,0.457476122175363,-0.485248032232579,-1.7401492953983722,-1.0747651541828809,-0.9749551536491036,-1.0119532873204862,-1.0213382563238025,-0.1908823883390235,-0.4592969227115869,0.4563919840175237,-1.2033243196545202,0.6792345765222256,-0.4431475558349139,-0.0025921826221277,-1.1498772147947558,-2.0627590952065926,-0.484381013372226,-0.4273564063650644,0.2607142907464305,-0.6891636847316955,-1.0543033823880423,-1.0703812064756095,-0.7588843811175191,-1.4257882996458082,0.3109855138598243,-1.47407899506203,0.7946309791232397
TCGA-E5-A4TZ,-0.9848926908408758,-0.6699353526903099,-2.3345850527711005,-1.725501129202916,-1.7579056602474037,-1.4955031769628766,-1.0106154953579425,-0.5374644652133764,1.1937149861212533,-2.0562982940943018,0.374646463713631,-0.0768937130716052,-1.5645015783387062,1.3100226835603173,-2.0541756832691758,-0.93281734206389,-2.3396568615534474,-1.2514565770188175,-1.087289967674972,-0.9689603274137564,-0.3994558020347122,-0.6818047222937471,1.3416681456540611,-1.5127877357295492,1.3879181878345106,-0.67855730780899,0.5043030222407947,-0.1896367317007594,-0.1948278958567708,-2.086712120451539,-0.3773125891586364,0.9730770768554956,-1.273674724067841,-1.0313930466913752,-1.2613348759078529,-0.7314596181896728,-1.592870183800931,-1.264078716215142,-0.5138297719729933,-2.3996256297871845
TCGA-BL-A13J,-0.4250955256275815,0.7164121016657643,0.345503324959523,0.2744462182985517,-0.0343650788718549,1.2420899288602647,-0.2463921681550688,-1.6736398865051392,-0.0645422675407439,0.6032575916222686,0.5104128590584818,0.1337695549191355,0.0365173050109874,0.3603667277973669,1.5769532799978665,0.1272451928823428,1.8055218315212431,0.0444064474076121,-0.5390505888711893,-0.2346309072424393,-1.0054746782901252,-0.7009796288834915,0.4521135207114721,0.2647032417990398,1.0277012789216111,0.7424011473711359,-0.6130159606160285,-0.8862974659965466,0.3043852495423201,-1.657841890162847,-0.1922718631243084,-0.076500144158104,-0.7264059339653323,0.4102541999410339,-0.0451760873221247,0.3993508866010508,0.5281887745033871,-0.3688619079363744,-0.3708151595500449,-0.6890143457141973
TCGA-DK-A1A6,0.4761109600815949,0.4824766556895225,-0.5866639748945004,-1.2684885854107917,-0.1811761781045812,0.2805654720677048,0.1640415359199668,0.7773265666145442,1.1335831501330376,-0.6110602673341653,-1.0562765944062456,-1.1158248689015773,-0.7551390082732942,0.988281022216715,-1.1601472951782623,-1.484745834810214,-1.4815104194491568,-0.3002172735000096,0.074697595024947,0.2856833232472407,0.9196666490201748,0.7424439924912724,-1.496952022555267,-0.6556457868498676,0.2235796765594652,0.909684259866103,1.112433444417824,0.5438232570305899,-0.5938812413868492,0.5682846993865049,-1.424465196085061,0.928288785600082,-0.2106139179555146,-0.930380583381344,-0.2456868791819989,1.2129223072543962,-1.1818931066169018,0.6037135697283911,-2.0904620336181354,-1.1738047252159862
TCGA-ZF-A9R0,-0.5107710445489544,-0.7006364645271127,-0.2630081014127209,0.0594490319847308,-0.7966157761972896,1.0708966143787075,-0.7230751250129257,-0.6796228210701883,-0.8995651571866552,0.0162592636515853,0.0725328367533088,0.2737154833535778,0.0058108860890301,-0.8235034262084722,0.2882913601549473,-0.7840759332935534,-0.3492614292840287,-0.828281212830621,-0.7867579557381719,-0.6174741640769249,-0.3346601240030661,-0.4127226054454048,0.2258756792147084,-0.3902614756903302,-0.8137377101219667,-0.1678716675949548,-1.0759455958415722,0.0641183550060932,0.8384407309596225,-0.9000632484422145,-0.3596053125760015,-1.6745948631653071,-1.1645837731136417,-0.4748434908518714,-0.4568979950676586,-0.8260024211943432,-0.2375366681114528,0.455868480109195,0.2343626032293368,0.4433027060028164
TCGA-ZF-AA51,1.0075202963827377,-0.2186791841409508,0.6774988429061198,0.1545348271969823,0.7786391855246194,-0.1527074279882316,0.7209802413061045,-0.4565219174883157,-0.0315982987076417,0.5413730205364657,-0.7179013366594463,-0.4149747785110673,0.1863905690471015,-0.0544634317707582,0.0101272539613691,0.102881262025383,0.3623155573600279,1.246258767080287,0.8763254187201278,0.9795608757540124,0.146754311212763,0.4468755957510489,-0.7555760210528888,0.9428813284786812,-0.0463677274051704,-0.0203109502231909,0.2357546189657143,0.3760028780181559,2.275146646850649,0.3691270890772381,0.2187718140519358,0.9231019481819884,0.0589032802520076,0.5531690992159003,1.0242006820893652,0.6669619431292626,-0.1969942075191409,1.3832028612115854,-0.6316508398804603,1.0148180530179938
TCGA-G2-A2ES,0.6225274364989676,1.4616440493099854,0.5789237328387468,0.4795274253177594,0.8611092595152622,1.6676289863909852,1.0950383317652082,-0.4323438854613787,0.7495642521981156,0.4637675859480696,0.862664740467209,1.076496858171163,0.0766420848769671,0.8069623504772495,1.2774465995042097,0.9695088209393594,0.9088128330517704,0.5576354035657779,0.7227056790284657,1.3647725391231584,1.3443386950926075,1.2632020795882857,0.4312762037015438,0.7789869317328515,0.3875537858691038,2.353856056376007,1.2607912771338892,1.322128511165268,-0.5187927746497595,1.300977788789032,0.9667290624289095,0.1418140143760549,-0.1621023383970259,0.3202924055047212,1.2349381357281908,1.068401589850164,-0.2115180397348114,0.729048510109913,0.0977270956167374,-0.3529216269267207
TCGA-CU-A0YO,0.4246722898187179,1.714554462123464,0.5777504739258484,0.7795467556516169,1.1370571434050514,-0.5308004663935864,0.7683409553644469,-1.494558062288679,-1.2630173607698287,0.2303799992813058,2.166571755692776,1.5894941371472686,-0.0590367450268541,-1.078195070183228,-0.388349193684094,0.8008994874345331,0.6313564010639034,0.8866926671994345,0.4796721080076329,0.7604472383338742,0.4231421265906478,0.5826941944027378,1.2882242519076184,1.0860341230099548,-0.3153111618543484,-0.4016516699401862,-0.9212198422548712,-0.5699113593956537,1.4053145281341015,-0.1549596161266354,1.435772891427201,1.5379961088171157,-0.310369224324272,0.963993130272087,1.1165249907929973,-0.7258053634137724,1.2642898263946944,0.8380392395142441,0.697221847499666,0.5110421966553306
TCGA-GC-A3OO,-0.2679308269693566,1.4796236356583867,0.6872853923047425,1.3066848690949615,0.5342498174519089,0.4060958093727589,0.4089551563245693,-0.7962163377155053,0.2015512211949065,0.5840598339671815,2.1738907356136856,2.4932464956203004,0.6263381896776645,0.3135141703764716,0.4807042140691716,0.511398591271194,0.6131372853484667,0.264866377812961,0.1328485677238419,0.1036450450220112,-0.1700555481291162,-0.103923806137862,0.8133081765605291,0.8144223674391902,1.2405239884332682,-0.1227493134791601,-0.6228470447980625,-1.0769396994406857,0.465139527819072,-0.8871382414010173,0.1775731012270951,0.7395239112544973,0.0531765392960138,0.3993624823441651,0.0441112165146874,-1.06332525495957,1.4806132739964757,0.5508086335159916,-0.2459350510334885,0.2500857102136022
TCGA-DK-A6B6,0.2107631762306801,0.6521153041435732,-1.6723785725666422,-2.168009509169387,-0.5879822260377017,-0.3747162505694053,-0.3460633868129536,-0.8085034433387389,-0.7886520044670184,-1.9006375916731928,-0.3624704328003304,-0.5435792066516031,1.3237433855866818,-0.909179129903204,-1.7532273672961425,-1.0389166284081672,-1.7772695920542805,-0.1134314625986038,-0.214517684092885,-0.336742641552228,1.0541040327741866,0.7775629705401186,-0.9369302389211668,-0.980001732117904,-1.1769458413787812,-0.1009337392294274,-0.6224964832864894,-0.3249200411634547,1.0234286913547344,0.6723248005561331,-1.0361270891511405,0.7048886853313658,0.0301523863499235,-1.2031819238265058,-0.941059897684752,-0.3096471675422241,-0.9767859838079124,-1.3930318623998583,-0.5373569399624076,0.9950343978537324
TCGA-BT-A20T,0.3376802284489045,0.0586022575486378,0.6185747780611995,0.251988264052421,0.5712428850082849,0.4563023831441175,0.5603010275099352,-0.3941637864055305,-0.4677307313612899,0.5684014401750002,0.1538474524242785,-0.2425408162148616,-0.4939704108569228,-0.4830249797500239,-0.0949512606394547,0.1083103246732523,0.0928519320816525,0.1124196641770167,0.3142645120245861,-0.0305251973020016,0.5470809883475793,0.5359939134387164,0.7563597159153483,0.2142461253242427,-0.5319313464231206,-0.576680194989245,-0.2671498643314066,-0.2365509119112437,1.376781050143301,0.0178842595714137,0.4221777898966154,0.250213710664467,-0.2279694109911808,0.7582752066304543,0.4129752003461771,-0.147371351306802,0.0807646342877321,-0.2876037028010954,0.5956003073094419,0.3006542712476868
TCGA-K4-A6FZ,0.7187929537696749,1.693715568851915,0.4782695027246386,0.2678702958437214,1.631320198567351,0.6080516003644975,1.297493502985513,-0.8119083286312796,-0.1465692778975365,0.0820605256019758,1.8285584632191103,1.7112087037695072,0.2974058417486641,-0.032625883484557,1.4925920580277054,0.7436623584485146,1.5430601421700514,1.2570444920891988,1.1946750906488333,1.661375004905345,1.3037205483006074,1.2050492572495972,1.838553051368763,1.5642808853572183,0.6538351596632367,0.719779530786599,-0.0651220366809423,-0.2068566155121003,0.02244102925078,-0.5478932573515137,1.8393086289586444,1.4044661684504602,-0.219086701860187,1.1600400498458985,1.921830363321512,0.0403901617790844,0.5910191153855346,1.224479110797982,0.2129223094708846,0.4662857473030052
TCGA-G2-A2EJ,0.4629946587005651,-0.1803086708965626,-0.3830281451239725,0.1716015789482074,0.5347056717295436,-0.4027360719718899,1.060162610234362,-0.2189173819768358,0.5596656195233493,-0.5605893729819281,0.1765411956319011,0.2142166648473533,-1.0654500243230078,1.0283248938666287,0.6828914877688269,-0.1198142118551405,0.0891486014621563,0.3387453811110055,0.8398050996370703,1.3885000673284271,2.181836980779452,1.5590254913131831,0.903567574143444,0.1350699021791035,0.857780781763842,0.4962875490038,0.6486099713359437,0.4343104182832494,-1.4343590215878657,-0.6548640042631941,1.366698699457205,1.3171393560678504,-0.0518350887329114,0.3698634604681266,1.4339184040678008,0.9873458746361068,-0.5280603043567548,0.1068927184138808,0.4527087332869922,-1.6433757333933925
TCGA-DK-A2I6,-0.4604220534940673,-0.5051027152594778,-0.4253241228805233,0.0175975582596071,-0.6354618407081973,0.1554619778998776,-0.8968284059179529,0.6964900129143481,1.0980758924429306,0.0237050935589922,-0.4152135908909932,-0.5096417802503063,-0.642807672464968,1.2193820372650557,1.1061008149461908,-0.607233120078976,-0.2179279314151899,-0.7790277746887737,-0.2084971744418604,0.1088903817605316,-0.9499117844606862,-0.8332185442868013,-1.0045659524080957,-0.2677782790487889,1.168304292709957,0.5385454621357679,1.1322063680541612,1.9686029381648769,-0.3059649752634716,1.041884547246314,-0.7844251893693143,-0.2654226791412635,-0.0867228351114858,0.2140367598659193,-0.0562252179471733,0.8032379842163406,-0.1947631026705709,0.285504507252618,-0.0141816007155301,-1.638086755035762
TCGA-XF-A8HE,0.6795598885058948,0.8111617649782343,0.3834038789258124,0.184550295354581,0.4784579958886927,1.7891793973022032,1.165200201351847,-0.2809662433926778,0.9240561232947884,0.0425230722622729,-0.1249112650156841,0.1901637904750802,0.0556275103165793,1.302978024771872,0.9458405839536072,0.617525683650397,0.5521614287469655,0.4076857943843141,1.2126601507014112,1.0438109361603312,1.4863445770408876,1.2554351624663371,0.6688430058872091,0.3458564160347226,0.860931903880998,1.7112677566018328,1.0839008793848488,1.1208201874790702,-0.3350334364942067,-0.1256908437909781,0.6439740531424637,1.5937043272891007,-0.5521895454481714,-0.0200724839926062,0.8209539664563424,0.8625441520771832,-0.3776363530628491,-0.2129069083915834,0.4246240026381585,-0.4059946549763424
TCGA-XF-A9SI,2.1872510407579164,0.0513274210834558,0.3525458182881585,1.1453753463964846,1.382303952461415,-0.2915354701087143,1.502508598346705,0.3368905492507317,0.3576499717527619,0.7341592801977,-0.4881433727593661,-0.2030690786401694,0.3132412032691594,0.0744906607010951,-0.8651574633430744,0.9814686724285794,0.0941631132695495,1.2952844301668238,1.7223186004867483,1.0890611846182443,1.7309502450576342,1.9526107297143456,-0.2745154107997901,1.1697748498742422,0.2399357631498594,0.3563031225281746,0.0948900545476164,-0.6753190489529365,-1.6232548665406668,0.3847577832313189,-0.6740698368125397,0.5464681299897856,0.7969765865704563,-0.4092992964375881,0.6153392008638903,0.0600811134433888,0.5101501802102536,1.4344465569567793,0.0550499916711215,-0.0979805557930732
TCGA-XF-A9T5,1.5916563206556054,-0.7393920999895183,0.4588514511035754,0.121713540507027,1.000960993625243,0.4489943083266886,1.0303592327013191,0.9298449481674164,1.0992161536171126,0.1008630959331539,-0.8061922875564626,-0.3216828556663744,0.3798758915256497,1.049893808793393,1.3368474830799422,-0.1480341285045222,0.7718738869755986,0.697731804008358,0.954119591871843,0.6305348602160241,1.350881857820085,1.502549280523494,0.9637234357860632,0.4942349401871655,-0.1932611020910561,1.760129073052208,1.4528148511212904,1.107225973407537,-0.2523507318830434,1.5320333526887158,-0.2841048063106696,0.7542010847324125,1.8760092235967016,-1.2223077813318517,0.0491112188289715,1.3438611225773178,-0.7569946213406484,1.1865669565091388,0.497420163963555,0.455194738081314
TCGA-XF-AAN7,-0.5475552257031019,0.2240426025787535,-0.1165882843797098,-0.4664820871652799,-0.6045339799667142,-1.6678441419097985,-0.373209590432026,0.7923199068625962,1.8145172829042715,0.5015455242150768,-2.64931575682298,-2.9041278207015564,-0.3764176867013898,1.9900429746707264,-0.8957481102632052,2.065875886391883,0.2473767449361208,-0.6113389753014163,-0.4058983510115438,-0.7550590244851499,-0.5898467365111859,-0.6457446507495922,-1.2303374425061628,-0.1843356271403474,1.8415629114268608,-0.309358037420861,0.9896113747385415,-0.3367906796029264,-0.563976768245657,-0.4283750643315132,-2.302954649130679,-0.3753037880698572,-1.089444246682994,-0.0045052981918807,-0.6521610448105213,0.5376906571282221,1.3184094648646565,-1.49415222395039,0.6541882989817525,-1.3766996688459097
TCGA-DK-A2I1,0.4405925103668214,-0.051507290507385,0.8629597728865962,0.2929305003664831,0.221188730957112,1.0819361962216048,0.30425636285883,0.1555046447895171,-0.4042862592715909,0.9199595069650478,-0.6080678869053081,-0.5257971850775032,1.8231540504835984,-0.5319199949059762,0.5157984512834081,-0.6166184400537147,-0.3267091542996694,0.6036664352134703,0.203783735570623,0.1909071626706144,-0.3205478189020852,0.0589341733139503,-1.536233159382929,0.5616659250295254,-0.8898449501552068,0.6997148975979842,0.1895640310181008,-0.0271244707036294,0.2206869537634675,1.3394275986203863,-0.6336443022182524,-1.021330853626033,0.4624921887849622,0.0412281819581946,-0.2929705695148838,0.9494705839000328,-0.1793632312374022,0.7110616402942467,-1.0749050936769573,1.569701266643199
TCGA-BT-A0YX,0.5000082308047532,1.2014045671635991,0.1441821436764455,0.1757261069523316,0.6410335129867863,0.7675532912888259,0.7337726522847545,-0.4289077332895252,0.2191583618681673,-0.134324739107277,1.0794728422341175,1.1568188758679132,1.8643137936804997,0.4386344714098592,1.5563265368860664,-0.0367737363591403,0.3650651800827009,0.5322161830808229,0.5188844180215373,0.7645020274642269,-0.1029946596968572,0.1173316236684417,1.077010342527945,0.3398667820599233,0.5342609925624708,1.8220287676284963,0.4497492793053985,0.061526035070966,0.308780360518947,0.6989185934740404,1.5219088480028151,1.9001348085009235,1.8042928597931531,-0.1426254820229124,0.6576086898082694,0.4145693251896905,-0.1698148571070816,0.6962655091814715,-0.2557964941419808,1.1524222065845169
TCGA-DK-A1AF,1.1616555388016248,2.171653238998469,1.7461097114342123,1.8367742143667145,1.6669289307810713,-0.0407272691997825,1.7350005647645868,-2.023832495851618,-0.7140654259797279,1.781889823848314,2.2338941912837345,1.6793336119131308,0.1580898014130154,-0.4455796713598183,0.7215985886480384,1.2073468540583585,1.449350410505654,2.1115741949120928,1.473306370288203,1.7544563254193577,0.4300915048042422,0.9434372387749382,1.1689785086578952,2.4627681926611142,0.7782766440616569,0.221771599141294,-0.8814776503966503,-1.189069834368878,2.022536186916781,-1.3285548215905667,0.4652580489491935,0.5998582853873431,0.5354968866089516,1.6120031258871814,1.7001116921967678,-0.3005679662299482,2.2451951137116013,1.0134874170017003,0.3336756086753684,1.5564745823955273
TCGA-XF-A9SX,1.4808295216594516,-0.6736097341630635,0.4533546204212835,1.1637958082374582,1.2531836543865074,0.1703517653857287,1.095547268581017,1.0246467924126232,-0.2606944661135673,1.3141188281225642,-0.0261085097164618,-0.4265553092865992,-0.4835995924482944,-0.4392990967026812,0.3420520920834602,-0.3085700130896065,0.8130609758419176,1.5568726887862778,1.0178723832388317,1.2586956583872786,1.2193955053961054,1.2767338375152455,-1.2641533520731223,1.1922171131272987,-0.8261472682125808,-0.0716843095100994,0.1630209220633675,-0.2719311391522586,-1.4509971994962816,0.1614177715602408,0.5955406178303226,-0.4760013083965083,0.5679165796675554,0.5481262360994996,1.3483496467076577,0.6698463556969961,0.3928901063355293,1.2628197197054818,-0.716426179804203,-0.3366057098877507
TCGA-UY-A9PF,-0.1431607564117508,1.335527566827183,0.614177882168217,-0.2546324221303073,0.2331030346300723,1.0666675719864134,-0.0118268482091834,-0.8360862864990053,-1.195936136071058,0.0193256109015726,1.3135791992988064,0.8256029630278392,0.871671700639151,-1.3261146306072236,-0.2344995953532301,-1.0791409159000556,0.0266242267645657,0.6695724987441102,-0.225342373251091,0.2470678882023582,-0.3234679171935775,-0.0461434116424386,-0.0381251710675315,0.1481876916313307,-1.018009402863683,-0.3059640660547469,-0.6509345178500818,0.2276536782111748,0.5884250032509746,0.4282517371267731,1.0320642116842802,0.3624506049367918,-0.7359830973340975,0.335655249535903,1.105696802654737,-0.6855344116643187,0.2475997822053385,0.1876748187171174,0.2844665148739123,0.6146358349594552
TCGA-K4-A3WV,-1.3307456973766796,-0.4454887287701777,0.0909107876266861,-0.253673537212387,-0.0867427615843017,1.3197398111444731,-1.1800080164915965,-0.4772524015193384,0.17305808756972,-0.2366708722518175,-0.137322686940074,-0.5442459884459471,-1.6508393243369526,0.301055082546357,2.2013804051762222,0.7202398454160625,0.5042557353110996,-1.1891278036969284,-1.0151163268175778,-0.5903659587622563,-0.6140195815201827,-1.0317415341616003,0.8521990106796363,-1.0559145235373242,0.3832874317977559,1.2379965297673383,-0.265010410715546,-0.5110764677138306,0.6234579850882307,-1.350773026814046,-0.0012354203922539,0.4151275304302845,-1.6191894081586458,-1.2516337362711596,-0.4748280246042834,1.4346162554462782,-0.4717709534280686,-1.095250570032485,0.9308119189661492,-0.1162003337733022
TCGA-E7-A8O7,0.0059928055252531,0.4501119841589117,-0.3763160191589342,-0.5700195063048988,0.2394182622321181,-1.542466432872896,0.3012469449040172,-1.5872330493215367,-2.031838510768756,-0.8176293588087705,0.6983924346587733,-0.1230897675805467,-0.1492449131644189,-1.8011419482109554,-0.2755611350707838,0.1850038636293145,-0.233039850200779,0.2051533773592631,0.2971850614475014,0.251659643605714,0.9394855674749236,0.5767112583105437,-0.6384603201364528,0.6737549949333891,-0.7013154789403536,-1.7813580707791563,-1.6846140030175214,-1.162376890441454,1.4616729210556316,-1.0744190820900057,0.0871044131800312,0.0726548200195552,-0.2070845610146114,1.441034435621404,0.4290628587145995,-1.7188997402891857,-0.0909221241021593,-0.9490885485009256,-0.2020732815367243,0.1624752104618862
TCGA-FD-A5BY,0.0323736008550921,-0.2205220776167655,0.8422199872467467,0.7873327745100736,0.4952131011395675,-1.1651278574255082,0.1912265814537646,1.5718172240415171,0.9627744162459052,0.7577755910561883,0.0491374698723241,1.0892482827443086,0.4532268696585258,0.7962231269773817,0.0839547060209392,-0.4242235290170655,0.2975229191464743,-0.493904846162388,0.0110862119972248,0.0790452505576446,0.2135124417816946,0.0849294793732274,1.953518635707992,-0.1091186162809565,0.4448585626675469,-0.1197939923017328,0.6972651159034721,-0.182658484072044,-0.2593019689704456,-0.0201407137175991,1.4713886214837093,0.2772108189239957,0.7339978194813749,0.5688899508694305,-0.0762833823105575,-0.7063237031062687,0.2432061974184798,0.7081364430743663,-0.0011142491641114,0.6034179735324051
TCGA-BT-A20V,0.1748056987818293,-0.1646337015355472,-1.300919877596166,0.2096587833002695,-0.2486158935877233,1.440031584523617,-0.0071178897474937,0.994963702327817,1.3634460397592212,-1.0133776006967017,0.5360000391324087,0.5806071316373452,-0.5354486770156967,1.1966942782948284,0.0544493033893018,-0.501630226496864,-0.7492971678847616,0.0957356265635443,0.1654609871903791,0.0825634417607625,0.5061496568038977,0.3313114781751369,1.4002004486402664,-0.4253177452922506,1.2874275447997117,1.1059323752416883,0.8822269583966247,0.556251507440219,-1.277047639406402,-0.5320175254367252,0.2129291505345294,1.3463962267526397,-1.1074080281971506,-0.786075139361195,-0.2690844259224403,-0.0278242533778628,-1.1207611130639537,-0.0098914700634622,0.5101210352224136,-1.4013031324969338
TCGA-ZF-AA4U,-0.819790299099521,-0.4824555407789226,-2.245825705157346,-0.9994795426158783,-0.967770339890766,1.0061530172519797,-0.6996494770826248,0.2264861254663309,-0.468552330934194,-1.5659514754013149,-0.1466794174136261,-0.0684309546508736,0.4487605036855564,-0.5713437231283862,-0.1012301555850801,-1.21839054835232,-0.5265831339842735,-1.065223491491804,-0.8741434957126482,-0.981980381556969,-0.2298189388712963,-0.5186815430103133,0.1038946447567511,-1.0068308977985654,-0.7279297906577119,-0.4065892071280932,0.1487520142014808,0.6271743452862133,-0.3025748007926081,0.854409189049493,0.1750398653993543,-0.5728171346717582,-0.0980091823049216,-0.3598027147678549,-0.699517758590388,-0.0770212606337163,-0.9657096321214752,-0.7173376283353979,0.0484727919503603,-0.0235863836052414
TCGA-PQ-A6FI,0.1509536801744271,-1.112180954937053,-0.0949779554847389,0.0241439217437513,0.3751526314043928,-0.2399878366263038,0.2920140356673574,1.4011534926286442,1.5359574261248534,-0.2192085963622446,-0.3629113969024243,0.0048178073506629,-1.495704086901371,1.77509438285931,0.7348318933387363,-0.0190904395774073,0.4112345950636757,-0.3053895228563624,0.3350117979795119,0.5186491194531259,1.3687622145003069,0.8307215935688144,0.5742752072216863,-0.5604345818773357,1.6489823342612742,0.3502515896417017,1.9231411255423247,2.289041601519001,-1.220958585239628,0.3873779340489274,0.3416718601848357,0.2097284711521144,0.2052674384670045,-0.7895257046879264,0.4800597464818667,1.1503630674097618,-0.6872094406551987,0.4063419680845261,0.3664322915352174,-1.3480885939555778
TCGA-FJ-A3Z7,-0.0670693237508492,0.1665793274543766,1.1484532909957623,-0.3124901401099641,0.4120291290589166,0.1746758773056231,0.1072520016822075,-1.0846847921538614,-1.645137055025878,0.5883313079476775,-1.1026968754501745,-1.8915030523552108,-0.7770022761923757,-1.681769881184204,-1.7472580981586483,0.2463546072119323,0.7995742534209573,1.079542381893522,0.5556890773911487,0.7373311532982294,-0.8314279840733522,-0.4196451952408128,-1.5699703531211788,0.5066281130142064,-1.0026562747197507,-0.6604466321939456,-1.6979663122704176,-0.3468241311462874,-0.229981385828948,-1.24389962102272,-0.5593800049143479,-1.2639872336139508,-1.4391544411000252,0.95414874811611,1.7560121092611185,1.1336022982184069,0.850338718389039,0.4714200210538329,-0.1442621055658683,-0.1559431428216539
TCGA-DK-A3IM,-0.6792054370276592,0.0174209374333186,-1.0522186109095275,-0.1685868800179772,-0.8495843559762041,-0.3316465743744985,-0.6654122118692982,0.8860525575558202,1.427369529510215,-0.3884089191480497,-0.3459640126288303,0.2270836026757187,-1.612405494303596,1.5903531274375684,1.074311145245667,0.1869987184049219,0.9601755070032107,-0.2392454970426283,-0.6885122929955481,-0.27944737347563,-1.0685333951053662,-1.1518054829053486,0.5039872720473623,-0.6296974743991609,1.6700963955282897,0.7094989153690952,1.559021059558099,1.71227400849479,-0.5122234293205679,-0.462068676717595,0.485671089010886,0.0960203258234826,-0.0993544241152835,1.0266511563433072,0.3377864784580179,0.4832573735901551,-0.2998468341702401,-0.4413013155671251,0.8035771060180171,-2.092855095462512
TCGA-ZF-AA4T,-0.6949758381493684,-0.6304392087129664,-1.634428456751489,-1.551060486511477,-0.9499244689102656,-0.7097383504308755,-0.7938686966579531,0.9131355968418586,0.9754082146009956,-1.1618771357435769,-1.1456475731963054,-0.8327361294988254,0.3564500553952981,0.8569901727992162,-0.6383038806374869,-1.8358805208508493,-1.5975686031728138,-0.6456309521687071,-0.1703657003856239,-0.2382947009378556,-0.1640475774829809,-0.3480625250935628,-1.146503174242558,-0.9472548612924174,0.7937659263681852,0.331049661917842,1.0069769014507854,0.834554841273501,-0.592045942339009,0.6937851579501386,-0.4883341323951616,0.311126739054366,-0.2112731586255225,-1.0421930873234635,0.068572800121483,0.5002764089259291,-1.2890913119149232,0.8724826608668156,-1.7598698125879326,-0.0908050982320786
TCGA-G2-A2EL,-1.9315702950316695,-1.5848091507166553,-1.9442439468872703,-2.254138409103441,-3.028928728991169,-0.8935375542562097,-2.465502296889287,1.5662970833139416,2.082711855472467,-1.6350702031759845,-2.9697224921794643,-2.6922179777679403,-1.7920090829753816,2.0130708908089905,-0.8927975619643088,2.471227278812248,-1.2412518140900115,-3.3701292485620264,-2.6796743713133924,-2.4565441334564664,-0.9633422643785584,-1.6022746050467325,0.7575990935649831,-2.105808531835733,1.2027708943638658,1.1544679377152347,1.455622418436337,0.1440707785741215,-2.1693277484422864,-0.2708554218423371,-3.467032830573457,-0.8147636789119367,-3.313214731167808,-2.471796823577568,-2.978046764387619,0.783458101465731,-1.0129450376237408,-1.698903358596854,-0.6582419333685828,-4.132961666813362
TCGA-FD-A5BS,2.924930112747356,0.1033764984998891,1.023530762625657,0.9616188876134386,1.5804248461007593,-0.1599403981864787,2.24271898046297,0.488516176220129,-0.5827409229282202,1.4573036489312132,-1.3550460114400364,-0.456334707321851,-0.2565372471290927,-0.8176729019197281,0.4374937040192798,0.7958838143401973,1.2674223955860835,2.318334914058967,2.3609666445931747,1.987607143919066,1.745089481080533,2.307795679857962,-0.4482684274625569,1.94683016712845,-1.3272916387824558,0.4947122365358298,-0.315767323442333,-0.5896290640275067,-0.044207584079188,0.3688367736795602,0.2308794876096081,-0.5807996818019334,1.2974901573840252,-0.0633763598163847,1.3570780598373986,1.3165654984117687,0.2244322743847885,1.578076357798559,0.2584691940998207,1.1405543346894516
TCGA-FD-A6TC,-0.3421627332641839,-0.8326965670979886,0.6268640685414358,0.7581277682826828,0.4242390174670201,-0.5952251412614933,-0.1165413244562001,0.067731911201024,0.515959287949168,0.8678182002935911,0.4443826286505479,0.0447354781024219,-0.5423654373569914,0.4192266463924942,0.311671203010697,0.3997800745331175,0.1300051700400275,-0.144562001948424,-0.2573971685575923,-0.1424276443985702,-0.5158511711710222,-0.423638335208137,-0.9077165416958278,-0.1173813650661988,0.3578418438762208,-0.8011317754664367,-0.1606221761303331,-0.432232145135037,-0.2108983792112187,-1.2261174012979386,0.5205385972344237,0.180956796217315,-0.6359824584785649,0.5321405078571636,0.0064204337673617,-0.264293371800169,0.0498290075518602,1.1263277507623115,-0.3329970312286839,-0.3217627776233021
TCGA-DK-A3X2,-1.369626660322112,-1.1865397126732118,-1.4745650495384404,-1.3791763141552875,-1.3149008545472671,-0.2079797011076911,-1.6529526378043116,0.6984567286637555,1.874045663254909,-1.6292310241179202,-0.6423938167598507,-0.075736348813898,-0.9339223988131716,2.0261967540658787,-0.0886892249116464,-0.1603865638158458,-1.0275369408581485,-1.609422218121399,-1.4892121139371723,-1.485968490659974,-0.4611084303057126,-0.8356040803750234,1.1737312134355655,-1.7229940387778515,1.7842353286415396,0.4873840083893193,1.241216947778967,1.1903459301177255,-2.1025406291545843,1.0696547618429697,-0.6941139002379556,0.9723563627579762,-0.521285789843837,-1.5919516052657714,-1.4514972430673452,0.5836424252452339,-1.2315008872534825,-0.5355682003484079,0.4096912725060986,-3.1342949583135566
TCGA-UY-A78N,-1.4995614876125358,-1.353371002387894,-0.7167442908489475,-0.4828496109838665,-1.199451073447188,-1.0450678431307188,-1.868022423245476,1.116513762077194,1.4188676124339767,-0.5463910740425195,-0.8577932854158811,-0.4931631245210677,-0.0404612504918504,1.3558601402379211,-0.0729580183083507,0.1983840646905939,-1.10619062810678,-1.738398215952391,-1.5607601795642678,-1.8035336548704008,-1.304455438055881,-1.6404447796707915,-0.3191425242697506,-2.03291823893349,1.103627588223898,-0.1864394701991881,1.5545774790280116,0.4276463903997258,-0.8896564875748691,1.4232431850562857,-1.4898583472841886,-0.6524253225896232,-1.1571615826883812,-1.3761199485419324,-2.11302761589004,-0.3067174900223097,-0.7663724994614811,-0.2603625441973875,0.4442772133276607,-1.077955644811477
TCGA-FD-A3SS,-0.8375316806525608,-0.3030307433929791,-0.2107369894575401,0.193573289439148,-0.3118096521786415,1.1515878395376438,-0.3546723778647765,0.6314767538650679,1.1234760981898126,0.1894371084960278,0.5119539529147186,1.28762618364358,-0.8230299475606033,1.0712855486730015,0.6652058683765589,-0.3997131508639878,0.185067711652316,-0.4042946754765065,-0.7316705584052401,-0.6288251252007058,-0.2883749952786258,-0.4361319060492173,2.3201253076254167,-0.8781794170629684,0.97178056609108,0.6379513704985504,0.4524964712897601,-0.7471474162448066,-1.78898962171995,-0.6132031421881923,-0.5157282310517358,-0.4298792243127513,-1.4705532894666276,-0.8166434160695901,-0.1748939729531018,0.7427868480579959,-0.2380402423838787,-0.0216051012468356,-0.4675666871352645,-1.3060380028797332
TCGA-4Z-AA7R,-1.2201170430949542,-0.4721566953404845,-0.4645847312558668,-0.7448988702300945,-0.5425659664271001,0.6943790004667632,-1.1130972279301123,-0.0212408083635516,0.9959963266509392,-0.3888155469716947,-1.609719989205037,-1.6133255987796613,1.3531017761391555,0.8060135440116276,0.5311637946873079,-0.3414832191836638,-0.294002462374323,-0.9587469438957192,-1.206949030394973,-1.1315111463200482,-0.8982556896653471,-1.1966111203974183,-1.504566611915359,-0.9734758269390468,1.2818525153238485,1.0495728733442091,0.6521468459383755,0.3495972242263632,-1.753638590342535,0.4530300097013761,-1.489376900371752,-1.8162817039135084,-0.3004057036284575,-0.8699272315458556,-0.6418163363787788,1.0194748526302853,-0.657270662138889,-0.1024236640379904,-1.3241013426440795,-0.5690556727227464
TCGA-DK-A1A3,0.2775084886092992,1.7883583010237227,1.1041977347850758,-0.1552513435169654,-0.2982678087718654,1.465126049343089,0.3445016975404973,-1.1606640974034736,-0.449033320152488,0.4814989755086974,0.7426419819441434,0.0815530762985351,-1.009779336134583,-0.3437147940741489,0.2980275866869738,0.8330191523893204,-0.0955731706879276,0.4366567746337718,0.0837581974686201,0.2488175171161187,-0.3798081223360963,0.0032414381695258,-0.8238824820818325,0.4309932444741421,-0.0389827396620093,0.7162943504672821,-0.6350481544663272,-0.5381696521429824,-0.524646825633319,-0.3233462328627433,-1.104211530691251,0.6293114179058635,-1.4811041331374544,-0.2791066607662087,-0.2773930451190114,1.3512824487386734,0.6798291223827662,0.1956743714439368,-1.1221406183631508,-0.6650673300934964
TCGA-E7-A85H,-0.2495038009145443,-0.8693399242413286,-0.5323601598337333,-1.081402628879225,-0.9918259201656678,-0.3702504368864296,-0.5844680034991373,1.3497928628425928,0.8160345275070604,-0.4095310299834439,-1.3501111114225155,-1.0415707603698836,0.1050077997396779,0.7290134092425121,-0.4531175692884437,-1.475364763794682,-1.4446849746725792,-0.3158039386776677,-0.9885528693004516,-0.7129664834876732,-0.1281686075111768,-0.2923173875538163,-1.3237325679961192,-1.2449877659709745,-0.124911741874717,0.4545251275134435,0.7066614557253057,1.0587152976086047,-1.2498545769705314,0.9109897387875958,-1.6211900907251522,-0.7137858123937925,0.227473028174362,-1.7464541160299665,-1.3040463257512551,1.662794282405852,-1.3114994514947291,-0.5796408539749698,-1.834233959232888,-0.4780889561865087
TCGA-DK-AA6X,0.1283372420075035,1.7673783771096487,0.5076135835512131,-0.4917562089428186,0.2283930373077043,-0.3464863775758612,0.3374983006313007,-0.5894901398786746,-0.2090535768862306,-0.2737799559504635,0.320336811205857,0.14188241376072,0.652337917901765,-0.1975874178496913,-0.5410582129907102,-0.232752945826201,-1.227351734117237,-0.2858207451179311,0.1338830399894401,-0.0682324671709458,1.109623901017122,0.7060958842903323,0.5039296271622586,-0.1110489723828811,-0.1311030413153783,0.4243891873936221,-0.3753492399226427,-1.6386130787543651,-0.0243732317251312,0.6546185314359094,-0.0945811607739102,0.8986338411624345,0.1464196164179969,-1.0035765981185036,-1.1823962684218057,-0.8745934212820299,-0.0446662815704676,-1.5709180297027403,-0.301023736666429,0.7731514721328804
TCGA-CF-A27C,-1.0458970963483507,-0.6440816442296673,-1.9547107554296277,-1.487660127337308,-1.446608822953864,-1.6556484802008464,-1.1189529757330774,-0.7878794644711048,-1.006926248659953,-1.780959845516185,0.0776767027883919,-0.3479310929120167,-1.095213779633731,-0.9566880405614256,-1.0417931009436925,-1.2315972101872663,-1.4211669159493572,-1.5413399515678188,-1.1508928673000869,-1.4837756832452011,-0.6274382341285153,-0.723211076066169,-0.5125086799315443,-1.3729263275868513,-1.0185695226848503,-1.5606504957416476,-0.4854759652188637,0.0390937327322093,-0.7630111125891108,-0.6028358101854372,-0.6829409683393304,-1.232288596757484,-0.460672574658642,-0.5152799430831625,-1.2344636823437187,-1.516335239730181,-0.6662263845627062,-1.478750995350823,-1.204366441153715,-1.246599678626504
TCGA-KQ-A41N,-1.4914191642954684,-0.9871601501249704,-0.146990815515224,-0.2546502993469534,-1.4528340404202973,0.2800653733549526,-1.3537152811553586,0.7755394909914685,-0.2863329682557744,-0.5364671649025055,-0.3815195124381332,0.1583035894651532,-0.8952794834721743,-0.3004846497992733,-0.3306694625874226,-1.162574058060598,-1.3326876388233535,-1.0583304936114883,-1.6837199432177763,-1.517052433147643,-1.3211456038462812,-1.469942550903371,-0.4907675440335112,-1.471505195692207,-1.0243686201449185,-1.1243422859446603,-0.3367619983250243,0.4972704519247667,-0.2634585390685866,0.5953610596168495,-0.5711000893809143,-1.742644817454727,-1.050644312705928,-0.1205009564030739,-1.186611354027922,-1.2504780614782838,-1.1916248772347526,-1.1808833688579754,-0.228611573006681,0.0878880080187505
TCGA-XF-A9SK,0.4171591791401331,-0.8815456850565603,0.8241110080847655,1.0436668012541914,0.1922339212835351,-0.3858374567901376,0.4175152105902826,-0.541312582239937,-1.7914469680126424,1.0750023430026383,0.0598278465215105,-0.0246927750743218,-0.559660852912065,-1.8713819702904952,0.0377490270136584,-0.6522016540837599,0.1137665420694998,-0.2734308525707036,0.4270522280194025,0.4863902330268442,1.0248316455847628,0.9618913017545806,2.01560096010494,0.3228803422961759,-1.775041452155501,-1.265625804740684,-2.1188340238163925,-1.699314907662159,0.6190855697948601,-0.7367094466704222,0.3028997797876897,-0.084270467458484,-0.0920266002753187,-0.3170312399720855,-0.1595929167927076,-0.9782418606452834,-0.049083289667915,-0.5188632360912054,-0.6308044379585738,0.3873097634790859
TCGA-ZF-A9R4,-0.2603599549702048,-0.0507356911651223,-1.2525469255761117,-1.88530157408568,-1.7582177774325023,-1.3051479403033943,-0.8053012109429591,-0.6850221594064896,-0.1309397770065923,-1.8229011717535988,-0.5258157985900302,-1.3727664947835292,0.4018435841887698,-0.0763882410886307,-0.9278227704520364,-1.448377656200851,-1.8922299605114397,-0.4770828436932829,-0.5340513470818816,-0.8204167192591526,0.086697673292499,-0.0372325713110207,-1.0883076276386292,-1.2917553885622897,-0.1883149392407186,-0.953023589254706,0.3746315333992771,0.7564555235861344,0.4765301408303271,-0.1172353285572266,-1.7000317949351738,0.3211928730239736,-0.9117785164143524,-1.300844277149772,-1.3752491973347416,-0.3475487432734012,-0.8904464902387573,-2.114579484131811,0.2141694109016881,-1.0113388825348442
TCGA-FJ-A3ZE,-1.802886111120127,0.3983545974895773,-1.86682842899203,-1.8176893420294435,-1.760353559664615,1.819555708496963,-1.8434346600513665,-0.0684464808591231,0.1445222703710932,-1.5825385289711795,-1.1760415235273571,-0.914707062776738,-0.2116165022839501,0.1820093830179391,-0.4545477860165186,-1.020818028229186,-0.3563594017099291,-1.7415106880446267,-1.5495889379148862,-1.3986602735951712,-0.96510862789151,-1.307887807391514,0.8081874741321,-1.9635118004433132,-0.8853800292615951,0.344610180217028,-0.1421741904616349,-0.7157510060808928,-0.0619519474946547,0.0039801054707447,-0.8406999941746857,0.6991028342417872,-0.7681700202736713,-0.5818786295166344,-1.3524322191380411,0.4629972259450744,-0.9117756875157252,-2.4127112343595685,-0.5615793911523981,-0.8902812387678922
TCGA-GD-A76B,0.59121742524077,-0.0711014952513831,-0.8050969634943755,-0.7784250309593754,0.0175680020183274,0.3773697978941679,0.4479029557995783,0.3079546993836668,-0.4746785236193734,-0.907208720255174,-0.0837777198945348,-0.0203323210357485,2.176353689340232,-0.6935118712719488,-0.3903508143817877,-1.247892121870786,-0.450087677652731,0.384647715097835,0.4526762149944719,0.1358620350177798,0.4269860380851135,0.5770257830093989,0.0615352698008465,-0.0800513884050344,-1.14682402448926,-0.1168871853459175,0.1444787778816147,0.1057927453317238,-0.835055664730158,1.0757741411232329,-0.2305900479041769,0.0699503250648339,0.4961604843713629,-1.341107818574765,0.1658649236571031,0.4174708998940231,-0.8053836093392455,0.0653086329882668,-0.1266542556804756,0.9730278818033606
TCGA-G2-A3IE,-0.8962237693668897,-1.2812543683782178,-0.7747937910493925,-1.4022326795393292,-0.8452234817527254,-1.6511732922027065,-1.43124602707203,-0.0701774768066628,-1.0879929614623536,-1.2401172143159835,-0.2530883975864292,-0.6706087971210729,-0.4162061327889164,-1.0714616251784397,-1.0052472020300771,-1.2747874236157986,-1.328610257543078,-0.8594228307076723,-1.1551476713208833,-0.875219727872054,-1.0794374777530795,-1.2478478399872857,-0.6878870400164059,-1.1109153350046754,-1.4434185362751937,-1.7925022258422076,-1.1809852508902188,-0.316199560974155,0.6216592778767934,-0.5260279254372368,-0.8574892907680101,-0.5766574025812146,-0.8308083947286853,-0.1403092356293995,-1.3080945216251243,-1.2841087780361036,-0.3743581541093054,-1.3925992700907135,-0.237377651119799,0.0259866633414063
TCGA-BT-A20Q,0.4754099577836498,1.012766509342212,0.676890457483374,0.6522536785028195,0.7354499096429946,-0.2305733637328056,0.6659891116090395,-1.1317207147355133,-1.4432479789080124,0.7005326048132922,0.8495396292971301,0.172470393295695,-0.4334494507355227,-1.2441354262636022,-0.3416728077428936,-0.0903459681429652,0.0153651865142591,0.1365212400121741,0.5239846196688853,0.2788494921519009,0.7391610077138875,0.7848673460218777,0.2475372263592728,0.4934338209058782,-0.5740082022289205,0.3249925024369234,-1.0379307393992685,-1.582411393306206,1.0222869907401395,-0.1127121148975997,1.0628267139096497,1.3793617489248118,0.2939925404823792,1.093894131148619,-0.0652015336342661,0.392324856615459,0.9439176268332738,-0.5005798433337801,0.250155112239146,0.982601060017747
TCGA-XF-A9SM,2.0687120150786917,-0.2642104290766277,1.00541564704596,0.9975133793224308,1.3978129029718749,0.1692991902683266,1.6399715416975642,1.1580308458249726,1.1001730661795366,0.882781877788919,-0.2405711344672418,0.2431234354470281,-0.2597774820629394,0.9140346787103496,0.1180032031481092,0.5307984629963549,0.545829658268685,1.4485419942312672,1.8249981301246687,1.6323675809987708,1.6824766836905205,1.8045395023981303,-0.1589504871785531,1.0034556966697117,0.8412690177728583,1.2939895891359603,1.127509192640609,0.7175158341821893,-0.9911352266355652,-0.280716080319806,0.7629720487157067,1.4941457913891298,0.1734323513781,0.3202213171742946,1.3771530340762397,0.903366663303886,0.0535377894437451,0.8972551892119431,0.3088685893851606,-0.1403795903571739
TCGA-FD-A5BX,0.9123944977561332,0.0269617014345759,1.1235073653270082,0.9024354512605042,0.9164661407012769,1.6348480375788017,1.3122862540165448,1.0387323524155172,-0.7455566284022271,1.3005544769107569,-1.419397906645438,-1.51875866450763,0.116775581832189,-0.8187343617470069,0.0596797250232528,0.761274347299598,0.7911776710473789,1.0374279407624838,0.9083752902243156,0.728814853041002,0.1440795014102973,0.3618268033089627,-1.5916197007136137,1.052742550019856,-1.2354458740867955,0.5040698388052149,-0.0608768828797343,0.4131519308132125,1.7485539838571214,1.7152785660936516,0.3165987756541154,-1.1129817303284295,0.580558751519644,0.1145636472402547,0.4836485504979131,1.213434778372442,0.4766782374124249,1.4203875976693352,1.3352249131433311,-0.095461830338452
TCGA-DK-A2I4,2.310867559249516,0.9562953715581624,1.2112714916800285,1.3359086799404,1.819791985363044,0.5273347963955922,2.275366876484474,-0.3857534645759762,0.276439435899865,1.3176017143440772,0.056142860683528,-0.0460336237293043,-1.499405931883088,0.4256489065999793,0.0647304904126036,1.0065760237886283,1.3185975063937971,2.154226420418403,2.4143195590634443,2.317883771666536,1.5215747573130236,2.036861839531061,-1.5932538875181794,2.2160144346301767,1.5723631753869678,0.7996096759232858,-0.4071039345936552,-1.3916190044865686,-0.1714683843777259,-1.9210703948975016,1.1313683935439676,1.427220108195969,0.1878914788331168,1.562842646914315,1.8012284602946618,-0.2955515270262109,1.3918309187228135,1.4981334371491015,-0.319147629363125,0.3004756408171767
TCGA-FD-A3B3,1.7490016729225384,0.4216372856253363,1.2706148923452936,1.3472732929141944,1.5057491439055464,-0.8873291157957414,1.530067665203981,-0.1145273404304862,1.238692540240319,1.3010530265549334,0.3886994957011954,0.6003301019804792,-1.5170126049238777,1.4126236543282116,-0.5462335705481275,0.7440864712602347,0.8315535123907329,1.363178753729008,1.858203670963724,2.0594969492430453,1.5116509006666432,1.6934057393333442,1.5102343442266797,1.3781404145240712,1.7376933754013544,0.8070280973793796,1.0487629691416502,1.1432679667898915,0.4590276998167863,-1.052952173729835,0.7011353783963542,1.482867765379252,-0.6091496603830726,0.8684086860024743,2.059935549071484,0.956793078613938,0.7612948770505636,0.7343391135087702,0.7699090540188437,-0.8968777001723635
TCGA-H4-A2HQ,-0.7963542923368401,0.4964197790558217,-1.0007250150170832,-0.6564355634325449,-0.7185533660618496,1.4711820068885368,-0.4601669577634448,0.2506454744420024,0.4643614595353552,-0.9349813345253518,-0.395623419001066,-0.7198650176421567,-0.5230870063230826,0.5096160778063175,0.5099242183128526,-0.0888653847919551,-0.1599965873794245,-0.6675725538515658,-0.6058819914361268,-0.7092052335433664,0.6363989274116584,0.1429536224142477,0.372119513389045,-0.731640909962218,0.8397096938122525,0.5207342106765196,0.14121290561212,0.0457045704680984,1.1867698773298994,-0.6809973712051258,-0.8613341042316315,0.7033147940551617,-0.1188464741009591,0.4728116571269798,-0.3757875045235622,0.0753498979563198,0.056932699147619,-0.739972128691879,0.282055828557527,-1.351911848964593
TCGA-4Z-AA7Y,-0.9106419769516216,1.679230903791603,-0.274896048011292,-0.6072771678213043,0.53509689017557,2.535289765821525,-0.4386404975939318,-0.427471829476679,0.3086343039357518,-0.5553691346366509,0.6148903764013381,0.7564641346882081,1.5148342435817843,0.271300151532577,2.2731310770718838,0.1952838060124208,2.031563359318097,-0.0423425389814015,-0.339568331951746,-0.6505768039811657,-0.8892965047303564,-0.818521037832075,-0.0034427174688753,-0.0113540705006507,0.508299566654867,1.7219581676432327,-0.0024727777511662,-0.5156959787350046,0.1665851585060104,0.9850467287926942,1.6274230413064452,1.7395694122704748,0.1070744298013051,1.3131717077183358,0.4498081561749038,-0.7727325537932844,0.3889397804061418,0.3561337287852369,0.6123266083856055,0.4253489050750151
TCGA-FD-A5BV,-0.7523614421280742,0.4201042755337999,0.2080326049478033,-0.0978672361941497,0.0904290901157399,0.4191189860815001,-0.7245358987707976,0.3283196537826018,0.4234956568820028,-0.0575888121127919,0.2048325327782185,0.5036928135500441,0.3959073446461522,0.352892621033706,0.6709511777511786,-0.2459314106644017,-0.0497849968986891,-0.1381044310935744,-1.1476524808988628,-0.4367060576243939,-1.078091202460872,-1.1394653110960111,-0.7598097595483713,-0.2200069188637236,-0.1312814365110921,0.1401831997469349,0.6303515105792441,0.5191742438535478,-0.2864013200336402,0.1199371859943658,-0.669282571117999,-0.1706853303039619,-1.1498083132310095,-0.2493540180202016,-0.2591910267681465,-0.0340117371918288,0.3229485610169855,-0.4433053910444123,-0.0787166995154545,-0.312850421299746
TCGA-ZF-A9R3,-0.2723769340612044,1.2666515588646696,0.0393236235186996,-0.9386509623078048,0.2120888888452276,0.3056657019259188,-0.257415953896652,-0.9067696058553328,-1.1030486052832436,-0.7116409707612302,-0.2481580503916435,-0.7696874172255814,0.6161124835759342,-1.2488710795760254,0.323530972789296,-0.5026214828207053,-0.2881725153106955,-0.4410801372652988,-0.2179882848651097,-0.2308040287198255,1.1748534145894574,0.6486551114804248,-0.2470155998607854,-0.1890794826216765,-1.1853163134105145,0.1894823932598512,-1.415410943912027,-1.1328212242614215,0.25998850414907,0.0690707891404173,0.4998460062215538,0.6473903837062324,0.2090436496278673,0.1660850597716307,-0.2410735293776729,-0.5301937856053983,0.0006167326249739,-0.5164190083998841,-0.2030205425255324,0.5831006464616486
TCGA-UY-A78M,-0.8031927317525285,-0.7535032904291025,0.2934177471895399,-0.0067430145586322,-0.7445962869539932,0.8784209869239649,-0.8603285793952385,1.04976640259152,0.1181777548980557,0.4733037571232309,-0.2046831696230683,-0.392685628471371,0.1190417093144023,0.098688428249398,1.4917639385416177,-0.5203608697370268,-0.2416697255242245,-1.0119494267484812,-0.9066067147525544,-0.819426364571044,-1.5159005159608392,-1.2085038235130885,-0.1423736040131669,-0.7620842065528011,-1.1043620678493062,-0.0057622113620243,0.4558235593769889,1.640762156691504,1.073885169359531,1.161156546881989,-0.2685047294533798,-1.5627184221337589,-0.5060632492904515,-1.250686509974106,-0.3227685195429287,1.1944115402796307,-1.1716804420582712,0.3572607662908829,-0.87323150888014,0.195954664480505
TCGA-BT-A20J,1.3659300315576133,1.7416196521972105,0.0801540257116886,0.286944652971375,0.5934716399645518,0.619633949538065,1.2593599401990456,0.0499198359329758,0.702533466498795,-0.03143919945574,-0.4477168049694622,-0.4306790568145004,-0.085423080952792,0.8245425290156677,0.7119999525754419,1.1530929358298538,0.4805012970701179,0.5165773356324668,1.2852953444322015,0.9310372978714904,0.1770921445999535,0.6286510375072338,0.227750033264309,0.6580399030611409,1.0161845142109265,1.00185981998372,0.9227520046856044,0.9455208276716184,0.014023651032869,-0.0349628580636655,-0.7206537715286674,1.415575500142948,0.4171734998307653,0.0079416286750238,0.689217233673531,0.7029847186653466,-0.1312841777473667,0.7108354178934,0.3313628059258552,-0.4965166491227793
TCGA-GD-A6C6,-0.9684420828890667,-3.5745917786495798,-1.982450728135522,-1.257537713204962,-1.0389737118392794,-0.876487852856446,-1.3552077207001134,1.7415798903968007,0.1302706374441326,-1.1872020897316036,-1.4291243402680591,-0.7479403283262592,0.1244033425110781,-0.1021738592293234,-0.3523242061615332,-2.441686043368563,-1.9701056826087624,-1.5119205696276825,-1.1686344034434166,-0.9650395162225108,0.329409339622444,-0.2985999467434326,-0.4298770424904756,-1.59236248669311,-1.8398856683139144,-1.80956551150075,-0.8388097326480831,0.9825726507028216,-0.4429667220578769,1.0621005322733938,-1.2095758733507105,-2.4240382856847056,-0.6134157812759655,-3.780320570861742,-1.709873195877263,-0.4745892735440115,-2.508813484363136,-0.4363393010966311,-1.824157933390312,0.1569756383728634
TCGA-XF-AAN2,0.5847024281252149,0.3458840185786952,0.2176226654066387,-0.0567003360875802,0.5843438300318837,0.678080294149847,0.970327541104008,0.1555277480689461,1.0122113542746545,-0.4096149172779414,1.0440377802015024,1.3744124922608616,0.4629059602553282,1.0101734282091763,0.6770380670606685,0.0587576286890763,0.6073402887484018,0.4428203340754916,0.5534350431861716,0.3453310567925299,1.8745894806202692,1.440952131395683,0.4073834162817189,0.1352612069205829,1.2273404796404457,0.8877342237233735,1.1730115707072597,0.6376963575420921,-1.0294685527843153,0.0800001084901218,0.1356100576529202,1.1644683598952583,0.045208889890733,0.0182684866735937,0.401860799884392,0.4234695182664749,-0.3267881636843917,0.5317001419704064,-0.4773241158122689,-0.4607816671023467
TCGA-4Z-AA7O,0.156838303056169,0.5942697457177496,0.2695638065920192,0.0098891017251042,0.4345231804106955,0.3687447226801073,0.2843142682101616,-0.6305436759374617,0.3223301284459207,0.1945309139861907,0.2414441559846689,0.1992678047364204,-0.6792474645997703,0.4172188017652727,0.2143645136998755,-0.9789850220196896,0.2790539597094019,0.1496642853212565,-0.0025561171467288,-0.1393158397807902,0.2187877962260015,0.2841070853926584,0.4160401789889197,-0.1673587004900359,0.3889530220207304,-0.3887971841896931,-0.1114130888454141,-0.1498828024569655,0.5414699281917281,-0.6481110520692758,-0.393841335543258,0.0862262822277021,-0.7285611035996785,1.9716858412370573,0.0131020476656644,-1.272069496296487,0.2883678236844519,-0.8327263342814865,0.2374084754178237,-0.7207650410489881
TCGA-DK-AA6L,0.2286191872329331,-1.29578003171668,0.1193410160941637,-0.4361679498121308,-0.372647664054305,-1.8246411452011289,-0.2335500523534892,0.7225896259632975,0.0512570025791325,-0.2932038870255571,-0.0169790732101129,-0.012370483072722,-1.6500642639495826,-0.1786450405841349,0.4612745831982938,-1.4531183420844331,0.2555112132942174,-0.6579213049693728,0.1381582801919919,-0.0093722921409273,0.1524402141557855,-0.0015776831810293,1.008412066915625,-0.2808901271051785,-0.7047313716839455,-0.5216555032144661,-0.2119826085159674,0.0320036428201606,0.2300465768758897,-1.5756361977010196,0.4942337937283074,0.7124494951014587,-0.4303172066638064,-0.1582542262624571,-0.0458218339763025,-0.7446639412913835,-0.8275829081924436,-0.0794544650689144,-1.3478962561022645,-0.4932949546654424
TCGA-XF-AAN1,-0.7068578328730837,-0.7939909620307568,-0.6932747024957535,-0.8543607504540427,-0.7169198390539153,-0.118653838078986,-0.6814770553028253,0.9149654274737148,-0.2029571945491766,-1.0363312660202828,-0.2296995582106246,-0.1548410582194163,0.4500684748108144,-0.2269156971264705,-0.4098640652568617,-0.7912010588700713,-1.3808949038146952,-0.839250039249776,-1.0072898249580473,-0.902241803607048,0.4701371232631585,-0.1355465045257563,-0.8595796654143609,-0.7218606509797144,-0.6875046704752421,-0.4316204792767996,0.6217641662781336,0.9255379700272623,0.0927373867141766,1.065679783540573,0.0175998946297364,-1.0008622365430493,0.5219863647991742,-0.3046941924203599,-1.1051691639520969,-0.4583114647729993,-0.8560181354809995,-0.0481608556360074,0.0288457345723138,-0.0304049761366061
TCGA-BT-A42C,-0.8980136330329792,0.6381608492130092,-0.7955840922869527,-0.9217612743451896,-0.0974941218212383,1.709997274231281,-0.2340145964509196,0.7507760317001335,0.2636625385405765,-0.9168245087456236,0.2064459364992371,0.6195719679409531,1.8997150943660832,0.1571228574992337,0.682836882321156,-1.3759793812978054,-0.0691272403644656,-0.6396247173490002,-0.1756057528092588,-0.5158817863597257,-0.641456478597643,-0.6409955409196123,0.5484085116820764,-0.5018223464951221,-0.3832040349630399,0.9896398071866273,0.4812521877373562,0.6949379481408199,-0.5886989070407607,1.0290066136368083,1.3630563057581064,1.2680664295805444,-0.3423172333482443,-0.0434077965512558,0.3775429083754262,0.4239301992955709,-0.8725376687340826,1.5555407335319902,-0.3807108410310536,1.2949476079830178
TCGA-ZF-AA54,1.116835930089071,-0.0763949620235835,0.9105143676172364,-0.1872938425428433,0.6896138934236148,-1.2647051357440235,0.9480594972491022,0.4887072296927819,0.8726444038348127,1.0307765134641238,-2.627156491726971,-3.5070695118239463,-1.6388884778824784,1.001034094821046,-0.6269886323784835,1.6528707977442931,-0.1358928904590754,0.893031710839908,1.0671487113504623,0.8265898701360926,0.6633358313674677,0.7638776765434827,-2.8172794316141108,1.061632371932994,0.9980017707103755,1.4270197414763608,1.0982382436367817,0.870525177647544,0.8001850879668834,0.531819755258939,-1.7289603454518168,0.1673907702149765,-0.3603960686195016,0.036905597804315,0.0981106290261839,3.079348919712976,0.8807188981360796,-0.6767388339244893,0.8437215453068059,-1.5082732729620385
TCGA-K4-A3WU,0.702134935897833,3.62165327223582,1.1374981362807373,1.0514983691580122,0.6946363851442529,1.0118553308694886,0.6457016546649935,-1.1673259652521673,-1.3753501657006713,0.7243821067734677,1.593546253458825,1.4271001786359132,0.7603379617394519,-1.4596688111416225,-0.943996852207565,-0.3180477924645845,0.4388042111136208,1.269624881038633,0.3469338213638798,0.4519032061028978,-0.3047711825394589,0.1075147094776967,0.2849740015733021,1.1839567839965712,-0.8649888313736329,-0.0681768681058429,-1.2972087718596286,-1.7705161804611484,1.4306910208917274,-0.7335939775151583,0.0378375361490261,0.7381934882521504,-0.2857268445735219,0.6051556926787222,0.345197301390186,0.230477682741137,1.129530274639791,0.0864452914272318,0.2952994089544776,1.1290829967982632
TCGA-ZF-AA58,2.1142174851555198,-0.8228486632966251,0.9153007398056456,1.0996447841910375,1.6204760398564286,-1.9056834517117056,1.6040996568657944,0.971062026018388,1.0532498604523752,1.1235702721604517,-1.985896891254012,-2.290823074548048,-1.2163308264526909,0.8235623878538,0.1123717930894693,0.8765140537723775,0.7274363653316196,1.9534328464391857,2.375943070819209,2.137706500554814,2.233227354036386,2.20588676434106,-1.484289356951109,1.3070154874544315,0.9660405111756152,0.3227571348200337,1.0849827752300936,0.4288643098423717,-0.2658638392762321,-0.2223738631965081,0.3563012709747034,0.0135153034724233,0.0276663202281356,0.3418938085957896,1.7408289112261903,1.3225807818972268,0.3389063560932566,0.6780472557286098,-0.3107052253674238,-0.9059756016830682
TCGA-ZF-AA4N,0.3414026948727649,0.5493793603877548,0.6325563691825467,-0.1019550388393218,1.0498451597131804,0.6605924324040662,0.7458638059913056,0.1612914803313925,0.7769827271799827,0.8622689973769482,-1.2357610950961204,-1.1459927200104978,0.4877084759625811,0.9092203318342804,1.0827024868991535,1.824429181088988,1.302906566395439,0.829727320586848,0.9104928819917228,0.9797741424581194,-0.0391220094158109,-0.0032074142673947,0.0853752824208466,0.279050714395342,1.1850378879733652,1.523397843875413,1.1397452895220943,1.131711275945125,-0.0857525941442821,0.0944419693142686,0.9157894053157446,-0.0196545647053281,1.8468686724294503,0.9650368867893256,1.5810062423097593,0.940726621586596,0.8050710005016986,1.9178013392321849,2.2360671005998616,0.7363988282241424
TCGA-BL-A5ZZ,0.7058753487473167,0.8494765192073832,2.230860432427399,2.113776765056451,1.2708877226519009,0.6394964530457118,1.2043013263662037,-0.0789713657411286,0.0059890405982356,1.973392272749728,0.2046901071114331,0.0504434041976981,-0.3590861635416755,0.2925365924843016,0.8829816428481408,2.1023484939964523,1.9830277777476493,1.811121936535519,1.0380606258922518,1.291955090738793,-0.8360966194224447,-0.2878824215791139,-0.586870870172047,1.8176760513044583,0.6787418483131227,1.627250832818735,0.7855071818805259,0.1009951561792682,0.9475909161714338,-0.4259487094804041,0.9714582212307352,-0.3592802596354827,1.0201251308171848,1.7931278073828143,1.5778578353411072,1.5799009303516949,1.751907293264166,1.9632514072816167,4.786783412116224,0.7279264259278965
TCGA-CF-A7I0,-0.7943349202984362,-0.0172545581716175,0.3788584665914066,0.1020276876192646,-0.5794946472981298,0.2785851087409075,-0.7905511490420694,-0.4598581488059401,-1.01260755535352,-0.072989184117154,0.6569294959327027,0.5564404669041771,0.9063263075811644,-1.1762206558323305,-0.7218529299190247,0.0799797009531229,-0.1690211409342243,-0.450392692947566,-1.021859353992193,-0.8669578659379751,-1.2152105650344722,-1.0337288950502426,-0.5324232311898984,-0.1838222928472413,-1.094530734057691,-1.1297047111397778,-0.9496519131948756,-0.376182184772877,1.0521199056103905,1.035620920241071,0.3535103360757775,-0.5989687001031166,-0.034139046664097,-0.2045373533815337,-0.3294516754890709,-1.1854949577544118,0.1865793150986429,-0.2818374547709791,1.2029002234636028,0.5148404888489995
TCGA-DK-A3IN,0.5450161608780221,0.4051748757404267,0.963181791120811,0.9568053469206448,0.6448794568392198,-0.7440146769583772,0.531514754576154,-0.2707886995650461,0.4091181911947888,1.1119468669648511,-0.1826128941089001,-0.3398142251659505,-0.5412077756395788,0.6473313853093521,0.6646169728013985,-0.0664497307014712,0.1834461594439725,0.4336129723775965,0.6638821819752314,0.989909819601835,0.0242936673943865,0.1376755949563596,-1.0209635189623438,0.9007381086341189,1.3646718128013633,0.1460994064599657,0.4042614982417429,0.6377300219806334,1.9784937535884124,-0.9828103125874424,-0.0635144528389253,-0.2091690035294073,0.0368404401129017,1.130295411350855,0.26001975050614,-0.1019146652295898,1.0215202696538348,-0.749246467551022,1.1828321276065736,0.2324319773041507
TCGA-DK-A6B0,-0.9276536800309088,-1.5327719734720495,-1.1759569807737629,-0.8827408317657103,-0.841289724220797,-1.1227670565576324,-0.9316309478564792,0.5872715084687353,-1.4880450866543362,-1.3527540010907089,-0.1403054569452896,0.0342211126154305,-0.01212593975863,-1.7003369522112306,-0.1442844090717259,-1.2550808159967055,-0.6854055457640362,-1.232421563682497,-1.006595093489736,-1.023987931053287,-0.0141391264105243,-0.408078377481432,-0.0715528149753382,-0.691896385902684,-2.0386828154083103,-1.847133941126544,-0.3481599430496329,0.2240340140247916,-0.2095888399679406,1.6595143623561808,0.4275662218625355,-1.341646120736511,0.4229800639027269,-0.1287669524192344,-0.5443911042241609,-1.1568681327549917,-1.0741120133510396,-0.6069711293061433,-0.3575453967184375,-0.9800738850833852
TCGA-XF-AAN0,0.1947678856929159,1.0271882651302362,-0.4558851951320367,-0.4159700467879095,0.2124933038099771,-0.6048505386674924,0.2986368748172803,-0.6663479670002942,0.2498299316036694,-0.2454149105354724,1.163615794517879,0.7429360029209333,-1.3524351966204538,0.1619471670717838,0.6639708839382079,0.2818918387334211,0.0439309326233074,0.0709578776803158,0.2987569838857682,0.1958571261286587,0.1591761020051682,0.1843625595972665,0.6834741920509062,0.243283443823978,0.9547472966239794,-0.4406401841501588,-0.6543946125912755,-0.8135973487462607,-0.8352086355802174,-0.736246354349889,-0.6440182350533399,0.5635564741847824,-0.3348789876306412,-0.0770634272773164,0.3375948265065538,-0.8328156304077756,0.1934137514812551,0.0141326034571253,-0.8811713496053578,-0.3224873959649647
TCGA-E7-A4XJ,-1.2829729968223225,-1.3833026437614586,-0.6337709473019192,-0.5791949822690278,-0.703822883645988,-1.129288905509372,-1.3790542174677964,0.0798153835497854,-1.0185463319340953,-0.5735832632637448,0.8239095007454426,0.6022836566409099,0.3447463133409504,-1.1226378895310232,0.0111339185927239,-0.7758931340967021,-0.188656892257609,-0.5976799171362568,-1.5769887531863014,-1.0830050975285093,-1.1813845161377856,-1.4617117494592993,0.4962053647767464,-0.8773028100991149,-1.4395751218240234,-0.8112041959409472,-0.3519042383373164,0.990837078390676,0.8799119758360102,0.4462394809068541,0.9601317086458484,-1.1904646337203673,-1.3317246588998335,0.0109233196832295,-0.5560432641838992,-0.6358717612016151,-0.6122894089505455,-0.7403188482404743,0.4004493409086006,-0.3583001630255222
TCGA-G2-AA3C,0.8625743112070833,-0.8096613585741758,-0.3644560882032294,-0.2904673643852842,-0.2165424493316179,0.4610034824532816,1.0154858355684595,2.4154891793359727,0.747267344281818,0.0634528121842737,-3.4817288055038427,-3.0648624813724847,0.6755916161695107,0.6149712054690428,0.3809867272559769,-0.201868820340333,-0.3593621951195189,0.2907994924430643,0.7312118097034619,0.6634815739594961,0.3232308795012926,0.499278288789956,-2.826340421537844,-0.4379191775542688,-0.2704950681826585,1.3163579347591858,1.2618777502617498,1.2702865141692534,-1.0072732447248511,1.4904431004840144,-0.7141568426541831,-0.9994902875055652,3.309923680475113,-1.440296962774781,-0.3374597645320021,0.8120963244859063,-0.7182549977818479,-0.4533159581137405,-1.084906206904475,0.7292555804398828
TCGA-HQ-A2OE,-0.9905539034836872,0.4808451260992268,-0.9071622923952424,-1.435737709954793,-0.5217854714110358,0.0888785655184687,-1.173971573323077,0.0566702851778714,0.742705196026992,-1.5896809455583774,-0.4059328271779222,-0.3034265996110062,-0.2007093614326904,0.6681056138406418,-1.4405857683656038,0.0270113565462867,-0.5852383309263449,-0.7674585941973632,-0.8914871685824819,-0.7586220962734478,-1.1526705877888044,-1.1222415685558282,-0.3482952829895577,-1.2581766558330574,0.8061108001555649,0.1261587512587119,0.3916132901943018,0.598295110018299,-0.9943821182968868,-0.4985203993870855,0.1033951205171276,1.7474866971504712,-1.238281814308169,-0.1220145159214959,-0.3934180242405934,0.451942786906688,-0.6876410222206836,-1.255221529769936,0.9306198718094738,-0.1946828471324296
TCGA-5N-A9KM,0.2261286357174437,0.3690188886775419,0.3166748488778022,-0.7877331847881355,-0.0554114819892474,0.075903861818442,0.2861166128999231,-0.3171516523261163,-1.5446982178469533,0.0719828476727145,0.2875349344762645,-0.5304919921457442,2.034898623454916,-1.8791392698005904,0.5630763515061052,-0.824411407854824,0.4194193266108942,-0.3297280439299437,0.2707436312094528,0.3207228561442865,0.6592006627411187,0.5552386653891584,-0.5360693728477023,0.057195836047213,-2.397043773463927,0.1108514854309791,-0.7740693256709645,-1.7158601696250328,-1.866164574471488,1.4352052399746549,0.7117174554486627,-0.1514825222069496,0.8534464898292361,-0.5892951142127434,-0.1083331493445415,-0.4343151766267705,0.4571255504502621,-0.2288514055326539,-1.294691879606192,1.589170977485502
TCGA-FD-A6TK,1.1353091809885327,1.2853465169832292,1.1101826523327656,1.9033657207141568,1.2278865160389267,0.7823021782987357,1.0904862962125328,0.6576544659962942,0.3523044546737953,1.63613377758875,0.3299046833700054,-0.1580353210522983,-1.1399579015336991,0.5403426394545584,-0.0827557344314814,0.7836608358775873,0.3636820992068831,1.2685131322505212,1.2313814053799224,1.1762254619400316,1.2659649758079214,1.37832437372047,-0.4541532117982375,1.36123811799869,0.9778386503540556,0.5731719309825564,0.5989139935576389,0.2403741327118462,0.0404361790102054,-0.7192451041495023,0.4120233348964227,-0.1812973280057967,0.4338898064700257,1.4130614501976266,0.9166823594049288,0.5573100001408101,1.1811877274582876,0.1897043383918293,0.4095331357979849,-0.9191294314366002
TCGA-UY-A8OB,0.4990648859710121,-0.4313441118218264,0.510446857675865,-0.0343188843507114,0.5152037411482494,-0.2152542993168995,0.4465262283524816,1.6245945584597543,1.2062619704466224,0.0199824270482514,0.5562632278474755,0.4297059346354999,-1.589588625219403,1.1904990106041302,1.004146853477672,-0.7719025969751168,0.3059228783149565,0.2347400652813948,0.3021204085818511,0.4989935856980025,1.0319804435988147,0.8889059662567171,0.6415992843276718,-0.6338777379427224,0.2586062261495231,0.920604835886818,1.5414820920186991,1.2879374922562,-0.3812536196789702,0.040812996753421,0.333824563382758,-0.1295714176790107,0.642366775556998,-0.2171885710394188,0.3989159375771678,1.091926301119862,-0.8105529278971961,0.3011778018574214,0.559745273691146,-1.0966695100366426
TCGA-DK-A3IQ,-0.5388032157252599,-0.0620466387755577,1.2788167774916874,1.9410058700481485,-0.0311063375678359,-1.4943741098962826,-0.1366069319698364,-1.7444875956441563,-1.8403762965374773,2.021747034145213,0.3509129848914172,-0.4374506160135329,-1.9334162521762728,-1.5899289569040205,0.1640539251377401,1.3446296922529164,0.7803293015148547,0.0472989429481003,-0.3064340021533577,-0.1627010422541532,-1.186455299450667,-0.8457339777451396,-0.2172514322758413,0.6998943657899797,-0.18593940118848,-1.7341810899037455,-2.3655492590471248,-2.947939971016841,2.0606724070286364,-2.1601687547037693,-0.1019201358290883,-2.062757612346177,-0.5954176081493321,1.514940040126039,-0.3893572375731177,-1.3005003854148915,2.25659130194429,-1.0811730874287195,1.3059201982041937,-0.8327437392412577
TCGA-FD-A6TG,-0.129649167976106,0.1052743196283792,0.7047442827278573,1.039556018630759,-0.2686317578978204,-0.484764630710338,-0.0129107898356311,-0.7581248228060533,-0.2713132076421347,0.6024058395567048,0.6039686408949057,0.8451945071195293,-0.0387907522539173,-0.2626206042320343,-0.4750734051094457,0.2753713894191036,-0.7438970230044741,0.1995193684278431,-0.0060456941867699,-0.3876806047490196,-0.9336664402883728,-0.6457080902543175,0.5440618546011152,0.386540183362947,0.4705971026383396,-0.2819317390032297,-0.761034181120505,0.0313499911399218,0.2000970733322147,-0.4701567409019418,-0.4543011403892479,0.4947595200081992,0.1730366789295552,-0.1005168705650808,-0.8910087749013647,-0.3498681118263827,0.4279702966088001,-0.308953236009625,-0.2404769240389673,0.2793496714476471
TCGA-KQ-A41S,-0.2781590084046503,0.9333563695017998,0.4322159797476215,0.166126204575724,0.4487018975637446,-0.3937967432602412,0.1488257650135701,-1.107202355038868,0.1038699046965176,0.8542976395008481,1.4785038368951346,1.2109449535882597,-0.0807586734847275,0.0824159689770317,1.0713615275918016,0.839319194999634,0.7530491022596363,0.5459561001015416,-0.0612831627813916,0.1188350847416869,-0.5911967231454814,-0.2610507482220602,-0.8266987551089228,0.9265771963763648,0.6752583222873477,-0.3737428785180467,-0.6739601939270483,-1.1164867810876282,0.3300458251963518,0.0048686465175891,-0.061705217953381,-1.1906529063888682,-0.1200011582892351,0.5830442112579168,0.5930516535330858,0.1744898420958517,0.8096863812828692,1.5853453393153618,-0.3250344936728191,0.6150240505560804
TCGA-LC-A66R,1.212718580437805,-0.1572026658856344,0.425754673196154,0.9818044846630952,1.3518019829158088,-0.7014631679940164,0.952637902106733,0.3159491380455012,1.3262582300251338,0.4536658879887967,0.8315425770526319,0.7063058877442114,-1.396983990920581,1.255174803225518,0.4171095147397468,0.1687395099344826,0.8305406463078717,1.2682346083689084,1.212497750428182,1.4968778482696972,1.3931204990131074,1.3793316584653714,1.0806595176022504,1.032771073362037,1.8733279784726968,0.7375470213755964,1.1277889654901332,0.4616550853166637,0.0373671527599071,-0.015791294535376,0.4835455722716329,0.808327382098888,-0.0822759842323913,-0.2604001976990799,1.3793051559128129,1.0063483519289105,0.032328844884311,0.2594163061830258,0.3816967956284001,-1.0382286591257786
TCGA-BL-A13I,1.5546588965144057,-0.2688961429678486,0.6675005628136953,-0.2118019900758876,0.8750466371689463,-1.83065835367167,1.33041783255236,0.9795042307028008,0.6876235337528279,0.4409094383605778,-2.1828210507706824,-2.466663012147136,0.8683123537269462,0.7912883309029453,-0.7733753045542348,1.9147549572079017,-0.0814738984078563,1.1985208734206334,1.5023917325009637,1.0268359006489305,0.5039121725563227,0.6563296444897703,-2.042679449592395,0.951619408656761,0.715685349519597,1.5120303646073885,1.3909085940352168,0.6104647032102087,-0.300874202407011,0.816894501133287,-0.9818265707203172,0.7260576331138868,3.39653559872775,0.2627365490519565,0.171748202729851,1.316886153303894,0.6136810860487802,0.5624534699682867,0.983907959289426,1.608914401394114
TCGA-FD-A3SO,0.5033073937418798,0.411949657531503,0.819252181761964,0.4243844272569951,0.1554023058980606,-0.205807451861645,0.8948470437137621,-1.0560731438840385,0.7474420926821062,0.7872996752672448,0.809348740466903,0.0598201103059872,-0.902568623188139,1.1488804205887515,0.3474806939804821,1.295006847542291,0.6421563286562205,0.2803826359983473,0.7054300877684824,1.1662413119285413,0.5328504353548476,0.6519219114227882,-0.1473101205066598,0.5890704812875622,1.7284594096777206,0.297103508084139,0.4216382136917612,0.709569837952047,0.5128027292929876,-1.19095109457252,-0.0018564809645683,-1.0090141383536542,-0.2806383862788713,1.3947637132354505,0.8441270378751061,-0.584783174274075,0.4470807034305406,0.7013154764659946,0.2208301643041068,-0.526855103794663
TCGA-BT-A2LD,0.0507754000956496,-0.4330154398350165,0.3750882671690116,0.8585955735223381,0.187368896233312,1.0885903356572748,-0.0407995157237063,0.2747076804905597,0.6036599726698245,0.2789974249316875,0.387604043845652,-0.2390629897150686,-1.3015714388318684,0.7096913641467653,-0.2387288732458144,1.0182221358507493,0.1685822290710844,-0.4129018043949329,0.1909878801749547,-0.1827849125956111,0.5209419822616852,0.3209485107234958,1.2350940219853377,-0.3490882628213236,0.93275208154969,0.65092521783371,-0.0657828688107867,-0.6323458466985815,-3.034296495042152,-0.8006631361263824,-0.1270184775424494,1.0277263936727687,-0.1173161351819929,0.3688607443589912,-0.0905081065656779,1.2655780181133776,0.2020654009468107,0.6351972621164851,-0.0962598533168727,-1.1567584590251718
