patient_id,HALLMARK_ALLOGRAFT_REJECTION,HALLMARK_ANDROGEN_RESPONSE,HALLMARK_ANGIOGENESIS,HALLMARK_APICAL_JUNCTION,HALLMARK_APOPTOSIS,HALLMARK_CHOLESTEROL_HOMEOSTASIS,HALLMARK_COMPLEMENT,HALLMARK_DNA_REPAIR,HALLMARK_E2F_TARGETS,HALLMARK_EPITHELIAL_MESENCHYMAL_TRANSITION,HALLMARK_ESTROGEN_RESPONSE_EARLY,HALLMARK_ESTROGEN_RESPONSE_LATE,HALLMARK_FATTY_ACID_METABOLISM,HALLMARK_G2M_CHECKPOINT,HALLMARK_GLYCOLYSIS,HALLMARK_HEDGEHOG_SIGNALING,HALLMARK_HYPOXIA,HALLMARK_IL2_STAT5_SIGNALING,HALLMARK_IL6_JAK_STAT3_SIGNALING,HALLMARK_INFLAMMATORY_RESPONSE,HALLMARK_INTERFERON_ALPHA_RESPONSE,HALLMARK_INTERFERON_GAMMA_RESPONSE,HALLMARK_KRAS_SIGNALING_DN,HALLMARK_KRAS_SIGNALING_UP,HALLMARK_MITOTIC_SPINDLE,HALLMARK_MTORC1_SIGNALING,HALLMARK_MYC_TARGETS_V1,HALLMARK_MYC_TARGETS_V2,HALLMARK_NOTCH_SIGNALING,HALLMARK_OXIDATIVE_PHOSPHORYLATION,HALLMARK_P53_PATHWAY,HALLMARK_PI3K_AKT_MTOR_SIGNALING,HALLMARK_REACTIVE_OXYGEN_SPECIES_PATHWAY,HALLMARK_TGF_BETA_SIGNALING,HALLMARK_TNFA_SIGNALING_VIA_NFKB,HALLMARK_UNFOLDED_PROTEIN_RESPONSE,HALLMARK_UV_RESPONSE_DN,HALLMARK_UV_RESPONSE_UP,HALLMARK_WNT_BETA_CATENIN_SIGNALING,HALLMARK_XENOBIOTIC_METABOLISM
TCGA-FI-A3PX,-1.0206675558453024,-1.2025284682149195,-2.4301537006822405,-0.8463744505798748,-1.2801668425308703,-0.5118458084630643,-1.0132307629115802,1.0368502813197848,1.4460674425899522,-1.504053559777235,-2.199840872260756,-1.929426348739763,-1.193879941062186,1.4284493808845966,-0.4377780033180463,-1.2730331972165394,-0.6460347328507934,-1.044019969739317,-0.7537433385831851,-0.9420272439478627,1.839410511026461,0.9428703954730576,-0.3662637036135293,-1.2571529711637666,1.6641902860658586,0.4889981421278886,1.1381106157925316,1.056303372343145,-2.517372373405826,0.7225791529478668,-1.4516696302104726,-1.1981033154557217,-1.5960507882412922,-1.4342214677130911,-1.3123617574934394,1.1597211203699578,-0.978401039255,0.4207254187348967,-1.839853786623905,-1.3980530186065454
TCGA-BG-A221,1.4263414318085632,0.463310292636195,1.4980481658850535,1.626819438761162,1.3055960498940933,2.275688187776621,1.713863876755802,0.0593512206366832,0.1798584385423915,1.1416252232847692,0.3770087628943463,0.9825101709377227,-0.4019059873847557,0.2891255460240788,1.3169156951758876,-0.0544843600067193,1.940831320248356,1.2497287561948596,1.9772904235671664,1.5945432896825829,2.246467717162369,2.2428331089234463,1.5102156076660034,1.3209372063457985,-0.0275387986097528,1.5139584739606244,0.2454035326442077,0.7386258328510706,-0.5792922729234985,0.1622419470790084,1.6233129976221308,1.1611297515653516,0.7515345703111473,0.8308059506855845,1.498493189239915,1.7117095188641778,0.2545357579360158,1.91341499910375,-0.057139149515047,1.414890515266758
TCGA-EY-A1GK,0.5791693921693379,0.9426267394984778,-0.0148336901706754,-0.6880594659162881,-0.4373819388791659,-0.4936938336473288,0.0107488652209781,0.0611895498346365,-0.1761665714796186,-0.3233181588618336,0.2253048044563795,-0.0001307684770358,0.6230571867160772,-0.0815370961830821,-0.0554751058618883,-0.9239814909172755,-0.0816731519235423,0.1333238592439179,-0.3391514081431595,-0.0003210068880838,-0.4848925009961888,-0.3134466411284511,-1.3703300735174777,-0.4286080189529994,0.2827719309920798,0.6062352472418143,0.2435559753244166,-0.2393851514941566,-0.6289628923042156,1.1626937151629242,-1.1083801088375984,1.2612953128739923,0.4969993860216266,-0.186349654860927,-0.5460361263914476,0.7293672093751872,-0.0984829543829782,-0.5165321247943825,-0.5433077320941461,-0.3440127873228858
TCGA-BG-A2AE,1.0377757153083924,0.7774695085484848,-0.7515892253362656,0.2045652861751012,0.1249224833237511,-0.4848999248105801,0.861485192604698,-0.4103327409976371,-0.1093507783960094,-0.9425992101837152,0.7807971920899608,-0.0927849732988653,-0.6708137800172099,0.0287813803486696,0.6499666944125538,0.1253468075082836,0.0216175969122858,0.9243542988016874,1.4689660136988685,1.0309928374344195,0.926330836251428,1.3481219340019055,0.3818224468889319,0.7292621959250599,0.8301613251643857,0.2759691735982905,0.0711364475864881,0.5291934651385436,1.096409477965051,-0.3170742393724314,0.7680410752171075,1.068984270482816,0.0584293923125074,0.591309112555452,0.9143715890680396,-0.2447069377385351,0.1919225446468533,-0.565695871110503,-0.2159240254160213,-1.0460789368901842
TCGA-AX-A1CE,-1.1624040046635804,0.2573875885707971,-2.233594098033581,-1.718699354249725,-1.7781693318992116,-0.6022550896234796,-2.1824924495837057,0.5187978083183266,0.1753893777557658,-1.7398403283229231,-1.3951647313587898,-1.7655340026704236,1.2156913523667596,0.1470394510606304,-0.0114031481762588,-1.2694365883952383,-1.5357560433787565,-2.3583035637344256,-1.9105206334554192,-1.807170098219545,-2.4591757183638965,-2.0292611530508604,-1.721066396462856,-2.686511205880213,-0.1441465856570358,0.770988339002638,0.5798852819620032,0.0412084727525863,-1.8407874069204253,2.044156931926413,-0.0965576577138104,1.1570224199626258,0.9080132745623524,-1.5705934936346702,-1.888362019599118,-0.4068628157658049,-0.7137163151318796,-0.6951455753273441,-0.920510944374778,-0.2995970775979331
TCGA-DI-A2QY,-1.2300976368634051,-1.5400730582046211,-0.9162665814458338,0.189099020472073,-1.044787455815112,-0.6570367171849664,-1.1031000130651796,0.2414242331950196,-0.0504453834861877,0.0843242742453579,-0.8886379672008164,-0.8192829784326715,-1.5563334808476317,-0.3099930695938067,-0.7755761683894242,-0.2511964085611973,-0.6436030154632891,-1.2432991087913077,-1.232689217347264,-1.378876113358791,-0.7164400104629329,-1.1648907996930709,0.3586286391424328,-0.9646840024722432,-0.5580491031075673,-1.3226273603846497,-0.6957852322134689,-0.6079915258100029,-0.6590251445596443,-0.3996682258874387,-0.8889667345191,-1.9438169233391809,-0.8354710266851378,0.1245592525740301,-1.1283143658603982,-1.3855331277196938,-0.4693732569493193,-0.1988885863303528,-0.7673549265421064,-0.8170198146933807
TCGA-D1-A1O8,1.569654925381037,-0.9740332081908324,-0.1865543929356991,0.3830663697681557,0.2830821771508915,-0.1162094360672205,1.1014038662919117,0.1056307474090866,0.5099795663942276,0.1877923925162372,-1.3512991472841112,-1.162694093870887,-1.477923284036902,0.6768116176414293,-0.8784846034000867,1.307619631203334,-0.5447287512026197,1.07790188126422,1.1492729006342142,0.2557659572880983,1.6375053326528453,1.9312953696701327,1.022011027803161,0.6767302038190661,0.4864188631616051,0.3210310694286655,0.0491061173211314,-0.020417999906076,-0.5847580134357178,-0.5461301110428695,0.3403378833810019,1.338723454976588,-0.8471066056168551,0.3098925183341908,-0.3188601704699165,0.1140308561349525,-0.8190879339666411,0.0749985431513684,2.2350325921836656,-1.438930656941562
TCGA-EY-A3QX,0.1151527551517629,0.4038059868497559,-0.4231549020668461,-0.9163285361544512,-0.5018568949797851,-0.2935290116176564,0.596248444116526,0.5184144013874187,1.331432627982836,-0.8578539069345459,-0.4550351973925979,-0.2046620273521073,-0.2410523595734432,1.152010387034455,0.6658506856131764,-1.3528451718654062,-0.5810647309410925,0.4503646987246264,0.2355748016520764,0.7253962812381588,2.2037120186075008,1.5684075637945574,-0.5047889311923172,-0.0222150269085169,1.0619833078698695,0.909951044209988,1.044658075502242,1.1646490899540949,-0.2304739934825171,-0.4619982775340351,0.0400095823932736,0.7762764213117012,-0.50324757988617,-1.2793840745834248,-0.2688520121007441,0.4292292433616944,-0.0525979007706442,-0.2722113415395852,-0.8512842184114294,-0.9093090943714924
TCGA-DI-A0WH,-0.6945026937727351,-1.544740967306588,-1.2237088632837705,-0.4936656165123985,0.435009024058679,0.6754584507893688,-1.179166341841824,0.8909407365061028,-0.1370417792087214,-0.3128864666628811,-0.5300598467687335,-0.1836866662700605,-0.718495237736717,-0.1981684310120486,0.013300273695243,0.6339630913620068,0.583828331260705,-0.778080099044942,-0.9993317148146512,-1.073146837080742,-0.0961970271459571,-0.5552099514173421,0.2742030930144076,-0.654128149325496,-0.8779349762781244,-0.5001093161677438,0.4567895750466993,0.8194687575359929,-1.8821179686383125,0.894574439970663,0.5727328231138021,-0.7968004051714749,-0.1792562110597804,-0.4342801769687732,0.3520847552849071,-0.0843143122437147,-0.7817132755498205,1.3752227847723193,0.422131971206535,-0.6044425632733867
TCGA-BK-A4ZD,-1.2441144861104338,0.5176626667409496,-0.3843623137925624,-1.6208897547289052,-0.8558849324593132,0.9103549561406992,-2.3290993487208222,-0.8042899850289329,0.3801379475155872,-0.4946057676055275,-0.1035726919493018,-0.5538395259731447,-0.0105624283463448,0.5122932338351305,-0.7674683086138886,-0.1557304883431174,-0.9424043795087472,-1.7738958016142723,-1.486288065832763,-0.8671909455288382,-0.7531697378671429,-1.0767911357648563,-1.301013609901608,-1.6723031215578894,0.7215863048259028,0.1167009121691111,0.5139407526146493,0.2417088281746824,-0.6007954936375246,-0.5161735841820512,-1.7535808874247325,-0.0677152144462024,-1.5305444074976402,-0.3352437067463683,-1.2999667419751118,0.2065523092501427,0.2861085409965433,-1.9508452292674427,0.1651094766004958,-1.941685700551485
TCGA-AX-A1CC,1.3812314932760592,0.5666550093961105,1.4353187946868204,2.893959282518424,1.105235039938435,0.2647404920319863,0.9041953215303198,-1.6956722814785026,-0.3544243495139075,2.0577729125016564,0.1815810628895163,-0.9596798209856936,-2.128475204175478,0.0018120056954079,-1.3441463010343484,2.0986129849535877,0.4120915033655764,2.1097645615511813,1.2829009713714143,1.260776285186044,1.2105458087168182,1.41285818748433,0.8159120713036658,2.052253474297859,1.6044953075705972,-0.9175408874446408,-0.9727938933125538,-0.7767821072411446,1.7321049979818708,-2.4593956346579864,-0.5103901857472394,0.4288425963193684,-1.375218614102805,1.7826312954964003,1.1177091232156304,-0.9944034746208512,2.120330241003409,-0.0953827017518,1.1879978920169827,-0.9616620642710306
TCGA-EY-A215,0.1788274821574231,-0.1468785049148021,-0.9299776983238854,-1.244351853783548,-1.3211746929252697,-1.686492815223872,-1.0630589446250784,0.5392658114828455,0.8525497639492449,-1.940761829527661,-0.5731498915794216,-0.308467209529585,0.7332940701696316,0.9486755782586191,1.1385730456085728,-1.4582218102649027,-0.5661567411428727,-0.6461257709549867,-0.2679464483948229,-0.5775136807328553,0.1632300408706166,-0.088742588890331,-0.2262727577537159,-1.3500720708096623,0.7627869465103403,0.8902252849696335,0.9651300484832812,1.397641379300239,-1.6237627373475314,0.549765492613417,0.1529785754866721,2.1004575730284127,0.7287596421865724,-1.982224060293467,-0.8236885603669277,0.8682394991083643,-1.1383485521671803,-0.2771654760739855,-0.8304242430559948,0.3999101452478011
TCGA-AX-A2H2,0.7134001792810779,-1.4818669193093943,-1.0206822446405692,-0.5163194511518022,-0.2777695175678417,-0.3465999743051721,0.0119380715415418,1.1599531193564998,0.7678874471408823,-1.1794053364930637,-0.4212552369126894,-0.4754822086857634,-0.5161758705526677,0.6112343496344992,-0.6918923032955672,-1.4643790968846129,-1.7118479136914395,-0.3984880575427766,0.5886166435778194,-0.147372516653647,0.8495884945728389,0.8370074920558905,1.4302974767042769,-0.1276469143425623,-0.14571306316015,0.2462039130119593,0.8810009328662796,1.217447776582743,-0.4647752473703985,1.0853444267224706,-0.5672749364502668,-0.316841525887071,-0.1799086133866089,-1.9982241180075169,-0.5330464572205775,1.4283135634656052,-1.776454423437226,0.8180920904553254,-0.4078615882244161,-0.4525872693387702
TCGA-BG-A0M8,1.952017729067593,1.0184504421869105,2.034834292657808,1.539530031316663,1.57013327495645,0.9169945606352136,2.543806042844303,-0.934918813773572,-1.3870936208384328,1.9540590153801356,1.4368714104175635,1.5337055581431518,0.0574933471992645,-1.4082107106947723,0.3439287522920106,0.3756284155135568,1.7670085714232429,2.5561348197617035,2.1447361562890146,2.0608689393358985,0.8558967284801151,1.4064754688786518,0.26759947430424,1.7896278703413746,-1.3160419089183375,-0.3890011156567377,-1.5139004654450083,-0.9265479726608072,1.648813416011257,-0.0294628510744562,0.8653720191090181,0.1453803144609001,1.2167953415005373,0.3950073311511886,1.4802733646969275,-0.1033495850563974,0.7483618325508753,0.7265221920136022,0.6866783385423312,2.513875577655094
TCGA-2E-A9G8,0.1993106541793674,-0.7110936769615196,-2.0129570524430185,-1.822500545213439,-1.166238559720702,-0.6329010220506848,-0.7020819612866399,1.0730831689504088,1.0245240013933323,-2.045486410408667,-1.5645200972190365,-1.0590355907241684,0.0633117152652454,0.7829855944086858,0.1012800857958479,-2.001739692049952,-0.9583812235986892,-0.4456697755027702,-0.3397569189195212,-0.6664314695401122,1.7314680654607195,1.1493354000153555,0.0767513728974101,-1.2700767244585485,-0.3323568743199245,0.7595588414489459,1.4111189778842768,1.314975021090052,-0.9745972335638026,0.5904400294299792,-0.7856555147900877,-0.1025191250656346,-0.0446160941435186,-1.8437996449250784,-0.8864619638181984,0.7097876116804271,-1.8157666694627743,-0.2275947486216069,-1.6744358636381866,-1.2340218481460952
TCGA-AX-A1CR,0.1262492014720932,-1.1092543106803894,0.4668330171162814,0.0415435171779384,-0.2199181877808486,-0.2943319389802003,0.6897402608821123,-0.1081043432400957,0.6902348744704782,-0.2320352028495893,0.279348253053322,0.4445554305106006,-0.5434322329674044,0.539015153225348,-0.5146702334062169,-0.2203426156325173,0.2696528454351999,-0.6567869409596288,0.4353337913222557,-0.2432967008722151,0.4283136244413532,0.1836157236575277,-0.0302363647763755,0.1787988098343404,0.847955021039138,-0.7701554162717432,-0.4216602407173891,-0.3944295758851148,-1.6248116480724013,0.3456409788279069,0.0996239434879125,-1.0567575323937786,0.4626907155550283,-0.6520955053524289,0.2775905093646154,-0.4604072013142304,-0.068482890362537,0.6004242435309901,-1.298241633058325,-0.9121811986354972
TCGA-KJ-A3U4,0.7086685604592191,-0.1872175083408605,-1.5473369978045646,-1.1813658311076114,0.3256121394033477,-1.0466465096194442,0.5889322160061925,-0.2720390043391634,0.7528902140181851,-1.6268045534099738,-0.5545708337277478,-0.6966214217357956,-0.1429345582482726,0.8914580341762355,-1.051485415634713,-1.538702994917701,-1.370878447753996,0.3437387714037216,0.6419056832743132,0.8581081758303104,2.2048324818544547,1.9567802305642608,-0.4539796613950945,-0.0317053442618281,1.3774765784477363,0.057865591521961,0.1588985057316151,0.0522609354687779,-1.808515839564016,-0.5584110004796552,0.0095564290149691,-0.2709879320659197,0.2905589251766057,-0.0098725470484487,0.3607417168954223,-0.7665643952610789,-0.5493979116481433,-0.3687341796575116,-1.5607675362604505,-0.5058306945700994
TCGA-EO-A3KU,-0.2479282822014598,0.0686603779401715,0.2988943290598867,-0.0617882468236354,0.5735576451608393,-0.6337087711134264,0.4283420529049888,0.6913237206418977,0.8993266661752447,0.1875464978675441,-0.4375168551782354,-0.369660699730352,-0.8004974757941794,0.8122562098309637,0.2121395845419221,-0.1941287266950261,1.1448915564130449,0.3131647785750654,0.4996357152575945,0.4366904721240064,1.2911627787584796,0.6622790108791228,0.9773862749133966,0.5610429779615265,1.167863065456828,0.7129577998301061,1.129073040786848,1.0876128379061116,-0.2459848367442222,-0.543016211441672,0.3621302271055401,0.2590001851198721,-0.5219537443526524,0.4970925519466184,1.412912020408945,1.225875842163065,0.0022135276150658,2.075851158247073,-0.7152408925733,-0.2272194827216172
TCGA-D1-A102,0.629947630392529,1.692584642692642,1.220381180795142,0.4523784883885778,0.2239945520688035,0.1138858159342244,1.101693753537943,-0.531419613145922,-0.3628817851525167,1.0934438620201945,1.34373211040064,1.0509793739344149,1.1613418293352071,-0.3483988096239182,0.3312839190750904,1.538061907380354,-0.5301560305915337,0.9826559441714589,0.2922565616138416,0.3370364501907288,-0.0178142131752692,0.2880881644682358,0.2353931900338932,1.05543981198066,-0.0430560960437242,0.3478480025532984,0.0986667739622287,-0.378429081931068,0.4533421466093956,-0.2493870653985023,0.2964321235543179,0.2817458178818542,0.3006170289354654,0.547974259619298,-0.2209380546186026,0.0285263614044379,0.6341383228698234,-0.2151029854298264,2.2960647339308284,0.9610750729940696
TCGA-A5-A0GI,-0.4880476721821877,-0.984911392903564,-0.4098461303893214,-0.1466768333646936,-0.3840947060371204,-0.7333012138170277,-0.7026344124333496,1.0201423542006052,0.0920984474574758,-0.0755046855031459,-0.399728980331211,-0.0094799934515391,0.7194282304030711,-0.007019889097359,0.1718019240493118,-0.3484359352018187,-1.5710988193554491,-0.744235756766598,-1.3108132688384888,-1.186711136799533,-1.0646321105653405,-1.2174460998759125,0.1468868286135365,-0.9198777378934344,-0.3277969206966709,-0.666540910851709,0.0914024207223131,0.3915843983490412,-0.3391087322876573,0.404838926562956,0.3827918512886757,-0.5741079241606176,-0.1330800536035549,-0.3298391522697533,-1.180163737136923,-0.5357793194307247,-1.157033757116507,-0.621434214498539,1.9242829356096776,-0.1282079512968363
TCGA-B5-A0K6,0.2720634767328305,-1.1803139144351198,-0.1402999409540451,0.1309361776124668,-0.3843982239019327,0.0694816492230373,0.1520537267449375,0.1557821526144319,-1.1602990515865532,-0.2200567719058456,0.6066724105670869,0.5154453933509829,-0.0209923944356598,-1.3241795649257486,0.182977004500764,-0.1275434545259051,-0.2298558740353388,0.0566377459398898,0.1841721192399016,-0.0553317432588826,0.2060998623134202,-0.0536066009487821,-0.1715528723500216,0.1834102099109048,-1.6394121062285791,-0.9662207369881888,-1.469112883045733,-0.3051331377863395,0.7443776775768488,-0.2423708413535123,1.5853172559703148,-0.5453014439113198,0.4755968753342841,-1.0358169595890736,0.0898105521240159,-0.3421075052263174,-1.3166855252621033,0.3452073703694234,1.6015116532949,0.669777858803028
TCGA-BG-A0W2,-0.0721494624836063,0.8557031745738175,1.2461831491824509,-1.1408683903682435,0.1440461472080719,-1.1493666438373318,-0.2182705972053085,-0.1485770105487251,-0.861557300350705,0.5335508262673339,-0.5366089714352658,-1.0541872042618703,0.1340172361468308,-1.0371609758699178,-0.2511594132597344,0.4814525889331482,-0.6488398392574471,0.1584907426691046,-0.2640319984994616,-0.2465696778255254,-0.5388981525812021,-0.3801248146167116,-1.687986727061891,0.2120768595429062,-1.097308725813772,-0.3563613915460442,0.0895999406597893,-0.5364396996799679,-0.2841948334989859,0.1110638213597098,-0.6207291671568935,0.0653752021825589,0.2758982310717302,0.4031112381870066,-0.5037773778596695,0.0762847202131439,0.3757577973478457,-1.0969293281781478,1.3068426675797435,0.0728176418344538
TCGA-B5-A1MW,-0.8995842175566162,0.4635865316312577,-0.3559031602614589,-0.495663506252367,-0.0052581677598666,0.8107965880559606,-1.354647131847435,0.6781689035630133,1.2751846809534142,-0.693556719251139,-0.1219012417054022,0.0406600109595802,-0.8005035652675082,1.371810532887301,0.5752055215106131,0.3239286654559121,1.148040797864337,-0.982781242848784,-0.6145071547142559,-0.5153029585333866,0.5868968840112326,0.0357726775939714,0.4673168969195339,-0.8009069108364791,1.5353053946494446,1.6312331801989943,1.5851561358152262,1.602573875256768,-0.171029687343326,-0.3182356346659424,1.0686905403810276,1.1428976735154572,-0.2920493894289263,0.1065104244666207,0.5411276400307158,2.071193098499716,-0.0278465880659329,0.5965777342249906,0.6606902625765823,-0.7284965961370186
TCGA-BG-A186,-0.0280441499131831,0.9730581754586128,1.1238691022168774,-0.020236550373234,-0.1529965603927346,-1.272542748838713,0.295773116910215,-1.0038341056618862,-1.1474981736249343,0.445034372260201,0.8726834681380042,0.282489328266693,0.2811229104235897,-1.2185886513961712,0.2731968993247331,0.3602887389526782,-0.6690624960267169,-0.0994906583665084,-0.0995496270923038,0.0515432337113793,-0.4780958409342786,-0.3531692364585778,-0.9173595095806648,0.0487047588241929,-0.5775506080398244,-0.9691429860965988,-0.7717820961909065,-0.933887066739951,0.0531363000950749,-0.3300547862218527,-0.8274881854660374,-1.0729740202712228,-0.063292939049413,0.4106253535674037,-0.4870212735720439,-0.4373175685366864,0.4453610260150391,-1.5862937202805825,0.4429631322419267,0.0261435089984894
TCGA-B5-A0JY,-0.1485533227465392,0.3141787606579302,0.0690760788257219,1.0558440337871653,0.5072306435630627,1.1392714825806791,-0.3919545819689829,0.9165226482089104,0.498052391530109,0.98063164630388,-0.8980106411509087,-0.4110049377649728,0.1161373294024875,0.6403725678437787,0.502125452761542,0.5390125578187864,0.2601363498561165,0.1751943652228304,-0.225360930535601,-0.0862281828230829,-1.238177400265437,-0.8489251390616682,0.0352690121883138,-0.1300723214906949,0.2228213535668538,1.3557251498361875,0.4395461182432669,0.3322811868809385,1.4263419275725715,0.3692326604639738,1.255447297779431,1.1106279138192134,-0.0557051726794024,0.7376432399832351,-0.1449091527605473,1.8027322805909989,-0.0263012610923605,0.2999907068989907,1.3714732188529788,0.29510533299645
TCGA-A5-A0G3,-2.1211734093450283,-2.584397871791648,-1.2052776217987382,0.8115223515785732,-2.8904857771505577,-0.0267066215779421,-1.9499297501188957,-0.0669658168877809,-0.251453218921281,-0.241380790106491,-0.6069309458685402,-1.7369476490667155,-1.8711782612356216,-0.2732245257741572,0.2667357688472666,1.1820105691316185,0.8929081844502108,-1.7691983627150405,-2.285508692645388,-2.4960781664985694,0.5540670164775588,-0.6313916456570674,2.0350465626072216,-1.8773773979869388,-0.436251174517272,-1.1439863328179336,-0.9604012785356058,0.8200487577537806,-0.0998593914009237,-0.8012068150771285,-0.7522064553742406,-2.45504814541879,-0.4805487723673973,-0.4925823720699288,-1.6665451115433094,-0.8834232573122812,-0.2146581376635458,0.1135503715317035,0.3284446202039558,-1.4357617492879764
TCGA-FI-A2EX,-0.0508472958597654,-0.3330567324689917,-0.4267372991092112,0.3309435585274511,0.3991484152092071,1.4434947262100013,0.470927646030699,0.9064859580586954,1.1099271601113547,-0.465472877063314,-0.6316041897706116,0.2249041196449163,0.1554963396126427,1.279737509546053,0.5900819304649073,-1.2748470529616729,0.7595621194544395,0.3188070109283287,0.3350273383440049,0.2942653917799647,0.2395802287559679,0.2141563365790083,1.6870371429824216,0.305324069645742,1.3349336422573728,0.7175066082842024,1.0252553217649172,1.179965218474016,-0.2904593171386548,0.6915120945586057,0.5507559829614214,-0.8700531897623068,-0.061056402405353,-0.1052782769957591,0.4713925605716519,0.8191655293279846,-0.3255486889761509,1.195591167598275,-0.6889051458253653,0.468739489533661
TCGA-B5-A0JS,1.0319918537013095,1.0378600994076537,0.8205633736584242,-0.3240114768181527,1.4033556009283703,0.3178579277789652,1.181650575109702,-0.5722516594394013,-1.2741890794201851,0.8243829136890088,1.5881361041515325,1.07498853243305,1.1804102356424768,-1.296559279141921,1.1866316214624963,0.8445373200070256,1.2112272956847243,1.165305529913176,0.4611971779663268,1.0108894946125797,-0.1951748771746927,0.1073037485351846,-1.3125470606293728,1.391401607661665,-1.3636737218232735,0.1103464119509185,-0.6180467392257365,-0.7947091712471355,0.6517273871344949,0.5925491331041203,0.8437274679320608,0.1506040101593917,1.5396184514922546,0.9080457402631836,1.0699751125939023,0.2482629460561653,0.5719359234916142,-0.1380560242315764,-0.2529142471802282,0.9496671637752974
TCGA-BS-A0V6,0.6319635951375329,0.598171505320243,-0.2434022043467632,-1.362470332064014,0.7702451216902614,-0.4657073859786117,1.0219966363741513,0.2740683586219498,-0.1415220988850925,-0.4964877907688148,0.7133885146304897,0.6885516101606265,0.8483006806437312,-0.2093786412509549,0.005156419075315,-0.1912540329229163,-0.5682769078510029,0.2225689107659368,0.7795569619680333,0.8658212602216002,2.021550706145778,1.5910464968454197,-1.4599872573358568,0.5520087853246866,-0.8919876383061468,0.1385842863169006,0.4921319427042868,-0.3472143551790964,-0.3411843894096302,0.7218293213075799,0.4479836101619198,0.1439793481187314,0.9060549106431752,0.0350564856691346,0.6682436853074152,0.4691735912581625,-0.0851325880920014,-0.3959652949654114,-0.6027088801371269,0.4820943720488224
TCGA-D1-A3JQ,0.0519109481414178,-0.6987933859079626,0.0207297637155146,0.1725515137923113,0.3225502319040065,-0.7831512131522929,-0.0512938620868914,0.1853341990385514,0.658243563116694,-0.0853806294516468,-0.4327180683585738,-0.7535341598787572,-0.706030439924197,0.4796834910016198,-0.935798473827914,0.0130168542780519,-0.5930152849719142,-0.617866435736531,-0.2169297268992926,-0.4431803342107711,0.6578039377215572,0.3485177239422312,0.9733113822843104,-0.2361434640078139,0.8391621654903944,-0.4612383020646685,0.5432114542775928,-0.0090457417304762,0.1833705359623658,-0.3531920696616316,-0.2714152962104471,-0.4621389281527378,-0.4266250983530514,0.1568235544078029,-0.4594496071369023,-0.2125979726119372,0.3304158633985006,0.0792535878229633,0.0423324684380575,-0.5703458761322232
TCGA-DI-A1BY,0.6562584160109349,-0.5784004067924693,0.2071648354253117,-0.0092323019601404,0.0326940545436631,-1.6474309791283888,-0.4994421666300202,-0.4204280265083248,-0.7098071025741709,1.1745617874310896,-0.92445333940621,-1.0921046499627776,-1.5781248314302605,-0.7479329785292218,-1.644224197886766,0.3757621433363383,-0.6191381348374974,0.7087698833599138,0.3781172115384063,-0.4345564198821177,0.1403473999456765,0.0582248934103038,-0.5066939397506383,0.0041561885343267,-0.5258753062732905,-1.277523453849582,-1.3158291443644905,-0.9461223905146748,0.4494043178601471,-1.1893812430417374,-0.5489655514107498,-1.1042437351085452,-0.9262727481452724,1.0856172475718768,-0.0094146963721498,-1.5050681153754348,0.4345335564972704,-0.9267281968485775,1.207420713170545,-0.6999227686053303
TCGA-B5-A11Z,-0.8178427908286243,1.785764760200417,0.2087287141847548,0.0418312893849395,-0.6443491174027238,-0.6194093651385373,-0.1732123489777199,-1.064579779011306,-1.4394023652111807,-0.0276825866995049,0.7539345641217637,0.9476791680372932,0.3552910506706918,-1.3011082333356825,-0.2298203585375249,0.9472337874784996,-1.0017882306978745,-0.6498425507147612,-1.0869663752874466,-1.1069747986103189,-1.2970825610706993,-1.3116325526830848,1.2277816429770918,0.714792353481924,-0.908099359888812,-0.7840460624865758,-0.6895965085047326,-0.7660578237960429,0.3872016646174194,-0.6104753404288951,0.6042685476227602,-0.2761317088394106,-0.6899017061123002,0.8420444781099936,-1.0979588748344782,-0.2727356972580121,0.7286643180414768,-0.8258371831785982,2.233782403781244,0.7499205132497482
TCGA-D1-A16O,-1.146970843308048,0.8475811551577185,0.5009497953006109,-0.5443957042451159,-0.5905549211442812,0.4349820486913529,-0.875999316453662,-0.4822697115733529,-1.3954966068324028,0.0365320772729924,0.4045451426122752,0.1765666258221112,-0.0335101794379627,-1.363652555015343,0.1096857944166035,0.7070476980522135,-1.1926884631617616,-0.966976722491486,-2.1263916364855624,-0.9277114622228788,-1.3609967291234832,-1.4379133114834926,-0.9958856443560148,-0.6907241888061044,-0.7569885404623908,-0.3834108883183419,-0.7417262778755233,-0.9273285487234812,1.3835012003679408,0.1664024510455933,0.0144218121714378,-0.2936064500327065,-0.1480439629469364,0.3465310439711457,-1.3037908194456014,0.6653507246714606,0.5942533321190632,-2.101339845692477,0.1428643456312721,0.1949320410971487
TCGA-AX-A06B,0.4996403460246764,1.807787183209129,1.0436250082298015,0.8650245413626145,0.6057458918713713,0.8808452230073088,0.6746323809446056,-0.1970076568318501,0.4256685070936782,1.405161768580247,0.642604229064822,1.4598179131656104,1.1849163434394094,0.4356551427927059,0.9403898560147024,0.4783092175987925,0.5135410521894138,0.7154224831848139,0.3981962994077914,0.4288567463856762,0.6229159013108392,0.5171770864735485,0.5672852729911372,1.0896775153085632,0.0380823855147204,1.160259430584835,0.8576875951430348,0.4414610481232367,-0.5756388399141208,0.7261230859740802,0.3313111690603676,0.9966720873781744,0.205374678930882,0.762613325211163,-0.2682483031619864,1.0908563265221258,0.8824081881674567,1.7915282507493857,-0.4407587331499909,1.2530251625725093
TCGA-BG-A0YU,-0.9546896543052876,0.325526882961713,0.325153332317633,-0.7617342160890938,-1.2248775360122162,-0.6614922748219882,-1.1678416754017058,-0.5950341373333456,-1.0719802741860454,-0.3957727387574477,1.197359793489448,0.6872067873525831,0.8037123551669669,-1.1611893902234929,-0.1309481799642972,-0.1576911442293579,-0.503951305006244,-1.0750713248717745,-1.461051554426288,-1.267554641768887,-1.3936853096953812,-1.492351450938274,-0.2358457096679357,-1.1119592237495262,-0.7624283557323759,-0.6269642552308069,-0.2689644786518979,-0.1332060660444655,0.4495966021854403,0.3746363822150499,-0.9442794484878833,-0.8134915136874961,-0.0991014862211152,-0.6082396570075431,-1.0406976183542418,-0.192276789268064,0.199918163117562,-1.598469719654559,-0.0621786809264143,0.6173361044796838
TCGA-FI-A2F4,0.9054317855811286,0.9438751352726004,-0.6916811784820012,-0.7235513336927473,-0.3865683182582616,0.6861584032749503,0.7419366318094274,0.074458965155232,0.3441078438606302,-1.1256075293494314,0.1610100451428728,0.7081761978517792,0.9700352445547736,0.555139023222413,0.563717204915565,-0.5455947137297699,-0.8820369199320722,0.2846641084612327,0.7498666934828214,0.7075955770897518,1.295817564839877,1.3713672947299556,-0.7323354797231488,-0.2956141921932699,0.6877378074821161,0.5873382511881095,0.3043702100428566,0.5999064447040748,-0.6779480703912406,0.478589601528896,-0.2560241836369959,0.9471442563719764,0.4215988732106631,-0.656404921809814,-0.0439804161365217,0.5544390570615991,-1.1009083110223792,-0.0262513033526874,-0.7321986743066244,0.1566602319445272
TCGA-A5-A0G2,0.6988688326376515,-1.4290671667407355,-0.7544464146021898,-1.1762965215415822,-0.3433079350697469,0.2632615674094606,-0.35935621069275,1.0587749222106473,1.0313683393128847,-0.5836630541716415,-2.004377154724026,-2.076903859767786,-0.6610528468755581,1.038922541408741,-0.3521275862328505,-1.56604612421921,-0.4821102811614023,0.0228598479829203,0.3646440175496082,0.4274839108471192,-0.4624162414375501,0.0640660124437134,-3.096108318605989,-0.9951204314341112,0.4444458322803344,0.8976068274345947,1.328253902192886,1.8587454135344472,-0.0346242594850577,0.6806732458747228,-0.9220875216545236,0.5493765906850564,0.1553794638247631,-0.3302038499488099,0.1731462025145914,0.057118449373707,-0.7010913607976615,0.060563228760812,-1.3004950606161512,-1.174927541808278
TCGA-A5-A0GX,-0.167398304577535,-0.608030611613913,1.1304767258262698,1.7738812956712289,-0.4838213640785861,-0.2881803803972525,0.7585025906169339,-1.225175647158083,-2.1783813974192974,1.346716246956854,1.5656581268033076,1.4830665632805649,-0.086889743664336,-2.261859027370152,-0.3167343687573289,1.589573229666324,0.0901428564564246,0.5069289327387897,-0.5905899809499288,0.0147426475911535,-0.7150710059096314,-0.4506353975853762,1.289261952941498,0.9666854718991442,-2.1819099820739667,-1.778366600681857,-2.7861916089275005,-0.6301048986763259,1.8706950712748571,-1.2372957658082382,0.846116937702097,-1.1921129079191422,0.4157881198228179,0.0657271117433719,0.1206316369744355,-1.1215390238049858,0.2423403621787211,0.6219805090601553,2.78134462578214,1.6655148752434925
TCGA-E6-A2P9,0.1584592902292306,1.1815722347119066,-1.550758930685172,-0.986141496901512,-1.68814144973047,-0.4328669698428977,-1.3434001956250203,-0.1770361684122254,0.2519397639068876,-1.5507208456756725,-0.412184262979468,-0.8348736838862387,0.3923253889505601,0.3496815113707905,0.0397411453544726,-0.5179686993521715,-1.3273800058682197,-1.035707674908952,-1.0134721021156363,-0.7820490665077955,-1.5249047103834543,-1.2524535517208568,-1.0747804059196484,-0.8040680546782675,1.0962498326779235,0.2194929081668548,0.2579691288360729,0.0520304963054068,-1.2118610466066486,-0.1442212235561305,-1.8418636443896452,1.5811464691921482,-0.0211034960791748,-1.0046030759663216,-1.4250436249261489,0.2564077957215159,-0.4648987328156011,-1.709227451760274,-0.296917674261332,-0.3781329441278581
TCGA-AJ-A3OL,-2.206034812683852,-0.0220863158431746,-0.6848867784702457,-0.1833160243064436,-0.6453932141215094,0.2880453857653572,-1.5947314632138427,0.3113538447451858,0.8661669058942992,-0.1903085641474739,-0.2523197328382537,0.1927599096867949,0.2817341218202734,0.9440581058779156,0.9488806912622648,1.6385582745854894,1.8651966951906285,-1.3236257172798895,-1.7542982713388322,-1.7041480982057708,-0.1399528582946961,-0.7841943632591315,1.3764702171618317,-1.2642969130312296,0.907775331580836,0.5127197201707079,0.8091975029610929,-0.2175090500503803,-0.061302848840568,-0.1889304784710899,0.4412404473531597,0.4238800672171378,-0.2535886939763637,0.9153502385830928,0.1594572819047031,0.9323931423888144,0.3922726738254469,1.27918660422503,0.2873798235470753,-0.8108680388480565
TCGA-D1-A3DA,-0.4386868169863617,1.154099459582925,0.7555110373486695,0.5121885998421991,0.394971325324812,0.6763182819459072,1.1344237591704318,-0.5460404773715348,-0.6801292105006562,0.0725665127384487,0.0856784810752611,0.7693009433347703,0.5387893369683678,-0.6726843201256495,1.1887510398138597,0.1176239559299105,1.1780072221452926,0.2661505211397109,1.086079144704756,1.0846871977571746,-0.3885436451497717,-0.0730438587942891,0.1292287262451507,1.3650112571796482,-0.740642342411375,0.5416797870323028,-0.1445232515147053,-0.3529464282990331,0.257797005046705,0.4286886302112702,2.12662036600037,0.3901606134848638,0.6554912371191302,0.7726567039791066,1.4623340807552967,0.0159523143912564,0.4193393106244834,0.7810634653414552,-1.3351296279093685,0.6397508128531437
TCGA-QF-A5YT,-0.6649215655622537,-0.1294241963747852,0.7394334653617405,-0.0837808474591501,0.2474595659894786,0.6459272757493366,-0.6076377996166411,1.3471643685610195,0.7387622858541046,0.4004057839516016,0.6652096193563409,0.8834063961074683,0.9013474324618724,0.6138587978067439,0.4740836690710424,1.3166979268361645,-0.2803720189005481,-0.1191215433083218,-0.7986442502482303,-0.422102075697327,-0.7072257330750273,-0.8432815553401751,0.4890377461140767,-0.3344030684031187,-0.4727536685367838,0.4815755866729749,1.1489161806832475,0.8936057139561288,0.3546345564437228,0.9274415764710932,-0.5229689782144167,0.9905584307111972,-0.1458744446290409,0.2265981764142003,-0.7002507534802473,0.3523242043825848,-0.3853459854545423,0.2843319260785222,1.754758071743503,-0.1907862679485029
TCGA-AP-A052,0.2510155440462724,-1.5035716115677946,0.3818988516895498,0.7727730406097357,1.2768363464561274,1.0107322034835833,0.8942450143572981,0.7521140494490512,0.6422406466948664,1.3440358650157602,-0.0790180466175996,0.0279157056807491,-0.8856614051855923,0.6538075795152648,0.714856051347407,0.6320813342765452,0.7765470986186895,0.5148570035621499,1.2852611126963462,0.9671857251275332,1.903253763746585,1.387958308904682,0.130347992354044,0.530917151268548,0.1023613318112876,0.4758524978455034,0.5196487512373545,0.8370527047906116,0.2200539458984034,0.2214704268621513,0.6318586236533607,-1.3832872170377275,-0.2208599804527778,0.1927140621085016,1.405405711869497,1.0619480564289812,-0.0943293285380307,1.7755834679294014,-0.055851285081406,0.0533415890782074
TCGA-AJ-A3BG,-0.4611617093310699,-0.295916605090237,-1.1806239449155544,-1.357571865962165,-1.492592505240223,-1.2321623277269784,-0.4999773303151488,0.6710972293703735,0.3631417046308152,-2.2167956540015976,-0.0287980842064928,0.5852000200867024,1.9920302344593173,0.3053674189257924,0.8447780934508596,-0.47174643414273,-0.6765391952416575,-1.3871216684865066,-0.3889670737689084,-0.5332647554426513,0.0435647688444206,-0.2075501772839614,-1.5257569118988048,-1.3088567206188328,-0.7231458829339313,0.9337376581906176,0.483205729378211,1.05435974174288,-1.016858585582933,1.0593650311965523,-0.0318516837193268,-0.1107240501872972,1.8859116917997336,-2.521847972444077,-1.03096949452884,1.7112782887341775,-1.576753125005349,0.0439474196909287,-1.179475695739392,1.5731640443805477
TCGA-A5-A0G9,-0.4480291988671318,-0.5866079946603042,0.3667311418839952,-0.2687221691411466,-0.1995724491347163,0.4752801190627027,0.5813161497008104,0.3266869403527187,-0.7197765226340217,-0.0218309795113008,0.5484768113029638,1.0008573270487622,1.5685342361570962,-0.8060312005177819,1.3216338481781105,0.4524075916441373,0.4611651846357729,-0.4661406947454766,-0.1848434315546208,-0.3487474551044959,-0.2474375958515174,-0.1524024041038138,-0.1767220884787485,0.1734456252161589,-1.292112157746995,0.3212706310737504,-0.286865790181936,0.3616656971799759,-0.3995769332372568,0.8450305229052597,0.6768913752649368,-0.6516097866903936,1.652387020518526,-0.8770023111933587,-0.4675246492056391,0.620769136781116,-0.7505623905873212,0.6904250999932008,0.5512920571521392,1.4388285360564714
TCGA-EO-A1Y8,-0.564479811255575,-1.1922779130991006,0.5548275483298315,0.216396789060397,0.2772553203464992,0.6875284907981556,-0.4776411415418412,0.0022958938281028,0.4909236554191732,0.3752661905783325,-0.4037516984874867,-1.003903267049179,-1.1477597084360698,0.5823703739081633,-0.2554128594463097,0.4657574479025014,0.2517656210162435,-0.3316301763389505,-0.3587672453982137,-0.3742550406322834,0.28099067675802,0.1398873263427243,0.3579179140386128,-0.3010484749300803,0.6333717800307108,-0.2975343833929972,0.2872908371528065,0.5540962548685688,0.5666332974221464,-0.7480934753408356,-0.5450220844311677,-0.6398920249564173,-0.2713463663541435,0.8278673115758263,0.2747486758344612,-0.107298593170549,0.2989957554324969,0.8361577886389817,0.901517571254453,-1.1080969492861994
TCGA-A5-A1OH,-1.9853537718443304,-0.302308599250305,1.3055411807168371,1.4994542083538736,-1.6779201755177484,-0.8862936364855907,-2.086192872550227,0.5675551328949917,1.1254917170216652,1.331763136634486,-1.4895716273719652,-1.719664057253827,-1.0361834217998929,1.294225987680362,-0.4695746345635507,2.097932328721988,-0.0146062536319307,-1.6035352455127827,-1.839322080721861,-2.0955958476630503,-2.205156983639968,-2.520698671095643,2.760529193962189,-0.5927522194698422,1.0117721844580396,-0.0582638640506174,1.1269872323616337,0.7236266132497954,1.035226554010396,-0.3792978150449758,-2.043065645108236,-0.7274485502053178,-2.07441693144237,0.6976639492879234,-1.8714715809325375,0.0811177469989536,1.073598502731416,0.8861313610647762,0.9854688821388132,-1.7239688771289343
TCGA-A5-AB3J,0.1330632730230329,2.182162994831407,1.405808200604269,1.951658477487841,0.5798900662968529,-0.4610255700696169,0.7465566411558973,-1.5796441024234915,-1.5574809650520105,1.51034920766516,1.148298249994415,1.0083781258018332,0.3386416487652735,-1.4060183649200066,-0.8609977729513092,1.1144022324489102,0.7379171644376846,1.290310974831795,0.0294111740543526,0.2421149684017166,-0.3223601253749181,-0.0370598711304365,0.719126034285265,1.6885583723054274,-0.7159690651021017,-1.1375716052499272,-1.2568290958234871,-1.827808417781716,1.388477296638241,-1.030375466291524,0.2566387055952018,-0.1011413295833269,-0.9491439555595304,1.9469392791627915,0.63145314275105,-0.872146439081707,2.1170675023518406,0.0032780105233895,2.383783897044528,0.0745169254242544
TCGA-5B-A90C,-0.3047586893430833,0.2040945647243415,-0.0012292487022723,0.1891950994903596,-0.4971111995505093,0.9167361762804213,-0.6147407958347378,0.3810900485510654,1.4051365126720312,0.388083975599825,-0.8184335100717011,-0.8847898538816305,-0.1247795947633863,1.380624655805142,0.3502456731901531,-0.3082238394239289,-0.9338522912489304,0.3961662136206079,0.2746039113859504,-0.0205043899484801,0.7956732847154603,0.3459675782516412,-0.314732434014233,0.3502823621510251,1.5756941324318738,1.1152269543625526,1.1961330040166338,1.0427388449502937,-0.6112949504495482,-0.8182202262955421,-1.1704167232683562,-0.8778999932673348,-0.7999299350914458,0.1055206980345683,-0.4945280580704077,0.6601977814750243,0.1081046426773036,-0.5227476510781973,-0.5530680886446516,-0.8291680158719938
TCGA-BS-A0UL,1.3670569205174028,1.157292014016306,0.9189388219400833,2.086976552479197,1.5649681944171705,0.5378622288631164,1.0486278292640492,-0.5574063405846604,-0.3968619291766377,1.473368139402765,1.1602874748947514,1.070269091903124,0.5140346177412404,-0.2678168821289055,-0.3817648972727613,0.4633158770094432,1.1549518713329665,2.1182418219332075,1.3023763505460744,1.1621242717571996,0.8689361082307695,1.1516672362544536,0.2774503552655003,1.341888124509868,0.1564223857253681,-0.3896810446112307,-0.6025675073626826,-1.0295832750638645,1.5341891007933914,-0.0547777423499964,0.3701817143477757,1.113556983220823,0.3604668173193469,1.7396012579740543,1.8426651249506576,-0.4671477421662651,2.040727106005272,0.7881988218371657,0.2341902247059378,0.2889059571097557
TCGA-A5-A0GE,-0.1540501845794387,0.1870635861698129,0.5147668203173418,-0.0710448983699524,0.0762841181446212,-0.9457852003937997,-0.4995504296638566,0.4708931719144119,-0.058486905841532,0.8527027383996083,0.5948165348714832,0.5506082784615783,0.8086498630198141,-0.1615221728085367,0.05485347482942,0.3417166913852363,-0.0178638527004988,-0.0767589892597048,-0.1391931007213847,-0.5864253474837763,-0.7779594292709135,-0.6895358789141416,-1.019271663592531,-0.5150036056162383,-0.3136290374953294,-0.1197536525373596,0.822960033140358,0.9839635292253532,0.5258909490798009,1.186238879287011,-0.3741137036981802,0.0307101726620051,0.8491991639981173,0.0063268032629946,-0.7128733359438968,0.3512742638394655,0.2827204888340389,-0.5375215032109394,-0.0166015560365119,0.4296387863979466
TCGA-A5-A0GW,1.791751388800252,0.8825518576188911,1.602517929838466,0.7203079428797988,1.2559872294745589,1.4153580625716191,1.1513677631677248,0.5273316957773415,0.6042445704943717,1.682726913536268,-0.4207006007150716,0.0146346294669479,1.143486783491959,0.6728963457105266,0.7215300256574407,0.6504333957992613,1.174138899449242,2.1284997787604416,1.2985548137147327,1.3493795743748678,0.312235855964775,0.9232708343170676,0.0734841352321723,0.8891228169815347,0.2742267525950925,1.4573588194935645,1.0821352099897352,0.7001333724382723,1.4006137176242908,0.7804425317196503,1.3823295896437957,1.4414606835690666,1.7124855458905563,0.8617281427945129,1.039409174544919,0.7810199381629188,0.6376594435428348,1.464111199466323,1.9842511052379128,1.66106134037599
TCGA-BS-A0U5,-0.6632652927018622,0.6887724537298163,0.4653446327326193,-0.7187450747895252,0.1819705706763665,-1.273541989577002,-0.5269192763723173,0.1335308386613488,-0.4828683909810184,0.0258601489674468,0.256047282918881,0.1298944263919665,0.7477686851220822,-0.5421496421619441,0.4069910338026113,1.4699874462296547,0.5005438052452867,-0.2064030763811381,-0.4990350064133226,-0.6095471532940959,-0.5198587606452175,-0.475129708004024,0.2797932502601736,-0.5383428180583336,-0.4136563749412532,-0.1869468788697216,0.1564628229309803,-0.5919693224027385,0.1205401851780565,0.0607493755160273,-0.1118574920320259,-0.3834408763742626,-0.1786443157001576,0.9915238995772688,-0.3869798706611949,-0.029608648910405,0.5628269760496591,-1.3859715979117868,0.0662406238423316,0.3861375885638411
TCGA-BK-A26L,-0.2886351817319533,0.8715778377126386,1.167020563968402,1.802630530684428,0.1869249181475102,-0.1715650881673857,0.639203101805536,-1.6091726212245283,0.1849648034486978,1.5944791993486072,-0.07478927971622,-0.5955819120853671,-1.5381549774347352,0.6627143791220581,-0.3935311736139525,1.962300682927622,-0.0222879782493091,0.5869001462095373,-0.0343529072175691,0.296678803691726,-0.6371385852034515,-0.457499165534471,1.07503315571337,1.4028139086900362,2.025487335566975,0.1482767128303759,-0.1459768092760124,-0.7200957932486954,0.7379809509699102,-1.8916786507205348,-1.1535073547483303,-0.0501273872766194,-2.392601771701361,1.4348357782492476,-0.282825798360934,-0.3218982566042973,1.524295096545467,-0.7129523641319296,-0.2486027535119823,-1.0446649192161563
TCGA-BK-A0CA,-0.6361723176057996,1.2913520222973942,-0.8179452523294066,-1.1175136831435877,-0.7085131011016192,-1.0383718717723305,-0.1800364637889779,-1.4507167833385772,0.2141385120789182,-0.8157967165208468,0.2474686644457221,-0.3169928466694438,-0.7293679760590454,0.4353653941305355,-0.6622744541165474,0.2656284684852485,-1.9649791133350176,-0.5494212667787498,-0.1742432570493999,0.1883199056619362,-0.5534279653206505,-0.5060446247632135,-0.8343883111051437,0.1158711351377295,1.5667501679863756,-0.2845628630261997,-0.1127733716558696,-0.9723554033512573,-0.1240283049548212,-1.5947627503996011,-0.6339734347381657,0.1330859317272141,-1.2378995795973258,-0.098078250225941,-0.4763348353437215,-0.7259182977449541,0.5692996364013284,-2.576661208421875,-0.6195549736768908,-0.3541120079911455
TCGA-BG-A0M2,-0.0254518060080253,1.6428796851600591,1.1519080298081497,-0.8955913087504783,0.7109487867627499,-0.9060040595044788,-0.0450945218058447,-0.455286292671036,-0.3932747176480017,-0.0577298910058259,0.5549744332321269,0.5682809647615633,0.648187417825151,-0.5217343267984434,0.823007640756382,-0.2219108008507684,0.8039026073442939,0.4752810929328687,0.0966394909170675,0.1676651102801567,-0.1443860260190729,-0.0905483309442484,-0.6737041746534729,-0.1610184367405743,-0.1634495048854748,0.5161333199989352,-0.1793662921106192,0.0147516223124764,0.0797541110955344,0.5657394173330665,0.6971017766316592,1.3055548428527504,0.8463422360967044,0.345131627189182,0.6526084515288976,0.7864723392743513,-0.0569466900789307,0.4152503905402934,-0.2888724633027085,0.7860360506402629
TCGA-D1-A1NS,-0.3269957938953563,-0.0216264071962761,0.1963006396806191,-0.847158840830451,0.179577051880046,-0.1716604907621789,0.2087440664931767,0.0746850249430987,-0.7379507298119665,-0.4927933407078776,1.2418628792333446,0.6680357055051759,0.3369771133299149,-0.6734948685362168,1.0566811784190462,0.1634033238077786,0.8201876225711185,0.2799489851400412,0.0465865146878228,0.5821925082162976,-0.3183130041017043,-0.2320568268709494,-1.2422815639707512,0.0916888499893116,-0.4015741655283968,0.1856595147081587,-0.4692935014062197,-0.5736534944608921,0.6614225066516342,0.2078028426820643,0.6604108920888123,0.3488230867353989,0.6537711436703776,0.2920972138975476,0.4526821308961467,-0.0749598298940157,-0.0946768112020561,-0.4975777674651984,-0.595046343092572,0.4273185210806438
TCGA-D1-A16J,0.7838189815220579,-1.249161788163225,-1.255313280830865,1.2284732353021108,-0.3173229418600942,0.8663025863736518,0.8347355572276839,-0.0735325008080076,0.4616098539052784,-0.444070937057346,0.8089799994673507,0.7286012619041461,-0.2815632897642448,0.2913958304959208,0.4048327131358395,-0.6297645919947011,-0.6696362662741587,0.0859304070718648,1.149219571608343,0.7621695437499904,1.0080614552565466,1.0929979409468826,2.02835969831026,0.3074250591257511,0.1960046764680317,-0.8477894642093798,-1.695186800635612,-0.3918673153610768,1.1558699293461026,-1.5568548071586932,0.793125755621326,-1.1073595181299996,-0.0562239338715682,-0.807138026429131,0.6087381864697461,-1.9214142886917225,-0.7891748692587237,0.4747727091801482,-0.0169754918283304,0.3376366590967115
TCGA-AW-A1PO,-1.5395433346682723,0.4350983542893532,-1.9497077989085687,-1.282183893422776,-1.7982600676280889,1.2264563290720798,-1.8389422429130904,1.0479485208117276,1.3487361926638388,-1.2993776864010542,-0.4473584849867747,0.3547124922815695,-0.2928555040674981,1.277162459625997,-0.1833163762233196,0.1661546349628377,-0.4039849282399474,-0.9871811553009784,-1.137003458201874,-0.9887972560490742,1.277824930289898,0.5607831017989884,0.7121603738481391,-1.306635000508208,0.8618439914258652,0.2204555189805862,0.2138467411730938,0.1545743916441527,-0.1251417464141887,-0.5771842462551919,-1.1415948936413078,1.1554713126449585,-1.1961220647635715,-0.9573002604048676,-1.0897236251709312,0.292011829081352,-0.5778347352648948,0.7389665848519102,-0.5502845938807341,-0.3557962182882547
TCGA-B5-A1MS,-0.82602334604691,-0.8595127898502823,-0.4907335839887061,0.2856023685221908,-0.9992794946282856,-0.9853100848249065,-0.6081624572569863,-0.3275488305350662,0.5373871722086047,-0.1155261259289489,-0.7906737764418772,-1.2782446367920866,-1.7576868758299629,0.6276494175265881,-1.0575759573363528,0.0730878980329621,-1.170129391823839,-1.358743780587211,-0.7032997040401281,-0.8682452357141749,-0.6025251688919654,-0.7311482637112335,1.3233508733293369,-0.6362825016278888,0.8329497091263491,-1.1556859099947727,0.0888085034318913,0.0050913237446614,-0.0684597968296863,-1.485103829421,-0.7519246322991812,-1.368862809508847,-1.9073425001817932,0.2037520896828121,-0.8280386316565058,-0.8461559315037783,0.2204050083573811,-0.1771093948216912,0.2022823720847168,-1.3721687723838445
TCGA-EY-A1GU,0.0146791207034273,1.3912253812233797,0.7320348369033256,0.2118780530287503,0.4718967076273358,1.0044522196134942,0.7449873564259474,-1.4847124752776568,-1.1224794287906426,-0.1772875278701829,0.8575459041178708,0.914503664539078,-0.0616253951275263,-0.8788148595258617,0.8473430520625479,0.4511970644090526,0.7386181188083031,0.4323300805757646,0.9146883839741188,1.2304221980270211,-0.0518851868391567,0.2221692612031276,-0.4034289814974239,1.1187504023783412,-0.251690783576293,-0.38528851831751,-1.1624348873999115,-0.8419068489213947,0.6525408372747908,-1.0407801428858,1.4435421628904204,0.1860739034361478,-0.2695897796324238,0.4809287451017596,1.590234665416982,0.3218310842323436,0.513274526287044,-0.107184571054146,-0.285314555204697,0.1549138462732799
TCGA-AJ-A3NH,-1.3050945845401891,-0.2548962270588213,-0.0794148216660786,0.4715676233544612,-1.0263044287918022,0.396278418647382,-0.969728319718002,-0.2697242274053013,0.6462298887019597,0.3981435048041301,-0.4414057477035263,-0.4646077639909141,-1.316917764329038,0.612153106826492,0.4344989042180573,0.2813821674264516,0.129285057408822,-1.0379827468319052,-0.9117178202454024,-1.1689629974300175,0.0636989098511944,-0.499130745285705,1.7473785414982337,-0.1169432100336395,1.0116252610637204,0.2688656911386408,0.2772468109247911,2.545576766434595e-06,-1.6470497014047325,-0.4763865199134695,-1.3074358942476298,-0.5569369990163124,-0.9720244930099904,0.3962266347919363,-0.9813616471124772,-0.0550564370153864,0.0017427824816237,0.3275101156115084,0.2644946760150414,-1.0966325846538716
TCGA-B5-A0JN,-1.0625017465964994,-0.6427842051581971,-0.5629213388734233,-0.0568211601962591,-0.7221992483907745,-0.3187319208021882,-0.6987384209037953,0.7631028196058987,0.9081077177454392,-0.8557236041351837,-0.6875625878933429,-0.5206949298654974,-0.3898406917499899,0.8943794322791712,0.1356521802432053,-0.5038327521129226,-1.14736670054446,-1.1671938554641343,-1.2262615638262424,-1.0771423629464454,-0.1541918936267818,-0.5597526742932525,0.5508006660114995,-0.824983073278697,0.9479785708761292,0.3367617581803492,1.0387055910713938,1.1550094880790125,0.2964753467735354,0.3132577136366112,-1.612193509032264,-0.6221285496446676,-0.5501344819229116,-0.397143211202121,-1.2320039545190036,0.0352384765056104,-0.3488472018743374,-0.5761738496582489,-0.8921240065494495,-0.7818613861480604
TCGA-D1-A0ZN,-0.059889381576671,1.497922302847467,0.7595927712649404,1.0136617043903873,0.2707011935976853,0.0012652606911724,0.3896626341628704,-0.7406859733198993,-0.7356725515339393,0.745673154739478,0.590668594921288,0.5528260448068198,0.8982825236861995,-0.5733835300068462,0.2571553371402235,1.3301933797625431,-0.5870471881894225,0.4125218778555892,-0.607679379761297,0.1636915832098462,-0.4631357037017863,-0.3375966133960476,0.8262690163424454,1.123281648552675,0.0636916454319134,-0.239161554866637,-0.7218889321520269,-1.1679491332655578,1.7181746481618745,-0.5137898492101487,0.9499925784459892,-0.0865514037928574,-0.4615030146012293,1.025601658825212,-0.4189279729023887,-0.5064075631668439,0.8614414285848556,-1.2366906503649602,2.092594962898324,0.353591457324321
TCGA-AP-A0LS,0.0777441411493008,0.7797893127501699,-0.4265317725552853,-0.7179742061618942,0.7415022089807298,1.106974485879218,-0.4124890614454932,0.8482754999904428,0.9875504075662668,0.2530040514193294,0.0919658902573399,0.0295983795957999,0.1136451569892847,1.0642855942248082,1.897227914577346,0.0639614303262952,1.5458358351175994,0.3799569474487594,-0.0204476971218585,-0.2006386575570737,-1.5788271464403656,-0.9468851122683296,-1.3687762613796954,-0.462695660218656,1.0611176371360311,1.666228230152598,0.9007838335477256,0.024180003771729,0.4829603798242662,1.2748007434592523,0.531036622073764,1.0072973630952142,-0.0610931870032405,0.6661379467105794,0.5499502606905282,0.6854119809330828,0.1857889873743536,-0.1601008791666087,-0.59748765330198,-0.3241744716129147
TCGA-A5-A0GV,-1.2032701490524322,0.3799831688381218,-0.9004555798361749,-0.7563645301987673,-1.3852607064988929,-1.2175949597047613,-1.475910272331125,-0.6582383492236856,-0.125656635001319,-0.9494134835296067,-0.5466669889478888,-0.5365786556226126,-0.8001333192685245,0.0049558489939087,0.2218677004286795,-1.3856631759493845,-0.380442583442337,-1.0518670281983586,-1.1829538869096503,-1.0789829989279076,-1.1118470451901052,-1.2189421812604893,0.0848975577867736,-0.8464932624886558,0.1639800001268812,-0.3640049211648185,-1.171446595398431,-0.8899423240968424,0.3640472116635173,-0.792697109675829,-0.5686534409090096,0.2229423220400015,-1.3054791248574995,-0.7622542333017035,-1.0823815929811964,-0.7691935385208635,-0.29322372236265,-1.5328192932320996,1.1801571638910384,-0.770102059601043
TCGA-D1-A1NU,0.0281446529714897,-0.540013759646053,-1.1552291590779948,-0.4354770344214499,-0.3016246760721597,0.8570419888692716,-0.3550816456513473,1.0927580551826683,1.3159881817175456,-0.8915090726851286,-0.1671775306826562,-0.2508996555702966,-1.015722128707239,1.2690093091570862,-0.640824803984476,-1.510019214216628,-0.934299202037238,-0.28408421885638,0.3611597778559022,0.2186530826967061,1.5210839639975111,0.961698895352107,-0.3249094788050919,-0.7673143898237946,1.1922137756611348,0.5728181340143286,1.1734712113319046,1.3576990495086332,-0.9468825681417864,0.4999405761200908,-0.2792814745994071,0.283550171883482,-0.5727357565962596,-0.9361518825885768,-0.1864113669053543,0.5173926713412295,-1.0932869095542248,0.9070102828428316,-0.6784934435041127,-1.4361817531269412
TCGA-PG-A7D5,-0.9220316354360686,-0.5536906587971324,-0.8872216404937953,0.4668169073465674,-1.1482617852478787,0.2971657437154228,-0.9191139919307818,1.072406149948811,0.8393865392004657,0.1122714362830894,-0.5282838483807272,-0.4430738050689477,-0.993763922278454,0.6455430954396959,-0.1898511912496354,-0.1850760537962096,-0.4007614767968775,-1.324914032035341,-1.1589971493135125,-1.0104832671098174,-0.3630193088296148,-0.5687480251912232,2.1800174468939906,-0.636262127619442,0.4160544452495579,-0.3476902032792588,0.7202002522770848,0.1850378803408158,0.0057733200559242,0.0728839917820071,-0.4275132260716086,-0.0486335337378935,-0.3719117594592774,-0.079133868928842,-0.9886285355758616,0.3641175010482133,-0.3159105916265215,0.5532113397568398,-0.4480924036945844,-0.8742904086576295
TCGA-AP-A0LE,-0.5398988904154978,-2.014998877029768,-0.6824164862821541,-0.282688066054678,-0.7406132407458264,-0.0632081998855404,-1.4528073364076544,1.6606766740758083,0.7475772899281903,-0.4086650964399676,-1.7339275010709216,-1.2489667714516277,-0.6091732489658728,0.4503008721718698,-0.3641701160879005,-1.8910924346906215,-1.1668129989627585,-0.9316937537635486,-0.9289965984176202,-0.9746960633914892,-1.301744827488008,-1.302140426286138,-1.657707669713039,-1.350895654506624,-0.2192833274189926,-0.6942623683791418,0.0147199221748401,0.8136896199576285,-0.5779510946181378,0.112311920855025,-0.372963881066674,-0.8437692970677875,-0.324423572514953,-0.9153815153125034,-0.852694741052345,-0.6477467943040714,-1.3547332567540582,-1.0405220220541145,1.0704692415483807,-0.8898921059054966
TCGA-B5-A11L,1.1251700697645477,1.0324992425512876,1.2376611265165225,1.178353291597714,2.299824546900947,1.5109320548050171,1.6154187063543584,-0.8297100765180434,-0.7656806836772633,0.9904699118165814,1.8418254691257232,1.8658859763363165,-0.0896172356842072,-0.5746942495945545,1.2221067344865586,0.2462821549840967,2.216251029539664,1.434869093901471,1.5072411703609678,2.075381848580361,0.2576274804847058,0.9109356849743636,0.3820429009441236,1.9879105707959208,-0.2813449016003534,0.9048789209104212,-0.6653617240433511,-0.7377089374260596,1.420589953142151,0.0263320052304666,2.381409813883216,1.464487272975754,0.6951926921985921,1.3412680680968043,2.398816998259555,0.2690836261079283,0.7254365470161926,0.8408189431001919,-0.4523902215740946,0.6862392233646809
TCGA-AP-A1E3,-0.17770168562791,1.2287593914533768,1.1499068033428597,0.9388666260351454,0.8317357662424035,0.6905742759135926,-0.0434606236515406,-0.3016608652059329,-0.0948764038608944,1.8286834494419424,0.929420023600168,1.2070438924613711,0.5245767236092317,-0.0263662651199362,0.5414430502225702,1.360197409583798,1.3624617306198108,0.7273253448904126,0.1485322193620318,-0.1602417941643867,-0.6076885388384171,-0.4017710409742638,-0.0131884774039134,0.5784383680502255,0.1453004127404209,0.2615222509319571,0.0739974540610113,-0.236339372735566,1.3459312428958194,0.6942098878948202,0.6958572006508599,1.205434938348792,-0.2475772255060832,1.1782226022501368,0.4105850139321236,0.5865651428531409,0.7546764959748051,0.5724941940669616,0.3774338792323444,0.8441130644359938
TCGA-BS-A0TE,0.4092895964977399,0.0667268526969458,-0.5193259150166252,-0.2026269961151943,0.2908196240413232,2.4006464860172056,1.3845027284102678,1.0187662300416709,1.156229575743796,-0.449184387141201,0.689248229391254,1.4793710943657656,1.2470722346527288,1.011674339107142,1.4149610354376303,-0.3415066152781001,-0.44975122365582,0.3912416966725299,0.721130213236619,0.4810614044834327,0.6964765578268994,0.6024219611732848,-0.4575450218921003,0.6370494253422513,-0.1449381497814792,1.985344384621348,1.575216096914466,1.6811145617567378,0.8243897377214771,1.829991636283274,1.0148706394357,-0.1627471394484809,1.7246568395374269,-0.9868221429635414,0.3999899463113406,1.5960104775014057,-1.0862524062129408,1.7715195544544269,-1.1620472379331863,2.865371561485533
TCGA-FI-A2F9,-2.078480276234547,-0.8333066281165594,-0.3113525324373032,0.8004446639415398,-1.223073533783188,-1.7830809031383632,-1.3373459644485663,-0.0699542293903908,0.2007072207999992,0.935047942808138,-1.453923233144172,-2.148696074801705,-2.510687668019473,0.068612559999767,0.0954456882149188,0.979496298834376,1.3965446010204443,-1.7050741780095495,-1.583334960655783,-1.7862922756236772,-2.8853948183807687,-2.701600791767362,1.1509128251613543,-1.091794259075047,1.2688647222328022,-1.2596199755324922,-0.4723867978439664,0.0547105524640503,0.4138049886245714,-1.692571253635152,-1.2956541590619235,-0.4219540691999375,-1.88557404332447,0.4763872145748942,-0.6400449389499805,-0.8380994211278208,0.9067042889448856,0.2157261440814213,-0.0515639919671308,-1.7479202907022464
TCGA-D1-A1NY,0.1563970937997681,-0.0995472601996097,1.2723198843488983,1.0143407251924508,1.0486623184649817,0.5762627598078685,0.2718453809175398,-0.0281235729988009,0.5222125083071725,1.143929841914241,1.025376489109271,1.3738799672337978,-0.4654386655329361,0.7133051346287197,0.8299582659662726,0.2684773496135275,0.9473880436491274,0.3787478653080351,0.3033613733920083,0.4231520538296179,1.1325708986312015,1.0679223666210258,-0.0078069593429208,0.3945924438670357,0.9108023396450686,0.3216454009589691,0.1749869970532765,0.1656410294522717,-0.0821932498410995,-0.3619210423869122,0.5188218548936571,0.4663599467625458,0.4494420486614847,1.4277795526911776,0.5009527756502524,0.4760259330111669,0.596342388349137,0.1513827384392331,0.1390541483772945,0.2282133157507311
TCGA-D1-A16S,-1.1277328794232562,-2.54252460192361,-0.7296563526011559,1.1528194829410667,-1.189613844720789,-1.0657828905614637,-0.8568901728867019,0.3890901565538922,-0.2019184752672096,-0.1535147769742548,-0.8637317993488252,-0.4192324385396664,-1.4343768633911635,-0.325811351349877,-0.8706869043166843,0.0775037330126401,-1.3883570402240122,-1.8804637307934071,-1.401034849360639,-1.6902737383600237,0.3176647605249469,-0.390795289906458,2.4054583533131426,-1.1516283812890438,-0.226111572758278,-1.6316465323839895,-1.1923497908534624,0.2096498459229968,0.4872396688383911,-0.2594371042559771,-0.1950127673816589,-1.888124828057024,-1.4260715509086823,-0.5386674195152391,-1.7991441506824024,-1.582334372173508,-1.2861254432404008,-0.3375709510065814,-0.3187800793907546,-0.06628874632943
TCGA-A5-A0R9,0.2931782674104625,0.6436707711748869,0.93873700719742,-0.1561947355197567,-0.0591230185015778,-0.1290976708044903,-0.1295932977923617,0.4952488660606502,-0.7162919496803928,0.818136031094481,0.1536404508022742,-0.2677961335452916,0.4399789027652767,-0.8226245979181572,-0.1600851935288436,0.6796425005922468,-0.2254005458990656,0.4936908468493113,0.1201216664005947,-0.0599596664234271,-0.0405839126220377,0.0020258749713187,-1.2848419514587792,-0.0111080396996354,-1.2585449047494237,-0.2718855412486921,0.0358949064563877,0.0417155504399687,-0.2151107293927519,0.777924672330428,-0.606402690236857,0.0268308904126044,0.6688743681110468,0.3022050913526705,-0.6238568946258092,0.4311406159376416,0.1161526866638101,-0.7835214065302487,1.1187923489525813,0.3152860216526547
TCGA-BG-A2L7,0.8395658675253999,0.981925305111046,-0.2924191897406073,-0.1905858962714389,0.5299876716484756,-1.1917350154035449,0.151108275094828,-0.7065513083694777,-0.652926567530189,0.373951941322668,0.0831913080382391,-0.9706984854521196,-1.0419784466789603,-0.4866187753568307,-0.3927525095002366,1.5298233357368214,-0.3708992594112502,0.6579669875735705,0.6675864245413772,0.4286601329003314,1.2941613785854884,1.3654071934705236,-0.7427995587298302,0.339199265468433,0.1841091045190362,-0.6115629510730928,-0.7586089088485712,-1.3303839548126897,-0.0524609877482344,-0.8044209282014703,-0.6556516287993764,-0.3530246441440557,-0.4328237623772564,1.4654759212492816,-0.0774096300592252,-0.2783098240297235,0.8873768569636991,-0.870196640421353,0.8555044505452348,-0.6429011873853036
TCGA-A5-A0GB,-0.2579019618473357,1.1872215841098073,-0.7496798242398864,-1.0446048479784016,-0.4168868882402332,1.4627367268135592,-1.1593187822756656,1.131786302398109,1.391056694216518,-0.8974718111997443,0.436342356154195,0.7472157026467529,1.4396749299512062,1.4978014359124077,1.6963706269427878,0.3438549362414358,0.6201407388306767,-0.3748320729274478,-0.3808216005358362,-0.6025964293700956,-1.5175811652938758,-1.3504076954733415,-0.4056483669361594,-0.9985595689900884,1.368851840367221,2.0230287981672115,1.730221738926618,1.4741619344994454,-1.0112183222993414,1.9038638571362925,-0.9347127201041192,1.235265023207608,0.5262664850226496,-0.4777539793120289,-0.7478019463313383,1.9371213202162345,-0.438805553225195,1.0249924228523737,-0.314062385742726,-0.1720075427899632
TCGA-BG-A222,0.1520899290436229,0.6360445830192216,-0.2715910219524974,1.0313336358601084,0.0806901598770326,0.5382704134878502,0.0692403452117966,-0.2971513218228346,0.2028802315504405,-0.5332706544007098,0.1565643361316267,0.1603192333064264,-1.0848503026411027,0.414193266992265,0.4151959985992152,-0.8454603926792504,1.0098394925849026,0.2642935121398234,0.5163437309174198,0.6820572156818167,0.8307040828926388,0.8287197028209062,0.1927135004814308,-0.1473159378778221,0.8357077497561906,0.8399215900452497,-0.2113177906892253,-0.3947812035636768,-1.415978441888455,-0.672016517423971,0.8230184328760078,1.322895724893116,0.2614239644869094,0.7592690886145907,0.4629241718139252,0.9933453029887924,-0.0399740326540543,0.2284888123305511,-0.4189039402173693,0.2516900931674666
TCGA-DF-A2KZ,0.6379352432682268,0.3524040662421034,1.3719408089784435,0.8943411462855411,1.5157869891447742,1.8239808353220344,0.9857317043176562,0.0296555634032511,-1.0894813079123968,1.2984014278712304,-0.1269111967749437,-0.0737975764751096,0.626214319377516,-1.1857099094864427,1.0978758451141817,-0.0799930728054126,1.227658766187539,0.6560371965468759,0.9787419423680772,1.514924591716047,0.9466402474960656,1.1394259289408035,-0.9872927403106746,1.102112561632707,-1.6771168490336754,0.8731339719454657,-0.328301726236201,-0.154472331619106,-0.0182121402721508,0.7816626330360813,1.8230139970564656,0.0054198335775629,1.4498876384952564,1.4971883215243105,1.2948166849952734,0.8223571946533925,-0.0235703185348739,0.1348409500924668,0.121807643133254,1.1270476023145894
TCGA-BK-A0CC,-0.6204045158019713,0.9650481743731972,0.7977000053044283,0.5947431484513922,0.3991209636876331,1.024255119341749,0.7341463386271941,-1.645961543436003,0.6095397951859287,1.0809663615403484,-0.4275332968761963,-0.5753470832733152,-2.0681087646032736,0.9169778754356992,-0.441065568091127,0.926455753689764,1.4682350595632234,0.3109378004164877,0.2480463039573234,1.1174729749890082,-1.7049131719707002,-1.130678886511046,0.1964725379318371,0.7924921621922081,2.558010482005211,0.4345647407156213,-0.3498005255868003,0.1385067422225966,-0.0435322448379229,-2.310810672441688,-0.2198993848079212,1.8596072414922844,-2.3171931575606037,1.506733384459635,2.431260185822459,0.5409822010560459,1.4099148131113428,0.0184500118010947,-1.284387015026476,-1.4737169005202126
TCGA-A5-A0GH,-1.0665537676276458,-0.6568122333918011,-0.9351255873645165,0.818952745676092,-0.3515793987127781,1.0631344979176247,-1.1314441187704205,1.0011663917398248,1.3950318759477571,-0.3949009207283857,-0.5593678746327212,-0.1758154996442631,-0.7097851015938955,1.569477994538631,1.0065756693249448,-0.3539430649211467,1.0934508960326483,-0.4659324683518083,-1.1657842203939774,-1.0577534917544262,-1.6769218735199392,-1.7480020414988244,1.0123404255126125,-0.338154219555754,1.8398706384975008,0.3584408888841156,1.123856758132618,0.7032838240422646,0.6900142624059004,-0.0801363604548695,0.3747280835332662,0.6326121080550413,-1.1318772630910032,0.9398925626900528,-0.1510266734748163,0.40378672658894,-0.034395885345706,0.4038459149216721,-0.28542539463124,-0.4377810836945354
TCGA-JU-AAVI,1.7006075253016069,-0.5878610896001655,-0.2005252122349577,0.4418009218584884,1.730758757000502,0.1198044923243429,1.4529287645362527,1.2665248973905938,0.3354824301468226,0.3749482938952554,-0.0435008427966914,-0.1687207997153554,-0.748231702563462,0.2832641923100161,0.0730420849046205,-0.9812829121989464,0.5117286014641559,1.5251968950776675,1.2524546501193232,0.9729675164684024,1.263593509598307,1.5904614696392694,-0.6137217746230297,0.783862629694927,-0.1730650295669499,0.1889696385882368,0.865837331870755,1.380541909802754,-0.0892297990153556,1.068199644498775,1.3503121597696102,0.6267565246036081,1.3485230866223097,0.5266833815068417,1.573523443227813,0.7158465594742276,-0.2599519649501243,1.65122871598505,-1.112203087567404,-0.7272247020315399
TCGA-AX-A1CA,0.1475214976450079,-2.029030645584444,-0.8058141597580185,0.252811361634175,-1.3622508659011494,-1.3314768268748378,0.4189618624240769,0.9496641782974118,-0.1600282403855567,-0.4833933650189159,-0.9822428945411816,-0.1946420089059886,-0.8798390715401276,-0.2742075461583129,-1.0042848986097372,-0.2128147803410213,-1.1829447401849285,-0.5283185517021768,0.1522419313980763,-1.0570218768515307,0.5765688597415031,0.0054709282255304,2.395575196294029,-0.5242463865676212,-0.4105963664664783,-1.6575325317461695,-0.8063266097162162,0.6951344251795436,-0.9897197428066496,-0.2366063736008226,-0.4712346895780662,-1.687129327044539,-0.9417337511381566,-1.1823177857556375,-0.9132957114475307,-1.4054397331494282,-1.6142654237244696,1.092565275996642,-0.6073708043037506,0.7995613367033503
TCGA-D1-A179,-1.0972208488264443,-1.551937945852215,-0.4865425851663787,-0.2778955405660366,-2.174431245355285,-0.9703483875887072,-1.2407887083920284,0.2245597856661128,0.6362447883363482,-0.6684599828669153,-0.7582651783252472,-1.0456027954623013,-0.8195008603624374,0.6478463994640828,-0.30554573785047,-0.5972541174728705,-0.7242741520103169,-0.9277604203545214,-0.4645058207949669,-1.3245723866091783,-1.2093915349940745,-1.0971506310841128,-0.1007995537168331,-1.5282032653947528,1.1122215027029057,-0.1471626493467994,0.0349020025134349,0.6460557464165639,1.5754298555396866,-0.0914962149084562,-0.8919227613206697,0.0191657199229363,-0.4633859116230938,-0.4629073190929743,-0.8270519910942216,-0.7048301405000011,-0.7098070422192637,0.0749948665894933,-0.268595173335151,-1.337098880721152
TCGA-AX-A064,-0.6060247269733678,-0.424777334473574,0.1109491717829175,-0.0340586001981059,-0.4611344590437503,-0.2729755219814103,0.1294268560418404,0.0910404647893003,0.2572579474101203,0.1592005417618618,0.0881097598793486,0.2941621872994033,0.5019598427675832,0.3707881686169087,0.0229405023767038,-1.682811895967848,-0.3490039281453223,-0.8749170605694097,-0.1079601352805221,0.0738943419012903,-0.5046308224614299,-0.8134800371154159,-1.0568590033481422,0.2290632377598025,0.1568918291100837,0.0360146447328075,0.0985796512896201,0.3824488272876788,0.0189644854590792,0.0977281915432164,-0.1608283527346134,-0.0328433885625829,-0.2495241114276447,-0.1575788802046073,-0.1069351946007077,-0.0982163497838315,-0.1529761323630517,-0.9734378142496848,-0.4700217728104994,0.5001322345973571
TCGA-EO-A1Y5,1.1501384553204317,-0.3410798407152092,-0.2943636215869374,0.8227500230951043,-0.2801884023099944,1.203862486650048,0.6729940393740264,0.863433592133284,1.427670587128098,-0.4149302050439419,-0.2927623603024556,0.0072879833647248,-0.0715680730860221,1.4935279313289502,-0.1950783731849165,-0.1373861129022731,0.2529627132075906,0.5445110276816805,1.0069336326373253,0.8265336183107763,1.5722999754978109,1.4294394789139646,2.20786984833773,0.2879103235775974,0.8145365227672614,0.8050604266694096,1.2486218400412354,0.7190310028735202,-1.259045142198303,1.3014020919698028,0.1638242572564166,-0.2897521105996521,-0.0345005564058876,-0.5198067420367802,0.2052616899924328,0.6425482009917085,-1.1947310515020713,0.9848112123510228,-0.9613819950061712,-0.6328512828829586
TCGA-BG-A0LW,-0.5106260058353057,1.4210945840029623,0.2547742689793038,0.0633277551602474,-0.4392477624279937,-0.2318475892217986,0.0513659763182019,-0.9426242702553712,-1.7288820120560195,-0.0400762571472829,0.5324318453837226,-0.0468795696418681,1.016719084288371,-1.696520960446563,-0.0086014629432439,0.3180314513364216,-0.9260192554303884,0.1527412958641138,-0.1682379976814476,-0.4412973584279315,-0.4649521545744748,-0.33749233322643,-0.9486645352932572,0.4449222280000971,-1.3814412298826444,-0.4003924453258019,-0.9085464503233774,-1.3151902074180108,0.4222424397879705,-0.2582109345354794,0.4456165048910951,0.353313691022507,-0.3974184506922653,0.0922999412870297,-0.8750442543364084,-0.3815601267970385,-0.0557127123745891,-0.937281676870651,2.034692553670262,1.0832191475465058
TCGA-AJ-A3QS,1.2321518278541972,-0.2451065135061579,-0.7664253443440633,-0.2566968347884193,-0.2971601202516454,1.1713396232558957,0.9869281927618294,0.2985662078126301,0.908874755959763,-0.842099564148323,-0.9177910571338624,-0.4545160288483608,0.0361399277633245,0.9396526951406232,-0.8048328334705055,-0.5533952394340161,-1.2984334088617735,0.4863978611151254,0.8166837222824045,1.1381110492220867,1.5233744612839808,1.4683792690415292,0.1224433334771207,0.627728781960145,1.0559654787258164,0.7093791115987267,0.904826236370468,0.5862721499976427,-0.9057520315837184,-0.1942198014237629,-1.511818042959952,-0.0116826771276183,-0.9310248578529512,-0.5934512863893644,-0.177316540989933,0.2740682206385862,-0.0256398770524859,-0.6762155338700375,-1.1639201295657604,-0.4397945914681338
TCGA-AJ-A8CT,1.175338367508756,-0.1124219642733961,0.2160651224044131,-0.4093159109101108,-0.1052754579314463,-1.6493889846038552,0.8091087943028767,-1.5840366908403851,-2.0825309995109462,-0.3321531541741213,0.8644397158935154,-0.1788472286211027,-0.688455867178359,-2.169786427044972,-1.5434766604023138,0.160329952365764,-1.4682630852049163,0.4290668709692452,0.7887197894946812,0.2314756631307398,1.3080168914038908,1.1622165132044906,-0.4052442278155921,0.5805478367237296,-1.7824749969020115,-1.989230542188156,-2.3942146513426548,-2.806175429636501,-0.2296981948871808,-1.4299550062671984,-0.3739950008300862,-0.5781028612321348,-0.1636965162839219,-0.4116884007166859,-0.7847571312978546,-2.139865037494723,0.2235663078511115,-1.8274438383879312,-0.6597179728909329,0.867340480940827
TCGA-EO-A22S,-0.8650961534290097,0.3169606527384682,-0.6338883293316514,-0.3177796194019571,-0.3034526323522773,1.5834615695831455,-1.5190482355959425,1.274896389934165,1.6706070427994668,-0.2589176851374209,-0.313373022690554,-0.2040420676661345,0.2869309752199063,1.7510468575235143,1.5817707336629796,-0.7487170424907287,0.4582247813214072,-0.7927358314758232,-0.9639557737502576,-0.7980281965398428,-1.7816787330028387,-1.4947992682407367,-0.0063131886350271,-1.3463511886457529,1.6111874874411758,1.9526347169305167,1.7395123495221267,1.5152442414484626,-0.3580019218152853,-0.0477975428340831,0.0604970782531013,1.0110631164757091,-0.1389659492109775,-0.8148825730979613,-0.3307477553576267,1.7477643343746594,-0.5972628661433483,0.5662511777889919,0.4730934175641239,-0.4367183710739899
TCGA-AJ-A3IA,0.6575719954321586,-0.0531319718713714,1.1832125914153844,1.3597327156142602,0.6161543775556688,-0.090095444061943,0.8395103824952991,0.0423237129200796,0.6105581765669407,1.2822203126986509,-0.9383013110552608,-0.2161788712712514,-0.41492437584675,0.6432680324746323,-0.7798617016846618,0.1076598136433597,-0.910406632733728,0.3140704726137413,0.9880443660283464,0.5499883806074912,0.7948669615041477,0.7626120813748134,-0.010645358543999,0.6867157387924043,1.348004338359989,-0.2255336170448048,0.1824196361056392,0.2863561384891196,0.6868949989868314,-0.4945077987215832,-0.5264944088149129,-0.2367032378315983,0.2218598975192824,1.1356909579574472,0.0882887633025725,0.2958806335076342,0.6434327370057787,-0.3980154130104668,0.0829953524742284,0.3696363794793094
TCGA-D1-A17D,-0.1376637417059434,-0.8325668523280206,-0.1801628164668955,-0.0789796742186898,-0.8752737243658208,0.185823023270403,0.2505332083600886,0.0302205553653166,-0.7991707225596075,-0.2984715792500521,0.3756897519886466,0.1831818235037515,0.965052160597062,-0.8474595708265344,0.7122521205021588,0.1349944465706211,-0.2534972238784623,-0.660712288275674,0.0862477213152035,0.2764040018544051,-0.1162221883320918,-0.2041538852062915,-0.5850080695853076,-0.6169490143046775,-0.940468170446543,-0.5609022145167385,-1.1467716047101364,0.2688427962876943,0.2149963548309917,-0.2737099456056221,0.0945598006124757,-1.4797248783812669,0.5591102664784546,-0.6823499852049989,-0.0460770232913093,-0.3709655687224469,-0.8011283040563093,-0.1093900375391801,0.1459518705922182,1.3053230539678833
TCGA-D1-A16Q,0.3321771846765275,-1.3456015686933702,1.4837051831535666,0.3919437960248958,-0.2868886907799301,-1.519226356516297,0.1082854479219082,0.2223062924623804,-0.6521279021753045,0.6568021834341785,-0.7520862697794563,-0.2848584145200271,-0.5580869012897252,-0.8644622126921458,-0.7035752234042894,0.263870465296789,-0.7769286035659552,0.3547472983936586,0.1894819989194296,-0.2750794125696735,-0.3845153434841737,-0.3182337058817012,0.1610231324701528,0.4151476631983225,-0.8797874217451361,-1.488664403944201,-1.0862881186024895,-0.2168355324534823,0.3041299250319925,-0.4580868824148836,-0.0538152380025003,-0.9017700401263712,0.1657655230587564,0.0677695565844316,-0.5709899869059636,-1.1075994521244357,-0.2394631898561583,-1.3815779158984545,1.9173104793360296,0.499658393504248
TCGA-D1-A16V,0.5797496178420081,1.374360944549447,-0.0399628772385653,-0.5399196894050442,-0.4202950547529929,0.8759206248695226,0.747739579132387,0.1303006467873732,0.3834456129906009,-0.3493358994340696,1.4904755507343004,1.8160263669574028,1.2532093919196172,0.2793671613364658,1.2770574434755415,0.6306023328132184,0.5472589603634594,0.069176594186721,0.3163179035506421,0.3097509624294871,0.6903590252481371,0.7951591240018985,0.1362282776919304,0.0738359988973889,0.499600510061247,1.1174604488442823,0.3238595146219848,0.2450202328765662,-1.047072994502942,0.4298102867263875,-0.7165012938341234,0.7573866688483257,0.9369660258804752,-0.966140835891453,-0.3555391906021973,0.3421812089503686,0.1273347423979955,0.7673554019285069,-0.4462746126678682,0.7220771506185488
TCGA-AX-A3FT,2.2838375133324806,-0.7203733667792803,0.7809172904913543,0.8236571878490443,1.6503276917616132,0.330939164591915,1.5004985141833505,0.8200154513875311,0.6438135334795153,0.575887083223315,-1.2408025649600496,0.1063833567242639,-0.6450316909772899,0.4605109857526037,-0.0408121441025693,-1.052190426273499,0.3154035411632543,1.5363987307148934,1.7205886519963844,1.1816592524962215,0.6155154010579936,1.1521448316143077,-0.8429389596459691,1.4211583574727182,0.2965271836400962,0.1890878551634784,0.6666053276158089,0.3243591745808625,-0.0978171333249745,0.2136597332145748,1.4075354891023095,0.6699765227050395,0.4824061403109896,0.9503061395597056,1.2736667044693142,-0.4930993079106693,0.3387425014417872,0.6198728200206044,-0.2998194914986903,-0.7017478794895755
TCGA-D1-A169,0.5944436413492442,-0.1005609627880613,0.1392761091872092,0.9647295424270732,-0.3172888611123368,0.887224486213315,0.7158072972958915,-0.3685815615059013,-0.9656582428386228,0.7558361716616739,2.435071212323433,2.1485427069506926,0.8317222751443551,-0.8992320580956198,0.8782540152304059,1.5184859141494398,1.2814742878860386,0.2934808557088545,0.6256831819593032,1.1713660926277116,0.3262466157939805,0.6166997232197061,0.8946900247297492,0.0679054845298283,-1.0007839064589068,-0.3184879080959558,-1.7728992529856349,0.1720844395697054,1.8601727436886104,-0.6768443354382895,0.4272379158666811,-0.7403316655450415,0.8153842566565472,-0.6946742799756181,0.552457990697015,-0.3918956832583454,-0.0853303710987812,0.9527747613551476,0.1370467767611811,1.3551530135329095
TCGA-AP-A0L8,-1.4180862864852375,-1.0461966204885085,-1.218577260155675,-0.5549481925180075,-1.1559530629520898,-0.7711977327345476,-2.0364577539265487,0.9159509018904414,1.3320857252420932,0.2147277922653461,-1.1630811572619053,-1.6485282750231247,-2.728446173769413,1.09088323744969,-0.2445201363695953,-0.6910098362017462,-1.1591088408241257,-1.3602591741471075,-1.5226470251732698,-1.7243819519818304,-2.000346727364156,-2.1285655369980416,-0.795895539790429,-1.535737430153914,0.94380406421066,-0.3819980575513921,0.6850458866323192,0.4938533817100701,0.3096074153662072,-0.6238983845025899,-1.5743252970657362,-0.3613549409341228,-1.2433799141714164,0.8235710244041364,-1.2347447933752065,0.1517317608219913,-0.4363855263401613,0.1099728125611115,-0.0116307315837764,-1.6914302038374598
TCGA-AX-A3FS,-0.0527408277496942,0.3889117300257346,1.0787732648395054,0.9479748377491866,-0.9246431000857191,-0.8858248768293585,-1.1229416068745883,1.219362545599476,1.680398584634878,0.7717428853996322,-2.831359463156533,-2.5289515976069423,-0.9978215395966916,1.873456242816716,-1.2827488413081014,-0.6962550122025748,-1.4483073641899802,-1.3426906669583831,-0.3156047950990637,-0.7446172576355549,0.4892351520082059,0.2987381816474621,-0.0848615098989605,-1.1095289983720085,1.4365406065017097,0.6718283610426635,1.9542467027767043,1.8020646048137443,-0.501278234985406,0.3235172694694823,0.105389107178134,1.1792508360215137,-1.0367422485159332,0.0858472189372515,-0.9970378044091056,1.6575651546713646,0.2077080332166701,-0.4073096604148806,-0.1874965019760582,-1.5243569628900138
TCGA-EY-A72D,-0.9773905854599808,0.0509796046803404,0.3835691500906202,-0.6154822633527568,-0.2445630170181554,1.4066423808448532,-1.2870699254705749,0.0248133913567211,0.6748708923791565,-0.2488715020323174,-0.5874260881358274,-0.6942355497078,-0.5171465746485716,0.7040125881453512,0.4020139134940984,1.0302568538986003,-0.0668391560477022,-0.1238505481910034,-0.5306352862027051,-0.4167470448740156,-1.308796225963262,-1.036585291388197,-0.6456730339437852,-0.1328150032206694,0.3216410413673133,1.119257189091308,0.8900371541973218,0.6835341759384077,0.9986613600519594,-0.0503601570372083,-0.7877447853205991,-0.193904757130207,-0.3691045524631526,0.656993188086027,0.1556396673888503,0.9783114062260784,-0.1344196311915872,-0.025104361184311,0.1249526821694094,-0.5882984452217825
TCGA-EY-A1GE,0.1935782570213245,1.969909571581896,-0.0966620386800253,-0.2131238220196559,0.2084506301613022,-0.0523466511251021,0.501897043349247,-2.129044291791585,-2.310656986500712,-0.0955566443831374,1.0642495496468354,0.6926810600172908,0.2364241614127724,-2.2231406353226366,-0.3707030565083824,-0.1350978729152304,0.969054903773614,0.609584828517507,0.2105604401131195,0.6366282385110358,-0.7004976705598949,-0.3248971008211159,0.779867907270644,0.3864951090164021,-1.3668069575006594,-1.209531078776048,-2.3073569141082406,-2.1289517839916394,0.9005189191240556,-0.8960906213586165,-0.1402404075260162,-0.1499438420634148,-0.5608026950027885,0.3509507755589212,0.8845317156253223,-0.575897046683403,0.9589544061212776,-1.0938210521373537,0.014490840345863,1.2735000002254404
TCGA-BG-A0LX,0.3974544567846128,0.1449756378330567,0.3111780186662214,0.9433060002759914,0.9096773356716056,-0.2461780811826519,-0.0933093079395598,-0.1431530954238405,0.2489480946664698,1.1748095790739557,0.1789831087085398,-0.036142125515616,0.7818386875562989,0.404933792050851,1.1250274201018968,0.226280733816412,1.0014552974548243,0.1077708147892579,0.20081419678877,0.1046707626425885,-0.8632266316430629,-0.5223453149830296,-0.2122028372826596,0.2529932007249149,1.2218268816702738,0.4672253850836758,0.2221702965275804,-0.3616961645263286,0.1696545804299894,0.7737388107976684,-0.0928533217611315,0.6499717998159991,0.18599743273487,1.1336719310894214,-0.5537419931137975,-0.099821297752852,0.6569984101534532,0.4354761171686794,0.4675267023547813,0.4308334444819159
TCGA-BG-A3PP,-0.7327671012485856,0.1926107154339159,0.5872624322199864,-0.1911956469873272,-0.8894138337814322,0.605341521028152,-0.8935666248238048,0.6093443843647837,1.0375411280900264,0.831447278538669,-0.5583579985275179,-0.1209233759665068,-0.2027697780700214,1.1283964872406669,1.0646069799632611,-0.1863725246029641,0.710391378806196,-0.6240068622073233,-1.1752395335864263,-0.8577975866796695,-1.1670792624841384,-1.0316944231385483,-0.4622982246829354,-0.7692643777544095,0.263464116580036,1.5414138826409294,1.503122381322805,1.1233475350977635,-0.9643470702241532,0.5591906163910547,-0.4013518665887198,-0.4637725452348363,0.5139570854254303,0.3576712420744761,-1.0402020501991924,0.7709167247450068,0.26345140867934,0.6277917455764822,-0.5684837960934742,-1.158915939433874
TCGA-AP-A5FX,0.2907822835690878,-0.3735953866774905,-0.6085413187256744,-1.613537255322137,-0.4905404836259358,-0.2562030341825934,-0.5818048634788865,-0.6363013272110979,0.249194173657318,-0.932628090803678,-0.9946701272384032,-0.9377222804745432,-0.2156399679585737,0.340598727399254,-0.732177216645743,0.0295795221236729,-1.370023785106738,-0.2741771703044171,-0.3882455635640722,-0.6835058430803919,0.3587943979401091,0.2519575897544346,-0.3381171029943896,-1.2293606035613347,0.3462569331210731,-0.2692181041586459,-0.816063642423179,-0.7375004390624454,-1.3776059524215694,-0.6542072130191015,-1.0601106935111324,0.384161528757592,0.7747753947786375,-1.0322226937256962,-1.0901707818111408,-1.2851189764274982,-0.0035194359510542,-0.1444131012156796,-0.97318154273988,0.0618041746784657
TCGA-AP-A1DQ,-0.2315328875771865,0.3014730451764822,-0.4855646082319792,0.3830714389797575,0.025542917157886,-0.8830891942367943,-0.4782978407603315,-1.0021528375539983,0.1187029353806699,0.3485322672961423,0.4003994325969709,0.1404631668792818,-1.0819231712259234,0.2132299798180013,-0.7933277218233308,1.3848173831384445,-0.1964708160286838,-0.3445776656343139,-0.3117252918777436,-0.2928435037973361,0.6894872796137395,0.14660573725699,1.1089336817559785,0.1787386177656165,0.996120669888775,-0.9159261164685972,-0.0122403054961445,-0.1274749895107676,0.1384622826255655,-0.387799381538162,-0.1280090227719507,-0.8760826906764374,-0.4799492327634624,1.550802201211327,0.1409697626896639,-0.5594862081152792,0.7395921490399631,0.0328245049483198,0.4592477462275062,-0.4753682808618844
TCGA-B5-A11Q,-1.344789213374055,-0.4440724015326314,-1.405949640726315,-1.4933335211308136,-3.1189002771216785,-1.908113686129544,-2.059464755893269,-0.472919793774807,-0.2266029949245495,-2.377165551969295,-1.0390195023838784,-1.2217504227693627,-0.987138797847146,-0.1673584941242941,-1.0838402976459742,-0.6462331157327231,-2.282779039280106,-2.2382327059844447,-2.374530662192853,-2.0235278274603203,-1.6434468416355057,-2.243505702502819,-1.0960540671853043,-1.6707770549544163,-0.3309958812957642,-1.941848835903392,-1.5983649981929164,-0.8262343100482935,-0.5193609902539048,-0.7309427291430459,-1.4087707323449996,-0.0396896785874165,-1.3202335718368372,-1.5721813856169444,-1.9749089819469516,-2.686642027685469,-1.1361787731478703,-2.3133384331631035,-0.7445606469409436,-1.8681005624568792
TCGA-AX-A2H4,2.7362841896656453,-1.1415772207731316,0.5485879510107106,0.9686729443300246,2.6259238394957576,1.7674704130811183,2.5384230491187805,-0.0335982332141233,0.2269326333421978,0.2136869516380988,-0.4050452913066169,-0.1920107968815426,-1.691974709984624,0.1968997112121198,-0.6449315037733216,-0.2279080184386984,1.488656540006419,2.552522019700251,3.0311527175945114,3.1987938516836656,1.429428286305468,2.199804550520846,-0.1436130867218721,1.7082700981510202,0.789890017864425,0.8655244642774019,0.0010910096839792,0.701594473405798,-0.974614123934498,-0.9828454163131136,2.023533221881299,1.276351404799273,0.3160557701332059,0.718374410737758,2.9033806456597264,0.611432275587577,0.5705908093504729,1.587148975863537,-0.9345602212681438,0.1041058367964247
TCGA-BG-A0MI,0.1339244300696797,-0.3232789222584215,0.4311007497936249,0.5480727899821514,0.3794136158869157,-0.4267997321402845,0.4832862559715138,0.2795241441089429,-0.0253320975601498,-0.3853363860207368,1.0345912616669175,1.1957290138942285,0.2587881905372893,0.1297673569820441,0.2865843157409066,-0.2370128864635259,-0.957033001454107,0.3581791964121926,0.1487509791439174,0.4074567680812713,0.5719583348890326,0.5684216591061545,0.3598402334327708,0.1564343260484782,-0.152080735933777,0.3081017744519339,0.3927917520114261,0.6596862866865213,0.4912959293475947,-0.2497340242363404,1.8262288789583248,0.3070429814110935,0.3949285720503943,-0.1695182399131146,0.0155869108816633,0.8253824160446536,-0.3358839117925887,-0.1076570406258262,1.9955780177568576,0.8681105570132156
TCGA-AX-A3GB,0.3371238862517218,0.7648599531327976,0.675140003307761,-0.5433515616241714,0.0629405524601643,-0.8434606798400857,0.4722975031323538,-0.293070130270363,-1.8944678503070365,0.0845169637472068,0.5007961422578161,0.0231688615726654,0.5870181752972697,-2.119770294238424,-1.0938483566029642,0.1093124728055875,-0.6076911407973306,0.5919130547362524,0.1767910717653044,-0.032186321237375,0.0463630136155876,0.0199239070393389,0.0823940263164958,0.7186788582624718,-2.6027196272387862,-1.3235504494148729,-1.3540137988325909,-1.4962987819916784,0.1358855203534632,-0.0164063304273934,0.4021597822718588,-1.0453543742440683,0.6916465392553136,-0.1912386144472824,-0.2981044568855378,-1.4087013488663076,0.261764529483687,-1.3861850125737738,1.4393109204770846,0.4229343511574215
TCGA-A5-A0RA,-0.084908590561356,0.2224123967815153,-0.7328489650816798,-1.12464977676,0.4342263634891158,-1.1489301543009531,0.0312613467811123,0.051722968440999,0.0012154983347561,-0.5607265134837405,0.7425083769875062,0.5261875636737208,1.0472450857207856,-0.1028871501871302,0.0271003464451264,-0.5826079048434899,-0.8386886588071416,-0.5763755816880723,0.22939113641431,-0.1023011669521104,1.3412370844427504,0.7368136742046835,0.0418035369087859,-0.5795642823572993,-0.6471557183749459,0.2600705321325034,0.523974806570017,-0.3514388196187614,-0.2428366844259269,0.6752434131098067,0.4437781438679143,-0.0785794245695121,0.6819988581188454,-0.4874944198778541,0.0475295891450107,0.258120230491664,-0.639471622758024,-0.5539289319515417,-1.7360541857250351,1.2206664277345394
TCGA-AP-A05A,-1.6362248365957066,-2.1217818859400315,-0.8831793140184562,0.3032902061107791,-0.4097902762228114,1.020754713838981,-1.691787602504074,0.0435630003575457,0.2386572095981372,0.1024861107779926,-0.3864105382614017,-0.2471618126959392,-1.3555379320627283,0.4542023657396556,-0.4541344425885304,1.3877231034867732,-0.4526955957419977,-1.046580359999128,-1.0808514810745289,-1.8498226086703724,-0.8879506854592165,-1.120787368243669,0.3009429607434726,-0.7048911931135515,0.280439533985683,0.1094428262361318,0.1488132751684726,1.322455263713636,0.4623038290216703,0.0137044556503488,-0.926993368562494,-0.6196232276139965,-0.6152107256753926,0.5396331211089901,-0.8521136507416194,-0.2464971311422572,-0.3259157492943763,-0.0093568306671892,-0.1704558788010481,-1.2698744999666582
TCGA-A5-A2K4,0.3996263196956129,-0.0096230043994443,0.8922729123473937,1.1975301237760252,1.5883514903229592,0.0918404544489665,1.0721812019148464,-0.981804681586154,0.4825938881071056,1.375457260631886,0.30848361247607,0.5902650179097184,-0.685066323684934,0.514086815130943,0.1880430556375884,0.5882079679956137,1.4430082532611217,1.2465431244899807,1.010379384635716,1.2850378982188255,0.8271485212455894,0.7849660820266171,1.209717350168296,1.668648073115648,1.222084683587365,0.1129985765206026,-0.0311171753616666,0.1364268678023288,0.5245974684839108,-1.4030856743603357,0.9515852751423332,0.9423074417638468,-0.3331643189872055,1.4215893042245713,2.194569967523467,1.04596625586213,0.8473915765309156,1.2690097512639615,-0.4317778580312454,0.4795289610669574
TCGA-D1-A17Q,-1.4475406341696266,-0.4849389853957052,-0.1762821451647372,1.117365639835082,-1.1185864227477853,0.2470920590258034,-1.2059233928627722,-0.2616579330623363,-0.3613272138840874,0.1032065914655428,1.806697848629888,1.308811327490731,0.382151428775956,-0.1118936823760729,0.396611563495455,0.9555243828229302,-0.8306705522131042,-0.9725201145075996,-1.5269124424818952,-1.150313181671967,-1.175548278987288,-1.5365768612198023,0.7522131961535692,-0.9749568792496968,0.7153504111820146,-0.8877332163519857,-1.085106075569669,-0.0237781842295643,1.5383793404146096,-0.741509248577658,-0.238661892761155,0.155674029205797,-0.6666103323844242,-0.316626539676782,-1.2522703902870669,-0.7005290439116877,0.1990111113332246,-0.4402229801375454,0.5954018224957885,0.7936726305651333
TCGA-BG-A0VT,-0.115040937040274,1.3650902436316072,1.588388480271263,0.4534967167029529,0.188907113798261,-0.716029217200882,0.5494503147122085,-0.7465555339013482,-0.8291460296705556,1.0913366489509635,0.949373347065216,0.9040812745645196,0.1376324057099159,-0.8270499920825652,0.0105652295507905,0.807943413806504,0.3972573187594189,0.8899051607368909,-0.5192558533000995,0.000901189157863,-0.9165822205201736,-0.6921201078857793,-0.4949842986768327,1.7358746991526857,-1.0482310762105422,-0.2134648042296097,-0.0659238207108234,-0.7440966075237697,1.5443243914936078,0.4224836635018558,0.0605587966685518,0.1275950145129858,0.0713843284997489,1.5855252607499954,0.2085991666541405,0.4883951905797478,1.1614383930601224,0.0916591778325483,2.4574843793113272,-0.2761649053198857
TCGA-A5-A0GQ,1.1235319803386838,0.0803440793093262,0.2207334904982303,-0.6956999264167187,0.4214648479987067,-0.3481249936357974,1.3568993857587166,0.2286535075021218,-0.7599950507497838,-0.5866086190903472,0.3860731300454443,0.7478183868377039,0.4470054425476876,-0.7814462601956902,-0.1526397960762681,-0.3115685348732465,-0.4933727611856205,1.2723746394671258,1.7544939523743754,1.789216035478193,0.5412548706596608,0.826598038647376,-0.6060772182053116,0.8963755028395364,-1.1753128675185676,-0.1291704334515253,-0.2244758878524126,-0.3433842612801631,-0.0636028632976973,0.4495931488549796,0.7084122157640095,0.0091509865833928,0.8980050403156651,-0.3045258451950349,1.2090368648517802,0.2198884577001169,-0.5530140079284575,-0.7645753435431959,-0.932396166691281,1.1776994003042756
TCGA-AX-A060,-1.3449726852922108,0.6005303643994561,-1.0399091211693177,-1.4136894617504716,-0.7358407018012396,1.7579525415508868,-0.5483846046453024,1.065468290909365,-0.0055886723772602,-0.9336796023484814,0.398301008016798,1.166708305217654,1.9369817014674988,0.0143773392257192,1.9061392367584016,-0.791021875903976,0.7124205128602366,-1.0160104153615517,-1.5764527324576536,-0.684522138122085,-1.4333936634673228,-1.6649229458411972,-2.3156171302560487,-0.2094103181239535,-1.346521229377327,1.181644388104695,0.4991503787468738,1.0487223049902823,0.0261668761091039,1.895210178098856,0.92094638530241,-0.7734045651772246,1.2842795606678383,-1.1504811331322429,-0.0131457802511309,1.880234275154563,-1.0577894213143475,0.5462021241434944,-0.392933501812659,0.95519458338067
TCGA-D1-A1NW,0.2120875121297315,-1.1898752010708502,-0.5551585522429683,0.2107022058254001,-0.7590393046096485,-0.7886067375177996,0.3857065087810015,0.5574837997295173,0.2349989346906395,-0.6151626865496291,0.007946163039675,0.1466241934790488,-0.1921118244676441,0.0511954194798154,-0.6356075477268979,-0.3605136678419109,-1.1450959122916904,-0.4933233196910029,-0.1312688237162753,-0.9834642308975192,0.6312475868541383,0.1844312670827521,1.1607993832251922,-0.2089077311648256,-0.1820420762755115,-1.0751698681178097,0.1118675449089414,0.44210550742253,-0.3176209574431719,0.5182082932137566,-0.0314334776037464,-0.3197183015087827,-0.4778633821068216,-0.4380349271565978,-1.2776887891832804,-0.5719344869154671,-0.8971805356127867,-0.0016314598533676,-0.3860522951552856,-0.0097085083118929
TCGA-E6-A2P8,1.0753821012664873,0.3546538748116485,-0.2213554558180502,1.3314228708260871,0.6148829570711308,0.9956656591349612,0.8991458847741762,0.4342347852908516,0.8209208809657587,0.7564894899225009,-0.4196235654188985,-0.0266286587702166,-0.9304649335327744,1.041573565754173,0.5634828282477519,-1.2226329949546195,0.691895725427882,0.9555779856355894,0.5130868306390036,0.7409254069653974,-0.4420541271772771,0.3846787679603418,0.7770367987441336,0.3386777737105421,1.0382489240612305,1.0824692238423383,0.9446596393416202,0.8412970179346784,0.019825663698325,-0.6222798276879521,0.7682125164902411,1.118325109032411,-0.4119341833089167,0.8418587435331,0.730430154855413,0.704498825940428,0.4197124398980807,0.9440030560717108,-0.3446510610376413,-0.4321730719892617
TCGA-D1-A0ZU,-0.8835268565378412,1.223297896820578,1.232790426902276,1.108862568452401,0.3655937522170763,-0.0372167210939514,-0.4671528541031771,-0.3676978771595084,-0.3025041641322994,0.7869215675767225,1.1458181143171804,1.258904346608981,0.8880360587432437,-0.3059236973345605,0.3847704867321687,0.8467323207185594,0.012350264166041,-0.0806786059961673,-1.074111932100886,-0.5921126713955519,-1.4216582089064411,-1.20147894764911,1.5744078809082005,0.3743845434739984,0.3533878935136724,-0.0751368601038467,0.0178301769163077,-0.0689743799567692,1.0935031165340785,-0.1300452688384244,0.79645962678728,0.1687644211101755,-0.5432427833034871,0.9497439353459116,-0.6410038283364831,0.4082262883793092,0.753912999176106,-0.1945912032885909,1.6846599091096657,0.7969147868118839
TCGA-AP-A054,-1.0871119375482718,-0.4438467188678003,-0.9687166456993312,0.6160975087074109,-1.2111365172368262,1.4849014772724862,-1.643096620062888,1.185812318999717,2.225487991008429,-0.2771112168368438,-1.2994985949724538,-0.6473090704573677,-0.6105521804991814,2.2446912160922747,0.6065022724751171,2.092101375382246,-0.21366148195002,-2.002675368632859,-1.836637394275229,-2.277807824058731,-1.7081376198527227,-1.7827603466809328,2.0163818586773825,-1.6714086803277113,2.202213295848098,0.8625688452711617,1.4966172058482878,0.1091473253875025,-0.6169168096160457,-0.0142328176546826,-0.1517977659281276,1.196934954505246,-1.1088330946149978,-0.4128607178888409,-2.021294831951194,-0.2972864969560443,-0.2909135150369241,1.667408963619477,0.257458349102175,-1.6155568584632929
TCGA-BG-A0YV,-0.7841654663136497,-0.0962785493386652,-0.165803204862108,0.2000239655569681,-0.8513948703820813,-0.3809489690761449,-0.5065297970033699,-0.1188965303998598,0.3442819382926395,0.1813076834031113,-0.8503369103691368,-0.8077073170582675,-0.1669492956560546,0.0875389409420701,0.7326779220828733,-0.0943005336084812,0.5394595134449234,-1.2993402645592962,-0.6734398220264807,-0.7354791867832262,0.8168595489739537,0.1295409603733205,1.4546023972532742,-0.6822585102434618,0.852340520982014,0.1652245192491921,-0.1595101355148631,-0.3097389102160021,-0.6639820586948443,-0.3228425967269338,-0.7163208513350142,-1.0911136477523091,-1.5364664959320025,0.0617126581674907,-1.074136980566187,0.016011780522565,-0.0971838898894029,-0.3005455378820965,-1.0586484425105551,-0.3103533385898387
TCGA-QF-A5YS,0.3863365567066573,-0.3711529093578923,0.1783779006698513,-0.5552591688805487,0.6172699564917373,0.2381486907578238,0.3240553387944316,1.372677619757416,0.0072018929619122,-0.7477681178197885,0.0975398404294771,0.3138436987490198,0.616013435643627,-0.5930196951259402,0.4326332046927363,0.2035556172173144,-0.1824691833161764,0.6108286962178214,0.4490346762349698,0.1544081796264931,0.8707544364299907,0.5819450149568327,0.0319582249130384,0.1139605041914357,-1.4488182879496234,0.0672738365820761,0.4946039418213021,0.2091738645136586,-0.9974375930409892,0.3475478449534621,0.838399076554295,-0.3121921839515119,1.1550014006179246,-0.7174541816084038,0.5943054033575601,0.2053998038206945,-0.8809429151310599,0.5586900062508485,0.2906234049141746,0.5154930519900586
TCGA-AX-A0IW,-0.7155779484882714,-2.570437345237802,-1.381598104653838,0.3591243668926168,-1.093257269256442,-0.9383717117113144,-1.0026689493054126,0.9961930323381504,0.439126427012454,-0.3327524989851992,-0.8081180228508269,-0.986044619606788,-1.840860228486847,0.2699071634084014,-0.4569205587124713,-0.2185377693120373,-0.7762413561892362,-0.9540155379093452,-0.6851036092719264,-0.9000645903366941,1.01575080203494,0.1211312691657989,1.7069751982190928,-0.2128077519337584,-0.0896430787410326,-1.1785113413503512,-0.0325659062481603,0.889811961141785,1.3663753377405357,-0.2834964531576322,-0.8798632494071856,-2.47019505048747,-1.2160013084459724,-0.6179640903265932,-0.8538194015158008,-0.400915769360343,-1.485028805370631,0.9314212063808112,0.3509240776763806,-1.2807823006975505
TCGA-AJ-A2QK,1.3347003719846466,1.881805899056322,0.976756550554472,0.335399930251037,1.3484180080404635,0.7294547884597042,0.9806743278331108,-0.1692814108300969,0.1251715127897388,0.9679102515203316,1.6481088152107983,1.5205112489649408,0.1083201149449081,0.3646990980363329,0.3041421066469257,0.5836179432313819,1.3369999072644043,1.5799077772776895,1.103097697804838,1.148557899171509,0.6876039809362082,1.0520268571314404,0.6300285733846068,0.8540232752568375,0.4228582023261383,0.4674198082895271,-0.0532759108705345,0.0700512287976105,0.3789567156458718,-0.0021669180279112,0.4847891267282185,1.466952126108474,0.4548977669645006,0.8910861618617834,1.302369908166474,1.0634497272676988,0.8856629792131561,1.503811813361029,0.5209017919716307,0.312477871759482
TCGA-AJ-A2QN,-0.6862782140585505,1.6174935803007944,0.7471654108296673,0.8669528879117009,0.2134538078153449,0.2809649838192241,-0.2825474211747317,-0.1641620515961868,-0.1368377197704618,0.5269993992786877,1.4904426722736324,0.9070402250101762,0.6160381948875411,-0.0869565319961277,0.8905837243452357,-0.1346533782439326,0.4175377200030122,-0.4359918990929178,-0.8138452536978524,-0.4897541989095901,-0.9559676442000572,-0.82739421013761,0.543101641742343,-0.5026586324629368,0.1895557043211733,0.2132265515699195,0.0296070059956739,-0.5359587263184322,-0.2921188035385887,0.0145218183093567,-0.18775224005807,0.426994390396643,-0.1806116774127491,0.5701521538912241,-0.2532532982230309,0.0749281638599712,0.4370713235041255,0.7967644063340904,-0.2013787149868722,0.6739647927226161
TCGA-AX-A05U,-1.0671347493808043,1.2747854396780542,1.3439101254889283,-0.4005045587561992,-0.0996995442903346,0.2006990380299373,-0.3311325131729983,-0.7555348682176147,-0.160794937182172,0.5139576301535507,0.588847984101595,0.1102904467310477,0.5234785063135649,-0.1512313017954415,1.1840326966656278,0.4233954212739532,1.7680671677864883,-0.3645575321068385,-0.2254962256116826,-0.0999160629574626,-1.289445697923025,-1.1072510555038346,-1.22726430069869,0.0171114381700274,0.3347934213558013,0.4942558230818555,0.0821993333825184,-0.2581189511559855,-0.0177570126425576,-0.6498009230103933,-0.8770937528762635,0.0128548657357472,0.1399534953610546,0.500195676002038,0.2594522900945616,1.2195867094453032,0.8706676635943171,-0.3192067454174769,0.5264199660704542,0.0443268424011628
TCGA-EY-A1GV,0.3006603232031221,-0.5756751031161959,1.5636443980079735,0.8831424881332695,0.8458521599892475,0.191329855942867,1.1143914953820622,-0.976281977760002,-1.226236013587426,1.1608352357638922,-0.2725981845227891,-0.3011482555974645,-0.5091712544664707,-1.1371242383782774,2.020985413563415,0.0526536162725106,3.3060659650035964,0.835303196708043,1.392790704151194,1.1783885737379625,0.4680971628236163,0.5168345669320596,1.1249334498107693,0.9126791953838712,-0.6146901333596622,0.1186097900425621,-1.6171466448988472,-0.939328748467719,0.579428881845924,-0.7883363371340647,1.6983910514145004,-0.3394824607343553,1.1398787642684842,1.7601349078894888,1.3743164373522554,0.3095653727412725,0.3082007886553344,1.5385073375066267,-1.208832804203184,0.9726828021976116
TCGA-D1-A1O5,-0.2866380759284669,0.4688675068017069,-0.2248320525615773,0.0978001027818897,-0.3464660487225187,0.0622287247622547,0.1028693617922654,0.0786986296986223,-0.9211851841315628,-0.1851949902172796,0.3857388718140992,0.332110085501024,0.4337271590309617,-0.8657601867066993,-0.3986293813353786,0.4546777535557006,0.0485801855856225,-0.3626923064002313,-0.1331713818314921,0.0561052637895682,-0.0372892054219333,-0.1981332013384566,0.183177508881135,-0.4383046613670668,-0.726232405558614,-0.5470343600099131,-0.6949792321157845,-0.4464317014535949,0.0008532495809917,0.325458121303466,1.358919493171845,-0.5392998489136149,-0.3973477936816296,-0.2759888872087652,-0.3531458908031139,-0.8613713979330955,-0.2214117129075029,-0.2044221161015111,0.2885275748237993,0.6562442078072815
TCGA-B5-A3FC,1.219374961322114,0.3932116957565429,0.1799747380386062,-0.8753345658302109,1.2302046315369022,-0.7814950005888294,0.8632099245005167,1.306064088045944,0.6693566771985487,-0.0307800807938846,-0.83354260755006,-0.301336478148356,1.024039275786271,0.4856110471556499,-0.3511903328067068,0.0797510860060907,-0.9854804562462436,0.3802674148544593,0.4582613874458842,0.0359677507331326,-0.3098205248069003,0.2090767908993851,-1.049307668030373,0.1157096131501809,-0.2712518219910735,0.2139489744189107,1.263826927039727,0.5211167664500619,-0.1374753833890645,1.5447755531703165,-0.3508824594746065,1.7092000279284023,1.3015838005748066,-0.4789515560638372,-0.3376484044642676,-0.0145582482619778,-0.280329726678001,0.7684357198919591,-0.5237664941431673,0.2474632954416964
TCGA-BG-A0VZ,0.7012875424944188,0.8297533727330195,0.9761994161872184,0.5708465364788482,0.2626133544495177,-0.2594651190836547,0.2951095117742143,0.0559527840223078,0.2237472474764089,0.1622051515686701,0.623870337806484,0.4571853705761434,0.6253776178718793,0.3754803160753694,0.2029786410598331,0.9651786224683856,0.9929701310765288,0.4480441449622019,0.3493708215379698,0.4270856860110029,0.389927025205382,0.4213717478030493,0.2003330759525913,-0.0175941311996988,0.5109536032417057,0.53592095037067,0.179187944375834,-0.4724131158351747,-0.5730429123662545,0.2978507888420077,0.2282007113061053,0.907003848293786,-0.4095165253426784,0.2471874215067332,-0.2041441514831586,0.4445196637052192,0.332906847006032,-0.2173586794931944,0.4049501646484282,0.4568694224890744
TCGA-AX-A06L,0.7383064737944871,0.1404040619402252,1.2990360778832146,0.6097248147192601,0.4181613275793905,-1.0543931760598797,0.7139170083514819,-0.6777894437695152,-0.6937830567882143,0.9384091190716348,-0.1604581918526133,-0.4073163402672768,-0.9195465469575864,-0.5897327200430442,-0.8295171439326102,0.7191136360157316,0.1576810407455345,0.8585660553939016,0.4792769723228645,0.2098939384260111,0.175507259721045,0.0365436075805844,0.9136030540926716,0.3307494742336878,-0.2491575554868471,-0.737395399624104,-1.165257876055345,-0.7586015065360093,-0.0880154412838785,-0.97818828605441,-0.4766515558273952,-0.4435711768976482,0.3448106253104963,0.8299360240427214,-0.1446946799672757,-1.8985547421963105,0.6658401153461618,-0.5099829036674723,0.7852452562182625,0.5806492183784773
TCGA-B5-A3FD,-0.5499207092850266,-0.8230301814811865,0.1870644925678939,-0.8320688415706607,-1.0082058004518375,0.0646008940668392,-0.3261134530415098,1.237195777871955,0.9481742097730168,-0.121344553608869,-0.0498539971898602,0.3043318073850716,0.0527969104258522,0.6817853497283675,0.0939173689455197,-0.1350085888833277,-0.5624310139908725,-0.6997158398072963,-0.6728554849489763,-0.7743497323300658,-0.5790433649676396,-0.8127567253405271,-0.6670502300316562,-1.2276314865852251,-0.0681106621470525,-0.0808509195573786,0.7811683785085366,0.851792711281479,-0.4663555676473118,0.2945862020323717,-1.3810951634570745,-0.347240416575474,0.9090468357190162,-0.6374936920486681,-1.3903451535816027,-0.3677956002802857,-0.3998787210663996,0.1601926004506852,-0.1440756020239242,0.1347601663737856
TCGA-BS-A0U8,-0.0094238186818048,0.003348890778142,1.1253907194138515,-0.0725844859070957,0.7656066423548855,-0.2810603749923828,-0.3218847758554156,1.076683900287562,0.2251646113694635,0.6666301492215753,0.0081712812551868,0.3719434278337819,0.0029120206570288,0.1073734945524091,0.3963913227395284,-0.5009780976208498,0.0849015602965631,-0.2027937967756,-0.0776743330156894,-0.138738645173566,-0.9140115646678352,-1.011165865405676,-0.1088841271727419,-0.0233247788229492,-0.1016686113612274,0.3572712455590966,0.5440757319852043,0.4973519476117409,0.4214323921905948,0.171601226685389,0.2699365034951259,0.7376584465994387,-0.3483453220122727,0.8037137990753777,0.4716455778482432,0.9510684139477548,0.1448660586904611,0.1165828296688371,0.7628785959108092,-0.0533347450361807
TCGA-B5-A11X,0.9242918220169624,0.4526179831132638,-0.2894694958897924,-0.2772175766259148,-0.0793352745069552,0.417376222852152,0.2570625903575029,0.4020487991389831,1.2390212159670375,0.9911108725670548,-1.9740532422440449,-1.8220053986567664,0.2152544972725482,1.029752068724238,-0.8006104144413388,1.92380855363338,-1.0446482668199155,0.1698060421040372,0.0490949203484272,-0.238273766416296,0.1811126913684388,0.6275184628957526,-0.9491860108827392,-0.3326372978526719,0.5673583015008443,1.4258777889396737,1.5295041118624657,1.7539290401445284,0.2233176634250241,1.676681597130185,0.7429456792132321,0.4081828805403196,0.2697311501953263,-0.0591040495603621,-0.5013021009250466,1.30232073616295,-0.4734954749029677,0.5574014336762645,1.0582458598095574,-0.1336705215250343
TCGA-EY-A2OP,-0.5692139788049351,-0.2627522141071818,-0.523683748081928,-0.511354983986925,-0.1689998014501138,1.7047420680719445,-0.5311766993674023,0.4977802035187148,1.0686743159275405,-0.5136523289077767,-0.3968058155023485,-0.1368721331769551,-0.0296583135066893,1.0316271398188657,0.7824460757091093,-0.3554698773451634,0.0608278363192548,-0.4345082538108592,0.0248848260722574,-0.1929206085831311,0.9149822535868354,0.6338702201101182,0.0322691229380621,-0.8157349359732479,1.0281298479093337,1.2439326451906572,1.1743026655455282,1.434512110667305,-1.4316368712529115,0.4635421756441412,0.813859578899195,0.4718284605551419,0.2351221178422189,-0.8629778514421692,0.062635775510805,1.4492738331901185,-0.4901508558376505,0.0735500550269184,0.7238691417096444,-0.3821526459966168
TCGA-BG-A0MA,-0.0522379343442809,0.5840536705398598,0.9634593017035646,-0.0080671716681931,1.164603864798966,-0.0852415486903263,0.5486923055794306,0.4587161916314518,-0.0855985193538833,0.9702994693077795,0.8262105570300183,0.6690305756139187,0.6376175544315116,-0.2193493182416055,-0.0801571399760071,0.9981923749096742,0.5337322366933399,0.2882852347108509,0.0860519155719827,0.2022707388847794,-0.7781986033520599,-0.5408919050243483,0.2807862917813506,0.4150811250927706,-0.348557249313146,0.156378364520994,0.3776205340746875,0.6631641306401757,-0.3432361545615006,0.0991136072813583,0.9786000786798712,-0.0877062626490396,0.488169293731799,0.5742358824511652,1.6027444501270305,0.9740624294792912,0.0087009303051393,1.2394535435246885,1.3731303617607815,0.8654796677751214
TCGA-BG-A18A,-0.3952374212973874,-0.8153207231016438,0.2083523597393203,1.728767376143493,-0.3236989916428814,-0.0419385980049275,-0.0918131691477407,-1.1485229565403972,-1.1835324082444088,0.712540992922955,2.3012259903059005,1.9042797054990612,0.3355542658974082,-1.1373639670013511,0.0172639418683417,1.894132602088059,0.2906689056752619,0.044484020281302,-0.3217051531250346,-0.092114788434381,0.1123507521945289,0.0527332177107998,1.2793399853016074,0.3648099681727723,-0.836255706502938,-1.4469893645994505,-2.024736728272212,-0.2767605352477935,2.1995629544080377,-1.438646169360008,0.5009510624072382,-1.348620444606193,0.3612897899263269,0.0072540974221232,-0.1488262289093191,-1.416919654543619,0.4711124951768167,0.4776829477513152,0.9453040997628102,0.9616236653846548
TCGA-E6-A1M0,0.054171612704196,0.1888436649072674,-0.6288630204152124,-1.3175257918845666,-0.7096313827514283,-0.9621563815231238,-1.3472425204289995,1.7018656932559084,1.6763603816571733,-0.5113601773148185,-1.352591308271317,-1.7970041805879606,-0.7030210081965224,1.5664607347576058,-0.0631758441906558,0.6885676762320052,-0.7755087096778914,-1.1193822304485652,-0.8179139766836673,-0.6220923001304967,-0.6882828420510841,-0.4532981190975946,-1.5087591441357542,-1.4318729685801603,1.1914486775397943,1.870182749295684,2.381257957032852,2.2424873000254197,-0.9233349743367456,1.2344419411686691,-0.5581473742389178,1.0095086615421478,-1.0375186083554369,-0.6839332836777182,-1.0163577718596015,1.645978315102841,-0.581737238328903,-0.2499968634428745,-0.085325267010933,-1.7305622132349752
TCGA-AX-A3G8,-1.3123790344256232,-0.2302110693838588,-1.3094817597190105,-0.6921439074448762,-1.3152424256593087,1.6840164178902604,-0.8384771050838111,1.1579853421957462,0.4116293882358883,-1.4542554794946227,-0.4942649635127018,1.1222770906342123,0.2498976698655387,0.2467322727292711,0.9340823011833496,-1.517482950657827,0.4671306300441202,-0.9688789262107778,-1.1613496214190755,-0.9544085593025156,-0.5947712418253134,-1.132044704478997,0.346670623289499,-0.2880077538778627,-1.1800351896020094,0.5670111091536713,0.2801069091210085,0.5276354193148552,-0.3985236145087026,1.4649304897967326,-0.0050651212739045,-0.4104511200105188,0.4685701995894168,-1.2534386424802326,-0.6508666492352495,-1.0724841522873485,-1.5936884890171632,-0.2306333278427827,-1.1223193881554463,-0.92186855665988
TCGA-BS-A0V4,-0.9179378024789224,-1.5442558139896911,-0.5997995175382018,-0.5621059692885579,-1.3203700068021371,-1.4575299360051084,-1.637649431723775,-0.3893608206403743,-1.687226672468615,-0.4090199913698736,-0.7810215454107898,-0.3468389623865543,-0.646037000946067,-1.8282841911721448,-0.7832366847288051,-1.8047837325909,-1.437675713595992,-0.5131929362844859,-1.389354207310804,-0.2395062379043468,-0.6516780897696661,-1.179853719127703,-1.9262633936502151,-0.8072423627960867,-3.1934955495656547,-1.91187376281462,-2.17287406708226,-0.3079261746867959,0.8002352813764956,0.2839339835186054,-0.6761777400525405,-1.8194899372382565,0.0271886905921899,-1.1719655169265348,-0.7092162587846189,-3.045061776967564,-1.8145720613615928,-2.129024734883104,-0.7955851203801749,-1.0620790892893222
TCGA-AX-A3FV,-1.1339164481720103,-0.1505340267055418,-2.5160941091447504,-1.737879007660005,-1.4780204431999415,0.0826923622442845,-1.1082080789315818,1.5435314293212794,2.118847474188487,-2.243467328076429,-1.0733895642282607,-0.0759205598277397,0.0187328206683763,1.7165527217265146,0.4553674750050848,-1.512440718171385,-1.1432063206681102,-1.8033694277739156,-0.4650045800036859,-1.9128206248700772,-1.4931827392268655,-1.3625694899117242,0.4074351131090187,-2.130399004898566,1.3539168292574348,1.7621770174444988,1.6931708348878127,1.236455292053029,-2.406218663502941,1.4468540394474925,-0.1193779955685089,0.4490494937830393,0.937895624864286,-2.7846974791021823,-1.4812065077404812,0.8797463609246234,-1.826805116453979,1.210254411663472,-1.4047479835401404,-0.854821238745807
TCGA-DF-A2KN,1.6233174957915304,0.6244187832504599,1.3837563976579903,0.966866450834531,1.4767116682065913,0.7250395871642991,1.448908811738029,0.600452667590328,0.5390199582110882,0.3754689451448626,0.4683928043071713,0.5509570570407445,0.6970795802553938,0.6380765679754071,0.808044164804084,-0.361709965930215,0.8366007891586879,1.3754344465844437,1.9152367960067216,1.8163975016230167,0.4311322811698801,0.9979801450767698,-0.3870169921294913,1.509852576168936,0.362275749209318,1.0855941547690082,0.4686208903511607,-0.2358743221334835,0.7848887545489585,0.283384583961328,1.0178889376285998,2.3776558447813976,1.1091779632337533,0.0073173369971161,1.441476369692919,0.3484937252880623,-0.3149047661211053,1.457935161668939,-1.066618747896144,1.8815741556431067
TCGA-A5-A2K7,0.0271437313123573,-0.9636898684176042,0.3041496204512597,0.3792449720104261,0.7022303612354035,0.923249467827161,-0.1220946440510119,1.565280618184669,1.4989579447787276,0.6394988920148997,-1.006663776046815,0.3228256374649281,-0.6122480116747886,1.1559350218137991,0.1984551177588849,-1.4209607287673591,0.8279483972149855,0.0967312658000448,0.6797450861654278,0.5146394682717308,0.9321286483020346,0.7218045627189331,-1.1450525969303968,-0.1604750447017519,0.4611183950322169,0.6279537523225477,1.3817268597878705,1.288757520253182,-2.134257037570213,0.523350330968044,0.4771968564856628,1.1159036375191158,0.497676624693362,0.291575252989609,1.5348977553838252,1.2849188162261396,-0.2921560195026308,0.9224143658757196,-1.200673313839947,-0.1261535835566235
TCGA-BS-A0TA,3.036978689531692,-0.6926039840982419,-0.4417995189556269,0.0335080604443975,1.594988045183099,-0.3186955866032585,1.932709934352563,1.0215555495004909,0.4569024231132649,-0.1322709807803088,-1.3375329042123043,-0.4697697318012517,0.0143481016066814,0.3535228002592681,-0.1609009596667038,-1.9776559653572825,-0.0404563066443145,2.013433839792972,1.8615659689793496,1.439404517311607,2.148043645670529,2.62697704232772,-0.2670914262976931,0.834638653225879,0.0886642814795275,0.7585299354908598,0.7578519331098209,0.8455395181095235,-1.2548535812248274,1.2444231091128224,1.243811802990129,2.732569248583781,1.3344537347301195,-0.0166634295665208,1.3191102105541754,-0.0115184660361684,-0.9274761427116228,0.9344797994947486,-1.4434606999572477,-0.3100788209450398
TCGA-D1-A16F,-0.0617360588713458,0.8656843462475126,1.5984426919873305,1.3480322561766616,0.9440473285743254,0.6690887047505114,0.8836392703720689,-0.7712441288528222,-0.997644479332079,1.003742668601345,2.289306297337208,1.7679125334981114,0.46219278761814,-0.7625021354641464,0.5853927188972154,0.346862133397002,0.3977533542792961,0.4823043462518059,0.6755504533059078,0.7797570637062544,-0.2784355679614624,-0.0095826798218297,0.6169260634996782,1.174031376198078,-0.1093279329461478,-0.074393958629729,-0.6767481522732269,-0.360281845246823,1.453730684209294,-0.5288556417588619,2.1763263794111958,0.6247045276005613,0.6415508079567477,0.8700878523533222,0.8508580741057234,-0.2944422998992106,1.0194333271265197,-0.0233686491850127,0.7221541858484422,0.8940808781576278
TCGA-B5-A3FH,0.1305183273520412,1.484026080177963,0.1255770323836642,-1.0212973417087436,0.1996591588772499,0.2728785302264361,0.2674442443067956,-0.7566936703903281,-0.4697334880516045,-0.5588704899267484,1.0403975941026966,0.6128010081794796,0.8926367836834457,-0.2030310971707789,0.6950204822116817,1.593927177935524,1.2115745184372675,0.5469795789031596,0.7463586857911023,0.4541077707796201,-0.6454667810902398,-0.19424848397081,-0.1030091682949431,0.204272333788662,-0.2197728503639036,0.3941997613806635,-0.4479422129215027,-1.0444313909628014,0.2778847925268435,-0.0717833834162695,0.2247175585704167,1.1588583621185429,1.026444814139017,0.3158208819876915,0.7407213118017814,-0.1150312139961182,0.5837493634320122,0.2236462733131731,-0.0714514236264044,0.2009198734621766
TCGA-BG-A0M4,-0.5420236369595925,-0.4062027021951838,0.6481780704939025,0.9435141910729604,-0.0260508971743864,1.215062867286639,-0.0470969672409257,-0.6073915972794924,-1.0844728969934558,0.1772810776070397,0.0861599451330663,0.0713076097756812,0.8298549867485477,-1.1655798320400568,0.751851875474153,-1.2250215984514654,0.6103532838308589,-0.0769173061937893,0.0520965283896298,0.2921583135572085,-0.5201166994679908,-0.4414023331216903,-1.0113515715874282,0.4122137528497116,-0.7204499470709943,0.2642355822597977,-1.0043433512169226,-0.0598636738748983,0.8211632646720217,0.3184001534953457,1.2569190403189117,-0.9019493348675702,1.7621247279135523,0.319929664630065,0.3201536745512827,-0.1123771595293841,0.1010363986256206,-0.349463966268309,-0.4492474659073676,1.298481765814116
TCGA-BK-A6W4,-0.3907540919013686,1.9192375252948133,1.0711716707271333,0.9752334299774884,0.3677937245634059,-0.4845850951212607,0.4823321106212317,-0.9313688953650976,-0.3062130998329095,0.6377958426426312,1.0660973698498126,0.9192436859967638,0.1004389513866153,-0.1522588631256186,-0.3535643447714868,0.4462744571898462,0.2837946004429788,0.3749926665236388,-0.4066229076455665,0.1397322466818658,-0.5732912262865826,-0.489199435502406,1.1089571472661934,0.6567038946588393,0.7771662206959968,-0.1086387522628831,0.2241627680856359,0.2572837123012222,0.1316223958328947,-0.7710056479325718,0.0753435794349818,0.5249495890655475,-0.4588368046048998,0.9011976061636694,0.0776832958866252,0.3350734530007026,1.6790947749940646,-0.1984061636516315,0.5225619785243227,0.0862457437164484
TCGA-E6-A1LZ,0.4105093328216008,-1.051432856977312,-0.8054339196820797,-0.6340550772843312,-0.6283434224165425,0.524338378015807,0.9550830865150592,0.8551578400645115,0.6312127264651717,-1.2655376343929443,-0.9119083278845488,0.4093271375339719,1.4379052489527553,0.5575287452364857,0.42978545018217,-1.3151200120606266,0.4711265779961752,0.029049027173258,0.8448762673842597,-0.0496508266670693,0.265548904173705,0.4704198321505885,0.0975812949745593,-0.4617637907353393,-0.0708111165195232,0.3856454171453708,0.4914080112389572,0.3843881542612727,-1.5007193921687094,1.2465912607161205,0.7061861277345792,0.4159954954163679,1.3827418790286683,-1.5904529908396443,0.1458101296492069,0.5429279417037507,-1.144610571503976,0.955516591857507,-1.3951977378433098,1.626383135086759
TCGA-D1-A17N,0.5332318612826388,-2.059502521300122,0.8738936655367843,1.2846291293172345,-0.5996128105536254,-0.5841901820359758,0.4366137155238276,-0.808849980331436,-1.9047923035470615,0.992711683905642,0.7309878615190233,0.5955631353617467,-0.2565602688167198,-2.173947966079653,-0.7193865051240419,1.115571356483506,-0.200858409130013,0.7461446193397031,0.3586162287545086,0.1016895304056569,-0.0592777446053405,0.0632040807620591,0.7079678430922094,1.0367873936213177,-2.197820185904644,-2.323585247156601,-2.7536013899208203,-0.713355635992059,1.6547083602383326,-1.215643612799667,0.369548232714142,-1.7648540699439057,0.1307089058565658,-0.5509797855026102,-0.1920462141235476,-2.03779758517573,-0.175711069297365,-0.2485848164600109,2.4753261955008545,1.381551211507824
TCGA-AP-A056,1.0387067679755222,0.3599214199959125,1.6190669162065134,1.7333999353405458,0.9912239921092147,0.7533676072109233,0.9032420493381236,0.5133668763916738,0.7771798537753765,1.7949852734675793,0.7301527556168851,1.0601907167234623,0.6481145028070837,0.7853764871196629,0.858963333326776,1.918310439934729,0.6169776144387037,0.7229093739968706,1.2203351784769472,1.3147015507654491,-0.5730981470243219,0.052273982189655,-0.5716692503356001,1.116449458998657,0.5647918791448134,1.5281481878436125,1.2080657297753556,0.7209231782092371,1.593187775278474,0.9823147731459908,2.083463240276574,1.060437533819978,-0.2543394673663629,0.5298413204022694,0.8956721416351417,0.8573183281029823,0.4508974262137031,1.1666837882148775,-0.2175286152368374,0.4035378032829761
TCGA-DI-A1BU,0.1600814355963523,0.2174378293082529,0.1217169192154468,0.2441511761224059,0.0311736068129593,1.1941837951685743,-0.0458801167299618,0.997075064185718,0.6571141812735856,-0.2047587565858917,-0.2063893493352351,0.0926316091711369,1.193213050036815,0.6205134767719794,0.2044679669206549,-0.5599788585011124,-1.007356738806197,-0.0866992107476704,-0.9309947446637424,-0.540232278085538,-1.0297939617362777,-0.8823159524600745,-0.4383483014837463,-0.459787971579821,-0.2273110937649819,0.7746998427306996,0.984339199276367,0.6318811225204951,0.5103605271522591,0.9779108423287391,-0.2540301434365187,0.7633257365680055,1.4524660553964306,-0.2937852740571536,-0.9448168446650488,1.0527739416123048,-0.5069844459529195,-0.3605507265086591,-0.0636991310775187,1.6959388874712835
TCGA-AJ-A2QO,-0.3827253262511414,0.4666945521271997,-0.3607684010545255,-0.317359003312576,0.515880008666007,0.5877899268433217,-0.0414309779563001,0.1958880266376007,0.2839551752742755,-1.007206009891171,1.4403770691492614,1.5508486022250816,2.5994091898883203,0.4814050075491994,1.6411399224271102,0.3363112274113578,0.2239389454164637,-0.5049875994981079,-0.0110964212935414,-0.3029637798934997,-1.072456275795889,-0.8652605114445316,0.7688541425431222,-0.5217904160517207,0.4377764376900018,1.3536264673382596,0.443551355608382,0.402619256545864,0.2023484820431215,1.7186892707548196,1.4904749831882969,0.8737884772976966,1.5805747726168216,-0.4237561339225705,-0.1204475929906047,0.6003339658144148,-0.8119734736604939,1.3714637924066886,-1.425181733287925,1.942419455207318
TCGA-B5-A3S1,0.469170561110509,0.5234659081569086,0.4901892300830721,0.5802444539754934,1.0966724122970022,0.5499925364509921,0.7273265498204239,-0.1640113743848882,0.5965746835237717,0.6804835089564505,0.0640981852261577,-0.3940989830209087,-1.100327459774079,0.5432535268675976,0.2369928692911339,0.7932545383824038,0.9410203879949202,0.272928779248804,0.713251285524829,0.688624163525804,0.9249405270890968,0.900860601284556,0.611060933069506,0.7241488128876239,0.8309989944845045,0.8651236509302532,1.0912161767152797,1.2128843287339552,-0.0990388024334021,-0.3099931983689591,0.0483407290819922,0.0159213696743262,-0.603776765207814,0.4473513385839233,1.5111652941829825,1.7445388405695463,0.3533714290673839,0.8064901868206621,-0.8536268379649815,-0.7187694290860657
TCGA-B5-A1MR,2.679331035964255,-0.7550321225719383,0.3706841381320593,-0.3982504628814464,0.6037503992596596,0.1549726103946845,2.037379742421297,0.9605019118113354,0.2759361285523857,0.6168635731731793,-1.802345431409824,-1.3511815937811102,-0.6016807883815698,0.2507676149686201,0.5111916078143253,-0.7031114922077831,1.3434159692670686,1.6618371856487435,1.9116962271252615,1.829367047956351,0.3102807390936577,1.351200717849954,-1.357457161749257,1.345992435403896,-0.0531275064057984,0.978021994289912,0.4929562996249765,0.611482732715966,-0.8109760377103529,0.4199325373832921,0.4444462754340472,2.06258645212243,1.2335505906799018,-0.899816118110563,0.7105599857297233,1.0299961021666717,-0.5120276506712084,1.2283191199503052,-0.250259702439046,-0.008667806431724
TCGA-AJ-A3BH,0.5306978962797159,0.1316925866257884,0.6809102292928383,2.103197717393987,1.4386952950128429,1.381673443497866,0.5263699512973299,-0.659285255274876,-0.0920151591791155,0.8993382316520863,0.4630977442762845,0.0465005831355772,-0.8435624137264691,0.036653583270675,0.3237849359442012,0.0167837307890951,0.825685239108328,1.0476103740498348,0.6808942461791496,0.988813204031104,-0.5453247065335588,-0.1388459727048811,0.1391970379355888,1.2042097273134678,1.1294166586088332,0.2935097129830161,0.0218835812930157,0.0706378561626456,0.7636177450260556,-1.123205775351,0.8299819117232088,0.6409633077189228,-0.4687903357192078,1.378052623776928,0.979552392514983,-0.7236976297673955,0.977535473117933,-0.9093897003974036,-0.2177841305397899,-0.2864750228731199
TCGA-B5-A1MV,-0.243190978214346,0.8841224429159997,0.6846730066637922,0.5302570511315933,0.0819764228802271,0.3785417683462975,-0.1438620430850211,-0.102728531518686,0.2743637649176229,0.1616784618539822,1.232048565890428,0.956314265078144,0.5228735658011417,0.4162354176479333,0.6677897954344781,0.5325512652123033,0.5535406318971916,-0.0123045520644544,0.0026661539263218,0.4679553537045792,-0.8220932303703341,-0.4972792472867195,-0.148938099771099,0.3863091956381188,0.808962451508212,0.470950712670192,0.3534014356199911,-0.0318158784382761,1.141540087120298,-0.0350871079846536,-0.1762428568206388,0.7909867659937564,0.0793623642656011,0.7002951162004429,0.1614747802777042,0.2138459019541058,0.5480499247889069,-0.7603423506501239,-0.1763897671656909,0.2982106194867369
TCGA-AX-A3GI,-1.23701787478985,-0.3582883042193273,-2.6132274411521883,-1.3126523166244708,-2.351478418268226,-0.7729214195243715,-1.5478162096886048,-0.0896985927378241,1.2922975059365436,-2.6414604515502105,-1.0662140569344691,-1.7937130512517463,-1.0466760567262596,1.3737235989874077,-0.9084156640149884,-0.5355023278485656,-2.3187028054897705,-2.235168089399396,-0.8083182982034384,-1.5710043289378952,0.917262748501072,0.1117726080148937,-0.2140195389177454,-2.319378215537521,1.790588208499908,-0.1817094865811441,0.8413873742625676,1.277956719249164,-1.6593635184180426,-1.442825886678004,-1.739890160655173,-0.290860761516943,-1.5105220440933491,-2.169072052461208,-1.768140032243861,0.1540137335646714,-1.1836206923397614,-1.5855252831901006,-0.4901667422166808,-1.8857887105044575
TCGA-BG-A0W1,-0.7545050802041311,-0.8586256011530387,-0.539745692568047,-1.5913203560916331,-1.28419743703064,-1.5933607246063148,-1.1009040182488137,-0.4082142441224444,-1.3199808688749863,-1.1360400928762573,-0.0958685024018457,0.2719118648353619,0.4500808574069206,-1.402775549121269,-0.9385121064479768,-1.438617066639354,-1.6740355645813692,-1.6230118230632065,-1.0277619790146333,-1.286678237961094,-0.2865789055138121,-0.7198242967308922,-0.6696116310382634,-1.0530540050672306,-1.1572833787393997,-1.454952003856036,-1.07853189190011,-0.576780958328197,-0.7276812207934789,0.2821891951751265,-0.8353149044132114,-1.3710843534346917,-0.0220442746482056,-0.950810831234012,-1.5025787601164686,-0.9978868771569156,-0.9195894025061476,-0.8832923317874247,-0.8683640522727755,0.2311179387498243
TCGA-BK-A6W3,1.2634459788553267,1.1285101092056862,0.7415662205168049,0.362199835402565,1.5371826994264162,1.1741451676985677,1.488144826608396,-0.5848856509198049,0.2116451052502433,0.2337105421075447,1.7108831397563118,1.2983161531319385,0.781666964923208,0.3031649334123606,1.1263760799730749,0.6703883746658249,0.7820072787037472,1.4376976741184082,1.3782351581975745,1.6727610744031096,1.5800581418479094,1.7458075361557224,-0.4063239051435884,0.6773537462824162,0.8992865694098799,0.8988057736299689,-0.1079148885228375,-0.9675812378244112,0.2779623514460312,-0.5120268045398408,0.9186526600282964,1.5045035327945524,0.4950927973676325,0.857000335994095,1.3326357893727787,0.6043839879703352,0.8502868702776617,0.0725137968858054,-0.131660360285285,0.2955486942939725
TCGA-EY-A5W2,0.2858198419894308,-0.2950631544953549,-0.2689687749766193,-0.0942382489771921,0.3954078756022486,1.2096853545535071,-0.0746326005764898,1.9998157854683405,0.9081843009124636,-0.2842007409067607,-1.0325842301468604,0.5253849140649889,0.9047851565710036,0.59429416660263,0.3121508244663047,-2.5306624995994924,-1.349045409836008,-0.3913926085312226,-0.3178701893321592,-0.0083667978436332,-0.6318677386089756,-0.6336390996564372,-0.0213759629346667,-0.1537566352396461,-1.0963293400956071,0.6450590771826565,1.0017861377309296,1.1552604247361795,-1.416101109551341,1.6513457032461452,-0.2648725846722319,-0.4138884846703932,0.9297995280766854,-1.1788235746311289,-0.3714357914822313,0.8406122606888564,-1.7209449744228966,0.232079085351863,-1.1241592940532523,0.0635472174768322
TCGA-B5-A0K7,0.9588923010023808,0.4392252255587495,0.4893800424759792,-0.6296921806380589,0.2623859126032398,-0.2766262391386319,0.904702702234042,-0.4760221411807372,-1.0920902449434051,0.0620415054635695,0.8197867005447299,0.4168884935198488,0.0584199919416811,-1.0651755032868984,-0.2912274298530486,0.0329372372379066,-0.5015714681503827,0.7085488057161745,0.3180683014486824,0.3511025699505008,0.2282483988847712,0.4330428154564452,0.1844023530401238,0.4283003862214781,-1.3539484884390205,-0.3600511957761215,-0.4094086481446647,-0.5501343945850146,-0.0693587040598921,-0.068297378325676,-0.1121819321016524,-0.2589524025446055,0.5519564719382284,0.3594949889624244,-0.1533216798340622,0.5813564369059158,-0.2092428711219389,-1.0413758550716052,1.5714229859688935,0.2277012694386604
TCGA-A5-A1OF,1.931072504060741,-1.1935389718997158,-0.2268576602546852,-0.6346075671767418,0.1375090273096549,0.1003221081826199,1.342142350523366,0.8206615825149273,0.4515844961267628,-1.386902863009701,-0.3773339762222576,-0.2183046180648479,1.4523099176326304,0.3103291363487419,0.5311090374640128,-0.9372681316585286,-0.0634839360582245,0.9800592780807128,1.737308657572426,1.1749068757799657,1.970996977934812,2.1549485188229256,0.2190543400858051,-0.1437805061858116,0.3673550931351272,1.2801741871721433,0.2288147626809566,0.744978723065,-0.9483086097777942,1.3839297159739858,0.5930692177251919,1.0904885478117514,2.548443176730933,-1.4402200052691023,0.560506727100833,0.8036470510879912,-1.1255915652081834,0.6663842870342874,-1.1739413436729482,0.8342802124352247
TCGA-AX-A1CF,-0.4595421948716828,-0.3715357336676799,-1.704665879202613,0.1233834048494522,-1.077341280559803,0.7322280799215874,-0.2905581214825281,0.1845808534223482,0.6091954003432825,-0.5093028451714631,0.8148586214270147,1.1864348869913408,-0.0213955776011793,0.5432925807622285,0.5308746510575404,-0.1519335467572315,0.0293473978973643,-1.410280426300881,-0.4219695696617998,-0.5823571133811869,0.1296293894308592,0.0384381644488856,2.231436172918606,-1.283265691713543,-0.0669696452259453,0.6278397390058578,-0.1517796146744902,-0.0859612462947088,0.3287339097682872,0.1244868594190767,0.2635745771127686,0.1503724898863648,-0.3381302206050565,-0.4753010970775038,-0.7333096918443897,-0.0707075183973503,-0.6251824089607013,1.4598068874985544,-1.0907582046434214,0.2704671715202764
TCGA-B5-A11E,-0.4713852536735364,1.211807205805577,0.0833655137655728,0.6013189577112642,-0.5138507596285841,0.1938510230411066,-0.9987650047463204,0.0883024685841094,0.8420189592022609,0.1839539880890502,-0.2999816251381258,-0.6536040998529252,-0.2373107535902345,1.00206581352572,1.2274850102657917,0.6422362811892527,1.003772434821899,-0.3364873354594482,-0.5074300512026387,-0.4092298803402308,-1.5245272374422585,-1.2044604918889072,0.5689736777904729,-1.0044218609988544,1.403509654801379,0.9551487243007484,0.6551974954869749,0.6606467555720636,-0.058712771579698,0.4456929042157543,0.6091800873114334,1.0382697005682386,-0.0127021557070587,-0.1832687615107173,-0.1795004776338513,0.8171998182584714,0.126095938933182,0.6420289176579227,0.7847470604762841,-0.7011135882931072
TCGA-AX-A3FW,-0.8103057622513902,-0.326650737268221,-1.860435180272997,-2.520069293090139,-1.6037589936983103,-0.643113578647207,-1.3944958179069564,0.6375619550790852,0.8429141439613514,-2.067040621902938,-1.0209640316267368,-0.5067910556407702,1.0252657400243417,0.8657279360329776,-0.0714852078249299,-2.142727378844133,-2.071546477632641,-1.0928595636077505,-1.0625819501999514,-1.0377342781889562,0.1982901738743489,-0.2222054638697749,-1.2335358882125294,-1.5619684102832248,0.0809776777152554,0.0642088522488844,1.0413000123804177,0.8065028278497145,-1.097138923307949,1.2388952476285573,-1.7699237958979244,0.2316948953727982,0.2643474835502102,-1.1974531052572706,-1.0069097272626646,0.3839692127576044,-0.8478439494913148,-1.020327670168228,-1.5530437411544311,0.2427990863613727
TCGA-B5-A0JV,-0.5095435446284877,-0.0196885073066193,-0.525601050879689,-1.15371686810138,0.253394794816061,-0.0046390425566952,-0.7529661653038321,1.2503542371207137,0.5350886735873838,-0.6052869344873615,0.0183634589670667,0.2112992137546331,0.5849081928226896,0.5501454249398948,0.5951597222910996,-0.8662758215889885,-0.3724521174657899,-0.883808569494621,-0.9078358912835728,-0.4043755317758527,0.1784323065187351,-0.205699264706858,-0.4766515912391698,-0.7007147908848598,0.0546909414372534,0.4143597466296332,1.0345578994722435,0.9938896369106996,-0.9876475698972124,0.2593177352361114,0.2641042054941811,-0.4186199928807507,0.3345123421575926,-0.3753925680950494,-0.3043792714598217,0.9839608147393548,-1.3817033210344225,0.2800839254357082,-0.1310649716334448,0.1910203686613253
TCGA-DF-A2KR,0.2252895437466719,0.2009518928212736,-0.5092274020174553,-0.847322736592774,-0.6614945599452566,-0.2090413201637929,0.7832110536977192,-0.088005351009288,-0.6911737822353142,-1.7843185862492497,1.5781338436481749,0.638016781023696,0.3071532901737261,-0.6799757938464757,0.5240424640696361,-1.2858253582961192,0.1872089385771772,-0.0734000213501423,0.9639628732259335,0.6697781966341216,0.4976595451118488,0.6106815019184635,-0.1219879163878489,-0.2137540970655323,-1.1379871232567904,0.0744823738969729,-0.5154984521028331,-0.3196429044002613,-1.1554464248103793,0.1784680411559849,-0.2636096481942889,-0.2796495091391744,0.4952998665509426,-0.9622912658030036,0.2082833191484747,0.4825987016479177,-0.8891621192285974,0.4788264772444737,-1.1861596785906643,1.3741415744334728
TCGA-AJ-A3EL,1.3153525878840149,-0.0860800598481841,0.320489964617474,-1.0028908017721554,1.7422209126828347,-0.0911313560027372,0.3364240468399974,1.3356002155641138,1.5191743510197997,0.5189166966118504,-0.694874400012099,-0.4773701413433266,-0.5626979081906174,1.2133550921650471,0.0238665874355027,-0.8367801556074513,0.1312901856454185,1.078849573786918,0.7784114931011548,0.5708597803659721,1.976743366068314,1.8324985705025971,-1.6590032507048804,0.2373489906117517,0.3898765009971258,1.7237155909225217,1.29218855555279,0.3533520875119116,-1.180162339481054,0.3473605853652127,0.2213472170300087,1.3210465572939778,1.2753205586675065,0.4734693416260633,0.7134144664771918,2.499189066214651,-0.0383758584106589,0.7324064221841161,-0.7320554789839864,-0.6843072753199689
TCGA-D1-A167,-0.9030673959499902,-0.8945075112600274,-1.3027033124943008,-1.5496727826795922,-1.017164578653892,0.0554646463566131,-1.8649486891787248,0.570821133414405,0.8031173230160212,-1.5050621024794226,-0.3288121897947247,-0.5186295717409295,-0.8696165103662892,0.7575434477922376,-0.3895476730152374,-0.89758829813943,-1.221018142913858,-1.2442996269283957,-0.98698929076526,-1.1775436210573125,-0.1845835949179511,-0.4509499918849647,-1.3161916500241335,-1.235143420983832,1.1835266362120942,0.0951270260404513,1.3185604438964464,1.3295567624367997,-0.3235023745590106,0.0489499269336942,-0.320001311455041,0.2331947018970605,-1.0931478061247466,-0.557484781437824,-0.1664800903985707,-0.2827605456418853,-0.428280220783983,-1.2352512360260652,-0.8263138240231075,-3.076233424678031
TCGA-AJ-A6NU,1.1613545714131606,1.4820856300836354,0.8846265931513704,0.801959558804198,0.9350022009731072,0.9518303486745384,2.315382738490164,-1.645703760978099,-0.0299744852942849,0.1350699482708595,1.3384965181811492,1.1530466619414204,1.1606462450273596,0.1588153100709151,0.4716852993070906,1.565470452714204,0.3552355937602061,1.4566234330963828,1.5482276343668546,1.9457004797700324,2.051380403654762,1.8345266803190927,1.054421154066268,2.2916927995337346,1.0633676270159624,0.608308228009155,-0.3628684051136358,-0.0201349568572959,0.3758975176746425,-1.5111507395496766,0.3906658836983245,1.4197676232521876,0.8583771209926853,-0.2473811722936115,1.0960999803403986,0.6741917389377774,0.9808219215016226,-0.0037464772621587,-0.4989469086184703,1.9161475113138555
TCGA-EY-A547,-1.4403290080317706,-1.7422279895140058,-2.484533486543907,-1.464593351583557,-2.5360541959915066,-1.5642458571133782,-2.2349105940143508,1.4517086400792476,0.9287045572176928,-1.6463703500530185,-0.3474638689107999,-0.1696953709062689,0.3608770254525813,0.592334898026389,0.0335521670261086,-1.7989575364697372,-1.6123600898571202,-1.5768433671277364,-1.9562453590659723,-1.454295956127129,-1.1953201322401965,-1.6996596866927098,-0.3548358703496362,-2.783881799098593,-1.725583970400392,-0.80498698400589,0.4451262625094857,1.0156229068171956,-1.308653395197315,1.7698778075323536,-1.6233088959825746,-2.5930212938354136,0.2293161572213843,-2.358523190065787,-2.168234806465129,-1.2089930210338964,-2.150636286539796,1.233648050973114,-1.041402646426619,-2.01488250587487
TCGA-AP-A0LT,-0.3073679920468554,-0.4404668697610402,-1.2555188314172143,-1.1782603578109423,-0.5188549892053228,-0.1302762147070505,-1.0029366824832011,1.859441246111665,1.450608096807305,-1.2740989999483665,-0.2513362605334642,0.2959835532245065,1.0596691451350084,1.3912590809930063,1.2411508785732166,-2.0031217193224555,-0.2437663247015998,-0.6928830126036364,-0.6602696348263125,-0.4058067161751306,-1.3734015865259257,-1.2301007919916904,-0.5096369257023494,-1.2698293290434246,0.3268553301572948,0.9048322454557096,1.5498322992970592,1.4607255938666823,-0.639225557979682,1.4483126916195996,-0.7389913963535747,0.5028824937444852,0.3953877937770343,-1.871368496926938,-0.306082961962634,1.3617690497138193,-1.7094784373781118,-0.6304243288283845,-0.8335410158520594,0.6103575101391323
TCGA-EO-A3AS,0.0975476832825846,0.5451432002887135,1.497875464345502,1.2646186044617098,0.8239312979658914,1.409783216576174,0.3937802123349018,-1.426013779972206,-0.3684625164736531,1.5448572155244118,1.2184052814868374,0.948187781078792,-1.090111640054643,-0.3053946652612295,0.2091175363430986,0.929563329649336,0.4922324221883323,0.7050203282400131,-0.0114712324184338,0.7523053223407357,0.3813455190606258,0.4125921557793549,0.1415435350700819,1.2202691090594593,0.0367737860679021,0.0890456424598103,-0.6289276425351774,-0.6787761083954534,0.6692740449236763,-1.381717270023582,-0.4905230685593785,0.7931695643735962,0.4435731184937528,0.7327065830166994,0.448302715579268,0.5650347870008001,0.8465189779013266,0.8835419512796736,0.3684762516252455,-0.6551583892959882
TCGA-BS-A0T9,0.2349175062043034,-0.1568369088978862,1.2871365588691102,2.091359401451909,0.8851498092239101,-0.2179115997883536,0.3987475849062807,-0.4706600879047588,-1.8227577028669977,1.7036784140566332,0.3299804174005957,0.4610763153775549,-0.8558235131798833,-1.678130080144422,-0.2601490176759641,0.7609123435165144,0.2837268196316005,0.6714973769358453,0.2042128103593096,0.3020653798416159,-0.2856647878931539,-0.0876479485320029,1.8049920925659173,0.8862144675284369,-1.406516428766984,-0.90356954753354,-1.5582653904620678,-1.247487977847724,1.0092576616894695,-0.2282123460229634,1.66421580773481,-0.6350848951569751,-0.4483665209707953,1.2573407383812605,0.4942637207142688,-0.6161467932017745,0.3372847264924829,0.8971910396595846,2.360704471692265,0.6132585416769469
TCGA-AX-A1C4,-1.5627811617313576,0.1370120055283924,-0.7190129045782936,-0.4943293505524664,-0.8614452585588305,1.6298768975083575,-2.166118488651997,1.062755437682151,1.48551899554551,-0.7522973495445209,0.0772301430487379,-0.0754353915671312,-0.3509109847475215,1.5877849021924872,1.3953299968143122,0.2179932685794034,0.313349336065361,-0.7483006122853433,-1.5071636652974236,-1.1661101842603585,-1.8373261435419408,-1.83309755598322,-1.3205921860204444,-0.913406928681549,1.285936200434462,1.4365109913461571,1.284308355585932,1.2544837632993342,1.022545851479406,0.5275113601132385,-0.1659028906655484,0.6981778175125137,-0.8470866296791566,-0.0364304086434693,-0.1001475993536604,1.402221445229268,-0.2689409395146031,-0.7018065376973651,-0.1853131311397224,-0.849187096498843
TCGA-A5-A0G5,2.443974640867811,-1.7331607783859957,1.1146723307980102,0.6210663192106579,0.3219853475761607,1.7852454970592058,1.5781650105393783,-0.3266100311738576,-0.0365916219153086,0.3107960999411035,-1.1956327258337038,-1.5793856361352296,-1.2392978941495425,-0.0671866975575014,-0.4331391674304671,-1.2298968814022553,0.5354395347257869,1.648291294853962,2.1815711877948765,1.648835462171768,0.8443581495637239,1.8249392881498088,-0.8323214300347651,0.5426990185236877,0.1219751490815797,0.4708115525079455,-0.7714640383516181,-0.7066229854389744,-0.3816849074092655,0.967921858167786,0.3913804350099941,0.0268295910550228,0.5562632530045463,-0.9714605435720634,1.0004646374637447,0.3214466807120569,-0.2667469419523626,0.5331915748176478,-0.7013025256683835,-0.6368097026320794
TCGA-BK-A0CB,0.116007825413977,-0.4027189857085474,1.932730502159636,2.495106929470776,0.5701653102663001,-0.0729397189847501,1.152303586805488,-0.3009902173787017,-1.4443998434156886,2.0787982898438044,0.6752285849008959,0.8133316294006102,0.0282835980511507,-1.587892998475588,0.3087355078154595,0.9877994464272972,0.9021315873223104,0.8596702129069792,0.000386849926771,0.5783477197295825,-0.695888620739096,-0.5805710059949162,0.4698313162959577,1.3646275498867957,-1.2925659431614458,-0.914195828662665,-1.4835319172308592,-0.8794799145678331,1.6787314969081455,-0.1285807771544685,1.838111820383656,-0.6590094063886074,0.2073202154980067,0.9104783481509258,0.2922758177552408,-1.164239696749242,0.6048906365625891,0.3108927964874421,2.187060577182567,0.6679777505358622
TCGA-AX-A2HC,-1.735036506508474,-0.7574100469457323,-1.2950436374033754,-2.292028105236789,-2.482761369306528,-2.506062341976936,-2.3497211565499336,1.0392449977027036,1.9229286354197608,-1.138362959810783,-4.088955434546032,-4.415136738229496,-0.7152195836890651,2.090286336710317,-0.9049629052713836,0.2691968115118657,-2.950225500403968,-2.5890433298803925,-1.0158825309521955,-2.1594260747991947,-1.5015549971699822,-1.5768519781606083,-2.7889008612693296,-2.750995243093337,1.9943507848680573,0.8020884101026254,1.8539229049698236,1.2227079247327313,-0.7164290441756398,-0.5011645006964912,-2.5519222547026765,-0.3747799507764302,-0.1847497821032638,-0.0975562655779055,-2.2667453744804678,0.8642719274420716,-0.5110323570764675,-1.0232870484545955,0.5468045332897287,-1.1841039953920325
TCGA-AP-A05O,0.746002539561786,0.0603558082912173,0.1082743982455264,-0.5005314644644931,0.2219154732601979,0.2333431902763471,0.2170244178011796,0.719183181230908,0.3644210874024127,-0.9401394463885115,0.7033757810129146,0.8550301071318667,1.625825187106098,0.3801503064666269,0.720730491159355,-1.9557803729127792,-0.8519472159719823,-0.3907079448611484,0.5882091965438401,0.082029704173782,0.690625367445259,0.6469915092982517,0.0267056154506484,-0.6743834484428604,-0.0452320533923503,0.8038152678286781,0.858114907050353,0.5074216418935775,-1.84051856085811,1.785333779279318,0.3134445237098374,0.4849661520729983,1.3187902986797833,-1.711805611017985,-0.5414060159953542,0.4371580258116153,-1.024426356897005,0.9082392586591788,-0.4595347232603166,1.247017728241678
TCGA-A5-A1OG,0.5116650514324667,-1.857228974576259,-1.1283916883908267,-0.0696195315634623,-0.315526903932346,-0.2722805950415269,-0.0655430368199408,0.857004952003346,1.2196670309313908,-0.9979563875224258,-1.3707005878849157,-1.3045126673021086,-1.147545566973642,1.1155012786715686,-1.109859517265352,-0.0554236803996593,-1.0662642913787812,-0.6080952307331067,0.3387765438255128,-0.3054618255832317,1.1944013096603914,0.9918007182124248,1.1198327083000288,-0.5904426446725767,1.5892794505710013,-0.4448440553550003,0.5065337656864557,0.6123518699679366,-0.860737403125195,0.4782652403181757,-0.867080218845543,-0.8912051558946149,-1.0568330109775566,-0.9218327528381016,-0.139170912736547,-0.2956779998371618,-0.9200744171649065,0.8910204641293424,-0.7373124863769192,-1.2758374906607668
TCGA-B5-A1MY,-0.3623136249318449,0.5183711924961792,1.8042594279927768,1.5600456826511488,0.079393011340301,0.5201282254615807,0.3734554639816328,-0.5780905815394941,-0.1438160024297521,2.001126410732682,0.9973031253584448,1.5270804706089862,0.1578701615558433,-0.1697176651940119,1.573805459162332,1.834569011795658,2.833660294020336,0.2840954681964437,0.0005787504217049,0.2119894186946784,0.5999872071015511,0.0929303854840777,3.251382245476392,1.5857732553702046,0.555499235686457,-0.0183714759985282,-0.8116773316961153,-0.7725316969842512,1.404835204466278,-0.5970339638821238,0.2575671354784305,0.7034201854202596,-0.9808702396638436,1.5221681271869438,0.0804379907915102,0.1940461475777039,1.118442924365897,2.2168599923492844,0.4048176534113074,1.8858126102296269
TCGA-D1-A16I,-0.9873424375600692,-2.9102001300348896,-0.6745215389227579,1.1434508842565458,-2.1734121646054763,-0.3439305820454273,-0.8562767920753016,-0.01612702231822,0.0703101525419875,-0.4077563920870024,-0.5372300677815168,-0.5572149726377759,-1.409470054963291,0.0264038829184557,-0.6691271087930831,0.9575466455202456,-0.4031917174722983,-1.516135386952381,-0.6686969445226876,-1.046169997826676,-0.8817302645859205,-1.2047119793649896,3.0962653956628627,-1.0661036936671973,-0.7508354233541956,-1.224091272777874,-1.0613744495499955,0.7051094419585556,1.4539902923784402,-1.476041970257692,-1.2377135583695793,-2.6366124798829254,-0.963923645711947,-1.1425212953148245,-1.2873901309722977,-2.166576647766423,-1.0589593856551782,0.3307549621830757,0.4644341813703807,-0.5906360358865755
TCGA-BG-A18B,0.6436272575232487,0.0971237343292547,-0.5442582825438478,-1.5539923131071818,-0.3621496225335928,-1.2576474767949746,-0.3556556370081253,0.2691403366268505,-0.1135343198344962,-0.899549851654838,0.4379586888596959,-0.064697216350626,0.7261033066011796,-0.1053148771958422,0.4434186426146597,0.3381909987824446,-0.5580513772175422,0.0154306997414728,-0.1374431263335941,-0.0881389674045093,-1.1138807792329903,-0.6105462163418087,-1.4138307202911158,-0.8415577351666578,0.1034263906252542,0.3693909932491372,0.4253738033577946,-0.0041230622856885,-0.1902707093621946,0.8276686088506697,-1.0952921705917031,0.3049591158645112,0.2283954598759393,-0.7047894769412172,-0.8222976165378142,0.6380492996673663,-0.564918204195231,-1.355132376843006,-0.3413452360469223,0.299169143796592
TCGA-AJ-A23N,0.4715561532654739,0.0403919274673903,1.093790487589961,2.075957201728788,0.8531308110051081,0.7957590849021664,0.6285694679902563,-0.3445443467842957,0.886109139931629,1.988411827408097,-0.3393891614483995,-0.9852632391307006,-1.462945992860997,1.0714867192663835,0.0111939088802401,1.9792076508625571,0.897557340357153,0.6388986835374284,0.503575379106718,1.117244668202463,-0.0224419558679284,0.2080603753506599,0.4508195284689328,1.1797099206318569,2.0393588516686387,0.3897234243034387,0.1436308165844479,-0.1934113661831293,1.1252300282496188,-1.7119934400367138,-0.3472725797987108,1.2278464285496924,-1.6349658642565787,1.2054571784659402,0.9840534790180088,0.5984309748779569,0.9186153136249186,1.0374328515890463,0.0597641758377438,-0.7197337465527709
TCGA-QS-A5YR,0.7127633778009407,-0.3683172487476931,0.116993871770831,-0.4320682368793775,0.3534706761652467,-0.5230452201722862,0.8178486901877806,1.1598883560071669,0.0145004658217956,-0.1142376557487067,0.0319756688622965,0.4479500913333271,1.4160315845639186,-0.1173157877295068,0.1137630517921069,-0.4405845442546801,-0.6294839157459274,0.3838556242805186,0.5822466170006431,0.3462535888719491,0.460281139380702,0.426198782168152,0.1804770119086438,0.3379659250062289,-1.2035546131432098,0.2775410386316096,0.3402894276854655,-0.099534778988504,0.689026064579495,0.9249115159212792,0.2848642554735657,-0.3496976458970832,1.9163202423323389,-0.8569939974164431,-0.3142062787558585,-0.4229531042771722,-1.1665674778781243,0.4577720171747883,-0.9192958658671652,1.8380756181023024
TCGA-BG-A18C,-0.1209947405549725,-0.2377881265545246,0.8076360553029401,-0.2602338877364755,1.0948911083382324,0.1967612450538249,0.4331451397476664,0.5612693700397966,0.831221782511489,0.0334401623471681,1.0743254757114034,1.2150630023924849,-0.4127503404879847,0.8708546987138124,0.766243299916622,0.9511476188373033,0.7295555405288523,0.6532108092899024,0.6120919822795416,0.3814437019997314,1.2374982075383367,0.9731234836138148,0.3082001439815615,0.1851580297636865,0.6219291522058893,0.461018804118843,0.1334341135970247,-0.4934534346173139,0.9840774399489164,-0.4300663663504527,0.6309098980756183,1.5076473900938328,0.0345612732614277,-0.2051413639999455,0.4700292458433145,0.244116596681007,0.2320562760582323,1.6631006102397523,0.6062546619196663,-0.1042469499133221
TCGA-BS-A0U9,-1.081706647517635,-0.7007561071779141,-1.6008885304219715,-0.8718325438856053,-0.6656319291842597,0.8583647467719924,-0.6523706328373153,1.475995632356503,1.2356910009140616,-0.9968078650632364,-0.3939148929257063,0.9046247610511188,-0.3216304898251678,1.0559348752608952,-0.0022281342917073,0.3029950123180646,0.1377162610338346,-1.298378597348356,-0.2863897276802871,-0.8438144584850615,1.1694949760893802,0.3303282252065275,0.8067123051832743,-1.2468430725338389,0.9145513040328404,0.266236459875842,0.8394718523469479,0.533113135948868,-0.6019834046377043,-0.2129934706093041,0.1489008730630943,-0.2867903628214444,0.1338918025817926,-0.5407579872474181,0.0432063221430577,-0.5761571249305036,-0.8978318921461783,1.4668339081458692,0.0005883534815954,0.0661420562184907
TCGA-D1-A17R,-0.8576937273614715,-0.4429975907723651,1.5368043526895383,1.802429777180744,0.3986992307638544,0.8894192715563443,0.0198616470121649,-0.8945731634789956,-0.5586561706995975,1.1797835065940918,1.848297913181776,1.8536846120850463,0.4156383010605014,-0.470194697324937,1.320208322720872,1.1736588830588044,0.9268893338863408,0.2309072616023278,-0.7737325234551216,0.5279711824096589,-0.9493833396480468,-0.8219289385496358,1.7183360816063011,0.6835466681209306,-0.2097460887708862,-0.4232440991373689,-1.4887834442378312,-0.01418414099589,2.0584749929185486,-1.5031666008175246,1.4033939844925525,-1.079542948958027,-0.1987252921927982,0.4264206712822,0.4468495289974185,-0.8481839082061042,0.323443135895735,0.5805255301930621,2.7118054347406177,0.9174388779269812
TCGA-B5-A1MZ,1.2500286350729033,2.4058530215155964,1.2527255041070589,0.0214536585253456,2.483817126666162,1.4908474521175388,1.4995719431242758,-1.174036203907511,-1.2766975769108444,1.337156803873955,0.7696431327209587,0.7374202935669939,0.4953662380793553,-1.1281174340652174,1.4391287541855355,1.0484635290883493,2.554892069011096,2.009996104667215,1.4143025259307076,2.323758338233004,-0.0872999402660113,0.4991945095697022,-1.0885552658946285,1.8995308915002276,-1.1678426990885558,0.7729120538112229,-0.5352348358306808,-0.5526576219094691,0.5668822775151866,-0.8578619475073113,1.370445752059469,0.6617702606114867,0.2738775017090108,1.7436871965824745,2.8233518016571417,1.5991882874264232,1.0511841072203656,1.3494748716690332,0.8599674110321452,0.4816608315297675
TCGA-FI-A2D6,0.8050025900783141,-2.3148488475574256,-1.5218292223483123,-0.6457608965436452,-1.7803015801021262,-0.7056614527368958,-0.6538312733715337,1.6958083660115366,1.7679650664077358,-0.9273176808941008,-4.325905146003653,-3.2430196866415115,-1.3297896219927805,1.869934962676704,-1.0660218722238777,1.3804409451736446,-1.4009847464704652,-1.07437923120583,-0.155586159359783,-0.5933165245895761,-1.1100190576999975,-0.5318586564784968,-0.2018818991397851,-1.204863852549041,1.528857667866929,0.489796510935021,1.5880337652527177,1.1203015542691237,0.5558019925377412,0.3351522034528612,-0.7491305789778216,0.5755565158210628,-1.255757044281248,-1.0729384820961194,-1.5814650729123432,0.1372392242418987,-0.8870045298650834,-0.4735226854510149,-0.5001963941242075,-1.2531653428195202
TCGA-AX-A2HK,-1.049993048010586,-0.5425482718869936,-0.0394213191219583,-0.2620261440928293,-0.941665495268056,-0.3354213022885714,-0.5295667022289932,0.2192333618101652,1.1853170937053608,0.3497578345845334,-1.559409310171456,-2.010687654829222,-0.4534208627572474,1.1700761725638291,0.8237370355669147,0.3445472081744671,1.9478246137475403,-0.3007468776606752,-0.5072705878281516,-0.4197323338057777,1.256228992560104,0.3693455160071565,0.8534149692831724,-0.2790964972030337,1.8820031174011456,0.3286704165240431,0.797811682980654,0.340888196955845,0.026735977085742,-0.0408885532854187,-1.6723204180025326,-0.5830457281664825,-1.5172981111379251,0.3410098700023445,-0.5019547455273544,0.3472565561185999,0.4764953254807157,0.2566346821462096,-0.2609698459845861,-1.2925001445112243
TCGA-AX-A2HG,0.651726642969206,-0.884068863966908,0.3334302007209656,0.3675997417779105,0.8343877041150725,1.6540285424861234,-0.0219291415377114,1.085254769779627,1.1686309279608138,0.2136035982041027,-0.8941086827073798,0.6281944284434009,0.2268194823967165,1.0675967398354431,0.8238538453828125,-1.2424875593342886,0.6100759362070571,0.3645755255298381,0.2320694452178846,-0.0170315130983762,-0.8983903491953267,-0.5451300604504875,-0.200810477921749,0.483236212272908,0.8978447354047528,1.1433493673787531,1.3204191614787668,1.2118510705332664,0.5100654885361741,1.4282563400077208,0.5104315614596862,1.364465156660036,0.1890090448400495,0.119480897888651,0.515246962428705,0.663052066483261,-0.9042372456395034,0.8794364927874999,0.0033191706113132,-0.6366182921816086
TCGA-5S-A9Q8,-0.6874119879204345,0.9018380864402809,0.2476056717555933,-0.1583315975710213,-0.154705599979127,-0.3345636284673222,-0.825044431984845,0.1893910200137608,-0.7225089172288407,-0.3009955283914238,-0.827793872157911,-0.8533252514965219,0.2299802170381683,-0.7046352812108017,-0.4489621043163418,-0.1988567408930551,-0.7111770779560845,-0.4898645249100573,-0.7565610179162416,-0.873877096079172,-0.5286587146424147,-0.5831317306838169,-0.3866810679244009,-0.2011989957642372,-1.0807178400391555,-0.5866021786439554,-0.7330262830344656,-0.5129679158446727,0.2218063070318054,-0.2777169343646917,0.6187975148144879,-0.4158315914501243,-0.6396544549447993,-0.7448025314147193,-0.3888439874028135,-0.9247955997513247,-0.5843809025223882,-1.1278697499851436,2.3957886013312044,0.4779924357368041
TCGA-DF-A2KU,1.300429302260591,-0.7449302235370452,-2.0140838981339697,-2.150073688398209,-0.3730673053496354,-0.1912232405283788,-0.086501289224421,2.05122503887391,1.0118550437227591,-1.6598179184414024,-2.4995877085158438,-1.0067452608455636,0.5861032793864449,0.8062978646264957,-1.418268047692032,-1.2644843575876623,-2.585906159021232,-0.602327136689421,0.5305453367286642,-0.0162882193022793,-0.2624375506025818,0.1562370690915476,-0.6403074619010442,-1.3607354956080628,-0.952464834098452,0.4094653780815468,1.0098000073028155,1.20806015029017,-2.095832534945356,1.6194928145536238,-0.3488915756716269,0.1434832264617802,0.7808400351007849,-2.741245091300139,-1.4883719184051396,0.0307268997667226,-2.624288347350785,0.0130679062544319,-0.9949743454655068,0.0424537969768299
TCGA-EO-A3AU,0.9277771916621034,0.9424871037031052,1.342566063774187,1.2506671106383564,2.4958277359049594,1.561260004047495,1.4465952622211478,-0.4518294384816252,0.5773506287755541,1.324356993366668,1.2056866126080268,2.0110722073166416,-0.1341293334166736,0.7710095837116088,1.2608346022156702,0.6083051974410462,1.993162763317736,1.4184381113339606,0.932076540533368,1.677746115780422,1.4174629563710373,1.5141774011785871,1.147573251810068,1.8826599339973251,0.9441464768124636,1.437451625646663,0.4337664560196355,0.0620938890253103,0.4775123793275735,-1.308278946511389,2.01732276716156,1.6321584079531004,-0.0638843196851219,1.8073184493738432,2.2380867441243453,1.2186818283429663,0.900031846395538,1.1412783826351922,1.2199443543914856,0.8661148831178317
TCGA-AX-A2H7,-1.0789315132349813,-0.5456539403356394,-0.7967771036224838,-1.4641343320169966,-1.4855552576055333,-1.26879393605027,-1.4208858757026073,0.7737177700531243,0.2708480030409357,-1.005080017721494,-0.9642229687695096,-0.9054301683686042,0.1603848497491788,0.2568082455672793,-0.4324153445215033,0.8138447310251264,-1.0099802424637008,-1.1352376314146526,-1.3338051518812788,-1.3733957923783977,-0.8395695637324934,-1.004055548053749,0.323310687089664,-1.4771453159568737,-0.1521340350786662,-0.5311708624583736,0.6168526681993138,0.5224213803905454,-1.963264193750432,0.6929823638523237,-1.3565600014999295,-0.4321953536308776,0.5624545907889221,-0.5367676137359909,-1.7643085699056775,0.3155750240375564,-0.6716828926025554,0.0774402786659886,-0.1367913309221792,-0.463940559939984
TCGA-D1-A101,1.4063862220425782,0.4423432500257913,1.4618008595687246,1.594712108993472,1.1369092930652624,0.2742520120942524,1.182455434179278,-0.0895878115619651,-0.0595303122508335,1.298348063736372,0.9378452362609924,1.134524625741813,0.2441079653728061,-0.0107123750303693,-0.0117925561704823,0.8492528064590805,0.0997958461741126,1.3071616605459642,1.5021367624513002,0.7752311647674545,1.186064075253643,1.2327330173982312,1.4907989599844451,1.179709631102352,0.3140395378649221,-0.0246889536800873,-0.1160172777854017,-0.7242094426322264,0.7751800431401035,0.1821960371038316,0.3489578469780243,1.140311560074469,0.3661945381489423,0.7877074531977661,0.2811605126383397,-0.843315458695365,0.8097113170631651,-0.2692966971751762,0.2700030438304266,0.0563839327111345
TCGA-BS-A0UM,1.2633194256932037,0.8216148585901076,-0.4647145905586738,-0.5375758906175069,0.0249349104676717,0.562158644534568,0.9542966894335354,0.324649703927305,0.25045600763954,-0.8140966797036664,0.4348025198039262,0.651614071117833,1.0013035755789168,0.3022999417236461,0.3011878027919077,-0.2762070373723597,-0.757580005451498,0.6557944210042552,0.5584474257446511,0.5221565966363172,1.319172076508532,1.3648028621513288,0.0461924180784815,0.2469566545716529,0.1192977854441354,0.5899585658453046,-0.234260540087114,-0.2990605235853855,-0.0485887371898855,0.164051980033716,0.5060369964116012,1.076992107306467,1.1162123466035654,-1.4037169841807071,-0.1667422285543038,0.1090253478414913,-0.93190988418751,0.2673966160706117,1.3464648929243976,1.8219044449758937
TCGA-BS-A0UV,-0.204810595354187,-0.5174882728875292,-0.0075734267568115,-0.0004578885595838,-0.2535782919352077,1.2822048720728028,-0.7327657362451314,1.1623818844618137,1.5352629790010373,-0.5106604091478858,-0.6083003513383455,0.2472800270548721,-0.0963554471594636,1.3441221702831596,0.2028641269302979,0.1847531550126645,-0.1507084915923176,-0.975603400898056,-0.3407529260026611,-0.5483050394731992,-0.8947002377045158,-0.778207716601453,1.1075529765741583,-1.1154687884574352,1.2459438890511083,1.2530891342624102,1.1774430354297023,0.317953271438561,-0.5591673465945688,0.7021865369523966,0.0545763835795481,1.500320187818877,0.1950725046082022,-1.321568938140742,-0.930126512800406,0.1474451421984221,-0.9751629304664708,1.4672655092896911,-0.6365082366570668,0.300713849190113
TCGA-PG-A917,1.1697745653562073,0.0880508056986599,0.0233167919533081,-0.577038399594633,0.3483249700731419,0.0557209999995535,0.2536947517189942,0.0133330176183901,-0.3489637408047822,-0.7495845037619268,0.0537493779967739,-1.039854414576037,0.2936290023404662,-0.2802415092235337,-0.0050412348755241,-0.544259022933255,-0.4358380068840999,0.618911572383348,0.7596145639526729,0.3197479489093789,1.4258534461557757,1.4912486250956607,-1.6126418293917095,0.2460095304084462,-0.7509433585494308,0.5606881678243589,0.6101394234757186,-0.0898010029092733,-1.6789139851935846,0.4933057388793521,-0.387624317927269,0.5674120270880263,0.5300240637186591,-0.4925148431074606,-0.2579944039589763,0.5838986005370841,-0.304194917097623,0.5523728253105938,-0.6201173389040897,-0.2411032409902465
TCGA-D1-A15Z,-0.7823950692146724,0.8035760949319664,0.0472326488771818,0.6039949869584393,0.2773084292971745,-0.7062366509375791,-0.1939759961253329,-0.6368107257210012,-0.2402618192411181,0.1748683644056513,0.7872363126761571,0.1687061423104635,0.1116065222952898,-0.088213692900939,-0.1186125532944104,1.0928643874868185,-0.1349732163036157,0.5013512483469149,-0.4143788967415526,-0.4306071748037822,-1.0758243296806305,-0.8836040402148908,-0.421949242397527,0.3512068891443031,0.6956862867511908,-0.0072681860166443,-0.1192788081523038,-0.3117773453035599,0.3605904348065821,-0.6218242432394092,-0.0137591361126863,0.9956420666243126,-0.6353815105466064,1.4071667500088545,-0.2000256967094903,-0.7088022956973037,0.7475255844875011,-0.6381378984100213,2.7968575422856934,-0.3775640739785981
TCGA-AX-A2H5,-0.2875178028976697,-0.5455919340310262,-1.4754841293921117,-0.368384082016426,-0.583891964864089,-1.023391109334293,-1.083125804213728,-0.6508077788267096,0.1468290372600914,-1.6478643975527776,-1.0154394516202612,-1.2690972033027408,-1.622524659563418,0.2437810731326735,-0.3603521806899267,-0.8139476307042616,-0.4078862949078988,-0.8810943472595605,-0.7145881527450667,-0.6683642057718845,0.3357045513200756,0.240046822194192,1.9364393391736767,-1.2090683505089508,0.1293640987942448,-0.8126374083296615,-0.1226416687385165,-0.5112619958247164,0.197286717181202,-0.5096062213322919,0.2770064492157937,-0.0171166321215855,-0.6170080632070479,-0.3679715726049699,-0.3465210746649704,-0.1569598900095203,-1.0183638088041445,0.1281094750360906,-0.87564675555433,-1.5536854324670792
TCGA-AJ-A3NC,-0.2591983735940861,1.3067971960070064,0.8432602946254246,-0.2675903628922366,-0.1337412570523289,-0.6487609978720092,0.6432742685172727,-0.9817580588833708,-0.7328923968186722,-0.1320941043569792,0.4003732518007817,0.0451471416886662,1.2178563399547435,-0.6411702747644471,0.3349679900172786,-0.2383946486307894,0.0824080438483071,0.4207008781059296,0.1096642666945899,0.406984079439887,-0.2776001452629273,-0.1899347041863062,-0.0279884763040351,0.8811811238902391,-0.5996253063090206,0.001508733721268,-0.0952613933041187,-0.5897190013352368,0.2793901935155895,-0.3654541076253918,-0.2359988639177938,0.9648580628744512,-0.1321040011343237,0.2299145153275641,0.1416539621446004,-0.0181400404794246,0.4862856386767057,-1.1505668235212656,1.892055079008643,0.57010580604925
TCGA-AP-A0LG,-0.6142115025248269,0.6096846773507416,0.7632381635212939,-0.0786709246181882,0.5926579693800175,1.2747123007091374,-0.5309109574586585,0.4581338564945977,0.9014590962153316,-0.5194200544203634,0.2732927712254043,0.8511180017058918,1.3659608273981734,1.0197078980286394,1.2652987869910264,-0.5449662607338939,0.5393698094277064,0.3718387031792184,-0.2952642130037609,-0.2086407502697295,-0.7701984001014417,-0.6777717469679332,-0.3321244432878984,-0.1745452334965599,0.8308348405670756,0.8801998196414645,0.8168530227607834,0.4282128993827411,-0.6755372280678955,0.4399530459599209,0.3160916764779386,0.4947323367890749,0.0178496887089795,-0.0125183694113035,0.4866426166240769,0.565268178242396,0.2439482017903548,0.3906897714193411,1.1893390798609254,0.0922114781607179
TCGA-B5-A5OE,-0.534252599011002,-1.402114974405641,-0.4334905992445466,0.228915751316505,0.1547062321648848,0.9892414945371256,0.4776320761740525,0.916748192903767,0.8150586787961589,-0.786975367280044,-0.5366521752895392,0.5382901402055358,0.7424873483223285,0.7525135740091359,0.7173471185871226,-1.480612788381333,1.7092590331657758,-0.0295328164632365,0.0750320748426533,0.2531847557850275,-0.5757358754540494,-0.5901029989806632,1.7972076021011747,-0.411998261031536,0.0570670509129988,-0.0022666573524991,0.4354726531183202,0.8992879324931046,-0.30061032868445,0.310553625861567,1.0921096737729763,-0.5631097683739238,0.1488377758686707,-0.6729467945329072,0.513410647705054,0.6022934391532249,-0.8388972785490776,1.166227723907205,-0.8382050277090771,0.2824912436417041
TCGA-D1-A175,-1.107023655744361,1.498353654814406,-0.640905661495926,-0.6045284697085422,-0.9653121016318216,0.0799342415038937,-1.7223183717413395,0.0252613167994706,0.5385095761046247,-0.2252020459497611,-0.1828995077442372,-0.3285829515416933,0.7072735121208598,0.6846677227214444,0.130528801815239,-0.5304900323233412,-0.8677453230349771,-1.5836746128484704,-1.422479590929382,-1.5727488963052898,-1.5647369262001602,-1.481115666766171,-1.2845657944216833,-1.619614195625578,1.051327054104864,0.2150567282301953,0.3970833411300307,0.381851064791681,0.2619265425275395,0.4024641473326297,-1.726286933648685,0.6935868431279549,-0.5167305673485276,-0.8528646809070421,-1.4909545636485049,0.8780695356134268,0.0569696545505874,-1.5442088591625245,-0.2621540825202858,-0.4829261607269692
TCGA-PG-A915,-0.5679628470294348,-0.5869607568190713,-1.051258543750366,-0.3008891431706924,-1.366779372628944,0.0398315923791533,-1.296904734984599,0.578500128642995,0.9691741818942872,-1.16892051710583,-0.7078357225839403,-1.4177797587915353,-1.5317230993980084,0.9394629875271342,-0.6798036429786758,-0.1318626687736364,-1.2145976707294628,-1.2779803869000554,-0.925987144807316,-1.0731991006439423,0.7473776099024743,0.1106208287783974,0.4689404236823036,-1.0093848310080498,1.3122629629496867,-0.1815577766945028,0.9648104509525156,1.007422380807869,-1.418937792676454,-0.3970338990700223,-1.1404222916454383,-0.3533279104505182,-1.5210619153749283,-0.8651657995803549,-1.168920343118173,0.6409313914909571,-0.6744137941450378,-0.7563476409429012,-0.0417854719323697,-2.1302560220397178
TCGA-EC-A1QX,1.3267342282845749,0.2716559530255625,1.8665719479227945,1.3185823616624028,1.7224101331345392,1.3669945570835076,1.7427689404925102,-0.024433185457664,0.4587111611228209,1.1930426240860612,0.6075294819066982,1.3519331485682375,0.4997305438529202,0.6086354070577541,1.7288248631186691,-0.0417013045692642,1.959832300152428,1.460044321338969,1.8172407201622875,1.6982752169925632,1.0647973231848855,1.321317801309322,1.062481164732714,1.7671596066188116,0.8210770230515314,0.8104412623428673,0.0833336172716319,0.0179529158837281,1.2007770660691994,-0.3349510980526329,1.0642996610683635,0.621157036589381,0.8929340816832688,0.8055339609742194,1.2480203520409314,0.7069830079213597,0.2935241025212537,1.182037939604484,-0.1615432879964107,1.3585589072169135
TCGA-EY-A1GW,-1.0898758943250162,0.5050847395910916,-0.4434513578544704,-1.906038009034848,-1.6160100059502922,-0.6798745275366455,-0.84456959890902,0.3381761144904204,-1.207231514976281,-1.30313479649416,0.3221932926171846,0.5024950613609505,1.270542037965417,-1.2850182774811578,0.5587022322919887,-2.3714097664145988,0.1123559841934913,-1.4438238935407948,-1.7786532383504412,-0.9519186300459418,-0.0383575335020433,-0.471222414213512,0.3393627113538176,-1.508571813254837,-2.019369725564489,0.2681903057640998,-0.8133930175143779,-0.5882261920377043,-1.39030400736657,1.804305828649478,-1.1661572175096864,-0.6202363733669928,0.1938701977222488,-1.1993922674319455,-1.5279825021806055,0.0276976089162623,-0.4142349433159023,0.1090920783856586,-1.7037491357201078,-0.0869145616443436
TCGA-B5-A1MU,1.5721146942834083,-0.0192673538401742,0.8167937296286043,1.7486462125584206,1.8560174273215493,0.0795041047497625,1.7339926764626468,0.1163224988064678,0.5796880462708417,2.0618943945086707,-0.4016421579013832,-0.6663170756750758,-0.866509544661806,0.6403821046753129,0.2530106106294957,0.2146188708110404,1.8624392240472705,2.0904472227299555,2.406519241453781,2.536185825918588,1.824287740740892,2.01205728700923,0.4961939404832088,2.002571289415463,1.2172321700354851,0.4465893987642633,0.6838082802232516,0.8173687762908446,0.7094045190937305,-0.8716984321839363,0.4418687819271512,-0.8827408859462426,0.1093776163652475,1.3598222121176056,2.408830726520278,0.5203264793468879,1.016286910552037,0.7811975270576422,0.420240583668731,0.2378545688404867
TCGA-DI-A2QT,-0.4689978375261659,-1.785878854520681,-1.1240786912833116,-0.0838892638672557,-0.65785779789208,-0.3411580544453214,-0.0921751221053656,0.7671459471017528,0.5248008546240073,-0.9548213203388564,-1.1256842078334988,-0.1744140073026956,1.2606475909921029,0.468796338492665,0.6823448294200489,-1.0481598610502834,0.7792194268523757,-0.424928946557448,-0.094209011574706,-0.4833327305682845,1.2559060243365026,0.6799418296030963,1.9613941718405368,-0.3958546100071076,-0.2445433527137384,0.4910674848938141,0.8251799968665574,1.3398793286185846,-2.169630659274521,1.4396723214684448,-0.4800408102608434,-1.2088810333690416,0.3980058383083586,-0.4197433351097047,-0.7876379460615632,1.002433244790769,-0.6046388596322847,0.7128980854392926,-1.3770371967552155,1.4712962956754445
TCGA-AX-A1CI,-0.7506746610047815,0.1211879891567501,-0.7855433609398045,-1.3312143432520702,-0.7240591660560236,-0.931010731186171,-0.3325429866806887,-0.3630675494529266,-0.5507030948605393,-1.3708646108916422,-0.2587198861753039,0.08879270550449,0.6097314203099169,-0.5593942311764901,-0.1635003303054492,-0.5906738988292273,-0.7838723376957327,-1.0358371109027218,-0.7400802858568267,-0.7760532642965344,-0.939397744632949,-1.091555729610428,0.3918686831381475,-1.002218417737839,-0.8692876523476292,-0.5931190444307123,-0.7672215369703834,-0.4976922719634117,-0.5241488285047827,-0.0846486361728564,-0.5258128181825084,-0.4883379154157527,0.1375739082425499,-0.6274610446204019,-0.5701494012156505,-0.3862306245908865,-0.926621776755962,-1.4369944276294029,1.4739239110007285,0.5274047341921289
TCGA-B5-A11M,-0.5522288802663831,0.937441482730986,1.2305755220456815,1.045530189299609,-0.1529687635758768,-0.9703894180441114,-0.274621222993835,-1.461518851207154,-1.5040052416213792,1.369400428212411,0.9628893402767306,0.6759456628092004,-0.1473237397764666,-1.3275279475528472,-0.6650983468897276,2.288524700014576,-0.1009138178055291,0.1364927803461012,-0.9173902670881304,-0.5161966213822345,-0.9413968204607384,-0.8982834620873157,0.2729794822453115,0.5009833143595573,-0.144535937794259,-1.8674228305516,-1.5323640413879165,-1.4906640920709229,2.87511447499913,-1.487730991813976,-1.1933225022280014,-1.381249542117194,-1.018084196807325,0.9146398801021864,-0.9322019911863826,-1.038918182016382,1.942065334984611,-1.9425193403240648,1.304514008406536,0.12515153764285
TCGA-BS-A0TJ,-0.1539224909044496,1.1794504849510232,0.8180757805276323,1.0167568317661195,1.08078999498715,1.062440841495336,-0.5918246464958874,0.5363764402945715,0.8101914680175175,1.077016635015393,0.0610261567220669,0.8898533456634959,1.0600130733606572,1.0811138544406451,0.9329891500781696,1.4239720834160108,1.5840055442483492,0.0437569972771469,-0.2037566465652142,-0.1832895732787349,-1.4854986280051936,-1.003310424289538,1.2041392896443153,0.2601945745063989,1.203346960452153,1.0337174647717668,0.8854975319017219,0.1378383462569646,0.7184694511169389,1.261550192437858,0.8085095741955154,0.848106741311262,0.093805303780815,1.7982597088063137,0.7470087747120563,0.5379420512364754,0.3237730073311208,1.5617758125472525,0.56326513932323,-0.0942914675261862
TCGA-EO-A3KX,-0.6362578371941465,0.31714027330926,0.2587031341997847,-0.3458421285013325,0.2785819862964251,0.3364344392271399,-1.346270409427587,0.9465642247028644,0.7753008796423122,-0.1310030769205279,-0.4337591629754492,0.4434270933458585,0.6749950401566567,0.8052191638596068,0.8865861729077928,0.0945264781786607,0.9718629630254414,-0.8414337405788119,-0.8702086721200946,-0.8678514570814807,-1.2667603456836254,-1.1771605708770396,0.659214252590185,-0.6474236826841632,0.718617519060607,0.7696163509682777,0.7317892031178549,-0.1878269478026263,0.2722590222510234,0.4704320472313043,0.5179730343334902,1.3659372967732195,-0.4353876859327239,0.2281650148952219,0.0413291975798766,0.4087680199756826,0.0784843770577429,0.5360231622315333,0.3460370125782397,-0.9024011662727168
TCGA-PG-A914,0.4122504873231371,-1.2001115680483632,-1.1958394311224951,-0.3985407579302849,-0.6481925912877123,0.54744527678569,-0.2998490643200915,0.9202722016018782,0.2367685683260942,-0.946907317611038,-0.767828751917041,-1.2518397331415827,-0.5252790214147058,0.1282682389229973,-0.5851023682091306,-1.386570316503929,-0.3305133736628072,-0.2541433287197782,0.4106291641958995,0.1778087570884663,1.1469643782467638,0.926601405816054,0.4273631537997007,-0.726617730256344,-0.12258533747621,-0.0010382385029175,0.5872652210766274,1.0510300596401894,-0.1687380053555533,-0.4262240041798837,-0.3717384103779839,-0.4807438137745856,-1.027131737837063,-0.8789521742830227,0.1657733870250948,-0.5527771172881305,-0.7080810485603772,0.6869392525649088,-0.624477992999083,-1.5171454416298966
TCGA-BS-A0UJ,0.4640900036323145,-1.9336457114160284,-0.9560244760558548,-0.7569810399015111,-0.834558255119375,-2.174244541387939,-0.223114408121876,0.2525930466755557,-1.7925099504078048,-0.9965207685149506,-1.5680635964084428,-1.8909904355469225,-0.1636125292277353,-2.077482425350432,-1.46374317553309,-0.7389191428471337,-1.524270293063946,-0.573568535244825,0.2157175240462067,-0.3638111102467262,0.6801731837515339,0.5017462924343566,-0.6989239613961313,-0.1748773233819692,-2.2054468601596398,-1.690070146565264,-1.7357394838335574,-0.5516722856334606,-1.3515592765618416,-0.146549768885843,0.4348302508702229,-1.4720479263378297,0.5257854605247345,-0.8355132471718454,-0.5265653689248966,-1.461226744208136,-1.2179053080599649,-2.002618193784174,0.3542596013907877,0.5201515067922737
TCGA-D1-A17L,0.3821150336767021,-1.5403041793223224,-1.4216370499147228,-0.6578492849763001,-1.3612783058079758,-1.4625804864712897,0.2045349682572977,-0.4580143125604018,-2.089532682824594,-1.096650692272065,0.0354353305767468,0.2403840428006365,0.0828061847923346,-2.2465055252630317,-1.2044970387714045,-0.9387382461840056,-1.745038753747201,-0.7818639891001545,0.0181404410930229,-0.1254413344368034,-0.1965267313308172,-0.1206711718534409,-1.1162281333339594,-0.4895499239195066,-1.7702564433088464,-2.09916427124514,-1.935935374420372,-0.2996640907482901,-0.6685812274158146,0.0383022899573454,-0.1219946746738324,-1.5115911924259875,0.2676476671095554,-1.0647954375147344,-0.7642370637797147,-1.9083053792693256,-1.1315948074300872,-1.84994167243302,-0.5969599898568361,0.14627102481798
TCGA-B5-A11G,0.334383185023148,-1.0943537150999247,0.0390373202214275,-0.7935901602108943,-0.0129984602261535,-1.3118958410622388,-0.2867377045428419,0.3670738074721263,-0.4494787844365086,-0.880327538062522,0.3659405740405997,0.5658610130995134,0.1225651702915526,-0.4503714755269222,-0.7307535192780815,-1.1384911858204745,-0.848674084711213,-0.66620158503754,-0.2945991958984469,-0.805178287463403,1.3338797879669886,0.6346934731853282,0.5796394757358444,-1.6170749515374456,-0.891020022814748,-1.0045185162495562,-1.1130734472048156,-0.5736422265524104,-0.9278067623277118,-0.0459809648900419,-0.6481966883879338,-1.1388902544797423,-0.0522538131378958,-1.089932513091605,-1.2232742671040042,-0.9752104436124734,-1.4631205341850535,-0.230343259093332,-0.9129869216881136,1.1085038557881282
TCGA-AX-A05T,-0.4632589278725715,1.073998780354357,1.2563880755392032,-1.2732684220466453,0.055324333520702,-0.3326087741251229,-0.1369414021299169,-0.4529089415534708,0.0518294536565493,0.2592693367285987,0.7031842725792266,0.4197512695083016,0.9070449440232,-0.0170041460557265,0.0030533818903036,-0.3679405222978706,0.0724780378423098,0.3322779917837067,-0.2349726679478661,0.1199716593729716,-0.3467873788415025,-0.2202412302635396,-1.8223234224966571,0.4190533666855984,-0.3609856474821024,0.6687150637184467,0.580068982668722,-0.5413528389205683,-0.4476567311142808,0.1302326102125608,-0.3809467698533446,0.5582958201100165,-0.3819242499384076,-0.0152173078558791,-0.124212007907286,-0.2539756803943491,0.6716541322766164,-1.0060045639442037,1.134171153327152,0.5149831925374863
TCGA-EY-A1GI,0.2733938671712444,2.0795352421478497,0.8286837141243463,-0.99415908974823,-0.0486577915776174,1.2562372534512949,0.0441875359298854,-0.6287395912890272,0.939235335708782,0.4544953775799318,0.0931492406283071,-0.1939408299504864,0.227602181085752,1.0868574196419247,0.9099198239431724,0.0438064797457468,0.5772403706728857,0.0898837133128781,-0.104872664416067,0.5290351857977212,-0.88682432507167,-0.2847661667734957,-2.23164728533916,0.017524043546922,1.0781372665709512,1.588417557257202,1.0349660835212622,-0.0522878843412275,-0.0107712429449829,-0.3854470888001679,-1.2255216891983904,1.1365702856957638,-0.611344155916198,-0.0047878032285259,-0.2124512245813457,1.4027188378811333,1.0271480298134532,-1.9987775893572644,0.4312801823628668,-1.5589390854304104
TCGA-D1-A160,0.8499865780299517,-0.2758458290498197,0.2871551154899872,-0.2506173326758921,0.3753830661731434,0.0211669019977522,1.075703132568293,0.7018233398111184,0.2507272275972476,-0.2387840800618481,0.0632532675032721,0.6091493377760357,1.167836085608934,0.211956385725985,0.5462095065595086,-1.213079379690604,-0.0392930613979905,0.3775951131639546,0.7566144074632644,0.642521432313298,0.0714699204213173,0.2163876422150277,-0.7432408219865093,0.7150896462014594,-0.0733883911417411,0.4246318676843211,0.6634486382963952,0.6523701203638373,-0.8335766582864655,1.18909619539582,-0.2181166031557141,0.0613500906350259,1.207649117520104,-0.221907166983229,0.678287903182701,0.5478719820039072,-0.4741596112194859,0.8069245325661185,-0.742442668360557,0.5207615631461439
TCGA-A5-A0R7,0.9088533429819686,-0.1604805181791196,1.2939206212189678,0.9135572653300924,0.5656649324686062,0.4813584112277178,0.1325095157228798,-0.2456406941464582,-0.0516706176505697,1.5820727477330752,-0.1420352304576917,0.0100256666853359,-0.1749497481546731,-0.0260581288732469,-0.0445842640185755,0.3130386675098744,0.3408736067966376,1.3906769118957272,0.3160741056622782,0.7990726550384228,0.5032498866530078,0.4249666941018999,-0.4843654716513513,0.592570340985462,0.1522582152889677,0.0712308226635572,-0.2297762351177534,-0.0489810875159331,1.3122054401365404,-0.0609886731220486,-0.4106210862247514,0.592328352955943,-0.5438518772408389,0.8972560279757553,0.1889548237107899,-0.2042683824898296,0.747535676545611,0.3355133185950052,0.4220451061205035,-0.3688868566536875
TCGA-D1-A16X,1.0948401111463275,-0.522827572720528,0.5051898015194036,0.5864392001815095,-0.1536200358295339,0.7971620772406837,1.4009723829507008,-0.7325165579466737,-0.8594327636784779,0.1759410735702774,1.762845333816957,1.4264852806517736,0.5001202972046641,-0.7563565360197947,0.7715251315372287,0.8242325727463001,0.5867257614494797,1.031850027611278,1.2127213542082762,1.2859914185414618,1.103310849194846,1.3282984487596734,1.5652546388056114,0.5828006605376179,-0.4784963463737621,-0.3021722418153469,-1.6651907005175413,-0.1660947671246871,1.01320542636162,-1.503304447934316,0.5840713020121171,-0.0716988380725934,0.8248243465704039,-0.4444266509742369,0.5560085508993126,-0.415539119299946,-0.2841089755829978,0.2245236936367368,1.5835576834754712,1.3618659509613833
TCGA-A5-A0GJ,0.4449488794644307,-2.204517159888466,-0.7634465369850785,-0.2837694736472522,-0.5028390168544488,-0.8085697188043999,-0.2097358955437826,0.2446695231702033,-0.7840557987772795,0.0231336718061696,0.1023465182025223,-0.0579828215225913,-0.5766068961697725,-1.0255176567839048,-0.4065075845732692,-0.7761837781958234,-0.6978665540730152,0.4029511257589946,-0.1315340198606247,-0.3193528388366804,0.1430406958161481,-0.0693951112389331,-1.1133394257813942,-0.2143568581048943,-1.5250920898289604,-1.7969866417262896,-1.762186987263359,-0.3793501621062797,0.908731651278625,-0.0974398287134211,-0.7774465335572991,-1.877808397447662,-0.8525259108137524,-0.7429461356256087,-0.6666597492372904,-1.6991613438302058,-1.024760591920029,-0.3762243820071611,0.3500565496660517,-0.3598505183904118
TCGA-B5-A11Y,1.8305688368005568,1.1521335726883082,1.4371917946226942,0.3177211216370851,1.2994979397623727,-0.2920022665451358,2.204918102074024,-0.3926471381922558,-0.921562908913731,-0.216708549671371,1.1047981380975496,1.00531575032825,1.3594257180234233,-0.9993891412743044,1.1592984344670936,-0.270438673858293,0.5892400845639607,1.4565026656975786,2.2498010038625296,2.012702360667666,1.888751825183996,2.1906727604321383,0.4568502983905513,1.3266620796972628,-0.412838817148101,0.2604763061747502,-0.7894997611258456,-1.26219071386288,0.2880832283053909,0.3926996139000621,1.6193960807315708,1.518867505026209,1.0541631698126448,0.08084010028059,1.23310288011095,-0.0725713364445419,0.3818482546423759,0.7405001429203667,-1.0987234082889834,1.919931573826942
TCGA-AX-A3G7,0.5011969906311202,0.2753646926203993,-0.3888681255032302,-0.2696267897932254,0.7125730054921369,1.2628920915305462,0.7971589365251688,-0.251240796329632,0.049753602105032,-0.6517293456445906,0.605815775353623,0.5514710139435866,0.6649722089980921,0.0449867288317864,-0.5492018896432276,-0.0335632221844829,-0.54384698948579,0.2013408803768931,0.6080113518605775,0.341024884820355,1.9950222750390336,1.688971584215451,0.14743487444789,-0.0308225383558675,-0.367029702397449,0.729783794227169,0.060855599888779,0.040778516448058,-0.8642945775959812,0.6955096730021589,-0.0504738064905231,0.5476898829772434,0.5188767861755407,-0.4034201258024212,0.1565047228563292,0.3783199104739991,-0.2635396112622111,1.180922144519399,-1.2265971226033352,0.3826391331576142
TCGA-D1-A17T,0.0791357529408213,-0.5469837825137819,0.0568351211097833,-0.0351573021712354,0.0160397391191738,-0.6404603484021646,0.2428303736146531,0.2412318319120249,-0.5139458701932661,-0.3099648981062667,0.5340517515064154,0.8448050481198036,0.4489085013821634,-0.6077769005996579,0.2046440878380495,0.003082119867868,-0.1235171518824973,0.0306154899452581,0.3504851848668421,-0.0255476382847205,0.6042811574271626,0.3656494197245033,0.17503505546688,-0.0106750554751324,-0.6817061247554765,-0.4958322801122876,-0.3333314533142446,0.3533527186572133,0.0448818656833261,-0.0829917098846708,0.986970076083451,-0.4511305365763211,0.076722497473651,-0.2013699345900411,0.025603165869383,0.0345681958945088,-0.7579313605506365,0.0795538126110238,1.5696391753836048,0.6051443002360437
TCGA-EO-A3B1,1.0178209680379111,-0.7707973703805212,0.7687827453600998,1.2068266859505143,0.4398799343806311,-0.6507994275939675,0.5154043279069874,0.0084322953760909,0.8122344008952527,0.8831070413283085,-0.8490633159919841,-0.9529479125024628,-1.114153392781286,0.616882578888628,-0.2687656099598043,-0.9618666165506004,-0.8680295620447432,0.2230533318774961,1.07961578355138,1.0368999701826576,-0.0651074816917687,0.2956139104594529,-0.7470799953424524,0.5479256579010472,1.541486527373772,-0.2442685081221517,0.1220011783065011,-0.1376166110271897,-0.2048496601882378,-0.8211280151498012,-0.6318655095084931,-0.9132956843628552,-0.9925109738199568,0.209878341033755,0.2396580259273846,-0.0653917490693731,0.0356899838028563,0.6706981033017776,0.189412874724082,-0.9066223739596816
TCGA-EY-A2OQ,0.1619839598301765,-0.4170934576434716,0.6274689356052989,-0.4922531338090218,0.3567751822628856,-0.7680497376388586,-1.1668511532354349,-0.1766422405779428,0.7287762787947464,0.4443473363346855,-0.0936678495824427,-0.9486102503437858,-2.375317861834189,0.789979634113959,-0.3191439050667879,1.0744447160078767,0.1281363736810601,0.3120661810671308,-0.2138139076549431,0.0560351074447813,-0.6208517951762678,-0.4610794049629755,-0.3462029844854936,0.0383775039222519,1.2081210153590662,0.2617818815065474,0.4908831189844277,1.2216046758046308,0.1011532240002596,-1.6328108980509604,-0.3515844793573941,-0.1005197989438001,-0.9064758077787424,0.6888654306404617,0.1567933978970899,0.9933764192030752,0.3947007020045371,0.0107564936077269,0.759703557942885,-2.073096197567436
TCGA-BG-A0MU,0.268598023769246,1.1698731676985752,-0.5141038484123354,-0.3939171573776607,-0.6108406773198479,0.241550227828592,0.9388105066221702,-0.139843798840218,-0.818133200131624,-0.5188827325906068,0.66694302190978,1.0806392299977927,1.81994954861822,-0.801507890334134,0.7813341868740789,-1.1386990196204834,-0.266059096286117,0.3205669695170039,0.0559152494248388,0.0969691536076475,-0.2571541666362796,-0.0197757888737335,-0.7854600910017647,0.7137969988887132,-1.204015118452196,0.084667525316849,-0.423377109982566,-0.4247657467541542,-0.7430788147176788,0.8722440886168173,0.6673552681160909,-0.2185164942595748,0.6671842975127923,-1.0891487168451657,-0.0611502916404076,0.2594080853325305,-0.5678521279519467,-0.2942823670119026,1.9166546100104904,1.0719757393752565
TCGA-B5-A11O,0.4076644070535766,0.0866765187575437,1.3690167538148024,0.7797540690024077,1.3438026483943208,-0.7824914192068011,0.9708917489244924,0.1584337018334401,-0.2080159301126718,1.0003868690369395,1.0033724715984302,1.1935429095650931,0.502528015399267,-0.1911360767757804,0.4740278953634853,1.6193819290285183,0.1415858836455808,0.9069039788451724,0.888969477796531,0.8451754352884154,-0.1148485989431066,0.14998268451093,0.154845011028833,1.1430895334517166,0.0970507877661338,-0.0852737303468038,0.157139411961158,-0.5223768099521494,2.580147122262447,0.135748872274637,1.3612319027744946,0.47435921948736,0.6621506047249569,0.5684752794809483,0.5109482694405258,-0.5154247911076626,0.4840008288849124,-0.221765758952109,0.2832214662617679,0.5843424605952666
TCGA-EO-A22U,-0.4160125222336129,0.2937923254282965,-1.8228784524004755,-1.0246916281344596,-0.6692158004523091,-0.0971380250915769,-1.4829592088603047,0.784127728492406,1.2029661647111485,-1.2000985474037886,1.162239517833904,1.2621807146311113,0.3405117316726214,1.154091295880045,0.8231760594458563,-0.8438392991669688,-0.1617146044842183,-0.9545753865053485,-0.9503355445944842,-0.944054903467186,-1.960997768171561,-1.5374248687890757,-0.2857940660475419,-1.5261837333128128,0.4951457545715801,1.446315270119657,1.4515572675879154,0.9729315398677194,0.4627445082020612,0.7903035552433826,0.1606638305060939,1.212215981973258,0.0063353272702303,-0.8209029401585106,-1.095495051251332,2.475846505525638,-0.7071757235311386,0.6569532668671139,-0.1501932855496813,-0.109330913536196
TCGA-B5-A11U,0.2546734327735056,0.9079582710706516,2.2591110206246365,1.6937058653222743,1.5880833173970823,-0.1071938474611251,0.8117233681726832,0.0763238620306079,0.4081649193361897,2.484279283502321,-0.2858312183142897,-0.1674767714364696,-0.9098497018237324,0.4576276098169418,-0.0488251467047858,2.347656717875899,1.5931749511440825,1.2233165495832723,0.4189679127561165,0.8298320017003314,-0.5874772162327567,-0.0523886425783106,0.051873879517344,1.567674746280211,0.9571021027339528,0.4879676464714489,0.550106559752041,-0.4974800000306846,1.3688687151683887,-0.3751919227520662,0.2483742392888204,0.8561617742405023,-0.5891845587467387,2.1408030167306658,0.6901319231081549,0.7090473651134785,1.8518362572611908,1.015720481226052,1.9488589780867196,-0.5702800631514618
TCGA-QS-A5YQ,0.6060245604864091,-0.4970256860435473,0.154420175630365,-1.5028281125258185,-0.759355045878247,-1.0435010984315185,-0.0765125336110107,0.6608795002359714,-0.605688006584926,-0.9205665603993276,-0.1037281812075575,-0.4559624617673286,0.5212165645757033,-0.8620319454275349,-0.2704996904872535,-0.5306589443861099,-1.0196659691369712,-0.1281228809259491,0.2311289923736945,-0.1368136916993217,0.515569174411096,0.3462585841231674,-0.8795613064838308,-0.3360211254774652,-1.970901740579612,-0.4828547067368218,-0.1320350902713153,-0.3343329802918376,-0.5729584516712176,0.5803309926366895,-0.6178653063285643,-0.9610165151821616,0.5438822946407363,-1.2850085511463103,-0.9192294453081604,-0.3080809508513983,-1.3977718479931618,-1.037747670738369,0.1594507473908403,-0.2390099875663666
TCGA-EO-A2CH,-0.4425067104269063,-0.6775276988855098,-0.8654687716047678,-1.019172707781565,-1.1064234586099104,-0.339628212582178,-1.327575674125773,0.1384536081851861,0.635738629210482,-1.521773886188701,-0.0563098487023842,-0.068897212658256,0.25276321255434,0.6598381719426796,0.0818180386851236,0.1880482695714191,-0.3292913743339057,-1.576391838267071,-0.5981694318049486,-1.0280050671216512,0.3068828460586633,-0.0639591833954798,0.3802585311124108,-1.5271313318635344,0.4794642274696203,0.667515229563866,1.257193893369038,1.3234865163818788,-2.104166241217731,1.3139365099029248,-0.4564717296433913,-0.5085728643256591,1.0426889429865716,-0.5279367952727985,-0.7599851071914364,0.5833862702699487,-1.3416892352512952,0.4220500184759682,-1.1700678670554578,-0.9479105540476308
TCGA-D1-A17H,0.3392643962263474,0.992401150187296,0.9252594202180509,1.4873183173516928,0.8762794532531001,0.8080692674129211,0.5111616224398885,-0.5805617882857476,-1.1879476254636423,1.1093521350961824,1.2153495412824658,1.6877559611204904,1.7951983734359922,-1.028711064196825,0.7653877442444359,0.4263961857768387,0.2958889465538964,0.6480926514241916,0.5899427273814151,0.5187467672986253,0.9730840805980894,0.958681206713356,0.8918587127987755,0.7185801688922325,-1.2032809293844111,0.2127968191715293,-1.0577621680901492,-0.787866251422278,1.3671665603831906,1.2535158218469622,1.5186497539757435,-0.0645952065494705,0.7339108227178059,0.0633262656893691,0.1864625944759588,0.0006787712789162,0.6321423197291768,0.1569704250589626,-0.1570569800434469,1.2259785573707778
TCGA-K6-A3WQ,-0.6948952091349767,-0.7006780399905925,0.9552275803026478,0.0988173672994561,-0.3667231892480249,-0.0593213597874302,0.0304961856525658,0.2209576946229997,0.0746447610345081,0.4341757441708238,-0.9420881728196432,-0.7377079166045063,-1.3233770828079607,-0.0623027183437848,0.2577697115947211,-0.8704801353163512,0.4237538384706391,-0.7102904543057215,0.0469820704233485,-0.6005578976289638,1.1470690646443873,0.5775146033678431,0.9203893781751572,-0.3759061650920207,-0.7585841631577925,0.1484707503959323,0.2225703333213861,-0.1521929327709756,-0.0836758529781358,-0.518481228944716,-0.7577534880712681,-1.339418625546904,-1.43900705402096,-0.2033357012020382,-0.4777972048416597,0.8427649290065536,0.0324921067468087,0.0205892496418576,-0.4403459186254798,-0.3305616916434899
TCGA-AP-A0LM,1.8012382083413845,0.0842317903482381,1.591943812250871,1.7582317936543992,2.0813225556877453,-0.548569694293601,1.4739765487578558,-0.2314038234845765,-0.5541428089456674,1.9323429475236615,0.4961021624008241,0.6621686161410824,-0.6770980194957981,-0.4715747433093326,-0.7333927191870785,-0.2113074178954184,1.239029240310412,2.4649071442680026,1.4623958747496442,1.2181229595138576,-0.0749649475561753,0.5328800211901001,-0.7141713342544935,1.4052211626714504,-0.2924102671048553,-0.2976625852341756,-0.571403504412811,-0.9211639110489014,1.3501317321566364,0.1664689525690567,1.3711073752445784,1.9376552362724324,0.7664396629833673,1.8492012176237536,1.6866728975662868,-0.3951265681949701,1.3344310698549504,0.7220889964588353,-0.1719556815652277,0.8670187231951457
TCGA-AX-A2IO,-0.2803202045462208,-0.3818775507713555,1.0684725516818387,1.6483469946125322,0.5805192167473363,0.5222695153621474,-0.0686259017009785,0.2472989688029686,0.5252459295281464,0.862396711820057,0.4741781772303736,0.6479314398330431,-0.8499645046125175,0.4990579903089005,-0.6005933260848766,0.822981715832489,0.394272418370987,0.3406256184422558,-0.2408899892670891,-0.2048601776900459,-0.1151838284288272,-0.0682568851595429,2.311730087035624,0.0460904852090372,0.3713731747095823,-0.3617925864204455,0.474666512908861,-0.0068734070297495,0.3806488350624412,0.4046611476867287,-0.5107624729813264,0.1430669359899982,-0.0757155753088468,0.7453960951844844,0.4319299914656386,-0.5680854737163057,0.8373186656756819,1.6937193844950191,-0.3767340157338598,-0.4041310930169603
TCGA-B5-A11J,0.1206755403739898,0.9616543223717748,-0.215681877990656,-0.0100158818661888,-0.0726680266716903,0.3948359360050124,0.3968434394909435,-0.0536052835997928,0.0267767776511572,-0.2929215125013153,1.4005771181804425,1.3410786011089804,1.1314981285933927,0.0740037446707363,1.5505476564451537,0.5319171707214517,-0.2128440248092417,-0.1702963872734047,-0.1933040770687625,0.592789945428773,1.0895128517771004,0.8045038417470565,-0.6848177293532173,-0.1661967850133504,0.5903243721755695,0.9094262350338852,0.6152907076340202,0.4932828052057029,0.1999537707405107,1.1511162872006566,0.0904802880380678,1.1632256636634026,0.5569182040148652,-0.01346813087989,-0.1652220163199727,0.5852733539458157,0.3061058932158645,-0.0383716884397364,-0.5187685532798649,0.2537792909251405
TCGA-AX-A0IZ,1.5079602563200365,-0.277534873423059,0.9806079579377724,1.0949788738815205,2.2184968808537424,0.2547237206689849,1.3850002989136887,0.190872678150712,0.1141145938071321,1.2429845731329454,-0.3780610229465667,0.7568441893883361,-0.6327731239175338,-0.039550636633842,-0.3623195358883901,-0.528839200004224,-0.1789685203067075,1.355373573425401,0.937481296702638,0.9802221075810544,1.4351310910511352,1.6688157554676444,0.2697637787490175,1.169176799370299,-0.1911641799106386,0.0605251935949921,-0.05495833479783,-0.4963131619029331,0.3289160045784417,0.0683485852972703,1.13034647867322,1.1057916352411372,-0.0856832890203834,1.467569766409207,0.9194465093505004,-0.3251441461915871,0.4166378772107688,-0.1022028891359251,1.5525527640844088,-0.1380488145318903
TCGA-EO-A3AZ,2.484424133243612,-2.621414905937289,-0.6469647944401427,1.486674263510997,0.4917117862710349,-0.7431300766808682,1.5567130739050157,0.7585149775795605,-0.1521038629056796,0.5136888480210107,-1.1151396039602688,-0.3395554531125764,-1.0315720227169434,-0.5699248580308707,-0.296154504967403,-1.5844561170559306,0.6163043862214934,1.782172454083308,1.5736272366968913,1.497861528532339,0.9682704430441644,1.2003820670731074,-0.2896351011797001,1.105226354406209,-2.08271000757307,-0.5224296665524054,-0.49652641593287,1.2319392137750826,-0.699171262799506,0.8201762863958929,0.6787761974758434,-0.7680713107600942,1.473241830853542,-0.7533768888357494,0.5172404990076445,-1.2662933779152463,-1.617529163537244,0.250506000112237,-1.3673929254161543,-0.4060845625769719
TCGA-A5-A0VQ,0.1973623565408517,-0.1019729382536263,0.8195679676754738,0.5655906665060466,1.0838753252952338,-0.0251464507258273,0.5894610357958361,-0.0567548010930459,-1.0472927253302111,0.250021593286393,-0.0302401437334274,0.2209996364615745,0.218257442524838,-1.1590196707938631,0.4531221020524908,0.0530703863771764,0.9060598113455056,0.7430052013717894,0.4689826490303075,0.5487360320279099,-0.3266990215821194,-0.1410876519612773,-0.2037575167106941,0.6135691910629266,-1.0456400178581402,-0.523681740500358,-0.8486752298383403,-0.6383403723790386,0.7065919299799117,-0.4014677582159502,1.633345396594558,0.2864608942184131,-0.087830810298329,0.7819023515441135,1.6337008588914017,-0.1105075082802975,-0.0436702566117322,0.1717239996205372,1.255223885726152,0.4900457569908392
TCGA-BS-A0V8,0.4684312177558765,-0.2290167148269953,-0.018851306993688,0.2520003370457965,0.7186269209547397,-0.7351940077814859,0.2395366924899327,-0.402988935449424,0.1217868541554079,0.3797111889159807,-0.2916567698427003,0.1839981345915815,-0.8616383008122162,0.3707630598825191,-1.0178998989522587,-0.6022742975623966,0.0428772905359227,0.455803849357587,-0.0579930894975368,-0.0716694797394584,-0.6796981569497176,-0.4458508385525711,-0.3130578707978065,0.6150728428492346,0.3087042761624501,-0.7922986609455275,-0.4751040497973778,-0.0861201028110993,0.467204978948104,-0.4186272076871552,-0.2436917548713121,-0.4337708785905082,-1.3956746202110744,1.010808568902382,1.0611022247107211,-0.6718454662515101,0.6275255245346756,-0.2164546181518889,-0.3797736992863993,-0.0614595006637609
TCGA-AJ-A8CW,0.4436267718593017,0.8342940443453616,0.39675358498011,-0.5976579524233275,0.1909377338105057,-0.2729177371393282,-0.1828452047757844,0.7197183770001565,0.6185681344509874,-0.4225694160989842,-0.0680295068679181,-0.3715961206385962,0.3307050473697142,0.69127669977141,-0.3592289170485557,-0.0977395073980528,-1.8355099176188792,-0.2769111057678611,-0.075503360229406,0.0632677906477157,0.0624847851664986,0.0184173774300788,-0.8179715633974378,-0.228089625275719,0.5208718193781425,-0.0549423112872494,1.2606346405970752,1.1421714079741634,-0.5110213450090103,0.0161484572088506,-0.2823485871020501,-0.2272503306509394,-0.8084032551690407,-0.5884449749488408,-0.5027120233007504,0.488170478308501,-0.5484192569853633,-0.3357586986232871,1.225740308084448,-0.3845270898426545
TCGA-DI-A1C3,0.9959196826310632,-0.472630766078655,0.8444768180669385,0.4890377903971571,0.6453979272868604,-1.6213724146444446,0.831410004958824,-0.676335349756163,-1.2742685873927928,1.528397533376702,0.1839677572623074,-0.0157452560433121,-0.9026834188645791,-1.3216931691900216,-1.6385037003651943,1.0184083583023484,0.002788153630865,0.991274108039939,0.4956573159262339,0.3273822396791132,-0.1913734375174391,-0.0248750313068987,0.2558406014574828,1.1325762823207073,-1.4183105535150704,-1.8547368422972264,-1.5558119454893211,-0.9409352188524172,0.9472421386765728,-0.7333333979608099,-0.0223628519106685,-0.834058240534676,-0.282892751718289,0.907340496506265,0.393328775961871,-1.6623742243665014,0.8329963047478398,-0.5888468250935712,1.765223133331666,-0.3292203605801253
TCGA-D1-A0ZZ,-1.6518037673004489,-1.8504800162538195,-0.913061376459786,-0.4623445550507908,-2.5863281028345964,-1.2410870268182457,-1.6438915567876198,0.198725101822694,0.2639050144953609,-1.3413857212731826,-1.0195778608276187,-0.8846240519966698,-1.0363806156664364,0.3149747088050779,-0.5567852436363322,0.6722312808295825,-1.7895109353422445,-1.678933694021955,-1.644984607635552,-1.2578290228950202,-1.2348860712946823,-1.5455823448140793,0.9774326694371508,-0.7169048121890221,0.3677797797051318,-1.007317534128897,0.0900493547401825,1.0801893625388033,1.476403457711731,-0.0074991770591629,-1.043220189034624,0.1089062809533377,-1.7674405925527343,-0.0273346900302319,-1.344931787594923,-0.3725013518325706,-0.7131161810814679,-1.2290132290146012,-0.3559563583148274,-0.8119390268860204
TCGA-BG-A0M9,-1.0290087709772977,0.3570309320979079,-0.2039211427864359,-0.379286795618803,-0.2623058754268673,0.1856520899767332,-0.4775948784654767,-0.1361478631157743,-0.8841646450348697,-0.0099906617756042,0.436335376563686,0.4696278386550575,0.6536040270576666,-1.0657313603749288,0.6734515293388992,0.5381551953581081,0.2905329555210482,-0.865014961015842,-0.7456703166970619,-0.5638702820575643,-0.9165492157878362,-0.9390489333811374,-0.8245360550295759,-0.9188758899383358,-1.1836389732773949,-0.085292699934573,-0.3358545264449213,-0.0884182846680684,-0.4434953373813579,1.0957713214140876,0.1120656236582251,-0.5811622442808089,0.8065413225110285,-0.5840958394136179,-0.6117521500976525,0.0515358110624441,-0.3653642409893915,-0.6877932126463404,-0.0860365806770035,0.9994507618889948
TCGA-FI-A2D2,-0.1805048233896136,0.7145165898187111,1.044966542126112,1.1198679658852326,0.943525788496636,0.9269205781484556,0.1679159359397203,-1.506888980083792,-0.3652159620361501,0.4819241802787641,0.8485079136035608,0.3200640418619326,-0.6494655617212013,-0.0592110479761218,0.6225177779994902,1.4321599744767013,1.0886819167139672,0.0523687591418615,0.1768143876465281,0.2591140105136993,0.3431811810107661,0.2483549188871404,1.1609260216557773,0.5590070586808428,0.938794269505138,0.4859303809270255,-0.6207717998325748,-0.4873888039202104,0.1495989118267213,-1.2334937876445609,0.4120311854351511,0.5673413483919505,-0.76172317057468,0.9701785110226124,0.2787610879403964,0.1421178278529643,0.6826085159013304,0.5511547282197239,-0.0225628252082209,-0.6887934996444036
TCGA-QS-A8F1,-1.2652087542666284,-2.412183737971697,-1.0863386232864936,0.1506262033220639,-1.8531791022243616,-0.5512290521453521,-1.209378008634674,0.0787832005621134,-0.5475443280097838,-0.2552106596113531,-0.7107931555366266,-0.0530764702421475,-1.5840333031492972,-0.7211133375067555,-1.223706949804521,-0.401533467335324,-0.5751207713122064,-0.6209642646013216,-1.0931246873533702,-1.4002831938144706,-1.5537453356934994,-1.8551003368564771,1.35660037259175,-0.5762661555648377,-2.302661469251744,-1.9316705371460152,-1.301022624943699,-0.106361158837012,-0.2000214131987915,0.2171018897658738,-1.904894382288234,-3.1061641270455302,-0.9698826280475058,-0.5340419153685715,-1.4036635956365706,-2.0671622041803754,-1.2061234868337516,-0.0475840876875825,-1.1890889442025463,-0.9821074428676908
TCGA-AJ-A3BI,0.8241987770680367,-1.653778091567513,-0.8625394281869565,-1.276462183940586,-0.6197920627722276,0.1163916685728815,-0.263635533669716,1.1091221737832797,0.4441069136671645,-1.1986484369978514,-0.7269881432817152,-0.406174359941003,0.4795880792954101,0.2206312680738813,-0.3894944565081629,-1.514739483919735,-1.083849120558455,0.008073444982512,-0.3858209801410114,-0.3966833989414678,0.5158200678771317,0.1921876715143723,0.0880819344352107,-1.3022189980555847,-1.9195523423397252,-0.0630583426197849,0.0698262042979552,0.8680801423808826,-0.9740203671338548,1.3519731583624923,-1.604575727095808,-0.0656763988058025,0.8080620677044408,-2.4685838180482484,-1.5463113466979743,-0.3926187857431427,-2.3405924774617266,-0.4372781199304321,-1.5296853764814975,0.2825364182762429
TCGA-FI-A2D4,-0.79728740586652,0.3922999118045669,-0.2061171113831056,-0.7465894264982941,0.1480641669085273,0.6800261437810198,-1.032883409361189,1.6816212184870554,1.1681671846121169,0.3015135299244529,0.0508790343075155,0.3136410296111874,0.8967103308944702,1.0134252273133142,1.6675574604793009,0.5015669415436278,0.5131071575936885,-0.7251680177508845,-1.2550682480706228,-0.8156839410680518,-1.9003500727089249,-1.7650833590384394,-1.305716632888282,-1.0648381914828398,0.1849675004356042,1.5816034411329067,1.883173707601301,2.353758625277005,0.4188108067492374,1.7237257839680282,0.9733202846057476,-0.8887677519231232,1.0115455609739312,-0.7507730540284778,-0.403808031478834,1.0648753345726671,-0.3373976171833513,0.8524133395796278,1.2353563467796695,0.1469535865754218
TCGA-D1-A17K,-0.4727500961499818,-0.2068080832314633,-0.8119744553450191,-1.202083796101458,-0.8574294627857075,0.1928037252140029,-0.0997687495086547,0.5724810378109046,0.7493521486059371,-1.3577881980995528,0.7997725221360664,1.3089237813237349,1.396745525040456,0.759424573966883,1.3411283923842243,-0.0848772122737393,-0.0123118598201069,-0.953578589489786,-0.0850113644538061,-0.6909008309246647,0.951063445960596,0.4397517867005392,0.3663400701681768,-1.0427449606404908,0.2294733902618758,1.0035780689597529,1.0031699268481602,1.663188340121494,-1.3458252491497296,1.7953799373404602,0.038475156244717,-0.7175021398816851,1.4087214270433637,-1.721629545698948,-0.6095204632721618,0.6107182829688608,-1.2680565444025975,1.1931383250484353,-1.066191765576619,0.3823125172960361
TCGA-EO-A3B0,0.189510812325324,0.4901441431903258,-0.3770759213136306,-0.4141504911442552,0.0132489599804409,1.558673788766544,-0.4634113358879142,1.7375145401328569,1.6210810218079466,0.1563805945179284,-0.2085311407696574,0.0977042210474852,1.648849794390551,1.6343043643730402,0.2519365080849889,0.0740737822477666,-1.732858088410134,-0.8331729315937468,-0.8315527390129999,-0.8414755255774338,-0.7723039769279687,-0.6440593516424864,0.7492603071302398,-1.1627347055011374,1.0015935115293106,1.5459018989316038,1.4202781020783088,1.428449278923655,-0.7618630650229459,0.5947685235738114,-0.4235933826304969,1.297877189982135,-0.4760757954966372,-1.0454780102291104,-1.8645705594349324,0.8381545758389385,-0.6748412876702138,-0.3845417782312563,0.4177658670568793,-0.5454478688597808
TCGA-BG-A0VV,-0.2077333273758053,0.0583372898401272,-0.1989039136188174,-0.7758876710677771,-0.4425290429923161,-0.5990805658883152,0.3303624510581521,-0.2521046457596774,-0.3415575230119718,-0.2107231500083991,0.8090689793801179,0.8746886454136931,0.5685438280912024,-0.3524764611157027,0.2114912085208175,0.3518846516815106,-0.4197469608782044,-0.370973761746199,-0.3557401016038231,-0.2316547652151663,-0.209402177899552,-0.189849557306439,-1.3846972015375003,0.0168660350170608,-0.6312326017721058,-0.3668877830835762,-0.0657081061899103,-0.1794404759008227,0.2794144069001072,0.3852292931213629,-0.7353681246545797,-1.019457786551157,0.7533910755776603,0.0530287620322091,-0.4152208034381071,-3.876619171042529e-06,-0.1177443377956338,-0.5254745185841643,-0.4090940359594665,0.6214837661893449
TCGA-AP-A0LV,-0.1328861351980684,0.1242067852655777,0.4660444561704036,0.4899580476360419,0.4061490248913605,-0.1957039536975197,0.0411941707269501,0.8411903273645313,0.1693599879528711,1.275401662114761,0.6661114985737301,0.5141669662793883,0.662226679124916,0.1221208277257759,0.2081346038396271,0.9423723953689964,-0.1909243877064527,-0.0659648670066289,-0.4210057073562362,-0.2040162589946187,-0.5315221835194316,-0.4228705197111267,-0.4923985333375255,0.431338467665978,-0.0048002643870015,0.1601792204104391,0.7029241526281813,0.1511649052266806,0.7393094987319411,0.4312841211939431,0.490915981305582,-0.2209354244187288,-0.0414862327889358,0.7077569003147544,-0.20669638794737,0.5396302457683458,0.5781071222351021,0.0860664386087139,1.9379016401468323,0.252196910034086
TCGA-A5-A0GA,-0.0338153048058423,-0.3459317719900168,1.0000981239419502,-0.2035365550915224,0.3672662264272936,1.2682633211334131,0.0170861154236767,1.2797279233992689,0.95977073287688,0.2443741747808205,-0.3759133816634939,0.8258488280912692,-0.2428674587258649,1.0213176013587475,0.2766456811524044,-1.0601519105562944,-0.3303881818916073,0.0691338758831898,0.0748327534327104,0.4081388977013063,0.1915279646869439,0.3728038419367822,-1.1352204641535673,0.2839361085362541,0.7044626823649989,1.1845791073478535,1.2911486772658871,1.4076306118525663,-0.6022789594164527,0.5628439803677611,1.285625579482252,0.5451736265012606,0.5605465823047269,0.1866944847261195,0.5153806294165921,1.1704051029917333,-0.7290804946788463,0.8362783191810697,-0.5561276600789411,-0.4965266619208451
TCGA-FI-A2F8,-0.0210959822712713,0.1615435122430076,0.5721643402958321,1.2039211217368553,0.8220466769793828,1.854907810715392,0.5276302843115557,0.0655177931938387,0.5654678194064954,0.7194449563096407,0.5604345443395674,0.6081436896464485,-0.1781319290979443,0.650953118218359,0.366187117055346,0.3452094059347332,1.161410289563089,0.9990624662151796,0.8127823629433114,0.4860884163469426,1.4869071534681044,1.0505781003354022,1.3342284321286213,0.5679497265576943,1.115327398169357,0.3340233277635767,0.0500691928633044,0.1957307232067501,1.04045399623163,-0.366786658736133,0.4201334383385908,0.3442594742700681,0.0814780379839699,0.9289191500763984,1.0181486139472566,-0.2936160325512211,0.6953488827008095,1.4678779830752888,0.491550400157586,-0.1006400343774344
TCGA-BG-A0MO,0.6898914306175237,0.8123260108068343,-1.1260229597740676,-1.2568386384723258,-1.125188075421045,0.3655242509370786,0.6767602761605427,-0.1679097324622538,-1.3462736279779537,-1.0144735891002623,0.2795424946057373,0.3006548501168907,1.965558365242316,-1.325512434535524,1.397863508753119,-1.7018963588285678,-0.083585937534207,0.3327554031066814,0.5175266209589766,0.7791858773074349,0.5661299628604605,0.7524355610318108,-1.362156147078957,0.5486370791513507,-1.7767750412021583,0.4114632148446048,-0.3559345787653706,-0.5292514519431893,-0.7835013414231211,1.3632973037026412,-0.3002363519329522,0.1554247594864893,1.4336606236884772,-0.6789687166117503,-0.2633539183363459,0.4641927942798971,-0.6416400841770066,0.1394951704802756,0.8423856303252681,0.250570627952048
TCGA-EY-A54A,0.8871402087074322,0.4851936715284265,1.1647699448598707,0.8550459926004923,1.6322546764959776,0.7316643685790527,1.423110365020243,-0.3123457299430437,0.9612831677487867,0.7845436693998468,-0.6517763704258174,-0.7489681148866146,0.3437246396472578,1.0940015432768193,0.0223160134772051,0.1378439017031876,0.5864345243119312,0.8689202961788577,0.893801465770401,1.104019371513365,0.5153864311464263,0.7203190808281876,0.3101524481809602,1.9055344786760864,1.5258652982833354,0.6520570256748828,0.7229579291554107,-0.6199311145220047,-0.1277716924425353,-0.2172229073952977,-0.4837400069281096,1.3002577763430505,-0.3532262752607505,0.937281565690154,1.3757981433173605,0.2158339360892002,0.5436545682620927,1.2974822390403529,-0.8987220380274697,-0.2713073227580851
TCGA-BG-A0VX,1.0389598962647366,0.8548520156738495,1.6149179549762371,0.3803189807140618,1.2496355416973288,1.0277524532213724,1.1115318596082366,-0.1233250899510211,-0.2013380113146874,0.9486570000434988,0.8121947137734774,0.6668236149842814,0.9560418771569128,-0.1683097935696853,0.3960507914534127,1.5773647402466533,0.5024320290111295,1.2716509839951642,1.087540758901349,0.9036746150108398,0.4059185566357281,0.8298353673841434,-0.5830835322250688,1.6781668397067886,-0.0251601248281846,0.7613612069277682,0.4415281201283615,0.0302732949762579,1.61021673238754,0.1023429821778066,1.239022410468446,1.030216086203306,0.9662663230502954,0.9097020835976908,0.8319069150234625,0.616217556474266,0.7206914368242515,0.4511685336151237,2.6005465247136006,0.5942305735207386
TCGA-A5-A2K2,-0.4621128095720426,-0.7193390632782369,-1.11320055040362,-0.6614605614946532,-1.0278299508853326,1.1673138107038774,-0.5147073672043282,0.0453220656743394,0.864816341270688,-1.287502954351113,-0.9524059056981636,-0.9889178607049652,-0.0612138959197357,1.0401420040499498,0.4789841811429681,-1.276033489177688,0.5332522369570586,-0.038663010493443,-0.233411612204111,0.0009875196765339,0.8255394568630496,0.59700884458015,-0.4774871865174636,-0.5056038263986616,1.1727790800711613,0.3494712281270643,0.6388132961013853,1.3096972761594703,-2.1623612972617923,-0.4903804699718131,-0.223977135213977,-0.2862803366685749,0.1817793889923359,-0.4706382210473987,0.2880005707357611,0.315556219547736,-0.1761282405106311,0.1642712637366285,-1.363365064951387,-0.228181686214055
TCGA-BS-A0TC,-0.3082879426780096,-0.1227047156582948,-0.6352568617963203,-1.2870923168433055,-0.1202383373894181,0.4556177414627915,0.4056282943168492,-0.0691887379383484,-1.0224040164226689,-0.7546215899115258,0.9049629221307058,0.1595885023481232,0.8106388790145401,-1.2273699393128104,1.4592304144517787,-0.3908272720049948,0.2665369171405037,-0.4346700768672,0.5205994926339211,0.1942024337115082,-0.0847700423704028,-0.1088775482649702,-0.5864513907113242,-0.6536563553084024,-1.890511564159167,0.1999104351098696,-0.5775807757625007,-0.1801113985595456,0.6329311550346165,0.8706543315311915,0.7137550860861985,-0.991950084364674,0.8295620488518565,-0.7078680189135659,0.3658198618269592,0.2659098451459626,-0.6765683268526893,-0.4032077991111633,-0.5712192530080566,0.9183629101896322
TCGA-D1-A3DH,-1.1886811525216894,-1.368983600621788,-0.4883496361053051,-0.4992973692646756,-0.9356725174082252,0.3055406548781008,-1.068300895711183,0.3212908478438719,0.8771010547426031,0.0118254430059731,-1.7865747401815624,-1.198868926519633,-0.404093484302357,0.4520376982568154,0.8355769312726476,-1.0212318998601042,0.400741082192026,-1.2401185408402586,-0.7045150274003799,-1.1020483956194345,0.0737902703512946,-0.4021324733672582,0.7206497291030559,-1.1417631436481788,0.4636865187358641,0.3627521911699994,0.6093369775595168,0.6648751551100414,-2.1690823926174514,-0.4848447097858314,-1.55239445944975,-0.9977113445208134,-0.4009373747564874,0.1657258096634976,-0.4000669804549195,0.3750400449269405,-0.6653826226309867,1.063955173742285,-0.4774896426489098,-0.428914995319068
TCGA-AX-A05W,0.7572241785649315,-1.0752275657128472,-0.0937611002735594,-0.6694406528498502,0.7215569929105728,-1.404019815163969,1.1249550342732644,0.245481212072975,-0.1399394205131669,-0.8841293877852529,0.3347684321134751,0.6944653626431477,0.1495430496950399,-0.2910024520050933,0.5062260757593281,-0.2812021665633848,-0.0620196051982675,0.2908498890758637,0.4331826089695899,0.4657226628936262,0.8104788293815476,0.7117126622726838,-0.062983071642166,0.4312379140556049,-1.0149662058065776,0.570525423972293,-0.2149400649801892,0.3283152057475619,0.1238208525678497,0.5287573304082125,1.5147732170258676,-0.409884220938632,2.4426281335868807,-0.9369265723734036,0.5642019743849098,-0.2197310186653755,-1.1200164518877938,-0.0960508579865189,-0.7518285210729564,2.063109639206968
TCGA-AJ-A2QL,0.5691850064129701,1.174831999453167,-0.2459171736447394,-1.7053144557950473,0.4764342921020626,-1.3638528520887014,0.0852446692304919,-0.5328944708416015,-0.0191749396145295,-0.7262195958507552,1.2320385403765357,0.7359428701764068,0.2005621550763074,0.0517676587895193,-0.13247454938103,1.103173170112152,-0.1630767451865369,0.5389984872079666,0.3619486707580929,0.3361072643415179,-0.3436719275227701,0.0548869645111186,-2.0585482021400106,0.0853995584337303,0.0076858426305139,0.2760213608936073,0.1141078978885213,-0.68036465960413,-0.0999463940314174,0.5115955273499609,-0.1649281971030359,0.3306810819868674,0.7150444961399627,0.3690492302217095,-0.2445651693619499,0.0962025029904053,0.1181570931442366,-0.4201821279979706,-0.2453339429241221,0.3197417381806796
TCGA-BG-A0M0,-1.835469138938194,-0.0597910721158152,-0.3885989671076991,-1.0405270639598845,-0.8710417960267315,-1.1388245114602236,-1.6927734837749524,0.3834251464927465,-0.1236881105698132,-1.0387953421582894,0.3273032284463392,0.4712306668536428,1.335551804690273,-0.1567609118702374,0.527429792327432,0.1273357487774163,0.0476383765291947,-1.7242693269060008,-1.7193910212901773,-1.974589956503852,-0.9839442624986834,-1.445629980909286,-0.5540990016967929,-2.0571877185847884,-0.6218893810932082,-0.3252411901657336,0.1338880952471496,0.1585441235652777,-0.969667153283809,1.05718199967267,-0.1527890960441504,-1.5510301421241228,-0.0019049168774178,-0.5803620918034107,-1.2749430054533852,0.4845598376908914,-1.1702632636984216,0.2240298580163602,-0.6388088907483472,0.2473352182671773
TCGA-A5-A3LP,0.3517248010622487,0.4510641251812657,0.1089008051353409,0.7103833035666123,0.4392749596330847,1.1674188463361388,1.0055927276485637,-1.2447479903540777,0.101094444326705,0.1594246788257836,0.8239452800029659,1.1542451915603151,0.1339814811668788,0.2607026031480972,1.540727936694667,-0.3354319902270289,2.269821203688212,0.2261321091644037,1.2188901643311134,0.998043764474088,-0.1031592126232305,0.3141676252698044,1.574192097104343,0.6681174837176991,-0.011864515232043,1.4041383228407451,-0.0262441158456268,-0.4167163532193769,0.4970384865058045,-0.4341453758070105,0.7261300395863263,0.4653271255610337,0.8557712866862995,0.5164076997973309,1.0733816805406102,0.4187941163315477,0.5208307261026252,1.66800022699491,-0.5851845339201389,1.3577730836184332
TCGA-BG-A0MG,-0.0011204697951564,0.0714011965995076,0.1751651020479402,-0.3137593461780778,0.5885756248399465,0.1648017096853649,-0.1262025891421973,0.4147607410612769,0.7569197442245648,-0.8076763167825837,0.4310695038933188,0.7186936778005016,0.015880356029292,0.7430717396734449,1.1795754442089414,-0.007887783000175,1.518478750891124,0.1241842756281379,0.7517100449961638,0.8180923531678941,0.1358750720754811,0.3068150091555336,-0.6590879745354449,-0.0506662327049162,1.3296426787475,0.8862567749754529,0.7161433752655847,0.9295190780201767,-0.0656585543304766,0.292762108662813,1.264041053986668,0.5409094626717664,0.1234028345322828,-0.4098319125624434,1.4764448349419368,0.9000607019159736,-0.378877993369231,1.224570566242614,-0.274860767438777,0.5621037940318876
TCGA-A5-A0GN,1.0888031843437762,-0.376709256090484,0.8103547726821538,0.5506772283379232,1.2629208687505342,-0.4318710725227989,1.4942762176387625,-0.5231942562567105,-1.3266553845307765,0.5364180756894005,0.0166971792396721,0.256979534549193,-0.3781050711481128,-1.261531111428082,0.6582881524325053,1.077520626745314,1.8103391531597024,1.794347787752126,0.6981253320643945,1.1817536517052687,0.2333994488738759,0.5031486523384004,0.1115168226408787,1.820582436068568,-0.9860644730003478,-0.2885097805204991,-1.083052001016529,-0.6663327081345649,0.6248556703357137,-0.3683066933652372,1.374162368821659,0.6333613434808067,0.4165710489962255,1.2509358890425244,1.2273080742268936,-0.7461363814560171,0.5787810555412867,-0.3040058149866744,2.4556812778259887,0.1687906153300339
TCGA-B5-A3FA,0.0429683366614784,-0.4975685463494943,0.1518160280025986,0.085958302968422,0.5580570553845939,0.1718913676385589,0.2045551022401109,0.6918698574028589,0.067276412316804,-0.310101717384912,-0.4712780020973665,-0.0742358026420479,-0.5572277884397165,0.1479084034731509,0.6480603976840064,-0.4314770409394771,0.1976715238913206,0.151604464424513,0.5245623713025142,0.2364896379652009,1.4672248439069446,1.1055592844344737,0.058845822524732,0.0295875218450299,-0.5222231625026315,1.0745910387518118,0.4111003444923475,0.4606201474218381,-0.2783881603464399,0.5634888886027271,0.8915649909423904,1.3859882041929037,1.6288754901289928,0.54287732199804,0.2836976897243663,1.6187798402792262,-0.4553014796211643,1.252334114868464,-0.7154691473911658,0.6673986377490868
TCGA-AP-A0LO,-0.6121559643744482,0.3040984703408139,-1.1064840583792137,-1.6584530806580484,0.6014334223547013,0.3220943527664134,-0.5313934886979638,1.0659774108762947,0.2182201727663025,-0.3470841721920435,0.438666081587087,0.581362131979964,2.153346604203251,0.107896339667803,-0.2041725304689151,-0.6156242650829379,0.033258306086102,-0.3018564881524908,-0.4459676489380977,-0.363002738397745,-0.8987762472973119,-0.8321490175765379,-2.6297989509597257,-0.5316702172002113,-0.5967315625863572,0.6144755123674617,1.4974710165562284,1.956908558960962,-0.9852608673129,1.8510776595037888,1.055204607552715,-0.4600130131563104,0.5739110380872494,-0.6521450865970646,1.1356292271796231,1.714502221488722,-0.2071250029341742,0.921261456714798,0.0899961688261981,0.5735372449544562
TCGA-B5-A5OC,1.921215335370136,1.5642715850074844,1.5223780692662088,0.8877669649726668,1.8759544281655416,0.5932519007233236,2.564678261771211,-0.6678807720693597,-0.2126864873097202,1.384913359442503,0.2039900656850588,0.6622856797792017,0.7062120826932576,-0.1299126168264325,-0.4614728760224527,-0.1334647647526163,-0.0104747074344854,1.9949345870596944,1.8106445770289807,1.8683091471865831,2.0158856500392943,2.457606805230081,0.018807125779471,2.239173545368997,-0.1250559143662819,0.5833932019994044,-0.0274104017573857,-0.9775748045327112,-0.6650547096256181,-0.4799372255497838,0.263788229956637,1.61688396795623,0.4603856818304911,1.247142003389868,1.406064749480614,0.3571940832556051,0.8617148856411776,0.1725927364907589,0.08664518679909,1.621957722132938
TCGA-AP-A0LJ,0.2008952636789658,-0.82441066244012,-0.261856215882379,-0.5550784166358632,-0.0941213687009132,-0.2406522240908331,0.3310975638918945,-0.0154550387426473,-1.2583201158102852,0.0989542716277359,0.8003216050989225,0.5857166591560459,0.9285783842957916,-1.4278167474625505,0.3033840789228434,0.2743094210613416,-0.5299584230988724,0.2006410895330621,-0.1470635151940123,-0.2175972362489749,0.1370939743845307,0.1597850275349948,-0.960697812614093,0.032794564017771,-1.9345061272611104,-0.7728812251004566,-0.9622567505364812,-0.3483635369477666,0.2649049515980914,0.3907345610499559,1.1459251478267265,-0.7502604210543123,1.6414001008943016,-1.1728289307261552,0.0662759428713195,-0.4973971522562031,-0.7844202357666875,-0.3465459315048665,1.3605412362329177,1.1086023034524373
TCGA-B5-A0JR,0.4197594963886413,-0.4676219380022599,-0.4475663133967915,-0.8811109224402721,-0.7291934615278067,-0.0909846729679028,-0.4910676229635856,1.1449813445858152,0.9444901537553198,-0.12522099631186,-1.5080409043817224,-1.175966453899437,-0.2800077134487315,0.9747399945505384,0.0518794937447991,-1.7565277083443862,-1.280990377907118,-0.6790109863649609,-0.2698596788655387,-0.3612845040182008,-0.8665422220434142,-0.5869193950400738,-1.1750302862204216,-0.688979996705678,0.3987311196133997,0.5348323340750255,0.6681222681577351,0.5840494125311234,-1.0382997854599227,0.2576428319941478,-1.3660960087271636,0.6929466003405083,-0.3401584764443435,-0.6024861668024044,-0.9157010198500212,1.0432097862599892,-0.6238860684498365,-0.7249301384393613,-0.6322894971274147,-1.0386569843601283
TCGA-AX-A06J,0.0236494879969571,-1.1336845451403392,-2.500805599147215,-0.8663151556881186,-1.4439502546305285,-0.5502972043358696,-0.7121904368174129,-0.5685733120776797,-1.3470020273781074,-1.8374414013185536,0.9522164760736151,0.1812312693758543,0.1016821695798821,-1.4635934906970425,0.1944275852488095,0.0429161727989207,0.3150927150200943,-0.892101212465515,-0.43826035550882,-0.1519445597356279,-0.558835973886031,-0.2961002168960645,-0.2261419115533994,-1.4373579880800913,-1.0322936195519683,-0.7908905389135926,-1.5021086684155371,-0.070292205758467,-0.1403938263304225,-0.1279876573918588,0.8109765653872185,-0.2455767055747947,0.995201459333156,-0.7659021139231196,0.3248482683362712,-0.8483437385069612,-1.147105334992112,-0.0779755854321674,-0.1209059639760558,0.649036824597339
TCGA-EY-A1GX,-2.885087140052188,-0.0454016684997794,-3.047382378084394,-2.203140335657126,-3.574619625536554,-1.6785774481077558,-2.537965569634186,0.4470296625747804,-0.0620494652316445,-3.0369651022981965,-0.58173543095849,-0.6502250116156458,1.1407854335549743,-0.2158138837121581,-0.3199132492476923,-2.1132384800140884,-1.201421726102567,-3.247948632341656,-2.8241483461503893,-2.8346052762248344,-2.476644924959627,-2.515832543521761,-1.274672561759917,-3.160270476171871,-0.0038922634776283,-0.1675275674181944,0.2085570627429559,0.1434889132322866,-3.2197766821113456,1.4632338682147308,-0.650884093506508,-0.6545976578249633,-0.3789710884152664,-1.8270365028653324,-1.908508258454059,0.130577300987915,-1.3474648904519495,-0.3089989970454858,-0.2833816708299533,-0.7415004201249202
TCGA-AX-A1C8,-1.1323801291054998,-0.2130018189191018,0.2712415304669694,0.6887421318911602,-0.6097234903955872,-0.0191747821135699,-0.2391551552883715,-0.3426807884883582,0.5330017352931344,0.0579086164692963,-0.53000762617675,-0.1242147537894398,0.9233633848747131,0.6608666456978368,0.4650248752334757,1.0595896536944482,0.6389685472567402,-0.4628729460179253,-0.5604053679813651,-1.1299159436144208,-0.1958666770580514,-0.5559990909525413,1.4795759880110582,-0.1381044611305107,0.5204666094478196,0.1772012314899434,0.4673840804695737,-0.3611897502495591,0.7506691602051151,0.9980999439658,0.252724979505765,0.1893387434307279,-0.4034639614232659,0.4589792556557464,-0.555683698184876,0.6301832276053415,-0.116060830117048,1.7176754640247784,-0.2637432940738078,-0.065161034062163
TCGA-B5-A11N,2.4092601061319563,1.8988375962249344,1.11281441478581,0.6690661348678387,1.883937317720012,1.0397551533614369,2.089241095426362,-1.2777811600201856,-1.6437310819966873,0.3149125702277147,1.3950348829218642,0.9321516643770706,1.2119214519427857,-1.33911480596326,0.3064797123770316,-0.5380705411912907,0.9587270424971172,2.275889887397306,1.899716920366024,2.50986715363521,1.898604392238184,2.4495233490713706,-0.1376585566639375,1.853658927924545,-1.0916956974461345,0.4932924753293445,-1.095826980179952,-1.2206608512998112,1.2131335861359918,0.9615134020925422,1.2864438390305897,1.2983602977521558,0.9838320303791082,0.4653407169054907,2.341223070179825,0.729123753416201,0.4569366093538324,1.007954607444315,-0.135407132115907,1.014129929958562
TCGA-BS-A0V7,0.7808841167908137,-2.9516266389568435,-0.4980180372920308,-0.3159643344004166,-1.3372022927743952,-3.680631846906455,-0.462655437665386,-1.3210829310027243,-2.794342714190183,0.4048380106848264,-1.7074300096838184,-2.006277727748522,-3.140097255673536,-2.7563913757663667,-3.618034864176882,0.6132942283560816,-1.292623940574888,-0.007190313967577,-0.1694007800799548,-0.7650046728939569,-0.5450460920240984,-0.6462278724626005,-0.681396365517648,-0.0560791048472822,-2.8636152660062653,-4.278695710648231,-3.7947616670938142,-1.5597030905327478,0.7463252647545976,-1.8646402929225407,-1.211477092032997,-2.658768688235228,-1.6632128681606977,0.2814943541343656,-0.5081644881260196,-4.7965865885301895,-0.2931415027498145,-2.5832341191032726,1.100320120923456,-2.145333509119766
TCGA-AP-A0LL,-0.412806425066038,-0.9323470700623134,0.2057847334937089,0.0132147840137695,-1.2781748781687672,-1.0374166118931971,-0.8588406398372116,-0.7789787653026202,-1.7169183284930989,0.2230046193253534,-0.273658084540453,-0.2478598442368089,-0.7343710360702352,-1.7995779185445515,-0.7703447444458589,-0.6162081544412544,-0.90702892170023,-0.7316771332321866,-1.2790811692821027,-1.3829807618724996,-0.6766213508360962,-0.7899748475047612,0.3442494708770103,-0.2142733878315111,-1.8323289845026896,-2.1252660629784548,-2.399992866367028,-0.9125740576307176,0.2242235299525322,-0.9802169878639484,-0.1054220109716763,-1.4485902952998302,-0.9041652245693604,-0.4272682685665151,-1.008555780569541,-1.997619461203246,-0.5322539493044478,-1.0316855294160563,2.2486702243880927,-0.3298131351278531
TCGA-KP-A3W0,0.9696746317009162,-0.1439875565573927,0.6112645023956266,0.3569467282258779,1.3006477800096874,0.8042498127682202,0.4168581822811567,0.0698471703146498,0.0368428857586079,0.0042071898901937,-0.2398079925309391,-0.4314344144831086,-1.2068415824590062,0.0792766414373384,-1.0265142452487377,0.0979050835775709,-0.301475070730604,0.9286616445180208,0.6355908529489501,0.7285312896624374,0.3134873226247558,0.5176277772744525,0.92225684947759,1.067183340714427,0.2497280472600277,-0.0963043876463494,0.4405622020901761,-0.0194527399209106,0.2341282546073358,-1.0286798727295636,-0.3067711493550784,-0.7496404049223846,-0.6830577826525811,0.6175524381439909,1.1039437212584435,0.1907725986176756,-0.1437002570009675,0.9010433849519652,0.3813593436672688,-0.9557420127787688
TCGA-EO-A3AV,2.4309402592524085,0.1111758954525315,0.5530933206295493,0.0160869769102607,1.922669187787621,1.673131986399036,2.3207272068225757,1.0090558108420518,0.6437264611707907,0.4230698439327393,0.159801542637443,0.5912979631631019,-0.2852488062616902,0.6162833862395167,0.5348617578875294,-1.495139099230913,1.4621240271279037,1.293902913789355,3.284974844957832,2.230360620526146,2.677074436479684,2.9823425619049977,-1.2618858821310786,1.6893345023578117,-0.0411085715241664,1.2043908313801432,0.4095042464875724,0.4530130427816178,0.441539633977763,0.3005025661399275,2.3504004885857186,1.2936628375938537,1.265681824183806,-0.3930304824329937,2.576773650062496,1.1692043579838178,-0.5289274876831562,1.3145513125576826,-1.2268321089578065,1.0516007478932043
TCGA-AJ-A23M,-0.7350771755809516,-0.5244071557695269,-0.8793100995236655,0.8681159932557628,-0.935879968323462,-0.8056697213005826,-0.8058600741567705,-0.6340341878745304,0.3570501631368157,0.0558538925253558,0.1782683483508488,-0.600851469572334,-1.87022532283682,0.5167452516879497,-0.9338761680181682,0.8848369657016325,0.0194063662338912,-0.5047721153083748,-0.4048127553406981,-0.5154143505345344,-0.4946240996708903,-0.7199646659170635,2.221233257102495,0.0744514746904394,1.199121825269133,-0.5275431368587493,0.2314955597386108,0.0804393316394244,1.0990155433463946,-0.9538062747101734,-1.1570053935716995,0.1479698039583587,-1.16396490518,0.6510943994870703,-0.557989812675864,-0.4827654150115389,-0.0093496866378077,0.5106734058366408,0.262669477015645,-1.470417732180557
TCGA-BS-A0TI,0.4438205913644268,-0.571784204352593,0.6070020903016611,-0.1180139374941153,0.7835571863981051,0.2461252443956466,-0.0579315425868751,0.841474717392675,0.4058170772235971,0.4265714478328242,-0.3330525131779076,0.6076377927225196,0.1814571409508084,0.2004620551223945,0.4472480906564935,-0.8734304074706527,-0.4055427718870152,0.5649762040921655,0.4054220898837732,0.3811969640679753,1.5175057054016066,1.1840150266609604,-0.5163165810546858,0.3669221788812988,-0.1341101964623964,0.4469615521233392,-0.0688674727191558,0.5569568558720781,-0.1211962674698188,0.6063473294579346,0.3887693055855551,-0.3850879014394969,1.098278743607068,-0.8284071679683447,0.0545041894201765,0.5743571331147657,-0.6788494660006308,0.3543368869340293,0.5238321844276257,0.6309779492331063
TCGA-A5-A7WK,-0.4247275879032246,-0.8383312408990825,0.2062872213545605,-0.3471437436618649,0.215159916920623,0.5643638865561242,0.2750501962282852,-0.1103881349504356,0.6760600729611634,0.0398158330661489,0.0626333404528397,0.0073529263924375,0.0105863071217317,0.6747556917536841,1.0195808181593895,0.5835311305024856,1.521178036271727,0.0279573905695359,-0.1479668525897518,0.0108387745101278,0.3344775492838595,0.3143327405465416,0.1063255545935719,0.164986941620407,0.5219643366007277,0.4994951643821185,0.4356723898818767,0.4715478801270982,-0.7247050912240492,-0.3117252855563939,-0.4287607374228597,-0.0684851126361544,-0.2259541159060464,0.3874755465546033,0.2015810490585574,0.5996474100228887,-0.2039064166885381,0.2436839535317184,0.2110365960401701,-0.6721131990058046
TCGA-BS-A0WQ,-0.7024116700342427,-0.648093702521797,0.336404779741051,-0.5609353835179215,-0.6376691505825047,-1.6013197647666009,-0.6720554685872339,-0.0173620164108473,-1.3066442733575148,-0.2954459831044518,0.1687576682966731,-0.2499425564655868,0.3737481008089458,-1.3523526632643426,-0.4946415926480799,0.4131296882398872,-0.3281017563377921,-0.6089059903604455,-0.5837856340869502,-0.8676179995526339,-0.6015187553796272,-0.79030696738711,0.2393293847369925,-0.4762559834255801,-1.3665422259430622,-0.9878123080238744,-0.5240995577546769,-0.7619738201534975,0.2333207405665603,0.1050154925419623,0.4366490170496786,-0.1950209997945516,-0.3337839575943718,0.4735956751294491,-0.3011972061141048,0.0094042867816241,-0.0640300337655734,-1.2445084824545811,2.131306637313551,0.2228157361713029
TCGA-B5-A11H,1.0680861494556004,1.3408704051114382,-0.0524420113464825,-0.214501875309132,1.2238892880541297,0.2300958500138347,1.2455657260535695,0.5061539287635596,0.2151584986886101,0.2133356868527419,0.3441664594704203,0.6404385042036449,1.670302014723244,0.107412919948539,1.327578000391504,-0.9016196597358422,0.8180143012735288,0.7969438430671373,0.9677382081969798,1.0584968211368686,0.814238339832638,1.0533284600671238,1.1079827881618018,0.5861867594766799,0.0557087677366474,1.2412408725512662,0.3241149279588036,0.4259718520741362,-0.6012390239896148,0.9850040191306202,0.7035412383319465,1.2003224609043286,0.3633201433979808,-0.4543912439001365,0.2952843923533577,1.3839705269533011,-0.5658323067236419,0.8900319168003765,-0.9393742030175942,1.6072943826120063
TCGA-EY-A1GT,-0.5927654257440831,0.583840496949075,2.110539215316821,1.3386124530669516,0.4983001830888932,-0.1202696384927223,0.8076759531825495,-1.0914139527615538,-0.9756226132517096,1.4937155517878722,0.7493378118066467,0.3572463881344112,-0.5474613264195543,-0.7068496565334994,0.7035117716823579,0.9750965470587206,1.3332674124891348,0.7229635034371306,0.1680038343927874,0.7339537357464074,-0.3731856618505662,-0.5488573120321776,1.3727986348163523,1.4496340983581524,0.0447294740966517,-0.7849489907701703,-1.2597143399982862,-1.4244144843407651,1.698286799033227,-1.2181671990248986,1.77543517386008,-0.1494051015121266,-0.2049625334212722,1.8966298560409809,1.369522872353745,-1.040146186382772,0.7146728637078946,0.3165337017617964,0.4315525126011842,-0.1549356119982486
TCGA-AJ-A3I9,-0.966907162872784,0.5187672686687128,-1.7586377956938648,-2.7279545271626144,-1.1584830421019956,-0.2103963287965058,-1.2991184587652658,1.473004299572696,1.3673587268537302,-1.4620036165332444,-1.0918863584581469,-0.4099286341101388,1.800550866558268,1.2080428430682153,0.122877304589877,-1.4707513050413037,-1.701607499825578,-1.5394214562080328,-1.9535914771072476,-1.663470234237841,-0.755095269666787,-0.9459551826187086,-2.2117788205399904,-2.525101554412077,-0.1389290276734409,0.9229182217409884,1.8768365843638823,1.9293499054952303,-0.8372029927579462,1.9290291756154123,-2.040694398896249,0.5496349178508326,0.944573288514322,-1.6867005504134245,-2.104585232322331,1.2045428427135472,-0.7176262327709451,-0.0144490639918126,-1.4304184984537582,0.3988724595188145
TCGA-AP-A0LI,1.7481553892012105,-1.9716503062461337,-0.3247130928343956,1.0880148501647389,0.6423349500881239,0.2586045047757205,0.9178958357395012,0.4138613327346199,0.5484344849480293,-0.026141841583463,-0.707901571235322,0.2446843714264426,-0.749911206663358,0.4870767951253381,-0.2535910412112555,-0.9562489363764598,-0.424547663664403,1.4706784479741992,1.6533807567321284,0.8080138467755095,0.8936049542992132,1.2194721064354794,0.352450816506639,0.5788397460464205,0.041421520004082,-0.0871436874378578,-0.1074291045737605,0.3784268609959694,-0.6246019307616685,0.6999408550481956,0.6020636331350333,-0.3171774825589684,-0.1302127061621745,-0.6418797439569707,0.3446045291003144,0.3312781218612214,-0.9572222463436384,1.2065197963139829,-0.5287651219660473,0.378994684858763
TCGA-BS-A0UT,-1.3194926727582157,-2.037781366511076,0.7554865745268081,0.2746780016638416,0.1286354659876492,-1.188306465172457,-0.7644943218785484,-0.224947673240254,-0.7248881426201935,1.1463413565999294,-0.4075703223605476,-0.2885406738597592,-1.8723474934334217,-0.888022757469096,-1.1421695974316777,1.0862377281607225,-0.3501602623318476,0.17486469781179,-0.6977863624922945,-1.017188394372041,-0.7506003101592408,-0.8197730652103307,0.4321365903990892,-0.2327870625616464,-0.707924666602325,-1.3410110092327483,-1.1119061649702584,-0.6947335800085652,0.8063292889913662,-0.930833211038018,0.8660637530069281,-1.391744294348389,-0.4175348502442994,1.0632360401934433,0.5285506485281035,-1.6586177310911427,0.0774476594455308,-1.03692835949713,2.1859403644595434,-0.8812147370383628
TCGA-AX-A06H,2.5076667638560024,1.2931668211515797,0.9841564496738796,0.6655925214921065,2.346110314496093,0.2632169669539804,1.8847561946018128,0.0338644026871303,0.1920307192879363,1.400645203437935,0.7079956109174658,0.8960489617657561,0.853893022070776,0.1625213587212541,0.508412735695237,0.5586337572457225,1.1826664965620843,2.281235238597598,2.0201578203831434,1.8293974172808167,0.3201444220654666,0.99948625732359,0.2029130130633231,2.0474115830173067,-0.1062935097589721,0.7197328839617109,0.1970506520654054,-0.4861509607462837,0.796572376205465,0.9528191718182236,0.4611562890924395,1.6939483368707688,1.4327027780662032,1.1008681545211152,1.6618965847796008,-0.3812056416449475,0.9100594251019556,0.4496837369418201,-0.3976100884914585,1.1574240586588096
TCGA-AX-A3G6,-0.0910891374099757,-1.157869911629689,-1.571721288967536,-1.927392882673321,-0.6746886608132566,0.1594481440345842,-0.3392733039602353,0.7766787060367192,1.4545245090606995,-1.7170970284756857,-1.765026348467064,-1.1948995374782398,-1.5446237541301,1.66424126536313,-0.3622551760326196,-1.752448403769105,-1.125831617589732,-0.5099457961157357,0.3818050755804016,-0.130108601280919,1.197351239960514,0.8557032135079187,-0.905587179059031,-0.7111950554725353,1.4995270716699445,-0.0191418727576223,0.8091646540357159,0.5486075259572155,-1.165442960022378,-0.3641148573565023,-0.5705667665128517,0.0409485292500842,-0.3122109022486221,-0.4528430638029045,0.2330277115607471,0.6857030468367907,-1.0116518850210243,-0.2335046387191476,-0.6410027232361858,-0.7976357108171727
TCGA-D1-A177,-1.8513599023060945,-0.510534352912375,-2.0537354136743944,-1.066058731622712,-1.4959058624357855,1.289426134366617,-1.8133585268458332,1.3468391980637178,1.4442219882491778,-1.3238897572580972,-0.7020207180509409,0.1295092452037968,0.7411183879638203,1.490806382468649,0.8739575944015854,-0.6124108925286214,-0.6973931274185318,-1.8717394991992509,-2.107985461544062,-1.9420457861363505,-1.965010949201902,-2.148632119735402,-1.7042803416820111,-1.827566849323274,1.0229394331223711,1.394253316051742,0.8573723460043208,1.0445108207086486,-0.5463884709868249,0.641549368055429,-0.3093135618406309,1.1690348088870774,-0.1919491244988535,-0.7841796017843485,-1.6639319579149097,1.575152458714088,-0.9409279323891288,-0.5608448134075139,-0.9148886700853236,-0.3660370280853455
TCGA-PG-A6IB,2.082093428223608,-0.3532907834698313,-0.7927032223458534,-0.349155563610992,-0.0633544354499627,0.7511769736293034,0.721294333464676,2.196710724182618,1.6373890860482745,-0.5729019492439477,-2.8408644042672826,-1.0735700981757383,0.7288155898671564,1.4749204687124329,-0.6002815568931125,-1.7003236885657056,-1.969393962129246,0.9197699083669716,1.177233003485672,0.6690524944143379,0.5647781455866027,1.014504258274928,0.0789785543124496,-0.3533906607370254,-0.1053850249262594,1.2377601237390434,1.80456817316287,1.7009715394219298,-0.3176079568274809,1.6432253703252764,-0.2394813425138028,0.820207792134004,0.5158172282569113,-1.6806887830508128,-0.4034076470409003,0.546606159857344,-1.2330876932129422,1.0064465274557854,-0.7631162130047794,-0.2825622290083338
TCGA-D1-A17B,1.2779085916834063,0.2786928363643292,1.2741555171508934,1.1474377999634255,0.4325983494495136,-0.1009554953243783,2.2652242753419336,-1.634769753221338,-1.6190991019799583,1.0516849984291348,2.1575071028581365,1.4158939054390358,0.9304612413162252,-1.3563824347192974,0.7387766670920798,1.9874780654983597,0.8468410555364823,1.6030920188330249,2.0267580538711587,2.260266238926683,0.7278226383312607,1.365670398445682,0.6191037911431567,1.6414614489026826,-0.6928313798842717,-0.8333937776367005,-2.601728514619482,-0.8801517808285835,1.7903476191834105,-1.707459341163245,1.2637149285992864,0.0730398754363522,1.0307485007294264,0.1691777094339513,1.721429718152219,-0.8071221512984339,0.1308412504351053,0.6085246688833266,0.5170855377083667,2.0698698593315163
TCGA-D1-A15V,0.1750585329655068,0.0024106636152372,-0.1451044456614476,0.2761290431142462,-0.192286654040809,0.8583482236344268,0.2038314455720314,0.4739533471135684,0.7268983819795786,-0.3329026947833579,-0.4231379949076815,-0.1848878491203927,-0.9617291961040074,0.8324419980471349,0.7489427169330085,-0.3936455718702628,0.2996114656823792,-0.0401282806883819,0.253255313630342,0.4009039289382862,0.1453894061855744,0.2259261795640424,-0.0176424354350115,0.5873330306977972,1.755115975570633,1.008321885336196,0.8669934707028845,1.0117831896395977,0.3407777696641408,-0.4633554586367044,-0.5063242942606822,0.3104457003023108,-0.2979358391265641,-0.3734597404409386,0.2326936126903583,1.4459269878634806,0.1160499894537231,0.4370326116855201,-0.4228615733569978,-0.7015241778596758
TCGA-BK-A139,-1.0941253394054875,2.2303353995405133,-0.3768714561452883,-3.9229460786374935,-2.42613388879727,-3.0474139010796537,-0.2888709351331939,-6.2329327026664245,0.019442994628033,-1.3031283100135185,-2.3271837638520005,-3.497440077911169,-1.9430255727620225,0.66089644678076,-2.5038002968651027,-0.8764258254504005,-2.0332139458018847,-1.0871082908827032,-0.4215019063009367,0.5756436312764208,-0.4216889339066332,-0.065732204532364,-1.9124048886674307,-0.0735784216838467,0.6590698890671436,-0.6974020536835234,-2.5518483547539192,-4.215025659059595,-1.9720012026979967,-4.131575024548595,-4.549651361873992,-1.933317954363653,-4.041273692192576,-1.5783081140413555,-0.8609068788707359,-3.5182414992304545,1.855380755607436,-5.705152341805431,-3.320711637941216,-2.690904751278191
TCGA-A5-A0GM,-0.7142486959316695,0.2725150257482955,0.8031982567791881,0.4231630266727623,0.3539920407154688,0.0493147643710994,-0.1525041209127247,0.3714483994649148,0.1836558479231272,0.7393410054268018,0.2685229105121752,0.4334218410410687,0.5920210076116923,0.2185454019566892,0.6657096492273634,0.4905926573587963,0.7796866656867477,-0.2022423838059519,-0.3080457720952733,-0.5288168200612142,-0.4399326659269032,-0.6734382402481256,0.4375011104626609,-0.4282307197151894,0.2818979020877715,0.2897014306260794,0.3603608399201615,0.3079684512695388,0.5326340808490038,0.5307040076113881,-0.1076545834036905,-0.3161956311487394,-0.2135916693956875,0.5645636664598457,-0.5747485792063913,0.6155259269158397,0.0120324154292803,0.0189121142140347,1.09415221524654,0.3942412061885119
TCGA-BG-A0MH,1.2786547477701222,0.9777189926642584,0.6854075977028479,1.3888064819132628,1.2941052905655333,1.2737439062607063,1.6693651247451042,-0.3915937538636123,-0.1747292518254737,1.619223274772538,2.09594631289621,2.218060204614208,0.5602153946613765,-0.0181967527303668,0.7352061176106778,0.7734822309450642,1.1331698159011103,1.596622891730581,1.4409225732059787,1.3832973055157785,0.5166972854733778,0.9850244630051118,1.2831866860778731,1.4939723347384215,0.0149952309821318,0.5129635878110603,0.2476516743324233,0.2068385253394804,0.8787833264959147,0.4160883469980966,1.483460321539843,0.9371971120177228,1.5312035885500166,0.314210458473054,1.0375355191827602,0.3302473518680582,0.8074190119511926,0.9450799436747092,-0.503704743244266,0.6384543257679469
TCGA-EO-A3AY,1.149726497767001,-1.2928215789321762,-0.7603245582520376,-0.141712099608587,0.5054965600096155,1.840934681744634,0.3154495664570415,1.8643160603654292,0.7614534237923009,-0.0976501565059303,-0.2668094999088177,0.8232185455558051,0.3472384297318761,0.5114511967519941,0.3359500180099234,-1.1213830202245896,0.2531939619073047,0.807228124417046,1.3234731111186833,0.7480057193362418,1.385342932596759,1.3752347135572691,-0.2678350729602148,0.0084643094074891,-1.1742746833815254,0.771642762685351,0.6015262026577748,1.569079897728281,-0.1989761160375986,1.1779051033112842,1.1697779204844287,0.5936067501491585,1.1903380515712456,-1.5213443765035868,0.730448090457872,0.4151307246418784,-1.541898220527374,0.3004321293552727,-1.1996812735930074,-0.3351536013970899
TCGA-AP-A3K1,-0.2817597183996329,-0.8856338802478386,0.8621850688499872,0.4189320730696526,1.7097210112393542,0.9411243147271816,0.1860861096737205,0.5668878074124921,0.4192352758009873,0.8419308163525434,-0.9939152663472832,-0.232887794067226,0.3787320316875156,0.3673332869587388,0.9428990897745576,-0.507860986231359,1.565934162402121,0.1884544178439156,0.5126733465829076,0.5451302828841118,-0.9371522288488155,-0.5956815382314048,-0.2789747802298439,0.3986451016309639,0.1916201722200208,0.8582649388441079,0.5599088108524666,0.5147841581252917,1.1501929492830414,0.849086485241063,0.5753705471134922,-0.0394364450244747,1.1097348345078517,0.8863973302597238,1.4887536869225952,0.7360634662364665,-0.2555693033689237,1.209008556173804,-0.280057318954292,0.6545782013093172
TCGA-FI-A2D5,-0.2714846881156616,1.617689304817065,-0.1888200439533448,0.739329682920397,-0.434447587813694,0.5839946623186075,-1.0433084304381914,0.1417124305193698,0.7214012146728119,0.7241053722457264,-0.534812323774388,-0.6545338589591503,0.2544978837768383,0.8729092432657913,0.6311375747964724,0.385892927729148,0.2783710289230429,-0.9450564989302233,-0.7257635730094846,-0.4450867537510168,-2.0976219836226004,-1.4159410919369266,-0.7173928361751022,-0.7430813532031336,1.2457119308047206,1.502271713975062,0.4395722296929685,-0.12010339775432,0.1433697062671031,0.919846810795591,1.300139358985478,1.1352324348694471,0.1890170432270294,0.3831217973578009,-0.750846368188238,0.6684003374871523,0.6128458452138333,-0.074685077311294,0.5843526741672057,-0.2272675478515936
TCGA-B5-A11W,-0.4849900542609701,0.3529149070915438,0.1678037548992263,-0.3415534403324929,0.170866885836262,-0.1346232248979426,-0.2622021584580527,-0.5859214393505103,-0.678763156417399,0.4872373893349175,0.3010255345595876,0.1449160881409129,-0.6971833397969763,-0.7217319773721848,-0.1894326724647282,0.8571943993782457,0.1126488036830923,0.0658512908600455,-0.6204437871975763,0.0490352716899254,-0.8051051084424399,-0.8534177812310869,-0.9678579122095516,-0.1626730757701714,-0.5477122504122798,-0.2857573448130618,-0.8280697192022484,-0.6764445993173759,1.07150099789579,-0.4183714812301883,-0.0283818357279704,-0.1214600742613412,-0.0468788338389433,0.1525122436200969,0.5030112856444264,-0.4452726685013148,0.312141798834699,-0.036307800670273,-0.2006014002468895,0.0536426237563954
TCGA-D1-A0ZO,0.4269554118287992,0.9530006991182433,0.5551429621464407,0.7050749754468559,0.506137197272522,-0.8534414605180527,0.0158548787945678,-1.0643128354100897,-1.2463234010625597,0.5934730253540551,1.7018982851527886,1.388594215232256,1.3052164798323482,-1.1061508522163983,-0.354542813180934,0.5055191038964539,-0.335820695575521,0.180190110773894,0.242080026942519,0.1744696730778332,1.1638038580524508,0.9959270731979808,0.6219719321482362,0.2462912453196994,-0.3678566188568192,-0.9822272065375912,-1.240123470392972,-1.7010329802685025,1.3117977805448144,-0.1175236217482137,0.0397584898047429,0.7044675082472697,-0.1809880898641273,0.8657872007990579,-0.1953855149767492,-1.4433102316169517,0.5763616570155361,-0.8844031960364052,-0.1553040857265023,0.3705899171984043
TCGA-BG-A2AD,-1.6654109206558534,-0.4632658247096349,0.6925144211985215,0.5852235648090791,-0.0652090278734611,-1.5989538289837368,-1.3890361967615383,0.3845048122373389,0.7395539408899169,0.2881794468677664,-0.206324811908056,-0.5062432136947046,-1.1710611917645446,0.7952372509851503,0.5366168004734022,0.7207202942800851,0.5593610116152098,-0.6182608129747722,-1.1987713107855382,-1.210846328146273,-2.192213124851356,-2.017223405441984,0.6822064347346775,-0.7925042669731355,1.3459676806590923,0.5692483818716113,0.4664210874004674,0.2983028520047463,0.4099830357313713,-0.2409433358436016,1.149342367265045,1.4894729061670104,-1.014001812927894,0.5313408429106599,-0.3512034944444494,-0.2682490119629359,-0.2863139124086685,0.3789129255605634,-0.3145434670423932,-0.5623316280855596
TCGA-AP-A051,0.2448214106720628,1.8128583933695048,-0.0462601386425313,-0.9518168309088332,-0.1726178910160288,1.8870004196653856,0.1319727361263322,0.4045839750172917,0.6857628998098051,-0.5393631513095846,-0.103655940342922,0.0536273670137668,0.9046532444708264,0.9893494405017448,-0.0432928226469847,-1.036408820859051,-0.7582895547889965,0.3339413394099357,-0.0678847733375515,0.2033985763247887,-1.2045786794527746,-0.6251277708925583,-1.1593350477066031,0.3254829861648985,0.7595575588690684,1.6310707315918498,1.0700780049363985,1.0007464396211965,-1.2518517784841332,0.3237615399352614,0.1480443843695252,1.4547182884241858,-0.2753313582486379,-0.449547901398647,-0.3420346223223481,1.9372954997669043,-0.2075816509111672,0.4592625936697357,0.2207479742766369,0.7236253096048708
TCGA-FI-A2CX,4.146166225601265,-0.0102790219797333,0.0551792697904017,-1.0195996686644253,1.613842975281334,1.0248864670428373,4.913187496908503,-0.6901191347364152,-0.4838911872365071,-1.5617489246661156,-2.811610068003461,-2.71023893156606,1.4427680401154952,-0.4942961243240285,-0.9667839428371934,-0.6846662272914722,0.7756863254847418,3.453852324074236,4.188987779379067,3.89002284098949,1.66452940314762,3.1192260241440177,0.1937144713725525,1.861963834880351,-0.123455746655516,0.8828989247060334,-0.3197047759251823,-0.2031160834282088,-0.5126233721366735,0.5697983530896293,0.6721789703788352,2.2399969633667864,2.881681859440756,-1.862094376330902,1.8562393911641963,1.0235823104055843,-0.4947571936612419,0.2486505993245952,-1.2383232095760477,4.404111068374452
TCGA-AP-A053,-0.4537782328296845,-0.0567506218729633,0.069351659337117,-0.5328903766493618,0.2303303261911117,1.679100265619204,-1.2028174206452815,0.3632164826847429,1.3935732115266808,-0.0430274039916436,-0.363258049025763,-0.0811647376398973,-1.075014089534444,1.382355745232979,0.6407512661995841,0.4900896710865384,0.371449641020453,-0.4818808616330744,0.0343885847094542,-0.1356750509964236,-0.4121533459524207,-0.4117845964471419,0.2109770526764751,-0.3264254466047407,1.647586517080758,1.1659777719304698,1.1681838854905315,1.4461986274951129,-0.7121066457444262,0.0279334720449806,0.3367310821345778,1.2925812403027304,0.2245692642041633,0.2658754788117237,0.0900001952602999,1.7421673655189975,0.0278183543267039,0.962142273311578,-0.8000568151179089,-0.7926255508232019
TCGA-AX-A3G3,2.081318751308148,-1.093605294039789,0.3141073900317765,1.2525949200619966,0.5596787157436751,1.3483878358305992,1.4412513247245589,0.7632691389751267,0.5361835085409352,0.2637959114632603,-0.5225511528286307,-0.392030493281893,-1.1049225136286782,0.4154247673339907,0.4213443743061083,-0.583198533196669,0.5020286832714947,1.1351433078653412,2.163330338253329,1.7673256045775607,2.4649743847738943,2.5283767221536264,2.0557407331266546,0.887421580065343,-0.1439979900060436,0.2659101925796965,-0.0439001787194765,0.3222756363772179,-1.1373836822571863,-0.2834108450931396,0.9612659659629796,-0.1985358579826458,0.0030160499714132,-1.02614986439315,0.8718223543346781,0.1112655631855191,-0.3304939829626205,1.519888608836168,-1.1367145012727773,0.2698367096580564
TCGA-B5-A0KB,0.8313949915764279,0.088563457480381,0.5590468211862257,0.1835778292949621,0.4911952284886658,1.1003378689727068,1.1102045207411224,0.3601756017248236,0.9829584001359948,0.7905407541165221,-0.1538402126941818,-0.2375861245354906,-0.5283393332223468,1.0075054693979306,0.65396268482941,0.0282117047961604,0.8192675779751583,1.1301454148774412,1.577608942360765,1.7248866389020183,1.7958878700129717,1.5874254801865055,-1.2723475774534845,0.3186909439157987,1.7416790877214765,0.6943590056762486,0.5087116203298508,0.6310269156817621,0.3369759887965584,-0.1484751977603632,-0.5698812311990097,1.3460856541974302,0.7756274801522238,0.1736550866971407,1.176387827881126,0.7574449549592831,0.4012954438496938,0.2694876233177034,0.2958350780690723,-0.393667388921579
TCGA-D1-A3JP,1.2214391873038062,0.7902630788274834,0.9249227813666612,1.5883798604373558,1.1088079199387624,-1.666823517996558,2.362098353283599,-0.6335815227053058,-0.724114942514268,0.4397025362986234,0.853621029067458,0.6762092253313312,0.7310347547668802,-0.748595739839416,0.4832089592375283,0.6410919870148614,0.4882151297658709,1.556798811984942,1.024702812817356,1.377407666866033,0.8513081148763423,0.5998450949868499,1.20241572408927,2.659526880898341,-0.2618545073254574,0.1403802149737019,-0.2734539858591389,-0.614645630417221,0.7328448234002766,-0.6031968592383407,1.5178294639544243,0.3672538512433519,1.823648808153228,0.7576187310655736,0.9658122711456596,-0.0524086096602476,0.6533212415044823,0.2175152527159935,-1.074966203122537,1.963048544579702
TCGA-EY-A1GR,0.1376206357241801,-0.2518407169401722,-0.555206460168881,-1.1006459829867334,-1.365142709272016,0.3743598252753876,0.4408929938838818,1.2719955787339716,1.163823548181937,-0.3551086044249329,0.015266562148906,0.169479434048199,-0.7860237235514527,1.1919119630327857,-0.0056393960918281,-0.3418614074570738,-0.112173187591211,0.1107310501449035,-0.1507676818067406,-0.039065304124252,0.8896073519871911,0.5495063701836171,-0.7016426250481316,-0.1595109234258625,0.6855694795203241,0.2048537238630826,1.1726210675006996,0.881250241828688,-2.240964870813308,0.8601544279553871,-0.9426943445786328,0.3561406646270173,0.1946607941368552,0.3955029196172017,-0.9854809949423012,0.7178860011656789,-0.0183908138373964,0.864920195384251,0.3716341027159353,-0.9802379160178218
TCGA-EY-A1GL,-0.1106884468483688,0.5350870462558507,1.2553703973967274,0.5750866282635603,2.2200530175052573,1.1827470027151887,0.516336954949116,-0.9116909584832652,-1.544793986300076,1.611956487078027,1.507705437147033,1.3216492887233076,0.1099047804399839,-1.5702682223583224,0.2091868131200461,0.7548870122812669,1.637610808320321,1.1320998985453912,0.5765033015479831,1.052421911908148,-1.3017806319510423,-0.6723935635162177,1.0722564571282718,1.015599269805159,-1.5498178294067049,0.1474239459087345,-0.5809598639314477,-0.97464307898661,0.8395416891911882,-0.3047143646715079,2.048114936949103,0.290970929339599,-0.150268416769708,1.0800903548856955,2.57323647302512,0.7210356966904792,0.7868758161907335,0.8983816784361666,2.145843712916173,0.2247875132822705
TCGA-AX-A1C5,-0.7776080830120669,0.2054485503780764,-0.0643345807385661,-0.6387998216736943,0.1831569821522135,1.7777939294551823,-0.8777381566729661,0.6097570760984806,0.610465909950763,-0.3321247626446241,1.2463568291164886,0.7293319732755621,0.2276770340270929,0.7374371135293442,0.8809853571967762,0.7902714863707128,1.2857959227704263,-0.7249577499054585,-0.3186026370691878,-0.32398386280522,-0.4642902892398753,-0.4814084035078917,-0.7175997035913947,-0.9782539078067556,0.8945015324864108,1.10477444271566,0.7528927628295661,0.8664385466310888,-0.1387674099003192,0.5933375115603543,0.8384016913225188,-0.19314397987925,0.5227636663031655,0.2500390816863118,-0.0816315845159454,0.8724230259505024,-0.0808161383752656,-0.4570721339468959,-0.4057532891429268,-0.3539829460851385
TCGA-BG-A0MS,0.0541731721042252,0.9137812292489172,1.221317663856391,0.4434580382046568,0.4093203873219468,0.3338561325715378,0.8124196608835094,0.0147967006621974,-0.11046451839251,0.618125345721711,0.5079928713157508,0.4793946456588897,1.1349995185833412,-0.1129952860791951,0.6376501044530224,-0.0341850544291456,0.1686325116263314,0.5780020519901261,0.2678949508016711,0.1226413888646,0.3006311970748102,0.3850568314096573,0.2896068030293954,0.7375257778775851,0.0631467341760689,0.2381691018308606,0.1830139087267802,0.0623198465652053,0.8804662131300707,0.2185224002925083,0.6663469172280748,0.0076903350252057,0.9445612983080744,0.5676931766392223,0.435105995169218,0.1221227911845296,0.4053805447211884,0.2444825923284743,1.7386333308324209,0.4736699092297837
TCGA-EY-A1G7,-1.5756129577590887,0.1255568868621912,-0.7316949926722579,-0.7239559625037426,-0.770608510435256,-0.8342900319804171,-0.8366670874522237,0.1946763303957006,0.8434442607023751,-0.6060493263360792,-0.8683489027211223,-0.7307432044403143,-1.2055496469655942,0.9701575630139704,0.1305111854217873,-0.0210956461430381,-1.153481885574003,-1.053857689195641,-0.9820930724661122,-0.6507679656851365,-1.007805430892904,-0.9622775617448084,0.0228774360873609,-0.454707962258777,1.6169769279394064,0.0425404715764564,0.6378592166491067,0.2002389664320952,0.7574193662240101,-0.9225330971860436,-0.8877250316399342,-1.1217269617498848,-0.7757081707451862,0.2610011475306784,-0.3039609357006363,-0.6516015984783207,0.0157626237913932,-0.9148711226118826,-0.3798893157362278,-1.5758519716083914
TCGA-AX-A2HF,-0.0007022671317012,-1.472783257993418,-1.7502311271035322,-0.7516027802108016,-1.4216798256713177,-2.194004844182766,-1.1661664711808215,0.2645330821844473,0.5384411457316128,-1.2511753954790477,-1.921028720980119,-2.1060127841015435,-3.2403843369485075,0.4431803715418247,-0.8107449000230307,-0.8521631039169085,-0.6463781940142491,-1.2652773905920902,-0.031825876665964,-1.2626066022700242,-0.9872942275498836,-0.747456112076834,0.8784182183316859,-1.0246476961254762,0.7824959821837228,-0.3625463400460513,0.0882640667271616,0.8396711363794007,-0.0152115134423658,-1.3185637192691648,-0.7184571634264433,-1.3672304467434278,-1.5273184273056786,0.0694308052412103,-0.924333856060682,-0.3873585079000297,-0.8512082489128258,-0.829788106506241,1.7417231024569966,-2.018395377694802
TCGA-EY-A1G8,-1.6760008528907655,-0.2876322243325629,-0.0970639947213868,-0.9671448384271568,-0.5151610918391734,1.0831063464775128,-0.6630137500578143,2.0365382128985283,1.418992347683596,-0.7744748412363454,-0.5737539759058627,1.0679142809245832,1.092966003062699,1.1792440761474448,1.4558656690308645,-0.5047648681414953,0.4998807970746066,-1.4675812491522229,-2.012842657995555,-1.1992161128344778,-0.5085767148030161,-0.81378478920152,-1.6640884607883006,-0.7656975571903806,0.2060095716646935,0.9880398448440092,1.3674272103461944,0.9342155262806296,-1.3356670990512218,1.2905557102254004,-0.0390530062307931,-0.1053625484045044,0.6755788767476844,-0.4440950579220656,-1.0075014752628366,0.6228983322094136,-0.6335182239864502,1.1155199522272885,-0.3090131294675876,-0.1992230975150192
TCGA-AP-A05D,0.6164952763746318,-2.15568651573106,-0.4572836286623424,0.9232555545405828,-0.187708921574862,0.2687438353027969,0.5719497505741555,0.5882263635431763,0.4073743793743857,0.0410200412388979,-0.0182947662690647,0.0572560828659404,-1.6584756773361802,0.4231701702360012,-0.4224799319743576,0.155134242388658,-0.5179573732674847,0.1779787823730879,0.8703713548884926,0.5563318719029797,1.587339877499995,1.2847874170042817,-0.0011113710334898,0.1639120193920498,0.2483903973395717,-0.2687106983685429,-0.5047730662452826,0.4447388294077536,0.0736384548547244,-0.3346374943035913,0.153942870991968,-0.4134871126217443,0.9637335398903332,-0.1035907783029909,0.1836223617147564,-0.4220297745507087,-1.055986686594767,0.6758826284461525,-0.6129834021249884,-0.3287504750058264
TCGA-A5-A0VO,0.0883941970988711,0.5561653862170446,1.0309683460395784,0.0670071700449722,0.6665924880744266,-0.7730916283941328,-0.1338441169063952,0.4171282083211832,0.1522074995998371,0.8416742079770807,0.6285657551741611,0.4204696885872167,1.2201887730830243,0.0328231459108215,0.6785732882074699,0.1928518998909677,0.4485090251327939,0.5718380714132317,-0.4194547472701587,0.1490606889236108,-0.1855536571069536,-0.1707270980948131,-0.2060497851642827,0.2903309783243182,-0.1606037013878385,0.3552749680195444,0.8640619319199867,0.65102323503042,-0.1650445201422653,1.123937533610841,0.2253464901440069,0.357422224744904,0.7208569165747677,0.6311528648840752,0.1168899284039641,0.6412100531752769,0.381182613379461,0.0551589159200599,0.4782094219423317,1.0527449483491012
TCGA-SL-A6J9,1.903726553413296,-1.2821707366213235,-1.8723685275023456,-0.8925619243943622,-0.1212726675871551,0.6416400644144874,1.3348194706110443,1.9073011719989164,0.9140541582497262,-1.8837201411991136,-1.1968055024633764,-0.5340822374558015,0.4814676934910648,0.6190164352189157,-0.3758113897377653,-1.2750078971989929,-1.1479022941596626,-0.1551537742389686,1.167571515914132,1.0392990006708018,2.413671301114962,2.305602405168456,-0.1151817938343603,-0.3213470770359071,-0.8850487786751037,0.4221241162138638,1.0371739313647572,1.3504183590702237,-2.079593000812666,1.36736991998038,-0.0534784340911302,0.3197419803799295,1.0984112947307765,-2.646193634571585,-0.2880453546691479,0.2631163248504005,-2.2358368171459286,0.1482059603833303,-1.92924292222158,-0.522829353103975
TCGA-EO-A3KW,0.9151305823565292,0.3369101584099327,-0.1283508781124888,-0.4806396924067671,0.8159278527168216,0.7345108391107206,1.194770733861229,0.0956267972810843,1.270033558926621,-0.4071013438412858,-0.1129101528590113,-0.0246652525057907,0.5238674962138258,1.203032371767338,0.4312623628573462,-1.127708117780728,0.0092983082745701,0.804538710002984,1.4180907633132742,1.1602383213579497,1.3271200180307063,1.131764555209114,0.1956597513831113,0.8470095313007551,0.7972355883286991,1.0099631549662325,0.8547665862105427,0.5095975637853537,-1.413042726334093,0.4303021199018619,-0.1067833199122933,0.2443267305222586,1.4955628797192932,-0.9868709291610536,0.8797505115781764,0.7979395443327291,-0.6920461011749279,1.1538653481145984,-1.9880759865134163,-0.2056146971748232
TCGA-FI-A2D0,0.1643319922389881,0.4648084830141926,0.7644367521735471,1.0638603850851074,2.0040396003766987,1.3074888793185548,0.3612732845644456,0.3977291229874211,0.9833383266431968,1.1809220074863895,0.8634977727492195,0.475448807927681,-1.2896600256250172,0.9013083432391348,0.7730510612231192,0.0988647278816935,1.5874397011453054,1.243826523479868,0.8076441543802709,0.9298430383988991,0.8591061532805782,0.7432557519274834,0.081454952448354,0.7385767183682405,1.6181556100775694,0.3412766940056528,0.4321509284682233,0.3770685933171591,1.1252732873287556,-1.0882835046934465,0.9442376210497748,1.2578623375582945,-0.1805144033102979,1.8005937430025596,1.6853925212497476,0.593214370898249,0.8528273272374067,1.4748884466108112,0.5305734656187778,-0.3351501226844876
TCGA-B5-A0JX,0.8972397096443305,0.6498168071717763,0.6408904306917004,0.4820446085845681,0.655472481230557,-1.146755825446545,0.3626731754178516,0.1406762075827848,0.5308491092808402,0.3401613493558635,0.2712600265730215,0.1715465665227114,-0.6170783007130559,0.6501121762911117,0.3369727683002422,0.6841932120834174,0.7098962897770763,0.976647159963437,1.2409555060101125,0.8792762863752434,1.382990905707539,1.2907957756057244,-0.1518807211538113,0.4729399957835624,0.913866470128884,0.3264358264948693,0.4106213307570349,0.2134784188937855,0.4857932064682764,-0.6181812836745765,-0.0266868089783543,0.8117716012078766,-0.2418210890794529,0.7027355425803616,0.6544217076065935,0.2287831059573394,0.4287014157885943,-0.2478610366307037,-0.0883647709841754,-0.2968545975000035
TCGA-D1-A16G,0.2292655978530985,0.7563687545603197,-1.2049476968787711,-0.1882711719859672,-0.1789299087414232,1.227633638140606,0.5414848103441118,-0.1053144046992558,0.0697414827100146,-1.371086843448163,1.3255826809675448,1.5286314512449213,2.2840115032321706,-0.0095089062691229,1.506003288444427,-0.9046238167624696,-0.4415958602959423,-0.0804497319635705,0.8039100752733235,0.6088918701732873,0.5588663926251523,0.453347602896321,0.8544873257427873,0.5537579725286078,0.0288260121927208,0.5769955210146029,0.4083182345322661,1.295433535684508,0.5890221714684011,0.927849606568467,1.148271250944053,0.1971000057627404,1.155986976988577,-0.9139150160322356,0.3956783223760974,0.4298947621187005,-0.4170323591109169,0.3397660447443778,-0.9488426656635784,2.2537638526868773
TCGA-D1-A1NX,-0.3458891442253762,-0.7829431047570232,0.1891152013462907,0.2004926964838096,-0.7667276452816615,-0.1819952052094541,-0.3450042080366203,0.7164487501568685,0.9765735289751056,-0.4220355186218817,-0.7864530216154586,-0.4307756288973337,-0.3264443725118044,0.7565910761353167,-0.1175113594635044,-0.2366452763644614,-0.7358014062480092,-1.1910293804993173,-0.1185399551020348,-0.5894869158799529,0.8052690144750411,0.4380338569832028,2.0336770753447158,-0.3701281734359043,0.53318156675368,-0.2886382826440782,0.6299294314455495,0.4384093809409348,0.1838191995386274,0.7661153304011621,-0.577385279956971,-0.0365043818278659,-0.248644252440389,-0.5656541013295115,-1.0233309775893242,-0.4344897075828558,-0.5429885175076551,0.8347673370613016,-0.034365272345306,-0.2750663134341773
TCGA-D1-A0ZR,-1.4640742298538607,-0.5349940765700453,-1.3873615683101674,-1.3091487161767328,-1.330362853904219,-0.8775204355651544,-0.7685373354753905,-0.7063958279202,-0.8267090111467019,-1.0008489474196425,0.1364764484879316,-0.7269905959917128,-0.3723607486452526,-0.8225523888902914,-0.6027978308828781,-0.1996409692191086,-2.121664760919597,-1.5458061784411825,-1.194807679103495,-1.2757308858546648,-1.4782048032253878,-1.6773811974580397,-0.2703965539926188,-1.1239042591538848,-0.2413736143630923,-1.385898345865442,-1.2323503204662671,-1.4545011835360722,-0.4647719579014005,-0.7434693132578761,-1.1070439544431503,-0.7096487283922449,-0.8891694207468193,-0.985608441472164,-1.600897507371102,-2.079975647032433,-0.1124607929409216,-1.6750302011499043,-0.2731881002924677,-0.5845428508167383
TCGA-D1-A16Y,-1.4589858191629024,-2.793768967352908,-0.2817840287037297,0.6269354518592494,-1.7055757716799538,0.3579691652714493,-1.7168675105261388,0.4878473914605619,-0.0368638152378778,0.4123873186664583,-0.1891725101502171,-0.295419565340641,-1.2624363379147283,-0.309963074277609,0.525980004940397,-0.1592622703052863,0.1912393015496292,-1.3257040715011954,-1.343094314275438,-1.3573764981290104,-1.167201388956749,-1.428277163791601,0.2605176666681353,-1.1101640615297026,-0.8221692067568662,-1.1265836162600928,-1.21198876669762,0.8207799483901678,1.555723275938294,-1.602187425137241,-0.6336267968753099,-1.8303064241792992,-1.0149571678545803,0.2273828266355836,-0.9205380434908044,-1.326977684851711,-0.7245288095227612,-0.3683140115668701,2.0646011291559456,-0.364226362328954
TCGA-SJ-A6ZI,1.677579560982489,1.0302671148871,0.6744737064185403,0.4807298270762129,1.7386484322068012,0.8665243876717469,1.9227230201333927,-0.976724477470422,-0.0399322078865558,0.2351452547894056,1.0995629573420995,0.5673485435084529,0.8031792432999934,0.2260535328037786,1.4483752089560291,0.439175000708272,1.5418683167616265,1.5642451757041833,2.0061535542709152,2.117069343002661,1.1030331257283663,1.557535394923346,-0.1629250106933416,1.9167718302896124,0.9510035947485824,0.8275586767664004,-0.33874447864171,-1.0661984067366803,0.9123427971875452,-0.0066961658958535,0.6941071173635884,1.7661202999374146,-0.2775657591618922,0.4684076441269478,1.801621813893529,-0.3610307824777383,0.5667539989303874,0.2214372001798956,-0.6030834003024954,0.7351189262442501
TCGA-BS-A0TG,0.9759475469213528,0.2869965909429618,1.2506941101892222,1.564530342779356,2.2990478095303053,1.549457767468411,1.492788889161398,-0.5195722187679906,-1.2180455740059883,2.2460230038195634,1.2152555789688353,1.375796794666865,-0.5964008605659428,-1.1727479901461166,0.950219199389778,1.1969769702486166,1.9240205873826275,2.0848556409180707,1.470306894459371,1.7972687356746595,1.1993448548513843,1.0734326332889867,1.3486031519514785,1.839669500052856,-1.165095090729361,0.2411264488851434,-0.683929434927863,-0.5104585530674349,2.2129990795060825,-0.2669737663098594,2.9326423668603043,0.6083524041721258,0.2455148973480106,1.8013041934830256,2.427338945720752,-0.2163507990794521,0.8438414126456356,1.040757350690797,2.095071446988272,0.1630360546454293
TCGA-EY-A2OM,-0.1356697757764796,1.622655287695709,1.938920463717977,1.231743561123066,1.842934024245909,1.3318103373540682,0.5154289099877526,-1.253417643563395,-0.4799105479324297,2.127249379302392,1.526294989923287,1.1460833563049813,0.3577504676479108,-0.051756210988114,1.5037838254340137,1.3113451008710388,3.5193894839552704,1.1849833330009665,1.244006929420234,1.61596459122381,-0.6225461906811683,-0.0889861712298955,1.811128002503388,2.1235660663022107,0.5476753760167191,0.6920074574756706,-0.5852661646314035,-0.8680468029820614,0.422592163103445,-0.6326086689195715,2.1646871385762814,0.7778528797076021,-0.4461434827669881,2.0713449173247405,2.769944491177425,0.1938252937903289,1.5777494506717242,1.6023219647310196,0.2260207086694488,0.6913985429725805
TCGA-BG-A187,-0.2557286283670011,-0.585089949238912,0.0766178360054169,0.0435020148774889,-0.6603022497055805,-0.2980604513397653,-0.4798376603013399,-0.4032441201062672,-0.6234567874191368,-0.0323652276434684,0.855489139181481,-0.0555888631619017,0.7132833298248775,-0.6303512792862037,0.2054748751824651,1.352370855075638,-0.6673328177818398,-0.3734523046672673,-0.4587779397464319,-0.1403270546856679,-0.4602801739222524,-0.3538942322831185,-0.7134930324621143,-0.4444632812967206,-0.2020357933420844,-0.5925431925764916,-0.7868541402567137,0.9258579326731254,0.8709284100187795,-0.6730621929855913,0.1622747970909041,-1.2521578808132476,0.1627512809619124,-0.3436926529173367,-0.0905139713525488,-0.6666418848594998,0.059866257577262,-0.2001141300665375,1.3846702130595612,0.6255231577676114
TCGA-AP-A0LH,-0.4559621065056584,1.0942774848955097,-1.2706641079176333,-1.2532747996097064,-0.6502477818527753,1.1608568449573369,0.2150809945841823,0.5056030098039013,0.8576154099340977,-1.3352582140811018,0.081257718947077,0.4252712494265401,3.1403319291444283,0.8948308502398309,0.9690675934028644,-1.1835832930356451,-1.1424266342082092,-0.897506399887477,-0.0634422716560756,-0.3142139816428133,0.7080736951255034,0.1449587881323781,-1.0745129704312393,-0.2704846345866674,0.0722743035168377,1.0159267738420386,1.2565033691583094,1.555187675640956,-0.3246405265001997,1.9315604807038076,-0.0457279212225797,0.0153008028727739,0.749537987235325,-1.8358199282176284,-0.8018686870697288,0.8021734488480681,-0.5493065819910118,-0.0705292332592652,-1.0760342974262025,1.814505788760436
TCGA-EO-A22X,0.2902473167721217,-0.5545690112028113,0.8557931298315774,0.1178287266917577,0.6598399274899139,-0.0809564448399702,-0.7296516803175379,1.4383253078721865,1.4146728204799366,1.438303381090399,-0.8374564091446636,-0.987359662235953,-0.868307072276827,1.441857582029645,0.5638644888437749,0.3310863211899519,0.4379961467669153,-0.1133851227933642,-0.2102609225265034,0.2651176434923925,-1.6943956184327629,-0.7999860460240634,-1.0274605324757022,0.4625073309470074,0.7981931400496679,1.5512397375394154,1.7357680672691478,1.6508463454145623,-0.5349432976939743,-0.0973558952082698,0.4444509746837953,1.1588957835604594,-0.021975891654265,0.8283423645833813,-0.0597685121142293,1.6874429450210848,0.0352847714172226,0.6527471820225386,0.7423378645156251,-1.1530635896734802
TCGA-DF-A2KY,1.0405713166890755,-1.4691511808427786,-1.2524527492781845,-0.2959677805258428,-0.6422754980920128,0.7696785528725077,-0.0022224371564549,1.5061408656991475,0.7978934687349889,-1.1790813423243158,-1.962004314924479,-0.7616440874321244,-0.049105557080829,0.6652362682673375,-0.1708243457233658,-1.147982624539762,-0.900207621564066,-0.0116019272383899,1.0805293526617623,0.1558449076464806,1.1626390089290424,1.20059352856959,-0.5196712686559425,-0.8494505292648963,-0.8628820396080182,0.7496322017942799,1.171133497341871,1.7057458952652136,-1.3502462545094929,1.7972665255439555,0.1668501083332847,0.01150981829047,0.2610371647865541,-1.9819755899599896,-0.3518538001360757,1.3578197332283009,-1.5914303328311274,1.6920180176597812,-1.378458587962763,-0.7805830401355329
TCGA-D1-A15X,1.8116829428171608,-0.5385203692934051,-0.9315144975455198,-0.239730348776088,0.7482317844178145,0.4124870475637287,0.9047665941031472,0.3487766967338593,0.5757205785961307,-1.471135242218489,-0.1886716761714705,0.3080127070351131,-0.3993657956932275,0.4782074782508687,-0.2363774027161083,-2.801192701067158,-0.8952246553155093,1.0285799665130868,1.9777242812914848,1.4762745062323746,2.3859552520960534,2.595477096152007,-1.5477900455296336,-0.016480861515542,0.47047522619964,0.640499058562365,0.6159609122336347,0.9863080000252624,0.236120485868171,0.0564506436608834,1.8115035603739655,0.6644471172344605,0.0420068635102555,0.5613517161899467,1.7821296807677791,0.2875706844750667,-0.7792516910515116,-0.8214357050431693,-0.6282058682233669,-0.8180783346200676
TCGA-BS-A0U7,0.5617255972255875,1.8873953521176807,0.5029796081588641,0.7006041565489997,0.8543318923827588,2.0702076765673114,0.7853416558231389,-0.8088855779785297,-0.2788250365118116,0.6981938343989302,1.7322750701044207,1.9662968639504232,2.1194107484123803,-0.1861743602710609,0.8568186747191188,-0.456032699908037,1.034630739457695,0.9896118663333174,0.7210863139483982,0.8665284472459988,-0.4086695716105533,0.1028879865258257,0.0367432786009308,0.5706923724719299,0.3375230562340821,0.8809228638007344,-0.6690384578677223,-0.5735849621772984,0.7606710503142889,0.4192048726588104,0.7290307177771668,0.8076731603860223,1.8378908414198205,-0.4090499976030659,1.059302375684407,0.1386931044198537,0.4562179893667533,0.403447884945704,-0.278517426271363,2.481783475725112
TCGA-AX-A0IS,-0.193546457583193,1.9530772993815464,0.9641984910860754,-0.5830444786518272,1.250913103824745,1.4636639091609958,0.7625749523752106,-0.0926490971121153,-0.0657106769220054,0.8936938429439559,0.560903214578082,1.0056806740473283,1.8445763048520256,-0.0888462396374129,1.359910852918431,0.0248755384073097,1.5174372004302146,0.8673672909538788,-0.2396092262074503,0.1531537519214489,-0.3406076017310922,-0.2286391507672061,-1.063886810292757,1.351959005993331,-0.855596246702053,1.048764161513374,0.6633232276440161,-0.2897801937034254,-0.1310571716140005,1.1015442983307364,0.8172553327612873,-0.2527995910881854,0.7746713298022069,0.5672768025514685,1.534637561997593,1.1468293338772002,0.3828040899580006,0.4685867636779185,1.4182926541054082,0.0517008747959259
TCGA-D1-A17F,0.999807747688196,-0.6706903357431508,0.1819269288862823,-0.7448023078908633,0.0691181112131588,-0.5670885859476446,0.6922635388232704,0.0059815725549893,-1.022901274467053,-0.8498174171083265,-0.053115331111915,-0.0947081587372764,-0.0677791820341021,-1.0304128017919596,-0.4631023764710475,-0.881414786847112,-1.122253179542553,-0.0282448593584735,0.9278414488522884,0.6267209047409013,0.5926747790182205,0.4559673946380099,-0.0985909030422986,0.5238395966855294,-1.1517686519812071,-0.8361293512945059,-1.219449087115582,-1.165382515103232,0.1184326004168765,-0.0727710633046729,0.1660598800455954,-0.4575939706100236,0.508745632336621,-0.5787765886491639,0.0907594298811847,-1.497612934133371,-0.7320147954692388,-0.9445011435755174,-1.0430181108454406,1.2243595207485367
TCGA-SL-A6JA,-1.458438217713313,0.5138470380961683,-1.626768984454408,-1.2937725825005923,-0.676824233524898,1.648547826265974,-1.07316885015863,0.7300402953172466,-0.345145151867473,-2.102440097748022,1.049422307431647,1.2161036079537404,0.7462597356707811,-0.6628333001914872,0.7482413147253651,-2.819927496303407,0.0193644711213903,-1.1891925307877542,-2.098930107316779,-0.9806849640492348,-1.7897192916453968,-1.800501311508574,-0.0980592354759435,-1.0679831748150153,-1.4759238715146332,0.0617727318734355,-0.1302772986353866,-0.2961341849967042,-0.7411131278809407,1.2994488728913267,1.2088752016598665,-0.3701404574267574,-0.8132564730044598,-1.152475184190514,-0.2106978406087798,0.2458905252203626,-1.187654013477891,0.8888460263415232,-1.2040729459041992,0.5045919733871922
TCGA-A5-A3LO,-0.2501363733235128,0.8894561363767978,-0.0016036408921761,-0.3316631882428173,1.111745020621201,1.3860103761287197,0.4373498804563525,0.3164397660616793,1.3199435741336,0.4033732753891444,1.5698277620368957,1.7973510007987177,0.2508759671908082,1.295638899096318,1.2201268187996055,0.3222665115555541,0.2762416846124621,0.1621466846965837,0.0894589503681624,0.5931468189476123,2.108794800346714,1.3141889147851888,1.029597482150166,0.4210082756011771,1.0159690014756948,1.942324590103473,0.8982545370689375,0.1602228546951828,-0.5698964926583562,-0.4005659714265016,-0.3112406267239816,1.2808405785275097,0.1016294635492195,0.2294400880408874,0.6024637806018558,0.3263045435585712,0.334072615894357,0.1006426174231563,-0.6071521255491938,0.1911908205349987
TCGA-AX-A2HJ,0.044186127551859,0.3074211607585269,1.0363371855169023,0.6163498543461584,-0.6594727907811396,-0.4392333940106379,-0.4721272529328869,0.5154016641985989,0.59776382387894,1.1183637727506248,-0.0750336989172434,-0.5822761853655181,0.1716691258491762,0.6850770370245742,0.2292771466046454,1.7363870490442368,-0.5295035357024693,-0.2057651639442015,-0.5135573365580467,-0.6811235246082026,-1.1750580800836026,-1.0282614298125454,-1.001221884407553,-0.3313603000993422,1.0335928189002113,0.308836723550093,0.7844496733972213,0.0983413660929425,0.6600702282551678,0.4075653371726512,-1.0829351326180785,0.3310550568549658,-0.8550544637439188,0.321506923988402,-0.9916791103488688,-0.1533977945379111,0.5465888469274492,-0.247883585134814,0.8679117424813578,-0.2989463570937765
TCGA-AP-A059,2.5523389025880645,-0.0240042716888808,-0.7438946391795602,0.360312883388401,1.3085418671444662,0.1872125977559234,1.9176468347376687,1.0082952716241538,0.9201293446457692,-0.5058044772042967,0.0030036688558153,0.2842300019760084,0.1418294725663479,0.78619141867806,-0.5408482289366663,-1.3767441888069267,-1.3655845419034476,1.6084944066173263,2.342583226593598,1.7529402994547765,2.247255225638714,2.717169310614564,-0.1300459893669029,0.9850546026270336,0.6198100364835663,0.7140353809640275,1.2449425125437257,0.9539262206881316,0.0242630641027456,1.269827100460018,0.2833362139315173,1.535119430658073,1.1969146724091506,-0.8819550040741645,0.6853611942549493,-0.0160160794265229,-0.625849361732439,0.1451663465132349,-0.7833583401444284,-0.1389647088682867
TCGA-AJ-A3BF,-0.6730835066349451,-0.6135672672005151,-0.2666566386853604,-0.1106669422493269,-0.8473789647729096,-1.8213438575764624,-0.3715218680556845,1.156112830754333,0.9295195711750612,-0.6482495935253161,-0.5375111271667043,-0.3683559801215213,-1.6479970927619898,0.9186010811060163,-0.3534066471847637,-0.3620944837635022,-0.6641919300547693,-0.8243376609743647,-0.6498454125283182,-0.74156479171021,0.7023270129783798,0.0093403336713734,1.6253491605951738,-0.2315614310949541,0.5560588249508095,0.3037109767550458,1.228789757169556,1.9323570490189403,0.7125282004056493,-0.2708593959157834,0.1448841477952019,-0.8130840494780811,0.1591766025289918,-0.5882992450097375,-0.5573127968672824,1.3868616635829654,-0.7427691364241353,0.2573035663914663,0.0406239982865941,-0.8862377896170134
TCGA-AJ-A8CV,0.7042341804747252,-0.0534291409432509,0.3876614015140985,-0.7266850271328361,0.529060617091766,0.3348627957543257,0.4830664774568045,0.55715186276146,0.0786092512134479,-0.4918927386896684,0.3685141708575882,0.4053788281746276,1.9894468130564096,0.1277164652012577,0.5871928543937658,-0.4956294203607304,-0.914193649131698,0.100109687385902,0.6033927561737037,0.2710517444575557,1.0085075954970335,0.8906009111919484,-0.6908202327056553,-0.0303989930916365,-0.2203421178535819,0.8315776449938225,0.4947845980992271,-0.071186495993911,-0.5775994334315706,0.787762641788464,0.176387740764115,0.3862968663716515,2.125992632380097,-0.7110053294427453,-0.5309943138330725,0.0958072470025846,-0.486795398597361,-0.5283918155988887,-0.5511133050303214,1.86770716045219
TCGA-AJ-A3BK,1.0760846606156114,-0.496823741879926,-0.0493946771371263,-0.6183431342706175,0.2952109937590645,-0.6501026783145967,1.0443771875999712,1.656100094436131,0.6604907704053511,-0.6788393021440896,-0.0420487050076538,0.575677055933956,0.5030921638077176,0.5061969799560349,0.0136711326156861,-0.3079638430546933,-0.9577758736411728,0.4335313677427292,0.7602401697258448,0.4751833867625239,1.118117955298988,0.9818673519184528,-0.7371806271272737,-0.2693161356273033,-0.4212100213974952,0.2801656899209396,0.7844038312341371,1.1241949656803716,-1.4197933388730275,0.999641937950414,0.2279718606433048,0.2672814423446523,1.1398477677751693,-0.6523562524855672,-0.0243703533885665,0.7461935130517108,-1.119231001821905,0.3706805092971483,-0.2511003405242327,0.4394562041112057
TCGA-AX-A3FZ,-2.0187557940835497,-1.7419450890805876,-0.9510506572074392,-1.5861794009685843,-2.190768814332541,-2.203694147841426,-2.042422578309103,0.9114057029728844,1.6845391290740903,0.053403843781964,-4.556129391379104,-4.928591059130252,-0.4878759223382954,1.702247343934069,-0.66404229673822,0.9581612898549086,-1.2687250771387415,-1.7914287458586455,-2.140624877478114,-2.4819375012077547,-2.3078625179910786,-2.3722853732204,-1.964077445652408,-2.343927385020972,1.3430415573151897,0.3116167558847221,1.1961887072035704,0.1528129328683085,-1.161379304350213,-0.0552652215775522,-2.844861343590933,-1.2987753591221023,-2.1448804967466817,-0.1298840072957519,-2.2996273338884583,-0.3991367715319882,0.1412210604300726,-0.5801825130249022,1.7394792560310897,-1.7121299089257755
TCGA-D1-A2G5,-1.2818767310119177,0.704967477226902,-1.27592880201043,-0.6506452959030528,-2.023707581655287,-0.0144488724444405,-1.420847700580655,-0.602089572454894,-0.3587922826362604,-1.0864153657858029,-0.1978631039073459,-0.6157617707746823,-0.2326383825593494,-0.2600665751519621,-0.3917316504334435,-0.5150554026987749,-0.95900965271251,-1.5345527771551526,-1.4098097098095603,-1.2305996730371749,-0.8805200282174558,-1.1290802364210817,0.4788860929615911,-1.719769861939634,0.5839306497371467,-0.4791422419957499,-0.3982633975271994,-0.3091393057297256,-0.7211021298085589,-1.0235089519797538,-0.9909243974548704,-0.6699957331449103,-0.1257918692180768,-0.4301249132912005,-1.4011527923320974,-0.6634627698552823,-0.1199200383723196,-1.2332753655578872,0.3700241009550152,-0.1605826108231234
TCGA-AX-A1C7,-1.2478760062363945,-2.149317554524788,-2.9078446723090847,-0.6709405468261613,-1.6211418259293953,-0.7836536150566127,-1.5628136465047682,0.935616256913654,0.3365093493778885,-1.3906001758078803,-1.0786895288273113,-0.8772725489511692,-1.7054720071190597,-0.0172457751783761,-1.4243314187365372,-0.2028530047878358,-1.90153088999224,-1.6779357456013295,-1.0497299748747206,-1.5824968810158766,0.1359278049047228,-0.6760892525880534,0.6753442741665553,-1.9867444017289688,-1.8329148464554472,-1.0515884753822025,0.0953466864073414,1.249912461255522,0.0056593649062231,1.0188281538621888,-0.9813870409286732,-2.993996924580136,-0.9504692982266306,-1.956977837878764,-1.331385216860094,-0.3085486238151713,-2.442366209145426,-0.3845805681148139,-1.3238818954152307,-1.4674832743365498
TCGA-AP-A1E1,0.5806378833596705,0.9198290677769272,0.1658296158753045,-0.7159113790896072,-0.0543134435401985,1.5190575337994143,0.3351067565473089,-0.4052016565837214,-0.0040062543777542,-0.5008960830660014,-0.089809212862735,-0.3158427131540083,0.2897807712880953,0.2239229440583618,0.3723935336374724,-0.2931801597902563,-0.017009502272322,0.0503968162652243,0.204565329877305,0.243475679552418,1.3595442886364328,1.1298046661306596,-1.407820279954741,-0.6189247100471007,0.3073260485889805,0.727373369326551,0.0532476125954276,-0.2492887106648383,-0.2572947688108265,-0.4587222945136905,0.0550075533823352,0.8537546491682965,-0.1940008247129107,0.0375639730672608,0.1582860318727962,0.8407621844419535,-0.2389898460275585,-1.058929693596884,1.2523653261634842,-0.615395230769956
TCGA-A5-A2K5,-0.0982029597130017,-1.1236477488125511,-1.4749132415900266,-1.1186554239120603,-1.1725888723639757,-0.0083736743675172,-0.8489478510672712,2.2013566726760043,0.6428296066008602,-0.4481372418166849,-1.2246919209182396,-0.878957308919945,0.1452102768192063,0.2357455839607957,-0.3300693978289536,-1.4243111068525995,-1.2009909553402174,-1.162378910102026,-0.9057992943470862,-1.130688542817221,-1.3008902020770758,-1.3002639555160254,-0.3385665605532418,-1.6426608408436434,-1.5599661091289392,0.5799501193596187,0.6838848202553408,1.2948485473376838,-1.8314095841981133,1.7009941153722168,-0.284488182021046,-0.3904746444312383,0.4858440193381186,-1.9490195260424583,-1.6988452656510844,0.3875339237681562,-1.7471307268133656,-0.2492537098078956,0.2197113093180313,0.0677340488294763
TCGA-EY-A1GC,1.1030991143606503,-0.0358242665918014,-1.447888673553922,-1.4705325657633643,-0.3958868232624101,-1.2296290622780426,0.6640149648875181,1.0769994090896085,0.1729445164142792,-1.8867409414114824,0.0284581484017074,0.3701575997619507,1.7143572751198275,-0.0652161045811199,0.0282500599838063,-0.9110774410298216,-1.0818799701656605,0.0395726285322133,0.8281538126808649,0.1182257895197534,0.7524857132884418,0.9927602607888056,-0.1448392073408287,-0.797326124104217,-1.1545331582543534,0.2465668699433397,0.9291169853878218,0.8126804514000258,-2.207425463455289,2.191664619257565,0.1150747660041715,-0.1872455665765936,1.6513591959695182,-2.180192477615191,-1.0444683978960303,0.6815180724367478,-2.1782220740285854,1.6318206520233005,-0.2828006466810982,0.6892355562140184
TCGA-KP-A3W4,0.2579419152266941,0.6677905634816311,1.549003815299827,1.0942335753306314,1.146133453141176,-0.0673467741059746,0.7642782574243944,-0.692874499980233,0.0500388090357506,1.3270533321632785,-0.6665088803074584,-0.553748988016625,-0.8174525978113132,0.1473181205659116,-0.6914521035057285,0.7269520650429827,-0.0044236045620759,1.1320828392992457,0.6831259049374274,0.7442316409067877,2.083828138032919,1.516387121569317,0.622781506890604,1.339384386951073,0.8176327289805133,-0.2486547211507545,-0.2692583828372454,-1.4510335951564703,0.1862832915262351,-0.4998177273536787,-0.1851455292635085,0.3930242183784485,-0.4732360144179457,1.805079761329228,1.159605115101001,-0.3936374827253737,1.2501328966932492,0.5373923805476623,-0.202216910059163,-0.5466568473154834
TCGA-AX-A063,1.5361727528710822,0.2804477270530244,-0.2202191466496151,0.4199927850001288,0.4727700407302778,0.134134221385659,0.9725512337304832,-0.5236050794874573,-0.598955280353976,0.227364943721903,-0.2569322433172492,-0.1046355968269459,0.7398780202658606,-0.563190773337143,-0.3845321522564597,-0.2655232455585177,-0.521670038584636,0.7549070034945152,0.8246386763925646,0.8798822357747728,-0.0479973558436529,0.3766256545533085,-0.5472775961452905,0.6925345856263427,-0.1571786859730777,-0.2490810506168875,-0.7320106422248518,-0.4634086911908817,-0.0209009741221404,-0.3554788805198344,0.3755854598644751,1.1683751542453866,0.4033164265123214,0.2316832611227068,0.0463184353456611,-0.6291603370709083,0.1388498254474575,-0.1217363094645479,-0.051877178892222,1.1305579346151535
TCGA-AX-A3G1,0.9956648757502944,1.2428470698680296,-0.3355288523786209,-1.500438824944852,0.3684815292728055,1.187581273375235,0.8898861992278317,0.2848226197443208,1.125418066532879,-0.4483101749921224,0.3235803347726426,0.6963514728094155,0.4416750063100671,1.1127087482288625,0.2530077666190808,-0.3268958748672216,-0.0267939911743727,0.6933539616236967,1.2059831528878455,1.023328394232261,2.0321368012360166,1.8908204985997543,-0.468437551749555,0.4499982809667135,0.6817437639589026,1.2200248136223577,0.7985100566075021,-0.0100269484649813,-1.175874186269576,-0.0374183739150144,-0.3484604843620782,1.4051294712686675,0.6854749216461151,-0.7801840826245389,0.3941294993137815,1.858761194956726,-0.2457680485049012,1.022852967265715,-0.9141480948818428,-0.3597296086916278
TCGA-FI-A2CY,1.887913347046851,0.0721414804492409,-1.2350086983396489,-0.3743525579947756,0.9203794570288087,-0.1846631082028353,0.9757981925676308,0.4582089643841295,1.3348428838323074,-1.0130732254011414,-0.5918348941221907,-1.1001752971069203,-1.2530576006257093,1.5832590247172926,-1.155756306321219,-1.378353986876229,-0.9097647613774268,1.0606469357969563,1.98591952590564,2.119856329045916,1.7972373566107578,2.0032184157882003,-0.9730671570596828,0.9079870510522544,1.9899796538247096,0.5795644902748217,0.9921391713032658,0.8813366900097547,-0.3309995111799103,-0.0560110786133371,-0.3023140964525989,0.6801048731625071,-0.7288113711384496,-0.1783643648796778,1.2410171799569525,0.8986630989038809,-0.219413458563858,0.0725514782574438,-1.4035522937243696,-1.6976036826297562
TCGA-EY-A210,1.1945950164832069,-2.2715208163688505,-2.0041952207315363,0.2288147104005682,0.2079673594311858,-0.5223713782619186,0.1711200377409599,1.1055212921869342,0.2994398300369872,-1.2666041787397644,-1.576298330410553,-0.952178187793178,-0.8762797978543444,0.0859952745923092,-0.881321281381009,-0.0910958395812187,-0.4784802186806333,0.2890127456256176,1.3202956867625817,0.2179950163028306,1.8577224158660093,1.6708851149339483,0.847700341254548,-0.1848069726882482,-0.5977023738425651,-0.3184379574932519,0.4372847824100164,0.2754218190384566,-0.7218464700610674,0.2315458116753767,0.7926293556904025,1.3055420706210976,0.6207252164378013,-1.214017130873173,-0.0757123976063599,-0.5933291740744051,-1.5468575896680068,1.0950808405260448,-0.8145164880535566,-0.634254878432769
TCGA-AP-A1DK,0.5706836131524555,-0.171681321377782,-0.4241007803816534,-0.1078984843006743,-0.067752730496119,-1.551638002149752,-0.6610499337184236,0.383755421956301,0.1730788630004336,0.212403894828355,-1.2432481054930078,-0.5800486815167929,-1.3757738591764517,0.3178862729893563,-0.6284773208760015,-0.5903346568957789,-0.9174181685292336,-0.0988398195816157,0.2789632286428511,-0.871910638609056,-0.6615566474583859,-0.3249621830548408,0.8222732080974783,-0.383492999848114,0.3045715533511063,-0.6171804636841494,-0.3640228004989136,-0.8308058385587627,0.7312331450907151,-0.2284765249981243,-0.3481141490263798,0.9657844325838462,-0.5983739401685942,0.3956760056901896,-0.8289125037968493,-1.0054368032988004,-0.270871017942758,-0.781979709441255,-0.0622544894808105,-0.5378800009924072
TCGA-DF-A2KS,0.6969612919695286,-0.6528300921311285,-1.4282717993178573,-1.6188596049189437,-1.07297027129377,0.3572690977935215,-0.575055464924346,1.0297843829923543,1.3824024697981092,-1.4107714603633676,-0.2834128248895583,0.0615847290010012,-0.5493006698030029,1.366113428868289,0.5359535633573836,-1.1346885183616684,-0.6867025907175234,-0.1971906042951007,-0.1498914767604338,0.16504607347713,0.8365252434337286,1.0222182673393505,0.2601642034025985,-1.249134321329459,1.0451522338356538,1.1754793500400311,1.2447840783120636,1.6167123147774476,0.4836392987221044,0.5948684179778198,0.5961133566737988,1.2155388630619035,0.1558561008425512,-2.663093069661804,-0.4893289684769138,1.13985021759941,-0.8325873279381163,-0.1544164093377278,-0.9940688698587782,-0.0833954658935882
TCGA-BG-A0VW,0.8944283025591254,-0.1241828554543882,0.3340232443572012,0.5435313935163555,0.9624455107689132,0.5820389445104709,0.4302704869713936,-0.0158036310965267,-0.4476176300197494,0.3856538374783055,1.058296353764538,1.4334932665951186,0.3380099228644971,-0.3972021430552463,0.4722354278476903,0.173855302127578,0.1735655685570075,0.6322580368794543,0.6582918162888647,0.6516822880925185,0.5125440159949657,0.4057982477904983,0.2732693581700052,0.6372231604870048,-0.3848784364480321,0.0888886936127252,-0.6857078719593594,-0.7855213562000183,0.2782415852059507,0.2603967808131627,0.5845217557898383,0.6321988379223664,0.5754523041214454,0.0309992097315655,0.3664183484963245,-0.7099371850417404,-0.1579735764814653,-0.2315541730498556,-0.5138640255116371,0.791483427966766
TCGA-EO-A22R,0.1522964073077626,0.718897245312893,0.7330852495354941,-0.0633683590691288,0.6062117807853558,1.433700610304191,-0.5837312025383103,-0.5978248951815347,0.4293701020336093,-0.2135695032449346,-0.3111443784690766,-1.3157198428884738,0.2635325400298893,0.7051479638957249,-0.1255947064614726,-0.3448703868587771,-1.0100591834868482,0.2188579841152143,-0.2982782475354374,0.1611428393613997,-1.305591297889521,-0.9426000675191548,-1.0021849653143766,-0.2342551511965144,1.4619819056936216,1.3528932771497202,0.3321554447431482,0.3207194400201808,0.1204874068194296,-0.58397647753958,0.8826568537077475,1.7809870405772417,-0.0104313104335737,0.513609590225662,-0.257609267493042,1.4327742190060366,0.26998839132693,-0.5577750597349955,0.657449576974051,0.2804814893698125
TCGA-B5-A11R,0.1425428159215416,0.882276651217894,-0.1196441184534266,-1.6452990216446182,-0.1012137673477561,-0.5400614086594935,0.0402971744084163,0.466106487124241,0.365846932056102,-0.4849964383133215,0.5708892015135024,0.885563432999396,0.2972438078715725,0.4115111576889634,0.1937683920946945,-0.9017071441431844,0.2058834110272289,-0.6249900231116645,-0.0876448067917331,-0.4834409852385632,0.1002173803001825,0.1356550701398954,-0.4369880495494034,-0.842509520567225,0.2883113395076325,0.5371631259830116,0.8537329709918197,0.2799173016993432,-1.696088997040769,0.0943666650107693,0.2354626242257852,0.3308637319648749,0.959000901759544,-0.0919471860769035,0.1313159415350935,0.7083613517042603,-0.0291703222068999,0.846848182142463,-0.2330378435621689,0.1644415858519134
TCGA-A5-A1OK,-0.4188973829498038,1.3373226902571629,0.2301716126823661,0.0232675785727285,-0.2553207473143367,0.415747694650778,-0.4809975310324402,-0.7927985493334202,-0.863528321051283,0.3425799533139515,0.4862889026129949,-0.1967648688289057,0.0863164951728615,-0.8749647425431129,-0.0400482195950743,0.4564019817690113,-0.0391229414080199,-0.6840695215914798,-0.71259037458264,-0.3313232389454335,-0.5017551892082399,-0.322137059566406,-0.5150570798480787,0.1188880009909039,-0.2422557385210716,-0.2496061377727838,-0.5337405712271028,-0.5239616400277826,-0.3757345890601662,-0.6036627501420528,-0.7482260564880127,-0.9285717229837804,0.5108470469048121,0.5181982683998705,-0.5028673626085882,-0.2027096642328109,0.852407643499664,-0.7258259790583674,0.3177760439416413,-0.3206073691164289
TCGA-AX-A05Y,-1.148863929806468,-0.4236347802479897,-0.1489440808139337,0.424084351812423,-0.474100977102063,0.8413608485543079,-0.6386059266614106,0.0624537819309314,0.0713396328935423,-0.2000063288270399,1.3703760228326995,1.5094540358974895,0.2529069111113186,0.0641868943822922,1.5576083534211742,1.3759308962586845,1.32341832500564,-0.7179841937268147,-0.5722127577172211,-0.5281380522880892,-0.0674258570373358,-0.4266808624956181,1.5776035896785254,-1.320277882157009,-0.1981112393871229,0.129431409684808,-0.5162207283405297,0.3254009434995157,-1.1800826086573477,-0.581028745244241,0.3141114303382561,-0.4486968035431616,0.8312320632690996,-0.2570588815386829,-0.0555763330808189,1.047081686616986,-0.7592275012495244,2.1973956751949224,0.4202449480687821,0.4481842926702982
TCGA-B5-A11S,-0.2760230588056394,1.7562970608607005,-0.0949321325625199,-0.5845477608770512,0.1597930102452584,0.0135334469409532,-0.1078385615740711,-0.4686450655808336,-0.1012419078223555,0.3195564568598336,0.5653244277239079,0.2876280551100071,1.1230294190690169,-0.0237288980195438,0.2132562665337588,0.7642940843723978,0.6468060971219749,0.0209832134116166,-0.1995840933604236,0.1408649199358858,-0.7825183753633639,-0.4765772440712338,-2.96984799930096,0.2484970110447474,0.2884286236008317,0.4915020498452032,0.44164427765345,0.0324600915551739,-0.4803257635044611,0.0331412651496286,-0.2741424619970339,0.0806942493221064,0.5629941788069351,0.5173408690076334,0.4466528339989988,0.9851823039396554,0.535538620864526,-0.2252043289073738,-0.4110971759337628,0.0935895564380549
TCGA-A5-A0R6,-0.2982418222518244,-1.3645054639214718,-0.0649377264983366,0.9312439353909496,0.4872137084693089,0.2674920953825504,-0.4296463453436089,1.0295027285637053,0.2285496360018835,0.7850820184374563,0.5795918480376686,1.041064576828764,-0.3781935135556346,0.0250517946325408,-0.0873195837411832,0.669923136247434,-0.2655512133375327,0.0946746097933167,-0.6763717041466881,-0.5774435379078132,0.5029819510039233,0.0103010887663348,0.8661688699125933,0.0056389428238065,0.2003123312941772,-0.2272760104566019,0.1864884030805173,1.337439438612924,0.461104987958743,0.1059904072178566,0.5702815374311128,-0.2567203268922182,0.2073180182922001,0.1111649845870991,-0.0197128928740817,-0.1129655173200558,0.0118570539542974,0.4487275945264881,0.1235306279597413,-0.0041442613885184
TCGA-AX-A3G9,-1.0126890921113407,0.1184921489209279,-0.0853771886210905,-1.2297175834182483,0.4483132911005431,0.5000169438097432,-1.5080420711307698,1.1426525644555938,0.8302832454200093,-0.3469248604450515,-0.742227548001896,0.0606800629156201,0.3797335550929324,0.6620035681195486,0.6469988254384904,-1.3755264659162678,-0.2495995162921219,-0.3856117143597924,-1.6821106006419129,-0.9841551745356354,-1.3136092728051256,-1.2539047037719218,-2.168253277895144,-0.0169810209944773,-0.1403993048484461,0.913730351952684,1.3111610552577515,0.3137429744014535,-0.3219427236480643,1.632360414725372,0.337611325622081,0.0256160650598167,0.3607027034975486,0.4310802895071949,-0.0968992841660586,0.34949186956668,-0.065054379270453,-0.5007019871587066,-1.152408525370461,-0.5347364371487349
TCGA-B5-A3F9,0.0641324178801022,0.8821104372636469,0.7788312130766197,-1.115944110651062,0.5787272052572139,-0.7802366687136082,0.550162147096439,-0.0578012572372588,-0.1064013623604517,0.4695617801580564,0.5612496042687011,0.1838060327525952,0.3558154708291058,-0.1859860740744708,-0.1422026724131866,1.2356725807822129,-0.0173528305054447,0.3222038152420074,0.1075542503489812,0.0076543811645277,-0.0783173032886039,0.0522906572027759,-1.056493525894074,0.6715338370261354,-0.7305747436849209,-0.0741792536245904,0.5904716722404656,0.0377942907984514,0.4993046334372061,0.0955093985696906,-0.9309910827495722,-0.0134867900543072,0.4900365985457349,0.6341690136317903,0.3295794726645951,0.6522953751993864,0.4645704739974574,-0.15608107311868,0.7935253006816888,0.2664505797690305
TCGA-EY-A1GS,-0.3575854153212414,-0.999447740925188,-0.6711239136224934,-0.7687227882146647,-0.9230158230358236,1.9114939066970635,1.0755713089227974,-0.4336976262508063,0.0228282997285332,-1.4779367462052675,-0.323950037684475,-0.2589921382866576,2.0689089561171508,-0.2229555138232218,0.8282092082856789,0.1616453794969568,0.6611284470161214,-0.3158084720419764,-0.0343649843833786,-0.3107995104035256,0.6303269716649258,0.3517888581756825,0.471414836899363,0.1093754354882071,-0.1267390554182259,0.4025232672537247,-0.0310889820908867,0.2159356235285598,-0.9776010450844672,1.7977067736099437,0.0600066327155242,-1.011774100278719,0.9595995542029008,-1.919983262890519,-0.2279635766352548,-0.5758432256609815,-0.8964894110928942,1.184989800932617,-1.2204300024459025,2.862620550534648
TCGA-B5-A0JU,-0.9165274665904573,0.997765914766498,0.035494098068487,-0.8608105348913113,0.6894012927331998,0.7241364194321958,-0.7655157122610602,0.1542093879726039,0.6403272330601203,-0.5056281238358111,0.0030551203821282,0.2740830798186653,0.3927711664196852,0.7220556110906787,1.1384183963063632,0.2412716196224745,1.1237026035727522,-0.2849327733957664,-0.7127452972448866,-0.1208619004735768,0.3404600677375475,0.1171583298434499,-0.9646572373320974,-0.3270897690858996,0.7787786747936232,0.9935828048995324,0.6761004224609193,0.1439284694644109,-0.5077256002211745,-0.2685994652321388,0.2963618454153809,0.8617257033712679,-0.0598844746775781,0.358079957457578,1.212274214565089,1.5475440513989782,0.0771099891600485,0.5195580140790731,0.2727144659891437,-0.721205728166926
TCGA-AP-A05P,-0.1672643022947098,0.1873269502970629,0.4695328210917074,0.4632091789642227,0.9188802554849892,-0.6742628040827225,0.7386184688568724,-0.4024946257243414,-0.8078361391754778,0.7208415948418953,0.4994545082847552,0.4586886670557454,-0.0101857110889026,-0.7094181875655495,-0.1755237391312446,1.9487679928212247,0.6450782055657321,0.6286686541812759,-0.2023756283890636,-0.0602108261611076,-0.4881437698565733,-0.3917723856387724,-0.0362029377064369,1.3647075421203951,-0.4395235300284938,-0.745046296377985,-0.246962836458115,-0.7204112810991042,2.286650807157511,-0.1535920114964236,0.062233420783478,-0.061649722392592,-0.0725837162424216,1.4992309622460014,0.8230497067417285,-0.7434894851955696,1.1281427275125662,-0.1050357037226772,0.3793309656001417,-0.9687764432852062
TCGA-AP-A0L9,-0.9865755840541096,-1.642012290955328,-1.980247262805091,0.0395312648036386,-1.1430150238280634,-0.4881029833258479,-0.8781918217302903,0.9686408466368694,0.8492580793434273,-1.0975162079237828,-2.198612107891748,-1.685225131717973,-1.5767472743808713,0.7841538562897105,-0.1407694065160933,-1.0856152523497702,-0.1126334964286369,-1.4922039914015035,-0.4599175406480091,-0.8016985597382952,1.2752960636551176,0.539215718677481,0.7498448956056291,-1.5335280151288306,0.6654437166113817,0.1377172397772964,0.657958090653872,0.7980186907947757,-0.5819905371985066,-0.020900531590234,-0.7474713517167499,-0.021719610508627,-0.9961635393544702,-0.4569212613735455,-0.6724745877134521,0.6963943344289396,-1.4957531826868558,0.5793300511450158,-0.8256016628649879,-1.4544939049657248
TCGA-BG-A0RY,0.0312773151179784,-0.3083534309657699,-0.1634937716555879,-0.1179050279572215,0.4243942686960406,0.6535505696657912,-0.1015164633182181,-0.96823864118524,-1.0209078224336028,-0.3659457589095192,0.669485913654424,0.4090919832028777,-0.2890469572910834,-0.9077876361909408,0.615454422672765,-0.1463130763393843,0.2322967944966438,-0.4157709472123945,0.1480816638567649,0.5362361432228243,-0.1292442248078215,0.0036444405835466,-0.8012468005315945,0.8015514002983984,-0.4321021549369416,0.2308912799256132,-0.9066211743227386,-0.7089950268959977,-1.1654674764103157,0.1113333841921186,0.2943568160550578,-0.0196734558003001,0.2695614540525493,-0.0749224585252981,0.3721536677439704,-0.2713155889359349,-0.175260147387046,-0.2110018281387146,-1.000579935531452,-0.08410052577487
TCGA-A5-A0GU,0.3710161934563882,1.8218695495555104,0.4794983592159799,-0.2219873764857472,0.8902180469010214,0.3769523116969292,0.7831074717421641,-0.7710895250466175,-0.6784969333541593,0.2119719215728238,1.2430262882810694,0.8418479508300035,1.2087971550799923,-0.6602577729970052,0.4272418407195297,0.1452776851535155,0.9020635284100544,0.6992890962576497,0.3993153686438694,0.7498756622731507,0.5040670638549948,0.6535672196759232,-0.4513174159807465,0.62873542400522,-0.4692282183464275,0.4737790762636592,-0.0910285441321684,-0.4832757590830959,-0.6966469410161235,-0.1114639680346268,0.4222410300933268,0.6076284313140247,0.3512268585453881,1.0670095260865042,1.341829002446587,1.1370759571299935,0.3886549100273067,0.2161550967922474,0.7703221027970836,0.8055497308337007
TCGA-AP-A1DP,-0.814074587375468,0.5329634617790932,-0.7539088561125922,-1.2941004156894398,-0.3725540653936895,0.0093170817218294,-0.8355103214814726,-0.3287035673272208,-0.946704618029058,-1.214807885143057,-0.530715404575346,-0.6111479435977957,0.0668687589907615,-1.020521379907268,-0.0958553033118819,-1.1610039330844129,-0.4760485851289243,-1.283210063815054,-1.325666131158119,-0.8945173641711067,-1.2190713043583163,-1.331631274831336,-0.0221778803593974,-0.7785532135700566,-1.3491054273401066,-0.5180675903251146,-1.153372597878726,-1.256898768169446,-0.3647729390202286,0.1534102114397401,-0.0464492933865546,-0.0056705425048198,-0.3026888736127178,-0.3978758661622981,-0.2616264284371661,-0.7131991225398935,-0.4364799994852906,-1.1543589177077034,-1.1342827838086766,0.0236213157933555
TCGA-BG-A3EW,-0.5144754549217192,1.0925062146537012,0.7732020555504939,-0.4288491216792313,0.2453628474089304,0.9384896840026836,0.0174782079610629,-0.6047824194018433,0.4326072245698247,0.0796854961245993,0.2662319370245754,0.3903418235322603,0.1775689149638686,0.5157863214468035,1.5577531168531285,-0.2855533648394286,1.218135263835438,-0.4711669367668725,0.1169458256545324,0.3553407591790448,0.1242952033960965,0.1907092679207941,-0.0387355939055597,0.4978332563910171,0.7675661643451962,1.328026985019913,0.501452575796978,0.1756899245703863,-0.2722588284819141,-0.6375459901677605,0.4703334901563676,0.7886420441504061,0.7538662250739795,0.3517582819057016,0.5187560266505438,1.7397852353113124,0.6077148517979984,0.1145057161622488,-0.267625924565373,0.0958666087843676
TCGA-B5-A11F,-0.5114011250642517,0.8522900869885522,0.8796072943880803,0.2364799960059356,0.4560822432791947,-1.4783876675856455,-0.6391428164026673,-0.1176751993220581,-0.2036225110438364,0.8095148216857925,1.3102408198374966,0.3362935603740995,0.2730524280514541,-0.172229680616533,0.3328879116431317,1.1840210341965025,0.2295132261012914,0.4222595322664815,-0.5356944520817547,-0.0635493034732345,-0.6373943878410563,-0.6436041281789843,-0.6759606364372238,-0.0132552892772619,0.2607628590682922,-0.0478468389184714,0.2778745146863637,0.1620218456454624,0.4704427917249332,0.0017823534806212,-0.3352596430769404,0.3200025740161582,0.0093803442309306,0.6700294261398393,0.2872420637962041,0.4314167575406801,0.5632107341030261,-0.2086638454911367,2.1410256105336805,-0.0705543510813418
TCGA-B5-A121,-0.6403417882999627,1.0322776437757049,-0.4204913017346216,-1.1906790553462032,-0.3518862265406207,-0.2786736600394218,-0.6361466703432852,-0.1445603965814408,-0.3741026933172393,-0.5007037678548717,1.0778213624620834,0.8714810008495762,1.1974778154735368,-0.3782192928191791,-0.1818804850886982,0.3398426496322676,-0.8879109290699835,-0.6919836615231025,-1.0105578924541898,-0.8742991052837424,-0.2502761230316694,-0.4482834798968609,-0.9329012755488992,-0.2911655457567157,-0.5360952035036275,-0.0258610107715112,0.1886259379960417,-0.6218981559259263,0.1451175696318694,0.2331305781399681,-0.5737105550685055,0.1533941104202842,0.3699361076298717,-0.1450533683437446,-1.1731489618193172,0.0748927503474243,0.3316839590908614,-1.2015677278847472,0.6361191967938163,0.5709882488682937
TCGA-AP-A1DR,0.0105054571385222,0.7881845749683883,0.1410519413986598,-0.3202521702322622,2.023025592922828,0.3579389499763948,-0.2953502167934936,0.6534926973958131,0.8380216929752792,0.2583743358433589,0.8074240913348146,0.8320997017985651,0.3491320913979098,0.819321493069593,1.425210863173637,-1.467087889073517,1.9470065156827896,0.8887263446270162,0.1727898897390768,0.4630876627591347,-1.1861416153418185,-0.6983357586098428,-2.074404214103664,0.6345778996609438,0.6107768109529921,0.7675260700456434,0.9628092812115736,-0.0666689246299318,-0.0717508360951354,1.2298934248063476,0.9673046005456464,1.9249487416034448,0.1922573786368512,1.5028672098180735,2.037691946657568,0.4469900353538811,0.1119749296515749,0.8615113567184931,-0.5364058192978147,0.1259940651589088
TCGA-BS-A0UF,1.0978222173255558,0.1796449277695381,0.1254765162495267,-0.2008095251034455,-0.0596034792221002,-0.346009760231758,0.2855672391867888,0.1016353742115571,0.7211833167335809,0.0659910340269233,-0.7597488129549838,-0.92361868246916,0.7528697129761174,0.7673832511848422,0.0718151415322937,1.2898059320540156,-0.7668647414304904,0.3861433600689007,0.9711955829920856,0.3895240637121354,0.5490583579181743,1.0808379536397794,-0.5913702514450744,-0.1374076411280872,0.8540036730172045,0.8532320290181099,0.5813300087791723,-0.0613892941940078,-0.3600111331483903,0.3935630308142057,-0.3831119833055854,1.353032921269978,0.5085895303922228,-0.885186035638663,-0.691549959925699,0.6288279830754658,-0.2363178037177435,0.4111799795055646,0.2993503497303699,0.5688714530322493
TCGA-AX-A06F,0.9155028543753986,0.0763689123740861,-0.3491840006306738,-0.3566290268527585,0.1465063376269634,0.887868465421749,-0.0848613960100569,0.440310125061298,0.9004992709357851,-0.4265775993856341,-1.3334778717481837,-1.33415895220821,0.6355478930336997,0.8410393027395602,0.6870031079821578,-1.625482056994948,0.1171133325461191,-0.3221729584508799,0.4474879651723625,0.2044745908020421,-0.8400866676703471,-0.1836297977808756,-0.1030506584422817,-0.4548330775830781,0.411811202007369,1.622734494577605,0.8942886081735072,0.8630952723516458,-0.5591302529453853,0.9839551033592911,-0.5817354512523675,1.2205504546472723,-0.7959400709393483,-1.1125841771019795,-0.7851728405018159,1.563854538060483,-0.8704377986251322,-0.1301859263725071,-0.7807783556242628,-0.0323788922908537
TCGA-AP-A1E4,-2.2213688903758992,-1.6136602184687625,-1.8734992659556424,0.0997064724958473,-2.107530683225682,-1.4339355830974638,-2.680960272238452,0.6302222438204815,-0.0622740649204245,0.1074995961049476,-1.773641862361854,-2.5790777643973755,-1.9211127813741196,-0.1350927505536201,-0.6439609000366757,0.1044116878179081,-1.408807714996644,-2.2827035558203725,-2.967427800752812,-3.1126492588417745,-2.283907035213369,-2.6959670282408577,-0.1720646304288463,-1.8363562917047351,0.0752972289404195,-0.8888663663982888,0.2720790337064391,0.3922827785478489,-0.5992079244049261,-0.3871300633056219,-1.752498586993249,-1.7796211833276727,-0.5839677912516315,0.8906781824730201,-2.53300232671688,-0.8747388695292238,0.1756979819235277,-1.633709667675934,-0.5633681511973571,-2.3603254933017896
TCGA-AX-A06D,-0.8834204327270209,-0.846057663591276,-1.782799788024023,-0.7147024318589668,-1.534023645777783,-0.9062329260603016,-0.7536101744260301,-0.3332810979253773,-1.4219462831664276,-1.758583316332011,-1.187130743795226,-1.0327273693673813,-1.2723149966747418,-1.56508305239451,-0.4968320768049051,-0.4279731940958718,-0.8579973780748003,-0.7929219448977253,-0.1191147385607403,-0.745058852593166,-0.832217620389022,-1.0464531544304598,1.0824413695234605,-1.172804255259849,-1.5962080297027628,-0.6612506788021866,-1.6309174683688363,-1.302115764643753,0.6167320265474036,0.064281673649139,0.106628919560383,-0.1115801213725636,-0.652823162180308,-0.9396310334932492,-1.0307954518142752,-1.279517005971271,-0.630158870937823,-1.7339970154821525,-0.5877013367670624,-0.4738036285435048
TCGA-DF-A2L0,-0.1867251426480338,-1.8382493891806349,-2.551054695103459,-1.94607275059528,-1.601568956142504,-0.5289691467348887,-0.7097367660925112,0.9514300360066048,0.1208098897795615,-1.1458904867403663,-0.93820735755378,-0.652888631236053,0.1764665787744006,-0.1581473310276822,-0.5762629157029149,-1.8137194556210607,-2.1125080351049235,-0.9589741170054648,-0.922612242001876,-0.6913123860290635,0.6421608518912543,0.1023026091210477,-3.016764727020947,-1.7230806300747847,-2.48119989596664,0.0614481728047171,-0.2658700120985262,1.5487051272543957,-2.058178689571652,1.3626152667079858,-1.7602082081010064,-0.9526244286316294,0.9374243712203052,-2.683909423256819,-1.755319891933142,-0.4029556688514134,-2.680336187429215,-0.2063886035913872,-1.7834337233908348,-0.4934645740618202
TCGA-AX-A062,-1.1405854261369663,0.5806078870596122,0.6058572652249957,-0.2323263447144233,0.5662077919050653,0.0289837115762086,-0.6602928639189805,0.0820787867137386,0.9335326208936569,0.9463650738768422,0.5358135974499437,0.8547571322851637,-0.3365202180501823,1.1425766625447815,0.3206757069333182,1.3987893513938403,0.6442157227261186,-0.5882423932308417,-0.8126431287590354,-0.618486392811473,-1.1903287804309808,-1.18148636303432,-0.6937650364197765,0.5865680538044831,0.5628594222130375,0.6565477563250928,0.8695035331459664,-0.1144231051309079,1.1701753837041973,-0.266214115166551,-0.2145070347407223,0.0546065834315809,-1.11233501012001,1.4860498972177385,0.001030114622789,0.1346079917738034,1.3229638824358545,-0.609086995202974,1.5949452717535109,-0.4336726575708571
TCGA-AX-A2H8,0.1630084985059474,0.0731787426744855,0.1476991042411711,0.530816191464837,0.220135676683828,0.3946043176965789,0.0950441724300268,-0.7173855539265975,0.3605881428265008,-0.2706701204819642,1.0323214422980638,-0.0713357596231466,-1.6837159901485237,0.36755940125152,0.5614949105444244,1.277407669566072,1.357657418504176,0.2374534207871457,0.8462610794104874,0.6708166192266368,1.128037777918591,0.8614584730203235,1.9751683789308017,0.0164439569244692,0.6554555461767142,0.320167352153942,0.1462916312349062,0.5078057913796072,0.1940535183243676,-0.9599566412283425,-0.3629964115525769,0.1958854119390896,-0.711062060292442,0.4363833172785887,0.5387544403118069,0.2966559623535969,0.4368035021109523,0.2754955007019952,-0.3788343705764212,-0.5558201127069494
TCGA-D1-A163,0.3773536846520613,0.2610506360863001,1.2341248683659478,1.4887365346036237,1.463291899679951,1.330398620323174,0.2303958751900413,-0.0774770247548734,0.4069792880297388,1.3184832629309626,0.4216008816781061,0.6419186004265399,0.1808909901541927,0.5942813701988642,1.1573886685082095,-0.2058210749815973,1.5253504687929342,1.1578783150140126,0.3935171524964767,1.1605603905572737,-0.9773895708112276,-0.2704352020446144,-1.0179026864780647,1.3116718853439835,1.3216136523171396,0.4375658259835232,-0.0233000828577182,-0.2947230589987992,1.5748303676678863,-0.7638428271318585,0.929955232316065,0.7804331055260547,-0.2785858713061369,1.661393859978166,1.6209954178797572,0.0509748110006314,0.8111860472244646,-0.2492544011442309,0.6833093389785065,0.070479781217989
TCGA-EY-A1H0,-0.8632495569613516,-0.0432435107147735,-0.8856227365387334,-1.1096000917899025,-0.1004941548070929,0.2657763215904548,-0.7548878625207355,0.15164497549974,0.0766509929620644,-1.036861953097206,0.9481064425571992,0.2613954115205747,0.8506574592074386,0.0390562225566374,0.760564228352849,0.0061891287816339,-0.0840352173826836,-0.3290910932149978,-0.4538306577649025,-0.4925350172296942,-0.6786914137217325,-0.8429673745830629,-0.5399960195145992,-1.6279296602679385,-0.149626217024357,0.8753994070482881,0.5387275449322448,0.6213401813840396,-0.6661343565551208,0.7089650845904163,0.9949822387547588,0.4986647080367769,2.2383553715401536,-0.308447421935247,0.6180173221944731,0.1820712776787172,-0.80430109791781,0.6150265149480298,-0.4457796863469467,2.1366528321665306
TCGA-FI-A2EY,-1.430702358416492,-2.583529747294074,-0.973929751419874,-0.4683220589272762,-1.2824078665108056,-0.7376751519971719,-1.1979179007951632,1.018771893802712,0.2214735846984395,-1.331302760257407,-2.026956765651046,-0.9294278937543244,-1.1003393577371796,0.1130130827283499,-0.9096930728822142,-1.7202648981004542,-0.7873026674715066,-1.788450426335056,-0.8443159321409479,-1.8672372963848884,-0.4779891779822276,-1.031679125423267,0.0834390295238699,-1.4483929953876256,-0.4939976337837411,-1.003852066701605,-0.0791300134578785,1.320219334383023,-1.1712550490936136,0.1225011258300755,-1.2113952358983782,-3.3646352540134923,-1.3919793553710975,-1.6711580858607047,-1.0693553189398142,-1.2122612660183043,-1.5241465078727745,-0.6172579602313283,-1.3803365650638268,-0.5619115948856364
TCGA-AJ-A3EK,1.1685492085584728,0.9748885863195564,1.2444865790290538,0.1830648532145394,0.8670653608603469,0.435236224800723,0.7356089230565904,0.009355006322308,1.2450542781916203,0.6485864863669418,-0.0218869085180022,0.0788607772511357,1.099768388190226,1.3183935111716891,0.5681342439123513,-0.0151813644125422,0.0866178526010657,0.8198675721525365,0.6699057020922301,1.1227920686242578,-0.7144810167794811,0.0444936726936978,-0.2601466789441861,0.685078809689171,1.3348124809543616,1.9183648280144925,0.9978220284243124,0.3391835355137986,-0.7206892380914646,-0.5073871430273514,0.1975217304622172,1.7423160533602944,1.291067595872908,-0.0573353141100539,-0.028851860299014,1.1771139567162563,0.2368599833199621,-0.4782740414070309,-0.1823202335144173,1.501301311594876
TCGA-B5-A1N2,-0.3636103809977418,-0.4608764406707221,-0.4211427369657455,1.39817097286887,-1.0326904158243313,-0.0738929355729008,-0.769314385594526,0.1586241708806279,0.9399036488889788,0.2917600441202625,-0.7682983279249282,-1.17247314816475,-1.0282824008843845,0.827205701868697,-0.7378417251881275,0.9580404858808222,-0.7123904589055011,-0.4551281251974647,-0.4243376452421989,-0.4111969597480525,0.3927092794916991,-0.0740227657678224,1.4149887152250806,-0.3017534822051074,1.495063904814476,-0.4095744477170994,0.3261972625681972,-0.0492174204188038,0.6519738235196337,-0.238884411571672,-1.0438279046401318,-0.1449372861792236,-2.0788047165202554,-0.2204114097748532,-0.8657989810144958,-0.7498304404558538,0.3927749468236555,-0.571130870253763,0.0589470505212098,-1.4746295557271147
TCGA-BS-A0UA,1.0281521322851628,0.8093763992213463,0.7993065114760446,0.9374379115674276,0.4022983592026689,0.0281916884782609,0.9671942368657928,-0.1074801688431742,-0.9144902494301465,0.7917080160553376,0.8022061428796923,1.0962308914425334,0.6600236800728744,-0.8975421862813385,-0.1940322992564779,0.9002369082001747,-0.2181060269656207,1.1430826818071849,0.7916991736644206,0.8830150790567026,-0.3173855500280956,-0.0131086685289805,0.0694021880756529,1.351591691482319,-0.7131612211676852,-0.3333515389562922,-0.5540372909854823,-0.3763196532353683,0.4601538564024563,0.4384444986800421,0.4020566427937933,0.2451678305112476,0.7545884203729887,0.0812756415705618,0.2353062057225244,-0.0665398267163051,0.4153609854106805,-0.3612264550772932,0.2433101496515539,1.1651488379576955
TCGA-AJ-A3NE,0.9314673808314092,0.9965794749778908,0.6321742458203367,0.8209761405767938,1.8812936148145092,1.2433089163315216,1.7544419484318703,0.1034384285830169,0.8941168674316216,0.4584304399768121,1.3580841244216573,1.9697073217423005,0.1778854674549143,0.8041738458572582,0.6924984788990122,-0.2179292305405517,0.5065412386124122,1.044055028745605,1.0220603260667445,1.5428955235637791,1.2011782137783331,1.4647639320859218,1.065108978152951,1.1081491495310525,1.107867572266486,1.2769849225786358,0.8682816661670377,0.547896287849105,0.0060219309934714,-0.7827402180961658,1.6062025810831142,1.4458707424781092,-0.5749116671882999,1.0139575432047394,1.709383177510692,1.3794116834479262,0.2996005043594729,0.9050459845125576,0.0872698471846909,0.6586516000421153
TCGA-EY-A1GD,-0.5953834923044555,1.4621380624981144,0.1229892891480134,-0.6628752394355755,0.8206965154473377,2.0042899805067096,-0.7137783591878782,-0.4862346820627657,0.2693313501157996,-0.4743837373013477,1.4200518789202266,0.866629441314609,0.4026197596789458,0.4033416198051269,0.1348615146646265,-0.3595590477631948,0.0621038298545432,0.5527263985737452,-0.5689685561160691,-0.1029059300738215,-0.5482933767308827,-0.3189856734085622,-0.6707436485177306,-0.1731886790872244,0.613597229912048,0.20705815453959,-0.4763127787074073,-0.9274539825492512,1.0758492614108464,-0.8800013462398225,0.5051426670347355,-0.0530305455046028,-1.0823946976754273,0.3980280662496038,0.6740592055054281,-0.0153931864822817,0.4567049532353666,-0.2608373782811619,2.255725845162998,-0.8205486379238597
TCGA-D1-A16E,0.1214505324549478,0.5237432592698604,-0.689216699197579,0.2210239002349957,0.2058728894928504,0.1543571750430371,0.4857844366388236,-0.2633325813130094,-0.6316602454480942,-0.4351884573923838,1.0872147286375264,1.0901814892852169,0.1274648857435751,-0.5392195333985234,0.4335008178229468,0.4437292790865926,-0.4818638357951609,-0.2489406362279503,0.3222480225425886,0.4204906255804219,0.67920446911051,0.4953840026056482,-0.4022909787995219,0.3699803202408874,-0.2595435179629971,-0.2556087841140731,-0.6668877436027628,-0.4515901327660749,0.6254846628030037,-0.138008733109036,1.0109529706737972,0.0774690899210653,0.3972861158044919,-0.1653617439083368,-0.1052519133768686,-0.5815946765379248,-0.0161095881549514,-0.3544726276198369,-0.272620984678798,0.6465556022347555
TCGA-AP-A1DO,-0.7201791215946294,0.3099524558817785,-1.8785285733948036,-1.619956959348866,-0.2918849004439703,1.833679315583264,-1.256548329259213,1.1541849112729412,0.4193498491124323,-2.077554501350362,0.117710559376835,0.3197527308683835,0.6036998851069663,0.5247493088411891,1.360603610712585,-0.3898221141121837,-0.0811550582043527,-0.7736998682122185,-1.4901370361205737,-0.9767450309202684,-1.179814392101377,-1.2148553115672038,-0.5129436833360768,-0.971044561091868,-0.1419346093372172,1.0276623818929382,0.7891750888210823,0.5070756459643351,-0.213919196862439,1.7709665624655084,0.3649517662472795,0.8438623497444151,0.308854222378787,-0.7808056230235574,-0.1380053550499981,0.3791261203981996,-1.1958275102975913,-0.391450598429338,-0.521468798105656,-0.679516159872488
TCGA-AJ-A3OK,0.9096516012194646,1.5018934119706897,1.2276449595105112,0.6227352255550015,0.6214372033467019,-1.018934309324777,0.6591205463573413,-1.5353049047556362,-2.22428357441002,1.3105949041281435,1.083366214399551,0.7358180781985731,-0.006487960010685,-2.223680897284789,-1.4005065379860622,0.3357453529045497,-0.3677492784158452,0.910549575136252,0.5014941420070379,0.3521183324589803,-0.1688106123659375,-0.0540467862488521,-0.0050901518422604,1.4964675464968922,-1.638912529685486,-1.6642741571732436,-2.2697624831981127,-2.547578545541765,0.4785597988019686,-0.711814637599652,-0.248334961425016,0.0437996771162359,0.0092805531095409,1.1806979984379975,-0.4074241641715631,-2.034440209438886,1.691735881224702,-1.1597445679141638,0.5436747289195623,0.6493191644082195
TCGA-BG-A0M7,0.2229388426072137,-0.186757179801582,-0.0135808236840906,-0.1669375914987913,0.0986713887846114,-0.2182206809747112,0.375883116022668,0.2739978427368702,-0.5545968007921775,0.0846417655573807,1.0895567487866429,0.6008385863173271,0.5827157194327344,-0.5391656175394132,1.065575372537559,-0.1848224188068286,1.01275245925156,0.1742767063215899,0.4224464037332739,0.7399751933929064,0.5657524103662726,0.6370087678335509,-0.4618281225081952,0.109706790738538,-0.621585586290599,-0.1242133895567003,-0.5223118381864992,0.0088009837876075,1.062707402437682,0.4156407510522928,0.0956186328866754,-0.5134065047506118,0.8936501082148339,-0.2250170958262373,0.3228104874997689,0.0494419954374072,-0.1545017959777144,-0.2403131176198192,-0.5185518590221453,0.952176053549018
TCGA-BG-A0M6,-1.9587974200672915,-0.091753784718959,-0.2361226060783971,1.1583620498688183,-1.0452817744891012,-0.978389150701612,-1.7048614412938743,-0.7259770670616894,0.326079915180857,0.4622253412896731,0.4635499239532095,-0.2986255206969682,-1.5867628091023418,0.5387465479697544,0.9313458403842524,1.9448576115258345,0.3439337738460764,-0.8040405250678545,-1.9626649467714892,-1.6693707286078951,-1.6538314246843964,-1.824167558120773,0.6461938933128456,-0.7619700861270485,1.5524637353978428,-0.0475358277508935,-0.3265129930574198,-0.1568653229324538,0.2886034716471771,-0.8080710242567553,-0.6048589691128894,-0.7251103755070405,-1.4882257343089778,0.5697012980801125,-1.3778309283931336,-0.1691573993230224,0.8559322917725681,0.1593555135951344,0.2625638282192847,-2.296127189420323
TCGA-AP-A0LP,0.3508808708611637,-1.1905993037462204,-0.3591856889871128,-0.3831874474000764,-0.1404119056193636,-0.6892693986407574,0.0760218335615655,0.3446397617119316,-0.76286200105449,-0.7463353785937265,-0.0974145886112849,0.257511561902548,0.4576242993690358,-1.005187198403464,0.0692444829793259,-0.2379294628359399,-0.94182295273816,-0.6982512795124073,0.2315912085007417,-0.2805748681290465,0.5793664605559579,0.3627831586523897,-0.3677060513610639,-0.9762375689116264,-1.248245822820896,-0.7931950847008686,-0.5164548409465297,-0.3971772330649005,-0.6835407131546674,0.9683757210951714,0.408594751160398,-0.5056656995706645,0.6147311780715665,-1.133678199609035,-0.7842129711591733,-0.9103200112156768,-1.073241492467296,-0.6227623227682381,-0.3971438131035647,0.8258232543197064
TCGA-AX-A1C9,0.4209966990550998,-0.0346313283879527,0.1836309834699938,-0.3393937605918724,-0.259317390334503,-0.7784990663303913,0.398364864754025,-0.2559247485996858,0.753059447856987,-0.4923230780541132,-0.6600645609365126,-0.7528804187112894,-0.7487754063622961,0.6982454959645926,-0.1702923644605779,0.2017913931561349,-1.2279138606772315,0.1650620056458845,0.3991647848685263,-0.1004826838142063,0.8367511753779168,0.7080350278019439,-0.1884884599483848,-0.1229917493088083,0.9324698206961552,0.2338203868444078,0.5454052359467498,0.0026293895270217,-0.1635327964636854,-0.2606848952509043,-1.6765604766555833,-0.4013234715456074,-1.0191540406128945,-0.1399156461480285,-0.9286013789410122,-0.0792719600183447,-0.0779819261691856,-1.5486258841381009,0.1638652962690491,-1.5914009355265488
TCGA-AP-A1DV,-0.4973028904872242,-0.5349387637166919,-1.154221254680864,-0.7204206576097701,0.477600131760969,-1.1535758471637887,-0.8265227486649261,0.3750797982617166,-0.0284649496971741,-1.1293821841821452,-0.3863538105813641,-0.1669958485455117,0.8080082600776692,-0.0466708059411866,-0.1348950913648731,-1.7725495747876812,-0.7982503607191522,-0.6822284520283607,-0.7493468530393714,-0.6437911065629662,-1.9424324456615747,-1.7170662199665716,-0.0612163587708159,-1.3756730246968834,-0.2389885216775961,0.0223042476428864,0.3400238081393707,-0.0106259201533529,-0.296757756645065,0.9697118089779612,1.1240396210333283,0.425437888184261,0.707552040913616,-0.5122453005839772,-0.0976845338948006,-0.2570801898405043,-1.1402452052884329,-0.2030204087169787,-0.3932772479171992,0.1518937061031976
TCGA-AJ-A3EM,-1.751205354856429,-0.6676095153747073,-1.7894333367110964,-0.6316871805135655,-1.1696123761963406,3.18867593981324,-1.6982470254519293,1.042811298131863,2.040565824857495,-0.3479560875145415,-0.4961019398091366,-0.0295671232923194,0.6573902568374016,1.9904302346623912,0.2453038708298084,-1.1231033546406426,-0.4539971685353753,-1.5812671197883277,-2.033863048602008,-1.7529669327917057,-0.520838897762799,-1.080103211521012,0.3432508418835677,-1.7115883522956448,1.4899488838730817,1.1132412314503246,1.509538055792552,1.8995388524418493,-0.6174667199425452,1.1068754534565302,-1.7999733868143788,-0.0594589533951099,0.2555198011486068,-1.6586060641958753,-1.5562352748027422,1.209902436347818,-0.4266011529712846,0.3773196781696388,-0.2472933032371485,-1.2265256988631053
TCGA-EY-A3L3,-1.295971157050996,-1.967442465595253,-2.1743631517742688,-1.3167724278420696,-2.9302523172719885,-1.8292396627589984,-2.077663515944327,0.846840293942023,1.1727968619385072,-1.7577996871913544,-2.510833286994561,-3.048114771906218,-1.547965526364866,0.8795864940080251,-1.3101249417716976,-0.5511030877313658,-2.127113384698053,-2.3872538577270017,-1.9934708190628705,-2.3858547815403464,-1.0007889194595423,-1.5116899752199509,-0.1525116564529134,-1.3889229351598635,0.7628547268272001,-0.3705351107807759,0.9909167738083584,0.4452087310741563,-0.9112925674712028,-0.2498621443337387,-2.808524819419392,-1.458218010032818,-2.3257595968796565,-0.8444709366471891,-2.7085268301644905,-0.0962620310153133,-0.5678781360395038,-1.1334177997299626,-1.206670012921932,-2.29713384419853
TCGA-D1-A2G0,0.4152784699507139,-1.1973552354660268,-1.738260005324792,-1.8480302301933895,-0.9444534499741114,1.301158350282033,-0.5389428789960419,2.3336037267128167,1.5643082382735485,-2.251806255846317,-1.585336241085048,-0.1283519170738348,1.4219171933414396,1.4607135007486711,0.3433113659039442,-2.149428009804188,-0.9063652015884768,-0.7529273958308715,-0.8296941665982216,-1.0220753364738515,-0.7681656065470861,-0.777835146525928,-0.429068308771878,-1.6083002351114,0.2503197040558643,1.6264369033599329,2.423291135394583,2.7763714751745883,-1.0050929869640417,2.4966747591294225,0.4039504966078419,0.1779896049387845,-0.0183085322592951,-2.53156907995333,-0.8711641429604658,1.3297287770013393,-2.185026214268919,0.7306400881430838,-1.6166898824881124,0.1676984147129279
TCGA-EY-A2OO,-1.3576723341393284,-0.2812131341548917,-0.236689939585028,1.1232080012473096,-0.6052021343405839,-0.6106274315798251,0.0086720965337146,-1.2621936354415384,-1.0209327024458783,-0.1774224359995471,0.3435119312123804,0.5749397192097876,-1.3211817805208237,-0.8755676305222885,-0.0670142824382944,1.8695376764168596,0.005739176407486,-0.7994412189750189,-0.759716651652757,-0.7314655549527664,-0.547815498980382,-0.7911812244700515,1.9176758073966609,0.1453818639182189,0.0543778976724924,-1.2752836555391591,-1.502949805089139,-1.3192877429955514,1.1273544280931302,-1.5570197700030013,0.5479838715826564,-0.9519085804107484,-0.7683452373028594,1.076854162023281,-0.4705531487898372,-1.2129017793394876,0.4884327628769171,-0.3010372944421729,0.4903165386040758,-0.2503373709509181
TCGA-EC-A1NJ,1.0810650290665034,1.7151584549792196,0.7159779663351291,-0.4217043936083611,0.0763244258532206,-0.4015084840732117,0.8918726499258525,-0.1519974853948534,0.0644378341606672,0.474511177090756,0.5772426085075103,-0.1098458649335868,1.2301505807106632,0.0305769905862574,-0.0155632570989135,0.283484881716821,-0.7508361358928091,1.0172051655362149,0.8189177658765806,0.910161280203705,1.5210627407985435,1.468174297926736,-1.1064927358984162,0.8871833276324279,-0.0896455437947846,0.523134950547523,0.2720912592791115,-0.9684777050426492,-0.3272996739148662,0.625377320061473,-1.228664916743848,0.3866395161356309,0.5180243762258795,0.1281629693295083,-0.5279114335966195,0.1055710871115571,0.7317348563900308,-0.7143276485750406,-0.6397626577124812,0.5959152420338425
TCGA-AP-A05N,-0.4197564170432327,0.8560417745172931,1.5059277214860984,0.7373370043369314,0.6683237253248795,0.5693632932522379,0.4107796923939726,0.2910363690208735,0.203854439823769,1.0127534044145676,0.0037723703392289,0.4253765286803548,1.2413576791078251,0.1421380907820589,0.9977126839306638,0.8626274557590138,1.011000873255245,0.1732284278415979,-0.3825371583268044,-0.0803905118691965,-0.3652065904321978,-0.5186591405875954,0.1746341689449821,0.9615459004206472,-0.216823156782604,0.8530353609538214,0.7806296044395237,0.2903350797331298,0.4733308570836736,0.1131505547394689,0.6894544953936932,0.4368434296288029,-0.691693971419061,0.8467286585846879,0.1975174730722116,0.794726614315677,0.5715476379149972,0.2917573836409425,1.3723768802756338,1.1663253993598637
TCGA-A5-A0GD,0.1614585029686195,-0.3395593567805743,-0.8654627061845157,-1.4425313748413688,-0.6503526516132014,-0.4571770546740039,-0.4152933607140451,0.9046561077502872,0.5400784087384024,-1.8145187380083756,-0.1761803915505163,0.4481883917897628,1.2472553964784936,0.5357157295975469,0.6288619062775622,-1.5133212609336104,-1.459447647607142,-0.9003787775945062,0.2810126383793085,0.0065529142906807,0.751783257053623,0.5207323098893993,-0.5795737044572898,-0.6017574982932418,0.3052445109536604,0.5363113431248439,0.7985956663813001,0.5390289499461104,-0.1891765441176374,1.4024953259313406,-0.3528284192074803,0.3399007869453653,0.8460685874580106,-1.3773719473746615,-0.5912613619364226,0.4089223176510005,-1.291725264047858,-0.3477785671433393,-1.2699142857123116,0.9561511728267764
TCGA-B5-A0K8,0.4592739831858782,-0.6428855474773573,-0.5119247314385522,0.6787982133379431,0.0991413065949225,-1.128473548453931,-0.0123376115368667,-0.286175898601525,-0.2346109426839183,-0.5611240491788145,0.3698421266436686,0.0250721243699043,-0.8880533931423049,-0.0936719271630304,-0.7687448856427728,1.1953494425969564,-0.989307992024264,-0.2426960777461826,-0.2466112644860508,-0.2153314231690219,0.9501583927192004,0.544652038916372,1.0771904407453616,-0.0748179463395472,0.4978819613073237,-1.4365172736235008,-0.0699676028504684,0.341031405553091,0.3828050534717448,-0.3634712264410062,-0.2609114671950431,0.6103765955701852,-1.0372743209483228,0.2136823159506573,-0.5448354667197303,-1.1371287077174077,0.166806734326847,0.1211420494756397,0.5632815971515902,-0.364176261496804
TCGA-A5-A0R8,0.6693821158050418,-0.4273140711479601,0.397336339703969,-0.3429584549902503,0.7906927877380714,-0.6690924376616069,1.022824197412949,0.3914925534633459,-0.5563487599259771,0.0966939561063991,0.3837760121926069,0.7654242783974426,0.4638611988300761,-0.6618800362227807,0.3672513329175502,-0.808991931364303,-0.0714150866588621,0.5874876363558635,1.118964621271396,0.6446486381210981,0.5234862947424661,0.5781485602160099,0.7247636769431461,0.354856657426396,-1.068002579560314,-0.0899156276942377,-0.4893401877602424,-0.4566353098710377,-0.0108471042690029,0.6115742639820622,1.1298258430504742,-0.1731892814561109,1.936523899180306,-0.0970071074851863,0.0595158681943758,-0.6635064570045947,-0.3703403805357061,0.0500113220742884,-0.709245198830515,2.009139367224582
TCGA-EY-A1GH,-0.0708658974082533,1.0441501232647985,-0.689076993093113,-1.4158716504969286,0.211547188228805,-0.7568742160636187,-0.0110119949242836,0.1378879606555242,0.90312349648173,-0.6569219315087539,0.4190898539926037,0.2531072150183716,0.2359823371320707,0.9143542894950252,0.0346760423282119,-0.2142298475338716,-1.4192690526019145,-0.4669004917138482,-0.2160086591075468,0.3992665520637867,0.1932776386492563,0.1942477005602259,-1.844527506170948,-0.2137513554195177,1.0388769463328027,0.9050280402904964,1.1476079700113142,0.0550634483103327,0.0600314975286144,0.5890657079506146,-0.6078029198558138,0.9232872921618922,0.0419400926887538,-0.3044612490410169,0.1131777673794379,0.5290366900471518,0.2408496161594036,-0.7787594790596554,-1.497149947326789,-0.3865901407242095
TCGA-4E-A92E,1.0109150777118865,1.5394478483956346,1.619425322041856,0.2447130646311693,1.25662352782059,-0.193350134118805,1.1479520344444285,-1.4077797435057722,-0.6565375424234191,0.939560821053887,0.6392121058363044,0.2601507125522339,-0.1172112836787792,-0.4713578728888938,0.4113345238189861,1.4899943215255265,0.3849658753811867,1.3711097127408447,1.1260600511145185,1.3380897193331436,1.3783546860594629,1.560081375894338,0.4651522174747359,1.6063774263075057,0.387604112288421,0.1894579099908558,-0.6549014649810662,-1.0737951448342715,-0.005190122231894,-2.067300281016983,0.4788586672205068,0.6110933101115615,-0.5849710071746967,0.9661284200621156,0.9614600839540348,0.7335903854529264,0.7954250495351717,-0.1931390924704834,1.5483886031848826,0.4760242579840932
TCGA-AX-A3G4,-0.986049242554032,-0.1510530638697585,0.7571548595324472,1.1422136959906797,0.0991121105003342,0.6085275227731158,-0.9635217062781224,0.1370449289035464,0.7232011703876771,1.4504539439887576,-0.3283978585998408,0.0978159261948041,0.0207169883317728,0.7840811704719934,-0.1896804719669521,0.3151125183346779,-0.4963202102782575,-0.5452342209316307,-0.8948380983984167,-0.8570520545767504,-0.698360835186192,-0.8065285060768059,0.0832259492327451,-0.6495093844788734,1.075376023403595,-0.2666087981744109,0.1394168513322103,0.4824599908368851,0.8904089598209121,-0.0381025751431196,-1.0367266625961218,-0.4002424363532384,-1.0085481858661196,0.4138982060586881,-1.023271040021523,-0.4463736647956862,0.9920394763217956,-0.1421923098430664,-0.0313160692556147,-0.1966914166917117
TCGA-AP-A0LF,2.073362463024534,-1.0621024287924723,-1.1505519398068638,-0.7491653844265176,0.2852342868575833,2.0441853923326496,1.0903256713519711,0.3037976402304679,0.3078463384285117,-1.160102335346309,-2.120685886459696,-0.7644512581781835,-1.590387420127215,0.2261454235322266,-1.2517388659038702,-2.5753008696624184,0.0960665859557562,1.0786940057912535,1.6160817166852095,1.0217416285377667,0.2410266960248376,0.9600079892344544,-0.7436839061510815,-0.1916173823354292,0.3037755572001003,0.0285848716309149,-0.6957135814492491,0.1227962233504596,-3.0168850284510094,-0.7286546100134736,1.084900874070145,-0.1730861947503428,-0.748226027131728,-1.210075514817457,0.973980337712588,0.9158010836073592,-1.1146991471469878,0.6848878380996721,-0.6875912174157496,-0.4238135591455986
TCGA-AJ-A2QM,-1.535786699377208,-0.1126326305092884,-0.0656983201210428,-0.0400883445532915,-1.142556726342141,0.3405452033986858,-0.8621862804692467,-0.7816847154338844,0.7262121282892083,0.3202542786794622,-0.3337167102729138,-0.3383230982880157,-0.6481204651896931,0.8317002001466824,0.7637783348565587,0.5316510854280687,0.3748804932968361,-1.026625093689406,-0.7888934355951465,-1.0083633537210477,0.5743787623031631,-0.209329514555685,0.886972713803047,-0.8101974112542598,1.0713175443773286,-0.2868794382350316,-0.0409154791304476,-0.3167525148186276,-1.5591263377461837,-1.395784047183253,-0.2862214144232704,0.2180421951368327,-0.5338961180622499,0.0077005140737619,-0.6795379034352865,-0.3012365022641167,0.2212287633137673,0.0224110556470607,0.1314194937916819,-0.5609650958135819
TCGA-E6-A8L9,0.4990980307171077,-1.2494589238562397,-0.117180151953088,0.2345932295811416,0.6457835346782989,-1.8149973769010412,0.4455598303149791,0.0962476505979565,-0.1033163275879861,0.7400078706533093,-1.3714087643024715,-1.3751809538318993,-1.853682311819968,-0.0145366439584839,-0.9565394186514314,0.0168855483827262,-0.4314145522676882,0.3750919199673691,0.2629493636605604,0.124553890355083,1.150006143303688,0.8476483001790305,0.8712270730475232,0.8991618603889568,-0.2126725902544355,-0.3641361342110944,0.4028691226170235,0.4032339915380128,0.6832234103905449,-0.9028415665776288,-0.7493256263869094,0.033436798702232,-0.9433061326823312,0.956114534766922,-0.3548828224457815,-0.3662884691612207,0.0102444976621343,-0.2788517371565877,0.4485384682531431,-1.188170768048892
TCGA-EY-A1GF,-0.0298779467695121,1.802727956308208,-0.2708501314846556,-1.918761061600044,0.1055930955080948,-0.2248488922533303,-0.5230557116572047,-0.3666689335922065,0.0309368061262574,-0.1685187684112897,0.2364297868939815,-0.1916390270810526,0.9263430614194516,-0.0227643599778282,0.4802850496896945,-0.7711026750366813,0.1502310650235916,-0.1148080485366788,-0.6691456664412625,0.044331552436716,-1.206711623384235,-0.8624048752655322,-1.4957049927826225,-0.3479695921402186,-0.0746178508995312,0.7718693065517535,0.5520494791528748,-0.3422409169962188,-0.7065195256021188,-0.0320696727563046,-1.3616200073237124,-0.5694483210565301,-0.4180985448669194,-0.2524231572557948,0.3284109325351453,0.6805309326250544,0.3866637688381928,-0.7354250885738111,-0.9520169243802272,-0.3009711179993403
TCGA-AJ-A5DV,0.2741347867512154,0.383370320724219,-0.0908201047968802,-1.8356272781601484,0.7096369515453645,-0.906562082622724,0.8913066621776791,-0.2724412240577164,0.2595163236618721,-0.9140281042285604,0.5695296183071068,0.5336159180683554,1.169867516833042,0.2426482006691975,0.9345929110187392,-0.5501492959228839,0.4240122850375678,0.0830649676795609,0.648882738429941,1.0577795622735338,0.3309195585970315,0.3785412339162624,-0.8135597092368828,0.0802066791667611,0.199658111473333,0.8043613266229319,0.4490613481618331,-0.4621767795387023,-0.5942399381270186,-0.3583104157221846,0.0369493359096965,0.5854284722325255,1.3915837441438716,-0.4277409944352273,0.950876605427659,0.4558795949883623,-0.0615587563154983,-0.1814147194493478,-0.7846969038526922,1.654308548277052
TCGA-AP-A1E0,-0.1650266137579253,0.7908079904499156,0.8686156291887728,0.05108379068425,1.033882311469123,0.5514544489454644,-0.4823658330822806,0.7997379008712587,1.3730334907961852,0.9730181374374772,0.3079283389367405,0.5292712812980687,-0.3562437204603508,1.3089653596901878,1.00583093395408,0.6411066098511209,0.2536651136804593,0.5509740749656703,-0.4072479226860618,0.0496493832312162,-0.4074006539332883,-0.2577862396629192,-0.2558151361676264,-0.2260348356264494,1.1519595666232032,1.6262686109167572,1.4401429357766218,0.8329335901682362,1.173323261101399,0.148315489452596,0.9954096380210002,1.111745139334915,-0.3846750395229424,0.1900594928599166,0.0320233951916935,0.4681235056042063,0.1669727212333581,0.768003485138492,1.3429770748313872,-0.2488533642019093
TCGA-QS-A744,-1.3513672130521412,-0.056325938234122,0.8298720437793966,0.3124129373786867,0.2438592387986423,0.7947755095318022,-1.111937874568381,-0.2421282686791981,0.6952420576762409,0.9781321554611014,-0.0577001219923612,0.0156498011153847,-1.3031272568720549,0.9632579915962796,0.2823939699176391,1.2343630407237207,1.0566116418911864,-0.5722424512467154,-0.7021784263521106,-0.2152720207076059,-1.3975332710476904,-1.3962908630252646,0.5987774611274539,-0.0891103069134589,1.3809044179837957,0.5897950477430526,0.5803004249665987,0.2709995800158924,-0.0563933961983734,-1.4103679639027245,0.3148613876901458,0.2402810442144159,-1.879480128342187,1.7280292353917075,0.110321502723123,0.5135024185334254,0.7260110105019392,-0.2670925964007162,1.1853404970845318,-1.2707267222116674
TCGA-D1-A161,-0.0792111120654538,0.4396990545030817,-0.439324617298952,-1.0111377046879784,-0.8572265652894868,-0.3169008142736323,-0.1592918466344672,0.0075325175806156,-0.3635024047316795,-0.6575328266724728,0.3292308124951258,0.0401595568391228,0.485982276798572,-0.2956310655805849,-0.4036877937935092,-0.4957959327885536,-1.3035978345590442,-0.8214870915020882,-0.0621992160850586,-0.5570279836364193,-0.0689779998750952,-0.1129739102619408,-1.2462176210676954,-0.812645097425892,-0.1241745037708089,-0.9222275341443364,-0.256913732025558,-0.2542113391032955,0.3227110808289257,0.1473152204296313,-0.7896969810422871,-0.1768870852994569,0.2313278716558758,-0.492730860004207,-0.4789918257159834,-0.4403945170395734,0.0549463772777567,-1.3752493042983471,0.1759306499771248,0.266349197097936
TCGA-B5-A0K9,0.3409308761505667,0.951298607635336,0.095582263608688,-0.2946417839579049,0.3280696373345121,0.0696452003495383,0.7806518595830904,0.2294889152716509,0.2650547163242384,0.1206158372122421,0.9537692055793908,1.3457665765330202,0.6893033352834501,0.452885942773067,1.7657911314335724,-1.2651895341813275,0.8834422597876141,-0.2205438331153168,0.5557724774584032,0.8751164321961061,0.2910134433404454,0.222169049030728,-0.6074471418303956,0.3183050752995184,0.5016466747596227,1.1979233609240727,0.4408364743299641,0.2699512164291041,-0.943009554378458,0.2475466573653634,0.4596667960961466,1.3103360239352833,0.2613013700295023,-0.7015566524265701,0.8141611256649466,0.8117323725466864,-1.1117226893106844,1.027584809680435,-1.5136390582108292,0.6254358941492868
TCGA-EY-A2ON,0.2197654032369971,-0.6031905872846828,-0.2036686590138867,0.1006419768320895,0.1409628663319207,0.720851010830776,0.4346935729422165,0.1023387886677231,0.3535033478535366,-0.8918791877847343,-0.7277138310777209,-0.6449463682052189,0.7192688983096075,0.3310936945432338,0.792116773465404,-2.4173780644975285,0.7013131220896154,0.1273048677249004,0.5063538268411218,0.4397432693533825,1.818288950039123,1.1958684239804118,0.2875277638463138,-0.064469975626058,0.5904391062688809,0.4993359327842808,0.164025836581814,0.8710278505262309,-2.7444901093539165,0.097619021599522,0.2177128630092644,-0.5308256328681031,-0.251794105998075,-1.0345520961918755,-0.2040085344550567,1.3465208094389027,-0.3086586993878573,0.407194067944529,-1.6695258378736135,0.9586404163952972
TCGA-AX-A2HD,-0.1943646330209181,0.0043600938163768,0.2773278858367685,0.5724457875321864,0.7115603698468115,0.9321870717860848,-0.3375422012773356,-0.2721023835149687,0.5681965180820473,-0.2349596236439932,0.6773047289569418,-0.4692932220012429,-0.5299781385592148,0.8330373928430843,0.0431117532088116,0.753496163259961,0.8182626307859212,-0.237895741804383,0.0379128447170912,-0.0221297376354177,-0.4240121339880209,-0.3046428505941994,-0.185309353333166,-0.4453783705118038,1.4094878200219971,0.7809043410022293,-0.1224874841211638,0.0307607808412713,-0.8712918030140536,-1.5396526469129552,0.915119340147034,0.9176607927591652,-1.0727072473134869,1.0707948585865408,0.2978767316664059,0.8068046824239089,0.0719375935740011,0.7609404095080292,0.4072417276413004,0.3977188393563597
TCGA-EC-A24G,0.6626556773964551,1.5825387862042946,1.357853363598912,0.9459542113225716,0.9149668320258189,0.9943839923079878,0.813389117221512,-0.7034309765431949,-0.4518961022571058,1.0810057321979034,1.2541860908465696,1.0488877536528538,0.9901559699269278,-0.1371321991275817,1.4226571255763254,0.4001265469018145,1.0371760511409205,0.9280901421639776,0.4232900377456266,0.4220935436269747,-0.0906839113816372,0.1292136231906069,-0.5374516197729545,0.5960432652264231,0.3500213184017384,0.890769051548768,-0.4012765480524057,-0.6667513705548598,1.2116138879113616,0.2893901185404983,0.4521662231337128,0.5243201039936558,0.8691485116552671,0.7099987661541952,0.3373129270751438,0.2466777304464182,0.6755449509161303,0.2504483283984914,0.1025088579827955,0.7772550392230648
TCGA-D1-A1NZ,0.4954416872689651,-0.1594758441804991,-0.2837356577175299,-0.626390164529225,-0.6944625214679562,0.0999121974424799,0.1908155123651006,-0.2176084918724735,-0.2637781044501044,-0.7019098151594263,-0.084753071858631,0.0719312162431144,1.0608143280760625,-0.2302700514075047,-0.14655635519552,-0.2453648467142486,-1.307429758572446,-0.1810621095977584,0.2126223281178116,0.2170248784435247,0.8939968172345654,0.6084423917135138,-0.8212700924678336,0.0653692193785169,0.1431835499209564,-0.4263838199717317,-0.4046187790172731,-0.6439303633586257,0.3673371626311166,0.3859016452186183,-0.5098024556438288,0.2077165742420466,0.4637449074010693,-0.718247832600283,-0.5030053638117743,-1.0519545463318496,-0.2732417429204949,-0.8279781537663986,-0.5349814491375664,0.7398011156373863
TCGA-A5-A7WJ,-0.9290875201289432,0.6814131147549698,-1.1837574453038353,-1.1127768818380932,-1.3132797877702926,0.5611195416478144,-0.5144180543939441,0.3466665977612265,1.0972701049766225,-1.5698086594765768,-0.4254751948252788,0.4192396606699956,1.2930472054576692,1.2539887478791072,1.4781887466247383,-0.3320624107214711,-0.610065100751332,-0.7877961963540986,-1.0047608600349018,-0.6659960997576639,0.177905176427749,-0.4163960328672489,0.6351210253216784,-0.3801700981846045,1.2338797639836268,1.1112694485013888,0.7128990997406871,0.2973126536336245,-1.273514446634625,0.1213882589266065,-0.9133856065799884,0.0710494563754373,-0.1686451219236956,-1.540468251830852,-0.7027522065636091,1.0427154338902294,-0.9068926594886724,-0.2329048744498557,-0.1422402088537995,0.8690735397170617
TCGA-PG-A5BC,-0.5588030486121187,0.7171181375377818,1.7393993479228782,0.6080994736124231,0.9565878292017008,1.4595791297909262,0.6107167742405425,-0.4595420841075182,0.6477283016132716,1.492032513440214,0.4984993493053326,0.5097225493644029,-1.277138054277281,0.8927874730750172,0.2538951083015225,1.4044512251926082,1.6442612510981551,0.8443328142463827,0.2973015942978407,0.1227325882331506,-0.7814995607763496,-0.6463352500292832,0.8125608149470047,0.7433096352613391,1.2227829603260811,0.4892500472195283,0.4238737008762872,-0.1859583458926552,1.3484575567944013,-0.7253678061191203,-0.2121778524214919,0.4447616578257451,-0.4593095855011374,1.4236379251922051,1.678089936957872,0.2045867156573029,1.1198054683635643,0.6055649671492461,-0.1936840967146507,-0.5649855323091763
TCGA-AJ-A3NG,-1.4122759541320522,1.2546852146399563,-0.2388746808250637,-0.0666103951239698,-0.7870569945942939,0.7676894876368305,-1.375695351333037,0.1517473173029644,1.287456603240996,-0.0194660156229543,-0.019153981420395,-0.2636219758423336,-0.0028196047706304,1.4992117997262135,0.0744391864844295,0.7739448687225067,0.0674667393009921,-1.0639361598123216,-1.6386584439638328,-1.1501568965791078,-1.6059531536764544,-1.6212768405094626,0.6573127825869006,-0.537557838586513,2.270576884088699,0.6997845056334736,0.903381707846206,0.1772398055238121,-0.3139624745804562,-0.7644295678628639,-1.0956565206117033,-0.0224834138413372,-0.6128563764264964,0.5042244981012084,-1.0220277849733657,0.2534009799959283,1.1203878507549296,0.0344708486733489,-0.1102595187836477,-1.184961551750936
TCGA-A5-A2K3,3.986935928674471,-0.8062131605614117,0.2360427268668772,-0.4789939443206656,1.9778314265274537,0.7962502077084773,2.812580729195953,1.0084906779227414,0.4957061562676947,-0.5536353416293502,-1.539603351072528,-0.48277975887352,-0.1684281894511205,0.1115149037035038,-0.3247534132373386,-1.5228872483289295,0.2718123563603561,3.3607291472714578,2.824352364598747,2.557531227011569,1.7288117297857488,2.806588577473541,-0.459517784763893,1.7117848395609794,-1.3890535591329003,0.69819951383426,0.5962227233513854,0.8629656363183511,-0.1499026482655557,1.3686493669798092,0.7966115828772022,1.3797772752708388,2.28612100203576,-0.984926519758136,1.3761970418462768,1.1312362699922054,-1.061576529471734,1.3765745144049206,-1.2014755830318136,-0.3883596363331836
TCGA-EY-A1GP,0.0333608235203681,-0.2133781543143817,1.4779245862526444,1.3074058433008895,0.340613365940692,-0.7812605669808638,0.4344482254169226,-0.4222641599755232,-0.1663739697603163,1.3601322607098385,-1.0027173996797032,-0.7360551247090495,-1.052924693636432,-0.1376334295620362,-0.5325655552363335,3.4538468512070937,-0.0497474438022295,0.706990251175796,-0.1544548594839683,-0.0881123982063106,0.7491413045551517,0.6202689303000464,1.6658772417194283,1.297749520663333,0.1504377564148177,-0.3342065821468686,-0.3392370695570329,-0.6117044581082608,0.5559943021453004,-1.3076102286174016,-0.0190050709102078,-0.3413800810558604,-0.9165877204136068,1.5307296510692678,-0.5521390077131954,-0.4297949320209147,0.4828705663938921,0.0708971176740289,3.0201472929938404,-0.4210568737057132
TCGA-EY-A4KR,2.024382281666944,-0.1049321755129039,0.0534029280613795,0.9237159394065372,1.095808392006425,-0.3101371010114201,1.6553617754049224,0.24309456766375,0.8237312078710504,0.7324847238402581,-0.1864917901202874,-0.141496015079616,-1.5076923537044258,0.918185335658808,0.3675774451151254,-0.0228659910403177,0.631335065971252,1.4157709057114285,2.204227877101506,2.1769899248960534,1.2577572700715307,1.6549660515608011,-0.0960793513970695,1.3206149000656162,0.7185522256638097,0.5576373842299946,0.9467309653983854,0.6337469435274554,0.4763957707008782,-0.7605275773534,0.5075896189577566,0.952131642060244,0.2729834678908585,0.6592354543778363,1.382137079274703,1.1290016125224305,0.3358845187691982,0.6098978134527905,-1.2347972390083326,-0.5827610658477186
TCGA-AP-A05H,-2.006393524739352,-2.103727178339597,-1.6497746968541105,0.673500870620247,-0.8924926933677807,1.5282424936771195,-1.7480446226749815,0.2285663188512525,-0.0537875739884325,1.0909727502220188,-0.3704776368921063,0.4475640257116987,-1.897510921285072,-0.1766384143036623,0.3456076141329621,-0.6938414415166332,0.4193211301194391,-2.0597342950141355,-1.515134791417111,-1.940155686398941,0.1289155309029911,-0.6605355693118626,0.5167048516078694,-1.2342934957498266,-0.5368156892078481,-0.0385541749456463,-0.0664379838375727,1.0025577898559772,-0.7904022785777693,-0.1718418725687648,0.592998299995471,-2.0473599715044406,-0.3927364875090918,0.0376221332797414,-1.1209653924043406,0.2527264405239701,-0.914056209338,0.7259466867698531,0.4656789833781011,-1.3654278924792815
TCGA-B5-A0K2,1.6958137617453632,1.0110686666011277,0.8681673951567425,-0.0429248415622196,1.2890489155484917,-0.024744664172912,1.6379342181427736,0.4179423542338483,-0.7251156477517021,0.379948584756562,0.9218563088667956,1.3300209385577808,1.613627443406057,-0.8285884165569994,0.8191898952907465,-0.1982980481518707,0.4383844498001488,1.38056637336809,1.3234619228858824,1.4177778330947812,0.8673959406549658,1.0403228253232384,-0.8041952361760165,1.328526230335485,-1.932374999787148,0.5989424493725386,0.1929014415964891,-0.9678290545219432,-0.0603296747019392,1.7415070531862251,0.8335699086167427,0.2978184666543028,1.5574914360576235,-0.0736984541352267,0.5782594547959342,-0.0917207352022466,-0.2020263250850872,0.3601639452051017,-1.1665721172367352,0.8930007343952522
TCGA-BK-A56F,-0.055204007456297,1.7746099126310098,1.6510620510708451,-0.0393086161561076,0.1569055306654866,-0.3643504212742951,0.2623350680541791,-0.88011877125123,-0.3472593404108526,0.9124065945729936,0.7984684118074704,0.3697938011703889,-0.0114880518298452,-0.21446579757932,-0.6782482265034773,1.108562522777366,-0.6396940886020481,0.0112485666737971,-0.2182317038785074,0.1106273219533324,-0.7539775570056685,-0.6314120157950442,0.2932350412537074,0.1341297873850953,0.3256428211426717,-0.3703250091487005,0.0364860775096163,-0.7787687302452653,-0.5030902433909079,-1.1219073685740746,-1.240295985439429,0.1765521683159097,-0.6055289554918882,0.7076071985406172,-0.272340144924407,-0.1052401014755795,0.9658208162237574,-1.4742464659155865,1.2509707646586503,-0.2733691344899974
TCGA-EY-A212,-0.5112003309789368,-0.5205048259870285,-0.7125436871712291,0.2348408473888199,0.1024505749291239,0.1141232998951029,-0.6857550270164231,-0.0186784159562549,0.667216111419339,-0.6595433560624394,0.0940060703037971,-0.4035138550046733,-0.9325941891835058,0.8351632499623733,-0.0691012725498659,0.0527182927590009,0.0965282022552669,-0.5593150149923349,0.0582801692633693,-0.0445902904196913,0.474184679912735,0.1127417057000129,1.3872036640283236,-0.4968899259397368,1.3899892401187384,-0.1421036535704307,0.6637570095575636,1.2153225135957295,0.1870725250763069,-0.4645021163742643,-0.2881858764584131,-1.14983872621879,-1.0790299557035112,0.2810746019760528,0.5303797598535679,0.1394284478757445,-0.1864384343088707,0.5888646229852781,-0.5406196252138896,-0.9914696440284656
TCGA-AJ-A23O,1.144863129529084,0.6697982056412307,1.4560152109519309,0.5373104959333693,0.6321017645354109,0.2391584459292776,0.7449096734326505,0.0033176512318225,-0.0779030965271346,0.3331539559478045,-0.1672130669736388,0.3456297245762331,-0.7996426292443345,-0.0435459209553901,0.2616514400277416,-0.2909228034963194,0.2032111258483213,0.5643189968543728,0.7168021432862063,0.7249067916732107,1.2423818371166453,1.2907957833648258,0.7315600814426736,0.7958106135905272,-0.1262775231894629,-0.0020841047605102,-0.3790127547450441,-0.6046169151483248,0.4768200763168913,-0.422654387955648,-0.0514932736823553,0.9432200274727944,0.1799606122833357,0.4522673755892621,0.0471336964345979,0.3194687865754319,-0.3234073873918652,0.2094192311632053,0.0967960925781536,0.2215797597343311
TCGA-EY-A214,0.5190702808779104,0.8748970806389882,0.703740286544435,0.3545085860687664,0.9048497194197174,0.3459015810521962,1.3887727309177522,-0.6524980501174635,-0.3742159841131346,0.0530706313036233,1.1857718832109587,0.7777158456629347,-0.1361763266907706,-0.2478224825214418,0.1647983454437062,-1.020304893936916,0.4645772131922258,0.8600637629796917,1.327475767117165,1.5985231616535418,1.0833219252819326,1.0913988045422949,0.4267241776519385,0.8853155560943101,0.1598289612533256,-0.2934981198904807,-0.9057673435175866,-0.9262476044376254,1.274316435200889,-0.8047215729601428,-0.4071620897628922,0.5406197036738435,0.4103680590416979,-0.0736089950589378,1.0411105725583143,-0.1236929091382267,-0.0442452591589387,-0.4619753313218939,-0.6914965505284866,0.5325984499901192
TCGA-B5-A0K0,0.9755470477811812,0.6902646649789826,1.4372431844576556,1.6264955828853025,0.9466735331357274,-0.0700272622539295,1.465852678642401,-1.1696102209552928,-1.109773987514007,1.3069849864761909,0.3589782217456375,0.299761673172139,-0.1097894099098221,-0.942502767490114,-0.8694552146389769,2.2918061526424336,-0.4510290479896711,1.6171759211603545,0.7443935433985281,0.8579749765690785,0.1964761205101337,0.579698441232679,0.6673982960443182,2.234345654147633,-0.5337158235510607,-0.5199604481249026,-0.8007844358030521,-1.3655433632108904,1.7586559817796108,-0.9451355803895642,0.948562058215254,0.6551753185755874,-0.8453221097913592,1.806018144111561,0.2257802871976286,-0.9199975385159916,1.0262966651545185,-0.5921604611345846,3.195955384874404,0.4828880155931517
TCGA-KP-A3W3,0.8979079966729988,-0.9277721821208512,-0.6506198021605645,0.1779511983979361,-0.0490666552257323,-0.7072811800134743,0.1998026203392806,0.6404776607031425,0.2845001569527906,0.092293899745841,-1.0533225230106558,-0.7714086708315904,-0.3273889009292443,0.170666575738026,-0.597276237356574,-0.7467515205019415,-0.9091117033015724,-0.1112401175863415,0.9046881824816704,0.4392388838526497,1.8332142546401693,1.3182586199582655,0.7945105252456885,0.1257688355689236,-0.2728824854477757,-0.2752745587579339,0.5532419303508596,0.2232076441580972,-1.846565819059336,0.3307715905278637,-0.443867326488445,-0.5470758645853626,0.0797939243593849,-0.2317003398678772,-0.5232114353586281,-0.4607579188374424,0.0097786675949847,0.3926052927368046,-1.2136032939210406,-0.4883412080619644
TCGA-D1-A16D,0.3259709123113999,1.2543521319227031,1.4762822445008474,0.5396392311609186,0.7045282656754925,0.1634862511034615,1.6938424519277842,-0.8225386977627623,-1.6355540121944192,0.4356476996473308,1.8421665474778024,1.789341516359605,1.2895388661031244,-1.5636875407752653,0.875468144581011,0.214550954370604,0.7087289667695021,0.5625250117021395,0.7449990932140751,1.5024695435853326,0.0990969676624678,0.4013512942605293,1.1905414748061487,1.1404429387018318,-1.3363906456556416,-0.2148663994438524,-1.0508576774768807,-1.1279973323713612,0.9512626259442808,0.3724690884813745,1.7607274533763444,-0.180551026708062,1.1869709384093752,0.5322319069454083,0.7616363540056663,-0.636080592570427,0.5479185522279334,-0.1606096354488322,-0.3325992173411597,2.100455736354267
TCGA-B5-A0JZ,1.7914051987062145,0.2718958053137753,-0.3288845931078348,0.3003301576390601,0.4274621428528497,-0.4273997234101024,0.6953810234747286,0.824002151386189,0.5212732338129819,-0.2389737247894361,-0.8488918755983244,-0.2222929711131722,1.1940129844344562,0.4309150436019288,0.1088524883273802,-1.199805217525283,-1.2161678753737328,0.8784052570485353,0.7019222240662931,0.5060266076199362,-0.0528164832767036,0.4151121472075114,0.116546253076936,0.0069113551275302,0.2881928547257282,0.5618408594943708,0.3714891338792893,0.07326244848535,0.1587231688712044,0.4117359888845781,-0.5361586760759642,0.9914911014098242,0.5387787862240315,-0.7107890296312082,-0.634936042053887,0.1531771434104107,-0.9434694670607982,-0.3007128143036536,-0.658959681569553,0.7856824595406621
TCGA-AJ-A3EJ,0.2856493316950615,-0.1516535714445553,0.7105856533943852,1.1703114044044562,1.0518730074196865,-0.0670162724805382,1.3626098326846474,-0.1260016218838928,0.3196189375829186,1.3828736395000651,0.6112132166099314,0.5652444069093613,-1.097554134827867,0.1226039838508319,0.904347055965518,1.3182573559334951,1.495002961574913,0.6829642784889104,0.3440842007279145,0.9978923042764904,1.5392779658307234,1.1981182000888215,0.6909556627621146,1.52607384350697,0.1834641620752311,0.2856679415190399,0.0849976364950728,0.2389386330569839,0.7069352259747733,-0.8628823208181274,0.3579215509723813,1.037760052278511,0.7058802540084007,1.1796532580925811,0.3247861725281961,0.0930203800147604,0.9737323149091744,0.3309174160347858,-1.0901036731456395,-0.0937365532202946
TCGA-AJ-A3TW,1.5805189740100536,-1.3912321739242448,-1.2812578037113262,-1.0322138926995004,0.0441624362286219,0.4133192115197202,0.7549375127970618,1.8130426096817127,1.3663071561805678,-1.9201381814736111,-2.4050706210891346,-1.638856094852639,-0.9101288898130064,1.183444844107162,-0.7569739585326128,-2.490375482579658,-1.3183511477430556,0.3232011950314165,1.5281019202444226,1.0476718155666158,0.6656103869519532,1.1227590176015465,-0.9457740926448424,-0.4300535017267633,0.073480559920984,0.6643184593549453,1.5898087955024216,1.7728223260674283,-2.212994318835946,0.7877215028297958,-0.6859608885961048,-0.2927230043628243,0.0279737287844392,-1.3966651715127074,0.2908986859333762,1.1620041360193505,-1.834414035472924,0.6751313419074678,-1.9926939200682692,-1.348787447380225
TCGA-D1-A3DG,-1.5773743163815874,-1.493058393019491,-0.6367002006914022,-0.2953584460439202,-1.4886511548176171,0.0721210625825647,-1.19725644505126,1.4221065020360495,1.365716365512725,-0.5012744156515113,-0.4142080446259507,0.3846968532047025,-0.3132012345885208,1.1848278972648378,-0.1469919141104217,0.0795302025279385,-0.7326801671765566,-1.260857418254073,-1.1661153619443454,-1.2624552214772786,-0.4602743614781847,-0.9002644226521207,0.5759256489583442,-0.6657682215346244,0.9377773960116093,0.1197333373353208,0.8251015331874688,0.3688662441843452,-0.838670833108241,0.334284813339967,0.253465301686415,0.0490516061734974,0.436304733222049,-0.600111503158544,-1.4229528217528036,0.0884063317942301,-0.6346968552914157,0.736426419676181,0.286010294646809,-0.3019325486154816
TCGA-EY-A1GO,-1.529073028078543,-0.0728332126842548,-1.6964328754916365,0.0496108361341147,-1.4083555777236114,0.4105359118178865,-1.442842903547032,0.9479962909214326,0.9948299491367564,-0.8509205413806554,-1.1033388283704404,-1.3010717927520214,-0.1814480633783868,0.937656625870244,0.1415101882600519,0.0736995643680982,-1.3291978141904537,-1.6119785176755146,-1.7959140084808949,-1.5788625584554838,-1.4661650784812643,-1.52901780491304,0.11188426174261,-0.4630039292186285,0.858803798189451,0.2993898755567929,1.0254818766609568,0.5854004105984485,1.1707233510360988,0.1545999738860246,-1.1363904627208723,0.5127585021100988,-0.211385143230592,0.1131509783264792,-0.9872210697568324,-0.2753408582131562,-0.9308668985801436,-0.5520817269142123,-0.3306760897961973,-2.050100683398269
TCGA-D1-A17S,-0.929859012397983,-1.6208959405170378,-1.1094987625564552,-1.7694660943447216,-2.233502814715352,-3.3653900913909385,-1.5303633459967352,-0.3666916196023906,-1.4301770487573475,-1.5017550125845187,-1.0076925875177607,-1.4597642772533592,-0.7192907829648287,-1.5308372929743856,-1.847078091756537,-0.3376441549694519,-2.76821185372188,-1.9280632671856228,-1.294294973177917,-1.967853289526297,-0.229191951283579,-0.7771140039519797,-1.1811023616635663,-1.5055908646663814,-1.1555313494712844,-2.7658347828542595,-2.4491056928490766,-0.9652835040877412,-2.2025093158537485,-1.516400456033377,-2.068979691283793,-2.355501757622321,-0.8492255692181003,-1.4463551645966932,-2.0690980942282864,-2.215468415971963,-1.097797867512645,-3.184812363040808,-0.2039126018674071,-0.16797531975431
TCGA-D1-A17M,0.0103779248703228,-0.0283453415058767,-0.1543178810491044,0.7149445242811273,1.1222802103449043,1.248288963412288,0.8121475959225062,0.3694019169964455,0.3366082747509083,0.1276664639382438,0.9155155807162356,1.519835079438356,0.3875023698073603,0.3533289528756536,0.430380947153086,-0.8997161244864585,0.0809655233398516,0.703219308320858,0.2409753405681311,0.5922100261469968,0.8827552337046173,0.6977378934584644,-0.4154284797468701,0.5840396985533926,0.1536296064374825,0.5510880089737429,0.3452717309952366,0.1157680812176558,0.2717339901201209,0.1454826830968416,1.3949276202286556,0.4920959350215662,0.3675331452961454,0.421943708545813,1.2971427122484596,0.1819599486914221,-0.1240809472360712,0.4775641530056773,1.201243273684835,0.0852623721866827
TCGA-D1-A0ZS,-0.7184478777682324,-0.2933934231262213,0.6974261342332855,1.0481437457081677,0.2783411551833802,-0.3279062652748363,-0.4567305723823305,0.3371926957150293,1.289544814572786,0.6415403038064271,-1.0115879421491454,-0.6787003863211997,-0.6800687838417047,1.436753660030123,-0.1260158866893147,-0.7381468678281371,0.0447220529756213,-0.4349399151453154,-0.5090866038005718,-0.2062305562194946,-1.0578566004579046,-1.130078708693103,0.165771746404171,-0.54211011977502,1.43362633302586,0.6827965143009943,1.3414937204173658,0.7751060530652814,-0.1039399051236598,-0.0732125805778111,1.9557249303222983,0.5362459579159435,-0.1809986462082253,0.8082671772354347,-0.0192198723701469,0.3631049601351866,-0.0770368803228004,0.0304459734291573,0.1092821912171056,-1.0653145144493004
TCGA-AX-A3FX,0.21320737254312,-0.25569605590398,-0.4321094779265054,-0.5093096065490171,0.3193139450433591,0.0820478291950901,-0.079833055420012,0.5964021828146703,0.6855482427591898,0.2283200235525284,-0.934762142206052,-0.7165900113342492,0.5165663011060248,0.7343843926534026,-0.3250107957640171,-1.2543917460158274,0.1671349337009846,-0.1190098366216137,0.4296605931972874,-0.1962030532431238,-0.0548123704366295,-0.1851995762058355,0.2429127349776848,-0.4741464533397313,0.5062343443870843,0.0589603444002014,0.0315356433262036,0.2092688568980972,-0.4191793086184814,0.1975881981375546,-0.6592270416343277,0.5510155502215051,0.6075628586104969,0.2512856654309217,0.0955691989499858,-0.2892009716284061,-0.0647424647950147,1.2736876333734837,-0.6739661134004383,0.588252392572717
TCGA-D1-A17C,0.077877163634418,-0.8260023873723041,1.3122250699264508,2.363025445112223,0.2105804620533337,-0.1124743267563975,0.3407432572517893,-0.9554770485385752,-1.754576864109492,1.935150150772839,1.3863235720709612,1.3483631584202556,-0.3856070572706369,-1.7519419264571043,-0.341432414554054,1.551986858340814,0.578248285263581,0.9578639891057292,0.2250228828183494,0.3945864133459029,-0.4202434578005153,-0.2124698777048031,1.275603828464528,1.4002058129826225,-1.625694026011253,-1.6523949289963764,-2.25453606192822,-0.7348086881589521,2.386699899398507,-1.1967430953487432,0.9014846741571368,-1.5876261926708233,0.2621613781755956,0.6693872467230473,0.5953006703776708,-1.3308731298367869,0.6979889391820476,0.5542880533672266,2.593382132190308,1.1676085129350555
TCGA-D1-A174,1.2787651569131882,-1.4843126841725502,-0.7609067094858468,0.8631717534471078,-0.0730954934409354,-0.0860234985373266,0.3045699147764302,0.0873249645308377,-0.7666697360492354,0.5210832168995098,1.2041847720565737,1.0189773376908504,0.2612040835291305,-0.8370704917035244,-0.3178289553347683,0.3307544547074705,-1.160251795807541,0.1784821827345249,0.3539278192572483,0.4715765659617951,0.0997053807758356,0.3611388718568713,0.1958072213629561,-0.1150351645421375,-1.0422256512516832,-1.488303658706762,-1.6257067192955346,0.1691400682079452,1.4842305856302598,-0.1385673663557054,-0.3423836374502819,-0.9318858866286366,0.5569638490056978,-1.4649384155641565,-0.6845277971576996,-1.242532536041876,-0.9848267070371564,-0.4554995015037381,0.9961131650678546,0.8956555365603173
TCGA-DF-A2KV,0.5894806577186393,-0.9202309805560264,-0.5473794406325025,-0.9454625642548776,-0.0443509671733283,-0.1735713712549814,0.0145414186321012,1.0779809408520575,0.3127875665433568,-1.067731152685228,-0.5761166576759786,-0.113486396491315,0.3503521292155927,0.1986245564437253,0.4504142422407447,-1.3378312334175035,-0.4348691609937505,-0.3561546239017628,0.9679626606503378,1.0219991117822416,0.7124733609199165,0.6399029932308784,-1.3186111565555236,-0.5106432675498377,-0.952819766784923,0.3554759948649504,0.3808695286043406,0.3577569324513225,-0.0573053301980185,0.9444288558224982,0.3320542276690822,-0.501297385422513,0.783108608583757,-1.4427562548224369,0.5325602407158849,-0.0286440780486822,-1.4552360594673348,0.8677253438305857,-1.5836556311617682,0.1818807753717308
TCGA-D1-A17A,0.0315119138676646,0.1018146884777258,0.8067975992608516,0.8062749399904567,1.164228804249429,1.3540703675364518,0.1341441881199553,0.1157563297175662,-1.666123834733915,0.6023185690956147,0.7659898252379509,0.7685135502692124,-0.1161999331073428,-1.5746701197973705,0.7698070202862144,-0.538612275218282,1.4022845987109391,0.5481925852485535,0.6447835379870881,0.6206806546987684,0.2948555230853418,0.2569459671900792,0.3696238477138592,0.5485908629461729,-1.637520095700347,0.2356809165943292,-0.8750449395993718,-0.2975203898256183,-0.4324932849851334,0.920250727843026,2.2056804085315465,-0.2780332599916748,0.9951802895757642,-0.100924354250774,1.4042438957953067,0.952150815622259,-0.1124660348742436,1.6085899510561714,-0.2182200445728582,1.1872013026263046
TCGA-PG-A916,-0.251672186782686,0.7062640432881537,0.3335730387177542,-1.564952557955914,-0.1673278837254519,-0.1390700417489779,0.054285441661061,-0.4252570645398145,-0.6460839396477704,-0.3642931229088296,1.115229674669819,0.9294520601944402,0.4378430633551288,-0.6667675659136775,0.2940734583952071,-0.0481610361609008,0.7358137974581987,0.0428131117504324,-0.4216220374947904,-0.0601741421290041,-0.1617700260861083,-0.2226043901724588,-1.1554047978738329,-0.4290158409385085,-0.8172394577891052,0.3753330690767833,-0.35148981996278,-1.0775078828006197,-1.1176747347283684,0.3753437382028716,-0.4259260749410874,0.5951213684230233,0.2398926678815013,-0.0333157175648715,0.4146117835919374,0.5958406103675151,0.0820053333821643,-0.3230142859968472,-0.8475663574058956,0.3944589789921258
TCGA-D1-A0ZP,-0.3350511854519588,0.3492352505439223,-0.0005941064908737,1.1245341164396634,-0.0585597143733855,-0.0222217163206557,0.2784584562151818,-0.559051343360616,0.8044889363470933,0.5060176224350759,0.7613084778609606,0.3562528156933159,-0.4377210714624813,1.0206527318442091,-0.0324075282731187,2.1590708204174147,-0.3148676992239195,0.3854578650847392,-0.4627988142479814,0.0175146761534101,0.1459417866006054,-0.2144580824506569,1.3699080158290395,0.7597465017304614,1.897668594702499,0.0044549565214101,0.5349269095173946,1.0479709390020129,0.4715093256084076,-0.742678106713876,-0.4215421728353958,-0.1719831583386709,-0.8757269505062549,1.0133095615579195,-0.0804689272864256,0.295365272773029,0.3932072659536286,0.6004827575268613,-0.2270540714564251,0.2385005234871511
TCGA-BG-A0M3,-0.811661468213303,-0.6430355556488955,-1.062428845657319,-1.096387627646179,-1.401201344773357,-0.751993485370815,-0.7395380504398938,0.6799045309665223,0.1142409161260096,-1.4227701382976945,-0.3817281591868879,-0.0323327558936802,0.7846814973175374,-0.0245970561144732,0.5492369565395792,-1.1568597464423769,-1.4185734353728776,-0.6517352592602933,-1.0329790065214517,-0.839249382505919,-0.6393613795936498,-0.9058075235804596,-0.9788482260588528,-1.2054144733858658,-0.2648685934862145,-0.2653019699950263,0.1735306064572514,0.2205302035376834,-0.3895929483010802,0.5957823391973123,-0.5900949232781348,-0.940308067117768,-0.2578232586536045,-0.7953726659003564,-0.742309352029874,0.4527922939061152,-0.7156055765979565,-1.1989524822904647,0.3044947383925647,-0.4756398030835649
TCGA-B5-A3FB,0.189995735640229,-0.1093345252564401,-0.8944282358181741,-0.9467601324693322,-0.2732292507586022,-0.4432517658641152,-0.6759945243064073,0.706495635279059,0.5494646138517432,-1.3290232678971934,0.2091306648723015,-0.1211934302970114,0.007939339706593,0.4080567864414341,0.219554973909073,-0.8666218129278336,-0.3019980666972956,-0.2437888920142906,0.0999271745508658,0.2313598870655824,-0.1015744288806437,-0.0564367421001227,-0.3590055487806918,-0.644926364926593,0.2766192209747541,0.6366155385233295,1.1378183911207984,1.2410917788203006,-0.8435592452563907,0.3829915485168315,0.2630209400390422,0.4199778910457133,0.4400945638554924,-0.7205094730938604,0.0634283334904978,1.3117301733547375,-0.3973905322818672,0.2490053626015533,0.2185649559204209,-0.8983936030686938
TCGA-B5-A11V,-0.6638391436747524,0.9358165135719384,1.252541467698907,0.739425678517614,-0.1887932332062308,-0.7350061505081928,0.2429245391734186,0.1375421528579929,-0.5022642248087973,0.6905929436456474,1.0429651356326977,0.7226969426167323,0.6811681728154967,-0.5341402008226782,1.0040267455831482,0.9949724957403674,0.3257846720791304,0.2803112214332963,-0.8554625140186635,-0.3091552052291713,-1.1351060243217606,-0.9181550711293522,1.0158968396191583,-0.0425825114296387,-0.6826467541470397,0.2515698621885265,0.1979265050736407,0.3174911637417414,1.0013539242533718,0.3689012209852407,1.0871460899024004,0.829618697645534,-0.1546799187800858,0.498715119239401,-0.2124978694830603,0.696842724845805,0.2594335529629012,-0.0889445288771507,2.140347550088272,0.4346752475681949
TCGA-AP-A1DH,1.423746115137233,-0.658387039592579,-0.9149737716593944,-0.2861296003804998,-0.0112020133088359,-0.5099122884773946,-0.4759873456925859,1.3992833928591075,0.9134401281674104,-0.5991925717560679,-1.3517781475600703,-0.8838268004623623,-0.7819038110486372,0.8971335555191009,0.1408749040378398,-0.2601412949590702,-0.3026371686375784,0.2033160753209096,0.497478998938461,0.3339288455932274,-0.3756221839415882,0.1280028119793474,-0.4464112364496384,-0.7315450902660153,0.3659790480101858,0.6395981435465715,0.6715432155258524,0.4858265901196225,-0.7712360311193011,0.8315205641479174,-0.4389169173538015,1.4155403458561848,0.2098246131778787,-0.7106850763749365,-0.1372710534247617,-0.3016587482079799,-1.1936522943478756,-0.3576464138963594,-0.6396481656471373,-0.1010545924138937
TCGA-A5-A0GG,0.1791153463417649,-0.0854298186865407,0.3860390877791299,1.2190286280714144,0.3417348401073916,0.1232023624852242,0.0867048759908918,0.7233058094317281,0.5347724388688807,0.4979534171886196,-0.281505569229688,0.2137640973477626,0.6666144655986215,0.5337824473157641,-0.0180479417613477,0.2064293084533923,-0.6919633110899689,0.1319743305925507,0.0065212214972106,-0.4148372161081182,0.2405887314373737,0.0473325834413191,0.708311716969423,0.0394897162906821,0.751749803066155,0.1877439314727319,0.4477703162435039,0.3341517490666392,0.4479644505009474,1.1009590059199326,0.2639522130516773,-0.0407120991480404,0.2533275162593041,0.0657051785805019,-0.7383005177856908,-0.2683525596087489,-0.152442736602086,1.0710857936214129,-0.0350118315234711,0.5749402663025138
TCGA-AX-A2HA,0.7493290289477633,2.1132457541948533,0.8437817477049919,-0.3607402237562844,2.0024999656978464,2.694858451751565,0.8204867218055865,-0.8814274143086221,-0.344436942325229,-0.2041145534283908,1.4295355335525572,1.6095380630404987,0.4428224854077662,-0.0767762902800543,0.7045143952652064,1.163310581141748,1.6360536387534592,1.4759251283047738,1.275375506148427,1.294892036238329,0.7903202493130875,0.9854840524228212,0.7725435033378256,0.4747784954807506,-0.2448354668132918,1.2403785351194254,-0.4008081851841243,-0.1842814969878523,0.5293903993916911,0.0068769014987518,1.5849461580090376,1.4152469103822711,0.165514518436642,1.0446537955256354,2.484999774692421,1.0895203625919467,0.1122425317340591,1.818356972101652,0.4507548795614194,0.5229390795767036
TCGA-AP-A1DM,-0.3016649870338685,0.1294473631711434,1.0281961184082256,0.3439782077473456,0.6958076149450102,1.1720368353340698,-0.8709142071181565,0.2605140550123525,0.3367874046509932,0.6914659573323294,0.236504508185437,0.3371524324135478,0.0788977193633565,0.3290248179629255,1.4376641312444145,0.0849394295656489,1.528490944976225,0.2492045955480192,-0.6734794208102188,-0.0396146394224036,-1.3662803390619531,-1.0535535702967025,-0.0283925762925631,0.3510440068940076,0.1376403824323608,0.2733158873003244,0.294273628210611,0.3321850536525511,0.2667291617072753,0.4100674461487749,0.6902077619062756,0.5983265877480584,0.3931224581682387,0.8045960712528205,0.4282389491553006,0.5483895664566778,0.0209755251327237,0.250840487553415,0.4975701351680636,0.4729027679168814
TCGA-B5-A0K4,-1.194249321402382,-1.3888575163642085,-0.145286754402956,-0.6732132799088067,-0.7346448853832475,1.606638832632752,-0.7692801798247406,0.7968712728418268,-0.847843371577836,-0.8771898187908368,-0.1138806221168653,-0.0445197962319927,2.2420937599761435,-1.0518489833563494,0.5283693508209486,-0.8787997054083003,0.7702569261346676,-1.1565687301792966,-1.5856152235578649,-1.0279015766630926,-0.0877254871167261,-0.4434614079732974,-0.9054129149413636,-0.88284444185723,-1.6049093935949512,-0.0671330936938822,-0.6930753309873334,-0.095552875621916,-1.261938095761349,1.5627689064958672,-0.1697887000338156,-1.498831053142872,1.702288970392584,-0.8849646166736606,-0.7771582476260036,0.1003788412913479,-0.9375956594991268,1.3900186215387125,0.4275770482942751,0.8812234447776295
TCGA-D1-A0ZQ,-0.6402795678518124,1.192511244710606,1.0377545997160027,1.0055303868905925,-0.3153977906734021,0.1619593788548966,-0.2911254474193654,-0.2793268562575653,0.0907607754342138,0.8281089861556116,0.5005689755084134,0.5171300070936261,0.7031242544452024,0.0799808488677875,0.0599189114391149,-0.0975737362522298,-0.2474505178223893,-0.1737808382462286,-0.7134073767153705,-0.6320118303954163,-0.9900630518443522,-0.8584501241586397,-0.1177812360149942,0.2772875489463902,0.7532624260719287,-0.1235794106790884,-0.4909834530836369,-0.4012966451068784,0.7065330053081106,0.3167988525397498,-0.6459875597505604,-0.6609646098971286,0.5260066795216739,0.4521348307231626,-0.6736052199955415,-0.3034872291803497,1.0133699823746538,0.0545109439933709,0.1556707680856963,0.5755647715768498
TCGA-AX-A1CN,-1.0889395063514056,0.692825905431818,0.4259060920815116,0.6428167134707194,0.3721534647662224,0.7263423564303453,-0.3768215210898383,-0.3088106421758125,1.1025652925474432,0.828060835964026,0.2548662468130499,0.0666835314964365,-0.7285982704213784,1.1563955175406433,0.3770719681208715,0.8889405767707371,0.3888908911693613,0.2431656251133373,-0.7951615389799495,-0.5864766999158798,-0.8189215619989715,-1.023694157796386,0.7674504467296069,0.9962351554823932,1.3380086614629267,0.950741227848602,0.9409392428476284,0.5936731392046009,1.84658204191466,0.0571219666768497,0.9691867418428745,0.7740385102166818,-1.2336583764730684,1.1240399477181051,0.303221944346236,0.5648577706934124,0.1562691307565551,1.0588414942805526,1.9725033792117648,-0.5947691102078578
TCGA-B5-A11I,1.5668251726856914,-0.4262042848787084,-1.3896922923916932,-0.1504291995979093,0.4233821131566933,-0.9454879593355678,1.180331981160065,0.5509974546600501,1.0500118958911906,-0.9944627414186916,-0.255347188685021,-0.9496955835176524,-0.8541855867337889,0.8648454260010516,-0.8886824535091691,-0.6733682642128003,-1.0544319745097972,0.2391766693809497,1.4877383565428253,1.596942410463696,2.206874017861133,2.153314830596453,0.4541165376680884,0.8015535482802213,1.1448413325820346,0.2507260606044125,1.0993742149821304,1.218637446757093,-1.383770718971156,-0.13545675631617,-0.3206494168108776,0.2663289491659448,0.0265062963792399,-0.481333605739927,0.5555422293400457,0.5471920271380373,-0.931490909197036,0.3839462615919267,-1.2035189019843724,-0.4206573791898156
TCGA-KP-A3VZ,-1.505423141987203,-0.6260836328669166,-2.268434945172533,-0.9784292266314408,-1.035178052855174,-1.7991400070816217,-1.3222813235512785,1.4199180997222678,1.612534687535086,-1.2057749733523502,-1.69529604595363,-0.7993359373803081,-0.9293078077351432,1.2335594155941634,-0.9833517637263308,0.2041622288157311,-0.8322209018718982,-1.6286966701034544,-1.2111030214950005,-1.394412356060686,-0.2622748736873795,-0.8994475286974849,1.478498778522603,-1.4045477629814678,1.1275246143591375,-0.2284981244955045,1.597115337326432,1.5079489151690433,-0.2042851318937523,0.2967332158478201,-1.0978602362322196,-1.0054765396439114,-1.3093781205546358,-0.935878071781078,-0.9031097883719144,0.1774908382272227,-0.7082331166998949,0.1099504191038135,-1.0627146689891769,-1.154956053784322
TCGA-D1-A17U,0.0579203093862996,0.7181354244365323,0.1741727173908062,0.1287786732729635,1.1802943329882791,0.5223005948876469,0.3525528369087574,-0.304108299633429,-0.4017494292695132,0.5840299414898161,1.8213797546561044,1.4469509344700502,1.6979316381695448,-0.2642780460941329,1.628682965769109,0.4616213772073123,1.0812502282307748,0.3428111318566283,-0.1491631839378972,0.3646380602972405,-0.9329662374789848,-0.6661649438423011,0.0539501091978963,0.5363047145378479,-0.1536305350690546,0.9323675318741174,-0.1737963929416288,0.2455658444700887,0.5783965345846881,0.2559424807065246,1.5692701366157402,0.5711545732154651,1.9248796832759416,0.4242099225333918,0.8155730587160455,0.693061976015996,0.2550014480839517,0.5919096846077438,0.5517819349727975,2.6875089899260685
TCGA-BK-A13C,-1.6710037115518253,1.0306571675001566,-0.266613243459238,-1.577216576964584,-1.5361801027113429,0.250674690195572,-1.3198800519921043,-0.7238319911562927,-0.841135902838847,-1.252918282334254,-0.4248720375879021,-0.9377539293208494,0.2719473184053132,-0.8831101998764784,-0.9140442372668772,-1.4344196488597123,-0.8922844693834028,-2.1198291026180263,-1.7778426632628077,-1.7109659483243045,-1.2908617643821494,-1.3211958605794116,-2.289343054371064,-1.388040525507219,-0.0651074484308567,-0.7236693821902088,-0.8325626469904758,-0.9711952370821144,-0.8886129600131686,0.2661694357266171,-1.5564561258759009,-1.5890483942076865,0.2443542672169026,-1.0757313303842513,-1.6477854771682023,-1.6848604650655408,0.0065966409328209,-0.9774104908011813,0.2326559482491915,-0.3629130098567742
TCGA-BS-A0TD,-0.065527007611996,-0.9404569701798008,0.0606550251597379,-0.6748585660643074,0.6886517013977035,0.3639654936505487,0.114455673904765,0.3926775082157163,-0.2490299439271306,-0.1672811776852833,0.2557037486517164,0.404730105367709,0.1077984248805039,-0.3668936703259826,0.4803320512766034,0.0446272171721954,0.1488684143342691,0.669788004652496,0.7776716982070481,0.5565782470756067,0.396459327965427,0.4747556774165076,-0.6055865902462182,0.2872591082206597,-0.569508426386391,-0.166681133578408,-0.3991434686053388,-0.4551150591189242,0.7757909548518724,0.5801767583271522,1.4279573014839442,-0.3718384574981393,0.5676053626774071,0.0327040839320005,1.3704903858627209,0.212199234114231,-0.64280975690819,0.2553882999721066,-0.8694483744545299,0.9011964711228648
TCGA-EO-A3L0,-0.5810394593636463,0.767166812494608,-0.3383259730373538,0.0839630844939263,0.3628620665071266,0.2679934963428084,-0.3899925602293193,0.4661290812255768,0.8861139835211237,0.2690080807008262,0.5788639101486773,0.9459519587264184,0.2335848153075352,0.91157869667172,0.1977389347570765,0.353996351524737,-0.4031676989572295,-0.045305807558194,0.1062178414587089,-0.1880190092418737,0.701755433962996,0.3572104550944764,-0.4819549976118053,-0.9502213962901008,0.2177500588990034,0.5417474916585676,0.7469468371600186,0.0722353913211084,-0.7460774036538853,0.3413926910673248,-0.8245337033892148,0.6648034241584222,0.2583767791177183,-0.0161007080113315,-0.3181469883047885,0.4016255867859824,-0.2959654564115064,1.3457220044365872,-0.3508180127073089,-0.1438537521333708
TCGA-AX-A05S,0.376608941337523,0.1015621121835355,1.497454569122207,0.6192079996657045,0.8615702809919575,0.3640403856700298,0.8822190033439279,-0.7189051170896797,-0.6377977945034288,0.7450341672664604,0.7182870983332922,0.9513909535446884,0.5690147381917376,-0.5276673333574445,0.9947105040400316,0.224341687554129,1.6915426329101328,0.4584496849312201,1.134634657675508,1.2379797093054972,0.825472360393799,0.8468959650519268,0.2854509274249299,1.5616337269690208,-0.1548006633204124,0.1308980747840095,-0.6251222696102245,-0.2663430792061259,-0.3079785918824287,0.1687410794730205,1.4580826318820577,0.3962226098649015,0.6860614189186377,0.9300211924674332,0.8932464139310355,0.1461930465150438,0.2929840582159518,0.3162150678795327,-0.0096166650250108,0.8473258948215445
TCGA-B5-A5OD,0.3068911843494383,-1.0288957525851066,-0.8539805941092424,0.4239502333130507,-0.8044012634187949,-0.1419338960834369,-0.2570114777072424,0.7559259861943096,-0.0406917602660988,-0.4891937251090565,-0.8400436246266461,-0.880488591200793,-0.834906369433023,-0.2330304625348562,-1.3746573470826198,-0.740582893445256,-1.548143563969819,-0.4976350459780579,0.115531719748152,0.078751352048938,-1.002328338017296,-0.6605873919574216,1.1563779553123124,-0.0139138767849671,-0.9279101969381638,-1.2910900411288162,0.2931708483147934,0.385676184212667,0.4457515624520767,0.3624941034941117,-0.9899104740046004,-0.4806775592805199,0.1832276840679204,-0.6851966183154439,-0.5454763537556243,-1.413493374658788,-0.8637191411054895,-0.0206005765526734,-0.8431732774085535,-0.8700544136468329
TCGA-D1-A2G7,-1.1313860433503964,0.1578137257661663,-0.5421826487833273,0.6625488337433345,-1.3157469024810462,0.4870782749626003,-0.6713935089872576,-0.4308149897674349,0.1911886064510729,-0.0398153655353552,-0.1519895427422442,-0.0617036331856552,-0.5188033337570404,0.1291692857701984,-0.6523360087287582,0.7837853042660632,-0.6441183616554063,-0.869464488747148,-0.9194842306836144,-0.9738200307687102,0.4194477945737783,-0.2326191624847399,0.8027987915342134,-0.5992941250461074,0.5136244291575215,-0.2494063771230462,0.2106786539705343,-0.0784482294262598,-0.4635150903949286,-0.4534503614552636,-0.8849383890922721,-1.1128344073999807,-1.4578753965234617,0.1851055850036266,-1.0715192529890776,-0.0643939953842079,0.2175520596964474,0.2780441128841176,-0.673735492772051,-1.0958482133910403
TCGA-EY-A1GQ,-0.8723907754064406,0.0591429583631152,0.4020362669832037,0.268626979271376,-0.392223008004921,0.4756347384307999,-1.3474023293379669,0.8082994009553102,0.5075875264273172,0.074630317959471,-0.6394952470989745,0.3184616216422845,0.6150998073027617,0.5960421552554792,-0.9856781530881618,-1.3835560883635112,-0.7788291756347927,-0.8824434136299762,-1.3795596350212107,-1.2395563614503369,-1.3391698399984204,-1.3845484579613323,-1.3722108879126265,-0.779147467148481,0.3903359554287031,-0.1512164763685609,0.6123016063270995,0.3068501025258215,-0.7179114514566299,0.9170146195357496,-0.8026683851654624,-0.3725809629070158,0.4437523503875018,-0.1520234865762793,-1.0966333452684196,-0.3506791833298017,0.3767579683352982,-0.3288381079343886,-0.442761317311355,-0.5449616066365781
TCGA-D1-A0ZV,1.0373883322411266,0.6999045432056298,0.3447184275028622,0.2038917523332172,0.5523222349860312,-0.6884941186013334,1.5163967771291296,-0.828133217654135,-1.406813717279161,0.0184410783030179,0.8506189156940507,0.8095321422217834,0.9817221481391976,-1.402033376613514,0.1297111899983669,0.5894056568464845,-0.2255365597003238,0.3780394319188603,1.1679933938642506,1.0171132522118462,0.9377439894334626,0.9987390348036052,1.0926717465832625,0.9042195011427272,-1.1379057687419052,-0.6121882853764351,-1.0179541189622,-1.264593230790523,0.1851296507682061,0.2614158167565361,0.8309893316127352,-0.1937661756546015,0.765381537177198,-0.1404451640446015,-0.0265541522307503,-0.8515484138277616,0.1479224206778508,-0.3967056566230065,-0.4320358381368432,1.6407495698608838
TCGA-B5-A0K1,-0.8107429147385659,0.3274395712584126,-0.2330217172236457,-0.4037469706556248,-0.0193449524608502,-0.2223161752278189,-0.749294678526262,0.0773940291277856,0.0835814035849478,-0.3585167969719943,0.2516592363929509,-0.0535137069045529,-0.109108455696486,0.1259721008304242,0.8927129023629372,0.7551766681688192,0.7564656438061498,-0.5413018341473177,-0.3048825551617667,-0.149065063377051,-0.8135456261449451,-1.075280166558003,0.0116871006804099,-0.6488737475282558,0.4190046196126931,0.0549047860149001,0.2312843543914039,0.0617914015023749,0.264133143761224,-0.2161591313472476,-0.3064555096418541,-0.4124874686961829,-0.2111687248863634,0.4597491784248931,0.2140783832736459,0.1789239857515966,0.1131656121951296,-0.622664522263935,-0.5355462269387535,0.4769680380693423
TCGA-A5-A0VP,-0.0613799503430164,1.6259822124546817,0.2098418232896051,-0.7517972271775475,0.2309283617061897,0.2416312956046255,-0.0350486595208525,0.2209110589024544,0.2173276465260807,-0.5457031258245021,1.2468101963332638,1.07232601240022,0.7387197300019274,0.1658321016304114,0.9818883524896964,0.1198826318382079,1.0372156121276532,0.2889583340397029,0.3865620080995768,0.3878236353983877,0.001499773798508,0.1988908958510205,0.5963365248981298,-0.4585563970249281,0.4087814060714335,0.7208376892327583,-0.019374090791809,-0.6659163972986345,0.2924262848175143,0.6620293114414021,0.9222987922414,1.5743700730406331,0.991406404606919,0.7123879840841775,0.5635461239747811,0.3407549905718708,0.2165831659046481,0.5049452187922161,-0.2009587581984561,0.8541483110784235
TCGA-KP-A3W1,2.344372060369663,-0.7204001411138705,0.1546962138666635,0.7806683890640023,1.4362329352544108,1.0139713107521433,2.195862653312708,0.4666010408462347,0.6180356488598827,0.4730439731335378,-1.0895352557465825,-0.2143951806849765,-0.4122833661037139,0.5240110598478186,-0.6195097186436946,-0.3714052078128211,-0.0980620181863026,1.69139934600737,2.1234561831095697,2.0434409140958585,1.6841095264779962,2.352658050666571,-0.7427146508860383,1.4810030577589048,0.5709727218015596,0.5078597697443468,0.3289800098834382,0.809259123155584,-0.1750306507769622,-0.4376905337750698,0.4526121617353948,0.0459507798068299,0.9700872422590516,0.4677540721473946,1.6333437118042569,0.8389567340817445,0.2400919474519321,0.753722510334604,-1.1363926629530698,0.3273351624380872
TCGA-B5-A11P,-1.5989998536979382,0.2414039648999255,-0.092862089084667,-1.1627397277960532,-0.6592590738700527,0.2302441803539081,-0.6946145080645081,-0.6087885663035143,-0.2315771995499688,-0.9561718329834944,0.0777549588335143,0.5193526627209254,-0.0075067222401359,-0.2685681402749951,0.8836116276439424,-0.2418228470091694,1.094785787640854,-0.4725314549454848,-0.3773293044829009,-0.357552050828924,-0.715282378581605,-0.6825214064335171,-0.7095453612518383,-0.558544655365844,0.1532022927780708,0.1684922171559442,-0.1685278257521969,-0.2031672808080212,-1.3815259750429971,0.3739940515629609,-0.1466791448662948,0.3582848487386843,0.5883710719319433,-0.1739101279252309,0.2251667737939937,0.6210638036292694,0.3686170083210986,-0.054853914044722,0.0284281661027125,-0.9918600422667384
TCGA-D1-A2G6,-0.3657855231392654,0.3006463592732025,0.7423776862283207,1.3760243738597493,0.3382615450502057,1.208653653727021,-0.4762363920120437,-0.5603588987340563,-0.944326685543806,1.3285324520061557,0.343883323326641,0.1007159371212162,-0.4641494679803169,-0.7972167265712435,0.684055933873357,0.7655130705345294,1.707766205716376,0.1573311393960031,-0.1354936071661825,0.1859144895961705,-0.7439716775770145,-0.4722081361858739,0.7921479900469902,0.2916359867466699,-0.8675654179366755,0.3834368001441579,-0.065254043903305,0.4831149456069786,-0.3785637367270798,-0.1543027359476152,1.3020412286593306,0.8150782905938826,1.0576475428871406,1.362272279056052,0.5253390162599356,0.141462133944348,0.8270743615910204,0.4347925961646017,0.6594158705226527,0.0142661163120566
TCGA-DI-A2QU,-0.8621050033566835,-0.2221369970064209,-0.3469768770932043,-0.927278407115024,-1.405831151051858,0.1764456908509217,-1.3977914691299511,0.5168545828390128,0.7098290581350496,-1.0940787691405316,-0.486847327505796,-0.3498180405927704,0.5879661640624001,0.8034265098716477,0.199479322163716,1.3315759255313508,-0.3049952346754901,-0.9627655940530028,-1.046333924109475,-1.4787362663160577,-1.0278920555602236,-1.1122551822533049,1.274405217835473,-1.5534216896930133,0.0184119581597964,0.0078867879764256,0.6831129712213676,0.9769151894004806,-0.5466185150189208,1.8758393715672528,-1.0792610835880072,-0.0867424533494046,0.2153446940161515,-1.1229840511653264,-1.5689464336424008,-0.292963617213606,-0.6878927994228888,0.5362381127595468,0.2175835374813352,0.2872184945988498
TCGA-BG-A0MK,-0.4361190259529001,0.0272962798991025,0.5411081071175462,-0.504939102304229,-0.0025313774500005,-0.6577387692352052,0.0892244660390978,-1.4039298039644694,-2.006567076472262,-0.0247129462992492,1.992883762360793,1.0871739632332122,1.176290841429062,-2.069200991296924,0.1031851708674933,0.941614319889515,-0.4734561244664443,-0.0145997472137298,-0.538559810309134,-0.4568649499306396,-0.2509513041612068,-0.4584075669554081,0.310408528492806,-0.0866512179906755,-1.683342589388887,-0.8733415237047444,-1.994117169291289,-2.1452347052974585,0.6819659085337303,-0.6654630010468178,0.0297236011077375,-0.623608672840685,1.037870799271324,-0.3440154979718586,-0.6300819674627993,-1.1129004201153774,0.2742170192262095,-1.4948584539372534,-0.4783943776472118,2.0087425319872616
TCGA-SJ-A6ZJ,-0.4191765765285787,-0.4326687259523131,0.6534795846470879,-0.5718275955037562,-0.1229222816428358,-0.6366775655228063,-0.4573752753735115,1.066750273483361,-0.1228020039048032,0.1590008671748249,-0.1731285848869327,0.0534331761892562,0.4472423742262373,-0.4148395306234685,0.0874934276336028,0.0556225935412861,-0.1066317216881128,-0.4845447200899812,-0.586402034738928,-0.7590838668531535,-0.6974786960428847,-0.8343902862316576,-0.5883888283450881,-0.3492914628605115,-1.1875943990900333,-0.5752346446763954,0.4017304390259107,0.22823445720375,-0.879894202596978,0.869308413267418,-0.2940847676614179,-0.8735524132060989,1.1527930801208064,-0.2515834640028551,-0.3220919120605265,0.1787325789966502,-0.3773347416250477,-0.2275195764274124,0.5624632374781005,0.2446537298659797
TCGA-D1-A15W,0.3615870634852802,1.3613739658860555,1.1781662142742362,0.6540390746866312,1.1459914421873405,0.2127413751705696,1.3628800006914834,-1.3153317493672436,-1.254723299240413,0.8021551151312876,1.718418153723893,1.4070118893997874,0.530030802075726,-0.9910351611428044,1.3916545110758136,1.0720412735533742,1.6102144263018048,1.165025258395143,1.072204553432077,1.5609608138750877,0.2871614615371072,0.5558477480689458,0.0984539155701224,1.8246186074564676,-0.1256611444397333,0.0094298670238668,-1.004669593648521,-1.0839728195653464,1.3396684004068085,-0.6889488539463023,1.4780795521853782,0.5108679680446336,0.4746924572092618,1.1767513787990953,1.324257406505006,-0.4037237586149028,1.0953319434889484,-0.1878664688922345,-0.1179490093432624,1.0469313533877287
TCGA-FI-A2EU,-1.1517230990717091,-0.2479965469657427,-1.3044344029917594,-0.4171075371461312,-1.5447527542721435,0.9948746155611512,-1.16498168947533,-0.1178708590610921,0.812215369524372,-1.3558698008928325,-0.8007397773183453,-0.8084606402373681,-0.2223502047521686,0.9841059251386384,0.6147212371096866,-0.3016360261157259,-0.2976054939576967,-1.4807101334455528,-0.8391894460641451,-0.9956059980998492,0.468958167209051,-0.2593358692064194,0.8040152994388176,-1.1740690269934877,1.0399293672464258,0.1295343565635676,0.4648423344269427,0.2598824072063154,-0.9231668226794532,0.2192083617145288,-0.5290541611163065,0.6215886943886867,-1.423305218818784,-0.7091375046905807,-1.0124154962439564,0.9479953528784044,-0.3840129830236834,-0.0520801133216076,-0.9901725424940088,-1.4453317110453356
TCGA-DI-A1NO,-1.5415286893711455,-0.6162090085713305,-2.197247721938082,-1.3436857880531956,-1.1363501523891553,1.3711127434724126,-1.806438121027488,1.2694742999928936,1.4046774536756867,-1.4200555368836112,-1.9071320473488884,-2.09274476661426,-0.4789084279548715,1.0493600557996825,-0.9743566817686956,-1.3602371166594511,-1.0281222376579515,-1.951505022413773,-1.6801365932367722,-1.9422609325277165,-0.5143607891218898,-1.0457047003383024,0.4519311421471309,-2.189622270661096,0.3545497424183657,0.1233032788012025,1.5230877999953003,2.0070740226938844,-0.9039749107534316,1.2732669048985594,-0.4147211469973061,-2.007686809941395,-0.2386819380317896,-1.3496729831263654,-1.1879688408841995,0.2148268292274728,-1.3360369884326122,0.1771773968663441,-1.0975077509863376,-1.9309352731740452
TCGA-A5-A1OJ,0.7008209812628046,0.4602987468006048,2.475289604566558,1.610264633546803,1.2534753443362043,-0.3200110489117138,1.3541147839220409,-1.6438659884914109,-2.3509801273543465,2.171177440511301,0.5265960264785512,0.2929120154273488,0.0925489358352023,-2.31298319078582,-0.4409644380216171,1.1046697945412118,1.6847103659750444,1.6836712532464069,1.3073716183459243,1.5431142106927476,0.105833136136126,0.5940233875471397,0.4189720407469315,1.838481099799236,-1.20336248874305,-1.80453297915758,-2.652721526655061,-2.602207621643085,1.9263118371760932,-0.7709914446915568,1.1150946736522085,-0.0540442212282722,0.4442983940577487,1.989650743463043,1.4395398232987242,-1.6930257900400585,1.8462075221305547,-0.5001654700642336,0.3734416214541814,1.6823627505860594
TCGA-B5-A0JT,-0.2334982187173811,0.9981890580133695,0.4341534583764524,-0.7133733792367067,0.1491872712519476,-0.0630952973918622,0.1170655587505294,-0.6020095264697768,0.0691561258701277,-0.1614158436113147,1.2164228857510728,0.119863263881693,1.3995123877907203,0.2158685307761084,0.7268929762481439,0.015729790159573,-0.4127289739791115,0.0217617864871182,-0.1595168174100164,0.0365457289525497,-0.0720587958338835,-0.0869150816443742,-0.8585218917741847,-0.0453881678273516,0.8238969697227423,0.6900380377471952,0.3512636042311042,-0.0077708164831804,0.8139858282448635,-0.311263704680137,-0.0469957237236433,0.6123589930614635,1.573057309495379,0.1050665703525284,-0.6447527508391196,0.5444186433279625,0.3365051772107465,-1.049368433476351,0.777518693359623,1.6279510798078392
TCGA-D1-A168,-1.4016814563062912,-0.4613404478168629,0.586237092267202,2.2400285699561966,-0.3703988506084064,0.4461215525640832,-0.5130740649866424,-0.8166955347918607,-1.1240272553334418,1.749545919780728,1.850011330668565,1.3947274034041235,-1.517389377796255,-1.0584450227575957,0.6928105644841738,0.1523639910250678,1.6653764649510678,-0.3817593770076614,-0.7365562826249193,0.2447555423195748,-1.6064820730891265,-1.5589193529136958,1.6982471661326128,0.1464265596601656,-0.693094791478922,-1.148541377124281,-1.9160183490217175,-0.084496754117292,2.889789455013281,-1.2395208960447892,2.35968464312402,-1.9671738493059852,-0.0042844371491646,0.92977291334748,0.958362396558444,-0.6605308694774731,0.3975058844912358,0.127192964645109,0.9702192363932032,0.6070892920369945
TCGA-AP-A0LD,-1.0727409986929624,-2.3927302334413656,-0.8053415740684089,-0.146754832556563,-1.3873104370249212,0.0293698573005571,-1.589170072616992,0.5527899211584327,0.3014568070738438,0.0505491301229923,-1.9710319109924963,-1.7148330590143213,-1.8753436795999625,0.4819823539958954,0.0489290900500979,0.7178271991465386,0.1945129036166744,-0.9267131201658622,-1.260684241766688,-1.319857403271238,0.418630768291157,-0.2710459766325769,0.915468322989594,-1.3425688000658669,-0.2247366897772506,-0.486422920468172,-0.4903323459123222,0.2559367070990228,0.529669023489859,-0.0033298342784403,-0.449369053034218,-1.2969024246934635,-0.3385268392291934,-0.1226789176673845,-1.0534110722220802,-0.5761528782060001,-0.948381458717798,-0.4506238448496252,-0.0867075926665345,-1.194407666972752
TCGA-D1-A16B,0.4215009983584445,1.1794947888385476,1.196004098166892,0.971732449477866,0.9877324124101318,0.3722150062886284,1.1555068462545803,-0.7579444506062795,-0.5440367555469123,1.0837212403817027,1.358057336135752,1.2072725470629293,0.4218091022799395,-0.3442917098808809,0.3457787212721178,1.2252896785308685,0.5390326812191613,1.3854152077612216,0.4659556599382582,0.7323405064747991,-0.3622610767447213,0.1310068462523745,1.359924552300588,1.1886465522074736,0.0006380214153418,0.4304507439883742,0.0749667322751906,-0.1539282825343896,0.9682927647759948,-0.3663223072861973,1.773860099948687,0.6478885271158593,-0.038890520461232,1.171036369472592,0.5974122529800419,0.3310703435072657,0.64894083090804,0.1930129119421675,2.201368261559617,0.5827126192349757
TCGA-D1-A1O0,-0.9179307898572494,-0.0604779468220101,-1.4921740549533418,-0.8377617370228375,-1.0301410529692354,0.9287692607012216,-0.7000052350715759,0.7826809836890758,1.277233373724913,-0.9775732329362048,-1.0859991899949633,-0.4792709743216978,-0.455711615439093,1.1046453392528546,-0.313575701822164,-0.379694866456321,-1.8357342870511948,-1.5001792875115827,-0.9585716849253786,-1.3754636052348512,0.97494757960218,0.3193090893535837,0.6225706193701751,-2.0833640000187814,1.2592492193618714,-0.3145062377293962,0.0380941439569253,0.498074554241559,-1.0776815838175775,0.1962644584818249,-1.6457023456825743,-1.324704685680463,-0.8138235914421766,-1.7290646259848284,-1.5180618239966577,-0.5364562478084671,-1.1375336007772816,1.0138686508963437,-0.038667016613686,-0.7198683597134158
TCGA-FI-A2EW,-0.7638280493555182,-1.9511029495824828,-0.1056870006504138,-0.4255695187737938,-1.2713264336594827,0.0107095775622018,-1.267484871320393,0.6839080042256805,0.5262402731877742,-0.8995137802889916,-2.1557862167652635,-1.4495937979718716,-0.7690432440962502,0.6124652341945099,-0.9111567971325468,-1.5789482882648094,-0.4924367706543497,-0.8417145370239406,-0.6862359874644758,-1.2720820520229097,0.1352561371336237,-0.2555709354012158,1.8178999994759444,-1.6497215831901246,0.401358058799303,-1.054297482021242,-0.6890685647654256,0.1161202634570297,-2.0436251639265275,-0.4469512350179419,-0.3103775492463296,-1.341209998352406,-0.4831193589874832,-0.5190204324808565,-0.5147839502090716,-1.0427156972255511,-0.7955622003494214,0.1550001655800437,-0.8438386407828319,0.2917222041546048
TCGA-BG-A0MQ,-1.0849864213255769,0.6259255937224216,-0.20989615587354,-0.4963349877031651,-0.4272398460470242,1.0665214462472192,-0.6698824051069165,0.2954048654151736,-0.0898352665527176,-0.9366493786354128,-0.6555345748298823,0.0251800134970756,1.257120651770646,-0.0424352743433654,1.345168087669944,-0.2552610960727579,0.8508805185774596,-1.107997480765559,-1.2722178212367876,-0.8162239748507335,-1.1812734576142636,-1.3139055428937918,-0.4110137923671971,-0.1864641039573688,-0.2592034411868221,0.3137076423332985,0.48987460697183,0.5377442931558071,-0.8368578541540345,0.5320805147527053,-0.0805342294655471,0.3462164986786544,0.4917644189352325,-0.4847709515497816,-0.535619556145558,0.8444155565932647,-0.3239169812092928,-0.153140087961895,-0.0878047874178786,0.1982660952755341
TCGA-BG-A220,-1.1476166092620113,0.3448977402332218,0.520567602521652,-0.8450842627736063,0.3429016905295975,0.513965847906221,-1.01026884264583,0.3227596945205934,0.9799002341411605,-0.1328821097788304,0.4667802562395071,0.5926245210244787,-1.003313031860844,0.9791304086060788,1.1831406596983831,0.6668598528511683,1.899175485857972,-0.331407686760117,-0.3668519768411618,-0.4787097145891573,-0.4890287433021938,-0.6348908076660109,-0.3689183443853604,-0.2712755726582533,0.6246402878322507,1.3630187103962503,1.459225610562198,1.213728471556602,-1.58409661693036,0.4183250154920684,-0.4110050607921673,1.619162321949199,0.3203133526211995,0.9772317153937632,0.1598355382978846,1.0261670422444464,-0.0676547108873489,0.6751428423969296,0.2247967927217533,-0.7596124200850245
TCGA-A5-A0G1,3.2223492467065893,-2.073387348310411,-0.8595598004283006,-0.3699338966079319,1.5690314601846342,-1.346384308148961,1.9457449014077808,0.4909288484847565,-0.2786641646438504,-1.3842625501604775,-0.405081563270763,-0.2880431608903065,-1.2748098725041903,-0.3820095921557822,-1.16058603517745,-1.558789391888402,-1.7354128071981811,2.00269626060252,2.5370140302174637,2.0013540960862817,2.5314752086816648,3.010687804921976,-1.2404569976261248,0.5431692428893518,-0.2712595316280596,-0.7985749736951896,-0.1311573531586022,0.1966012883544778,-0.1821375479054023,0.7095132055036688,2.6972270063203214,1.395537009820069,0.5868810784564831,-0.4596602198801736,1.2802057994158431,-0.9204598561439428,-0.7727865853399911,-0.7548239257548626,-1.3273061145901304,-1.340539942375178
TCGA-D1-A16N,-0.6261521164279598,0.0279490302063626,-0.084247131035043,1.066653333882098,-0.8302261844195236,2.096882025583206,-0.2096454457145839,-0.1007038524937711,0.5814486161468116,0.2548299405272012,0.9151964765419108,0.617807069136135,0.1005548601775718,0.7084649943318695,1.2301128123058993,1.491293510249766,0.2813617672571922,-0.3088333529550895,-0.1659850356807855,0.3348743584036371,0.7483629822180814,0.2614739662823433,0.5320772007231263,-0.486108112448908,0.5837789445135128,0.2043947989197649,-0.7604006746194027,0.3275265783383383,0.7590946240427455,-1.6325270220047712,-0.6771837783248148,-0.4153350442827502,0.0316365891337571,-0.4997208948082712,-0.7412192505903107,-0.7189442339247363,0.0213084210822527,0.1869275587561842,1.4376313022143183,-0.4184930456727411
TCGA-EO-A22T,0.8137479308758964,0.7998583294791504,0.5054491632155559,1.1259100758247709,1.4693092826633218,1.0132089080672817,0.7968811667617436,0.0904783301706738,1.3700784406019024,0.439646271381875,0.7479617910940486,1.297574356545956,1.0235781289157322,1.5956441496182026,1.2009183208362877,-0.0022272751499084,1.2919324746834353,1.2515475731169614,0.8058191645136458,0.8502753083465067,0.0866062226110852,0.4046544538853086,0.8514479006048911,1.1580703519675035,1.8138497641855809,1.716022727676761,1.030678880509153,0.6048137157015355,0.5210285931992877,0.2489703757527603,1.7532219849110535,2.742708834849318,1.2362616223904672,0.8206195653703247,0.9816273545257362,0.6170055302024225,0.4205546812097539,1.6933225042933897,-1.0302394422693135,1.7964334706320164
TCGA-AX-A05Z,2.2725890595406195,-0.6914131483068213,0.6790529541858923,0.3295381175551877,1.3971387530816073,1.620333906310642,1.5292973969958812,0.8671284241537623,-0.1546766848209488,0.3788020137391551,0.9179663031733768,1.4626378270227425,0.2215794498039874,-0.3021757203367632,0.8387633419312092,-0.9819716892631046,0.4268264700036828,1.650462522920798,2.055856318293201,1.8616661411441475,1.6820003642459136,2.157450339806904,-1.213790136409533,0.607241421249266,-0.9316746157462674,0.7748400848114411,-0.5153610159179972,0.3169778400630208,0.5026405176169029,0.2403378376191531,2.379013685254954,1.2025252311072492,1.1580128055192451,-0.5454403364695124,1.9821234366032152,0.8296493575772033,-0.9771709581539804,0.6920465783591393,0.9285133166814014,0.4139334596972071
TCGA-B5-A0K3,-0.3497006747594159,-1.2972120386419588,-1.8920322039847264,-0.1847505067187853,-0.8358863298957157,1.152344170258325,-0.214570885889002,0.8420933241640687,0.5442535862540683,-1.2538468601370087,0.1119651431411303,-0.0594121808065708,0.1095708631611546,0.4460094320587565,0.9645020024701874,-0.6672360684492501,-0.1941562137646141,-0.9092814027617592,-0.5402849954427086,-0.1514908359740562,0.3383100585538933,0.0765993059604862,0.7439232640207817,-1.0296165475834915,0.5099005168891364,0.2403199376608804,0.409675538080355,1.3548424687900196,-0.5472833698049792,0.4652612659013267,0.4735917452903566,-0.6586984070857554,1.312124320924678,-1.382566340248857,-0.4452709353113459,0.5010443984444332,-1.4081507811029226,0.6659592629812947,-0.8947770911262423,-0.2267110278974472
TCGA-EO-A1Y7,-0.2810498130184941,-0.1064253453754562,-2.353571867943268,-2.7191583984424974,-1.823051818950672,0.3206505555081304,-1.302626913044419,0.934162121692455,0.8382269126166976,-2.271959471875827,-0.9749781572029808,-0.4561724256859546,0.3600862382952389,0.8863508910687264,0.3340329261358816,-1.7935322824861692,-0.7084950031006984,-1.5240668804999755,-0.7376847297105805,-1.2487946512563295,-0.2441607048401777,-0.3120537617359274,-0.7826065356751553,-2.510770849326406,-0.123974621465384,0.7198059008924772,0.9359077108806396,1.065027927855218,-1.5657979687387311,1.5152646887833414,-0.8264034557403006,0.6716098197170104,0.401642182567361,-2.275396738024706,-1.231306683236976,0.8304220453817828,-1.5590183711741823,1.0012600070233764,-1.388863604530827,0.1847474624321117
TCGA-AX-A0J1,0.1981267393157107,1.0323819212928664,-0.1951920016259028,-0.555901587123405,-0.1461868434170994,1.0779670091203517,-0.2109515975855415,1.0640480290188197,0.6389593973403228,0.1035386235996413,0.0441838245332613,0.4150837627311139,1.3789425860947224,0.7421861880506058,1.7118709974424346,-1.2286144705944575,1.1803174540475865,0.0703280779100448,-0.3971733237933753,0.0305628081939681,-1.177589601895909,-0.8722814565955629,-1.2046896410344423,0.0082290629454973,0.1254774229849472,1.469016269131501,1.2259402782768245,0.5489859844080933,-0.8187068000084368,1.3749667669445476,-0.0827787506433227,1.333556113214347,0.5507094543322987,0.2396291832023434,-0.4942741371153698,1.6938963003607872,-0.3022926274231847,1.0905132736966725,-0.094963744587079,0.7513861112168095
TCGA-BK-A13B,0.1836005945168051,1.760235373093768,-0.7878182893790632,-0.4614612038334395,1.1840037337280798,2.655589790028499,0.7711682239657927,0.3228700698772077,-0.3248800479167706,-0.6189217787252304,0.6084084418045786,1.2278287462099928,2.1335849754853298,-0.3491770930245044,1.0626210362873585,-1.425405056711636,1.4182928924807363,0.4187736071212419,0.1456197154478211,1.0867638890578424,-0.1598852472730847,-0.0095069848472463,-0.5169545922753815,0.9978980255404482,-1.413846582792246,1.1982365657747722,0.2920202012332714,-0.3112243336225676,-1.3769360492021303,0.940940849091066,1.9307251615957004,1.145001082611434,0.9714472650245516,-0.3405868296826435,1.8242151435975265,1.679611283098435,-0.5176667777376743,1.0270960792326551,0.4975289857063818,0.8620319154332948
TCGA-BS-A0VI,-0.311461649754407,-0.8003540313128968,1.3426455637345678,0.9224356008783688,0.4487379052776905,-0.4590954067544893,-0.0656416210402708,-0.0883476848800698,-1.0939002684537629,1.3623512047625557,-0.0908378085485144,0.2634315948008763,-1.2696634574845462,-0.9885722694878464,0.6237343622696224,-0.5394421099035192,1.8240642870150665,0.6341809557866603,-0.5436799107296496,-0.0827086280577701,-0.5098600008355971,-0.6037329080389022,-0.6521974048511766,1.0087196232638032,-1.6208827712224694,-0.5235902662729933,-0.9064959465449391,-0.914805808764768,0.0860086188670739,0.2498286202363349,1.1778766087410235,-0.2628629640990212,0.2490910113499795,1.185624282706219,0.3583763012201775,-1.0462020686413842,0.1995300575561249,-0.4249288540369907,1.3487037641418698,-0.2620264785316562
TCGA-D1-A176,-0.2393488713025879,0.7347188698428315,0.0834125844763341,-0.5126059277093357,-0.4012222454375445,0.6220989449961392,0.1844560694534777,-0.5664638852277097,-0.7257231968926294,-0.8741620846333559,0.8703801092642962,0.9531366056503,1.4150337153854322,-0.4279744843573958,1.1156516834432249,0.171930047265729,-0.3465223064412768,-0.4977725340238162,-0.1559158401507254,-0.1521882995394665,0.1897810465223383,0.0963728186358584,0.1062471794631659,-0.275603936423375,-0.1898214174379829,-0.2681813921673271,-0.9810811029002564,-0.4168338259273263,0.5460622420972012,-0.0291880156849266,0.7079649529126911,-0.5765078252015271,0.9139699886165488,-0.7834840886971045,-0.5878335678230802,-0.0944432274418289,-0.5286086481223182,-0.0028993985370382,0.4260578589204827,1.5512860787962135
TCGA-AX-A1CP,-0.3286577560973625,0.3916509032797393,0.0747551394754759,0.3067772673617304,0.7922583159229677,-0.1724463120221691,-0.3304394256925096,-0.6220508601567163,0.2654200364291586,0.9814118297633724,-0.3875709212902664,-0.2546607897535215,-1.1619902128424715,0.1648934854729821,-0.5976425971451994,0.2113666306762645,0.8064356949480231,0.3654425243376524,0.2765387971931496,0.1457926043928443,0.1675856015168811,0.0271294194400429,0.3488684720456067,0.6317684535067561,0.8105162080782189,-0.4840657067177265,0.0553569425696579,-1.1634005272089258,-0.1098001824411599,-0.6073687308896133,-0.2692340005271809,-0.4779983558111655,-0.6252937913023922,1.7180927861902733,0.929916615898706,-0.5757369805150954,1.084195723910947,0.3261629339077531,-0.4737207312902035,-0.6848986252634542
TCGA-BG-A0MC,0.3363064897307735,-1.892239391284264,-0.4203720457694648,-0.114092625328524,-0.2320006898572947,-1.017575223648839,0.6625898685163953,-0.4231455317707478,-1.6930158798543302,-0.0395175140815531,1.117557434800776,0.8902725201810598,0.0851442545333216,-1.9571068939091965,-0.4154490555501827,0.1538430184736853,-0.8403510577306678,0.0842383261568726,0.4993915975736219,-0.1489809032072377,-0.2372952631712822,-0.1326424394825912,0.6432356012713647,0.2102710539231037,-2.0972212753520627,-1.8606267471751852,-2.240737412152884,-1.0228970537638995,1.6960267459884717,-0.4029559305391558,0.745124315823498,-1.7305684526937952,0.4677675456993418,-0.9899366215933209,0.0331528182810686,-2.079765825466168,-0.5841581711662358,-1.0701716106972166,0.0091487288378206,1.0854460650032711
TCGA-D1-A165,-0.8381733568721699,1.3566763069631278,0.6970003371359719,0.3872512630474702,0.5295926314902126,0.9224053018935378,-0.3743123449820269,-0.2086178455282599,-0.1828941598142479,0.7129899276751543,1.4306198689809868,0.986088708402626,1.2753857676847615,-0.1073052907312682,0.421592779881662,0.8199171825673455,0.8815645745962102,-0.0314413589070345,-0.5287500402200993,-0.3730065592201792,-1.2139164438757517,-1.165221192313391,-0.7546954059451624,-0.3143592096485131,0.0622890933424755,0.3366787087392623,0.2235062049510404,0.0757267196727195,0.0659918644420478,0.4830212187242579,0.3675871241314308,-0.2939798942760923,0.630262996022608,0.2681750804310838,0.5785182643941861,0.2921607006151457,0.5805052462863822,0.0946397163423477,0.899933735085395,0.7207088742465916
TCGA-EY-A548,0.2680467344211416,0.466878741464114,-0.4100406567585381,-1.389865863157915,-0.2906285672101077,-1.4585298620022027,-0.1066873679400541,0.3801861435712057,-0.7273171204158005,-0.8901687818423769,0.2240655219448372,-0.3440915204103041,1.3046215374103625,-0.7679775695284129,-0.2658452666184321,-0.2170276386858285,-1.125468958183952,-0.4602372381942737,-0.264318871850524,-0.3517800677859015,0.1966094697960756,0.0973688598846124,-1.561872224258822,-0.3819231701494917,-1.735556200570858,-0.2837278902804357,0.3266970105467726,-0.0564113346091176,-1.1235751066422384,1.3680525619139756,-0.823842587543972,-0.2692350904615836,-0.2293983323931734,-0.5892109615205622,-0.824270935380003,0.2768856113843803,-0.6083779292306989,-0.8025577889374812,-0.5249403848217945,0.1820016143393073
TCGA-AX-A1CK,-1.470176820035327,-0.7288168431321056,-1.8995747170849528,-1.184346703045272,-1.4271671898330165,-0.8346338946513406,-1.8422289673899643,0.814568227522424,0.2588576410052698,-1.0949547510429023,-0.986755154074005,-0.8307871069780293,0.4154207838067726,-0.0859382032723643,-0.1417360472107305,-2.200758214655175,-1.5380266965599152,-1.808606186702275,-2.3774811444126964,-2.3022437513661607,-1.5822495126856728,-1.658302851774344,-0.2189330541092194,-2.208665656020885,-0.839400291946244,-0.9797784701486488,-0.2383756951929641,0.4260876201561473,-1.7564321927359423,0.4017731609596032,-1.1424387877795834,-1.56559741083815,-0.98541611557522,-1.6131384089020189,-1.828785491480527,-0.6894070072773326,-1.3620204106478802,-1.1087638307162462,0.2981635794748481,-0.1158034878459396
TCGA-D1-A16R,0.5312283451542671,0.6826984309345618,1.1622620949850573,0.8823421505784121,0.5547799241277838,-0.0539868602636714,0.5554513121986949,-0.3244207198252252,-0.6601606291215124,1.0023657684719898,0.4603581419582977,0.5277439695930654,0.80810005957277,-0.668426711985399,0.5333597200529239,0.8847608935842407,-0.2218598168534674,0.8402891147956923,0.2850232195181549,0.3272288799713503,0.3369505995844524,0.5072649990413037,0.0363426557143538,0.6326236185786343,-0.3036440591005365,-0.1830061880289756,-0.7042243204792806,-0.2707321776615449,1.2612130878638748,-0.0809225220498255,0.3324096107188199,0.6954071824065523,-0.1668030864889101,0.4287696864148008,-0.0737902899352916,0.0046692323412004,0.2993304434217171,-0.2044634757978376,2.1378055938599325,1.2602929187016965
TCGA-D1-A162,-0.6239980552590689,1.1306524509036584,-0.2134555749922798,-0.4981323482972701,-0.3851762021781792,-0.0269754211608384,0.1887396758884072,-0.6327845043773092,-0.0055573480910946,-0.3875779077202726,0.956899208052354,0.5904856405995476,0.334819529587063,0.2291483719399108,0.5785351436110775,0.925035911650076,-0.3139073766632529,-0.4551647840480141,-0.0685171139335977,0.1621301558632774,-0.1891548115969426,-0.1732377312037616,-0.360541179205643,-0.1589123259501789,0.4183765253800001,-0.1018914625522046,-0.0432409500968057,-0.193153556707035,-0.7619693660047713,0.0699865246457133,-0.6809748868263994,0.2229328154696432,0.5149064232236698,-0.2529193410311195,-0.3837219471337593,0.2485224878639436,0.0414207429577226,0.093965974097905,0.4451654362505537,-0.3050242818888381
TCGA-A5-A0GR,1.5476288691890443,-0.6532837573470206,0.0500803801072189,-0.1458962386308004,0.3898228028844546,-0.6735431626553702,1.406661680774795,-0.6480973755956867,-1.4115345063139395,-0.6146607722702561,-1.1924527957325477,-0.140053701265384,0.1691824889331213,-1.6592733576315764,-1.6078931972502013,-0.8991124824614457,-1.0509226345863052,1.4558218072152478,1.1176686637613542,0.5574931037979143,0.1570811772908288,0.873727112561223,-0.5828987866316898,1.0449456216508932,-1.6123555814823127,-1.0474221890669313,-1.2111839336006354,-1.1190292931629968,-0.811254579574314,0.3119538674866818,1.1913366805224277,0.3754672899664905,1.7607056011429707,-0.5332333744947476,-0.2204101823497632,-0.8129907937196647,-0.1524524566761134,-0.0363737438948978,-0.7908186707982606,0.871510910930835
TCGA-AX-A1CJ,0.3794620451479355,-0.3447146950958772,-0.4165984961185743,-1.5570777950780983,-0.9533362183130032,-0.5360031974831797,0.1547972531031169,0.2391742732790739,-0.8394509502159134,-0.918955533972455,-0.4059782736311603,-0.5066171657636394,0.4042346510312853,-0.9242174480282436,-0.3289090475347295,-0.2138327871126686,-0.8195220759880514,-0.5473773701133564,-0.2255313119860322,-0.4139296054012416,-0.1325407934202345,-0.1464899593867634,-1.6159469562273434,-0.7381091042824012,-1.4564910698232167,-0.8592822804018158,-0.7755818548579361,-0.4238177775518855,-2.0389361389773315,0.50291731093402,-0.6293717732229854,-0.8004007634941329,1.498417127096301,-1.2135464662610391,-1.0939626940607836,-0.770801731968418,-0.8652474810871171,-1.2060507129316804,-0.7669958256904964,0.3041419782486808
TCGA-EO-A22Y,-0.8660129213654332,0.7108411487115727,-0.1732019420660852,0.3156030294761225,-0.169124353197036,-0.4042257523767925,-0.8900949721471145,-0.2996739007066394,-0.0274563347072503,0.2682655651392479,0.8200537928570734,1.0314033079180205,0.0912989935351932,0.0509533738885295,0.3554370244513751,0.4587900638137437,0.567288780890816,-0.6409159496226492,-0.1908826612916505,-0.4412970883076866,-1.1858133331457934,-1.1440014759009898,-0.6565533996990962,-0.5969833664605647,0.2815435204450506,-0.0123112927100682,0.1834747481483169,-0.2110566600209706,-0.7792812870215311,-0.7429813689552948,-0.5515478498534909,-0.6875685537894239,0.6090747272905203,0.2607850546019653,-0.1399785470758424,0.1094648132793629,0.1572945146843064,0.1828650937372507,-0.1367198719309845,-0.3118806295258263
TCGA-B5-A1MX,0.2461870885107191,0.7948511868178556,-0.5784570381006967,-0.9906509477123796,-0.0575235315837413,-0.1592268755954853,-0.2549034241700959,1.2976614576945278,1.0166413075602871,-0.5750572398465742,0.2023285986687192,-0.0264831343040249,1.217217187130259,0.937834981561097,0.3028667605184988,-1.4402566353163726,-0.8550497494222185,-0.8424095987962265,-0.5416274080131502,-0.2487244059676261,0.1423454507483967,0.2060975752156771,-0.3562567557842625,-1.0532622274062018,0.453666979491562,0.9387631761754094,1.432842753413059,1.0080509021401425,-1.1136872499355173,1.7609599161804377,-0.6923655225535326,0.9029545382497032,0.0780392724590008,-0.9453446033042892,-1.4183116542437113,1.000683947771122,-1.0555264401205933,-0.8194713478618956,-1.0412479258693428,0.0488906216778818
TCGA-AX-A0J0,-0.5809701580491382,0.309091575967941,-1.2197165575092286,-0.841072937766486,-0.5802639195565065,-1.1154721852269447,-1.6854181385656124,0.915385081744056,1.403693706528764,-0.3890576183189887,-1.0006947218997435,-1.64383790551821,-0.2836235550858121,1.518289092504303,0.8684080492578736,-1.012947206260889,0.9668143938052682,-0.7825678652357282,-0.9833776055700773,-1.234414093376866,-1.506086051905613,-1.1723267263110315,-0.776927581018214,-1.6892750108775818,1.7056966710024246,1.723467662031076,1.4419882964135315,0.8241870097897336,-0.7296528182666037,0.2675013637054905,-0.42392090357492,1.856049979236388,0.0615531717913299,-0.1253911585285672,-0.959775732809875,1.3899537990838309,-0.1294490581703803,0.1867275230621682,0.3303440144894667,-0.7447433299476245
TCGA-AJ-A3OJ,0.5196162468706469,-0.0736550806784776,1.007804844724032,-0.1353763850981705,0.90341255726337,-0.3310677771727137,0.5806007265038119,0.4430433691930213,0.3801030927452685,0.5354658844552421,-0.2438437010245975,0.5380262675899243,0.352901561794761,0.124859875329902,0.8086921394807639,-1.273747298449471,-0.4730523189417807,0.4780916684317625,0.4470124862172663,1.013432453043698,0.1208071840760805,0.4327973872672798,-1.1140622366276527,0.9525129623218762,0.0068641693759973,0.6443395619528766,0.8013090150283486,-0.0829886424986808,0.013651041237721,1.0080538039960552,-0.1917643649857677,0.0114219638047943,0.8779635715625077,0.8209851410039554,0.1861621418719615,0.0407804520385577,-0.1617817301770373,-0.2249866759883631,-0.922684348277792,0.2527250119403382
TCGA-AX-A2HH,-2.2742377886724743,-0.3082266007587638,-0.5507431766686289,-0.5876151151314074,-1.3805299235821535,-1.1299091809519484,-1.606667012499127,0.1549746548914849,0.5286187055748893,-1.0220791788182868,-0.9902056784076296,-0.7898509820383186,-0.1870939149009614,0.6228926146020156,-0.4955874746174554,0.3236176546257372,-0.9594212781840104,-2.540355689944952,-1.7333354098891147,-2.077488001557733,-1.133580951483539,-1.595597653676959,0.0427927050080935,-0.9982150604025866,0.7473216457735724,-0.0364081635962695,0.5369159532155008,-0.0150223462420343,0.494163682890571,-0.7161294582347786,0.1731758040849298,-0.3850675949792393,-0.6665626307860884,0.3531863753118828,-1.356738266754851,0.5443185088627901,-0.4193376675232967,-1.5329674359539094,1.6022306110478677,-1.466551481009174
TCGA-AJ-A3BD,0.8598273283811637,-1.8328276179101373,-1.004759199095608,-0.1896456525449028,-0.0649812846860622,0.0705137586483835,0.4232335359498696,1.3157587863336917,1.1267891397908516,-0.7803487570895953,-1.2044791199383895,-0.1689788906628102,0.0048594445379441,0.7485237131044864,-0.1027058362415172,-1.258384551348022,-0.4007698797484469,-0.2111836389952834,0.7998104923267998,0.1865452982980249,1.4663654578307417,1.0317065207799392,0.751261859991789,-0.2831201392793854,-0.091330721169157,0.2658023267730517,0.8716008394431751,1.4257728098455678,-1.5857867819940834,1.0293575841419147,-0.033375931549734,-0.7145676349765961,0.7545524487568661,-1.4461873274958734,-0.2814835175332605,0.4093924265339446,-1.439834475529852,1.0802559827643303,-1.4272686893247155,0.1327470268321733
TCGA-DI-A1NN,0.9155088528932328,-0.2303725769490549,-1.5847248396082363,-0.3145275368537749,0.2488033694560198,-1.064755240288477,-0.0656192382250809,0.7753497072536505,0.95457858709828,-0.8130888703296356,-0.2650461015137396,-0.2692436080313163,-0.7085315877360626,0.9348616270971108,-0.9571532715002196,-0.6621605870880538,-1.0822943524883335,-0.450316965650851,0.5994493776322726,0.4471564753491939,1.310289504880085,1.0944461034201365,-0.2125135084768746,0.1319690287175099,0.7569002512235486,-0.1614589606535078,1.7105919134189544,2.0582029629949465,-0.3407845157538639,0.6099768961409486,0.1156952618535897,-0.1154841397279068,0.3418618440279973,-0.5315242158201982,-0.4649139286008737,0.2849105274135595,-0.756138280070561,0.1345364438315273,-0.3856842721339982,-1.365476785752152
TCGA-EY-A1GM,-1.8827500090832443,-1.0531237499993746,-0.1965894142094552,0.7160134922355617,-1.8256396061897169,-0.234217844139175,-1.615668676879152,-1.076556862750514,0.0428186280801973,-0.3999377131693751,0.8143904538305176,0.3250060183490372,-3.0309239268670862,0.2173568226445442,-0.3395283135303216,2.679234241856195,-0.5352250708919933,-1.5511941636157192,-1.5135512339124249,-1.7628553441799328,0.1889241072931137,-0.7072188352939597,3.545456720362228,-1.1159793824301016,0.5936416773586657,-0.9324262838769762,-0.7620109620235436,-0.243690272117462,1.948016910267807,-1.316266883432104,-0.0589833136959199,-0.1266105640461209,-1.2979430145699782,-0.1255114105293911,-1.1281019493233946,-1.0356715459467505,0.4259144891968692,0.5377442333713712,0.6743756527073418,-1.3645055448900625
TCGA-AX-A2IN,0.232396488970127,-1.098414859412401,1.1915888647430015,0.9102455445644712,0.974006517506603,0.4511376333503175,0.2775225031882247,1.0784276103608827,1.602632894549976,1.6079519818910524,-1.3304794845314325,-0.6679294193914032,-1.0804735871860154,1.5130053707951168,0.0244567343790452,2.3582388920329342,0.6674572268572602,0.5934097011614482,0.287135999138795,-0.1879155014890662,0.093722359190639,0.1943133637157852,0.5337598917749169,0.8605448828465736,0.9690286613131336,0.8647645394405933,0.912987643327632,-0.4489965982522318,0.9616567447553992,0.3290343876999126,0.042157410818645,0.5146686826305685,0.2228015165518519,0.3661348694953246,0.2127607006515401,0.6594354235553374,0.8551170321405654,2.413145254343212,-0.1382071242936249,-1.2434810679913797
TCGA-EO-A2CG,-0.7753266196108964,-0.1446987681108716,0.1100157149237546,1.3302149639169207,0.0126296945236154,0.146741405580071,-0.6554833647839671,0.7452777681166792,0.5042656968381123,0.8448130748784215,1.0722190288947795,0.9341105012924424,-0.6574055447819275,0.3725474989533344,-0.7379219028664148,1.046845742605952,0.2671968519963282,-0.1315178070542706,-0.7534986919647626,-0.7054622335851238,-1.1560369978682266,-1.2101980901267086,2.0956702244285585,0.0948159868740616,0.3521142367981912,-1.0428210082887952,0.6484342837034709,0.940074590283543,0.8467408073347623,0.8447100861648261,-0.816602728771849,-0.1555600842173738,-0.5097944852473607,0.9676689812111484,-0.4702481241214642,-1.0599836740642516,0.6399502647103771,-0.0187583713071339,0.6949826707801869,-0.1764324685556692
TCGA-A5-A0GP,-0.3305122457419818,0.3616940510291264,-0.2000821394852253,-0.3424651804088568,0.107945524155315,0.5609135849122334,-0.2793082023680659,1.4171033357260103,1.0289015154047632,-0.2285834834297063,0.9136110000403186,1.0140705623691044,1.7629259037191414,0.9685374990017273,0.9176725562520736,-0.247535250459271,0.3283601368384365,-0.4418420294848021,0.1242209715851505,0.0069357667742568,-0.2968808992576236,-0.2831350170059236,0.4234360168092635,-0.6318337932979022,0.1909430244750427,1.2277377176685225,1.4347553362335892,1.4109734946854806,0.1033387388024993,1.9614199561327497,0.3526955241639849,0.6801557181880494,1.9806863674234847,-0.4400198407164437,0.0063737107341653,1.296817267579348,-0.5617637790778677,-0.1092810928114317,-0.7067645876327074,1.1804362775170172
TCGA-AP-A0LN,-0.4493989499871982,-0.7025514695717809,0.3214341211364435,-0.4639065924541848,-0.5067666402596798,-0.5703005679942269,-0.246470138857216,0.1220018111509561,-1.2237367868199682,-0.14333698910821,0.7610411210060327,0.5257377610785681,1.0848473684402258,-1.4255070743219425,0.4725191700291143,0.8363524544574631,-0.0976017085519635,-0.227144180574904,-0.2319518387081466,-0.7386549511720394,-0.8033385579353346,-0.8480553733478697,-0.422420440749834,-0.1001234620370726,-1.6472517386294807,-0.5584713971728225,-0.2972525160454892,0.0294985517931531,0.190086703619769,0.6612329987800193,0.9365485445498338,-0.3902956400064611,0.948316794212946,-0.4932510349267863,-0.4683089981395097,-0.0384410280246525,-0.799247537069982,-0.7966289435620131,2.452010092102088,0.767902583065977
TCGA-AX-A0IU,-0.7677779711860896,-1.796586753338816,-0.848473170317818,-0.0317273857599992,-0.5275731658345433,0.0813414825573006,-0.9246900730976908,0.6266634073269871,0.4526953244413469,-1.1801162076196208,-0.5603279642700837,-0.7960863993102232,-0.8546376357056114,0.3627145837970129,-0.613148620942258,0.0248359195556933,-0.7653620677206819,-0.6788712798369385,-0.9775244172687808,-0.6415830421044851,0.4419430841735741,-0.1257844116106995,1.30327091307661,-0.8927594685507381,0.5769490813150746,-0.9564304109171464,0.0781744440620778,0.2408996511316713,0.4511849428879714,-0.132909456068482,-0.6155043478829042,-1.106795766466362,-1.4410993101393546,-0.7853383763433714,-0.5248919395096275,-0.8727383022268375,-0.7576347524518251,-0.23179901061029,-0.2717019927291725,-0.3548313017797663
TCGA-H5-A2HR,-0.1321892022335132,-2.4945819640633253,-2.372724646585098,-1.7422420252661317,-1.4655374433565165,0.7310524759088369,-0.2678862695231889,2.081871334049498,1.2384774635249058,-2.071922545247282,-1.3627481061726867,-0.819117918576105,-0.2838135672558794,0.8721605783763243,-1.3919314823742996,-1.6332316949896966,-2.6353176210191624,-1.5559126429393513,-0.5323851518718882,-0.916131242225636,0.8925061007640545,0.2129740491105384,-0.9354897480816212,-1.235466150264678,-1.440338479019634,0.0815334148825784,1.2611724502282635,2.7562702808873465,-1.8796329842804669,2.084653535822349,-1.5678870284812385,-1.356804235835061,0.9226900309931836,-3.2459448084833107,-1.5707385677620915,0.0920032530460967,-2.809164245677276,-0.0562283071422616,-2.174833840797209,-0.1659774820600267
TCGA-E6-A1LX,-1.0457333641716138,-0.560992526575194,-1.7446068147443554,-1.0301065308356636,-0.5680219713519181,1.448726485133162,-1.8637604337893872,1.2633922585312245,1.2384110411935534,-1.097332417842828,0.2019160290537167,0.2950439287102837,0.6691659923606672,1.1917242094982374,0.7758741043821942,-1.4791480804466195,-1.211151283689457,-1.084569239258037,-1.3623751695798036,-1.2662723854165658,-2.154135792424772,-1.9035559579181027,-1.52589267917351,-1.3795302183907854,0.5293212405145304,1.2934287321255236,1.4085954516125665,1.636434232544045,-0.6376080032574046,1.7228810048836072,-0.4152467895994183,0.8208606894438619,-0.0669040184450475,-0.9676750467245012,-1.2532732973918883,2.08287879991948,-0.9489927795123844,-0.9733078087594718,0.0699728260802675,-0.7063247686537464
TCGA-FI-A3PV,-1.3973677928931725,-0.692719597101264,-0.6251475087845717,-0.9074202397897952,-0.4252892600948473,1.2365359934239424,-1.3377862719561635,0.3307550406490885,0.4469800567768202,-1.180136194584948,-0.3169002746042332,0.2609568194606037,0.1756624215976581,0.4902122587388963,-0.2583416416435314,-0.2276888045958893,-0.5965502120002069,-0.7818311367014128,-0.954826675567689,-1.2448534943566671,-0.2826404645991834,-0.700962230494032,0.4700342108895508,-0.8169522800897666,0.0742013184697565,-0.3354116217734784,0.0384790284666151,-0.2299052382111517,-0.2042364834170199,0.60852140387512,-0.3451460434146916,-0.0380702522734855,-0.4501836666139836,-0.4006261574403135,-0.5063661433681715,-0.3421683870873608,-0.5143957839318294,0.5684315656259523,-0.7646352852457693,-0.3054682458088935
TCGA-BG-A0MT,0.0003993054324166,0.6735552435982946,-0.6294450954065904,-0.8299326953222529,-0.3862838966954843,-0.0686711796992745,0.2640419326859558,0.3753190352503038,-0.0119002932587233,-0.5053971028525024,-0.1158610860988004,0.1006584923145069,1.3108543245886897,-0.2430524925940808,0.336042464515179,0.2255427050873243,0.0104167640840736,0.2465421215582324,0.2522458771373563,0.4208564956610775,0.7402878553534155,0.693933575155805,-1.5064405282621214,-0.0316258644626998,-0.6591464069913442,0.3618783759637545,0.4894805450644918,-0.1232552654000593,-0.0794165365384215,0.95845051848366,0.1244716026906007,0.4589460908232207,0.9576746737711984,0.261928239010724,-0.2199032925174156,0.902351866334573,-0.1858768864026813,0.5156952701176775,-0.5470989827672142,0.5075918911477421
TCGA-EY-A549,0.1719068486434589,1.0868342768309225,0.2071396016449729,-0.7362561912034555,0.6575627478037068,0.1295788843976484,0.517572818167231,-0.8927597222096939,-0.8994035089271056,-0.6535538720223307,0.649160811463648,0.4867391583777036,1.3411307730909732,-0.8390631805537261,1.2535290565635038,-0.6835013250153817,1.4422810419381165,-0.1759391903444623,0.5144669244951153,0.3302888524752761,-0.4557456988191956,-0.2175409022052384,0.2539778279864806,-0.0005701596401522,-1.0852002163504932,0.3717083287865352,-0.3345293265908827,-1.0576314221601055,0.0120956738372761,0.0830080745205532,0.189592424484638,-0.2636223889730493,-0.3598798826709275,0.009214180200432,1.1510994875567255,0.029838289551087,-0.424990450292988,1.1909487789198414,-0.4220788639020098,0.6057013051606316
TCGA-D1-A1O7,-0.3306486218375549,-0.4348981625517022,-0.1580236818331296,-0.4325871924386731,-0.2454890698840699,0.2315289308208884,-0.2142228109823091,1.039910207806365,0.6232233663190869,-0.8475445392919533,0.4761427919418531,1.020472361363062,1.274566596718775,0.5338561286164607,0.7264075736995685,-0.2477024871188245,-0.3442257966401585,-0.8050668946060117,0.2345901707027607,-0.3047246097321288,0.5311918688722906,0.1751600099578784,0.1802783949803034,-0.846156172380695,0.4590532125024226,0.4942502014870056,0.578828220352904,0.0625988001062319,-0.4849227820510948,0.4124325930766944,0.7264446104374686,0.6267417744492689,1.4099744951304325,-0.8373289761060813,-0.1888708750785613,-0.3778979642184473,-0.8431758011499129,-0.0511581954154225,-0.9598066308893464,1.648194420036435
TCGA-AJ-A3NF,1.0956697496298056,0.8979905153948673,0.6439995216104526,2.663607143613553,0.84179750602146,0.5523421066306694,1.1563627430391514,-0.7189350138518114,0.5172733143745617,1.5432658737348357,0.577647218247185,-0.0960817735487603,-0.4607328837415688,0.6583621587939881,-0.8688978774012281,0.7068129138867546,0.2086931394249312,1.177720430105739,1.0159305295858954,1.2108747854410222,0.8455268836419224,1.00030892951017,1.4271280773575914,1.605398202141399,1.450769509029245,-0.1951965894452717,0.1875672816882073,-0.2112817687247056,0.9074329893686344,-0.9478259562203144,-0.3207515919987515,0.3333543671541354,-0.3603580397549162,1.222792050498417,1.0750578671152613,-0.2909001514977481,1.612929260614912,0.0383457992269047,0.4208634129067939,-0.4305128338123752
TCGA-BK-A0C9,0.3335325620662872,-1.0530023565257736,0.2433629352101351,0.2799848435963979,-0.5347589946304905,0.1934234442741591,-0.0491755563930941,0.421042418019484,-0.2152401370800913,0.0621992722223853,1.2218153662024076,1.0243280487328126,1.5489252257870352,-0.2760673861038748,0.7862366531837859,0.498459317774616,-0.6700166736470595,-0.2496559309221269,-0.2020831045872043,-0.1913418425831635,-0.1771356296881148,-0.120223768309184,-0.3217612400977277,-1.1400391387813285,-0.9755987996168072,0.049295520268781,-0.2870524974990981,0.8116949496091597,1.2343153798868185,0.4381274368193372,0.2874971584465214,-1.3330685855490092,1.7284204338764817,-0.9803419627171976,-0.4505607185966929,-0.3296925460446004,-1.1513639995950715,0.3852983569123063,0.7706097412137145,1.943041081315107
TCGA-AJ-A5DW,-0.2029823509024915,1.6566498412661854,0.4648123375872254,-0.5088381045208323,-0.0019134012543238,-0.6345167742704921,-0.5009610845980759,-0.5250973244665545,0.9431857857482376,0.0488250658707021,0.6506259441242408,0.2296130790906119,0.6738638324609972,0.962857812408044,0.5813972377463341,0.7375932971611007,0.2080654029329642,-0.0687066542143819,-0.2664625928227278,-0.1894205086917993,-0.6653833951340333,-0.4552280571997267,-0.8853752392084552,-0.0351497760063648,1.5634003117049966,1.154158921223563,0.9813158514005664,-0.1248506043983159,-0.7759297213808919,-0.3963749725802988,-0.9377668847776096,1.6182948335213705,-1.1976573484590285,0.2023094142404905,-0.1565687099926918,1.4522265313249645,1.019102752569833,-0.876911871720182,-0.2595023332026017,-0.6369682319802991
TCGA-AP-A05J,-1.4972224706006507,-2.41542378114611,-1.6577106069494456,0.8401308033717727,-2.463119331649289,0.0858392108854176,-1.4831752746146576,0.6715511711417819,0.5524269233174012,-0.8298267982974419,0.1482268567333242,-0.0526887711972626,-1.041075037200248,0.5000929331334796,-0.2607185098826948,1.4407492075627342,-0.7345023821665286,-1.648038280133752,-1.4334264536367132,-1.850004801172348,-0.5127377909168082,-1.255195942475624,2.251763490128489,-1.6483864602373337,0.0972639087156601,-0.7151043948472104,-0.3203109832246475,0.9237501452415056,-0.0938597209234441,0.8768801538996067,-0.7554345428919496,-1.2849841680122271,-0.9062430970585998,-1.0842381151583478,-1.6492925138166954,-0.5836609350897494,-1.1864386342331186,0.5959718504555731,-0.4952901332075251,-0.8769819869828102
TCGA-D1-A103,0.4093698990924338,1.1855972513964157,0.1733843771000316,-0.4315403516274755,0.3374921879414345,-1.0005788035371002,0.6181722054734933,-0.3649516442686721,-0.2801105879897027,-0.4164921703344351,1.5525438115232488,1.0288664791244264,1.7060065898147394,-0.1957177614852511,0.8879275188006852,0.7337219180722879,0.2296964251019929,0.2205717430115899,0.4158559595873348,0.3442920832273293,1.2675872383289166,1.0842812619575015,0.2829264966552667,0.1785949793279678,-0.0849210068259212,0.3184890008607395,-0.171507308791697,-0.325071216050398,-0.6856628710790281,0.7453256502822191,0.2906095458439838,0.2383841167322774,0.570588635496553,-0.0693565795243556,0.172173539320116,0.9878495561452816,0.318516180334202,0.330430827742936,-0.2662214432572821,0.5464881329205837
