patient_id,HALLMARK_ADIPOGENESIS,HALLMARK_ALLOGRAFT_REJECTION,HALLMARK_ANDROGEN_RESPONSE,HALLMARK_ANGIOGENESIS,HALLMARK_APICAL_JUNCTION,HALLMARK_APICAL_SURFACE,HALLMARK_APOPTOSIS,HALLMARK_BILE_ACID_METABOLISM,HALLMARK_CHOLESTEROL_HOMEOSTASIS,HALLMARK_COAGULATION,HALLMARK_COMPLEMENT,HALLMARK_DNA_REPAIR,HALLMARK_E2F_TARGETS,HALLMARK_EPITHELIAL_MESENCHYMAL_TRANSITION,HALLMARK_ESTROGEN_RESPONSE_EARLY,HALLMARK_ESTROGEN_RESPONSE_LATE,HALLMARK_FATTY_ACID_METABOLISM,HALLMARK_G2M_CHECKPOINT,HALLMARK_GLYCOLYSIS,HALLMARK_HEDGEHOG_SIGNALING,HALLMARK_HEME_METABOLISM,HALLMARK_HYPOXIA,HALLMARK_IL2_STAT5_SIGNALING,HALLMARK_IL6_JAK_STAT3_SIGNALING,HALLMARK_INFLAMMATORY_RESPONSE,HALLMARK_INTERFERON_ALPHA_RESPONSE,HALLMARK_INTERFERON_GAMMA_RESPONSE,HALLMARK_KRAS_SIGNALING_DN,HALLMARK_KRAS_SIGNALING_UP,HALLMARK_MITOTIC_SPINDLE,HALLMARK_MTORC1_SIGNALING,HALLMARK_MYC_TARGETS_V1,HALLMARK_MYC_TARGETS_V2,HALLMARK_MYOGENESIS,HALLMARK_NOTCH_SIGNALING,HALLMARK_OXIDATIVE_PHOSPHORYLATION,HALLMARK_P53_PATHWAY,HALLMARK_PANCREAS_BETA_CELLS,HALLMARK_PEROXISOME,HALLMARK_PI3K_AKT_MTOR_SIGNALING,HALLMARK_PROTEIN_SECRETION,HALLMARK_REACTIVE_OXYGEN_SPECIES_PATHWAY,HALLMARK_SPERMATOGENESIS,HALLMARK_TGF_BETA_SIGNALING,HALLMARK_TNFA_SIGNALING_VIA_NFKB,HALLMARK_UNFOLDED_PROTEIN_RESPONSE,HALLMARK_UV_RESPONSE_DN,HALLMARK_UV_RESPONSE_UP,HALLMARK_WNT_BETA_CATENIN_SIGNALING,HALLMARK_XENOBIOTIC_METABOLISM
TCGA-DK-AA6S,-1.289265358201784,0.5528654128187815,-0.5117467036880048,0.8583507434404563,1.2167328683037784,0.6917913124884613,0.4518504376274863,-0.674792474847106,-2.042921178979813,0.94577511418304,0.4389202827148629,-0.5771432938765403,-0.7277354847078951,1.2852388331507565,0.4263797391400544,-0.2340644503734638,-2.1664507172302523,-0.6020334118709619,0.03157375678339712,1.4091329389255656,-0.08874669023711249,0.0001071572875277673,0.48709178978419027,0.7906504952376889,0.3371466304475926,0.5375725695237034,0.6731396352996452,0.7626124112082612,0.7169658009826457,0.32122620556393894,-1.119646957238078,-0.8249662202309638,-0.9776366677403711,0.6396809210054841,1.7272824229470207,-1.7363634782743076,-0.052844087281923406,1.044484117677244,-0.5602688492262126,-0.15535976814637117,0.5002681470286344,-1.1616878657121512,-0.9584336508919633,0.9229819776609101,0.2282210067301848,-0.6204084191484921,0.6058792997877249,-0.4524582311293062,0.416605119765048,-0.7258152351268266
TCGA-DK-A6B2,1.4513939403524858,0.3899814041842594,0.18341440647532029,1.0121919923446396,0.3835225200487053,0.9734467630076249,0.15933727439035086,-0.43937389761359436,-0.3979093626204016,0.621656620064788,0.46539141181898797,-0.760188162746797,-0.26617826326043104,0.7039309955245482,0.47971212901232413,0.3233441286217712,0.48387549509468314,-0.17962912720156193,-0.37101424463412735,0.6681180604508902,-0.08420617350286651,-0.22871143760066753,0.6755451753799878,0.3106557760851399,0.3972004323144495,0.778628984865728,0.7221883853696766,-1.0292298815682324,0.7377910996089361,0.20382255630963458,-0.30601681482474036,-0.6188138714053589,-0.47284321424727965,0.3057594465406099,0.8073815337016919,-1.075589559258428,-0.27243213763112956,0.35665677174747756,-0.0980189409057485,1.759069253314968,0.9333686965248825,-0.2841479134846226,-0.3995184038757354,0.050733355302986866,-0.3778068338286014,0.5167005708365604,0.42801967696159054,-0.31026024687413545,0.005059775078385388,0.5036891213251999
TCGA-GU-A763,0.8763319323521613,-0.8478491714043441,-1.0661003489124132,-1.9351600653730854,-1.6714892674657251,-1.1384044855589306,-1.4617461775238854,-0.4465091651132145,-0.18222080571920632,-0.9812211281112432,-1.1093032022521272,1.6493042093689276,-0.3258218030641895,-1.6095894010761458,-0.7375447250692713,-0.09728763918983525,0.31382459938259133,-0.8895011600587075,-0.04297712358157672,-2.2706629730456713,-1.0354986339245476,-1.195723949975293,-1.3324580375062969,-1.1486198058575183,-1.2299925076009368,-0.1254939315934867,-0.450124910581561,0.23713983221671736,-1.502253419134745,-2.6405872612901713,-0.6799897932582623,0.5947790804768028,1.8499277800713978,-0.9423754629686625,-1.3866352829871305,2.55173696348422,-0.02629799620291297,-0.7289210012812087,0.4214279876108612,-1.970128101516324,-2.0191580041376964,1.2930236165005375,-0.4761550630739556,-1.3915490116317129,-0.9781931093107523,-0.3846248154266264,-1.8746916838569156,-0.7234475751682493,-1.1119159390966975,0.326029411517419
TCGA-XF-A9T4,-0.9545692486078,0.27230473078887346,1.2860547000074465,0.9576869032310504,0.8293976800200679,1.819681912118872,1.251685722671179,-0.9407750563940114,-0.6286381950620293,1.0714887288463393,0.8542371427305434,-0.7689413437694692,-0.19907016639285413,1.066634465357182,1.0118455111823732,0.5983916801991106,-0.9550260781013902,0.03540666406975821,1.2181272381061954,1.120892715187666,0.7275451773931534,1.6458729466514368,0.6845185994245256,0.9196548622055533,0.9943790853962279,1.066123906179672,0.8947689125443308,0.17730687271484105,1.5673035010165963,0.892843362775047,-0.36602232263028395,-0.44407048500667723,-0.8853847785638537,-0.40974577625896486,1.0421308558788835,-1.4161086224170227,1.6251605209124167,-0.26829014500496123,-0.5639314093590123,0.4593880193935512,0.856768080691882,0.2614466088230776,-0.6294204283790247,2.0460326336764085,1.4249317676964979,-0.2579685061979233,0.9819914521771619,-0.3295192494996489,0.45093891346684406,-0.4152094970088344
TCGA-FD-A5C1,4.96988377702026e-05,1.4652631646581242,-0.3963340265671778,1.0638179290891745,1.0946444878854908,1.2691587140044558,1.7818280785201372,0.01862525386218229,-0.19185311732513233,1.4689997790050093,1.4943426359803238,1.3001213989864997,0.41719369876820206,1.135771218349342,1.0639229198028173,1.0744738714342754,-1.1630469239948038,0.13095155666820374,0.744182697755956,0.5863380292613078,-0.03392066575460396,0.8268961549126865,1.266722043413248,1.5497269876089574,1.6103095894716482,1.6711918105144983,1.794042728446131,0.15782248508251057,1.4886836871863507,-0.6477577494919503,0.9775806593474208,0.7038454840328907,0.5967275986513173,0.16164380032220657,0.3041116343701417,0.6644650002225005,2.095206915411388,-0.015503443416211196,-1.014532855296257,-0.04891966070920202,-0.5398309835724638,1.2758304664606774,-0.3472032703333484,0.18993855119813138,1.7128589243665087,1.2004797265567375,-0.3505023209360959,1.1081438037718605,-0.21657504382310075,0.30152121990324454
TCGA-GU-A42Q,-1.1399784561612165,-0.9211437387380437,1.0103143378169197,-0.06401208735619061,0.5548754924145537,0.3618628099375188,-0.11664726527498238,0.16084878264041033,-0.8828908868483747,-0.6176531521074048,-0.6694643871152761,-0.417310577198476,1.0009328732793286,0.029923213298187392,0.21436203259274272,0.6378908280648142,-0.33675227719245726,1.3067435339783047,2.1113204269446517,1.5154602844106604,1.149666258930146,1.3348050792951822,-0.36253905793638064,-0.5807482612459431,-0.4960343599828383,-1.1192345208071581,-1.0931092080424185,1.4108496515275966,-0.7447284320002914,1.5244911199653346,1.2286276722338196,0.933922543071751,1.1164769208581473,-0.03424154770332881,0.024521153948664144,-0.30337406164968445,0.646866220173846,0.9908685638137431,-1.0311273328719353,-0.013923513453741853,0.46468990877886585,1.8307703492148224,1.3605448653560588,0.7904357869734348,-0.1644147103962257,0.375087389720066,0.15114345821476974,0.24198817226552372,0.982288441643254,-0.29355179731464276
TCGA-DK-A3IL,0.18788507817016772,-1.0217864016280844,-0.9665531543040411,-0.5692896918762477,-0.3180763048101567,0.224538994005788,-0.9366730801467276,0.6385125858570674,1.2808700809263893,-0.5690566330705693,-1.1228074846005205,0.5678215039178788,0.24194519530632036,-0.2156990558899134,-0.2013689593930471,-0.09663918709076993,0.522564791897378,0.16440656834840808,0.0736945288910429,-0.6066438688316068,-1.7014952835092636,-1.2597724207321757,-1.15465787642293,-1.1162918532263963,-1.3398495013115093,-1.3399480171331426,-1.2108847675946495,0.43361773479608806,-1.181138507323869,-0.02077679521236198,-0.17476449622369397,-0.2854547269133755,0.061074391668485904,0.6494000370420379,-0.25982996001369313,-0.3093198560300807,-1.0007491322648663,-1.13239999859212,1.0738520874248028,-0.869983884248302,-1.130091401701501,-1.3105785328994641,-3.524732793854676e-07,-0.3418623463825733,-1.2799982045487466,-1.170025643674563,-0.6484414228593812,-1.150152912654176,-1.057719850635893,-0.5039333411613465
TCGA-XF-AAMH,-0.33788772414466156,-1.229320860710288,-1.7143657620255004,0.1758086856580214,0.08880195347955257,-0.9766340036796322,-0.9244230691855556,-0.7031711539625528,1.3917165639898221,0.20026229880491436,-0.9472127766202315,1.3109070892037311,-0.27613395122034007,0.4013457535642551,0.20606521395037564,0.4961780988760701,-1.1398458466104444,-0.5056472657649903,1.1413916401059936,1.921533544307649,-0.43023174974726824,-0.18576306628685366,-0.44910615621177224,-1.3507508822726464,-1.423564862710176,-0.9057465150409362,-1.2478828242807363,1.416682443740784,-0.5696195967094401,-1.728619999715813,0.3728483549184225,0.42668774561838146,0.6164052973711622,0.6714684503481216,-0.8873115165519577,1.2436868161739005,-0.9091872074746246,2.3692260245724714,-0.5992891034578797,-2.0971275956616613,-1.6916385192974632,-1.8787572149610476,-0.045119788520632906,-0.31795019589156603,-1.3371656792011124,1.1172193665308152,-1.3314662447273633,0.07961650774012491,4.554385776629038,-0.40640156748697065
TCGA-FT-A61P,0.889225205250014,1.0261964903983896,0.28447938634903364,0.703527253428511,1.7137100704662063,0.91028301195212,1.4034724847102191,0.302434101526025,1.1498897294721808,1.325501229326293,1.0329721580088411,0.5466655866053298,0.5736026269418736,1.2517214812058834,0.6535069819210736,0.4522201595068753,0.23664130137267356,0.4476215636694624,1.3967300001821397,0.21539914361600945,0.413626658945536,1.2912218777635471,1.3059784967248824,1.0429138230096933,0.9542382225157998,0.8235693596739664,1.0382446983649993,-1.1130900144648137,1.6724067910331593,0.9493740762030166,0.43955814113288894,0.4026275713427714,-0.13862871427838577,1.194642536307814,-0.17557429151090453,-0.8464978928296263,0.6298619488744122,0.2329721472497892,-0.8601370763357642,-0.5846441859804792,0.48810732850994143,0.026636444846661583,-0.20713118346758824,0.6165650575016648,0.8751352531838531,-0.15446747612005107,1.0764677010336468,1.3891155444461663,0.29807025351921496,0.4900152592397913
TCGA-G2-A2EF,-1.5842478149962973,1.2766520992766468,0.10352217321961296,0.2034634708792012,0.3020794079009443,-0.7752198398194481,0.7400329465996622,-1.561746023695643,-0.8125572650316396,0.29255183855188815,1.057360683612163,1.0192100486263027,0.7691055958673311,0.5461221716752609,-1.743365679187642,-2.7648884952924604,-1.6763332188727955,0.9611628775529834,0.23797020711759043,-0.8849717962988758,-0.3009791594088084,0.5408667463413133,0.9524474331753299,1.1413928941419214,1.576841916798717,2.014051879850431,1.695007244311219,-1.1498143351036192,0.5624485439293208,1.376215743431846,0.46390803623750265,1.025248689907491,0.4868305077361379,-0.742992078714109,-1.7557529015802635,-0.8211421202356974,-0.516837441954469,0.39374548844775,-1.9200064603477602,0.5160777565810024,0.8137445231523517,-0.5998644634686747,0.8643088090879638,0.63488287004949,0.8096392735835166,0.5586434169330847,0.8306947306840277,-2.130892111841401,0.6446451727813132,-2.1949980702548824
TCGA-XF-A9T2,-0.5592908833125291,-0.5045161561936228,-0.8394824351365352,1.181263933026065,0.1745455880463419,-1.5555318521360968,0.7271053455454648,-0.9401929692257789,-0.933124830512587,-0.01921676360756639,-0.6824753189020123,0.862002088537949,0.7033720504872183,0.7850363618036149,-0.7974039043320479,-0.7688149624913184,-0.9369519537352103,0.7877362750418205,-0.1807108561258025,3.0976223646604635,-1.2231136179921376,-0.0340942276718459,-0.3353382083853194,-0.9730955893558976,-1.150383870113125,-1.0033088137130222,-1.144971792107987,0.2747065217052088,0.26100174440508805,0.5911061571642289,0.4537139456621606,1.4162257742288755,0.513688930101815,0.20815310922567398,1.5227613282397852,0.45899909534991307,0.2640591776454168,1.0546534349529382,-1.2589173127552402,-2.199549596570635,-1.2390338612408094,-0.5707521255988222,2.1152633646478933,1.2309935600050006,-0.8083478260370929,0.7813759596419327,0.07227738706613375,-1.0296991989521074,4.660560308431631,-0.770914439507341
TCGA-C4-A0F7,-0.39557655728860225,-0.6865437648481487,0.7727197014537843,0.8193091457009578,0.09222688414708241,-0.3664545935970965,-0.24432771094021638,-1.4793260208339645,0.9627811133041682,-0.8554018397810482,-0.5175433867676817,-0.002853622193918754,1.2234813446231279,0.13824838388763577,-0.13612114458845517,-0.079548837553365,-0.49165596534361383,1.4259847115693889,-0.4521085292224464,0.8924164225826793,-0.15646791692048784,0.20425309031679445,0.18918668498533633,-0.41712540792269875,-0.25560375319114675,-1.3496797527837257,-0.9197361117785424,0.5809117981633424,-0.4769303047795281,1.022304236680155,1.1533157935467335,1.3062656352128699,1.178249186373006,-0.1030402936540257,-0.8419142723813825,0.44900347531049434,-0.18387264041619186,0.6683349006838065,-0.9589280730998884,0.930699469151278,0.19399667524042477,-0.7610250771599542,2.335199829637157,-0.06908196251165706,0.2511371794891948,0.8310694260375856,0.12935280038775843,0.8169486554600706,1.0184598131698128,-1.7030202130362182
TCGA-G2-A2EK,0.8810510318044318,-0.35332101765234136,0.7667718886132167,-0.33429755458580673,-0.12250342292214586,0.27551796942489404,-0.6300423301682112,0.8986213786914515,-0.5555322243270913,0.412504197029898,-0.11195735497769985,-1.6692403009408308,-1.5245669267685646,-0.5500482413217247,0.9902233347969691,0.5706452224439267,1.0959643720442651,-1.5662391818023935,-1.6314069935085183,-0.3009645948101732,1.038212332994493,-1.0393818035929223,-0.6058881395600938,-0.6742893538473858,-0.7867537515271547,-0.6421551005166142,-0.7108094392640403,1.0599918969186675,-0.17315414737483042,-1.2684631771683996,-1.8228404923368715,-1.4849931745877185,-1.119428073344011,0.2551217868655386,1.3877727105933464,-0.4521669185940284,0.14465509958750997,0.059105885188218854,0.9382495296046723,-0.6467684884725112,1.2239404264966027,-1.0606912253719512,-1.7245789070084434,-0.5568248322626737,-1.2134305262539178,-1.68151097703154,0.10465270645664344,-1.4868959434954037,-0.34531258846358714,0.8870399842661774
TCGA-FD-A6TB,1.362946960159571,1.2801780165130094,0.9162908330640682,0.9047102500700437,1.3551324912372988,1.5078477340508394,1.3565312367641476,0.13579725511503668,0.4043975505501236,0.8492065470753489,1.1770912088831689,-0.8377926564013847,-0.15945391315214494,0.8470476745084282,0.7037822121414447,1.087776868849132,-0.1540528141999562,-0.040211917717189856,0.007843747420559528,0.27228003524918454,-0.41079330158395555,0.723442513410716,1.172105253074934,1.259156195575473,0.9078138820073698,0.6128157721847906,0.9170564920909647,0.5180622630517112,1.2276295843488076,0.6795271942829948,0.3799644060054544,-0.4604655407231759,-0.5121142794430877,1.1328443185701351,0.3457918323416831,-0.8525394829676937,1.1055393307150616,0.12856236049730807,-0.8113774431038389,2.0548483486357316,-0.05173374369761166,-0.17536959084397097,-0.7676721926283472,0.4765645870661638,1.1161301146405314,-0.33574547427591234,0.8022517376545981,1.0214304068248408,0.513899268091299,0.9938278694720595
TCGA-UY-A9PD,0.24620569429186082,-0.7244595154469834,-0.34388449347096023,0.47083748696676747,-0.1653787056068151,-0.5584617387352593,-0.23821681820781165,0.41683513223448265,1.2062024464356869,-0.16508845086389265,-0.8975694246311875,0.7148946156256246,0.3136325949408466,0.3766001534289429,-0.950451936620517,-0.9466436547351804,0.8863850317261853,0.20905447103522043,0.19102373271737835,-0.8563706472614021,-1.364169543861898,-0.39654256015372613,-0.44034935670061615,-0.8872237028868664,-0.9174106668944383,-0.8643706397394628,-0.7863952220155127,-1.5535355265993342,-0.867356683667042,-0.33211881332174914,0.5715666840911781,0.9312508772126988,0.9895858682723353,0.5593531004720599,0.6604014305444493,1.1503938301910797,-0.4739330114606062,-1.1407122893102748,0.848304443814649,-1.3194136106573868,-0.17825413630994708,0.36047838137053284,0.404844086730389,0.13617879491668178,-0.598495583807692,1.766102294545591,-0.40737584097907453,0.5156192459377401,-0.5466826836528911,0.46121254520022054
TCGA-DK-AA6P,0.3276399505380212,-1.4381483108961555,0.041941814814166326,-1.2875926588619298,-1.3640076756347048,-1.51184757773942,-1.980504339652787,0.5305058888379893,-1.594843946118433,-1.8512239605421297,-1.5946608557315027,-0.9300604119123331,-0.14215223724750367,-1.3753829771773682,-0.12224025552748106,-0.9320937174492074,1.169418821133381,-0.09431641482804135,-0.79041535845398,0.5684110326358158,0.29448025760734886,-1.0009686652859626,-1.1002853104962937,-1.4225830140110565,-1.3870295831527066,-1.3984992948013975,-1.5571438968145672,-0.8771380898899609,-1.4560543827672525,0.4426489501190726,-0.7908724492761554,-0.23368746424271375,0.610360770369797,-1.1840787057003876,0.7343449676936564,0.3980097924426825,-1.3992235201722611,0.9075986764606744,1.2522994207749227,0.5711739733500116,0.722873973696193,-0.25013465079030256,0.7255494643511277,-0.8308123355300355,-1.5864166185610231,0.2911143825339167,-0.39758307649531627,-0.06453619011586013,0.3594598292082414,0.023194243962775748
TCGA-GV-A3QK,0.3523741310357491,0.21188976255753386,0.25396448650820086,-0.5817793046450224,-1.309438716650082,-0.16978749043999106,0.10296990157786061,0.16295598256467939,0.2657495190853518,-0.48666169652706925,-0.24174473682593797,0.09701338819953222,-0.16716243673882872,-1.2744222932103004,0.010734030369273983,0.13913798082523426,0.5118435268243978,-0.3972704419700148,-1.7311751414423022,-1.1835731606383688,0.22662722866854898,-1.1255358668462803,0.14037677579953162,0.02590343547715545,-0.03233254534885617,0.4803494437633435,0.47187255534373473,-0.776352503851791,-0.21098654080395318,-0.5301555872753563,-0.11700100867971151,-0.06043760295816776,0.12663614726073574,-0.8870751145258924,0.24594301083166512,0.38724360387172085,-0.19278700697378193,-0.4530800105963862,0.9639072771914023,1.3131645990795011,0.13896799930405315,-0.1773547789407643,-0.3215525758458571,-0.4520155676523755,0.025031365991301516,-0.04632235410678995,-0.7207775189236977,-0.09055759417246631,-1.3729290186251704,0.1204622947318461
TCGA-GC-A3I6,-1.1838029337333362,0.5198282678236031,1.0203020108265803,0.28098357136135704,0.6200881366391386,1.477133854204438,1.3964185284249806,-0.7753075207742941,-0.694404193067406,0.5515343629928005,0.9920378003139169,-0.07400234456063885,1.2187812633294324,0.266085821497752,1.0218659411829043,1.3978924295324267,-0.21743093990114057,1.3430504808849126,0.3839074902456742,-0.21094139782509105,1.6853498949058798,0.4912292088081277,0.0884042269642371,0.591005327947081,0.7051133596835021,1.2490780136697976,1.1429604461085008,2.2575160627229858,0.23042011612981508,1.6974136477778905,0.3223873210575105,0.03313405899395744,-0.8006163066629739,-0.25673186746459453,-0.12969178573056164,-0.8644018952990915,1.3842703232978493,-0.5172184335200881,0.308157345747839,0.9787047417823455,0.772257006964348,0.4335539156209946,0.2179516328924505,1.1680521137602202,0.7285285083481796,-1.0956620341301406,0.4654361298614955,0.5920606855641067,0.4340045979303137,-0.12886080521197651
TCGA-UY-A8OC,-0.7274307149038143,-0.059420335683721535,0.01557558069658235,1.3078246551708097,1.2134495411143287,0.40061377973546897,0.8704574637286694,-1.7145127307031698,-0.06687164539352272,1.2214361992068847,0.2483332447331564,0.7083685172742682,-0.10107485850798832,1.451312678299072,0.04401679817277787,-0.4696295690477831,-1.4374704137373497,-0.05518854955552484,1.8027168864890106,2.235181722250479,-0.6752586192473474,1.5393293248885165,0.3481137383360164,-0.03856402272255124,0.33120503968652343,-0.8016412057567285,-0.6918849192880232,-1.2522946187470825,1.0791351440659613,0.03990058175869685,0.07255784926784006,0.21207038521631494,-0.28472309153205233,0.703941429915771,2.064287619282439,0.1447521227832957,0.8917083570133129,0.3586213817763851,-1.2828737104087313,-0.4661093430070867,0.2825572054818193,-0.25370004168022275,-0.3915821252280997,1.3918302557592126,0.6418657436911188,0.6481098551300052,0.9664077705942116,-0.9002944121297953,0.8761072504382709,-0.8664379206785404
TCGA-FD-A3B7,-1.5241358700023087,1.9705605869576779,0.993967187146858,2.006971761450397,2.1120261588486904,1.6193481352090442,1.3694785385686128,-0.5085155844260951,-0.2716307710276443,1.414414519259681,2.0501871003322387,-0.09160513438743806,0.7034112311617086,1.7971239718347674,0.26566108969075486,-0.06321833005569145,-1.4509828532331799,0.9219485517986444,0.5080129429773013,1.4776271859897356,0.3307502451129543,0.9811485087832055,1.6651068430957248,1.9683390349150303,2.053998944398718,1.0500236540717478,1.3782136340344606,-0.5845771690828228,2.2305396562335282,1.4070792575185467,0.7254237205910428,0.5625986544666274,0.6072745678690968,0.291015372235121,1.1263349814829764,-1.5353808938011289,0.2487639184472017,0.779301853279398,-1.831623202793267,0.3086250432304826,0.3929886329606423,0.12239261019758003,0.8138932305528545,1.1064111504791623,1.4311685931023508,0.6125207559051955,1.2399986910181529,0.3179995637605759,0.960582696036665,-0.36937401824561533
TCGA-ZF-A9R1,-0.2409334686193206,-0.8983103526004602,0.807312357649323,-0.7869489259676892,-0.015592141396579716,0.1345760437297717,-0.5886832675695655,-1.0194966447767309,0.6920227245466865,-0.38435391588842777,-0.4412433253689367,0.4783315416614778,0.29024675830662244,-0.2928129245007996,0.030792991407709004,0.12070576921996029,-0.5861827522898039,0.3438758043833235,0.43219488012077906,-0.19431761722303229,-0.976673627388365,-0.7775122585678585,-1.0293965125053208,-0.7236440808209976,-1.1138707181905203,-0.7120184781553284,-0.7600032055909848,0.14519249703246564,-0.3582473941542633,0.3712418150696854,0.2758281764631709,0.03506462599190439,0.5074927441913892,0.5912785835347354,0.17959884408741303,-0.7284692488150524,-0.16157130131211922,-0.5621311957677522,0.4950890819053495,1.2408034005855215,0.35303400047263833,0.04019984743724772,0.04477977953731965,-0.2060476824187594,-1.1454698975535682,-0.8018690516662073,0.12472103448801385,-1.0317944496703295,-0.8075418502220978,-0.47727917406651366
TCGA-ZF-A9RF,-0.09830481250824097,1.6514497332276241,-0.4692539204075451,-0.33575603570798634,-0.6092420750283227,-0.9946457133158044,0.007767982304974664,0.4385118152775722,0.5991081796603227,0.06237641512246135,0.8241244862003693,1.2295260296813735,1.3254370363299923,-0.045705658214134345,-1.6574400628854664,-1.3843221366283924,-0.553600142592856,1.373676170169957,0.6821339877144166,-1.5187104386510522,0.7380483979295099,0.4379357840484018,0.8231294479554806,1.0918209519234094,0.914037671403621,0.5744393712114779,0.8503852814866713,-2.4615315569276826,0.10311870747152034,1.2073226587685106,0.8263319163122533,1.27859237608897,0.6988455074850929,-1.023759484616619,-3.1687491648579202,0.24713788456936872,-1.1859619377680024,0.6224558730040873,-0.14741818655342717,-0.027385743097400377,0.3175604043850155,0.5286388234056585,1.4715124896943241,-0.4482051596464758,0.20646742104099103,0.6349594172013037,0.6013726037745152,-0.15643877338675852,-0.7971240615278438,-0.2081964239217554
TCGA-4Z-AA7Q,0.22170208143041023,1.1726385243410948,-0.5995799857761318,-1.1343331431816959,-0.153331261541332,0.11373544634538994,0.023942055708295676,-0.09246056567380846,-0.401776403541708,-0.023476354148766577,0.9712929912200727,-0.46081294030395487,0.32538748567070164,-0.8538644560950801,-0.2684907500879999,-0.062389644071359704,-1.1101371501005568,0.20358170108494542,-0.1561260407737822,-0.9002386237427921,0.6526117934264827,-0.3490896624482154,0.49483107024918155,1.0510896648495445,0.7628942142714658,1.6123093978773322,1.528683052068953,1.2439475391202914,0.1399554399386708,-0.299604406986632,0.14339541124713437,0.3806394379533988,-0.31627406479202613,-0.35748612195256224,-1.5834649359789479,-0.28564972307406195,0.51149571462501,-0.630058975533295,-0.5603323028105652,1.303950078622549,0.23112633450232797,0.33999255137161316,0.5060601043019903,-1.0994906044821016,0.05131606583938609,0.1889758022072126,-1.6337761230341652,0.5779440581918522,-1.1066435887811819,-0.007386523762794097
TCGA-E7-A519,-0.4419205930210959,0.2890287322983688,-3.5117657994790914,-1.0858526750304152,-0.25572769398630874,-0.21831560917880088,-0.5079476944681854,-1.667307279720214,-1.2194842721880166,0.3702501713424115,-0.468917358774124,0.14285449779545412,-2.239806767757929,-0.6589854136019436,-0.958332953352413,-0.3082071626660554,-1.1662731920254685,-2.4283067979071955,-1.3977530776331766,-1.0314523220608778,-1.2881079905773887,-0.5590312934319656,-0.24995711281765023,-0.23519617553204467,-0.35084431725722703,0.43581852991249426,0.1504792059119308,1.0494840687500429,-0.13798225078492432,-3.223868730440665,-3.682003919641516,-3.1970221765783498,-0.8711128463892114,0.40842731228675055,-0.5151461522733163,-0.1851594097144024,0.40212642711630936,-0.4813299332404166,-1.9648322654700525,-3.5325938204756473,-5.013214178531737,0.31923473069256136,-1.3460825033309778,-1.3262925148103983,-0.43043817460710476,-2.9230264549360925,-1.696623382170351,-0.9938472897474175,-0.47177608912052194,-0.0762951197547765
TCGA-G2-A3VY,-0.763804739373274,-1.7708087661148386,-0.6927751300748901,-2.075586523120709,-1.604976609267224,-1.6464359478884392,-2.5670493624751956,0.9026978511446428,-0.8063718982373784,-2.5763189030188176,-1.8198900515761252,-0.861369076219848,0.2190845888257054,-1.9147073893205915,-1.114475517872332,-1.8067572506750411,-0.5289897587194264,0.13829428714898076,-0.7971879164589503,-0.6908369729680471,0.10196825347619733,-1.5092498325050003,-1.5948283760618378,-1.900340591903954,-1.6763275160593019,-1.7770059849566977,-1.8949701033073307,-0.789034301220041,-1.780652691391275,0.5258095081310307,-0.4369672684607825,-0.8209861781404589,-0.5803416581646718,-1.1221501166086367,-1.636724100524918,-1.5249743831318259,-2.068337314634575,-0.5988339628275021,1.0984879165169192,0.7192275969910596,1.2051181195575034,-1.6641134206002106,1.0783674765248048,-0.9120752058130464,-2.148250334242212,0.9706153735259727,-0.7596353549872191,-2.151920894798811,-0.5841882826630165,-0.15497857177695862
TCGA-C4-A0EZ,-2.550986014284138,-1.7608007586494299,-2.960888286946066,-0.8196472239493127,-0.33179430164007806,-1.915941173829384,-1.9907746592228246,-2.1110484719193585,-1.9276736386042754,-2.2648044480942806,-2.1940822310099195,1.5660668198868026,2.0830223921209963,-0.6976975572202627,-1.6739988874156473,-1.2469963080595923,-1.789075637458366,2.0301011676643257,-1.6303013275234222,2.280297764268325,-1.9902150488936319,-2.0354209497285103,-2.6062417228109576,-2.528260324007453,-2.4481205201893346,-2.4865692304676945,-2.407916044024732,2.016656853121103,-1.528017708011761,1.414851013877808,-0.69669023367753,1.413358470353401,-0.6691827258311966,0.0005541366948516094,-2.1771273701419736,-0.035001335810185163,-3.2414091820797237,7.072184958087536,-1.6490142332387443,-2.1737174366567147,-1.3464564647093356,-3.3790263527934212,4.558300185827726,-2.8180166834640508,-2.8999524305479984,-0.6451766785490942,-1.1437151299325072,-0.20155763153610323,-0.02408803928842374,-4.087889978808167
TCGA-XF-A9SY,-1.7398240630637003,2.179564473758096,0.9589091782373206,1.166012974652812,1.2461485947704414,0.9219280620233705,1.9459587177621662,-1.5747992927977352,-0.21106869433311062,1.0357301395423686,1.681801597227271,0.09531759516694976,0.9525197026596508,1.4826398205905833,-0.5027194338353379,-0.8622682106552969,-1.4637332253581246,1.0902275018591248,1.0245360363937386,0.9809617970973201,-0.9342678079863969,1.0102594762037278,1.5935148821616925,2.2278203360055984,2.2927666729223026,1.7678416803878017,1.957840531809543,-1.4566556943291,1.3950941548146423,1.5475038458362746,1.3167715093791637,1.0849877901291591,1.4355368413862537,-0.27095712810563144,0.5005239142037832,-1.2754702529768551,0.40693496960170666,1.480306925236477,-2.3556551073742824,0.8463627598466843,0.8141289211835498,1.2338295216288504,0.5885967764130196,0.4789207396037827,1.7089474219777703,1.4208756071126765,1.0429185142409945,0.46181186357337556,0.9141226320343412,-0.7984009902791501
TCGA-FD-A43U,0.23155498096219998,1.1256628218395304,-1.341139904412001,1.2175207594275161,0.7542746346526638,0.24658209095963485,0.5368258634427836,0.18527867092113315,1.1688700278291946,1.4319572230032402,0.8049764709158763,0.5896588132940271,-1.0491259378813615,0.9386766951950464,-1.3663098785815844,-0.550678087614769,0.1979280951604356,-1.2777917702910258,-0.4079921818020983,-0.756201452483558,-0.9529773793210522,0.3054699895458625,0.92415227796919,0.5538525224699395,0.7094669456926675,-0.16253806524570266,0.29734785135783565,-0.9194804171406058,0.7606177405342675,-1.8322031161657188,-0.8577213876038364,-1.0573496136163851,0.0964799806995121,0.8109394754361602,0.19871543902011504,0.1882440664165108,0.29671601157655814,-0.02077370602134092,-0.6212539833182311,-1.354619166073265,-1.9969744106825473,0.3986915438818579,-1.0807297786811707,-0.09566585722058982,0.016170306204776008,-0.8517241832454059,-0.09277507447322822,0.523063936444013,-0.16021244041637211,1.2705227117611035
TCGA-4Z-AA7S,0.5289505317426754,-1.3437130593372324,0.4096651621700886,-0.9413580229027059,-0.8952823255845607,-0.31998477751560217,-0.5429057109240379,0.19107242759434148,0.4922681493766997,-1.1471333416219203,-1.4510039340739902,0.5857679565275268,0.516910797475433,-0.8886708001639348,0.9538368588814157,0.5778545442574236,0.421829983723644,0.36490284531522,0.9464754460969637,0.05664785216059342,0.1280491785753444,0.6267813050611026,-0.7165623863923523,-1.1399779484146246,-0.9863191373869884,-1.7041869625573545,-1.6031206912591378,-0.8037759142397114,-1.0753683229849984,0.15153356137456991,0.02807894767311099,0.3984560645018842,0.2387801653728946,-0.5323104649368933,0.639816196146196,0.8741690233266521,0.5831141650831156,-1.1399409966803848,0.8483026067796325,0.5760687598375929,0.6260649224648884,-0.02781975347709023,0.08359520592780204,-0.5227203772845243,-0.43487821241611146,-0.015326612439970253,-0.07313917235243832,-0.7786712153865232,-0.2555874498482041,-0.07286794215550814
TCGA-DK-AA75,-0.0350651369314984,-1.7068359443944738,-2.1296566134623474,-1.5988023760481662,-1.8251435620847616,-1.6131869196330235,-2.2095515287046603,-0.6399059837778502,-0.8028160322552776,-2.0643310003138553,-1.7907029457163284,1.6989961065640429,0.6593040281061847,-1.5305360445878098,-1.7510430638813268,-0.7941411702839107,0.8789254824946424,0.4386497564157018,-1.2956292165244205,-1.8354518625347045,-2.689563592031401,-2.196540865893933,-1.6991739201245613,-1.7216277183899815,-1.8813028052828817,-1.2641313099920404,-1.550700274309403,0.7168729043646905,-1.8824421692225244,-0.35910626955558633,-0.6805851847821278,0.908906476224038,1.8113791895100755,-0.9500573659212369,-0.813726728810048,1.2734351216276576,-1.2682992290044637,-0.6246601160864457,0.42260973377102906,-2.605076113387874,-2.1174717614228973,-1.0635701362280636,1.0815610782997143,-2.264069539353996,-1.5941419566353763,0.5043194715823177,-2.2780241597954305,-1.1742350234893884,-1.0122934339129936,-0.806881987215092
TCGA-XF-AAML,-0.8765029064319211,-0.17783926671049446,-0.5295863111566691,-2.2716371526495425,-1.483220873474392,-1.1540016554823986,-1.1223864948113087,0.2608472985028963,0.3109360005095414,-1.7558604428330182,-0.49086533988814934,0.7255294324717697,1.1673024203631646,-1.7214918316892152,-0.7315507921499637,-0.6195505982321734,0.6833781505270261,0.8408565898016607,0.31431184188749284,-1.7728713029000829,0.14562666888808792,-1.1031857579401174,-0.6543783618870574,-0.4422074809319558,-0.4895611513900036,-0.0191038793903046,-0.12402858242061802,-0.6035299214981223,-0.9396926355634867,0.6063843613079511,0.6492776533075569,0.7246875826870882,0.589066330288804,-1.564086389102456,-2.443321193429408,-0.15589277858263154,-0.7678062397733875,-0.39227817384298547,0.9505972725637091,-0.13988927412330746,-0.16218593460835268,-1.3279345990379494,0.7920104408018832,-1.5306804334808632,-0.3723721913260984,0.8487293507756842,-1.6390150592200785,0.7604885692906768,-1.7440236350914424,0.3948456721236318
TCGA-DK-A6B5,0.3281946181158875,0.044375489352038534,-0.3180744878567116,0.053016177470868064,0.009220426048944366,1.0753820683721038,0.49690275195118905,0.8149441365463332,0.28906569394777254,0.2610207242861595,0.5620804838494075,-0.5896109605236767,-0.2563286217747997,-0.1746762082736321,0.8456846417984305,0.7393400923129195,-0.5783460268104725,-0.2600182377623269,0.4173735017611659,-1.3359775729916274,0.4712577631382419,0.21704267730119176,-0.4733835814156761,0.7076447034235168,0.2048116165691786,0.9227461932147217,0.6653375346662989,1.891408717569068,-0.35195589154419565,-0.06645846125170476,-0.20454826851998378,-1.3925520190959215,-1.037471751707069,-0.19809975576617575,-0.17383342049758943,-1.2469510913405948,0.7974223450201559,-0.5897055913078344,0.8729192585537274,0.4886088728813021,0.05728604012456112,0.9579058701360916,-0.3497064009937942,-0.13315949971924784,0.48199438542539896,-0.7082540989830535,-0.582008489395605,-0.35052006038665984,-0.8967633146281173,0.6371573231592823
TCGA-KQ-A41R,0.2830753800603625,-1.0109536030355586,-1.6224951386153177,-0.5876072316740467,-1.4232748835985038,-1.0997882774682253,-1.607415908041108,0.24656116643670198,-0.07070142025141984,-0.5924192652061337,-1.2289814946533695,-0.09783112290483752,-0.6729788767361629,-1.295658362875249,-1.0324058251759438,-0.4272187385320022,0.2769495178898617,-0.7460772321238704,-1.7657407770367552,-1.0919861488630949,-1.2891172293019328,-1.3471510101692148,-0.549936120895232,-1.0868545592069523,-1.1553580508321273,0.12707274336736382,-0.5355334484655582,-0.2796007599819945,-1.5134393222004991,-1.4568826361165015,-1.67178611872698,-0.86747978751641,-0.07482236357608776,-0.4523599357256329,0.3641509244726001,0.7555218470132,-0.43238259509754656,-1.3162914165819588,0.7455396491880785,-1.3860928497698124,-2.011710551251464,-1.7659998672724155,-0.3101649578241494,-1.719525064298586,-1.0741856170255857,-0.5578074558360279,-1.1619642234864194,-1.120147337250093,-0.051323641680366267,0.4571590067170691
TCGA-4Z-AA87,-0.23681085545725034,-0.13039522796149228,-1.5709092844811363,-0.8563630006565016,-1.7222591378266776,-1.6282604532082028,-1.344148478514286,0.6331229999346504,-0.21764114665072468,-1.282516960809838,-0.7668003626130578,1.6199332019289172,1.1337663168031522,-0.8587736451864149,-2.173884316731316,-2.326234526648283,0.6619460773941275,0.9845965008631392,-0.04634718296563202,-1.5529789179644533,-2.079159939729351,-1.0844429073226136,-0.96764435451116,-0.7359532878056423,-0.8012934334847372,-1.4769589583139366,-1.0734905067834515,-1.3321856356020958,-1.0744805517244922,0.3815778498117218,0.6991234289386589,1.3304557750484707,1.6523896160157683,-0.922319339941153,-1.4862255903287458,0.6768273595480065,-1.1630272265595474,-1.4418245398389207,0.6280089390959197,-0.9520408821632577,-0.6173859236321706,0.3150996066324796,1.0692435732451429,-1.7192185695445479,-1.2135722576653007,2.6722910084466456,-1.8191813870460463,-0.38088552458629915,-1.8898106557484895,0.31976814577899487
TCGA-FD-A6TE,0.6263322015756216,-0.3987297833227454,1.0019962421884399,-0.9851860169893051,-1.379899996822449,-0.6339119436840428,-0.038656710656387074,1.6165932215092562,2.100354004370175,-1.0431423110809035,-0.33458852690713203,0.5358347648563013,1.1720397562965303,-1.4828765868739544,0.4420527192719823,0.9437876660963143,2.106262580118903,0.9195964906807813,1.4786434260552248,-0.824845710777318,1.4336326300740223,1.392444315292484,-0.36021786774803805,-0.27122629309474744,-0.5628029421069688,-0.13666019577837324,-0.10215110263162337,-0.6098640328606484,-0.9050368253803462,0.7692975492690542,0.9017080569593018,0.14664313743821394,-1.3400297145306859,-1.0618922544256157,-1.603261008260572,0.772490500872328,-0.06295016087293615,-0.09499344305018724,2.250263532912792,0.6147455761291621,0.9167472276279983,0.017066828980856118,0.8843907759988218,-0.6679818219483029,-0.24183742732113847,-0.6284698188459956,-0.2861324041189801,1.4208907262832517,-1.4939348388905929,0.4360526107503495
TCGA-YC-A9TC,0.13367395557391953,-0.7962705666329081,-0.9047562358335662,-0.4112915748102654,-0.9534417218858061,-1.2618458324067208,-1.0823763698408837,0.35694924814923623,-0.3654276116602074,-1.3974758559191125,-0.8446892353033566,1.584118118613487,0.7804139877330739,-0.5351836508116542,-1.9956800670100006,-1.404230152633802,2.0036690440142664,0.802424007725925,1.7360480394497912,0.202547779249692,-0.40383691351431394,-0.3706544468744366,-0.5570648185116231,-0.6867719400755786,-1.2848500015459563,-1.3262486049408952,-1.1926841360336122,-0.9155836630461103,-1.5177377395207088,-0.2432228345442411,1.9034298929808096,1.7228118678116693,1.9691289009058948,-0.17372901089506265,-2.5094569869221766,3.571656773929665,-1.5423922851289316,0.36321251587220477,0.6344885736281083,-0.5546746762762536,-0.40450555878311406,2.925956879200534,1.3250921963163542,-2.4213108396024,-0.9123400386695592,1.2129561007717973,-1.286746830647643,0.930190184328326,-0.6841996724463101,-0.2046394296562401
TCGA-BT-A2LA,-2.902478317924619,-1.7021987245837071,-2.6154131933464417,-1.3711115265630993,-0.9085111473536829,-1.8251991669719543,-2.173033926852043,-3.4694413664409938,-2.698447667666153,-2.800092767880579,-2.093045635984602,1.7042789150218707,1.2389720934626904,-0.6343856486810767,-3.9222961104924625,-4.318223811938519,-2.548095918024103,1.3899774741049067,-2.0354254396610143,3.130477856129382,-2.045401510023719,-1.2958926970470608,-2.9737683161199504,-2.517306549173513,-2.514936123607933,-1.8861924309822304,-2.333245001932516,0.21251705431787693,-1.718400553208567,0.6711993006264897,-0.7951228637673396,1.4885564512489573,0.9267210330084776,-0.34374782786358316,-1.5972168667128828,-1.5683189189299653,-3.5072585857939305,4.820007197489054,-1.9579570183728734,-1.9052094044666414,-2.024633755556885,-3.239476731672371,4.033736899761496,-1.3962184623294343,-1.9459357900249805,-0.011599296972330302,-0.6693362776648476,0.23988178852228373,0.4783862271687107,-4.381555801491844
TCGA-FD-A3NA,0.1086930089931231,0.4041736348696453,0.9402256044767866,0.6550832834320823,0.16209496729006828,0.3297589484948111,0.8800402507644686,1.1457444849947878,1.0227849604839176,0.7040617077538103,0.4042531701976082,-0.44598046270803327,0.47335325644440673,0.5274768402704126,0.9360654175169919,0.8326118457946916,0.6338573844299787,0.707835626574279,1.7351183324212867,-0.26990481964176677,0.519208425476215,0.5060786393757011,0.480882845218761,0.5510622323264001,0.767876360804069,0.6278079164940319,0.5632229605646009,-0.29555751918733936,0.7054339161804243,0.9083351792644979,1.3781431316463117,0.42200588867913336,0.5846064456089173,-0.37916656424659984,1.2303040268354455,-0.011127900853171037,0.2775120325776771,-0.4026859705057725,0.9704685490788083,0.2980606022863715,0.4690407786916006,1.320908524656503,0.5269963907657711,0.45695502056143217,0.530314557714089,0.9771888111459387,0.33491131156795056,0.8645248532906727,-0.725662543497009,1.1354951866178937
TCGA-BT-A42F,0.06622097076571092,1.3293257446791904,-0.554991396762281,0.2336949953818507,-0.5030773172273337,-0.25031095731392283,0.6423760041837345,-0.17359892721522183,0.539042812069146,0.36669065682748064,1.0783535946940952,0.5706739829674378,0.12659490738455093,-0.3219396421589076,0.2289821170595454,0.42574387998839797,0.08329903722097635,0.2869162042692712,0.2730209925935123,-0.05121344766345277,0.1359752703677838,0.29615421853809976,0.8743830689800686,1.3110663763688362,1.550704749741186,0.8660532316336363,1.0833919644069736,0.4281792369912192,0.4652978731645264,-0.7497098723116821,0.9655692409268257,0.9649238049691186,1.6220279024809126,-0.7070426140266401,-0.3544275882607025,1.6657927755066573,1.073234358988329,0.013184292117440941,-0.23089972148017102,0.5125915977262272,-1.31107297068185,1.2719315056052325,0.3555124875482049,-0.0877193952785006,1.4860104852190863,1.319321536618369,-1.2985229862627083,1.306261093773316,-0.5046717647140495,0.4207904986922302
TCGA-ZF-AA5P,1.588017344204777,0.38137379372220903,0.6535060366900576,1.4359755444761773,1.4414091643054965,0.7449805869788045,1.218101853728965,0.05977677213183267,0.057210681737303856,1.071785702290554,0.4832209686906842,-0.44596105817900594,-0.8907074823703739,1.4168923962520756,0.3946015912631597,0.4662693953527277,0.13365515012131282,-0.8939991295692116,-0.16965566231599458,-0.2122164985655501,0.4778936046136911,1.556238160423275,1.635164604006361,1.2449574105933665,1.1172280934661483,0.007701838357072564,0.4567012166990334,-0.4756766200061771,1.2637204680112564,-0.39577294139028646,0.06330195844921464,-0.6449944136315212,-0.43383830079638136,2.7784518845074286,-0.28154133060740993,0.36891916693131643,0.2850241073586815,0.4616324727318856,-0.6154509624151964,-0.5940063329445937,-0.6615895702433704,0.871326116241232,-0.4226850634403635,0.694106889478358,1.8701591342797619,0.8900326756504693,1.8069312323938742,2.1135201959607874,0.15254006520946917,1.4479885379578517
TCGA-2F-A9KW,0.5383532082403937,-0.3299893405085914,0.5440667775695578,1.2886625926797075,-0.11378441990730516,-0.7242965856151571,-0.15394980193544006,0.4491063165703481,0.13973570347605246,0.5450286338291096,0.2753455167374085,0.9073504912781583,0.812401928318569,0.17606448121236312,-0.890199052419465,-1.619353119701555,0.2536917860847733,0.7575989191905628,0.0037009475773535235,1.729862363458814,0.03233247218539362,0.06100096488697511,0.04784459977287662,0.34418495524845216,0.431046374620659,-0.3223045259140812,-0.31080172831567304,-1.95331736986844,-0.005003692587955214,0.9189949635545492,0.5584994987391908,0.8232494490725293,0.6527940731271868,0.23421438831967148,-0.04507703718465496,0.5539010403816129,-0.30930471300628537,-0.4541828766799904,-0.73745885343165,0.3466224416131551,0.17042817554402429,0.10186818151432471,1.1899932437449368,0.03703962549242859,0.31882426464181873,1.6691462913918091,0.412504274166033,0.8154013617488773,0.6793151993093807,0.45770524173471816
TCGA-4Z-AA80,0.04074132509697483,-1.152408994974889,0.4153467564056365,-1.5003528049361061,-2.054678208171249,-0.6878880451724404,-0.8967956287594824,1.7202427201673018,1.1289827673972894,-1.9929064245177472,-1.3152661358710842,-0.32239304263123564,0.9492365119104318,-1.6336894970342029,-0.8606584142508189,-0.6923970405834955,0.9229061541213008,0.9382435297473722,-0.0708372649899675,-0.6679846207574717,-0.6887508552755321,-0.7258416302023148,-0.7941883942766578,-0.867192020943015,-0.910319214214506,0.13434594814092435,-0.26578469050990106,-0.8273095793081423,-1.348839535918716,0.48503309901189307,1.2027299494787236,0.6878149943259692,1.0573513798431162,-1.6544724648818963,-0.820749465065469,0.9639149016008075,-0.9260531892428797,-1.0169818530889942,1.6124622174996075,0.4576307972177093,0.43050722974298455,-0.9998902232842499,1.3423161791173548,-0.27187112127446567,-0.30277422606666804,1.8242489660546148,-0.8338983464925545,0.4964204165841642,-0.7919651342233401,-0.33294406022589385
TCGA-XF-A8HD,-1.0352690047982647,1.2454961395692055,-1.0969316540543792,0.06806788269538856,0.6216013188098445,-1.0145670679060526,1.0093525966026764,-0.12955603521897574,-0.4224211317484668,0.3947556363693641,0.9397482645275623,0.677577203452634,0.5291934501847714,0.3311616048894092,0.15236210839428135,0.34884705759074625,-0.6621185522144538,0.4351454160756535,1.1954534415473652,-0.23869143209074783,0.30323150608841837,0.2521833198341564,0.42111060504466813,0.7473163588004746,0.725195358587587,1.9196545654720858,1.8462741772957394,-1.5238041139284522,0.2543639508624009,0.6973411515709191,-0.058790946884260765,-0.01999069555406333,-0.7787895481844229,-0.40513195844907457,0.9087780327795373,-0.7006738987940564,-0.298452897162719,-0.6301924607409204,-0.4051668518893704,0.5183899146843739,0.5350469198656129,-0.1792068269882966,-0.5358419397678899,0.7282637029492882,0.40982224430321246,-0.250495950501764,-0.0031094222428801484,0.015177848652114963,-0.5459351723147167,-0.05810351061515738
TCGA-2F-A9KT,-1.2237867668819469,-0.7724496922260833,-0.34558999647211686,-0.0019827911720883815,0.04756479977434748,0.5879124536810273,-0.2954795588050771,-1.443866734613454,-0.8465499093948871,-0.557980068183126,-0.9822162029510186,0.03273586795328794,0.13495998085735267,0.09692919869426544,-0.6479850367417157,-1.7793812535297673,-2.7943820960349335,0.45980371950413,0.08323143767999923,-0.23802028314473506,-0.008245281453870986,-0.06669615540483068,-0.889778290277294,-0.5871433903322738,-0.43191475800668794,-1.675765195981517,-1.4064525043172882,0.13399630740530538,-0.37001879500447205,1.21294789543643,-0.5414886038704021,-0.33219914447115,0.1149127555872254,-0.4992700451617495,1.2463394074471532,-1.5038180449313845,0.08556075319992713,-0.724250325492162,-1.3512622541581711,0.29018662941088613,0.23235363487141483,-0.8270886553058358,0.035211956071833014,0.6894489429554026,-0.29847210168288507,0.17634840715553443,-0.23506138378338798,-1.894455840259594,0.31173262312030886,-1.7558535024888313
TCGA-E7-A677,-0.2460768010129714,-0.1896827236499,0.4396108089823753,1.143142780193349,0.049075615796518396,0.29609314533312764,0.9661451694338394,0.671246368570701,0.5927030508102527,0.7488543109677573,0.2960664997816338,-0.2979455823874811,-0.46833833778579304,0.09030475302398706,0.5560151446243957,0.7272371100920316,-0.25420719114655965,-0.3817559045223429,0.9430177760840041,1.3489829213217353,1.475757410183487,1.1325867635149078,0.4576215348786939,0.22348742141158812,0.1854161831750635,-0.14528989154683983,-0.22170724170416076,-0.22550867672185124,0.444501915318773,0.10362790846683988,-0.40196111143139773,-0.764024480400723,-0.8035017442174873,-0.21893283510511274,1.4873979346298065,-1.8710525179947646,1.4513151347794229,-0.08532248237236148,-0.012631911009943746,0.3771416287504096,0.11096174051397213,-0.12654700902160546,-0.5297795244398334,1.8589565226930491,0.6545510271685286,-1.170554559889772,0.36125755329215037,-0.06414731868738292,3.1429318645005,0.8200810468387355
TCGA-SY-A9G0,1.4820436554315322,0.1034972992526248,1.497460359277355,1.5213102995230174,1.6819943744128307,0.7437913129852992,0.5961618345204083,0.45958102964945596,0.41078795551702546,1.1735833538247544,0.36474539167749964,-1.929664674121652,-1.689128199659314,1.5466405585416056,1.008572243574356,0.20715275061527952,-0.34455870866958116,-1.4516578770856727,-0.49978446153681,1.6899302127593425,-0.25960070529739854,1.1911342788295833,0.8958818345718063,0.49478892166967725,0.3501769458621485,-0.8557742045176271,-0.30564302436100843,-0.4879015485507462,1.340984929659013,-0.269984546534829,-0.41617247998489487,-1.3063614593141908,-1.0113368903004072,2.541443992309244,2.067329750339105,-0.899693273617051,-0.06684313357639687,0.8687566641029679,-0.15809152924593026,-0.4099854731665733,0.5561426182182998,0.2093483888660684,-1.5977938663036346,1.7962767709524785,0.7348143537916327,0.08190125900210589,2.365684422663773,0.9357263909689113,1.1807507611495873,0.8836661321091651
TCGA-YF-AA3M,0.575633076849894,-0.536670115732776,-0.14262851188709155,-0.5366066601329056,-0.11765310950785271,-0.44022235913638885,0.4277620968172546,0.3172420116381742,0.7648537370041797,-0.06804171925643555,-0.20763474105794225,1.4817453020009164,1.771837875903841,-0.5147833644520505,0.8005858741967311,1.3343405197367,0.18466030138738176,1.721825592690013,0.20593807388634439,-1.7296397020070637,0.5779904779765277,-0.327436703700099,-0.6889374904208506,-0.4000657488164764,-0.3906438043662369,-0.2508595634785652,-0.546245406949481,0.2195057946580537,-0.5255677321579839,1.3293847154240113,0.9162344920308909,1.450638667550842,1.4382564927753458,-0.21597652867751768,-1.281270853563036,0.8259154071255056,0.4252441163048551,-0.21389535116738298,0.9598467316008492,0.25468240661381003,-1.0185655838579855,0.42421797491468366,0.7584033835416755,-0.5049386844121245,0.17996739348207832,0.20425664523304352,-0.25362247182161696,1.262995484975595,-0.901161779606096,-0.5177832307579407
TCGA-CU-A0YR,0.7350766445580844,0.7317181293596251,1.2348241926110026,0.9465306568120578,-0.24257153704234455,0.410808664705863,0.463318419362686,0.7249564812302896,0.5232195801936262,0.9285244311233987,0.8157809963192808,-0.28842085747851615,0.7737879108530074,0.4090875852115503,0.3797664635512095,0.09680746838829223,1.5163127935929441,0.8187983296063519,-0.24456154331545857,-0.2123644245997065,-0.13979967854360525,-0.05093650868969547,1.1922353384115432,0.916090709729374,1.0581195909605028,-0.13776794722893387,0.20582017309662592,-0.4902011631661421,0.6488052675740704,0.7958295065365107,1.4557521274754184,0.7887587805933992,1.0479679099442931,-0.27631420812299223,0.776402691687879,1.1889540413298894,0.05447142117458208,-0.5786692198749145,0.2654429611626944,0.9456632393073505,0.5942611737485757,1.3781097130089435,0.8416019290866203,0.8905733572389833,0.7366602115870206,1.078617711095668,0.3062082605251057,1.5236078284820658,-0.7124220821753319,1.3487760819061043
TCGA-K4-A83P,1.6534294776672758,1.75202482033103,1.715411621518784,1.276077201907291,1.3349150657271727,1.1069784562130074,1.6095040327552208,0.5642353183418025,0.5065473482805106,1.336956312948659,1.4728274842234408,-1.3349746190160674,-0.9620525617783231,1.2995531124417503,0.9161129784678015,0.996885647406464,1.3969302405674882,-0.8700456049918619,-0.3496580860825082,0.7263658153950738,0.035994908870697374,1.4271512284863797,2.4236975919517367,1.6419783288026546,1.4811075099921422,-0.3514637310505219,0.6488633342954411,0.15783228978951128,2.118039154372872,-0.3025062362625096,0.46984664681216487,-0.7006948989611624,-0.8482732031815817,1.6734242744539027,-0.36051014629411987,0.08255732633751177,0.6607549094784996,0.5702589133696498,0.512349671725412,1.510123763036868,-0.2931915102297012,1.4709577801119849,-0.43320516968167144,0.6533726272768562,2.0184781167696935,0.033301285758813554,1.3612065574129684,2.8623625302233418,0.39322844215208436,1.5287692030203361
TCGA-ZF-A9RL,0.04198993454326743,-1.4801534315760965,0.6206519574515625,-2.0500319609568844,-2.159930884611998,-0.7864981571376449,-1.6690353998201581,1.3300371940039084,0.029797354005846023,-1.8921136322798235,-1.7441573081480757,-0.6365680359174025,-0.06387247534322904,-2.0807424748820122,0.25536688731211665,0.18383563749372872,0.642427744755926,-0.0649194491099386,-1.0370171817313332,-1.2125849922122862,0.4514618542170724,-1.2572183819140434,-1.3621796399133506,-1.3707813991318232,-1.5641041162926241,-1.2244353271589108,-1.4038256045651176,-0.5996313301088859,-1.7137881852844725,-0.4010103660428199,0.33317828327621246,0.05661521072555079,-0.07715317090995615,-1.2783911753968593,-0.07342074694505676,-0.12390021445975319,-0.6996415545768895,-0.6078928972593928,1.1756897924452645,0.9324773192280847,0.6391364770984947,-1.3177221023202954,0.16977796293714884,0.4509929811792649,-1.5216397849633798,-0.6766405711099642,-0.7803160333628696,-1.4661762666850473,-0.5812898869899574,0.031008156628335407
TCGA-FD-A43S,1.6354636517853327,1.486475722597334,-0.6473464613180747,0.5669378415802604,1.2259019305452084,0.7995397667873206,1.04249191251698,0.33894363187694976,-0.19757885159732225,1.312487820997294,1.0045153886997844,0.028634389226143114,-2.131188867417513,0.9080298941925066,0.553597551389969,1.1705763378962226,1.1735293444168973,-2.3460517153953186,-0.24885638165395454,-0.3883036168381983,-0.3202952774238114,1.0312192656379486,1.5575783219892898,0.8781661745827121,0.8110935886957865,0.28718846284131794,0.647338918465509,0.9062563222897021,1.4395822026392224,-2.7157628038380768,-1.2621994395855967,-1.273428205372147,-0.5497725948722733,1.8128108021953422,0.3119119270140174,0.9831130180261597,1.2049433067413482,0.09147040763471206,-0.5078042394936373,-0.6346109099022174,-2.3869339950403003,1.7089954382748622,-2.27910942094861,-0.4605136588335434,0.9491018071003431,-0.9659199344978866,0.2788501944279487,1.3550348558293328,0.5760336095046423,2.0889987766050253
TCGA-GV-A3QH,-0.23702056272682837,-1.431785346445527,-0.44281624270495856,-2.042135104909027,-2.0134858440439043,-1.1734373221133407,-2.3424446808534944,0.003624658731227293,-0.23111527827151174,-2.0633960598006644,-1.2532208933987683,-0.3642575623502034,0.611196530522513,-1.7112601105319898,-0.3229002457917057,-1.0311397776666245,-0.41687681435879825,0.7326705119302612,-0.7057758321848241,-1.0929346932134205,-0.33744646095833336,-1.157368043065958,-1.1297411751623039,-0.8843121797886646,-1.1365503928420349,0.4177506506288492,-0.3041180195468846,-0.5516739815591646,-1.3752103212049045,0.9719792107254358,-0.2879461747917263,0.45623385915915504,0.6016517789752204,-1.4833039966772998,-1.3528741402873141,-0.9199655461872478,-2.24211124944599,-0.18213665991439656,0.16397839394145236,-1.0927346838605354,0.11282466284605153,-1.8004881622632725,0.6866993176280689,-0.05959975766799202,-1.0254602214967619,0.5775990298248319,-1.0967394002779016,-0.5096681344982856,-0.4113835987574452,-1.1224319167435377
TCGA-4Z-AA84,0.6066753300424554,-0.588296674657797,-0.2054206738445654,0.27372846581788185,-0.8841622801922397,-1.2745093909289524,-0.9096791754131348,0.8033301518166165,0.8995990780693909,-0.46678094893954775,-0.6281452622841663,0.7616161120036998,0.7537132820300587,-0.29871356049036707,-0.25130891975421216,-0.35785415779073554,0.07530937704975459,0.6448561220828131,0.9028969611737196,0.052046754803281886,-0.7569800858529054,-0.12252019072043403,-0.2781188330160416,-0.5903058701340325,-0.3567399806911348,-0.3727401202646701,-0.722042070281885,-0.8157321237639817,-0.5592913284313945,0.813516856463005,1.0042463343537968,1.100661042391707,1.9807209386286677,-0.4330138636880661,-0.38422071895944293,0.5846928293803836,-1.0239557510801636,-0.17684637271190315,0.04268668104583794,-1.1838128620430595,0.40010657846065184,-0.6320532160777383,1.1878366217176488,-0.6516577341450739,-0.3612207618598618,2.0634244734019638,-0.38239992269870765,0.22868589021761257,-0.28459751600779737,-1.4928015905179297
TCGA-K4-A4AC,-0.7441804014547256,0.5025818152351058,-1.0211895294964821,-0.10277578922034741,0.18795630327179116,-0.29005474307913576,0.20208177460369622,-1.3805728303151066,-1.1380600483374381,0.1800430318814311,0.5386921373937862,1.3839637658156279,0.8827962585851633,0.03149812769705208,-0.4765546375658858,-0.2821793583774386,-0.48132457099479653,1.1342572974413776,-0.15674169976174432,-0.045453319368708105,0.14670045349880576,-0.7884024945115907,0.5854987057676277,0.9069757022112229,0.7331688071094629,1.2770839268313297,1.0137913521545854,0.289010038281077,-0.10917853612948047,0.6028309480138785,0.2854705035902782,1.2634695119498682,1.5032119226511171,-0.2561979132623389,-1.4331094496973624,0.27669639328753326,0.28763528252064896,0.23341754312930355,-1.793293636019261,-0.2213747204888881,-0.22505096356089033,0.7772231531096874,0.4016365986229274,0.04953221955745892,0.7093846162362322,0.3289384656169729,-0.6554656265136622,-0.17482318992786644,0.4157018206331111,-0.4803976152488512
TCGA-K4-A6MB,0.3241322175023247,-0.7811786794533141,0.47813618136156455,0.28650260283860823,0.4252423397112671,0.5171575518557198,-0.4276607736047587,-0.28973964028526994,-0.054303805176673714,-0.1903425366142279,-0.7415268467328748,-0.8386184480350711,0.3325712079564996,0.3068554323442606,0.8708871983862676,0.5536417896271656,-0.43332845856843616,0.4477276384566837,-0.4716929823065791,-0.552299938793819,-0.6233771533137538,-0.933948303894519,-0.6457103032792846,-0.90050696628373,-0.8546526191833927,-1.555742165892566,-1.3392631961592434,1.4283568739729786,-0.6072596195301432,0.6635564517722118,0.046634696479416135,-0.2920981821648663,-0.6622951993459114,0.22669807403410858,0.6133281335212654,-0.36434110383421475,-0.7729383078865494,-0.8975158424440207,0.06335501134063953,-0.5495847459267676,0.45440816389808647,-1.2642155734071154,0.21906357980969543,0.2096337590486602,-0.5231112411761362,0.322293683299152,-0.060759297644741604,0.02919641724942944,-0.6277719499650105,-0.5154887830621899
TCGA-S5-A6DX,0.6927648828222612,0.8177567271976112,-1.2024652011274042,0.14704714109606318,-0.09505307383180765,0.10419896468936118,-0.21372779063417827,1.0235762465232177,0.5407827138996792,0.6940791478819928,0.42264898990720007,1.1024466632807084,-0.5193592266202682,0.05296292142278575,-0.5740009945807866,0.4005083798201947,0.26385611186956415,-0.8391928615389446,-1.101764999113681,-0.802571408950891,-1.2868026545339635,-0.988828091660884,0.09022094229700438,0.25589106588939736,0.1872916201459287,-0.2111732944693993,0.1644697174558729,0.8434460603327877,0.08352031411989831,-2.2271360111086036,-0.3113366920016696,-0.8526985012748634,0.012373529877642078,1.0739316135944692,-0.2011995617328086,0.8440768302907027,0.15491592758513142,-0.03377623905579241,0.14068591905637445,-1.0680427067164464,-3.114448502162935,0.6989797035763219,-0.19028023090263352,-2.4416268135699375,-0.4793459467980419,0.09408322258634208,-1.6333434344665647,0.21860678649168,-1.5723068480366857,0.7745149203537809
TCGA-GU-A766,-1.079588695172203,2.3719771711993882,-0.9527170569871948,0.3734624463210341,1.131292920809367,-0.08139924327893248,1.890422283238208,-1.8732904073927812,-0.12124892792699539,1.3417292226570325,2.1694532128278508,0.9898405085325741,0.49179192663339105,0.5177985796217016,-0.7015242439069211,-0.163479249846671,-1.160723753747152,0.3473382139655528,-0.2604487113043051,-0.7864308630923678,-0.9727836778156197,0.5039004831163149,1.9287777444754248,2.5821684363519144,2.697468280738014,2.588919140174273,2.6169797290569052,0.1698373779068666,1.3910579743900204,0.11209420926011508,0.9879308423549173,1.0863345840166898,1.4843635537388695,0.4493511372226389,-1.0982913778525956,0.7464048026373796,1.6438676560468797,1.247136222505714,-1.754869594843923,0.8205615963873323,-0.893749054140169,1.0017128420265757,-0.12064235066883203,-0.22066991009574968,2.114444236275856,1.8971685423220597,-0.3496209736066358,2.2403516419625964,0.34609928641055887,-0.18746802064499368
TCGA-HQ-A5ND,-0.13197968257813267,-0.2278754163953731,0.2535535030724172,-0.7233727253443797,-0.008055108538494716,-0.4935375463454229,-0.32535349798461016,0.10783518175425282,0.9183422785749717,-0.7059903746034675,0.043454078598810085,0.8926713522567841,1.6859592983886478,-0.5093833197995724,-0.42563356769365757,0.42969868273499473,0.9496956214144356,1.6333388729054201,1.8027823491389152,0.035876530447110984,0.3254321547728724,0.13794802433734477,-0.22204203049116206,-0.03772461459766592,-0.14598369588747287,0.19912552799930566,0.035642184944424,0.2057451449149509,-0.1915313643373374,0.8269123407738265,1.8497916593682795,1.3919886755026851,0.5440734512058902,-0.29488853507962565,-0.1839413089035823,0.36848474145028104,-0.61657502736131,-0.5331050938230182,1.0909367223487476,1.2740924576043249,0.6842682240041561,0.4150845296156163,1.0724476764344655,-0.46983163332441125,-0.25620558481629097,0.28885993802252885,0.11519420694366216,-0.7216708776587293,0.521334082934866,-0.5461748474112004
TCGA-E7-A7XN,-1.2392543931298199,1.6818081004853773,0.2431339430901908,-0.35956070151977837,0.1647076254614102,-0.0056904010652196945,0.6135150621956872,-1.0696920123498523,-1.0233826420022758,-0.14995250686826955,1.343827672917158,0.40817419233431745,0.5259808119816438,-1.0217618109541173,-0.26103359347619687,0.25964751376032846,-0.3946298231511375,0.7351050546214849,0.4148724375072838,-0.3950331886800106,0.6606418798901644,-0.14888358709128607,0.8534569389342807,1.3419044547924104,1.312473804040007,2.394883813953781,2.3062951972425547,0.7960881615780171,0.467805783014073,0.24825252061395886,0.6453089373221766,0.8907268456939929,0.6251383824837157,-0.9738576244110834,-1.111600790301805,0.6283776348568867,1.4970663859973379,-0.8573363277806527,0.1278464867400999,2.000637895274404,0.015277125897798482,0.4837844473843615,0.221853807453667,-0.15001392652168064,0.9291860980914999,0.8316338053724316,-0.8587677035432374,0.14515787923802942,0.23710137301378262,-0.5662015293321454
TCGA-XF-AAMW,-1.1056869483375333,0.44422306790152694,0.7625122954861993,1.1007055488288016,0.9697278020121601,1.0732451009768733,0.7624433305569325,-1.1135165461927268,-1.4023905952150113,0.9636575817610193,0.8943670395550491,-0.7346359588256874,0.10944449698735419,0.9405329469370102,0.16713641379145283,-0.050519617340364954,-1.3475436842668271,0.24046717881468968,0.7126609728797924,2.3305209916938576,0.14212361242665078,0.8500533838633989,0.4890958923898931,0.9888826212372308,1.098571328680979,1.3696727811470069,0.9537451547157471,-0.395052065781779,1.540641981280562,1.0470776047728079,-0.14261864502163218,0.12802814992618794,0.22674157865742917,-0.33732786921348273,0.45930978977550363,-1.292594679391742,1.1375538467091488,1.0162502012086296,-1.3891483913587725,0.3073176559100717,1.397275234474568,-0.8586768878039676,-0.44855963338294297,1.7833384572966462,1.0916756912714862,0.8108855086499108,1.105342409116811,-0.6432563557367208,0.19822610560461582,-0.6732485218487886
TCGA-GC-A4ZW,-0.8402601054092963,-0.8381939581673318,0.5090106237352116,-2.016401934903889,-1.449934888513997,-1.543221241629567,-1.3620540265470846,0.3393937188406872,-0.8104587796135184,-1.8957617771890565,-1.3276291404998746,0.8992856086574338,1.1378776960096624,-1.4423780126843981,0.3136056346814116,0.20114857691506327,-0.5927202086734654,0.9789498896329933,-0.41409951572969617,-1.0536666754068857,1.1795800138164512,-0.6188672056027196,-1.2169970806282673,-1.056350050006022,-1.0407111321924025,-0.9707474277415815,-0.9832760905244096,0.410674893167154,-1.2773559530914427,0.7060420604701769,0.15498876001784384,0.6782396698881988,0.12862677086044993,-1.148955256682045,-2.0175196320491406,-0.20534780993863352,-1.1301342644699883,-0.3238485491467462,0.39221008293200016,-0.49005717096886187,-0.12195611401305878,-0.7651612351814406,1.8072705089984422,-0.5431580835122353,-0.6392900859277274,0.43960796144666303,-0.9828904837597561,1.0588775441145548,-0.35588705479723803,-1.4117482345463874
TCGA-G2-AA3B,0.719008357989356,-0.33184077923622624,-0.609478751528616,-1.6966451333870065,-2.103880839151812,-0.34962279718308203,-1.3169296619563091,1.5494239974982529,0.5080305336230664,-1.4889459573193153,-0.8515993470443132,0.9242654689454199,0.4419081543843549,-1.6955975622663417,-0.5254992100394558,-0.019955519173118552,2.6962361765395033,-0.008724359559968949,-0.9991494937889989,-1.3142353071413964,-0.7993359830767389,-1.1309076308209287,-0.9462603514858287,-0.9062077840236751,-0.6775415482367865,0.5026039869144441,-0.05690898489129133,-0.4575392348030305,-1.553352544572593,-1.1237612229837362,-0.38366438897073785,0.39815243946780043,0.3797443914608268,-1.547507373786186,-0.9940107442799415,1.6253658223155507,-0.9452826520292551,-0.4261674985422181,1.5525587036205426,-0.6611850496257182,-0.260747734518215,-0.46029253729680775,-0.4023222210795347,-2.0676481708507857,-1.1110417164852098,0.46028185134405947,-1.9825849365945138,-0.6723108948634708,-1.597593468919099,0.8110488440623188
TCGA-DK-A2HX,0.13149059090767318,-0.06434382178532405,0.9507494542641884,0.6314784398254325,1.6122582934717038,1.978424269692989,0.5080934222439947,0.6604379578807076,0.5193942570902712,0.9161994624146979,0.2287617888141778,-0.8283009343648964,-0.9098889594439681,1.4022702080892724,1.8078885223601657,1.2052002437613691,-0.8655826222178453,-0.8107186724873184,0.511058676444949,1.2248511061922063,0.7481455971341198,0.5402684347738699,0.21109390131926592,0.21143436344616426,0.19568123805507467,-0.27002235772449257,-0.0604034990964914,-0.7708170035997731,1.2922457410876147,0.10084083312617505,-0.6615193463080109,-1.729657334569391,-2.6686351995494757,1.5856238660528705,1.210259700601518,-1.585022657492726,0.8788104402199154,0.7653581154758168,0.2642527033718325,0.08375169631265317,1.503961844914218,-0.9726130428971298,-0.7349705662681365,0.7618440250617692,0.015215119153761312,-0.015138686777284428,1.5599032404053046,-0.47860855291350524,0.03133599959162145,0.04161968942670843
TCGA-GC-A3RB,-1.0084213492099638,-0.4799845704384663,0.3057237307965478,-0.6932261773821421,-0.39210010673470813,-0.06667731982862145,-0.8360295359879496,-0.15750271792426349,0.4165019625065338,-1.229324120679555,-0.9924815349892924,-0.14789848813301773,1.141784450540635,-0.7891514356789125,0.6709428650532052,0.36327023615411347,-0.5506114113733385,1.4515478909842734,0.6787309180439316,0.15373640088706902,-0.6209620975125764,-0.7387740183165221,-0.3469702688530761,-0.5791808751323206,-0.5407693578786512,-0.06992381132297788,-0.38743888168425866,-0.05665823242013455,-0.7042324498154652,1.6417495156268733,1.1694543534127493,1.2803875414236399,2.0887772719486972,-1.0116953393280907,0.1714212624959233,-0.5845927694846518,-0.8737599355210582,-0.6142484407304342,0.2838160454256858,0.651397287484757,0.22133620124965347,-0.33278038965364315,1.6012270710671348,0.5629129218244493,-0.7453684298369476,1.7654360591781388,-0.613452010026939,0.038478192416219636,-0.23853374585271592,-0.6139528278274071
TCGA-GV-A40E,-1.5447593451733952,0.2949905953098367,-0.5195025767839229,0.3572972222242298,0.59636251437445,0.9645944253526687,0.9140238958743541,-1.0174848428187484,-0.4045744975925952,0.5609865847478392,0.6998122368920999,1.6992270237972864,1.0638170229189434,0.6131756924518752,0.6189469887442122,0.32724064320403634,-1.3741156753341486,0.9768886153857121,0.9545111190162477,0.3004168844298483,-0.6799534577804494,0.5339625754760184,0.3193310680262445,0.49768336207066177,0.8218924601406559,1.1218911860946057,0.8440924045926695,-0.7447181229140628,0.46649172685491375,0.5987947501765849,1.1833225882895277,1.3766223592344786,1.4183649865769716,-0.43513844042060595,0.27669266481761456,-0.5420166072377163,1.5652823518354995,0.2510856614932517,-1.5700288191653955,-1.0706101603578262,0.03815907640024777,0.143739500607841,0.4486518840241217,0.252422688709694,0.8123861148582014,1.8773914808872512,-0.31129238479124244,0.07696385272956792,-0.43977093554331265,-0.8457657355749127
TCGA-FJ-A3ZF,-0.6720170036714805,-1.7633738213515882,-1.7663301108650062,-2.1958191697589022,-2.231356800073836,-1.5043279470659565,-3.194154728937992,1.256178450873811,-1.9856734797745226,-2.840936851363051,-2.4845294288112845,-0.09211818603490095,0.4852770492086143,-1.7270327210126535,-1.7833994584177397,-1.8437215409201249,0.5051223954838637,0.4453454987835917,-2.134515501617082,-1.6817147431346264,-2.6889682802302013,-2.351141277114481,-1.5066179107992965,-1.9398730140262728,-1.855534869676723,-1.7480903383798967,-2.051655462290685,-1.2260857168974442,-1.891438751579249,0.5292877214891495,-1.1232238501761376,0.4097066823084356,0.24729711365940316,-1.19144816174764,-1.5910728713475997,-0.6061064176330958,-2.9742416052997442,-0.9672955828662879,0.6059247667009684,-1.1539344452306515,-0.5948295137070834,-2.9508019248605186,1.234943680311657,-1.8901599670175004,-2.4854433979515456,-0.8708767613260546,-1.466784428604853,-2.7199297960874738,-1.7445904249734725,-1.4240233465919045
TCGA-XF-A9SU,1.0699017323476767,0.145499455502765,-0.2301791388594332,0.6561392486528752,1.0391383651415493,1.1548664648413351,0.3854454723621272,-0.17372497304169512,1.3132656197776065,0.8956666182126717,-0.004153301785074676,1.2204028498662227,-0.1596025324740497,1.0036043435142648,-0.4154809107807238,0.32407346184167646,0.5940532081118247,-0.21932226464489052,1.0461224642952307,-0.7337691469635991,-0.9923284710868178,0.179856385355057,0.25286293308902724,0.21884471881425158,0.30220265690966996,-0.6761892187672051,-0.29395589253465,-0.9905802144284983,0.5268662801054571,-1.1265566212119915,0.1819068397127073,0.3399260232334744,0.871136818450642,1.2856566361038877,0.5602984094113731,1.064976415766463,0.08757070641700224,0.07243113641928227,0.3087861890019711,-0.556132120903677,-1.2038951341396897,0.9100289224197687,-0.5331868647956509,-0.23954072318597427,0.03277831228821399,0.5969356460982039,-0.1975606612036285,0.6244792637414395,-0.39008261760846774,0.7910930663804824
TCGA-ZF-A9R9,0.7049128810318005,-0.1838358754511169,-0.08609614286336796,0.7887166440800601,0.6326040575937502,-0.4416514166559718,0.4835115882737733,1.4031447839946853,0.5327061834213871,0.9267307434529648,-0.28399797350871103,-0.21323708334376756,-1.7219265443924132,1.137352397213184,-0.2913411247445259,-0.5105493204260466,0.32829359759518817,-1.8569488508296321,-0.7809024246289471,1.1874620032237024,-0.7163567698475154,0.014362888905882542,0.006692313469290164,-0.3585279082703064,-0.1312201318212705,-0.532468354234043,-0.4707155097060261,-1.6744337750064497,0.13305877853837103,-1.3765628660696168,-1.3838495115276293,-1.7385529342058625,-1.315998563357563,1.3191772415514254,0.8908529647178248,-0.7962801995214593,0.46820743166147893,-0.10780110074586376,0.1477181785605132,-1.7331634126445472,-0.7708739240450938,-1.217059924092093,-1.5220895328318047,0.7802528296640845,-0.025384273533422427,-0.7561016305412385,0.7100841849672805,-0.26761717338801677,0.3776236082711967,1.51818156925094
TCGA-DK-A2I2,-0.6587290437920205,1.2432598144066125,-0.05597313434737533,1.2568141759894569,1.1187551171907248,1.0483201691591633,1.0249294714923,-1.144677972454265,-0.4297888354403589,0.9496784689427087,1.213135485512857,0.604022614690097,0.12646442120183032,0.9885031435613274,-0.7463780994413154,-0.7129706825701567,-0.6759423860813432,0.031658521183786904,0.6813049052539998,1.2728317028951992,-0.9076858700763879,0.23204014302020987,0.9767702175718818,1.454994618730547,1.5893073846660832,0.34179395451061906,0.5185602334054206,-0.2583855436225621,1.4487969369130824,-0.2565732882878821,1.1216617267196447,1.025629952755007,1.0476454747180979,-0.24013383892504098,-0.235896275339607,0.6779767967509985,0.5194238700538317,1.0417057275571084,-1.3861160028747885,0.012603360866654175,0.7806522451328125,0.4749816984253352,-0.7079882591438386,0.646980675864941,1.5701289412763169,0.28965117023853243,0.16637256773961615,-0.34508807994565305,0.484581726102812,-0.26963442367516
TCGA-FD-A3SQ,0.906167489370077,0.1681247748315809,0.32721801193134725,1.2486569400837195,1.4468185695010263,2.1077939408178588,0.5877490100101774,1.189441883942326,0.04733844908755206,0.9446691774357939,0.275848279320194,-1.7830778191669299,-2.3119189653435153,1.249199937795274,0.9514338326646575,0.3721656065260779,0.061124578485021175,-2.190709135415614,-0.43363684581165257,1.537614702289439,0.9139490642476973,0.5623154751328685,0.09798465089456966,0.4017693901728266,0.3523406684589152,1.0579930441680458,0.7725826602565716,0.718116028857169,0.8844034250962102,-1.0341591072822667,-0.7678493760704579,-2.5957929079188573,-2.0387351543907783,1.4487765557031296,1.7083933641050022,-1.0106975633148263,0.9168407908858551,0.07036995874346322,0.3029790429570835,-0.31877435745239596,0.4855430290875305,-0.30056933107674616,-1.9990634874082576,1.1682900665440208,0.29235552397557374,-0.6597536336932408,1.224947292710116,-0.08995247213760192,0.9573582402010985,1.277004160388471
TCGA-XF-A9SH,0.9617421754700627,-0.4334584677705425,-0.1696443778795926,-0.13715255162215237,-0.2938296193927574,-0.12258629854250803,-0.5636230742608805,0.38983796767870155,-0.13850652932471683,-0.29864347784919565,-0.8917070164043904,-0.854226998535674,-1.6744235344036584,-0.4318242262939643,1.2026324120489622,0.0600854606199932,1.2894657839893158,-1.6559462334790056,-0.8608474948008978,-0.9784396145712427,-0.12483076366088171,-0.7413603087462629,-0.7161456385598031,-0.8789825801227088,-0.5576419416282513,-1.0261623647719589,-0.8289922970080472,-0.4587906725184969,-0.5628155660270207,-1.3292550765572895,-0.8230185504327322,-0.918094638400576,-0.05874953855514849,0.14230680711918833,0.7861880448384118,0.6528752935943888,0.08772972734927616,-1.2743170566807938,0.7883261090586288,-1.0136424516226163,-0.2537394527781629,0.7096664642378936,-1.6063533544522612,-0.7827362227070338,-0.5048766636175517,-0.497728565449723,-0.2540885873577411,-1.220010769410086,0.1913740660527644,1.2012518335180342
TCGA-XF-A8HC,0.41715164396247817,-1.6173847011052342,-1.8115921473825838,-2.0753901388684235,-1.9439654564828193,-0.360989410377032,-1.4184343874704222,1.9704573653895847,1.0214669100107268,-2.127166868364202,-1.7960394147933239,1.5119350314290616,0.9698893913741722,-1.9383126836640312,-1.2688648717738304,-0.4214730328069462,2.042941196348604,0.1739935807413474,-1.3223995494685679,-1.817639562489853,0.8130993793815585,-2.0474856068393645,-1.5875203503639352,-1.2964379995442903,-1.7616063432421807,-1.219299269271983,-1.5139611072807884,-0.9945401819170019,-1.9565528028912684,-0.6467816605610898,-1.2246829072752128,0.4247545917035486,-0.2538944700001652,-1.146903732795583,-3.0991605620221674,1.3131888580456328,-0.19961956526633998,-0.04771526691864652,1.5038129476346365,-0.5864541018279696,-0.6955213983031564,-0.9538032283057463,0.6671985082454006,-1.8119015638918707,-1.267113829795532,-0.9319138946512502,-1.9860627917903801,0.9931537907606232,-2.470020097740974,0.9451626032424478
TCGA-K4-A5RI,0.7843848640663712,-0.39935351588249757,0.7413906762247663,0.09627060129198667,0.2307174272343637,0.7821146069735425,0.20360390587923918,0.7261240167985554,-0.23789596525168316,0.5020296637065549,0.4125540700525093,0.4082243695254607,0.7578437080393765,0.21497641460167516,0.3143420379475045,0.8183633951227367,2.036304371204882,0.7647438733267897,1.3908630620436035,-0.33242587760259507,1.6359301710999141,0.07571830509306428,-0.04263422229485926,-0.12641395853481724,-0.28485841924847644,-0.20309945967703172,-0.27265221240176396,0.40107259408358636,-0.1661269870047005,0.41608979384878236,0.9266299270165517,0.9192916964429056,0.4591571928663837,0.3065375637148135,0.42736860970652757,1.2292156475950504,0.15437368481985292,-0.6229340127452172,0.9332021146188808,-0.08054944766285972,0.6215277510512714,2.390326910402688,0.38245664961415377,-0.1567276293796732,-0.36606454098314606,-0.8941164304226032,0.28368741315965934,-0.033196649102905665,0.8233781728315523,1.8266978625649697
TCGA-BT-A20W,0.3424444827706582,-0.10515198604363299,0.07746845312812689,0.48425109754115436,-0.28397858574214985,0.4374384352130363,-0.04650285938966161,0.2117717382352199,0.13863554028100425,-0.11921224087842035,-0.5267971233802428,-0.118188997189077,0.5432711919595734,-0.20340142351691637,0.1585093204380546,-0.1310797111078553,0.4627617553069402,0.594518858486948,-1.1283640917333086,0.3510813000612127,0.015247052415042048,-0.359638984593303,0.3346541522341048,-0.057253560447009896,-0.2565580406132162,-0.3807707452445891,-0.2216171274103548,-0.3786219693630432,-0.17358754411673277,1.031679761201076,0.15232885244588662,0.7132291898544328,0.9810721721152754,-0.0022387528559199006,1.058040884078815,0.20668867166454793,-0.4824335140317013,-0.5430269667548396,0.32560834817992473,0.25579930396128425,0.08730696110084192,-0.7661854646675094,0.7019500631526842,0.8110871625221656,0.04693910409914412,0.5659158688042981,0.12100904999853432,0.6787121019692756,1.0710846240784744,0.1345773070214835
TCGA-CU-A3YL,-0.6768387810262506,-0.7906284030778589,-1.2052418924996269,-0.31195405782586955,-0.5871384512516489,-0.1609095106526405,-1.32895850640438,-0.8190881537516882,-0.7425612954344325,-0.8949725684935584,-1.0945038136122034,-0.8535676087611092,-0.9179978399372587,-0.718009657740507,0.4780237404036409,-0.11336784537582363,-1.3938297229436731,-0.8642502176763455,-1.7700277843587384,0.26209030480091666,-0.5355145908947501,-1.1830979106806165,-0.9966965035746558,-0.5440902680783389,-0.9495398633222502,-0.5955778675487805,-0.7155475196038272,-0.21112469201259737,-1.0208259085241096,-0.3551420291018564,-1.9319822032644858,-2.2793067661971174,-1.027435594279119,0.07836752476953382,-0.3511280138570566,-1.6755674066637534,-0.3498479759252016,-0.5906777093453864,-0.4386560634085867,0.21947296192754384,-1.0826410019789352,-1.4258875403844693,-1.349168414860058,-0.45886259463252843,-0.7639033565396584,-1.9371519594542874,-0.260162853360886,-1.4202848197050293,0.6960849791020381,-0.41009212080381247
TCGA-DK-A1AD,0.2881722373858374,-0.48452239072507824,-0.46338223288955593,-0.578494014149871,-0.7778662272703649,-0.6146093899922096,-1.0436729573347188,0.6606276742642798,-0.9118354763907208,-0.6560326897230343,-0.539601956100749,-0.16631139025665553,0.1380336699141128,-0.4071109564563907,-0.8001212556586287,-0.8989480504343795,0.7498714624250136,0.02025476504631703,-0.6695450170620174,-1.050597884237108,-1.553890718655424,-1.660933571350883,-0.7195814180233556,-0.4541831226128168,-0.7291901053443662,-0.14803248641194286,-0.29226868012163854,-0.024087971797276418,-0.7753526143785694,-0.17912344175101313,-0.5661344601457472,0.33049991291183495,0.6585126430894875,0.2146976548001702,1.0743980708229415,0.262244253039826,-0.7817655785649331,-0.5180596133107271,1.350616848743109,0.016410615184896688,0.6477260982502334,-0.6896463751250503,-0.15388278742391756,-0.8741591759005726,-1.0863030112693441,0.44580543797493116,-0.39613673677794636,-1.372135554218568,-0.49702406284242484,0.5123802385725916
TCGA-XF-A9T8,-0.22055180981660616,1.4121336481296283,0.4892523171832551,0.8159425968311261,0.5467525038009888,1.1529476154094278,1.207581529112175,-1.0270810772600194,0.18070415076525978,0.9486918801587625,1.674814852234058,0.23247774399873025,0.5826359410784531,0.5541958721473481,0.032542832867377545,0.256117922829276,-0.03023725768747397,0.7629380639293379,1.6074080439527052,0.7174748882574382,1.5598994490436962,1.5943515804746842,1.0269264227314316,1.4153061534179365,1.6987450129588717,1.2690637592852076,1.3983031555638679,0.8079300093348296,1.1792335787123693,0.480427174620371,1.4739276557018581,0.7388006036275103,-0.13713306717182933,0.23557244908300629,0.04113948853679601,0.6134633814868677,1.450325921254342,-0.38935749749302756,0.22783107975177494,1.1982463902194629,-0.17615389170806597,1.226410374627276,-0.08273947864700422,0.8547664037244348,1.3643037235388311,0.4483552255018587,0.10610854366545575,0.9514130671111608,-0.30959278437085724,-0.5412018336405738
TCGA-C4-A0F6,0.9955355123024392,-0.4974579270507882,0.8315950425334059,0.11388204326322122,-0.2526453221433137,-0.46179197663691385,-0.6088614456317463,0.7623293753484642,-0.034792568125395724,-0.14499366573376196,-0.3449660444796834,-0.531751213564987,0.3710270330195077,0.09382845663817269,0.3066776551391709,0.1276448935853631,1.592748894892833,0.45949972652977794,0.5827904745877216,-0.6008755318353535,0.15206225497543274,-0.4909775339744706,-0.4980518275086581,-0.7115668200410448,-0.6282660767844996,-1.3077987305297785,-0.9407956510351011,0.6321752095877734,-0.6766890438782566,0.34440727716474184,0.6638581231875536,0.4867695353136786,0.46697027163244076,-0.5415805918368527,0.4782441909690345,0.6500804902727487,-0.390345358609887,-1.0663457950202477,1.5838734452261398,-0.1817637202156584,0.9650392456560443,-0.9350963168210983,-0.11202102991116754,0.31436109476808566,-0.75921592225447,-0.18617612674140127,0.4540453344436632,-0.4941370518896769,0.17821885800156068,0.03596222184565515
TCGA-DK-AA6U,-0.7727122987629669,-1.0398694665614032,-0.3145958908960397,-1.3148097210990366,-1.4015066119120936,-1.0370294657377641,-1.561221606094774,-0.06608980402849444,0.3918376544396122,-1.1991658292969032,-1.0818721595979588,0.5868787242662936,0.9640468274059756,-1.205362083246452,-0.33090205676822665,-0.6031371696717996,0.7261033020613296,0.9440194196416363,-0.9251815126223132,-1.01451951881267,-1.3916074560654745,-2.335942136048916,-0.7057527070364013,-0.8185743002681437,-1.1011223376399046,0.12531864139602508,-0.41334331494546495,-0.4295735770360374,-1.0995217396226549,1.145519934059685,-0.1061347167480601,0.8218243293158239,0.889820100194122,-1.4185835407532879,-0.14841429820723834,0.00579651177114241,-1.48105861349889,-0.13404488717629634,0.3192021431011256,-0.4351194259068859,0.2603832696579414,0.21111613742891885,0.6195051909342084,-0.9689670976508138,-1.4843396846048458,0.6652588872176156,-1.099628218703445,-1.2863457068647826,-0.9229497641336604,0.19437925068395293
TCGA-CF-A9FM,0.29837321716814286,-0.33039354157290624,-0.7466478716780701,-0.3456972535745956,-0.7498259908170627,-0.7736536566398974,0.029397629572062926,-0.1243597475075497,-1.615567600356076,-0.2893483867707784,-0.2327750752928943,-0.8592781661984886,-2.3737555296722643,-1.1000257940177516,-0.0866420755581378,-0.32124934355100077,-0.19585573823465313,-2.3688164672006744,-1.1264931192654464,-0.9028550472266311,0.7256303340829043,-0.44992538038536195,-0.644295649326823,-0.11524213057374305,-0.13881844969162382,0.009228643524946414,-0.0766993963818071,-0.4432062772980833,-0.010822512928322748,-1.8435701187327502,-1.9404847349616652,-1.6935080589823999,-1.3767078191604132,-1.0029238225528216,0.3354284886186299,0.44573115783537803,0.8342504490344833,-0.43715109392096374,0.30303872376477287,0.06423319562179722,0.8949603602208378,0.4822446909200271,-1.737227662779139,0.6237490261771238,0.3514002228862176,-1.409616361825487,-0.4586161478727266,-0.6324192113544651,-0.28118127994637027,-0.14100090849802308
TCGA-E7-A7DU,-0.0785440047073432,-0.9504618470238603,-0.7254872029977212,-1.2031346307034527,-0.9903982596209859,-1.1401764570296198,-0.6355433976603627,-0.6573806336094955,0.8855276627850258,-0.5681674543093391,-1.2343786335970535,0.34269320837258566,-0.6410236457230476,-1.1005957498468106,-0.030877670218199496,0.09931973679764684,-0.4842534670428653,-0.8123415469318392,-0.6267262287893085,-1.0078048863609623,-1.6208213316077082,-0.7383895171284778,-1.1168587821292852,-0.9365702555707958,-1.2741163814790368,0.07585294221987784,-0.37253936266375803,-0.3561689518296344,-0.9333556922014938,-1.3257976544684529,-1.0537773212393844,-0.5788395204655197,0.39401982835374083,-0.7487029155167668,-0.28375249085223503,0.355598349087894,-0.3056968632283557,-0.9712704685784195,-0.0657428859559634,-1.4382646315986969,-1.508159630707939,0.03066099012295678,-0.8924332295420332,-0.4173984927053001,-0.8144628941232184,-0.7714395290869458,-0.8144584367150411,-0.9796756447154626,-1.0127571411372907,-0.5339530088399616
TCGA-UY-A9PA,-0.189308648125091,0.49485842764253724,1.016140478803535,-0.6123730623155466,-0.34354254407315976,0.8387171072926272,1.1768508733805394,0.26586162422177956,-0.8912940496684332,0.391405405958686,0.9211694118384653,-1.4267800401399295,-1.0113721236431799,-0.6652549721949723,1.9091185456891342,1.4186156378918384,-0.12851016714158872,-0.7786242680291895,0.7253909000863379,0.7147516318196772,1.6125261549564276,1.3732766989317706,0.8493970638153846,0.5909460668403518,0.784878556872649,2.185429517723341,1.6482651888959725,1.1652808548720948,0.8336878729481071,0.073192807756246,-0.825012875311059,-0.9562517392082255,-0.7025209344409287,-0.9999381144733852,1.1594154584574299,-0.5408227103005768,1.5291174503537666,-0.5629545236907665,0.3406613566929136,1.3285943884865206,1.2560138304392914,-0.12671820722417607,-1.1618517055198694,2.1122956845489123,1.683851333325262,-0.8848314406393588,0.4312207820423953,0.5282970625175091,0.46301409127652066,0.046501864737828184
TCGA-FD-A3SJ,1.116569677354796,-0.6441795363550482,-0.8357851013048623,-0.01752198320891446,-0.08988412310391748,-0.05442696815840627,-1.3149356810856208,0.6972518771659842,0.36636933263236426,-0.5917872369472211,-0.9842402171924726,0.6122046424813302,0.39896536030753227,0.09008808331723586,-0.4466273049381967,-0.2561326286132484,0.8105372099560767,0.45653444854294856,-0.7475454625648196,-0.40414206352857096,-0.8695582769790222,-1.4185221091059141,-0.5930567687240339,-0.8041233429453772,-1.1071367239089351,-0.5235142028542364,-0.6738722423852226,-0.24411531718842305,-0.8555599524904491,0.7396839351434588,0.1881481900728816,0.27872507956318093,0.760692580517548,1.1372160973705037,-0.24249582782645082,0.6546196791033086,-1.8868714923503453,-0.29022752427202847,1.368267996477486,-1.6797496648926211,-0.4197492765380666,-0.044228900840227695,0.9630089510037203,-0.8643856563079387,-1.50612745489039,0.20869951915912677,0.06433453575232122,-0.1302601648038273,-0.41014787812291986,0.07443631109087526
TCGA-CF-A47X,-0.45654687132604427,-1.005755776043763,0.14335525430118418,-1.0685405054162787,-1.4916820171848348,-0.9162553626963973,-1.810831650539337,-1.1906194348422512,-1.7040004060447678,-1.4563755889381527,-1.3597396695500297,-0.9321108450122769,-1.7419980322346489,-1.5248228779806334,-0.32524628229930935,-0.9231379685617223,-0.9381898395836492,-1.7667001762870878,-1.3379519600774585,-0.36120754024384055,-0.15213768470976385,-1.0971285794935641,-1.0531017741871374,-1.015186002995599,-1.1920965256552054,-0.8464784501496266,-0.9782593662563754,-1.4371972380068774,-1.0820772385410489,-1.2214829786902135,-1.7857927850728812,-0.689805868602055,0.3358899653544193,-1.1346629273964726,-0.4391248099806159,0.5063252746454431,-0.4919713836259547,-0.8121276364211198,0.25283758732752243,-0.37084637355894284,0.30819047086066054,-1.1811774918459599,-1.3183754991801575,0.23232586538414038,-0.3667567831368102,-0.6217196326899487,-0.7423800834434792,-1.1749618007030895,-0.4397800223410594,-0.9070696437442285
TCGA-GV-A40G,0.026130257072053888,-1.2566391590029904,-0.4089281649978661,-1.6086094267853057,-1.4369096529481398,0.27531659478992265,-1.3971448937954178,0.20849581292585978,0.6923860198892047,-1.6201551611461753,-1.3841249660883768,0.7000382768527729,0.7295355131738526,-1.3882277058938186,-0.5143182855700684,0.07083285194131518,0.6209406574199818,0.43401466656378535,-1.2366144510445043,-0.7559054259205821,0.3556200179930995,-1.1906158120814179,-1.1912029700668494,-1.0491678030323726,-1.216294227454876,-1.3405860094330462,-1.4056892726289962,-0.5651354938591443,-1.5484448285611192,0.3433413849338273,-0.08359053305359147,0.43474629098084133,0.3530258641326387,-0.7298988846445693,-1.3496392342652468,0.21279950249837487,-0.5620654294220797,0.6418235523982395,0.39832640615632114,0.19963027691568078,-0.23954389418803015,-0.9470312322456308,0.7617630466060834,-1.71777461431889,-1.1224766011120515,-0.5835958083136294,-1.0148334946428375,0.4705471013992115,-1.688164872318828,-0.15367209932070922
TCGA-2F-A9KO,-0.11790825481644875,1.008442753465511,1.8690895485381407,-0.23854257332262127,-0.03658276200671024,-0.09625311067672097,1.184613207810801,0.7909580170653241,1.2230183167756847,0.07522775533880942,0.9427755099607086,-0.9396667210122887,-0.1442052352034202,0.25506628726295,0.5620670766733968,0.22534537820004147,0.10342234677636819,-0.006767738073167009,-0.6877524877398036,0.03886742928861416,-0.9770482555630031,0.8560503384927662,0.9752163381333835,1.271245795040624,0.7184988483072967,1.218585537438029,1.4083508462018455,0.19630780982017917,0.8171295139311257,-0.005796218622411864,0.7771809181101681,-0.3100707694935268,0.04753515163959448,0.1623553240317594,1.1184512761731709,-1.0130314523087849,0.8269875410849178,0.28621276311481,0.8088364017698405,0.9840824966468387,0.668840116860659,0.984927281294642,-1.147635079596811,1.5077254390505224,1.2317795111078176,0.868044544778756,0.32245161738852424,0.3038294978882393,-0.025318380648959936,0.8624415831673279
TCGA-HQ-A2OF,-0.5054974953880822,-1.1686049512893935,0.9115561598535422,-1.7674708587101748,-0.5986253120383274,-0.258686316446818,-1.5695181787566992,2.715582780864042,0.5238998197992573,-0.3202115674660298,-0.805505119553996,-0.9933216740525947,0.5736998352129056,-1.0672053146098603,0.569317521945659,0.9357249997332413,1.383108781948566,0.7423782193401919,-0.002271382252127063,-0.4643781137898415,-0.6056646843548413,-1.2079597558699013,-1.3847502841257269,-1.2826778413380422,-1.0986977371778017,-1.605439397159169,-1.7647824403189039,0.7571056998860144,-0.3303830415600698,1.0032115908199652,0.26785563480514674,0.1866585632502083,0.12583315904764947,-0.9929571315280012,0.8238081914357893,-0.724172420301142,-1.469689341049328,3.544919190770484,1.0996104706566407,-0.2590005965635337,1.4900941828849414,-1.6724894917055013,1.624060484655219,-0.362657820752154,-1.3736297338923356,-0.40941223195722753,-0.03175605102433701,-0.14660712644122245,0.16815059221184128,1.4669929396840924
TCGA-DK-AA71,0.4050543557869669,-0.7922614439754349,-0.13585143638828587,-0.393566002786955,-0.7977608238619633,0.36687992645361656,-0.6419540227470869,0.624839706777217,0.2026714551660133,-0.23199151411701197,-0.607038981194068,1.1398042470987475,0.10104695311967957,-0.6661982485115826,0.4766656648717456,0.7999334156241947,1.0914861817323533,0.16061315038164958,0.877363213293121,-0.14899537977137767,-0.3789353926885906,-0.47126498937302375,-1.045263093660936,-1.0846514942095349,-0.8669264868451029,-0.31905292880273867,-0.46218676987553065,1.3108071356263726,-0.6897557591223002,-0.39426249346970405,0.5048555032553571,0.767809727310741,0.2493419073502425,-0.2528984185301318,0.3537805302212444,1.6273109167801718,0.6155361729170807,0.08603234789744921,1.6085587118099085,0.602441134512897,0.10422299856077649,0.6304820987365042,0.1126658787378625,-1.1226135306031049,-1.1206837819940885,0.22547402463131705,-1.0027200937071934,-0.1733777079914257,-1.1148486389803072,0.013570777291241051
TCGA-UY-A9PH,-0.05870373824802312,1.3108507147133341,0.27896536810715744,0.6405324038206786,-0.4536129061839521,0.5102162684087981,0.7086097343367378,-0.6910085630783819,1.2930917704327252,0.4772407406646973,0.8864997339512422,0.45845414592132866,0.08612554311341888,0.028115483555772956,-0.18733410690964553,0.17259540226232467,0.7025948456190217,-0.04782053036370219,-0.19243736075233503,-1.2819262766440607,-0.3575943574916104,-0.26105300913548246,0.84155274214251,0.9924354322524808,0.9272166956771434,1.4733059440489193,1.5950217139637675,-0.4490477575154477,0.3721853097305548,-0.811647444827075,0.5010605469854768,0.1485210110283923,0.13764959715417496,-0.23339679152462459,0.69782221299766,1.048696556463632,0.07500715263183952,-0.4712348391526814,0.569182861579856,0.3194253226585047,-1.2169638350259544,0.6653909425742037,-0.24570294618907393,-0.378639333748508,0.7475774675616065,0.34982210445253437,-0.6904648326304951,1.3537712840503466,-1.8163603080899995,1.3540250928677078
TCGA-XF-A8HF,0.7643755418747115,-0.4310810933666295,-0.8551912212266091,-0.0013829418845713692,-0.5275317857760233,-0.8667417058796765,-0.2424755006371711,0.48418066822523,1.4869776259316845,-0.1742636372427678,-0.5422661757647738,1.303538273333952,0.06891944019994983,0.08831257382900252,-0.7438691743546223,-0.6999743947706193,1.263301558591531,-0.10000080499787421,-0.2668266992606193,-0.8076156971233569,-1.36314323918328,-1.2171579714805276,-0.9087191749027865,-0.6855343725264108,-0.6860239622944255,-0.4932116990969734,-0.6235269765551482,-0.4802018349312518,-0.8551990848421166,-1.37793951208667,0.2449763439212138,0.20013608716412218,0.13653980535263202,0.47297124773546007,0.2126608269162788,1.9946659284797923,-0.3438882263053171,-1.102636198779029,0.5463670816612699,-1.6173501163593684,-0.584042182586941,1.0859166552683464,-0.05742941717185411,-0.7068614849150158,-0.7396888076737892,0.669957492211312,-1.0686106641315525,0.11368109712965065,-0.5223507243391998,1.539228476625174
TCGA-CF-A5UA,0.1725305510653732,-1.0735978299688558,-0.9631440104387998,-1.023314492760089,-0.6011567327433806,-0.8573560643510165,-0.9995452671317855,-1.1796503251401003,0.16477193993899722,-0.887170074388331,-1.0975064693074807,1.5820825857313079,-0.03115078587335063,-1.2036022328288833,-0.20470054724721531,0.2736400249545244,0.5337868115174362,-0.3628622075928912,-0.14701280221264781,-0.7099311404508041,-1.3733107442970074,-0.7796746652885208,-1.0782251878704154,-1.3472415885599256,-1.2397609042049904,-0.7048421039811847,-0.9402230562601965,0.1665102370581532,-1.1360112327264722,-1.8168905398469395,-1.0798604732843706,0.3865072987362817,0.630726178369407,-0.5166226502876479,-0.11753318751781093,2.295555631617234,-0.19320190111376337,-0.6628948868965727,0.4037361587923409,-1.6425340449706993,-2.5406639857303834,0.19833423472874984,-0.7036583256919386,-2.1357441792590066,-1.4012691082819195,-0.8947202610961384,-1.3085111373613567,-0.11738637052189209,0.36846511374856245,-0.15889412904164926
TCGA-XF-A9T3,0.8781192613286222,0.5720092581413578,0.006255890637801381,0.8731839313742633,1.6040860038063571,0.37835759847949524,0.726525149694879,-0.7189185860281714,-0.26676346639034837,0.8061924152610076,0.548691789166004,0.6665053000112134,0.4285799914255476,1.33820292669013,0.3098247758987982,0.23311210197077595,-0.3972814413131669,0.41626076559247116,0.5605490573845484,1.1426681428848302,-0.2590409281812405,0.5601539501572719,0.5069049028226249,0.6741347344034997,0.48750264269409616,1.3179899754941515,1.092325121872356,-1.0645664674395012,1.1808319412551453,0.7817219222434383,0.16742831008639128,0.302809144726882,-0.3563352568103215,1.5718531069846056,-0.48345295047867815,-0.8191698182634863,-0.2588581124795332,-0.25375481963210855,-1.2147815422061539,-0.4161141872228022,-0.13867455723844485,0.5369890765150374,-0.2682060971208142,1.0549999442614848,0.5343903380723148,0.16622587208187944,1.298765026126111,0.05257524916995235,0.2742250963611722,0.2551673353741044
TCGA-XF-A9SL,1.8664240657417448,1.1721377715547472,0.4754553755633161,1.081950523012222,1.7376872476251237,1.1852267222128974,0.8226643000778919,0.48299851115768067,0.13300057416082364,1.2235487549693091,0.9056522956139524,-0.4263759433054104,-1.3160310028215343,1.2858104800876615,1.1711946256058312,1.2808971346339317,0.6060481117310365,-1.455564292793363,0.05161847687881289,0.3784192314475691,0.1295074455160141,1.1531735892142867,1.5385238700043284,1.0470877838694297,0.8346374330259203,-0.23935953729761758,0.30135988565696675,-0.2605761124553351,1.5666310022175316,-1.3059156502624878,-0.3608911282651701,-0.9675390461774134,-1.62749087512501,2.6512375194509343,-0.14340051334191967,0.8015548971359517,0.7550213193118962,0.3829801006206538,-0.007152385673957223,0.14309701268316147,-0.7611371751044654,0.9252075371768699,-1.7476246438837382,-0.23491503819824977,0.7583644627771046,-0.18207036525607928,1.4430727905579028,1.236079800209292,0.0367535709671863,0.9638649916483862
TCGA-CF-A47W,0.5645747202509517,-1.1813316253058486,-2.785609042477927,-1.40007778820242,-1.0327301609633552,-1.7684876760936956,-1.5508125747236043,-0.9958945429370752,-0.5898565274404253,-1.228356163727136,-1.58263255242625,1.3220591541839108,-0.9441841920607819,-1.4856278243869045,-1.3298993379672166,-1.0131276826276214,0.38682230878284357,-1.1680842386043335,-1.166080949010598,-1.5543458973053157,-1.0854344600650694,-1.9536452478237072,-1.5196794052330707,-1.598016667857816,-1.485958988578186,-0.5801526915726068,-1.0129431984292616,-0.46200785683123313,-1.7078725968849364,-2.0786274443948516,-1.7943286822637423,-0.16440696727080964,1.1099100797280617,-0.6730106264339363,0.17738569525302522,2.040371446063842,-0.4716222810496165,-0.6134553394258386,-0.410801170914721,-1.9936110930612871,-1.8946726574115136,0.9013273374992882,-0.7512748153784758,-1.7046213285284464,-1.6848980399647049,-1.5250206659805126,-1.6057615513827403,-1.5266583967435812,0.23855311362615375,-0.4163659565348331
TCGA-GC-A3RD,0.3419593319472006,-0.7070983228216595,-0.27351561776689015,-0.1405114371345998,-0.5259815990111176,-1.3476875591313882,-0.13169021234510866,-0.3357952692042489,0.00397211673599924,-0.48708698993080557,-0.7027658832314535,-0.15247641331638295,-0.1487668134681429,-0.3716977062850792,0.36922737345234785,-0.2703881995640873,0.1924778225903231,-0.12230244103971402,-0.4214460579687756,-1.157682577166194,-0.21568170831206565,-0.7242575241199141,-0.5337909469655449,-0.2634132922679933,-0.41449034764239356,-0.5510581685378836,-0.5626117155170168,0.7856280565043833,-0.663785969276782,0.1676905908414582,-0.21150891713522202,-0.07425441829452449,0.4774108772801138,-0.770782962917778,-0.6783444714823904,-0.11061338585836508,-0.38679677693017345,-0.6778946977635573,0.6879242488506774,-0.3065922928263965,1.1870914040965286,-0.3615426869788376,-0.11997876806486654,-0.14739466921957195,-0.010972911612198015,0.3546433473668338,-0.4383822219990476,0.13850576639842568,-1.2956156366531015,-0.035958797280813755
TCGA-HQ-A5NE,-0.6321123868624884,0.28184923576765847,1.1315531285242235,0.9921800536814975,1.0708901213685411,1.2800569405918008,1.3173995516467552,-0.5503585015681469,-0.24099380735605572,1.144849211105796,0.8505660082385204,-0.18533747119165123,0.5925822896613897,0.8755178927756584,1.7913594535453135,1.6007633343288987,-0.4034228247100875,0.5796883392264041,1.1794428993139525,1.3742865811338996,1.3187970849652153,1.117474153494648,1.0229154387039983,0.7034470939429928,1.2080386471405347,0.9039413727901554,0.7148638552485226,1.2563368091607212,1.5943603527383536,1.2129680675696408,0.41299477809789864,0.2686049942642429,-0.053114354894312925,0.0686210080902988,0.3081825927704574,-0.867388469323294,1.7379476282239745,-0.14430506718334074,-0.24755438984122363,1.2076017700788133,1.0491286852013646,0.09784771169693911,-0.12512144934464176,0.8832705524345429,1.9551321821125751,0.3464683750303053,0.559937677249911,1.7411010648445115,0.4390241730863309,0.1722220187939626
TCGA-FD-A3N5,-2.095845113721507,0.09950030097729234,-0.1417712007648665,0.08078750953121305,1.1529623384636993,0.8082947288130142,0.657202333212759,-1.4718065752925633,0.6469825917412629,0.13244220544969418,0.36670845144339065,-0.20660007708722933,1.441882319921555,0.4130810673179671,1.1942715478402408,1.5668228151845813,-0.9778399171665655,1.47564591666552,1.0134684697073975,1.29204691176959,1.4244109621623107,1.396707281432253,0.7753316774529267,0.6257121243028336,0.30948101281914275,0.664272230977185,0.47841016794852587,2.371959177772235,-0.05422135645353886,1.849990117271659,0.9461980983012861,0.6159346117094149,0.1562925232302049,0.5228412908373583,0.22131288654867448,-1.3583126766024647,0.8836080278247759,0.252918011620197,-1.2555062659331806,0.8570733205917072,-0.04693272632707117,-0.0976879760508236,0.6901306642760492,0.7649417808776976,0.6167275889263003,-0.3170749851779717,0.06765366130646466,1.105556491833482,0.8721716062184632,-0.8931791106074375
TCGA-E7-A3Y1,-0.13539691730022393,-0.9024532035037602,-2.871846913747199,-1.007437188207947,-0.892735094495022,-1.8373179624265885,-1.2867284654183515,-1.7434687553003043,-2.4690908772022024,-1.2479734631357116,-1.4140105916366934,-0.19562909207571225,-1.5179562487549205,-1.02268521939532,-1.0881925096677039,-1.073124289534916,-1.0117338035505827,-1.5543839353217388,-2.0934449404695625,-0.8923267198702356,-1.538790636355965,-1.7437749274436778,-1.6369716637540084,-1.3568804036114606,-1.5003713528326665,-0.6240310267612692,-0.9051360985920731,-0.33349877516482995,-1.279879285131358,-1.6420423129434383,-3.0077420666546835,-1.2506376393243153,-0.26727117673258355,-0.49692006248262394,0.31527409681806184,0.8086340424231273,-0.30137637913684096,-1.4084438968304933,-1.3140465757166566,-1.7578559424962439,-1.8824230485907056,0.1541007341873883,-1.6500307997099248,-1.1701594883106328,-1.3902682411325498,-2.6677985093428465,-0.6540635976112861,-1.590550018159872,0.09847869092572273,-1.17502848267737
TCGA-4Z-AA81,-1.2382194060983875,0.7675402684496618,-0.13396329188085024,-0.9808119730937547,-0.26416373637890805,-0.3317230917451405,0.2770013057471907,-1.0111716209374808,-1.6201155060379815,-0.3288217307483465,0.3513294199228374,1.1390750207304097,0.9162198880250856,-0.9712404284697732,0.5815841669628526,0.519125565811337,-1.2205889149673055,0.7733235922796357,-0.4280081625787618,0.34145502448837534,-0.27306795497789543,-1.045509264719168,0.09576029417628605,-0.07365032352240199,0.2074748416384708,1.153788196782217,1.0470595360083008,-0.3351886764458506,0.26589712240561547,1.2894151725296565,-0.6329853203494383,0.691761710623779,0.5111517153376447,-1.400779791623047,0.47931043226629105,-0.3071565844564909,0.25328716732274553,-1.4496417326953066,-0.23451655312749187,0.6495898182168288,0.32516072910248883,-0.47586836329673143,0.07399399706354066,-0.211408630589498,-0.006329479339251473,0.048101111946243426,-0.9613583004786576,-0.7653968745893269,-0.806432320694857,-1.4605054588595177
TCGA-G2-A2EC,0.8132787187163245,0.23724912492093003,0.6918600245994706,0.7296254433322251,1.2379516683865126,0.6471920232061869,0.7783426355808414,1.057596236195653,-1.1650407807107857,0.3364722014601478,-0.2608618591526961,-1.4354549424021419,-2.019527472971112,0.7056985821291653,0.6188003519462262,-0.2017879379054338,0.8173446322863719,-1.9812554048844326,-0.7954384071734142,0.7614812950585966,1.0892242806391343,-0.43589469484577464,0.33115412620601964,-0.13318817878899533,-0.08502309426096427,-0.42988245455835994,-0.2947950930329703,-0.1444505245135772,0.34906495174134794,-1.1794492318896015,-0.9514714366273617,-1.6869306143585485,-2.339368528172339,0.5370933495026884,1.7665474007614534,-0.8126316055979417,0.06026822955228977,-0.15331821211262084,0.6359280557177025,0.3418449440164658,1.1311155961054538,0.143881056858686,-1.7025261770328595,1.5358193088141125,-0.7405020963997389,-1.4240141868646439,1.4707686692167354,-0.8275826273667006,1.150936276499698,1.4079082079538616
TCGA-K4-A5RJ,4.91106406534455,2.230538684491485,-0.29893487935240554,0.33718301243781423,-0.9696503751767122,-0.15978543883696952,-0.04166199043381208,3.325985087834271,0.6105643409921977,0.16801341721709123,1.7597497881634325,0.8617631651584311,0.9775239905200288,-0.068227433053672,-2.483645597410743,-1.4278976499228897,3.7576768299737133,0.7853899039950799,-0.5379743984459298,1.0481662777246188,1.3175106110202228,-0.20291623443114457,0.8234596957549369,2.1854953651252793,1.0651214391272852,1.068830257810363,1.5463411192531016,-1.531164571564855,0.6650518211905032,0.2508818292287651,0.9094699573638246,0.6664133237305013,-0.388858509951528,-0.31220134535062266,-0.34305593398726764,2.9927329460086165,-1.5249166607982978,1.1791222212915435,1.8939978401101458,0.23272661853996274,-0.23184335890076194,2.313030494170145,1.209552612978679,-1.4423983083169731,-0.24696717202539006,-1.0770361797868737,0.23278867966878025,0.6239720886210022,-0.511138343060656,1.793335867637769
TCGA-CF-A5U8,0.4045465522289305,-1.1897947664339148,-1.5665074975183597,-0.9677873803727339,-1.2326236467690364,-2.03063898261378,-1.3346181931852867,-0.5060430279284667,-1.6511740810035,-0.9975358334797214,-1.4454071489401206,-0.12211524226456476,-1.831267446536475,-1.3308460335740064,-0.5723665339622095,-0.7259237229182085,-0.39519984166422945,-1.9847070689380168,-1.2507770398784162,-1.4665667600318903,-0.4717348365467194,-1.6174707680518812,-1.513471515693177,-1.3057855374604508,-1.6177901908586332,-0.7015185832077903,-0.8650617638806553,-1.316490925956781,-1.5432950771891254,-2.144530176564462,-2.1268545341149765,-0.8101925773951555,0.23873041889870542,-0.9396112282958488,-0.23779080973285557,1.0686678991132748,-0.6357296982063495,-0.05644860972136384,-0.3157648868289574,-1.9518814060985439,-0.31227432165582436,0.08684338943621284,-1.531747436732134,-0.27750632628046884,-1.3707013308878067,-1.317897257240123,-0.8553823523151581,-1.847759079204807,-0.8437765569614442,-0.31609823014598
TCGA-K4-A3WS,0.033254375019819406,0.4803630185517172,0.6543281268178217,1.2157277607978874,1.2182623923903668,0.9767227296603661,0.7031748602427436,-0.2875112999083325,0.24462092019138748,1.006308110934658,0.5584628590978802,-1.273076674125462,-0.6618645546644282,1.451675617868863,-0.12757612204976473,0.1608979303386099,-0.778121104768132,-0.3519316679341165,-0.4170507283751309,0.5428652659161083,-1.096476475057929,0.36530585054874226,0.9528895234223204,0.8433955354713304,0.5963239637199634,0.4375847078124637,0.6782229849409173,-0.41543269004653277,0.9193333470755954,0.009023492875063219,-0.3119106580504031,-0.8056548143707323,-0.5792981456809773,1.4024655542154822,1.2244825018290975,-1.2282659861293397,-0.18922990958935637,0.35185713235048255,-0.811211789400045,-0.10439532302680582,-0.16259816124276277,0.05444484751096818,-0.915167741527823,1.052204004633157,0.45131347823219065,0.06235648309647579,1.3397554283808917,0.1038152047222892,0.07173197226197214,0.6171577769349953
TCGA-XF-A9SW,1.594911983985702,0.2666446872346512,1.0172658731884114,1.982659187722616,1.688660478940677,0.9628774990350991,0.7211661430035746,-0.12696094578117906,-0.68291501279431,1.3451968341478258,0.9515053989725407,-0.470782601574388,-0.8576574703642765,1.6843891488540026,0.3423314649819144,0.37814924574050396,0.25353775354975544,-0.957288720131586,0.7265988786760482,0.984122393601661,0.8812506639849993,1.929392766628907,1.3925521628940682,0.6501289720644061,0.6547853242357746,0.27441875908246793,0.5545857423883029,-0.14059950617084088,1.3909436853566295,-0.506789834984528,-0.20542238891086706,-0.4419539622907099,-2.1272634680077678,3.3487959419664426,0.3150135797347155,0.8942207013168566,-0.1887985030461363,0.9314137477040614,-0.7355401518035889,-0.6782211733668942,0.11275482255709529,0.6998653341586086,-0.6159656796065269,0.5665649371709989,0.4996083127921833,-0.0231558820192002,2.2921747486342667,0.994837485862048,0.03635684097907099,0.5029130357899935
TCGA-DK-AA6W,-1.3071834857559081,-0.6849641685250247,-1.0736249335206816,-0.30148760737028163,-0.5437162518419177,-1.7726834918632242,-1.6451112091289077,-0.9616224510246603,0.1746587205101669,-2.1403462989931707,-1.7309597586352894,0.49509696298053296,1.4060792862148572,-0.6478297238009664,-1.4079815182957534,-1.0294004616128658,-1.657289668851104,1.5947413212372057,0.4586214620780308,3.051134354946611,-0.5432248722135992,-0.7347389653838321,-0.885661966322452,-1.2701500911991201,-1.0871229156428557,-1.2983355642420058,-1.479122855067296,1.4521207732850152,-0.7271513774998846,1.526052927761751,1.0363965907001103,1.2618239215879052,1.0111945482206954,-0.9380331487061279,-0.502578185383769,-0.7525662273148411,-2.36853067541291,1.1500462282194206,-0.5925700042687772,-0.6439038787862353,-0.5927467663213881,-2.7741959778817717,2.1961467410294784,-1.546911494975051,-1.9928438825807742,0.9574165938809633,-0.5461607662529642,-1.0548356517185866,2.3367009798934193,-2.445130395856425
TCGA-DK-A3IS,0.10575272330649264,-0.7076619295012868,-0.17161560097814346,-1.7114795901952387,-1.2871746997988178,-0.9384816940388743,-0.6800896144248737,-0.7988641923030246,0.6256489973445312,-1.3653916348767068,-0.8150253317451774,0.5689717800352319,0.816724006310418,-1.3902874258643871,0.047397761862041705,0.2792759517575523,0.01458937070230583,0.8907350139752512,-0.022757786279033725,-0.5797503463995355,-0.7567571097144679,-1.2165196830893446,-1.0934433493053208,-0.743502650122891,-1.1874651888150265,-0.09962028508516244,-0.3351943385931964,-0.13575916356870005,-1.3809536105571985,0.09894840758113665,-0.0029560256981930417,0.7562879466074293,0.6638564728210035,-1.0722112913893826,-0.799047688059,0.6924150479295347,-1.00121819102657,-0.45387997262371715,0.04321007567353195,0.48960706794050285,0.6963444220274599,0.4573271570062668,0.5942321028866916,-0.4715096182238343,-1.164510251385842,0.3904485861546971,-0.5770405709302414,-0.8182140125273458,-0.874808492034638,-0.7195713877071135
TCGA-GV-A3QG,0.7977738496336797,2.0511227246431742,1.3671846684657392,1.5999557532054318,1.0658925051480992,1.4183676711203825,1.1047727395375937,0.6434683528521645,1.24603939847859,1.374452055479456,2.076841270381987,-0.8379797541140147,0.15307723487237496,1.329213481631185,0.03195583891378728,-0.09626749205564016,0.4479004485522425,0.31218934284205346,0.22298576998317973,1.1804695610855864,0.011658379866641467,1.1084539570478742,2.088876625632599,1.8147689363049784,1.6120957785487056,1.320157602093788,1.5990354218071257,-0.9121762437947899,1.924928071283005,0.9985620234317933,0.7460718028384429,-0.10840271967911236,-1.0961498987980027,0.5860306031687611,0.2540515894760944,-1.4201052606418694,-0.6699168331677852,0.9182064258002804,-0.18942188172473023,1.6837954062727993,0.4405824191030521,0.6855774277961126,-0.5085588779684636,0.47566843028671363,0.8466683350276657,0.24671508350831833,1.3109527643545398,0.3768958223038057,0.8692351209664978,0.6101469795049236
TCGA-G2-A2EO,1.173685146943773,0.8043296642321088,0.7830666795685358,0.6638968369043303,-0.1578710027814851,0.08673484819094912,0.9069107992123313,0.08186908397832467,2.909143061894438,0.6463324543885386,0.3482542167717231,1.5867053974575318,0.6141499350033287,0.9170767758709534,-0.4858973841738126,0.4506620420325898,1.385520517852796,0.3908229437381303,1.9054531275636424,-0.7562028418430411,-0.004104312533477265,1.613904648267679,0.7705061905383951,0.40052899432394307,0.40651602894470135,-0.0993140975021526,0.2543965785438029,-1.5830079293117845,0.576227718741686,-1.0040580909320487,2.565135170735179,1.4407304785401012,1.1601376099440892,-0.15936828373336048,-0.20380931101124075,2.391161181284308,0.6854514057847749,0.07088576829315946,0.857251774163298,1.4723846537712564,-0.6788472249669063,0.9460471644603053,0.4420336869113425,0.2917537886357738,0.48075400009352154,2.7191146309913723,0.13344098379648367,1.713601107092633,-0.3424299250780715,1.05324840779262
TCGA-XF-A9T0,0.7278872652088164,-0.25708561045550815,-0.5593821478881381,0.727848823419338,-0.37082225482306014,-0.1878235056334688,-0.47493484480288556,-0.6753442909396747,0.06856978613703275,-0.5224111672025613,-0.8130807537208691,0.7488791193439099,0.2286642445510743,0.14121696669088574,-0.9751209003607813,-1.1401532699040056,-0.6447716884275729,0.18158108205826562,0.47228310637711185,-0.8889662407930811,-1.9059546504417875,0.5915619754742708,-0.35463852312602195,-0.3530993862027749,-0.4441416487427727,-1.728485637372063,-1.1520191562178401,-1.299780694016183,-0.5676732211388453,-0.18413583268938125,0.4384524704084356,0.6042648505844038,1.2008068878120808,0.10319460792435747,-0.05258719910011394,0.5170383207527328,-0.9059407310137827,-0.05600737118820271,-0.3830451898355383,-0.829004876811815,0.19204867484508642,0.1979330325074663,-0.1609092696904952,-0.3777498660360213,-0.5404135450830724,1.5745886198972667,-0.5597355440734783,-0.09263792597878497,-0.4166047281405848,0.15327209091372312
TCGA-FD-A5BU,0.03150600435059824,0.8562648613014169,0.10113502843714486,0.9007431869480981,1.4517565716536207,1.9930403607732552,1.0892577787576379,0.5243375531319492,0.23374966502955488,1.0808933786386143,1.0906979475450935,-0.33028041810948666,-0.2294129782195702,1.1413203432617054,0.5618445819312907,0.7729216715607818,-0.4302409271091689,0.09035714777748197,0.7156787528103461,0.7074221436039134,1.7678179852622613,0.6238275625048096,0.6860850348244103,1.1668276200101775,1.1345745699652516,0.8626005123482761,0.8884770393498002,1.1921520168687414,0.8515847490752596,0.201308491454961,0.8943456721467247,0.16510700456060495,0.3150109856623838,1.3380913199807443,1.4236832894077387,-0.4481207976109439,1.6609733266633322,0.28241549113984843,-0.7988464367434589,0.3623679824967222,0.14462029872482335,2.6077794641913252,-0.34563502768089444,0.8127029661113193,0.9480324448219516,0.53385176397224,0.7439727153695362,0.30233977566247444,1.4145623073681497,0.8911780651032478
TCGA-GV-A3JX,-0.41561413773631617,0.2263599850887616,0.7151577599457185,-0.513180305132837,-0.3276187970174977,0.10854701131615963,-0.1691530006126347,1.0829576482951928,0.8619315801380412,-0.5420869373135185,0.6408154124055858,-0.5333494769768187,0.7657579431960014,-0.6874142873877321,1.098223033199995,1.7849795802907231,0.7006952374284465,0.8241342309487082,1.1196962830630413,1.5517979098271346,1.152314811000101,-0.07178615530348781,0.31293391380289615,0.45570884841115367,0.05984658105201644,1.3909290269644434,0.8471851791262471,1.3158210933105647,0.18322450221495445,1.3558287156729232,0.5789744121556218,-0.33593483509286237,-1.148111346930913,-0.754350247383665,-0.08332922547598903,-1.1363840660076319,-0.505841325119176,1.2917153342908099,1.2147267295965287,1.429910436670873,1.1724555103178322,-1.0879482171128527,0.8703553768904317,0.20037732680832482,-0.10599620746280314,-0.5840896186174123,-0.06793370157450576,1.06137339655033,2.3305913020250357,0.797186635559867
TCGA-FD-A62S,-0.8088786119344792,0.8418116123873246,0.2506581271757191,1.5533094272959451,1.747169575700855,1.2305700981573102,0.8955265223387501,-0.7201482580827407,0.07884928926084742,1.548235682724013,1.0541784049593816,-0.33089623127740375,0.42497129014029555,1.7301491913646996,0.29079229538476575,0.27016434668139877,-1.1813337305076093,0.6617978167946705,0.12378288017355214,1.450771025639175,-0.07971149850707325,0.6890697802804413,0.8949450061316929,0.9035625489294624,1.1722155018918008,0.9710093355365556,0.9267165613864756,0.1166585476307026,1.2598568805087806,1.4307361344186413,0.3530008641336445,-0.014372091498472184,-0.06228295404480246,0.7664362544967362,1.9462459195318262,-1.975238734810567,0.16660783502058021,1.2781165354790873,-1.3087843345469996,0.5863469200519511,0.6511967283884401,-1.1073125145212115,-0.2904553952557484,1.2241933117785526,0.7666478944263496,0.30307959473681206,1.311760333248696,-0.030222037869030695,1.5970116245705135,-0.7669552272151482
TCGA-BT-A2LB,0.19697584459604517,0.2317375971890919,0.2704438401273848,0.7156383548832631,0.6799227031237333,0.6205132919331994,1.0981554337605142,-0.45562830089627676,-0.11913697642322858,0.9687911462509077,0.455588018170041,-0.03716345925791375,-0.258343349152481,0.8518952300582893,-0.15244306035664543,-0.031260406452401426,0.510648681026808,-0.18844458806078349,0.6185752694625023,-0.9857928148181725,-0.2152810357407775,0.7862400059199646,0.6822619236934999,0.3861051078824916,0.7359083766200086,1.1290688363073633,0.848392163131852,0.4553745552035166,0.6254347199061983,-0.009775499437501976,-0.13925014946264594,0.021519217345564595,0.6394817294807658,0.3685087077382074,0.5701229610174536,-0.15613155791245606,0.5717512024988618,-0.7261908487571638,-0.14914021266427088,-0.34429809506877007,0.07263960297649727,-0.06668411316690243,-1.033116105547568,0.516304583227059,0.7146723121206564,-0.29343395314702664,0.5734882623531528,0.7160092586240192,-0.0917227239327592,0.3973472225943893
TCGA-FD-A6TI,2.3968050639191585,-0.393903007421271,1.6921090684289857,0.3579118847366979,-0.2780978937164089,0.06007655137545068,0.6364911203907566,2.3910298175393767,1.1777634454171586,0.45831627404670344,0.133658413180484,-1.1204306169539635,-1.9440260836331282,-0.0273513120081924,2.131914634169984,1.4211824405113864,1.9964890131177517,-2.0525174095677894,0.8174674090367534,-0.7296503853552639,2.149149207440025,1.5366226045102087,0.03197871550439758,-0.04911106838602135,0.01815166029104337,-0.2635230344418608,-0.024730567965292133,1.1490062859954184,-0.024688094697692717,-1.7470923957875768,-0.014457857736928453,-1.7422896556452976,-1.0898867249341304,0.5875729889870176,-0.80690042111325,2.6146639935232594,1.3515850340044644,-0.7217171442377271,2.0332799110403306,-0.6380465281101909,1.0876882565715267,0.10168711905657425,-1.4761282530079494,0.44402529428333193,1.0957874173193076,-0.7773252908941564,1.074354327916835,0.35181272690609,0.030666163175973114,1.767214063148313
TCGA-XF-AAMJ,0.4697157113674563,0.00778511530169826,0.22290567337121825,1.3339349243546095,1.2657235822563544,0.8235042914860098,0.00936159889924976,-0.009202821336337335,0.04654270103296851,1.1594966176348391,0.07220835857223168,-0.9605553420061843,-1.1823682655051098,1.7367220896714328,0.42185093379441496,-0.4056281927547125,0.3620181110527866,-0.9580822022903862,0.3764120612746336,1.4673284281538492,-0.04373733576728349,0.42500668307222533,0.6198997275544429,0.11789104271338845,0.3315144831514079,0.13825663307150088,0.14975085734466045,-1.202569679854053,0.5037992488147036,-0.4510556794338724,-0.10050561245516819,-0.8829258270025482,-0.400832441008545,1.377509233858885,2.634814196347429,-0.8509146013939952,-0.15434565113690263,0.7204092061948302,-0.335663781967918,-1.077821584652307,-0.1402922731019747,0.4102942283291802,-1.006580834768298,1.0129741816911533,0.20050011816349664,0.37532116093927903,1.3194166963740566,0.3171734465002057,1.4169724604235387,1.401641988353405
TCGA-XF-A9SZ,0.7025444481724734,0.16215771573503843,-1.048482206098342,0.7608658353559832,0.6698463168942748,0.26273537709406036,-0.03421647273199312,-0.13230903037525105,0.13133637883472335,1.0609555046403623,0.24853440613031055,0.0867992254449444,-0.2868645440664169,1.0102217366125246,0.1161862355826947,-0.08055654115225054,0.2407405610662398,-0.5157430814138546,1.408407758050442,-0.1160562469989498,-0.7111535030906736,0.622107162162108,0.0995254505556646,0.2774335908706913,0.41036128431013197,-0.9087886696897653,-0.46572067018267843,-0.4460865368474491,0.4866676073463365,-0.8077738394572633,0.4795420180838126,-0.38025591258274466,-0.5277508429283718,0.6785559752643066,-0.23969158397837406,0.17185598644199224,0.26145903240329593,0.7875549149124884,-0.28215678789681675,-0.1296231599726874,-0.6848939573159935,0.727360215227157,0.027149322982705452,-0.6422741689968108,0.39973294437537693,1.805009996606918,-0.4507478234222954,1.9458545964540483,-2.140000526102984,1.2349259911343313
TCGA-CF-A9FL,0.12413034088356799,-0.7562618376823153,0.6360359986822977,0.47877340858495815,0.17982308955962684,-0.9540949216640402,-0.3573656267085242,-0.50469658790248,1.1644330151225073,0.4492359783301355,-0.4629857927091551,-0.5852453290568079,-0.6321324981057043,0.532385337653519,-0.5924789849670583,-0.6683502930023406,-0.23385766730772575,-0.47201858748397896,0.5498042081775348,-0.5649804892707487,-0.6615592803726388,-0.254118009726944,-0.24520311556090446,-0.8375336313489761,-0.7563242350180717,-0.6542186017503772,-0.6908466539513306,-0.3597779761398857,-0.12006541774915794,-0.31753276933504304,-0.30300350188248715,-0.3361969001567623,-0.7692493654255452,0.17898914737777538,1.4594812053510544,-0.2475355115753025,-0.32424373426792713,-0.6428851193812092,-0.2866266184899717,-0.4583369483329056,0.5542157204713193,0.05265476047325959,-0.8236256693756352,0.8537271392948598,-0.7803379999578393,-0.9329182696908672,0.6663852289284281,-1.1875853590276562,0.03084930440067813,-0.5319246755332174
TCGA-ZF-A9RD,-0.6069351718871864,1.6337984806317452,0.4075883742358619,0.5400119817532125,0.9325244401890087,1.2061884965536784,1.4250531947021459,-0.38087139495164163,-0.6057339888783447,0.9770130046098923,1.7907057514599438,1.0791348844266553,0.6489412867245011,0.610381951683411,0.18066084921971637,1.2062859407547653,0.45980610508650593,0.7447320022913481,1.059729116222304,-0.03782493260009366,1.0772636455898847,0.7348209961828827,1.2038951228651318,1.3801096782818294,1.5783484401952756,1.4288439604905794,1.5203823904439837,2.545448308867755,1.1706941791897687,0.033816979473276755,1.3454126433625928,1.112714065575047,0.3499935544562713,0.3174863016936102,-0.2173763329230704,1.1751290854057694,2.00120171234633,0.5770766442254538,-0.666291411894709,0.024194783889806927,-0.11010096749559935,2.549604925094585,0.4104943215793478,0.05358933482556528,1.577155560746415,0.07872566470936897,0.042228364423747035,0.8297474770471439,0.30289552658118635,1.2818391510278049
TCGA-GD-A3OS,-2.074370449172042,-0.4196701293313278,-0.537329116200154,0.34268774583771067,1.0614279607562234,-0.4222978561112738,-0.3828379726225195,-1.1573722584560453,-0.8003265907879554,-0.12867710113466252,-0.27710602640212123,0.5332796783543493,0.5236171972968486,1.3339729029069731,-1.1751822729543244,-1.9536704525355872,-2.300043621809795,0.771562605600608,1.1375839189751402,2.313711193121127,-0.1671002919148516,1.0233284106233071,-0.9200645230091744,-0.17863151021429963,-0.47495859563615916,-0.3759037149085784,-0.4675542615956884,1.7404320943832887,-0.6085456669922821,1.4784739690592503,-0.2856266828869773,0.12191707699938582,0.02026725180932548,1.158331294392812,-0.6537055495902591,-1.745017928243838,-1.5570650630164473,1.68316195420257,-1.131343793719892,-3.330036084664128,0.24588961208279078,-1.1344360219141632,1.547926158857851,0.6945337018682499,-0.5885885500661299,0.5657391774906435,0.7768080452169325,0.593759170427048,0.5392295115303273,-1.3656775545746083
TCGA-K4-A54R,-0.313034992590036,0.8951246878837295,0.15653614567901977,0.5753778374730001,0.5270790511918343,1.3884730847491829,0.7738678322644162,-0.46022394454923965,1.0942436606291157,0.6887091817699111,0.86589341772903,0.29942932370614195,0.587684741524659,0.6600207303072748,-0.06369375281152727,0.7040507828245289,0.5919139323732798,0.4235570075284365,-0.11050952730331627,-1.0864717133495192,0.1547734919304822,0.5777100614428426,0.8813772413977434,0.46002371947445825,0.6515881438257837,1.0685975206540383,1.0874057860475719,-0.29597010491475345,0.10768545623374252,0.2146915299899451,0.7787398919232065,0.7020590922133895,0.39240937029233497,0.0833839686811446,-0.937488384270369,-0.1279556263526892,0.528824447942678,-0.503212440635374,-0.09155332078369705,0.8197590455320388,-0.001634456887854608,-0.5515161793379714,0.41154898329467543,-0.12111666139040624,0.521190210733527,1.4133735660362068,-0.6329143772014161,1.714260889442642,-0.9034886159306748,1.1321849821042274
TCGA-FT-A3EE,0.19711960907720222,-0.34910684602915776,1.478695293732541,0.6794400945154566,0.13564116153074202,-0.37899895203266865,-0.27070068625176147,0.8244822814244601,-0.7074972291825438,0.27715875002348184,-0.2877464025794954,-0.8311919857597594,-0.5628121707370173,0.1716921504021543,1.3477911716531408,0.7365308941308449,0.011712126293735284,-0.5014340457096657,0.7380711609188007,1.2208682571005787,0.46231662715620603,0.3449481802065432,-0.20230304053252635,-0.5447418500030082,0.2626164020190854,-1.0961595027581286,-0.946626643502108,-0.4338389806655503,0.6315903544815603,0.13752836860442788,0.5688958490287335,0.2242190608042911,0.8991311688225855,-0.620596701001985,0.9588811445271684,0.39454929795941696,1.1547234868179157,-0.18807683070757003,0.77983938444121,0.20695985421033877,1.1065103743260076,-0.5542376609047566,-0.5080202033563043,1.2014507208272882,0.4035060662300724,1.2523684900213956,0.44526182966448036,-0.3947887440052024,0.6474793163129033,-0.722890652637439
TCGA-FD-A43P,-0.7567738782604234,1.2130656267593902,-0.17113090575502865,-0.538704909563775,-0.6212941630897617,0.7031310518695008,0.04502084618110556,0.3950853230188644,0.7735253640164687,-0.34872934264104005,0.5114343289072217,0.1924607510112798,1.1238218032890226,-0.1195165326418361,-0.47565728625201426,-0.899352661618725,-0.7898077012139013,1.1545211835077318,-1.0343066154245129,-0.16193493095508302,-1.0523799363609556,-0.6606139717925734,0.5514724112679957,0.5093600560868731,0.45748419574931937,0.8067460828583547,1.026973415404876,0.264557711850965,0.09002204591727846,1.2924372031649607,0.889698612325611,0.5078814328229083,-0.041166834859524985,-0.809586526241942,-0.03840947663735163,-0.6362650526704671,-0.8148950871762161,0.08814113728122133,0.4341753874738233,0.8414912111389671,0.007809950010030685,0.052552798931877996,1.037372919506079,-0.9966990330463508,-0.019625598037086113,0.649885021145705,-0.3716396626450511,-0.13846179026053546,-0.3443526404706644,-0.5992804580221052
TCGA-XF-A9SJ,2.0844742972953463,0.7672143274783058,-0.4647639311135155,0.5099598062739917,1.1709324835421064,0.4120091421079578,0.520616148777325,1.308236652752335,2.284941097909016,0.8516370787676217,0.7823639940438278,1.429335017176318,0.3388074441614181,0.8336406306427495,0.6425181356047344,1.2620550300840125,1.4154898112616607,-0.06287365148466985,2.2253340310409353,0.39415999039415356,0.3797088683978807,0.7414610530823748,0.6291646423631867,0.7603817392161583,0.5564870247495047,0.5934482233399179,0.7466015592788308,-0.33786842328138256,0.7116320339427481,-0.4417968634470304,0.7903663408075935,0.017961848693559726,-0.05426394134507458,0.4503978971988784,-0.15389423615414388,1.296568579448288,1.5649221187112718,0.6579881081662354,1.0723679510988136,-0.22533384479598184,-0.911610589976611,0.6262297214719867,0.0823446730879551,-0.40243814363702535,0.29162382509297713,-0.14950969973915768,-0.527500267191306,0.6315095659429993,-0.3685362234604073,1.344896490312702
TCGA-K4-A5RH,-1.1590035106933412,2.0637157472781826,0.2910438781560732,0.5431765740740436,0.29275793750765305,-0.24405660169676036,1.3741232814266635,-0.7317579661819805,-1.2057581304201714,0.6593485049601927,1.4061472284523155,0.28481148036766174,0.8677838119437351,1.206069998898563,-1.784078054443286,-2.1753936645068297,-1.4439007848015704,0.8639759921167237,-0.5057331194838627,0.9843497752899799,-0.07818571320918394,0.5342393979299859,1.9968332397488673,1.6947004302669237,1.718405763638763,1.21583685941785,1.7210114851136264,-1.5191110883252004,1.1420522030920635,1.2902363481670125,0.37033871721687733,0.5833989043625873,-0.4965763350766114,0.410735379750894,-1.1934366328855057,-0.5919558999050908,-0.8832191567697226,1.5633427467399126,-1.29601268007437,0.04976716061279392,0.21322202324437703,0.28823666091174216,0.9450092838499621,0.5579720171707934,0.983050077449969,0.8417353465072689,1.053248405441403,1.296774558477974,0.6726362958647998,-0.5386744927263752
TCGA-R3-A69X,1.7410358299836985,0.5664429777166021,1.2614858532721007,0.7763684216998944,1.356234089255677,0.9538665375924192,0.5120247870645028,1.3796229978570094,1.4658697207804359,0.467405509704266,0.448967107024875,-1.0897063748127984,-0.2867288188307304,0.7609539859326122,1.5402267377203707,1.3223101133047688,0.5429564810410232,-0.028458019588805436,1.0756447179958113,0.5731428630032745,1.0642014607930044,0.1775387809912094,0.46661958339003173,0.9098122378388682,0.45444104472262464,-0.032068684390970194,0.17823101345162548,-0.39976045504442104,1.0348358343336206,0.7932037981357104,1.2079412290122138,-0.9610989237594122,-0.7573193596713439,1.3048753209802824,1.3085849123162145,-0.5669239652251344,0.3015533363460565,0.12063256473605394,1.079645566176792,1.7428712068814407,1.3640637706183478,1.0629911667091665,0.47448079656268005,0.2331665043865054,-0.16801632610410044,-0.6119738273851999,0.9699407305287118,0.8558531274825621,0.1469414785349584,1.1720782639318374
TCGA-UY-A78K,0.980177498474373,1.1249592418185503,0.13596511515575854,-0.9587906775946837,-0.9277220122688405,-0.6491430042422105,0.03411048643329561,1.0892156413457028,0.5673160961208293,-0.7102215024657225,0.31792088948639524,1.5708567428929796,0.8376712025361371,-0.6260776762533259,0.10073919723306891,0.5924807455307308,1.3229449789323557,0.7272822529678914,-0.6835455471561537,-0.6307549216583827,-0.05180815228364687,-1.268407679665232,0.64317471255864,0.31458057755613306,0.06354537952891469,0.4976265406538704,0.6339034308369084,-0.8369993601225156,0.018615370974803345,0.6816884586705223,0.4748747236036502,0.6556683661983885,-0.017688642917053046,-0.42775363549011836,-1.068936450485003,0.9832945546683924,-1.1765984461291457,0.052304765420178104,1.1461262226779227,0.6213008497722686,-0.5249471300419044,0.18733789972160228,1.181181653206329,-1.478996677947478,-0.6867767100736321,-0.6798589065732592,-0.5030349513109789,0.20140591948512745,-2.207459305540911,0.6794721919658666
TCGA-CU-A3QU,0.33411877527601663,-0.7901704658617754,1.2772802237619687,-1.5023616831331548,-1.7979585817152917,-0.8955814083018071,-0.97836449995319,2.1145439119808893,-5.6202397027384454e-05,-1.9489107652900872,-0.8881646767708272,0.18881887201001132,0.7918423656560231,-1.681917631120163,-0.36470878818924773,-0.16670599069382713,1.6321028095593875,0.34975125854618033,-0.19716535780224054,-1.3717932462234248,1.4650854840457097,-0.9576597369083727,-0.22591102026831655,-0.7509736166502142,-0.719857999378241,-1.0940340781480986,-0.9855256847216228,-1.8291366189338971,-1.1158457787679632,0.3688875974823776,0.01710927843393759,0.12500222769416455,0.16128887440859113,-1.6726706067117443,-2.0574407280785194,0.006640751189886631,-1.2545379961210446,-0.4113611517933083,1.6226197348079563,-0.41806558050482373,1.4394230645372774,-0.440704574109311,1.055849719775763,-1.1404604416448412,0.06715879056610498,0.32277951128939797,-0.8564896385352675,0.9226382023860089,-2.695052218999144,0.73255918268748
TCGA-FD-A3B8,-0.018871076918992747,2.347166663162627,1.3927673365966906,1.6838686091576958,2.082644952505675,1.2286118787961973,1.8561120453444109,-0.8767309411235364,-0.7703645042212437,1.855107165256871,2.3510510110807625,-1.8200338643516387,-0.14358126266771343,1.8406066939948382,-0.24583533178433478,0.028656379969790934,-0.9036368970738173,0.18693704612920573,-0.3159553287184199,0.9255484534105756,0.435822904124793,1.4913180525272784,2.409159702494278,2.8397057402376387,2.619026193029174,1.6310267159401293,2.125663553014493,-0.020558479250683437,2.3818058797233412,1.2780366970008472,0.52462501236012,-0.6758196676542965,-1.2788088765345904,1.736428014219759,0.17364501420168885,-1.5689572406326477,0.614592194482112,0.9512991851391112,-1.3754302219485173,2.1166196331939977,0.8787904115380603,0.6705363831944235,-0.03794688615597683,1.6425439233900658,2.0515784934968453,0.4042487332058844,2.3643179632042957,0.6201228226783276,1.0456786179012165,0.1065357739933914
TCGA-DK-A3IV,-1.8543321423549417,0.6853340297230366,0.8322132899799685,-1.9135625935397098,-0.8952949248579218,-0.5862007669335544,-0.2914196594720181,0.11132642683474206,-0.08433124354809095,-1.0454023625732751,0.23305248843809445,-0.6915419178343305,0.5375475239100125,-1.777524975089213,0.09843472677336751,0.39910458328781406,-0.8061878069140571,0.5564819289047841,-1.2291381700630402,-1.3941971504954227,0.8624650071723269,-1.3451501542831246,0.10574618671352454,0.34117543472795103,0.23598210514991597,1.6629030508101277,1.2816831008700098,0.009972588517261292,-0.20697360036291249,0.9623516306950219,-0.4176860656870012,-0.7631129863558678,-1.0461139913161963,-1.7658690465417561,-0.9741273498770958,-2.179594074149803,-0.5700274025585458,-0.7773008474325165,-0.2851372178787345,1.7668711360420035,1.294853534914099,-1.28236762246233,0.2165737888950039,-0.8425017616148803,-0.4391166938732307,-1.1778884970993708,-0.8055949416486087,-0.3591094078383024,-2.0805347382483044,-0.5959727790709883
TCGA-GU-A762,-0.5276809489359161,2.0066098777949843,-0.6740182965786214,0.938163784669201,0.75654700004124,1.0298959267635805,1.5119443403619535,-0.27870302056921054,-0.6031953121226721,1.4852645040788142,1.4637507250929394,1.5632751882819564,0.9064019245423732,0.8484439873951469,-0.9506110456152346,-0.41567507881695964,-0.6404690881434485,0.8208733256823461,-0.011880846250652171,0.5149571530391794,-0.5724548021772308,-0.5725131087538808,1.050280711619483,1.6904140741101585,1.519727486574615,1.881646969888717,1.8286508253072842,-0.6602058830115631,1.0685361380627885,0.6405248383757549,0.1397941478120612,0.7184861370787969,0.7817211276842225,-0.17541543039481466,-0.07510413973403048,0.4089894807033819,0.6157346669633149,0.9359580687898932,-1.318446696583769,0.7507682557941122,-1.236309820696722,1.2443279784480166,-0.3175741394854184,-0.33790276876112296,0.7727717248878799,0.47996296463512783,-0.06540377327765537,-0.6015862408961298,1.674502449879898,0.3866901643506567
TCGA-XF-AAMX,-0.04849501558212732,-0.9428861258227123,-1.1654143611603718,0.4106453170199488,-0.8931784361913104,-1.0188210150039176,-1.3160802468245845,-0.23797695904623947,0.25565846023658034,-0.5230244243390824,-1.2842629502995109,-0.11030100435054829,0.49721035999686464,-0.19967991482406583,-0.5083447947744023,-1.056949385785858,-0.935248188769078,0.1962014006319018,0.22412138372222937,-1.08084665086112,-1.0837127329684009,-1.6769354808085521,-1.5507853030358665,-1.1175129407768005,-0.9609552850495205,-1.3004987703519884,-1.2942022771226527,-1.1109380105724787,-1.3259794988149949,0.3295644100707664,-0.44642434034616385,-0.5263890353484738,0.13193489966985078,-0.281138935123784,0.6154391990503261,-0.5716136212773545,-1.179117286902624,-1.457987908913231,-0.976393004560784,-0.9142315575212285,0.20692415298033792,-1.3866611087460272,0.0034004974112771696,-2.0322723534070177,-1.4550723436725637,-0.2255132005628408,-0.8443861397001673,-2.6756004692678363,-1.3484381896141322,0.2702934973675649
TCGA-CF-A1HS,-1.8246222577649347,0.2627322009732657,0.44063495235925737,0.6841798565708237,0.27800289918101,0.6555202887557491,0.2813408266897431,-2.41919030531909,0.010921714971844727,-0.001390150562557315,0.30749234827553296,-0.16167141259620205,1.2780496322694577,0.39074581080062,0.8268435406137136,0.9688467997041443,-0.7827125701963992,1.3492390423390246,0.1560697964421716,1.5694617665452941,0.17329468392526792,1.1186009258613927,0.7901241531800433,0.4273569634436288,0.5144266775166174,0.5400694688805906,0.3526126738072276,1.3267660345490566,0.36881108949626734,1.8857721416459041,0.7497376716936687,1.1763188461335745,1.2360958251881253,-0.41460915456275976,-0.034234962946864615,-0.3882671991801829,1.1622641095960902,1.0099413727267794,-1.632783222947813,0.7185575611781296,0.28301321211954283,-0.6421628365927097,0.8361171736547393,1.6725376228860271,0.9285187259119145,1.000370529283272,0.20952246086399526,1.846573962266957,0.14654232365858183,-1.1325250288982835
TCGA-GU-A42R,-1.333425698074725,-1.3447255493474173,0.238678851449625,-0.6791327274194131,-0.9334177349288452,-0.48496138964260965,-1.7701147343159334,-1.785515063815798,-1.9207512412445875,-1.0443404284492754,-0.8824375295862119,-0.6714715843864394,-0.37053722499677827,-0.8030426002658613,0.14190303003627663,-0.4143562802501371,-2.0206921997647447,-0.2677567836757654,-0.8533051558976137,0.42622874414733203,-1.1083034648672647,-0.5266344023945044,-1.1389629806542183,-0.930229890726806,-1.1612161294276553,-0.8828555396557531,-1.0460891654405406,1.019069708821849,-0.7169227188950886,0.050306957780439046,-1.0964999308980878,-0.501689083171436,-0.971511368535394,-1.1878042602574714,0.7711198969930704,-0.9321367866110764,-1.207633990568407,-0.881270247362277,-1.4121243539812633,0.19233425437704404,0.8553292687272046,-1.334786620740093,-0.15807649650463376,0.7948814336205395,-1.1199612766400604,-0.6786406027889298,-0.23091043750835935,-1.9192339992922176,-0.5062672868419276,-1.3910353291771127
TCGA-YC-A8S6,0.5421642617081641,0.7708768755983887,1.0084913860797837,1.7364140549332212,1.6761298737419588,1.1094098222976279,1.6396788667911149,-0.3209223358168174,0.35690523136807845,1.56420899706812,1.0571641098077678,-1.0790308762046328,-1.067920372223149,1.2143681472375865,1.6344442780197543,1.7283274634762562,-0.08511808361984838,-0.8739657611712376,-0.4077582840136179,1.0734781041493364,1.1029970788099834,1.074083410018375,1.917636054268091,1.2887379561124668,1.5347477879484488,-0.5148355331378458,0.07359775917941302,0.36065149264139784,1.9004276185669189,-0.1472695592187496,-0.42807011811033063,-0.6966816143693463,-0.4324327313929675,1.2006846137101974,1.3903661711662574,-0.09348134482920714,1.7863924308645878,0.6901082748674758,-0.2979411413725924,0.5391817348076718,-0.5302906565788567,0.5852254925879604,-1.1912706374947797,1.998115068990847,2.1537968762840665,-0.4370190332283898,1.5519069012327131,1.8512905657266423,1.6440822814944476,0.8478681146018603
TCGA-ZF-AA4W,-1.0746843003008015,-0.4009004598689497,-0.2183388745534845,-0.15193765741578452,-0.5833558553644537,-1.4113147957489638,0.20213307402852607,-2.1560239707276168,-0.37489169221886287,-0.27404341637199003,-0.2360915443838778,1.6239835927128308,0.6085698279108346,-0.2340344647697738,0.1848240235512908,0.936764849378164,-0.966193200952934,0.828254992792154,1.3256117924343909,0.44172973847898656,-0.1925240279545357,0.8749599185318637,-0.32533189488975783,-0.08210878838283497,-0.032872250589024266,1.0933702595787742,0.6001075139256915,1.08278991112582,-0.828648320440771,-0.46906929454658514,0.04146943293542688,1.5759004065913536,2.0023489373430152,-0.31380931465932577,0.283387361193899,1.1200323531084573,1.2089915374344973,-0.16706907456699585,-0.9157949634673358,0.2522647457757786,-0.5010360186074693,0.21339148328015037,0.9659574363422537,-0.11278780742165642,0.47273167582760245,1.0225611416788758,-1.0422113716872516,1.029071121502588,-0.3445248639283569,-1.2571679172300674
TCGA-BT-A42E,-1.1016373468132423,1.477361212306,-0.0955745054589583,0.42370928202222935,0.3102420271977542,0.6509416617726417,1.5153966376851975,-1.9327089047474046,-0.26547415272787694,0.7184627989154732,1.1897655312979787,0.6315969068688989,0.7278195733253766,0.14471867418540538,-0.0028151713805338657,0.5916852196530493,-1.0885924699319554,0.9050956219845991,-0.16331438871802106,0.6935654526658603,-0.16875068613868496,0.5593321286635663,0.8160250989397629,1.422297254665076,1.4532194324117989,1.5482794075956952,1.4518460455887827,1.542707588856573,0.5019728973733578,0.27880097304275336,1.0463168954047097,0.7981714623259158,0.9735653429926475,-0.41107532050970835,-0.3588161901684196,-0.33544484800271573,1.3671423948231065,-0.5732848610563521,-1.4055707968143976,0.2978772127069454,0.261759482419888,-0.4401485143943905,0.2667519719870981,0.2656245225525667,1.8639804166485365,0.7834131180556793,-0.15331841731745774,1.0654027550805596,0.44644294358338293,-1.2338174982509804
TCGA-E7-A7PW,-0.2610851547382778,-1.0848078463503785,-2.183993904603382,-2.2270379065590062,-1.5736613444866956,-1.5204761476526816,-1.3918453460124895,0.06777856613660797,0.0431473812851217,-2.0284937967117114,-1.3577404751573754,1.3701920105176189,0.6531561312055693,-1.6201842804332909,-1.1803566103386216,-0.8562637810443092,0.7095720436928274,0.29400662005438294,0.07793082000509499,-1.756578215546645,-1.4932469417281007,-1.170572473581018,-1.0513711438724243,-1.3738947945674327,-1.3219949581420931,-0.713019368762848,-0.9067355091835905,0.018264444066757264,-1.52711830257566,-0.2833512052591431,-0.46205822042414507,0.30152622151470376,-0.16398488721257698,-0.8297415077273101,-0.8972079746648293,0.4840295220445992,-0.6220557311849753,0.2920839690108128,1.2986826644539464,-1.0162545451000555,-1.524179926691354,0.21431291392528284,0.8360752092060099,-2.0400280664992674,-1.2983240709517903,-0.35994095959690486,-1.754421692608561,-0.03176676636127444,-1.3717376498206977,0.844274343300446
TCGA-BT-A20U,0.061369537921848835,-0.14019340359642166,1.4543278129896242,0.5812810301216655,0.7133723014531617,0.8898413706222741,0.01109297747326541,0.1437392711547133,-0.2671399615456448,0.4957488833606685,0.4230037706380339,-0.6858819204537996,0.6722309313151624,0.44038505323896143,1.5668375975990882,1.2017004933773994,0.8839921720735177,0.8863872220106354,1.4179537418016774,0.708273217825528,1.322478150239707,0.14898372395564546,-0.14710464934311274,-0.2700350743039019,-0.05312566751884059,-0.2639326306304054,-0.15106926385351926,1.4502707103711652,0.15929765096602264,1.0903754340847378,1.2503521913081705,0.8689861263553247,0.6819958436671447,-0.2574569911292183,0.7542555840873749,0.08389968675230461,0.3801035588185253,-0.29723418625513154,0.5016652387210516,-0.1803932978329235,0.33737118268136557,1.4979807715873643,0.17269062103206373,0.2541912974772066,-0.13266844814721743,-0.01917506708432947,0.3473350526489975,-0.14373062618020893,0.623239537098798,1.1164544777130798
TCGA-GU-A764,-0.9437467781107749,0.9426842872873705,-0.35539108871767133,0.8295563378816472,1.4073310251273943,0.4114814977602409,0.9047323446353726,-1.1277603674306762,-1.0219643242348089,1.3993823263073009,0.6728071971193729,1.2936929339678138,0.709230286809753,1.071475930994217,0.8031139021126994,1.0470416730217635,-1.6420311238425112,0.38053736984511605,0.9185586086288476,0.6463017495546663,-0.37013902231832646,0.5544546928003178,0.9778500493818271,0.793620770439362,0.8500056130706274,0.3245555349112139,0.5926190739207567,1.588816842488429,0.8791372309523718,0.10805154699562404,0.6398075659238602,0.5642315335336009,-0.11740661753194954,0.9126391824593246,0.647079775783879,-0.5703946670093049,0.9075828313694333,-0.48718589000361284,-1.343193482290301,-0.11422804955072703,-1.188783194583495,0.11550623955740036,0.14017428707819046,-0.0002297480604610459,0.9530566269467776,-0.09043590331901441,-0.08874153997989799,0.8036385946508913,1.1869982532176242,-0.3166237649605683
TCGA-ZF-AA4R,-0.9061760457774052,-0.5836384147769779,0.015988071404184886,0.6385913022229077,1.0966086355635682,0.7032229884392105,0.05691912542747344,0.4873406200181444,0.5937440867890744,0.24840766608724563,-0.27880169857804094,0.0893096667594125,0.7758648306210565,1.2949629296306626,-0.0156370557025405,0.2033143278216768,-0.43762378386395556,0.7014497056104748,0.6038345778462245,0.5305306213153393,0.059826427335807474,0.32038222871010164,0.17654887698325475,-0.5909887491847008,-0.521842068636171,-0.16497290734621936,-0.3258445205096588,1.2678155277666405,0.1417665851929595,0.8042951281392907,0.22840917682344933,0.35316290653514315,-1.338421580348947,0.6485901435348856,-0.43196685787528616,-0.7911214730643555,0.03568643507079987,1.0980230700945504,0.6510778145966305,-0.4458482417399457,0.4847877269103937,-0.7395168410944427,0.9332018290546924,1.3640664011676937,-0.380745990640031,0.06555800271429867,0.6149032470297288,0.5171655051538703,0.2737345602412712,-0.5539946449655909
TCGA-CF-A8HX,-1.1322102890059842,-1.2473819135220636,-2.177438637997725,-0.7549992663354251,-1.053194628099882,-1.1625644203763283,-1.1573179289785236,0.025203557896419305,-1.3776116391974698,-0.32860671620714865,-1.5743912563353473,0.11486538873116539,-0.6207575146410058,-1.0441271522430453,-0.9393293199481156,-0.6453719018204546,-1.422860829743133,-0.6773080270119264,-1.6396558804553851,-1.0292173975817076,-1.0955017777883294,-1.120224242645908,-1.3584391791064703,-1.3839646509197034,-1.3617342403938346,-0.8048563905506888,-1.0786135638925733,0.7657536510149329,-1.3190611722364238,-0.7626513795940605,-2.235152266683991,-2.0901527851888293,-0.6952353373962593,-0.13779346639817033,0.13108579253369507,-1.6752222768479044,-0.1644886279841272,-1.4865083672547992,-0.2012404706933311,-1.1763740422767792,-2.678438662544873,-1.4772616319445082,-0.708258640618475,-0.06007511125944673,-1.366042340125582,-3.1139403431739194,-1.1184496241273947,-2.4480299862134585,-0.382945721288492,-0.501403275120733
TCGA-E5-A4U1,-0.5041116099122844,-1.7766353976653588,-2.2536968076087414,-1.6029975451470913,-2.2943935006710143,-1.3136814536991483,-2.5445912531614576,0.36352016308476987,-0.2488508817291731,-1.9981492446988234,-2.1719091826961177,0.6915446702636635,0.02254394130970124,-2.0565032731215522,-1.3109904706034128,-0.752590444195345,-0.05606904692029522,-0.13948781612343383,-2.0459315284469928,-1.2010043396996077,-2.4757459533176167,-2.597799971505567,-2.4546793212095994,-2.3813020007758,-2.2061199452832914,-1.4033454610234803,-1.7285130144546994,0.8179352316176963,-2.221544680899575,-1.3384177746066654,-2.2444376911209347,-0.28943343241130454,1.2535793449250336,-0.8154336305449562,-0.7871216556526255,0.421362854444987,-1.3274161414817502,0.28645026827442616,1.1107406894524414,-2.0084395068402694,-2.111464913770914,-0.8455263083699798,0.2643295568684838,-2.6710776343325895,-2.3362076368669507,-1.019969093080046,-2.607235828405558,-1.6186924328451493,-0.4157334074862026,-0.4040156703393235
TCGA-FD-A3SN,0.14091196347822338,0.005029475943327878,-0.43077530222866084,0.6907588775515502,0.7625544884609224,1.3321537961207963,0.6443394875151803,-0.13875040084637463,1.1364561006294052,0.3678155373869458,-0.05835432385207378,-0.03782706819924612,0.44158197284195533,0.6708630901942881,0.43111397652047934,0.12820655928120472,-0.7811665999175738,0.5321992991212704,0.4664374717723169,0.1747005571793765,-0.8066011279617088,0.2117162678969333,-0.11374303150178068,0.20001144546707292,0.23368769583352011,0.20368165126360846,0.16993865366607872,0.31421426629607435,-0.1417046595023934,0.7414244846368648,0.8163758629909847,0.25093368672910565,1.3244582834011185,0.35438172103191024,1.385892389658156,-0.38137994305988565,1.0408009058723242,-1.342057703183444,-0.47446351431763495,-0.31392825947977504,-0.5862465386159281,0.15764871813740947,0.38457073716668394,0.3680232826479103,0.23088492997842935,0.4923251300400358,0.04484833043114232,0.5235717203507335,0.08344360302690375,-0.20121569282756394
TCGA-4Z-AA86,-1.5585375429610568,1.6311096394320235,0.053455672987257986,1.3915383381586117,1.4013606005417123,1.2787528147681524,1.2914153659971936,-0.9789132763206597,-1.004290502193827,1.1628017173889955,1.4961613052405498,-0.25115433350415584,0.755327657028144,1.279674382008911,-0.006697512782265024,-0.3501720703033544,-1.1004455987336383,0.8770647366096981,0.22152565889344192,1.2906284736682434,0.29954996299966286,1.1038781083010571,1.6949918685985847,1.8193430783536386,1.7369330302320356,1.3110114448118677,1.5304981393672419,-0.6424092105060684,1.448356317012742,1.5826987359363716,0.5504909576241334,0.3178973594618497,-0.14041235188432605,0.12441417085363801,1.0505249053243915,-1.20989291477119,0.7514523428519447,0.333382303640586,-1.562523112461288,0.20025876721580882,0.4145073001692364,-0.7330180770188217,0.17438606540574533,1.1626490036141333,1.3715258514132764,0.8495019433188907,0.8317465820839285,0.8891015021376298,1.8180395247579724,-1.1647209612214977
TCGA-CF-A47V,-0.11851484248829111,-0.40293405727681536,-1.714183627854378,0.35128085686733596,-0.1958349079878742,-0.4022037176307649,-0.3059471764700539,-0.9683411455999894,-0.9479746658354181,-0.31233023496845336,-0.59534120489715,-0.7404028668254385,-1.7753320784595716,-0.4780488836222938,-0.38882190722071264,-0.31496232991468504,-1.632837726949547,-1.8916437527227628,-1.469982603228529,0.10571253096550787,-0.418335029774284,-0.26486204383983686,-0.5308938332976044,-0.3338925679887544,-0.47901698577745333,0.9769719314283207,0.4193710881680767,0.2590764196612439,-0.07863577469964798,-1.538651227578197,-2.7644165411935964,-2.764788594351008,-1.536341166153795,0.009249801755398282,1.0828211282123628,-1.593905287750531,0.7044672991301624,-0.7835471878931444,-0.9976399109199996,-0.8191400832780382,-2.082710090631682,-0.849363581757135,-1.8091422681520675,0.6487487267023553,-0.21291612097052717,-2.6902168408930867,-0.17907940159229874,-0.6624746808164024,0.24138755809796006,-0.669222384803197
TCGA-FD-A5BR,0.4292417923075407,0.4984965420744327,0.8195237152908852,0.47002730328343456,0.8047238013086722,1.1619597548268417,0.9391366540012858,-0.3911116566130194,0.2444435355906507,0.7893804213195981,0.4903957305182849,-0.6023564517602452,-0.8344655529027651,0.6324876958760027,1.1893094642790265,1.003636430180802,0.4292154421193025,-0.779628843278556,-0.12414487606072694,0.12187015384626529,0.07450750152571818,0.5828997103026073,0.8163953766158206,0.2646661607336297,0.5395246313619794,-0.3611270903506634,-0.03551811545621116,0.5366721766454198,0.9215433423727671,-0.7908912855256379,-0.05176944733414702,-0.5432990130398135,0.42079700140208304,0.6804346636374812,1.2919816613646893,-0.5418881810362653,0.562881497068717,-0.9313090198007047,-0.1205541746361099,0.4284278038279951,-0.11743361194877183,-0.29322779851740877,-1.0907803058462253,0.33568920908747685,0.9365911708274388,-0.06936673730253543,0.7910250718298912,0.5809815784990763,1.1344336474593066,0.8917097796529773
TCGA-GV-A3QF,1.0967551089825351,-1.09790890975433,-0.24885889657760346,-1.582678862247419,-1.3220886888241117,0.3915522043844153,-0.9180152689339856,2.935477943693877,1.8391756915305384,-1.168497835748793,-0.8785819910631575,-0.13110942323459351,0.29991093259459545,-1.3566709033189626,-0.6094945930535687,-0.5456502675764363,1.7078740762916202,0.18495480419950203,1.0930189917680517,-0.8484318265668606,1.2245546943912102,0.1664681291804898,-0.8955354821363752,-0.6287612460330557,-0.4653025904969169,-1.019048509016187,-1.3571960117236848,-1.1174765688253856,-0.9668130160300054,0.11377909181443509,0.8689844816555388,-0.06828404557771062,0.36954488798959456,-0.6028807266191862,0.29407970667594513,0.4903762679829242,0.3600847565171158,-1.0870942657041016,1.175525819931853,0.5916089232303444,0.25667129345909984,0.13888645128804888,0.914657977315138,-0.4629545671813198,-0.12444472874389662,0.7352549945501908,-1.0662114255827961,-0.15294573360739627,-0.6460304769868075,1.2614248981521168
TCGA-XF-AAN4,0.4820950178977897,1.4126204256713841,0.8394826080831587,1.4787558919810957,2.010766401461257,1.392849935676382,1.194819490805778,-0.4045450300271841,-1.9268041024195435,1.2068184108777509,1.4226251584586371,-1.343145852880054,-1.2403942327197095,1.591807011189351,-0.40314995811132603,-0.7560034630316175,-0.3838916136826153,-1.0106290019550055,-1.2481768372740494,1.8565434509743983,0.4264167875376432,1.488057933060309,1.6324918738412217,1.6763034028138692,1.6694796275324606,1.4183169022238762,1.6477812301340644,-0.833219198340589,1.7223137671385607,-0.08971359110086576,-0.6164964714114749,-0.6568123338913767,-1.72002479408805,2.750043029749617,-0.42167166618911456,-0.11653342891815492,-0.23843547426337483,1.1028867905220783,-2.0049051665499227,0.5963520091392834,0.43500029900657744,0.9892608897958931,-1.1050313739829956,1.246592995417599,1.3710832487235447,-0.06489213471310762,2.565901857889429,0.549123191848736,1.423645007145154,0.04671430198580999
TCGA-XF-A9ST,-0.087824273048923,-1.5062136701792046,-1.6425772102776919,-1.218620540178406,-0.915940707641652,-1.3351169478308178,-2.4919514096006106,-1.191130253038338,-0.39679724928689186,-2.1154673035059988,-1.864741956102469,1.8803101440260699,1.8874359114518615,-0.9768704500663289,-1.6883393285266746,-1.6246718896366847,-1.4560540563471038,1.8305579236925225,-0.07556588578655979,0.20278581492043818,-0.04645306004492349,-1.4274432048990824,-1.6559532087684423,-1.4651539294384575,-1.6197243378256412,-2.445724903695229,-2.3230348814329074,-1.3601829776991479,-1.9380740005017671,0.6981434201490528,1.0808869606653302,2.211752736372191,2.5208336427566986,-0.28713995850751045,-1.0543875096772535,1.044409799767452,-1.7806022680063358,-0.3961627082689995,-1.6810538245403828,-0.4509430800200005,-0.38933689988776055,-1.570439292327845,2.5861739545892015,-1.9489255982895233,-1.6813417087481044,2.9112324686392137,-1.7068737337853932,1.365415102209526,0.9862629063932312,-1.8882608121468707
TCGA-GV-A6ZA,0.1639036121061826,-0.21390787430856478,-1.1192252799359779,-1.2153432531478254,-1.1339387333102617,-0.7218606439678069,-1.342005075591232,0.21030725373374076,-0.02887696748393964,-1.3194002326429077,-0.7724526280239973,1.0455345143006352,0.8133642868041012,-1.347298361121414,-1.1010540208735555,-0.9056793162314977,0.6358867099205967,0.6602305474490139,-0.7228638351050489,-1.2425318564855385,-2.0301222545551267,-1.5660713013226162,-0.6525081031026436,-0.5319475715607844,-0.5893091466827572,0.48685663532050594,0.09658575751930973,-1.2927483335732313,-1.0318434083590338,-0.1514602090033966,0.012408882503997468,1.021663183484111,1.106779081731524,-1.3441168136229984,0.31566708048556336,1.266760749749939,-0.7144457853807216,-1.318332488473747,0.759362111667282,-0.018329051437856153,-1.2629199306190089,0.5640966287283575,0.06963553174057296,-1.6853598460460604,-0.812855918955597,-0.13516469719212112,-1.2215112810241684,-0.26624652680940136,-0.7914146940403534,0.163025046826733
TCGA-PQ-A6FN,0.10327050273434545,0.05359733073302503,-1.2287725428585599,0.580104278535763,0.5578316891943542,-0.49894544530963375,-0.12586075943213842,-1.379856709323633,-0.10565026195836204,0.4890783649403538,0.03459015332932326,1.892388722976451,0.8038969402804036,0.3305157974702262,-0.47272509096177323,0.5898149805036437,0.009870836675718449,0.5733922485422078,0.3888031003127796,-0.913345592862175,-0.638186282157344,-0.8303946509585456,-0.2184705509868568,-0.16508448416958374,0.07892979349001991,-0.32050398475528,-0.32262558991144724,1.3064792465713377,-0.305922329354097,-0.9657046841527213,0.28394345440979035,1.7128328830937576,2.173572073831389,0.39245923193230225,-0.4338502561695728,1.5349161224288237,0.5974656993765833,-1.0357891939617228,-0.1734080696056671,-1.5711066261514124,-1.4237015154672577,1.1045671267677106,0.20926671068625832,-1.2870013200262398,-0.05227782796111385,0.4332719922932201,-0.8164209602313384,0.7157214621970381,-0.02470706922077031,-0.18056386241319353
TCGA-XF-A9T6,-1.0636327771662726,-0.09752779896311184,-1.1064392658676852,-0.3117178383090428,0.15026482576448238,-0.44578205806553867,-0.0125226901790864,-0.550126612864442,-0.48496288106618674,-0.12272516677510961,-0.11873084727218526,2.3262806292224867,1.1997984476920192,-0.388754697069534,0.6829956656781069,1.1176026749722774,-0.07280924521058393,0.8876950500317774,0.7029979992933004,-0.32693765272975583,-1.2574498547076844,-0.19496884415449403,-0.2434893975592457,-0.18888526821562027,0.21616708875750726,0.6117254764162303,0.3723406615159338,0.26452747865671755,-0.25240612660746065,0.1602630155090659,0.6105136526188282,1.7507113950597715,2.065734759492492,-0.6977052741517745,-0.3426766865515061,0.548958546535898,0.32416940900837293,-0.5362054792229971,-0.7692999997262447,-1.4628715188947932,-1.4833923204124069,0.6157233190191062,0.12659756508237122,-1.1871698952181713,0.155739680886199,0.8817929058242762,-0.8889938070172153,-0.06426347195044098,-0.7772453947115485,-0.49498993252636403
TCGA-CF-A3MG,0.535425401690942,-1.5239396614923115,0.6274140564188657,-1.9154571368138176,-0.97867969013313,-0.6403732695360239,-0.7509713463164482,0.7180383643120358,1.3959932213666395,-1.1259979111952714,-1.3049259961689748,0.18116291200616313,0.325569377433595,-1.6262598347813695,0.997959992037366,1.3626872975713213,0.6964974243728297,0.4136102552107188,1.7560629002035746,-0.9256197022423762,1.3625381136782309,0.4173177882451874,-0.8261203970748244,-1.1738350851416077,-1.1602911356643386,-1.51091086360234,-1.500850928841626,-0.537046082124883,-0.7598408515777901,0.04772553410596596,0.7844077660454718,0.006700554902783294,0.14877789128473112,-0.7698966249963938,-0.05355886816790958,0.5098927950426753,0.7542961093811941,-0.6954517132919508,1.446784077466163,1.3899274473402843,0.5546940610693437,0.5944482524783092,0.6331285514989511,0.3044641266230272,-0.7454343882624221,-0.689611167575467,-0.20508866334990866,-0.41596636582388913,-0.20074773805342383,0.15706691620907093
TCGA-ZF-A9RE,-0.0796449161107808,-0.9584183428633484,0.8644560115125801,-1.3746360334009768,-0.7307970139559354,0.309296754241818,-0.729751323500994,-0.06796089956313785,0.6307938118159436,-1.1143673135027328,-0.5730443429648466,-0.8581173127584918,0.4870105690236024,-1.2141143515635417,0.6096517684963337,0.39072639326004205,1.0249377083793145,0.7344836511522901,1.4719611311036689,-0.12891752643423776,2.1732103596672987,0.8706402553774036,-0.7005578125256543,-0.6826514774207101,-0.38567986662196474,-0.25573953206772077,-0.38754943782352064,1.2608054903072774,-0.6860319320463233,0.8551511374639885,1.7009641818716352,0.42826264376923556,0.47454098598628375,-0.7982534445293801,-0.040006429442925255,0.5137776905156295,0.5664196076088861,-0.6620762540198124,0.8164595075062633,1.327560981743532,1.1415298374050735,1.6933116473440675,1.0646889960603996,0.15493889357001997,-0.36872287557678246,0.5447290039666332,-0.433370173439259,-1.2759468840804755,0.2528460247068102,-0.2251757486304627
TCGA-DK-A1A5,-0.44001885646855055,-0.03487446082477752,0.7222105512595596,0.857960394778236,0.8047964212307922,1.0847807614739189,0.24230372654501897,0.4398322616229227,-0.05737172123334816,0.42192529023172465,0.39364473718346676,-0.6937905686195928,0.5723143036519527,0.9721048023953439,0.5105995568971953,-0.2027243476508534,-0.2314076040348508,0.6054899254529992,0.7512030114444321,0.40557477105390854,-0.3502884870970402,0.2511148230571458,-0.004052391939411306,0.17283600009426736,-0.010886886345460863,0.18112565868874855,0.1526604237938098,-0.8409784582993172,0.23088655156685262,1.0650633381983885,0.5555326011442336,0.2938054825062529,-0.10488541355179537,0.46486942013977545,0.7280307619586037,-0.9668529198961401,0.0931489964861208,0.41705150539441904,0.5210585371760997,1.802035067470234,1.4082310719771547,-0.7812603644856219,-0.25265373227966903,0.8592301313454047,-0.22619849561659766,0.007961388529219595,0.8098596271873622,-0.6497739726652532,-0.19341906592982497,-0.55922177464394
TCGA-ZF-AA56,0.7645825856976269,0.4617597915383831,1.5097985642669398,0.884739233924882,0.9346170053819008,1.6157979136194593,1.0200444548681469,0.41620634802731915,1.27896441389222,1.1660371947729113,1.1349473075604213,-0.7770405936560887,0.16173930433499176,0.6441604732657693,1.8183751371835815,2.0791436743457408,1.9420405911743763,0.3855428051782956,2.213043231121196,0.5582684747766563,1.7041610454794134,1.4472786196225285,0.7104409538969342,0.8502802901539379,0.8961408408208807,0.8113516258097415,0.7639198088187314,1.3451878964172108,1.2255531960547654,0.5943084856193694,1.5407785143301582,0.2862996904949111,-0.0608151132219444,-0.001654666138119964,0.21489774332523595,-0.19799599121692374,0.8311609084424342,-0.06951745873824351,0.5009285809184763,1.0866530265525687,0.9407829397620774,2.003139111872005,0.04578192365513772,0.9827602342176109,0.7378443862674596,0.45713661222846025,0.61058157967078,0.4373797201458655,0.8646951479072085,1.8571498446355117
TCGA-GU-A767,1.33051986865507,-0.9828901891485806,-1.0728991381935542,-0.2972443877986199,-0.0262254022105545,0.29431696957467696,-0.2233430522494856,0.06406031278167422,1.4000112578495523,0.012194809856757173,-0.8726594067655643,0.6976616203795539,-0.05301605192977806,-0.12357208261061876,0.24155040952432558,0.6548403294172492,0.3700378557476454,-0.35201271324880024,-0.46816205698023217,-0.6532849149618312,-1.0124102069688536,-0.45162590100080807,-0.2630773267480785,-0.8148779302747198,-0.8040333120412012,-0.2794296124639377,-0.379964100657215,1.1322090541303356,-0.7362591595527367,-1.1813266029410143,-0.4246264866564655,0.2772287721791696,0.5978873282403394,1.4518926717742866,0.21419112968962872,1.2521449994338696,-0.3594961085768553,-0.026835830722761907,0.07327079504904095,-2.005570611911328,-2.2747917065053267,0.9539029068999175,0.19331209241644892,-0.6954236026697148,-0.33873188276507255,0.5882009293234759,-0.6725677196458063,1.6381991987475937,0.006927440643560342,0.8188774452272415
TCGA-GC-A3WC,-0.11444013768306344,1.1231535539940853,0.6576042375864863,0.03784872625391986,0.7289382131804288,1.0469638945323867,0.5450333915557933,-0.03226673037797092,-0.24810016067781773,0.10832103431331719,1.1164366655338083,-1.1175211477811482,0.38500416164304435,-0.021739504766729003,-0.3305446607514838,0.2691916341190143,1.2055186273044673,0.561724611769808,-0.5924709474113294,0.8028498956192218,1.3978885719199274,-0.13595050993352983,0.6742528357405699,0.9936651849542347,0.6821936055946032,1.2748344080751601,1.3697598383133356,0.9570343264515364,0.7983624029886538,0.42055934659231003,1.1659450269301619,0.34571344311303287,-0.022780351428933775,0.5516446945746684,-0.3810161986422229,-0.008576419254657462,0.5880303553672529,0.5117603559604523,-0.7341144185891195,0.913717489784418,0.2960632273653962,2.289148315229628,0.0756017099061176,-0.45205667850747566,0.5880100573596083,0.5641764027741507,0.17085683183677552,0.010174107390543571,0.6833010809349325,1.0482529588552627
TCGA-4Z-AA7N,0.025712459109365288,2.02032464877474,2.13729410934811,1.161625011218296,1.4518493186119545,1.1512476120059847,1.6613524800006036,0.00339105936873235,1.2168806800035137,0.7775880676020148,1.4713537729276434,-2.372165986577275,-1.5109118567317261,0.9952775387607418,1.7942244778439704,0.7469697785493886,-0.9674739581356495,-1.2664982062459047,-1.9962690434171544,1.220895716871088,0.21635652756436466,1.1161445007150954,2.489417708418487,1.3693894561808342,1.4463546359791608,-0.1171134528927542,0.7555611576700216,1.0945722536569187,1.8486724147803426,-0.09210680667243366,-0.256672894295682,-1.7011743580889402,-1.5239266271544258,1.0906762196858817,1.1083833136541923,-2.237469448999698,0.8675255715140949,0.058119006071653614,-0.2698821806472,1.2892528352479689,0.004696430731847466,-0.3886116897437665,-1.6578346528280545,1.6734761999493935,2.0667509393085406,-0.27947783878158033,1.5379049360373156,0.865109401012306,1.5066196867969774,0.1349638636689212
TCGA-H4-A2HO,1.7570128908272946,-0.21723516373940943,1.3817660796897855,0.3469575480309665,-0.9168120355775673,-1.121425846266878,-0.14737884802987924,3.024187491700739,0.22149565120380799,0.3368877420252974,-0.11622803923639664,-0.5921625520224155,-1.8270976370169585,-0.4230492486791508,0.008501415397411309,-0.05556176520026709,2.567720441759187,-2.0781235864492653,-0.6533625239580677,0.2151263795153495,0.3538357000491993,-0.2639580990676133,-0.05182103930463138,-0.40129496403214554,-0.5175317526631021,-0.7680995153444642,-0.7865018140623812,-1.862022811518512,0.017133801250654893,-1.5658066757837983,-1.385469197800693,-1.1523490845555049,-1.647278075528925,-0.36866419116180077,1.0946147748790516,1.1963542834803793,-0.3266614815185917,-0.0011956660120121378,2.1968506356731283,0.08226860314060645,1.2400308357345375,-0.2756418590010053,-1.1907772412513058,0.25428985561610346,-0.6710790923787225,-1.112708768742807,0.5371503260352335,0.04853625441137177,0.2911047820032182,1.7556724901715544
TCGA-XF-AAMZ,0.21512342171337784,-0.40753779139021906,0.2869041314066247,-0.5666074276989927,-0.6475024668312943,-0.28147329115178554,-0.9135734432394351,0.591043320832125,0.8599388135422373,-0.9644546594323369,-0.7780090530795978,1.1339590825869006,1.2379409263384138,-0.7157784522881796,-0.08062763380788432,0.5893048212301674,0.7295631484895045,1.161033011444304,-1.2151901968432264,-0.4142446801236466,-1.2423640260624473,-1.2114404025704022,-0.26125834794050073,-0.487972724020791,-0.7936219770271176,-1.4270483780884118,-1.1566152409736628,-0.90811054971796,-0.7612127375311232,0.6185935179475031,0.3051207894100491,1.3598778975239172,1.5386995762732356,-0.42453515784535606,-0.018289092303290604,1.2581608438099599,-0.7602595320010967,-0.24504563413928687,0.4952845082424457,0.5676540901447851,-0.8259968774379246,0.5945569483386385,0.0544592688225957,-0.7647158641100709,-0.47171030013962256,0.28425064343437534,-0.9800157124624087,0.7091568252280237,-0.9390354180749524,0.28439213127327656
TCGA-2F-A9KQ,0.9852849129654898,-1.19300483760172,0.5816860177910659,0.07505697936425976,-0.39408109735116015,-0.8174399922540443,-0.4585625109640534,1.2983130829529448,-0.020638524185327713,-0.30954672245843334,-0.980770176354935,-0.23357959167901512,-0.3801095258702236,-0.42351139676780336,0.42592472778572205,0.3762784244063693,-0.17617732220777144,-0.3710488117242663,1.5896603423275064,0.05012690763173932,0.7287276114767725,0.7294928484607677,-0.7308741623520902,-0.865517362517172,-0.9935354855436229,-1.297154616986049,-1.3267120275976583,-0.4017027575187541,-0.5107383618130242,-0.047958269901276517,-0.23483714613221335,-0.6556713109369597,-0.7550461813727445,-0.3481126444514056,0.23722605651349643,0.2971046128459714,0.9642074030070247,-0.5463372200524754,0.47817483269021194,0.38173571727433286,1.0860170018972402,-0.8061175467514422,-0.5647121618936927,0.7766021138670326,-0.7711970222400791,-0.6887235396013976,0.05886582904504336,-0.0014513648309469154,-0.07470236007771755,0.22037518044841456
TCGA-4Z-AA7M,-0.8039516511587382,-0.7697169601196236,-1.6040579332127096,-0.23205343061775677,-0.718799906820033,-1.0740829442650939,-1.0341922283626541,0.09191354672207863,-0.02738010542543152,-1.3145802232558648,-1.1074097857993024,-0.01940190726595894,0.7319175617228391,-0.29125232784017907,-1.788652741567844,-2.0460800182008563,-1.347421838388365,0.7980076430393481,-0.3907129993903487,-1.5552044731410548,-1.4451100777113293,-1.3623598846798457,-1.467815066872874,-1.2987143138417752,-1.073310783919918,-1.3175981834336838,-1.3107168230493775,-0.5914594263200148,-1.3123919009655103,0.9865819505752719,-0.13093328925144224,0.0811961755866154,-0.07194617400051671,-0.8116998572037881,-0.009681436242919816,-1.0918945768068768,-0.9977676800080575,-0.745710588604289,-0.2631220131492083,0.17320590113593415,1.0967775132433717,-0.33853679063809805,-0.049581134911089696,-1.2020061880220112,-1.5337361916182086,0.2632809903887905,-0.682291108253148,-1.7702852627844161,-0.935867956725532,-1.2405289229478706
TCGA-FD-A62O,0.3727161256410899,-0.9415461639347882,1.0907602201199986,0.7172823795011254,-0.48953243713987127,-0.9053559750531895,0.2216403323139924,0.6527150773904351,1.0011031702463014,-0.0018975106944856522,-0.8570782461127046,-0.6726699046618105,-0.45838421819602027,-0.0005340260969563598,0.32107218151974487,0.1727352677677847,0.4544523847645158,-0.4975145583490837,-0.6839388590452051,-0.23168425493397882,0.040673806031527725,-0.5489569270290494,-0.3695342489428502,-0.6004330722028595,-0.4724341043591828,-1.0698635699309627,-1.0398466822243182,-1.2297378279838784,-0.07661872699948687,-0.09649825781108302,-0.13344938753863173,-0.1283665590001578,0.5239221393763134,-0.39506486473983304,0.6721527418372872,-1.384829955951099,0.6348586327923607,-1.7408681407611535,1.1128383910770627,-1.1617415650029437,0.26606319301771186,-1.286223827002053,-0.7227400289952539,0.9000206312394238,-0.14333089415741831,-0.10547936208587413,0.41842060986552493,-0.2096140998605107,1.6132877241307386,0.9738321484920017
TCGA-FD-A3B5,-0.3558163212069967,-0.7412780023341254,0.1935150000069067,0.11916278186742342,0.6258435356518479,1.2513898325778048,0.5942336556910338,0.1875140256976636,1.2032689267601424,0.160759983936204,0.1891000829459471,-0.985473826112736,0.05448555503404337,0.6010527558189785,0.6138496960141377,0.6733140123163638,0.08047830549265542,0.5041861380422941,1.6151299472524363,0.6727563112057512,1.2154384866296177,1.4881134582502131,-0.33472941322378424,0.03457623557225548,0.06788557213069936,-0.08602208843730422,-0.257047187834411,1.7460159992746498,-0.2185297257453791,0.9295191024515177,0.577257158891186,-0.10806417624629913,-0.2000215770851257,0.002322163327605525,0.03760889988682411,-0.8663636682828345,0.8877514740574329,-0.45291180256493335,0.0542939742958262,0.9565960680626493,1.0298362604960245,0.01951810385684954,0.7763155470639103,0.3212431989711041,0.3752700544243025,0.07838578117675239,0.42528163498452964,-0.1882979764159013,0.044861865117681726,-0.42283205842174443
TCGA-ZF-A9RM,-0.6633675061027713,-1.3372358826932498,0.4964186402535322,-2.016778996609096,-1.9493207941383233,-0.8667879961914217,-1.7859061131594682,1.926416242286043,0.6788131849330846,-1.0905876060935449,-1.3018010075654016,-0.4968493659125531,0.8083680803668124,-2.0571310711543256,0.27061780145683484,0.15463585051051318,0.798529777672612,0.7659182824037248,-0.4224773818056085,-0.6255601948620366,0.8741268711752185,-1.2800934944330884,-1.1429031058605077,-1.5797745831433556,-1.3379316937002488,-1.0762813553057635,-1.2152686106222583,-0.9070857106091438,-1.3191041122201776,0.6789444083762178,-0.13093482644659893,0.19488756883323904,0.7720052520610059,-1.6618477826191111,-0.26439407159178285,-1.3035515013876937,-1.8642956283650673,-0.6776521582500858,1.3780386429241325,0.2123240624932283,0.5230514504115943,-1.004019606127535,1.1431061988221785,-0.4506465053629416,-1.4110026729703216,0.4560872413246106,-0.8791172146596848,-0.3506822203538089,-0.9708690175105675,0.7229039455891393
TCGA-FJ-A871,-1.3365549357364774,-1.0714790052374839,-2.022287283485716,-0.23272343743044893,-0.31982454352520273,-0.9497025539567074,-0.6133674023612679,-1.7895504216265874,-1.4218684838758753,-0.4416447025925107,-1.3495834722563844,2.5170270933370578,0.7922209812497154,0.8982598495971267,-2.3222031401072374,-2.7085387530546865,-1.4353227421167254,0.6121482840802638,0.27282018368562283,0.5149310019428086,-1.8655147219255699,0.08248299781688413,-0.6099303036621929,-1.291686445606471,-1.3331089227423547,-1.1927255188076298,-1.4305742043463627,-0.6260705866275371,-1.0269399277451896,-0.0863056524126844,-0.5036196321817764,1.6083690805710649,1.8232712070551191,0.4501249298905754,0.13258390908698153,1.0302595651056057,-1.1149661308593817,0.5817506269429332,-1.9367468348549473,-2.668791614823902,-1.9610601859661572,-0.6083905036027744,0.9174773394231094,0.03266344373798109,-0.9838020300609166,0.9258478695349517,-0.8312154135346552,0.04086749575457244,2.0651824998197337,-1.0086656411277233
TCGA-XF-AAMT,-0.838438845005152,0.4463355657801553,0.05194501672657911,1.232751643375371,1.390577766714732,0.89839167028291,0.5791272729784495,-0.47379274880549005,-0.3836284886142288,1.2782940651387629,0.8120085258546793,0.09198058256713368,-0.21019321803864846,1.5486984173455187,0.028561358591712112,-0.12113864132174966,-0.5635105945781739,0.005110195776552934,0.7430345910349497,1.1818285130678525,0.41811284221346173,0.9783953704227184,0.4795649314201997,0.663557054670942,0.6399752531209525,0.8066910286098693,0.653642879054476,0.4205552775077659,0.947741555335309,0.47233222650132617,-0.015539287608970795,-0.12266420505631531,-0.07463817299979945,0.7717631399970653,0.39038474128562844,-1.2908999394012257,0.2784195621918309,0.39365487472245053,-0.6576473256171419,0.18627250285376065,1.1437368487490323,-0.009766429682306189,-0.335927239797495,0.7930566868294112,0.41955939186177665,-0.0817112132752609,1.2876919226372372,-0.7989254982220909,1.2247802915536297,-0.3786895833988852
TCGA-FD-A6TD,0.06876046259522908,1.3095571640052404,-0.04613550012490691,1.2107749973431121,0.9063439991945927,1.4146872417333445,1.530260520408519,-0.837255351071558,0.8407184591165624,1.913069538527705,1.4150808632622456,1.3925454193335873,0.6563468117155967,1.1256050291316062,0.41156940226102096,1.1693143206826233,0.07174825452839953,0.6264138702182065,1.4719443775648595,0.19987307456042813,-0.1042736209910922,1.3569308961722848,1.2482779510696225,1.1334018436673277,1.310831807751096,1.2706432709551596,1.2686116738771045,-0.026014645331636256,1.4353685074615847,0.1542318254603362,1.0864106496475787,1.1911646769224415,1.123713386334347,-0.006179370393789626,0.4811414031250813,0.6003083097236137,1.4714372824879696,0.7992612846991652,-0.01424768782484976,0.3508808222873311,-0.4338621487331479,1.0922245919588016,-0.5776164528502372,0.11387725294062363,1.3265799394021134,1.0792796633946071,0.25789226441844515,1.341117657787479,0.9559205673116726,0.5557518681151419
TCGA-UY-A78L,0.1055476750795824,-0.11015559656240953,0.21828196483292653,0.3666005934863881,0.07967746469195874,1.4493360370825437,-0.10239099282925163,-0.5931340342100387,0.834501204265209,0.2927037861720625,0.1004572647333168,0.16879650147643183,0.949259120678053,0.5394038285830347,1.4640342948991603,0.6368846625921285,-0.5562109331213475,0.9550081244696729,1.9361668981232159,0.2303022499718701,1.0539430918739274,1.6492071788372078,-0.20668081678824218,0.22581105128787937,0.18216702993768585,-0.6332698785932703,-0.4457843061689872,-0.09580564109664416,0.004437324207284359,0.7761561642561353,1.0010805351190146,0.8472193303581841,0.2202374399764719,-0.17480688471322992,-0.32340829157517914,0.7383176312582271,-0.7532910255175456,0.7844360104340505,-0.5640083010031114,0.795488195428842,0.5135507999749696,-0.0029129509046768066,0.6260630323426246,0.43622059688824205,0.27208543976245186,1.2174255621312735,-0.1453313292093118,-0.2744037402819811,-1.337411446044764,-0.05014384575955855
TCGA-ZF-AA4V,0.03386180020197225,0.6255093179080643,-1.0088374056822007,0.43574695042980716,-0.34696856900141143,0.171815735199051,0.314456293707683,0.1967661848191677,0.22030425234506967,0.4012839182527679,0.9737843700846034,1.3798735112650475,1.0955614497395163,0.3437850347968929,1.5325615230763432,1.6632254952968584,-0.3324986052932158,0.7409255474471608,1.4423679406501753,-0.23743535559252,0.7176387585803222,0.5685534320113931,0.2537722346596801,0.4103820777726187,0.19933428532587558,0.4093328405468437,0.4815367313455731,0.20799297673829403,0.10021861679011172,0.2014836469992188,0.6403194544716537,1.5589614154371823,1.5000716566657695,-0.34426332618371003,-0.18828695425433647,1.0528630816441302,1.3446648139206485,0.3148863863503145,0.5885247813544864,0.040649219540856193,-0.28462314916739595,-0.5694489101570662,0.18722314686784375,-0.6027901552366755,0.407727836895444,0.9038300516205803,-0.6600784879708405,1.0541409900012848,-0.6599783981149876,-0.6415844279326128
TCGA-ZF-A9R7,-1.5079608612629034,1.1225957040300856,-1.8110215074421891,-0.977402746465364,-0.43264655200341356,0.19222490199105374,0.8514112171976527,0.10664792389568724,-0.8199394775138722,-0.3932406279289281,0.5316825717506064,-0.5672945020136294,-1.209443630781315,-1.2925976336503149,-0.2606458505102473,-0.41094120594299516,-1.101827082929246,-1.1539964772358884,-1.9634855832459213,-1.7242445675653846,-0.5224752164312547,-0.9621468639062517,-0.17421678344110722,0.8536911756712994,0.35671267631578074,1.4801050660330886,1.5474955233851508,0.6294487473914114,0.0009620071193678848,-1.216563707579076,-2.1483637795829034,-2.580615974862255,-2.0588337113968014,-0.766229246683179,0.2289010229534959,-2.5026007578422096,0.8804275354293262,-1.2415829963402238,-0.3284080894036533,0.34391583006483545,-1.7291672868398502,-1.9556886936659281,-1.2158774477826468,-0.8248301128284745,0.381843619908773,-2.560593140184149,-1.5094569682993624,-1.6464032423249708,-0.8657672035596234,-0.23315002914408417
TCGA-GV-A3QI,0.657874449295014,-1.7126364233255635,0.020650001394483208,-0.7701008528734449,-1.3761946998527592,-1.129778371323648,-1.5834856324978852,1.517613484568633,0.27169418891075164,-1.9389095807837784,-1.451593007268323,0.5553076691632768,1.607381413080678,-0.9165106234663014,-0.2692806492028164,0.1633175165749659,2.0361991694166286,1.2581368374423616,1.0625613618383727,0.13375818858692032,1.8429048224271996,0.12332909735263979,-0.9448565096730985,-1.4819049760419383,-1.353339680330924,-1.070814604484779,-1.4525278625740956,-0.8557544210732493,-1.25982110611834,1.106022530371962,0.7148471787632816,0.5350400815108984,-1.0054081514842788,-0.9914545265242573,-1.8676467240329016,0.6810877627582783,-0.8886679847583924,1.9868912135300065,1.5203257239946708,0.7462495374845883,1.127398931154974,-0.3152259850814494,2.159804632671479,-1.3627691159709039,-1.648573373493149,0.02352816886202345,-0.18978300776531465,1.035395338915364,-0.5750028132328896,0.08820812784407478
TCGA-XF-A8HH,0.744293561554863,-0.47485140590899044,-0.11330693236189358,0.27401237773092124,0.33923232706100315,0.14414858350220974,-0.461986910834161,0.244699572139898,0.3103391694847355,0.3372598545496788,-0.4383867606694035,-0.9572453234130985,-0.7962947127310476,0.6195671828800204,0.6564162561071328,-0.05626218810608304,-1.6275897003735486e-05,-0.78936464425581,-0.15363347730122587,-0.15174025210812955,-0.2006947636682646,-0.2926252679561487,-0.19201859926391315,-0.586176280200957,-0.4360127906360641,-0.5314249916697218,-0.43133135124503236,-0.0017779898043811747,-0.31203562522556516,-0.3294262291280559,-0.08878098091225661,-0.7875107135154031,-0.29907891382896207,1.0443771302353022,1.4950650205072364,-0.7625790568259524,-0.4114542359673182,-0.5006446796554185,0.7556074103828233,-0.2073807728610218,0.39326778778560756,-0.8290701535950415,-0.9129594739056905,-0.09455288058134576,-0.4985475665523827,1.0429141485494298,0.23876262331260073,-0.7676559681826465,-0.8072866315560493,0.12418276350187729
TCGA-GC-A3YS,-1.5209784412960161,0.24653746147121508,-0.258379410719086,1.0438364402420919,0.9908133497925701,0.6067662588805376,0.5039149005006903,-1.5301660614959272,-0.8502072495603723,0.8599690810238553,0.5041912737601523,0.8315991274644393,0.9672556833538017,1.2841549874388076,-0.4621825219089299,-0.09212398046736173,-0.7163127032280132,1.0711267662697561,0.12376362186865063,0.07418404407446481,-0.49125542989114845,0.44310431705608305,0.47929586473494407,0.3975655289634674,0.629041608568584,0.2637998589247243,0.15321255031916597,0.31443537996094106,0.40067700971212883,0.7271943315087529,0.45877451880340364,1.0546928419586423,0.3554789774037329,0.2048932603053155,0.7398140848312302,-0.5061330645545682,1.036565899515119,0.2990297115492299,-1.1958672772342824,0.13351566624676597,0.375242445700423,-0.30317517867629545,0.3011335811112064,1.1041940274554145,0.5904658853183469,0.5608971928836094,0.586723645409303,-0.059453151433220726,0.9429179190583867,-0.303556473229405
TCGA-CU-A5W6,1.8149582702780274,-0.5251277051544794,0.4047191613208886,0.046774714070198044,-0.9179826410192327,0.11439356163256013,0.1976072599751685,1.7644709899204134,2.412578374909557,-0.043293215857232045,0.0007729359841457548,0.1930951061033621,-0.16941286368105335,-0.6626472777945689,-0.07170511629184347,0.5734208195720534,1.3693576754480543,-0.24243059711613277,1.0947836238530557,-1.3917538748145146,0.7608414021215046,0.11504480003434381,-0.45966025519249465,-0.2505543375331903,-0.12245702080206664,0.15739513558042612,0.05756817142717362,0.13004937431552904,-0.15046804457736704,-0.9657463879526555,1.2388013760390615,0.028296947038794932,-0.12739152194768785,-0.20653730624608824,-0.08309742801042992,1.7164992602035647,0.363529011728208,-0.20802334212699275,1.4815772705739116,0.8817246801501276,0.9624979026223115,0.96334050896917,0.668505566925169,-0.6910224441044466,0.009504152910929762,1.2548744227632116,-0.743173275322557,1.0905856112138939,-0.8074055132893968,1.0110028969745086
TCGA-BL-A3JM,-0.5212073206267155,-0.62259629348551,-0.2852729749978362,0.1949693919215023,-0.5798939133036454,-1.8172308099350625,-1.010748998130691,-0.5922719360181247,-1.240920789772061,-1.2973235081434562,-0.9294856976968864,0.4765055992616597,1.6438964942726324,-0.16710726439404264,-1.0603089300094295,-1.6758399775500377,-0.6989085941444444,1.554329113680541,-1.175116910220214,2.088103182409661,-0.5705371591325007,-1.9910387245420813,-0.9261246850509565,-0.9728998065207694,-1.2161092375844778,-0.2935782211529096,-0.5289761265635275,-1.6540385968275222,-0.7834495666718339,1.5366000594127007,0.5549514171739842,1.5486603358438809,0.9341362517887634,-0.5261159512826894,-0.29956303564986914,0.22884256051491697,-2.370398345523344,0.3517753906199603,-1.2469768108543386,-0.3730375391158535,-0.16798492510477964,-1.336175619170393,1.5329464604576286,-0.3391372241424918,-1.8448639530698494,1.3478693432620128,-0.6670259622888564,-0.6341876883464268,3.0422881559347683,-1.1889392255139097
TCGA-E5-A2PC,0.38032787837540294,-0.03129538551215285,0.1409753135410315,-0.9105378373956036,-0.5904881764592259,-0.48728184168164257,-0.6466283654271622,0.8720906014811726,1.0067474006859651,-0.664570043292986,0.04568265349316355,0.43456060963162846,0.3270742843950649,-1.0322024693402911,-0.35111078662587947,-0.06839784957086725,1.03506963650053,0.5105696917390948,0.2741224887373863,-1.5965068192304093,0.5468482001598535,-0.9184276635798477,-0.8204294008673161,-0.025453201384577774,-0.29201145031255527,0.7591623428085976,0.4958728533655854,-0.43584356038584693,-0.6768171273231868,-0.3050457689844591,0.973254287070846,0.43214477620198405,0.01797539343037655,-0.9632025699472541,0.6563862930995945,0.127591126505038,-0.08355299376466939,-1.6610505889567664,1.3468265056201882,0.23590693998282483,0.7002939101071347,2.6552907838506754,-0.35574116314865395,-0.5058577286984106,-0.5524560628225504,-0.914637905168551,-0.9571760684656949,-0.7095712970915948,-0.5689173854575709,0.674011347926447
TCGA-FD-A5C0,0.3001224938549799,-0.395602665510579,0.5481097022362237,-0.4249737021606228,0.06941156491646065,0.8297530846111871,0.15719217160828933,-0.37272643893175234,-0.17787433607806147,-0.1657061688254981,-0.2588796310790861,-0.49585682824137095,0.7863647564689155,0.09462025733254473,0.3522235346487126,0.8171837451216635,-0.5727477035199823,0.6719126935079568,-0.004214707735483504,-1.0195473819969898,0.046253971459751374,0.02517999055930888,-0.20321297489310125,-0.33246005274466184,-0.28946908885453937,-0.7374863227666703,-0.5781756501120201,0.03770796294806028,-0.2361064752635274,0.7276900364960557,-0.14198105263728836,0.15508536965416814,-0.17347701465517842,0.6619529379351126,-0.5079794313641427,-0.9036173095940401,0.8426203617625491,-0.5309042216305931,0.03191440922522503,2.079522956225153,0.8329664675633544,-0.9417149744896722,-0.028680338739341265,-0.07177006665061905,0.14348750253160483,0.302224338855678,-0.24857870848821687,0.9052887682601625,-0.7329482484971336,-0.28577503398044296
TCGA-CF-A9FF,1.1931837411715125,-0.18738304111403245,0.23401656464788845,0.39590938307620566,-0.3262510107794966,-0.21526231683605956,0.32209654563966345,0.7979749673980657,2.1802781428315603,-0.27971680675432514,-0.484576521956648,-0.31232645171713186,-0.4748274438201967,-0.15620963366170154,-0.009259517881801035,0.46131616663135017,0.9719460842709938,-0.484178546534543,0.8701578369632235,-0.2075622134158099,-0.14602481261714376,0.7065879687033132,0.24456850561136928,-0.09237431709416564,-0.5823703821692063,-0.061326513927605374,-0.14775641953811416,-0.41751016848206524,0.04156945075604556,-0.6764767447361317,0.3787530489113515,-0.8894709951469046,0.02873604240418838,0.34712257416819703,1.0394210144624438,0.8496558530492306,0.6740177144753221,-1.3318747547951177,1.4913448632817305,0.5546738918190368,-0.8386037910037877,0.22235643001429617,-0.5064870967401142,0.2873868259276108,0.005540608724806385,-0.6769099552022236,0.21617197450643325,0.4130623680501204,0.22260899258119163,1.0829540523552121
TCGA-FD-A62P,0.7379094093848654,0.6265573983420717,-0.7687184501983069,0.6445615285497125,0.856692288411369,1.041065099298561,0.2716528164229734,-0.0996463865888851,0.5570014565351623,0.9945340144314619,0.7544328741821124,0.4207377937041433,0.25913395634506275,0.5927298624025118,0.690748181981634,0.5833428318840317,-0.9830125088204753,0.24356659223172225,0.13638069661913269,-0.9768554857584484,0.07588171817644884,-0.16419494108761168,0.4702071347745611,0.5654857761163121,0.6310665057189716,-0.39474654062203174,0.19342237274308743,0.7877445264787876,0.553799573902839,0.12221845012540575,0.5283128635792659,0.38466052264914896,0.566616973855614,0.7608548776801302,0.5971491374453078,0.28567288740616653,0.8818582600988798,0.20183555302513362,-0.27460062814022473,0.15948074278460866,-0.22723655045946123,0.22697186624422572,0.2544309910678948,-0.6347706051232426,0.5702708131152762,1.2824152455920899,-0.34502361381833896,1.2174182799271613,-0.5388907090661017,-0.22847197544144565
TCGA-G2-A3IB,-1.515481620205524,-0.6760055517306764,1.4120492046564161,-0.5774582624591338,0.42423271960979236,1.1271867680745806,-0.13736384822090927,0.2749924848410131,1.7372627445167637,-0.454648894595283,0.13459649112200678,-0.5151135335885186,0.38403598491710095,-0.24441798771959317,0.9079406278266443,1.178270743908465,0.2758927785134157,0.7271506777815093,1.125037237189932,0.5651058870815845,1.4350035184737202,0.6353870503472598,0.00027728838149580364,-0.08198346390490813,-0.050359498999631824,0.013018055740673563,-0.08743345435251505,2.9430490656170085,-0.41738207938353095,0.7490312814552064,1.4259837852175994,0.38039330232338214,0.43489884841719634,-0.29527909833498744,0.750539017409269,-1.1110420132593488,1.2685738861374807,-0.8081341878161695,0.22218644315280545,-0.4189325674338691,-0.02111849456339813,1.2468911921068835,0.5272543210941194,0.7495490124810252,0.286559040950287,-0.1277524512170073,-0.16909269021802523,-0.08836627306613348,0.9793347232087832,1.0740029898918928
TCGA-XF-AAME,0.9725296832831236,1.6369230023687777,1.4544121913677275,1.8006915480788654,2.2286260026688502,1.7817405212087398,1.6011032934702065,-0.154898116012362,-0.037238064474149915,1.7307645670412588,1.6743609268185646,-1.1017396140109257,-0.5082982363100016,1.7472903403614766,0.975402470790449,1.649788235526755,0.40101818043037735,-0.3513944630470983,-0.39098595126887015,1.4905540706255807,0.9819095014602167,1.5836359842616972,2.0697298756000597,1.5920292422478186,1.6481737162955707,0.08247374542691525,0.6925877985503882,1.4219356922939388,2.3122907646763022,0.17912636044227476,0.5903375177211722,-0.13688411543236667,-0.8811699373800699,2.0234997284349596,0.2252151359644129,-0.3811740095673028,1.12071975678429,0.9747770766264386,-0.8318536811938823,0.7755684793600593,0.3558665322845087,1.5737331482310246,-0.37939130201666343,0.9521346128442412,1.422177970311143,0.5784259774781332,1.7687112688214062,1.8441224072182416,0.9398371463826815,1.7427892272909484
TCGA-FD-A43N,0.5490278492841041,-0.29535419494731874,-0.20027872584225884,0.9231626831744599,-0.07291814737365974,0.207772264219413,0.47638995060340505,0.8727006537812321,0.9865107852290022,0.3295346840729497,-0.022383089732558866,-0.8772463764217723,-0.8481709905806459,0.5030415808348082,0.6960897631537508,-0.010377239267363654,0.3434113427728508,-0.68906129405179,0.6465517623951327,0.21624144989080527,-0.4567336403191579,0.8786706240107297,0.2548474608623142,-0.19802310948325053,0.18682261344994733,0.17648457615546612,0.10993325926169818,0.36157541923317726,0.44523617955550737,-0.10862659921165811,0.03425531419806248,-0.7139449750915137,-0.17509404895466224,0.2643350376576428,1.3405105594129152,-0.3697391637304804,0.38573484093878635,-0.978441762554616,1.1213103523590464,-0.4197660950822032,-0.20047479009522784,-0.6589215029947778,-0.6524448735183681,0.3974245976673262,0.7074886278020217,0.5243083611106868,-0.23644325521745152,0.182183652221512,0.24683268221343913,0.7666430223120158
TCGA-GC-A3BM,-0.32206775502194396,-0.42980864739774244,0.10844867358363518,-0.9281265072256524,-0.6295548201213187,-0.9162009229624571,-0.29731999536893056,-0.8176117280912729,-0.17978175349019476,-0.6064340178407723,-0.33586122789553075,-0.56506019718475,-0.18300727857256005,-0.8055215536770766,0.7472163797300491,-0.08159046603883358,-0.7089958999259037,-0.12118043437552097,-0.7172826277991753,0.07342246195187538,0.33214860912187616,-0.37760547399259453,-0.6092220540013841,-0.18961029616497815,-0.5513342299637984,0.08021648853467656,0.013290755643779814,0.4637439531537269,-0.7349718412457252,-0.19864723073194973,-0.29109823209000685,0.29383605280630426,0.8905519607676876,-1.1570607381883207,0.4931869829866779,-1.1124720124346792,-0.22731126903988333,-0.9831439799196009,-0.6856397392327321,-0.014545550106652165,0.7941842835774663,-0.6310081615082528,-0.17892988516290964,0.9277215049447244,-0.14285443573160528,-0.2645019720818535,0.10695304709219683,-0.25145945463659597,0.11699174824404203,-0.631224931397531
TCGA-E7-A4IJ,0.43083332804154867,0.027988318679194376,-0.6341452600507331,-1.2103951121662522,-1.0253298009248026,-1.1176043828073172,-0.7843823463456607,0.3952712720467426,-0.7343644610217338,-0.9182032073718611,-0.397183910765696,0.1426402081485621,0.12037966839681262,-1.1825270159773285,-0.8170927739998949,-0.37281720285099296,1.3117076723680663,0.023930401434773145,-0.27931057776926177,-0.8182076712842994,-0.24252771175697654,-1.2367407355314048,-0.5733059870576498,-0.23769232535308643,-0.29440928264599525,0.692248645235214,0.24835333297857276,-1.0368540884301578,-0.7440064672611076,-0.10739511686969898,-0.46349570229396353,-0.12850466899103266,0.33239183158236163,-0.8863903896073148,-1.192428645158569,0.20627527576026172,-1.0219642545123466,-0.5946509579606131,1.0445271980485826,0.09337065974961066,0.08120617677036997,0.7294272300280912,0.1631256011176992,-1.1187867862834278,-0.6278737322194541,0.38860467381552194,-1.077405761813795,-0.17097774782871328,-1.671236959104501,0.22387722354164483
TCGA-FD-A43Y,-0.37701087457026516,0.20245686634252455,0.08749349993985606,1.1032328777958056,0.5571217900496679,1.298083560189062,0.4259385998145554,-0.34907716931224986,-0.19492235130955596,1.1767187457411803,0.8967881430511474,0.4630763453158166,-0.10814976387466457,1.1770972419564651,-0.027560400539397612,0.5024563716576407,-0.8110261185369879,-0.15820399793446777,1.0725599695678458,0.20431723136843197,0.060675197219859686,1.0491328685356878,-0.06193743398096976,0.7433283076475203,0.6438211062631772,1.1398392939442046,0.8078335835870217,0.586829578411001,0.4722960375947447,-0.4439626843823144,0.7153690384422315,-0.008607985853677017,0.009180094398182681,-0.016540071781334594,0.21624759894248544,-0.2729061102842854,1.2510745571411668,1.43674581733511,-0.8348664346729834,-0.4790897109977401,0.088544672928078,1.20112794202718,-0.2946152501934627,0.23051953052740604,0.34395776770109615,0.36473808556022974,0.2778399391058054,0.023542505775793216,0.34010997204220556,-0.09486881786065317
TCGA-GV-A3JV,0.44015879253210627,0.23705226119864492,0.7975355463652976,0.2664711164026987,0.06588604876236198,0.33962848210630747,0.5530078591548178,1.6207288830374296,0.7632679582589553,0.4103265196171062,0.026457925673136765,-0.08475126889223915,-0.18238225857308488,0.26301252968738004,0.6572586809887901,0.31330324731487635,0.13565998806023707,-0.1846214988808512,-0.7099240037322824,0.5105092586243483,0.3374275716772121,0.027324328094230646,0.47172457509636323,0.18520601716948856,0.15697157286796737,-0.5711733709642515,-0.3423999856689801,-1.2979055035436753,0.19511478850699976,-0.1445524499645961,-0.7759468127880306,-0.30626010553039,0.02175912753418018,0.24538714347157264,1.7919168149053422,0.11692892533993614,0.6203409608394884,-0.4292556400623703,1.2353081135297659,0.08653796932117594,0.5261605901912095,-0.4116106606176136,-0.680881095273911,0.4193664183191164,0.2831837663128376,-0.47344817377659093,0.4627304894621281,0.5654764615856314,2.2877218930764713,0.41241225114680174
TCGA-FD-A3SL,0.666851765552147,0.012288437715653893,1.1229435024060508,1.2364871725399733,1.1708352265879087,1.114309930341444,0.9302426689904703,0.3124436827885778,1.5362438574734787,1.017569710067406,0.5917920920756671,-1.3677103855201307,-0.49900084890673563,1.3440836522087753,1.3748323081800748,0.91902476469797,0.4159496321757551,-0.48121208204946,0.19419022452690352,0.7816270645123558,0.6156462146021691,0.5260279115615026,0.8654082856770478,0.2580103022476626,0.4175902615105966,-0.3436926891618589,0.15186799043651358,-0.30259955536133326,0.8253893991218922,-0.10074917712055119,-0.07025714540914924,-0.7384947697165761,-1.6153914468461679,1.7182729834961898,0.5070854549522198,-0.4109478086820219,-0.5729140067355922,0.27290652595831427,0.5646576134032827,-0.44212705444846456,0.14293984080629205,-0.083437228458458,-0.17381482992024197,1.4704239097555323,0.45944551814427903,0.07497654233232921,1.9016102717246113,1.2152307998053622,-0.36930494491445903,1.1739911883254146
TCGA-XF-AAMG,-0.08597419656123513,-0.758484702010904,-0.9709341348877276,0.9822552989565004,-0.3058397401467656,-1.2255279699527692,-0.6949826589500422,-0.1548018755868228,-1.14495651141425,-0.3166293470296186,-0.6584120484161246,0.6924824763005821,1.337865643440123,0.2358565770252529,-1.308047241715479,-1.5688950290630843,0.23560446949861455,1.2280465773441531,0.04188278572998124,0.4696941794429237,-0.45824949454089187,-0.021077467422591322,-0.9552049188535312,-0.5044851483704885,-0.8035212754313823,-1.6414119249357166,-1.4848989430099122,-1.1481847441943402,-0.8264244747364959,1.3447989960547364,0.19758732169328344,1.1633346842115975,0.7681123484780864,-0.33470650145741154,0.5958920000416615,0.39051236045660004,-1.9756315131131639,0.2918758960973851,-0.3387060117960546,-1.4565202654590312,-0.20445128777451407,-0.6635117198033456,1.6896997946084975,-0.19964757272439332,-0.7901545972875457,0.053694663108932894,-0.22866965757781754,-0.3138732218996505,-0.02647499325738158,-0.20738966762859676
TCGA-E7-A6ME,-0.5883976457078817,-0.3952507639834782,-0.7894496753232353,-1.0223742536001417,-1.244195868776692,-1.7528224755186828,-0.8421195634583719,0.7838354646627997,-0.4581967414657302,-1.3390789852479754,-0.3944985640812071,0.8101821736963816,0.8114918215904136,-0.9037610304695264,-0.7921863190068831,0.19886852860513907,0.26528513598934433,0.5675131857643269,-0.8698654338212506,0.34228014384997457,-0.262660780994423,-1.437517642836531,-0.5790879432095997,-0.7693002716768369,-0.7849805185809301,0.8418301654148502,0.3822593888159665,-0.07682463021214918,-0.4269486597458411,0.19715067743397774,-0.47424450907329396,0.47344313039189734,-0.2947697160603451,-0.8877188666124302,-1.4109566210896276,0.013907582112944574,-1.5617780546235194,5.95753782759859,1.9278693299714182,-0.9374779576240075,0.03162378800995551,-0.1109084602411785,1.9232172512226775,-1.0614316212783506,-0.7760980882156873,0.17005612814399299,-0.20469475284954988,1.146175753970413,-1.9478405586659413,-0.16295252325099055
TCGA-BT-A20R,2.179266401568105,0.02744260290440103,1.5442465713779834,1.1232847095647973,0.5192346771404271,1.1464710311370587,0.415901628412101,0.8112403074931364,0.7081524993985754,1.281195606774809,0.7703317115389327,-0.6198474148856038,0.012737980827515878,1.404785180498339,0.762168522153888,0.07891079351131416,0.7762552742700171,-0.13796406554520943,1.4678836799596513,0.6309478754772014,0.6508384258846271,1.2216242557410966,0.783844491768981,-0.012468182155004058,0.46703558193489203,0.06039472220186756,0.2595032597999382,0.2429071656563736,1.1074929984701198,0.23837341902291845,0.5411018036041446,-0.023109512480028092,-1.0150308235543093,0.5554072157310241,-0.6111829396641211,0.15869775636323183,-0.5010864917034625,0.7169688521603554,0.5142026983224209,-1.1878637394653706,1.0158722295431717,-0.009247813416459822,0.35588386461266575,0.46339717519386653,0.5483762727353992,0.462639522912906,1.2308315473055047,0.7704423714323262,-1.2878256733682567,0.9739635591335567
TCGA-UY-A8OD,1.1642664225077566,0.12090664419925225,0.4326965458946312,0.8692305291337523,0.862041167137109,0.5053774337168027,0.24499656765033556,0.5759478220729637,1.1276349327812016,1.126913975946116,0.3306495672718986,0.05211688179070707,-0.8408737024502776,1.0428605053249629,-0.3445236523600265,-0.14064528486363906,0.49937688350309006,-0.6594525399315195,0.6486524891554947,0.11916290588661378,-0.150788375272542,0.7457272183233807,0.7402926328533656,0.08776479962556966,0.0051524954367324375,-0.7505190655328885,-0.4016126856666905,-0.43917877343471706,0.6077718159659065,-0.6719877150440147,-0.12170848933080244,-0.5218509577778409,-0.7625374266660786,1.630549683806052,0.0368429813894578,0.44403561454986845,-0.4827483212039434,-0.2561919830718404,-0.04006911334912565,-1.0424451911921295,-0.2722903659207461,-0.3897559879501123,-0.38382413741766513,1.4369680612002416,0.17098855875371383,-1.0467040101448155,1.292119613790025,0.33717732379253557,-0.10536516325618618,0.6225118211116998
TCGA-FD-A6TH,0.5452405659356669,-0.16454436244812667,0.02469637046614698,0.7632512853226409,0.6440802358610922,0.33960796995845166,0.11303294813955556,0.4323250146305251,1.2115635940361453,0.6267568495188754,0.2544333867021455,0.36497623958416503,1.1228959076793246,0.6342627551948706,1.1202575146602116,0.508726740448179,-0.38167583393478915,1.0992999812950093,1.5839335613005425,1.9111808485360875,-0.0805991882941671,0.9700332379245608,-0.04780505296558582,-0.03692769590013867,-0.04823756473518791,0.1944578294870097,0.0730767138964635,0.2771506604784493,-0.33724829857100275,1.4887461748163688,1.1854485368257903,0.5517385915074542,0.19210763775077022,0.5083264798152438,-0.9270556645432791,-0.37180317451223727,-0.2812927785685863,0.2564136376285648,-0.4284352279368495,0.5641918865287961,0.3834297039551802,0.8169032425105949,0.6669684625886897,0.6325959309966368,0.15918783853503796,1.5150936770337362,0.4942574829002484,0.7418519858703305,1.2001938534258096,-0.6314138637845733
TCGA-2F-A9KR,0.06906387123809729,-0.8226644601730696,-0.1671194217276253,-0.7021670286636047,-0.28288664240900546,0.23768712784394738,-0.6803387437956113,-0.6180030707696762,0.3172967594149687,-1.1031063432946946,-0.7484457871076166,-0.9913914530419738,-0.5341552527801531,-0.6762379502694873,-0.1399723856791057,-0.1523572347221232,0.2846120964327779,-0.33518259534488365,0.10716048264333264,-0.13981917472768243,-1.6655959562191145,0.3527645351058334,-1.6272177121415885,-0.6032354299998283,-0.9691801125846914,-0.15196706788580813,-0.3867988900920881,2.0239466526442107,-0.9160962933007128,-0.7809695552429213,-0.5246438610523351,-0.5115163468793383,-0.8611042237191302,0.008872582077455768,0.5844167785548081,-0.1803749108781476,0.20816752073226458,-0.8328271359581972,0.47688618945314015,0.43678043371245967,-0.043297789343333906,0.7297036163932618,-0.6839264302758616,0.13196475196775823,-0.5641105683271302,-0.6467145568066006,-0.4278281145466896,-0.7192605406360021,-0.8722519210535857,-0.32788965032156286
TCGA-BT-A20O,0.2832515833387201,2.7530145740208565,0.7250488734438683,0.6657057788048738,-0.007303652853452575,0.06269752360850317,1.3571319790357619,0.685688863262403,-0.957042049887585,0.7818865250857694,2.0439863094117436,-0.29961717578159286,0.6817666360595012,1.1209133479466222,-2.628548591666182,-2.339947321989941,0.058831872399530444,0.8803070233461773,-0.6779181673254231,1.0607322712433245,0.7546980751656865,-0.23653409689325347,2.044124942557179,2.286818532017601,2.1489344554036833,1.6358310326341217,2.1154483571026077,-1.9662479407464937,1.5575125313797504,1.4067257583257806,1.8013763611228473,0.6921274668806623,0.2009351529585334,-0.38858045328847246,-1.3876218650749856,-0.695903544909628,-0.7634946562245075,0.37563793814205837,-0.5071323537594873,2.1819859744456904,0.9115511338382478,2.9439119367955637,0.8103001211506967,-0.11868498133770373,1.022312159748539,1.1487732919081792,1.0189857019978512,0.1574913665826964,-0.35598949550527614,1.2027121139311845
TCGA-LT-A5Z6,0.3163800120601908,-0.6675931655421519,-0.3782746162414632,-2.5420863463252545,-1.623320970244449,-1.0458398052070426,-1.6824705318240838,1.4613398633476782,-0.44477075324898907,-1.6626522327025421,-1.036333149342236,0.3581756475177168,0.9670684574905678,-1.8950832296802138,-0.3350012842381296,0.42577471355624075,0.7789403091117869,0.7017719670435135,-0.920217985751082,-1.4843971626891788,0.3880308567212358,-1.2966385561515141,-1.333453822835433,-0.8981761581382529,-1.2790088803469666,-1.2607676574802753,-1.1821705886742047,-0.21580872189316297,-1.4979724590255505,0.5695791605209862,-0.05626290302975529,-0.3852669503020247,-0.9767716125620095,-1.2400973008803118,-2.3144237429405154,0.4858763916747343,-1.3024326719528192,0.5798134220330629,1.1129413870898202,-0.6064087561132925,0.16460646499996023,-1.4973574698577026,0.3770073898651934,-2.12221997877339,-1.7224120374214302,-1.092670501172418,-1.398378844002652,-0.03235678011534418,-2.8294404213302444,0.3728590675961892
TCGA-ZF-A9RC,-0.1892402411092919,-0.9969314318610735,-0.996385756501483,0.7339858021849189,0.32152710408431345,-0.11059240556376686,-0.31207420416577547,-0.15860109382518145,-0.5769229478732516,0.23422139682137733,-0.8842013579210936,-0.30506498307144647,-0.2628508808258804,0.8073265243868274,-0.11296659346213324,-0.5714742936073952,-1.1282086112177234,-0.15137835469591077,-0.3765298017301885,-0.10084177531261213,-1.9456767958787111,-0.24563601888865452,-0.656372399367605,-0.6395209914803517,-1.0755990741446477,-1.4242950831360262,-1.3041632879615248,0.3383365593523634,-0.13103721042902122,0.23855925241632595,-1.0698781842176115,-0.8396484549169909,-0.5231962668564794,1.1500434653725995,0.9181995811095687,-1.1263649253841732,-0.681697619871082,0.4306114626292614,-0.01669530968544972,-1.3721459479899216,-1.264954952245223,-0.9689538502999743,0.3102930628465483,0.19238615990600838,-0.8843896416435968,-0.5928506710155869,-0.049666408266513314,0.09128565410670768,0.0976401849353784,0.29178972669033126
TCGA-BT-A20N,0.5301769460139473,-0.7663615323599837,1.1910155125642896,-0.05215109593439772,-0.515493973386871,-0.4607658069360166,-0.8758136033121118,0.36353873850008833,1.1542144850196725,-0.9776003567607532,-0.8965481964498098,-0.014747613649447806,1.0458098519427586,0.027917132507963717,0.02406226059825962,-0.44948633834217055,0.8776713763492474,1.113762465050517,1.2513686669837454,-0.5798532939614853,1.3011149637430748,0.28317094076100546,-0.47998156984033125,-0.5875204945319306,-0.5260021442202186,-1.560559538489603,-1.2318075262517245,0.016328425036757493,-0.7599574192573386,1.1274298653300252,1.6761130010336687,1.0349959105822197,1.1953229355829074,-0.7522549154867921,0.4339598932721179,-0.20838191958268443,-1.2777023063221007,-0.8459626967050372,1.3840117780725796,0.5820700972811265,1.5791491006203324,-0.0962820542909073,1.688342180038413,-0.4362335870959652,-0.5843401664008345,0.8612951576114651,0.056894956997073864,0.17774322549651736,-0.6265589800254074,-0.3178012271217434
TCGA-DK-A3WX,-1.8565352322456103,0.8193411966845224,0.27071899930826754,1.386374201979321,0.8114715043297136,0.46648010778835775,0.6075299528680279,-1.238273165214492,-2.033909747151518,0.9532726930957258,1.085105536968617,-0.3681776661569459,0.7469240038933355,1.0285002856836842,-0.01760884930312705,0.25478746954473647,-1.0750599696652552,0.9788127126966749,-0.04623508100045035,0.9913813229806689,-0.16621391321119872,-0.25825083482628935,0.7032005753090177,1.4501741780826451,1.3067108699958945,0.3665868407957042,0.5960368575545023,-0.2473610566216004,0.6685186635995899,1.3226726262454078,0.3423196572585676,0.7861936311146139,0.8246814571613408,-0.6785892000641363,0.197906288008069,-1.5403628325550713,0.041324705561453345,0.24885928200204616,-1.7945278936185227,1.0202298153459326,0.48423260201897367,-0.30662935771070476,0.26510257120429503,1.2871419576794771,0.8560411410925424,-0.22989536180010395,0.005729070746389041,-0.8165947836721532,0.4555187209634495,-0.7445064008326325
TCGA-CU-A0YN,-2.5816106342320126,0.5577981445667329,0.36545677876414473,0.9504712253663128,0.7966677004983255,0.6828686832599615,0.7141792211728554,-0.7765124849065298,-0.32773342017626655,0.5521111864493096,0.6494124620117994,-0.4441594833767417,0.9588632210377572,0.6463777019440837,0.3983308473044017,0.015354462105806299,-1.5468878451562662,1.2022232197272118,0.2149177756781971,0.9543485338988573,1.1126697946262196,0.9366974640181533,0.920089157368006,0.7150731195727101,1.0697704111779531,0.07545477150769808,0.06709772398814927,0.9896164118351001,1.1165700596138153,1.7081325768858135,0.6656062484353157,0.43840658636650714,-0.18526267129106344,-0.5654113242121788,0.2347511039697591,-2.171940547161388,0.45512633921240686,0.03460089956451795,-1.246402699689182,0.4437536733548225,0.6099768697933212,-0.8764657786070846,0.643987772578608,1.6223898379350299,0.9189024896860563,0.2112766324605453,0.44357423768516846,0.07403799543567348,0.4035428493315968,-1.2384577970059945
TCGA-CF-A9FH,-0.16110878919240956,-0.9206109422958216,-0.3638869994991834,-1.4179024026165916,-1.4001619544936243,-0.7982477920941616,-0.7469955060745113,0.11247532954006863,0.8858485053139723,-0.563726706460828,-0.7666445172892776,0.013108398827575335,-0.4008283739158723,-1.612145834038837,-0.3725043604141335,-0.13939234767348654,0.04683778554174214,-0.41401986166238264,0.3603351396841013,-1.010414772857731,-0.5029277855811631,0.30561243956528794,-0.8859738637145189,-0.7542313588804821,-0.9304815845202543,2.0586780949831147,0.9169268005055919,-0.9851068740312939,-0.8919840793856623,-0.9472660418638031,0.10634379636776174,-0.2681305301291398,-0.25466654787148607,-1.1812326326802787,-0.6045583543248154,0.35518641509662324,0.3593873424759264,-1.0344669982642767,0.5224310612417731,0.19518004558657936,-0.9363012480448508,-0.5837140117124424,-0.21827866320472136,-0.5317519221333898,-0.8667436296506292,-0.9783172995556163,-1.0590028669242817,-1.605543874080106,-0.8497467262227308,0.10943768097886716
TCGA-FD-A3SP,-0.7671249605824154,1.3802297695748416,0.07444563755559817,1.5145968610150733,1.8180783660796127,1.3276823629830037,1.1779298480824842,0.2083347302434417,-0.7378656865531316,1.3490720965128031,1.4264132823858042,-1.1859095896790652,-0.13363745989909429,1.9257493993128376,-0.04021404347833248,-1.0549260341719626,-0.9916004957480314,-0.025361076773828702,0.5757326280048235,2.1972430470837225,0.00480905792998718,1.6453062383182073,1.3700766874077401,1.5910380783135305,1.6288240885813625,0.5530312746794631,0.9741051515338106,-1.0909012204301565,1.6509948688328127,1.2247790306393167,-0.14430385060988302,-0.7651097218531275,-1.0699593102576495,1.022084646719261,2.3575091337421235,-1.9661404572359116,-0.3656888684173576,0.8780417701951148,-1.4421977976332885,0.002104706290157658,0.7026732568439993,-0.38777210355837444,-0.27844272755422267,1.277819270299491,1.198647833380808,-0.17211691078913163,1.6869618976779337,-0.6169625225513572,1.50668074207518,-0.3973082817706345
TCGA-GU-AATP,-0.2426979698951332,-0.0003250476606092607,-0.6482349558924001,0.45779290572292264,0.5031825194329819,0.08025814974420421,-0.07994509477297819,-0.048822834763794884,1.3676171013995364,0.9519141075428029,0.5366846175316096,-0.4348209601857954,-0.4976613465265768,1.1555334787746727,-0.4804965184161967,-0.3311939553191609,-0.6671452107748572,-0.5087194710998566,0.35743258776388587,-0.029664618352783077,-1.6887698884387679,0.5524276007785962,0.20212110896576418,-0.010145253801018555,0.14090249241285369,1.5470012996218248,0.873859010223607,-0.8732709228583525,-0.019177481106980174,-0.4656504032531842,0.1692015773918176,-0.9827957532021504,-1.1282291352890017,0.45717558569618133,0.20161303944892897,-0.340243927168804,-0.623758310447913,0.2684037826788062,-0.12157907802403536,-0.6233968773495383,-0.3384418765687666,-0.6152181927561391,0.13104090178683267,0.21801362209630243,-0.1967481779331712,0.9683327737589934,0.1679958925068699,0.7470762218328697,-1.0426672073670176,0.33795258948331686
TCGA-FD-A5BT,-0.32879745545802125,1.8978201343874326,-1.5662435881587595,0.9407852268759519,1.4668592994961431,1.1736071543718105,0.5554754141053639,-1.0351136460493473,0.5130875695669866,1.1129513737996326,1.224309541816857,1.153235450349893,-0.5809136599530017,1.7469985501265302,-0.9402337543352839,-0.3323383993598361,-1.1636567813278844,-0.8152274967038684,0.5016637865659886,0.46927144255823905,-2.3622643289522496,1.3637747023895381,1.1933874257929564,1.454961905111768,1.3935704838028968,1.0843136257453747,1.4051837820287438,0.6387675910526996,1.0294206530458376,-2.038810815952358,-0.7522900364512002,-0.7831201760277704,0.15738977103125487,1.473760429714678,0.021420594603933193,0.16410064744475575,0.2168826207113768,0.9153890045987543,-2.223889301950064,-1.7733056027034306,-2.6815165041993008,0.6593581962032571,-0.6806959330728403,-0.5465189462895588,1.025544333437914,0.1238806315890624,0.059603951604358156,1.1335345346497856,-0.5355929787143411,0.20564055467757533
TCGA-CF-A3MI,0.13252778498671416,-0.4089776045252153,-1.1790877477331692,0.01747001627585824,-0.422753203512763,-1.2466696734225837,-0.295665515340197,-1.9536585146009064,0.2525597917335203,-0.37565556062622707,-0.6559266334332651,-0.16909655195006976,-0.9203062404948313,-0.7755190557450403,0.018922055891897507,0.14605844060219125,-0.675439650976608,-0.8690778618036659,-1.520752560420196,-0.8131225596612262,-0.9413518552923974,-0.8514580705266418,-0.5039516728797454,-0.5261251806831234,-0.6127821378183939,-0.6855191841800395,-0.5930629803454717,-0.3083319137152397,-0.451236861757025,-1.0554150722104407,-0.8842712693158642,-0.8876537880125684,0.43872936307969124,-0.12273314854740643,1.1528780237203065,0.7232003150061903,0.6728636223251852,-0.10232069820621517,-0.2655618246305464,-0.2514660321980742,-1.762459261092403,0.0920231495047582,-1.3836906896941663,-0.2907923616531013,-0.019348421852637188,-0.5567624539886421,-0.6591730501161686,-0.056025862482745714,0.28035280556667624,-0.2872292983073232
TCGA-LT-A8JT,-0.42897916335600894,-0.5008468240753543,0.14643017114887064,-0.8880504566888423,-1.1062407785484518,-1.0270643477061712,-0.5199826900101309,-0.12128846383099244,-1.9536383007131797,-0.18678625620064127,-0.4300926679669684,-0.8615560562362337,-1.1420290273272753,-1.0790501051219352,-0.0923872704437703,-0.65449483355064,-0.4625756568299868,-1.3228907620321384,-0.7269183342082617,-1.5400099298197358,-0.3529507797685434,-0.5560150905408817,-0.44834979324983176,-0.5312439467541643,-0.7849023478620636,-0.48972371418125554,-0.513214408076124,-1.1008692596682792,-0.42965092939380445,-0.9405314317240064,-1.489911603151022,-0.44732365294660453,0.10981289000210269,-0.8736236269535823,0.6598638848351444,-0.10089507513725923,0.060206414679374876,-1.4909178967589316,-0.12219443933430013,-0.7109589872914259,0.5495229719799883,-0.8157560331525547,-1.1836685222349768,1.1087325269385078,-0.46796888386805413,-0.6216995561304243,-0.29781702299105384,-0.686178673456938,0.1187923315112363,-0.05859665515087979
TCGA-CF-A47T,0.008484675051855496,-1.4352308923230737,-0.780138406307535,-0.8205993448549411,-0.8854326404423911,-1.3078009493441654,-0.8466673506566647,-0.583616948608425,-0.6809821083850858,-0.621914097364255,-1.354221152257359,1.0623786546813292,0.022362508634655817,-0.6236494650980935,-0.15541216739599395,0.5508140467102071,0.6844436434101188,-0.030396932795661795,-0.2112647559550868,-0.9692903029202599,-1.6026476050277285,-1.157906916037351,-1.23618540742509,-1.7101405961634901,-1.5822155750861029,-1.331564860455702,-1.5292719278596671,-0.18382671185882854,-1.2419909338524378,-0.8107887093591206,-0.6205684778202335,0.642056195295205,1.5462308739312907,-0.3735994859739956,0.03843638589468585,1.2762884983494784,-0.704475509194585,-0.6803090237794491,0.1324929237899198,-1.5791267868183685,-2.126801593488727,-0.18766943785117168,-0.113439520800925,-0.666919617581535,-1.2112269264937583,-0.8996386582609355,-1.0060815808705237,-1.0755246071611702,0.4263218846387698,0.37610928436473096
TCGA-FJ-A3Z9,-0.2471038570099136,-1.3261884193525457,-0.6173874348715235,-0.798912838765753,-0.9801478999469587,-1.1466088979709488,-0.7018743844255909,0.6774488350701775,0.9974527889255873,-0.6379862582468194,-1.33362229576607,-0.10632315061350354,-0.16930889304712238,-1.148588655574814,0.08642777408179578,0.21579377877749395,0.6221431793357524,-0.028648597631030087,0.22731998707802292,-0.8209091243391601,-1.4137744164220423,-0.355823340140648,-1.081051505047591,-1.4533383270601872,-1.2094739730608814,-1.0638824388431165,-1.3122375616747584,-0.3097826552463194,-1.2499890220406835,-0.17598205499212868,-0.4161968554808529,-0.15001582281944764,0.40196805034103356,-0.8360973417674474,1.388421424044976,-0.23280770609167992,-0.4595439058103858,-1.2930313613536057,1.120426474500149,-0.18510556181974056,-0.4356251277109878,-0.2181425579767253,-0.5323150977828969,0.03536300102722342,-0.9598667702458606,-1.6025872097176013,-0.6976409131475646,-1.3854045852900467,0.2663567252885096,0.04209780556379085
TCGA-DK-A6AW,1.636737590627573,-0.5262509822056969,-0.262585082162836,-0.026926434018354133,-0.22446788916743707,-0.08885513568520806,0.0638439395716907,-0.08358525240845308,0.8224862344970548,0.18902921339325346,-0.3707134127711748,0.3618330647210004,-1.043294482603408,-0.48872921394057783,0.09746121361536815,0.3723642427689065,0.5733673637589932,-1.0764615771627524,-0.48915446397780943,-1.1713075034363958,1.3722367132891073,0.7420452694709887,-0.47743432862151547,-0.36084162873296577,-0.44521562482943666,-0.26235911830477093,-0.49140938923471983,0.572359384574125,-0.49856877286907547,-1.1478859868934874,-1.7866148427931756,-0.9351410438558946,-0.5586574014667702,-0.08500850840228978,-0.5302738598599765,1.86620745961968,0.4357382589886655,-0.019545649573683873,-0.6724903235249358,-2.92839211085383,-0.5043458709697174,1.4011160659369641,-0.08212540513624364,0.3831779243601145,0.42373904216828223,-0.9696241190767956,0.25214594266331314,0.4771067589055862,0.4319566795403081,1.2810263992321604
TCGA-E7-A97P,-0.49073694958519254,1.6080392975837305,0.9052187836543798,0.862146941329183,1.2963869251316373,1.6621712486399016,1.6887176643212196,-0.510804493278885,0.3652875649131115,1.4835141718918075,1.7256241872432758,-0.2629869577460975,0.2918956163488889,0.9034269862096526,0.8732775406747285,1.315251292987095,-0.28622210713305496,0.5379001264723302,1.0060343875967837,0.4725155784185263,0.11018154480090933,0.8370047291412293,1.0700235139121157,1.520399702069064,1.4738615593851505,1.849233551933061,1.849766689933358,0.937547871927969,1.374034987966745,0.7755689925643661,0.7404669565851794,0.676106503027519,-0.10379866296100453,0.49810269164797394,0.3200453189338583,0.013729238429718871,0.9603801328694989,-0.10933661869392404,0.2632300618188577,1.1228652832873212,0.9689911042382152,0.8113992695915115,0.02413356329250644,0.8211502249674345,1.1877045383621623,0.08957456053046169,0.7363064856912913,0.399924275430683,0.8233179611415403,-0.05543953803054802
TCGA-E7-A6MF,-1.127345839694771,-1.0274035487892221,0.8767974005086429,-1.479150855050243,-0.33785794028682675,-0.30490701446662377,-1.1607680092219494,0.3797389192080909,-3.421193566410006,-1.2583669026522466,-1.3662930793038108,-2.082446546512346,-2.3805014448796586,-1.745211703573173,0.32659415856585966,-0.4890868078500719,-0.6346617695869463,-2.30446337317605,-2.658053750723475,0.26805188681842695,1.4273991800213526,-1.511318574212009,-1.1985609848294774,-1.3370468734812764,-0.8386392665017274,-0.7134428583932048,-0.9618850115259315,1.2083338376891506,-0.49453338241420036,-0.9548588359794759,-3.4680740289173313,-2.4480321179966773,-1.959431864753955,-1.214873446570984,0.9487956303613274,-1.182097305035616,0.7904908471495125,1.9998487653915558,0.2592819206546108,0.08879665458690146,0.34239700808170137,-1.039080359758826,-1.0499302048301535,0.6355393660046877,-1.2551246637997664,-3.0529193523456484,-0.127116240732287,-3.3700897382166426,1.6778257142499557,-1.9338240944000888
TCGA-S5-AA26,-0.5685384655004994,-1.3820188060315066,-1.0422426358978871,-1.2608511413149734,-0.8252011852617851,-1.2821273194354081,-0.5355582055719307,0.09353462812123617,0.487602235300547,-0.946506014045542,-1.6024552975691062,0.157395425891523,0.16190042612544228,-1.0568303343803727,-0.5527580105922671,0.1548841895947594,0.41113722887205784,0.32742794365797895,-0.8322225761894453,-0.5667160723603836,-1.0818538212196858,-0.14835372124260546,-1.3769296189200682,-1.420814963180229,-1.4248622470054713,-1.3287761597713328,-1.4306856478724732,0.6687565041585234,-1.079924556156816,-0.011532865401346225,-0.8489192397782469,-0.6457654852402531,-0.1707349395230137,-0.4714486538405402,0.22383196594338156,0.3358840629545134,0.3503899572766202,-1.4736739217113033,0.6861630538823913,-0.9832991746552248,-1.3780652011043264,-0.8304863671213657,-0.25536752894265735,-0.1994367777578843,-0.8633991699633281,-1.6441040696383369,-0.6618922785652791,-1.6366904519322596,-0.21711444408268027,0.08142564088472333
TCGA-ZF-AA52,-0.250207152225208,0.34335534341419405,-0.30301857364390083,0.7548990966970823,1.0424912025214532,2.082239920562784,0.6912603251279799,-0.7672437862908474,0.5998519288827576,1.1559010954285165,0.5586811164089216,0.3023469158178993,-0.5542402050191968,1.3265305698593295,0.2540205423244224,0.5433859656057819,-0.5035946120326665,-0.8191295185313718,0.8708605772711617,-0.2996569410998118,0.5504009271964931,0.5023438546174669,0.3145492419415266,0.4542314535280162,0.6069825362096372,-0.20485020184687255,0.054291421021307795,-0.03132675499713548,0.8764084377871971,-0.8507133073587685,-0.6634410757478901,-0.4801796265469651,-0.9269887776971543,1.2949807159488562,-0.787050905801413,-0.16544181799604873,0.15719339848203248,-0.007789976730594328,-1.1231915467406457,-1.31630047713318,-1.040749371610267,0.46770058378420853,-0.6906735337788177,-0.4096548343534393,0.7062010587311708,-0.10027260869690824,0.5234282789232625,0.6480072692408222,-1.134481678222164,-0.2349817098623343
TCGA-CU-A3KJ,-2.2414346737625164,0.271648915317379,0.45597030749185924,-0.08707344174945295,-0.330948150226138,0.20014328984919244,0.43869120957806923,-1.4351324637853413,0.6306093666005179,-0.2644569010305595,0.3738140233332378,-1.7244014374620624,0.5752161190206321,-0.09626613848350737,-0.7004418375381377,-0.834453858332376,-1.446468521159263,0.971311117749627,0.6951200088327104,0.27684921700216475,1.0002062863086276,1.053264929187731,0.215785362081076,0.7502629961953029,0.799189836637258,0.14252467150179113,0.3080875467043622,-0.4127147135051268,0.29529956091092435,1.6183688391338449,0.5758563397556183,-0.005110487935948165,-0.43787955398929956,-1.1097144390180331,-1.478776501476381,-1.7191005121489145,-0.2774398464788603,0.6446716877763796,-1.6177762707521537,1.1688110980582227,2.367294740784083,-0.44008847662424827,1.693852441488673,1.0600268801209907,1.0751733907185967,0.6567140881171617,0.31253750059849655,0.2419625781944036,-0.3721339829335377,-1.6258377563133752
TCGA-DK-AA76,-0.1090782557511056,-1.68159872569389,0.05070800489804912,-1.4950818167577726,-1.9329254832942622,-0.9638326463607878,-1.7142847012519487,0.6004666775315121,-0.04072829180262097,-2.5786877946979168,-1.8254964957223832,-0.339977650155639,0.1408275274605509,-1.8147601549503694,-0.5920698697601048,-0.7896872831988347,0.7750295112821229,0.4796944978495464,-0.8792345361963283,-0.22385741564611364,-0.5026564295849276,-1.5454741181441265,-1.6181519785026806,-1.3495787574807763,-1.54633409653255,-1.1867472197195228,-1.5008644278414434,-0.7284755748868827,-1.4769530168698517,0.6723769024875943,-0.2887228769724839,-0.1280309433461443,0.170537725640293,-1.6597903552570998,0.3618322556404466,-0.04217111464327511,-1.4857899270887114,-0.5469705013023257,0.894419676365754,1.2231411646134185,0.3367736821497217,-0.8186677301529169,0.7531097804598335,-0.5306493708518975,-1.5635189871721984,0.12525887250911938,-0.936568332011715,-1.4728801260196915,-0.5807613860829717,-0.3954288542616729
TCGA-CF-A1HR,0.8921585079318306,-0.28744249159378377,0.644704461074305,-0.1091259839888123,-0.28415770130148676,0.5592493450887315,0.14939720576448914,0.49227062321682025,-0.056389231377318896,-0.17058403474535294,-0.18337660925033092,-0.06240943790014842,-0.5407681091883902,-0.6163939477645208,1.1971720061735232,1.2232201992670486,1.039551328790764,-0.7329291492900418,-0.5168326975307759,-0.34651103078975487,0.41664826063691646,-0.7258934179056901,-0.5716477977783007,-0.19961438116488964,-0.5390535876615663,0.019673157850202606,-0.028805701880849695,0.8611137976518367,-0.4137919822016532,-0.9219466381960614,0.2948598253255635,-0.5341283675050131,-0.15542734089341156,0.26792516595421456,-0.5950578737524045,0.8161767491935558,0.8007084966011588,-0.8159205656477468,1.5098309558958702,1.7485317057431118,0.30244710346337883,0.6708393335498907,-0.9926643361218307,-0.8024699408835474,-0.33642731541254567,0.40755117733456,-0.2813990316125104,0.04820407752401427,-0.024231092337722655,0.8999951702832802
TCGA-DK-A6B1,0.7176578931286489,-0.7052656157080668,0.836894541163172,-1.0385844080718518,-1.3151697967360283,-1.627612869481501,-0.3251667270517932,2.228168652876578,-0.02887044204285668,-0.852851440632883,-0.5682232937162153,0.5229318339425413,0.21420930162912333,-0.8724444025926701,-0.5953173039709697,-0.16446544539878258,1.9762429012993772,-0.30303672737156895,-0.8660012959193649,-0.870803495203557,0.5755270647007065,-0.941158584364857,-0.5042640832290752,-0.8064302430131904,-1.0112146807242797,-0.9157620646529493,-1.0294300519651234,-1.9382124272123171,-0.7114785831018738,-0.5950595078142525,-1.0836755149089794,0.3448107304326975,-0.5107109222749945,-0.8238153975353364,-2.3330850542114194,0.9937721407837818,-0.601689544667264,0.22971234645236546,2.374770678967171,-0.38642063807666743,0.9204513658991079,-0.6420847934635382,0.05852866792106619,-0.7025276352205225,-0.16349590344149592,-0.4160887733664575,-0.5734110792110589,-0.2730660093613274,-1.109794693533825,0.7061951193511607
TCGA-CF-A47Y,0.13357256875030957,-1.1690707918237708,-2.362240171189919,-1.1728249965802104,-0.6364396187708524,-2.233671927167304,-1.1598082359264479,-1.0249481936374678,-1.780676966590252,-0.9995262240014097,-1.5638098679760293,-0.6359617817186223,-2.1281487930597183,-1.0459062314596168,-0.9546647932553134,-1.0781974440079656,-0.9955222596607017,-2.2243734774048223,-0.8895145067633177,-0.9459988858091504,-0.2799163515686373,-0.64996781600949,-1.4246914843468501,-1.3205955400318217,-1.5537907346443667,-0.5483850268101369,-0.8943535560000672,-0.4518252549079191,-1.3618145064303087,-2.0366197288250665,-2.457092063940837,-1.7790475694486034,-0.8423063234166539,-0.2410878635725943,-0.5341439016586982,-0.026223326676122455,-0.4892603870410685,-1.1405620926012359,-0.9338123928717873,-1.9019476222264575,-1.0063406315287702,0.1367986609756282,-1.8515833021054309,0.3462104855753529,-1.1565227688421094,-2.4734611219451987,-0.6031850664318807,-1.913314389232928,-0.30486223416521785,-1.103228757339081
TCGA-4Z-AA82,-0.8651120192127437,0.17334910234766182,0.2798336845653294,0.953482208723552,0.804052986365527,1.220164883915286,0.9671970657011146,-0.7367938848171977,0.7158453704550714,0.7401441575375282,0.5201050370713347,-0.07838150260381462,0.757645673850227,0.7650586621156121,0.7681237187341686,0.26261837299579915,-1.22813914509954,1.040023018469157,0.20210445684340989,0.9644520886843772,-0.1495068106416515,0.5535556376017667,0.17967346587442512,0.5059863514693578,0.4752883963099417,0.6980343094016855,0.5249903068595138,1.095759293610505,0.3752883397622741,1.0236987358664222,0.6685204456254691,0.2650961086410853,0.6844514941814401,0.45502947629043455,1.9858436765585838,-1.2009745628187716,1.0610627117212639,-0.16756421232210922,-0.7788407170704116,-0.5141034245705511,0.6456463780772222,-0.6288056495935254,0.10785317716929063,0.9102156305320593,0.6596725534124005,0.6666550797306475,0.5395219998742666,-0.054398918946395536,0.18881444101953002,-1.5402213541458663
TCGA-GC-A3RC,-2.498570351378623,0.9394099379822621,-0.21862483503759972,0.6018190313802052,0.553842094586055,0.5957110082675008,0.4571040297018142,-1.5515255031390904,-0.2996395371283996,0.5537100456580475,0.7496366823892526,-0.07393712854420216,0.9319360138148172,0.18824137797692536,-0.118458238926636,0.19679564673976568,-1.3547717673705013,1.1024435976752989,-0.3037709519829464,0.9182814226782798,0.9803698849876806,0.6912454654732118,0.8890703449350222,0.962798653777738,0.9063052575782202,1.467138391370339,1.2180116841403072,0.31038433191818576,0.4931216917075539,1.3962093566773057,0.6648173561703249,0.3051051636133529,0.28631955989062763,-0.8778205664331359,-0.6824904776500054,-1.6768739290253596,0.8255591717404999,0.7686448531470561,-1.6405487483149785,1.887700387884544,0.05013266607045595,-0.8769872024058325,0.286205019896596,1.218921983438447,0.48419630085702947,0.27929113376155107,0.28978542056702883,-0.01852033947542675,0.8982585435306795,-1.5285420777911554
TCGA-E7-A678,0.29078698114636076,-0.6338786103502639,-2.140110373706912,-2.285357655495351,-1.369118353783693,-2.2000645538593244,-1.2521562911394033,-0.4775474992753798,-1.1719577146737565,-1.1573715009358163,-1.0573174290732628,0.8180749513282842,-1.9184975765234877,-1.8370056588721169,-1.0103638459801096,-1.1124005578089826,-0.10497069349405352,-2.306903173122913,-1.3636600961689804,-1.7133980560624373,-0.18900881879880682,-1.5427059296568317,-1.2018264317928553,-1.1191575929403423,-1.240907381610048,0.050115365680553456,-0.3027212507990298,-0.2759664447267316,-1.4858736673973694,-2.7309596396822187,-2.267477516137308,-0.7151587027310802,0.07659554213741425,-1.3554472402761732,-0.07151284948687676,1.9136291774518979,-0.269649510751119,-0.9801802599857591,-0.4147894450319926,-1.2874441514037551,-0.9092265816649379,0.784788639167439,-1.2354799809669004,-0.7517174472020584,-1.0178517892331813,-1.4960706220530868,-1.3196502206386829,-1.5990924805790205,-0.6033972802925838,-0.3291400555235663
TCGA-UY-A9PB,-1.3067717575463786,1.640040444362993,-0.39325263760591456,0.92577601814994,1.1975050318112308,0.5528533901465432,1.4783118191407278,-1.546243492786045,-0.2984871026572633,1.404517979142482,1.6285794139285117,0.9561293367405608,0.47405511428081315,1.4501401750445102,-0.5633529613864023,-0.453296711222326,-1.2709054487190854,0.27092148967257085,0.6150419923301269,0.6604224598054587,-0.3978552102730641,1.2812240112761077,1.2440525065977253,1.4308427099854155,1.5668523412617872,1.7222982665970226,1.7832685821238667,-1.3612956182590983,0.9612870647683561,0.5944470403604813,0.7108501760944236,0.7225308128212659,0.3369949780927518,0.0794423810993537,0.3896224438107155,-0.7274700479292603,0.9774076027888955,0.2799819918535791,-1.8096867815938444,0.7692780718129656,-0.02412964639984528,0.14903858548940507,-0.2896242320271957,0.5261403070767926,1.279470701337866,0.6280378950244744,0.45193419968219345,1.1549651377482986,0.6798700171680649,-0.20711783416458796
TCGA-ZF-AA5H,-1.7354912947137138,1.0409353002124628,0.009523240577222022,0.8683109031844499,1.1830316027870038,0.5054206094421266,0.5278600864613191,-1.1849960200672138,-0.36649172386875467,0.7186927646909987,1.0556638093437074,0.6290910329852276,0.978862845352867,0.8898590930550164,-0.08065756600940045,-0.41634202194688774,-1.063430077228549,0.9573009712767329,1.2192629941292836,1.5477509105074436,-0.19940451490683417,1.1420581735171318,1.1894958367333595,0.8210060449643352,0.7829930373257888,1.471111621875037,1.3389975927222098,-1.869944114132568,1.2054265569981468,1.6904653952129596,0.6856077914298639,0.4335376159765979,-0.6173554340378495,-0.1524029073331557,-1.1031872390763893,-1.8972595706148727,-0.4273601470468461,0.16409855610360707,-1.5958596180905178,0.7943935433524701,0.9908648206814109,-0.2843797940355155,0.1873532000794346,1.2546898683545764,0.540138604821808,0.15702322337645291,1.1390575719305533,-0.8989801896903201,0.5647529531381287,-0.724121766634598
TCGA-KQ-A41O,-1.593357800265145,-1.9538037733543678,-1.9421001164609757,-2.832827849382009,-2.3108644946748145,-2.8020741103500653,-2.146990104267264,-1.4952807610194645,0.6603793051981574,-2.2464177178613354,-2.7004406027759598,1.108078437368052,0.46982384950068806,-1.937153965904384,-1.7387502555866554,-0.8069528588809318,-1.2448090048000495,0.37478201740951755,-1.3643878032329588,-1.8743017665423267,-2.365359601451322,-2.164610286641528,-2.131875714641294,-2.1120113975503227,-2.215373134208483,-1.9962396440946877,-2.2543956306911532,-0.7102612592261206,-2.1658090694618704,-0.7980609689779282,-1.1202234486459448,0.2790635404798404,1.0792224696964128,-1.2343201049525148,-1.6415151411431854,-0.047895059512029915,-1.4520850647340269,-0.6412688775510731,-0.8156187910234463,-1.349865596473892,-0.8276879125566217,-1.4351708883983973,0.17119359500603362,-1.1264434647206913,-1.8734898921472305,-1.0905963393612077,-1.4869661117738664,-2.2212541457298096,-0.828584873359241,-1.7653071241178064
TCGA-MV-A51V,1.5318029447346484,-1.1936067923740308,0.580344276461656,-0.7493831263606875,-0.539542101294738,0.32748248524235685,0.5158269377579838,1.4035780019671134,1.5261872146786335,-0.20536201304012516,-0.22463442790380428,-0.3692400384917412,-0.17593001780218281,-0.4038484989543292,1.2359557665505285,1.8942769365706549,1.7970989476667256,-0.4881666267663593,0.30967935946258546,-0.8119879290791188,0.678958779673467,0.14336155628822522,-0.07241572383132934,-0.25282981807030225,-0.26116642983989424,-1.0102018249045464,-0.9993794865520953,-0.3009609185428143,0.1827619210808692,-0.05600862558377558,-0.37264188361568573,-0.703587263918772,-0.438678072891677,-0.15635280228137383,-1.1203821354692833,0.1130689558404623,0.7273234981197754,-0.2906123304709553,1.4245277785475685,-0.21631079224427316,0.3569337754842876,-0.09031097413712441,0.4029798304302781,-0.10697728705930094,1.0694869793676307,-0.7342654698423765,-0.2489417842201589,1.429866955658728,-0.8772922674131377,1.8992603566589752
TCGA-BT-A0S7,1.1799175921164757,-0.46900845768889965,-0.19874260707885097,0.0995051034339903,-0.38912691968372554,-0.1426249895469889,-0.7664337066839129,-0.3316161488772137,0.22124194463526264,-0.5017111775887899,-0.4710792159582748,0.19426002852671537,1.1233261781602129,-0.019050105943549268,-0.795639569837499,-0.5068140370779085,0.7652206881139876,1.1569504598388867,-0.3880269405253283,0.529082350551843,0.5769653798170429,0.05387819926870514,-0.6511205144863483,-0.6230669766534999,-0.6275465963673337,-1.6799476388942556,-1.3210835067954534,0.6180439577596704,-0.3562808148301017,0.6375817623330282,0.7481015555625615,1.3573471500150838,1.1757098186212918,-0.363423981041836,-0.4643189130956365,0.5746685020163605,-0.6574292179659141,-0.019281986563652046,-0.19773316012132322,0.8416358587038552,1.2873640511848015,-0.2604981744473002,0.8489452142913272,-0.13513512101931605,-0.10520380119940628,1.1829717838351212,-0.10835520609545315,-0.3233206426096403,0.46913179651359865,-1.1028476493712953
TCGA-XF-A8HI,-0.4331096013279177,-0.6375366821917567,-0.34782546633820177,-0.675441242503473,-0.7608125895045565,-0.8891733621014739,-0.09072568464635446,-0.8645340375732095,-0.43796995078073775,-0.3019288747222063,-0.31109388528971466,-0.790919363323349,-0.8755330642744409,-0.7873421210573557,-0.14345383920952642,-0.4092068472719929,-0.5550454784713409,-0.7187128425443832,-0.4293239560181286,-0.6894929016562379,-0.4640335542027703,0.0997925665732879,-0.7823772983685877,-0.4268930400713162,-0.6145254781861472,-0.24466265646659263,-0.3470460355065821,-0.3286527497284481,-0.059500652967390336,-0.3362206624158543,-1.0299887094033364,-0.6908804031179657,-0.48040100440530575,-0.7855222901830933,0.5501603284311158,-0.6035841415688974,0.20591576991156724,-0.5153097744932309,0.21084584980207235,-0.28366906168373734,0.4106858328739087,0.10057920813958128,-0.957076265314751,0.9447853921513761,0.03000299624695563,-1.3767823066136942,-0.20569167615559816,-1.1436075587876673,-0.11790972090929028,-0.9419618229645146
TCGA-2F-A9KP,0.027347724087114986,-1.1938336787380937,0.38992556786843624,-0.7265999654000086,-1.1205330087113585,-1.323734520295839,-0.9706627796869353,0.10660055672309764,0.5382982765943257,-1.1821463053616135,-1.3292832931292686,-0.19030382446287133,0.6181648211500397,-1.0325610595985681,0.07325168588334138,-0.055905580991388405,0.37216096408148525,0.7483500865919068,-0.4304335096122072,-0.6909030873026177,-1.0571702828608083,-0.5019450913517288,-0.8107724408274951,-1.2068061676441506,-0.8754817984674931,-1.413560881555975,-1.3802270829372307,-0.4583344582376985,-1.0984884518773315,0.695849966943421,0.5430011105997609,0.7556088728164537,1.4338066558590137,-0.6559229879867078,0.8308482556249212,-0.15457958861339494,-0.03904962877823261,-0.6091427126559003,1.0281188758875663,0.5920484567323165,0.24733054748627856,-0.4951494820433124,0.5136474000310899,-0.40663140320571894,-0.31827448377884987,0.7050182512691905,-0.48438749244389967,-0.22135962996888855,0.45116326209238405,-0.09499435658609381
TCGA-CF-A8HY,0.3577806603438686,-1.1287529138019305,-0.8927696214676967,-0.9503025982352329,-0.7621568082926563,-0.9119201231073187,-0.8313067353672084,-1.1785835545424495,0.6591613876389548,-0.1686258422296184,-0.8483860680948649,1.055982928384799,-0.48864870822931805,-1.0050532322614454,-0.3889225511963689,-0.05136096035578705,-0.25556044784623017,-0.6836504375506283,0.7107803229302139,-1.1400278934864834,-1.8474369055910347,0.37283081321014666,-0.7122734413792325,-1.123430817242186,-1.0777232744859573,-1.051713193529787,-1.1707258064602126,-0.08971590376156469,-0.4458986634873639,-1.6488162394918766,-0.8438941735444444,-0.021458559863559008,0.8850945540905729,-0.2195764935284011,-0.41305552130012,1.2943922405436248,0.48362930584645936,-0.008598611706337245,-0.15260614287193236,-1.3858989691034231,-2.086039914647324,0.11934917287910604,-0.05036184718576658,-1.3131000957958823,-0.4459271614333422,-0.5241574649528666,-1.5233245482617108,-0.027925744821288238,-0.3865993913021886,-0.6291133470933893
TCGA-E7-A3X6,-0.7205825774931326,0.625745078925832,-0.35215381200350654,0.07772232977062513,-0.07915942436462141,0.14250862822807772,0.12381014336995166,-1.1936019281946089,-0.6816666463939306,0.3671142382970516,0.5457957733676329,-0.4662534672278063,0.009413172178282478,-0.114263475286564,-0.058878528636046895,-0.28318918353713224,-0.802263180948788,0.24756201589609772,-0.16774210747737792,-0.3698420909365085,0.03636727932388466,-0.45709809109819677,-0.16379971616048053,0.7416316247760284,0.4321404557406067,1.3427333920859474,1.1337787556668553,0.4043350452560486,0.19677046346874927,0.3210208440714008,-0.22131132863325523,-0.13457349519124015,-0.07289221379634889,-0.4370340079531563,0.6618805837057818,-0.6948481392484129,0.1450896212979097,-0.9756127271579985,-0.18197822140843511,1.0478839240648867,0.7143487095113573,0.3539188898234866,-0.31187738176239793,0.3405334515099338,-0.32152644641551015,-0.6277805933231411,-0.2124676191511392,-1.5703960971926574,0.15675686193659089,-1.0204687552816085
TCGA-DK-AA6Q,-1.0802134005776018,0.42226247407938594,0.11394618503980555,-0.8030490530422886,0.19692898442582227,2.017138409067915,-0.23068381861998447,0.37178958844486537,0.07875837112476497,-0.142354288097946,0.397825683744224,0.2462840334935739,0.42944085756166034,-0.7775205316557726,0.5324788273046697,1.0974685295663549,-0.18977728955000067,0.4939186424058681,-0.1513062689049736,0.31330842436549966,1.164132209786781,-0.4760338383666541,0.05170770759387544,0.12164318983356641,0.3972347931590004,0.8109617859574834,0.6731994717150196,1.6844857589273383,-0.3847093990746543,0.14620374804567982,1.2561620540524387,0.6500632083908299,0.5890842896371818,-0.6863011337969087,0.06398374829628416,0.21393617500263717,1.2120019186439626,0.35338199665269443,-0.11290609845215122,0.08597976279856813,-0.9121975313295091,1.8251442696784461,0.260338042098299,-0.14025670401853663,0.1751941695537816,0.2310474804443979,-0.721525807148731,1.3630876895929291,1.3636576231736575,0.4100868541910697
TCGA-FD-A3B4,-1.647538447708514,1.064060771131956,0.4659965396255837,0.9948092366820374,1.543094707666608,1.13851403443226,1.170626733906205,-1.3548535906358148,-0.25695528133905815,0.8373860819048438,1.0687872569186905,0.34042969609925855,0.5608285970397714,1.25914177388191,0.668313910853699,1.3805626191409182,-1.3872058126401414,0.4512370271532927,0.2952387940590529,1.2088110730164447,0.7082365089404301,0.5442207136451588,0.6202250864594496,1.068283903367964,0.9885258763536534,1.875752898982744,1.5454595836946894,2.13115245769821,0.5659873631086328,0.5298254467707444,0.4231828237332539,0.39375775950034414,-0.3366484959590677,1.0781486721582654,0.7630175916603599,-1.357963169522069,1.4818139462506383,0.7940582682415036,-1.6900395265357282,-0.10375454370254861,0.3141247831917512,-0.8578391000334948,-0.29248955193499054,1.2814068481908139,0.7556108385118742,0.04752354872848424,0.9096233911376486,0.4856175388692741,1.255802737148456,-1.0137578529566562
TCGA-E7-A97Q,-0.30096305582185207,-0.49192954432376196,-0.0956531366509898,0.22467286639985382,-0.2668818922586013,-1.1330132032323879,-0.28138067334934636,0.5222964897899354,0.48412183020518235,-0.08328400881148432,-0.5155228192971908,-0.6830057311259915,-0.6827880983377516,0.4751003863837134,-0.24520522544399875,-0.7747747619342458,-0.47257277764921574,-0.7673992758430703,-0.7481686141569015,-0.39303602860933945,-1.3959021790147315,-0.4221346430821939,-0.6327148785418256,-0.6621871150174338,-0.43699448547918346,-0.23952592989891797,-0.3534395247353653,-0.44099709904446144,-0.49153879712672705,-0.12761375485187784,-0.9979161106262049,-2.070406602060272,-1.6266531763730139,0.32652337620648375,-0.823459994072668,-1.5150674151720753,-1.0252187105138137,-0.9380583333333634,0.23014626268951585,-1.864491322072029,0.8111394698298212,-0.9638440723751113,-0.5661693251412688,0.7601608869243004,-0.39464641876835044,-0.7581403698426382,0.3429008593039172,-0.29754581015439124,-0.8402267466360472,-0.41435253641464975
TCGA-K4-AAQO,1.8560628413010585,-0.07923357976209403,1.0923565905858212,0.4781659468800175,1.0076716247316297,0.9647294648610095,0.25676565775043786,1.5754308975052944,2.06729442907341,0.45731203224607553,-0.02837973920617559,-0.9129097879392989,-0.36732035462625934,0.5944795476771166,0.4865023359465169,0.8020237372964053,1.13519928188207,-0.18171677775573888,-0.86402644767581,0.05129834653625588,0.6774418343766657,0.371945895298616,0.44069680770359027,-0.14927286743198934,-0.2784121425289955,-0.6218107722337188,-0.28407683450717386,0.020256890360290568,0.4527056650174444,0.3511775716298489,0.14325060638352433,-0.17873029062761286,-0.5424271266451323,2.118534423222316,0.21742216981733797,0.40416582649364263,-0.33476026662675257,0.28469083702823555,1.3431954169913403,0.4297987845234235,0.46548327716169313,0.48699018366720614,-0.31771433640641766,0.4539608993795267,-0.220499182598892,-0.20086907210319505,1.6107378292036576,0.08205259119606056,0.18789830183958733,0.5107275625952229
TCGA-DK-A3X1,0.38532759241635905,-0.39742505617154256,-0.03721441492903832,0.022275695494032435,-0.5027463557388304,-0.7511827266677559,0.001034286366405588,-0.03185833793256199,-0.41264005123791275,-0.4906042747957025,-0.5021279788044006,1.1450351559062049,0.4076224036367125,0.1582354303816332,-0.8586194490260626,-0.4660060990710295,0.39125866974841084,0.20252349487937096,0.1481648807713141,-1.1236913752429238,-1.1605541786960594,-0.696876535009552,-0.32921197923179085,-0.4442081429173164,-0.6214868720147251,-0.6633582456454404,-0.6364849824398238,-1.5950202899652055,-0.7190383826057009,-0.39019706512358254,0.14175000040715638,0.3256755484137287,0.6941144709652436,-0.6439048708786722,-0.32833707586617716,0.8383190002841765,-0.20393764149053417,-0.13902344516967818,1.4489822058652575,-0.8243115424672022,0.14345894108087837,-0.32972376776374207,-0.8128707706873495,-0.27163360188607777,-0.2198054405542122,0.04255675445285785,-0.6133982682179477,1.3445430740389024,-0.4883878845397373,0.17629279960452068
TCGA-DK-A3IK,0.21812040488548756,-0.8514729847990242,-1.0477603804405642,0.6632448239179632,0.014573746696601365,-0.27456619169078983,-0.5184556603119947,0.8055168623084737,0.5547683272930949,0.17176066736268641,-0.8964075883513761,-0.5310560328817593,-1.381912875156031,0.4232839682790073,0.49933749173729375,0.17178000839562024,0.3124571939676181,-1.3493340576118993,-1.1143667379784299,-1.0398899529382393,-0.6698400338328576,-0.8164144818543291,-0.24811679838817893,-0.9035672111204711,-0.8330262041741532,-1.0733278533564683,-1.0278196523736645,-0.3775137068329334,-0.45132718392046844,-1.3334466304618933,-1.330754652610359,-0.7886827436092207,-0.23912065749280353,0.5245579730592146,0.4225349243731134,0.06261891270865234,-0.40536060905366045,-0.748060105469831,0.8347433050898133,-1.0803571911338377,-0.025903260182357005,-0.9977475578701465,-1.4819090272673852,0.7761005950140875,-0.6235793836106791,-0.729389342788738,-0.12162612467466316,-0.5932868832575479,-0.15860072161028538,0.44520552417938575
TCGA-DK-AA6M,-1.090625996484498,1.0085497158169727,-0.5244618952909407,1.0207259123707098,0.7699135229519329,0.663546362857926,1.1736131841700213,-1.3258472661105847,-0.13068681220522635,1.258088716371414,0.9317874292429614,1.3797598238927609,0.6535768118769681,0.7813621622145889,0.34624965936000907,1.0786346261832722,-1.1480292331134032,0.5647155450962098,0.11520606952100253,0.10533567415401397,-0.47924776090606175,-0.02275809768209669,1.1037194886773967,1.0457948631605978,1.141543807175028,1.1544672129631546,1.0198448429198559,0.23369692760794106,0.6566005548715269,0.16223317707005575,0.23086368840338262,1.0677690107460034,0.5939015133525308,-0.14409835077152763,0.5610526732390452,0.2980580052503889,1.087913915316092,-0.017766246141454032,-1.1280559112687503,-0.20453381918480262,-1.4020571339641505,0.14985672650030443,-0.6368030163981739,0.5422700099003028,0.7367965440207744,0.3267229434685891,0.29467586956124653,1.5596449406408606,1.0662650781175433,-0.15001011439993805
TCGA-DK-A3IT,0.9969061253571726,-0.19616473219256952,0.9929477056674788,0.7991912143658686,0.623752279447186,0.9016209271332289,-0.18242432430476235,0.7566516073656065,1.1239192325679874,0.4737022991604486,-0.2058202922231512,0.12842447736183127,1.0673343819572925,0.4520789958433376,0.6029563251771949,0.7079770909953395,0.9109346785909336,0.9544239263129284,0.5519643715539131,-0.4517227465225088,-0.781705973622929,-0.3623318428503226,-0.1658726349090772,-0.12159756796645346,-0.1634497799996774,-0.29142608054119606,-0.16507811335109668,-0.9106451026483937,-0.21783402439244257,0.8640977887883852,0.9974857403754367,0.7148501275346244,0.382873810050242,0.9728657312393105,0.12030014193315017,0.4239311813362039,0.39920929595433463,-0.7801680695386285,0.45008744594912503,0.7172775087311019,0.27117201324373985,0.10896731102891184,0.6187050483482818,-0.06341924377053648,-0.676354166661673,-0.07472249705456387,-0.02793500520618702,0.2071209242938579,-0.8624850962759888,0.1839862554849773
TCGA-C4-A0F1,0.05292666497405707,0.07704590323951406,0.05407584492987925,0.274488815883848,0.4607175975275261,0.696748045787565,1.0327498737251657,-1.6477166131823995,0.24276204379826613,0.02121154019128884,0.47028618945702955,-0.2621940286533553,0.14668381830428004,0.5859973702374635,-0.7971130218165237,-0.5984185933784766,0.3355524481010743,0.6202368201717501,1.273539562524282,1.0181877414192348,0.5129460210254673,0.961768418968882,-0.16322616489179315,0.9603248801733231,0.6045327809007651,0.4253981433281834,0.286405989935366,-0.33247711032945115,-0.011103834360780173,0.9145456500354433,0.3720602915410119,0.29022795707277377,0.300482484739322,-0.2884857458895585,-0.07165758998866731,0.8287359803589902,1.1158071589860572,-0.22742809539263636,-0.6203709590461267,0.271295981393685,1.1135393367239046,-0.15481422551157142,0.8865713610235547,0.4963139891902417,0.5921066859492139,-0.2798033663612931,0.23646722176940405,0.33192098182726876,0.10847563772791247,-0.3786837313746758
TCGA-FD-A5BZ,1.1128475641879267,-0.5967243080573363,0.424974889892693,1.3542540532414065,1.431010074853562,0.7985672974757505,0.4109624809499933,0.820631479653925,1.2382986007056438,1.3285679963463495,0.04648815470788948,-0.9180995556279172,-0.7653097847023068,1.7079493738090763,1.044795621166364,1.0793393520710184,-0.043609603128929565,-0.8153544405411146,1.0032489838231027,0.7142640751013847,-0.13401769368879243,0.9673046179805254,0.1209345247361776,-0.2176271901564355,-0.11058908040288765,-0.09407455842019326,-0.059484780823228375,0.5708440923011885,0.7935280213383121,-0.22999482596435228,-0.3665758288369084,-1.1022592294820972,-0.9703924661003324,1.081012735098105,1.3699458598810246,-1.0103210062521752,0.42743706979378776,0.8754203069335564,0.6062925559326746,-0.7123077473605641,0.5378504490060768,-0.18226349215547585,-0.8259109660523277,1.5266738986376798,0.24962179096593598,-0.034163154509306244,1.2174068964991995,0.10414104284936618,0.681000325720003,1.2255847459456202
TCGA-ZF-AA53,0.5815392162018493,1.1627973587176808,-0.4134441323055463,1.1775435591149317,1.0434986570062115,1.044830216116185,1.1599819692046018,0.019505211532465264,1.9702535795831184,1.2217770202863911,1.244854221930503,0.9074862281256234,0.15874402862110593,1.2158590877061748,-0.33756931443131677,0.1896348944526128,0.13726502502709897,0.1556437213048802,0.724319708241875,0.3791106654232468,0.3870836647039298,1.511667773629671,1.047631697023922,1.5247940028754055,1.3815667004496073,1.1904573973569674,1.1736986402380742,0.6641442728107811,0.9105759458942173,-0.4650809693254832,1.2797812799980604,0.42826330539565777,0.31005885349528245,0.5591426902532124,-0.03181069247720381,1.141628873498053,0.8643537116079452,1.770352367929715,-0.0036439655615950056,0.1597281607399764,0.3457783965354004,0.4998133127235815,0.14031103885034782,-0.1945593883078611,1.10768063506123,2.1595866978849583,-0.1012409729478299,0.8877338976668111,-0.7724655195926399,0.8583012380221011
TCGA-YC-A89H,0.5337611712679484,-0.31833243310567605,0.04502902217039223,0.7362520790265942,-0.04035106842134209,0.18603446243922803,-0.02794931280287184,-0.16254333254302333,0.8031566085807456,0.21449547471720756,-0.3835134469159596,0.9848179121046454,0.33252021264966775,0.19651139118315292,0.4519428300358453,0.6210479848081165,0.6358034805114785,0.2693895848911141,1.527213201945199,-0.7532571991939909,-1.7662988922020955,0.6825141139864043,-0.43289341623726374,-0.6052358217456903,-0.2779448703437613,-1.3983001913781725,-1.0597040772554585,-0.031156974554747238,-0.14705948254204357,-0.45688455886635054,0.7609107034578483,0.9356360421625548,0.8394965532719469,-0.07839546295902831,0.5758484621556259,1.2682199976769428,0.6315697442670157,-0.1934915923840952,1.325285507854842,0.24230604727631166,0.2556097290706898,-0.7370920801787755,-0.3560921249221293,-0.5382640608470923,-0.124742903105078,0.4042901375057193,-0.3025420751651357,0.09888924157659637,-0.03719496746553824,-0.7598008707601149
TCGA-UY-A9PE,0.7745026016706607,-0.7924912511739087,-0.1239099741805759,0.9244850867280232,-0.40888006058087967,-0.28373093423841017,-0.41979315809905393,2.207935391904561,-0.0939513537799237,1.1608940794557916,-0.7183163499225103,0.43901123790428154,0.21820163915603177,0.00894746276592113,-0.9779520127696414,-0.08082216610651154,0.7563154496205879,0.0862353862589057,-0.0514347904168413,-1.3133680764960025,-1.2928456940267825,-0.3931486749362752,-0.46681025645967017,-0.7706142554250088,-0.8911119590468963,-0.5474376790968157,-0.8219933258472091,-0.5377922962721924,-0.8351718392200446,-0.6119894616187462,0.0634011798734041,0.6395898927130589,0.7936767155626436,0.5688379786387646,-0.6354454737152014,0.24487050514010206,-0.4693791436723181,-0.679235482600596,0.5538595528038103,-0.9515023975078842,-0.630289617698603,-0.3450627750371241,0.5006669875242238,-1.3127559484725166,-1.0263549303823025,0.7547694064248568,-0.6032480305413879,-0.9874902222970015,-0.8982248254871482,1.4988571707915377
TCGA-BT-A3PK,-0.4461125459400422,0.5674188433913285,0.3125502302784425,1.5835387511357595,1.0619417733349237,1.0522432398600394,1.2916135120603294,-1.6537001276062016,-0.7365412097681866,0.9441650660162236,1.044955934267494,-0.3650967089825221,0.2325895001468779,1.020914644057832,0.6288409048377946,0.33396430818168055,-1.0983736301395561,0.5171659876014795,0.388469245633313,1.2423605848251134,-0.11214591621997035,0.6217880748101927,1.130904141292675,1.348973215352526,1.445071758537579,0.8915696857083018,0.7882096605189451,1.0423858958188643,1.359853052586214,1.0124966229098833,0.7209452607530469,0.6047161402509302,0.1519771711673348,0.2050722622512643,0.4160418054393197,-0.7481431204195189,1.044611455932934,0.001973675602335471,-1.2511654174754054,1.0391811178911778,0.13533570624349708,0.045674519173719834,0.3043751216552679,0.8466109731741694,1.3807921499661788,0.8902867285638548,0.5869294532177751,0.9502150354211572,0.8265148429315066,-0.518589636047222
TCGA-GU-A42P,0.3810109301111516,-1.5899003754113057,-0.1844456649984563,-1.2426555764364249,-1.5093231499822373,-0.9431999721279247,-1.5733430902435495,0.956626489420958,1.4417895457051222,-1.5238558653159875,-1.2227477773532602,0.3711205800471235,0.7769948305717627,-1.2746591957170648,-1.1616639667952326,-0.4729621233587727,1.018377767995463,0.6034334442667308,-0.32708260932949573,-0.28019145921048827,-0.24892313862493975,-0.7907371591724468,-1.376727134225294,-1.05009252037961,-1.2190930337756776,-1.1573748312821948,-1.538626583690221,-1.079965240420846,-1.5947751132939694,0.6643331699971027,-0.6276894813248559,0.12044259789244235,-0.46511834885094183,-1.1088907129684897,-1.4267822626107594,-0.30438029495672847,-1.8527899574231537,-0.3201772850102763,0.48901608976227895,-0.018790996234204705,1.2937861139342364,-1.507962491499431,1.2067689122674925,-0.7125701579178656,-1.5177013200631784,-0.9329460259653157,-0.6834573243724872,-0.7610499653923738,-0.6361971809892295,-0.7628297568056165
TCGA-KQ-A41Q,-0.8340144391652966,-1.089423638825257,-0.4318852816996778,-0.9076412718336211,-1.278886844663257,-1.2277212115499883,-0.4142641325033556,-0.36078985447304723,-1.1720967040367423,-0.9568187719089319,-1.2198741429004527,0.6456462474641417,0.7983081427040041,-0.8540036843059338,-1.6501411296279827,-1.4112317895789674,-0.14096372262070622,0.4364954401142412,-0.3584914719915492,-1.6806647814864513,-1.618679609143449,-0.7740973893750381,-0.9844682302137311,-1.1644180454184891,-1.0174983027329718,-1.5539349286748496,-1.4141478379040877,-0.9577607361189968,-1.1440647909085606,0.653929934595915,-0.40828135782779146,0.5273394309611289,0.2473803266703776,-0.8595135302150144,-0.09919687623076329,-0.2833739905738,-0.31363323309566243,-1.0537975731748639,0.6839447109955971,-0.6095706597933571,0.09788295465802527,-1.5233934770061233,0.6087871987337061,-1.2322457790197536,-0.6204244292570071,0.14337202355846015,-1.1512442457701264,-0.27008157705400027,-1.1905852983148975,-0.2756306712298989
TCGA-SY-A9G5,-0.8840343174634688,1.108189363512882,-1.2181364811783042,0.9603389947630704,0.8167840673445983,0.8234330883046745,1.23438276750505,-1.2646018590987262,-0.6778921422058707,0.9738384539186322,1.1061484177558274,0.4567638866201397,-0.006714425270005502,1.0268912727917838,0.40236338510695524,0.15735831781784224,-2.0774618843102113,-0.03350530851377519,0.07510499047851533,-0.6391387217385587,-0.3097611733648159,0.34400620382454433,0.7838165938963481,0.917993973666848,1.064806182641512,1.6370787364412325,1.6069639950548378,0.3163713040632423,0.8062798468634307,-0.042439995313384105,-0.47141225948481,-0.5324464507537381,-0.8138401590759283,0.40106498939537294,0.8920800231122954,-1.2153022843826982,1.0252652041724741,0.2307532789623281,-0.8606887329273124,0.6794292599167064,-0.9949755528782356,-0.5029899233268883,-1.0008388581258538,0.2883249089204405,1.0558616485087795,-0.3101675905134636,-0.021366090110028425,0.3723852466765151,-0.06029341242593785,-0.3485945293393308
TCGA-UY-A78P,0.5939568964344115,1.3366300474636537,0.8137664439703596,0.9294221711007434,0.7798382042607229,0.4912316378789006,1.4199969103463779,-0.79986414475489,1.1007808641865064,1.2101459638800387,1.6751785649388564,0.9345124712141877,0.5793186247945521,0.5356604470379089,0.3681402001186532,1.128612915525779,1.2734604564211713,0.551916035598616,1.1623580487417664,0.11184184791290817,0.7901122451315282,0.9074399620254414,1.3011110947069775,1.2639550007123603,1.5997476746647166,1.6247248153189862,1.6848040395107042,0.88244964991843,1.3276310531531763,-0.2531074413776368,1.4516703716542863,1.3084389057584953,1.126284620949295,-0.12676587341924267,-0.15322210544805287,1.4816854396659105,1.0599066736282445,0.5919315100135056,0.15208585455892473,0.4630386010867707,0.08039108547360635,1.4574149868447985,0.42200500431369814,-0.4107568583365151,1.427264218964166,0.8266577332096187,-0.11103662540826792,1.6885438487476543,-0.2074237766802281,1.2325217363677823
TCGA-UY-A78O,0.871826254307305,-0.7379026131014191,-0.41521694449663205,-0.11417404294098055,-0.8403444417153362,-0.12389634226936963,-0.08314454418207017,1.0549881272768542,1.0596141546803268,0.05953146306180164,-1.086612402364817,1.0506571707646337,-0.20347175606512807,-0.548524248617653,0.2600962233898744,0.6502939047008263,0.9706406148682808,-0.574646958926096,-0.38075662054359766,-0.34678781742877957,-0.7031268035580699,-0.6005639347145668,-0.7964400915046165,-0.6257989344014676,-0.780454343744473,-1.137721962018871,-1.040140079975645,-0.22260165063249573,-0.8245217624228494,-1.60052639209767,-0.5461259652039429,0.05676708654662296,0.11436829961573558,-0.20811593451923266,-0.32361252651419986,1.1810730965992744,0.12271394303279053,-0.8204656085429816,1.443235447163501,-0.7079542221273035,-0.7686444334495571,0.06995201998184228,-0.9550658060775605,0.21371072066259192,-0.772580675633004,-1.0525429818182677,-0.9698022296786782,-0.19070667302605868,0.17598549724414883,1.174208530065282
TCGA-DK-A3WW,-0.9794177435119352,1.749164070366103,0.2306134125781073,0.4048214464878444,0.19605285393623048,-0.1996226347948233,1.267541391567802,-1.093114649992592,-0.438289787721524,0.18827048216708195,1.5502779984646518,0.52916295527611,0.5199954802481376,0.0940978649943226,-1.0012995410885213,-0.5091321334259497,-0.4070079568052262,0.6573474877291324,1.042503884226808,-0.011964178735994877,-0.3062714426843338,1.142466935238117,1.267863482492774,1.445237948977712,1.8347960538628303,2.0385818878777293,1.9462248019677806,-0.20278008413204304,0.7376435151273537,0.020433942239608458,0.7187628408639686,1.5153297898474063,1.0589213248942553,-1.0487291794096876,-1.8429143214229589,1.0331077504968513,1.2249549054595872,-0.029673413033431278,-0.6505463236494462,1.2684704698599998,0.5629815108756842,0.045221704693899245,0.08102297136889088,-0.06396939205614108,1.4962718695402835,0.9230399389016202,-0.03880790832792428,0.18951367417891507,0.14160580742881143,-0.28373506834642925
TCGA-G2-AA3D,-0.29098031792264606,-1.1081064931586646,0.2915162658737896,-1.6471537593590067,-0.9479047735185592,-0.22665557844960993,-1.3010773007437006,0.16641808226162716,1.4140794003471968,-1.0797027184681067,-0.9715331077037739,0.4870396304703161,0.34773184011862984,-1.7009794749745677,0.18892316470554413,0.32861829056468406,0.3967561601438163,0.2800822537430057,-0.9861644572050334,-1.0925761964121354,-1.2990983999420023,-1.6135279681479826,-1.4694454670474433,-1.0431732418618156,-1.0238505408205034,-0.12550732285493513,-0.4158957921053871,0.5192764662562781,-1.2960325196118017,-0.21649588827188262,0.08731239243593297,-0.028135577740542657,0.24228560303963192,-1.0728413822159124,-0.199207675054995,-0.059135854570719154,-0.8268137038191674,-0.861427963740133,1.1213876828778229,0.6383074640746194,-0.26332099597626163,-0.043917588315939275,0.4452323835325805,-1.1730432136269118,-1.1308932416732962,0.4361767011023731,-1.0007788005091407,-1.1351793477770158,-1.5123720089581933,0.2402477341145446
TCGA-ZF-A9R5,-0.3946636817692709,-0.6917047404996937,-1.504124171481543,-1.590434876766444,-1.4876521909323315,-2.4348800150070518,-2.080953442166209,-0.85832046176558,-3.4321858607750975,-1.9861241404985508,-1.36430001805238,-0.03454341338156808,-1.681811496501335,-1.7728241300321228,-1.2563023382216192,-2.3960976970174928,-0.7980730181637135,-1.7704064433478528,-1.9075007876014818,-0.5018781298125812,-0.2156955633464464,-2.1924534192177103,-1.5421745906982032,-1.1479058245244682,-1.1392659874236033,0.708393485767208,-0.05404859401364798,-0.8062913515803691,-1.4966787473182228,-1.7369960666893218,-2.4359184399141447,-0.6754931414477389,-0.0895517283024422,-1.8520122791216547,-0.2503505018429811,0.5395441419492729,-0.6204211533885026,-0.4122068072688118,-0.5306402501801762,-0.29529015199197306,0.48762363422476346,-0.8009468465644733,-1.2672000392867098,-0.8343317644457009,-1.548622491378409,-1.2314575649382036,-0.8069847398931275,-3.069187775243962,-0.1187644700603887,-1.4446837847541374
TCGA-KQ-A41P,1.3958413464665684,-0.22349776933619728,0.4194204090085034,0.30086312253698666,0.19127766765451593,0.40593042730961004,-0.29525673220758075,0.369585311288327,-0.1897802587611259,0.6296654225371207,0.06473244565477831,0.03311858731401608,-0.4685775789129032,0.3055215189759925,0.6071558534746334,0.9934113589732073,1.6680878912699788,-0.5168937493342267,0.6834271285781529,-0.5280294072842238,-0.5317317367398811,-0.09467044081760655,-0.4233152264734818,-0.32833085447448984,-0.30526656454809736,-0.4387369624931996,-0.4213376678413541,1.7712641464456185,0.034680185753834886,-0.7908483354366197,-0.4673526792296697,-0.4308455087815577,0.3338163671168237,0.5802409957742857,1.3494357703688227,2.0419171614037723,0.49862664503039306,-0.7819261114544465,1.2921735114027475,-0.1482532327870563,-0.2920615847229633,1.0537915965970173,-0.6603724350480393,-0.5050820854562219,-0.43540119570095964,-0.676882832241955,-0.039431705326276156,0.1627613606838124,-0.05222542358190995,1.2376844067640966
TCGA-DK-A1AG,0.048893665624992796,-0.47073713957068297,-0.16661335655164286,-0.2749812527816572,-0.5035948753524075,-0.45979863492492046,-0.8141212750924052,-0.9551966562262875,-0.8448087922174777,-0.33631012044289904,-0.329323199921738,-0.2836327887865633,-1.1927106368189642,-1.0174261212571378,0.13413509973647741,-0.6811502669136735,-0.8966187677284349,-1.152370674788043,-0.472527345195755,-0.6308826141784926,0.4079464792386768,-0.2771407750422084,-0.5944023044508424,-0.35316322214065005,-0.4704284797321477,-0.2749840042333658,-0.5178603226074955,0.36561803065235876,-0.4037052763565015,-0.9105854065731233,-1.0453342314343486,-0.7868347511123791,-0.027297959393345703,-0.752448123741935,0.6228969904105233,-0.5223670378589937,0.5132855005045875,-1.3619336519105245,0.1785453182760319,-0.2761361089157083,-0.4942208782495691,-0.00426667943094454,-0.9912523909334674,-0.19293911192317484,-0.6279575732735597,-1.1759354167448666,-0.4533281407519741,-1.2943551302920093,0.11079997390265567,-0.4548691152818975
TCGA-ZF-A9R2,-1.0299362460329722,-1.496039294870042,0.31031948892111894,-1.9148334530038948,-0.9508562652984075,-0.006224757031266641,-1.3605932088946395,-0.6600060343387211,0.6447383805755491,-1.3881955135109791,-1.322620464313209,-0.3695784406535735,-0.07891458561411265,-1.7681324670519663,0.5226527524953355,0.4728467608210373,-0.07269395890872662,0.06307757047197572,-0.7294339816186424,-0.4601402253098168,-0.7001864742526446,-1.0074929480438573,-1.5625713030601744,-1.3597874749339298,-1.0412781819660937,-1.1796780075415776,-1.3827969540997092,0.5546901439459078,-1.0726273289245916,0.22836396041264845,-0.08995967868831073,0.23278866621243305,0.389730566315862,-1.2243147778327566,-0.5366552103731013,-0.06836784186555736,0.22698814081843946,-0.9019318737672077,1.021784496436477,1.2017030707305625,0.40288583894006263,-0.42139697914734414,0.3950227132535314,-0.1015453808112125,-0.8049996844282733,-0.13080723739441302,-0.7897069030493058,-0.923456681054349,-0.48031420990620133,-1.2119217926801344
TCGA-DK-A1AC,0.4671306999514621,0.6812267215970608,0.09244679195890704,-0.07328321642144571,-1.0540976977429382,-1.753099265063051,0.4695113415022969,1.5488460453677362,0.9842122154036511,-0.42624232257882805,0.3190289971331538,0.6677964793821122,1.0875952697101203,0.05793514619513874,-1.8207793153844307,-2.0404640207870854,0.9701112786399194,1.0118724323697441,-0.3724930900674962,0.10618672662738647,-1.6660926489849819,-0.025067627952847824,0.6258885042073371,0.7158340226114904,0.6862460498838913,-0.6729707544763459,-0.081829714663132,-1.7208432890995942,0.40243494462138785,0.8636766678420175,1.3437883732206368,1.3861627266966305,1.4017461438878938,-1.1219805054145275,-2.2498889324828535,0.7283124013773203,-1.4406209160545713,1.24050955169952,1.1792419111700974,-0.050972460966366345,0.7593643728267082,-1.0214841442120526,1.6494642495632985,-0.09672068945191974,0.9865849188641799,2.704239088036399,-0.27234979205813736,0.6544841147453162,-1.7537631841093946,-0.4841269691318391
TCGA-BT-A20P,-0.7425074230030897,-0.9209347845300921,-0.4163131392117419,-0.7485873307878834,-0.5003532425432486,-0.39018955027047714,-0.39875216351482845,0.1597392447815415,0.740675707083434,-0.4056671344509466,-0.5503437536386037,-0.005908255378303561,-0.2662315650914115,-0.6413919568186403,-1.0622296285630501,-0.3311922302819693,-0.32428716312578515,-0.23990345977568808,0.622065741858934,0.23928953063014952,0.2063247853374114,0.5946027713361862,-0.6843112279577135,-0.6987067895398179,-0.9980970780075024,-0.09566917755957402,-0.548860196864488,-0.9915568315036103,-0.9181179419692599,-0.4834664794122151,0.0022735274572083398,-0.7849786509352666,0.001425575928838103,-0.6714012645108344,-0.5699731254374711,0.41705558531599674,1.1932966823388784,-0.5119583399632156,0.324942575627819,-0.21385078782624303,-1.090000223838006,-0.030082345605081186,-0.670678059025261,-0.08267502729691172,-0.32339994082336904,-0.11261574718853605,-0.9389214655706928,0.34446456868698244,0.2864004679233253,0.2319863181846051
TCGA-XF-AAMY,0.303021763615503,-0.48586484340706043,0.27474208692084184,0.6534711274973427,0.6866271056210791,1.0720879440852769,-0.020547168834555724,-0.3879423170533111,-0.2781216208027456,0.2209719131483673,-0.1487828566180008,-1.2729925320105258,-0.5563353581419023,0.6968003598555713,0.20138229134562108,-0.3344136392365691,-0.7010028946194935,-0.3753322647366607,-0.5033079102949628,0.15714857646565156,-0.7167596524373846,-0.12933302221697435,-0.3171002373096761,-0.35202551209698096,-0.21665696189968206,-1.2253884196434457,-0.7931639882447776,-0.5675054455324122,0.13744808837277037,-0.03952887264984704,-1.0784422358877677,-1.0791717121143152,-0.8090832393979793,0.7314178171321173,1.6919204763662334,-1.4557062625581294,-0.02134930247310433,-0.04290260184105064,-0.266930237982522,0.9361275032962786,0.005758162087638737,-0.911533854768369,0.2470232438429573,0.649977906427757,-0.07185553783607955,-0.24422531146684057,0.5371206194280005,-1.0015630798490547,-0.3541116998295508,0.06734084213277534
TCGA-K4-A4AB,1.0608444159915957,0.10592575257932853,1.3078749333741007,1.0639086613095476,1.0824223239828912,1.1076489072625249,0.8307191055368005,0.4942957399704064,-0.22595387328429975,1.1309499520738435,0.8086966348838776,-1.4954228713759494,-2.13254842503171,0.9517272484629509,1.5655678133860698,0.48542394827446,0.44909730444066004,-2.0260983572427755,0.8436882633338996,0.9786301949746277,0.7951729669923009,1.2444915228915272,0.3713270688509063,0.6316794362975746,0.8038080671286623,-0.2834586324659688,-0.03428530675208983,1.3868992406653173,1.0753004487490858,-1.3259652765286085,-0.9324671438960237,-1.8476581798448408,-1.3847525977248358,0.9939602895335962,2.03144445074506,-1.0791413225527766,0.6713735923123124,0.002993836549967322,0.4006040369998582,0.6360891176561678,0.8307647323688179,0.6072785323545187,-1.623241227857659,1.1468731090311615,1.2620193550877392,-1.3858743473553898,1.5042267305126653,0.045958126488307605,1.2684400687292883,1.2825352602891187
TCGA-BT-A3PH,0.5273676463228337,-1.0554139561101827,0.9185268199440239,-0.4450227676214026,-0.40099390180811506,-0.8567534635878409,-0.7855793159409747,1.1611457500672342,1.2460606008169763,-0.00413054193014735,-0.5417225483682832,-0.1681700369678398,0.5840022620529837,-0.564404833116677,0.7074256544436383,0.7343980672190628,-0.11136967903593738,0.663028625772354,0.22729337530205113,-0.0020785241076266407,0.7027085714806383,-0.47334364362136094,-0.5023319204797373,-0.4758214336408424,-0.5645099312334116,-1.646344122027398,-1.4195606577941138,0.14008019787471962,-0.717069715760307,0.43305603032390483,0.7244358125692539,-0.11534665247801347,-0.17776988720334155,0.045195541839553606,-0.7945668749329274,-0.18427447939508934,-0.05473665236312608,-1.1795906677463752,2.1843836453545293,0.9078921519191769,1.097123090285393,-0.2746581679561075,1.4996150319868358,-0.20599758969821363,-0.3776993522977222,0.8448222761160759,-0.8287490992174569,0.48722378268405003,-0.9889776602460585,0.1685985133876962
TCGA-BT-A3PJ,-2.2950958893954105,1.0844924391531892,0.020640542110973933,0.5525947187935335,0.4144648931549724,-0.21433147840977312,1.2447251027823956,-1.123843720368556,-1.4684455507468277,0.5651277346394029,1.0058785506784098,0.3446119560893828,1.1995820821670087,0.5920997734378697,-0.09946046531143482,-0.19430014005783866,-1.4578313368008033,1.1884026057505093,0.36906947663628714,0.05269376512022821,0.2643703453893275,0.1672398394130167,0.8617518131272259,1.4856089673038162,1.32651235329825,0.817102798677715,0.9610399863226812,-0.67862035550747,0.5478839690272229,1.4256680910338473,0.4749001579118498,0.7287808016091814,0.4310839897546948,-0.7739169473311694,-0.790665895070307,-1.715424250925806,0.4969865027765152,0.29452542875532706,-1.8344452876090793,1.0450880884588767,0.8046455258414696,-0.7124338159068786,0.5708369139547905,0.7846311842977362,1.146354137223241,0.7115701016880519,0.3829326338668703,-0.8673358352102377,0.6169212576563533,-1.2951615084477517
TCGA-FD-A43X,-1.0463637120158449,-1.2865487830310434,-1.9929450253553909,-1.287045270170825,-1.0399380143542905,-2.2271582127304943,-1.6940983899457065,-1.1663261548256525,-1.317300515512851,-0.9623939501484954,-1.5820759315479163,0.34303128688698237,-1.3270973996269064,-1.2895563817084748,-0.616517467721123,-0.8851284050341862,-1.677232966510117,-1.349135146895857,-1.3261006847508203,-0.787772124590176,-0.9844807312134212,-1.5939290174076726,-1.779526504150478,-1.4755131792551028,-1.5466575450257938,-0.31444343329476343,-0.9181893261977795,-0.6859754311852834,-1.3711546982138492,-1.530633425012343,-2.0261586256378004,-0.8831578729704826,0.34576518685888774,-0.8333333180576808,0.5697020127975669,-0.5260634627514236,-0.5435374352600411,-0.9731988195579246,-0.2431905717299152,-1.6532123059879664,-1.4361972805141734,-0.43143539472448134,-1.403629424569622,0.23802272913457442,-1.3553194759642395,-1.1563393530664126,-1.1638611273164308,-1.4148711046724378,-0.1951506306195641,-1.1869944113404038
TCGA-4Z-AA83,-0.6143479943097127,0.02539068620534898,-0.317037900566325,0.6667833277342726,-0.12196814435043908,0.30763416500437607,0.7349996008849818,-0.7721253816872066,0.47042016815179166,0.9964281189536836,0.36899589290716606,-0.7649861253523562,-1.6640160121278509,0.0560562529951045,0.6046434465050102,0.4323122447696667,-0.9403220055479713,-1.6919151433343385,0.44864275847157703,0.8331077334937905,0.7000404455490614,1.3903936965006005,-0.00918757006858685,0.46514911227200584,0.3268934601845995,0.47916482425276524,0.292316979229502,0.04773835849389682,0.6566515231578844,-1.4847715701296478,-1.1653159372381001,-1.4148791183404186,-0.6927902754739481,-0.25315840207214524,0.7539033947307207,-1.1444155919752064,1.3992796061685417,-0.6925813577449962,-0.939071048062291,-0.3269805258550775,-0.03180146292208671,-0.03651464858045565,-1.6585731152039194,1.093383623576156,0.799525344787741,-1.1767652187665014,-0.1478331282756069,0.592681523590269,0.2700764770182102,0.03131884388504214
TCGA-DK-AA6T,-0.7700737421547905,1.2993607504826619,-1.3119050097150313,-1.7648551253834581,-1.5914433308520977,-2.1205976883904833,-0.8672033348912616,-0.9432609872176789,-1.332736276789377,-1.6079628651802522,-0.25101420878667513,2.094374963976334,1.9494937922151077,-1.2061462689683162,-3.1268027610197953,-3.2288550862214853,0.11804980550778202,1.5570694816127981,-3.630871686524319,-0.6164917049709386,-0.9242888277098609,-2.7522968817963087,-0.8961433349864889,-0.4535233694021878,-0.5577077816369249,-0.43935478835873765,0.09197591067714371,-1.3483888628013772,-0.6865869716712252,0.3658465581606855,0.6953407297916979,1.9720503340432025,1.3932960400318493,-0.9490672245146546,-2.93146865790225,1.41094328396341,-2.2446374382874406,-0.04236954942345466,-0.8238666716112463,2.285373989825894,-2.5173213659956986,0.007239767207951884,1.090075448351104,-2.933899277444238,-1.1045647824297957,-0.2742646538849737,-1.4514554457518885,-1.104861452135953,-1.3291843017028997,-1.9925208387888613
TCGA-E7-A8O8,0.20134640439572496,-0.8811777487361873,-1.425915110206888,-1.3559700569373716,-1.0591078285351403,-0.3209362364478792,-1.4355528748755375,-1.8069439895374868,-1.4431434274413808,-0.5065505777258101,-1.1639782616726573,1.1098253194430183,-0.039341242719478205,-1.074824208957367,-0.8409911241274581,-0.6434163219829515,-0.44358654878557313,-0.1852885059037354,-1.5455857498308943,-1.0285910276790642,-1.5343324600124946,-1.7920699448752195,-1.1594306355922788,-1.397398883321577,-1.4399990664589413,-0.938981619509444,-1.0416729841059125,-0.07224478471353844,-1.1585714937529992,-0.8853530415239667,-1.8572214829624185,0.25794213895888135,1.0351151529075928,-0.6339126657763559,0.4639403835300091,1.059683436973028,-0.5890134364075368,-1.400725378733438,-0.8217871427617899,-1.2925006235014393,-1.5785552678586567,-0.6636242272751831,0.0677296038934923,-0.5791743758164206,-1.3173544213738078,-1.3618297435949314,-0.7931953241959053,-1.3103722668701974,-0.10207146800403842,-0.18660579313869277
TCGA-FD-A3B6,-1.7584337713331395,1.409763338916669,-0.7414029254185205,0.43835440391874564,0.0451903628957957,-0.29509813216180303,0.24291497029642845,-1.462879609953735,-1.4857965774614295,0.28732049539748705,1.0553110259533578,1.1481780552612748,1.0927427963795708,0.45975136149840545,0.013900451655573399,0.058477826909507175,-1.2498170825254207,1.0963454630150393,0.633163803178238,0.49968053963561343,-0.9966699874604832,-0.013566719851644378,0.5874432596997717,1.0487417866580497,0.9824476398029738,1.0294956385330771,1.2283451781126389,-1.092910345151242,0.6062493031100474,1.0603333798132597,0.642192422362935,1.2635334886708753,1.5875571764943806,-0.7332555703241517,-1.2786789418452937,-0.7974407167335013,-0.5232614561388882,0.6899062941408477,-1.159365641720978,0.2518863850138037,0.11884041746761477,-0.46201891146583446,0.4896591601320056,0.5288383949864012,0.5791174348786214,0.7270363334014565,0.0564787644131451,0.5840839852587911,-1.4150275831916856,-0.7258067177228658
TCGA-E7-A7DV,0.9162534307621968,1.5524863599501553,-0.3661257112562514,0.6583824810568254,-0.10990982384612526,0.07764551107238721,0.7073443323675586,1.2536873528288734,0.9482794689469489,1.307340264890297,1.8417741578783915,1.4708748699093774,0.5497785303229363,0.9334023443744482,-0.6887577153117722,-0.2282488555282208,0.7490690547384037,0.2299760146099244,1.5886806853455644,0.31587417335855555,0.416571006881758,0.4231945784482914,0.6471272436501403,1.6004716129602197,1.424820656582759,1.1045200383408225,1.2127608390811904,-2.063492375801909,1.2330486286247078,-0.5841304859356051,1.3507288519916651,0.5693512455041234,0.05382720626820491,-0.08203269904732008,-1.0342318821442056,1.5957726443473526,-0.6281407699988364,0.20685193568157856,0.06239327188461936,-0.7727566132046884,0.31733757525739414,2.4454318556590247,0.9468357764071395,-0.6425644115311144,0.4337532816200864,0.779140231058289,-0.26863847369758653,0.4908602329424829,-0.979919768420859,2.1093748503516583
TCGA-ZF-AA5N,-0.25682411831459845,-0.5174884127326685,-0.7240715068082183,-0.5668520576286626,-0.27880552816840837,-0.5217159162618435,-0.8049834655811171,0.0729536916124645,-0.020399348623203716,-0.23454962403100296,-0.6580041990558171,1.1457356667877623,-0.023600737107599107,-0.8406988556699815,0.7318821644635001,0.5415017171676632,-0.117152744832031,-0.1234039717284667,0.2574605909726309,-0.18351549219654634,0.15119795191945887,-0.03367179277276671,-0.2731452549312725,-0.6879609461469341,-0.4065897849953164,-0.09841921992966346,-0.2780838117912645,0.8525812877419247,-0.7706927759675309,-0.7554711275421374,0.009315644183372739,0.7420978347600847,1.0323735170567971,-0.2202870779575525,-0.3304794437834451,0.7004852967258073,0.7836984802385594,-0.9063200051045962,-0.1418889795786729,-0.6401626081694077,-0.26464697038357105,0.01951824805050467,-0.2674951759030106,-0.6509156126427387,-0.15705815988655503,2.0538150267274307,-1.1397121160713313,0.04388696193056426,-0.06809857404041593,-0.9792511931106389
TCGA-CU-A72E,1.2454835630568615,-0.551135612725239,0.411850533518523,0.3341890514239752,0.1529664973295287,0.21489435404346388,0.015525047605192707,0.9341470339356933,-0.4903543087079313,0.9339251783035905,0.03298961379326718,-0.25866898570319946,-0.32601401961086907,0.26774145236208674,0.2557402552021445,0.6256297587339004,1.3012040832268785,-0.2196381113280561,0.49999237040892375,0.2178806099553859,0.5013993616389297,-0.14769973102454637,-0.6529114377159444,-0.44454551678001036,-0.3944835417165267,-0.5573433987860219,-0.5099593598104146,1.3236504418829806,-0.14102899642208402,-0.4277784179118553,0.18152089249801778,0.08904814796445161,0.01840483388076795,0.38221606414473147,0.9636204479351665,0.9310824304826689,0.7947843107198685,-0.6374187028008539,1.541861415620446,-0.02076559992245774,0.21387057011216246,2.355209129529653,0.02654343890149023,-0.059935636041715167,-0.5460550439373172,-1.2620999538165243,-0.19680703810557612,-0.8945538891713704,0.13949008695223003,1.5317062187328252
TCGA-GU-AATO,0.6236280543684097,0.20818755775910847,0.2155024953366979,-0.45954554939169867,-0.17398700892729765,0.12347750304653542,0.39091254529143854,0.9700257996688462,1.1661265749730032,0.5170242278171892,0.41200863432570395,1.1743679821859057,0.015468635565708613,0.01857817679444728,0.6993004403239036,1.185738248760917,0.5085058799302624,-0.45134681220420525,1.3942737378993995,-0.5135747046449183,-0.14989014613418647,0.6227424240550786,0.170041968166064,0.27133764524871495,-0.0237664463351617,0.10336816496688529,0.10545337698479103,0.6192699872819094,0.2579475932006931,-1.3332398994839767,0.21155385541302407,-0.1353113631397938,-0.8568680146071688,0.39208539616214216,-1.7168689341188859,0.8382367663082899,0.30565310325178174,-0.07607531694451723,1.3935753221247156,0.24736134437793159,-0.6603464711650079,0.2925853094093804,-0.434373095297489,-1.614853900849635,-0.2923789353244228,-0.48464069295652307,-0.7194191693901167,0.8292134444971986,-2.7688537302024,0.1611016566646227
TCGA-GD-A3OP,1.1093685433761677,-0.29397609270587427,0.9701466847993898,0.26665998944085867,0.39374851523200444,-0.32659925349052094,0.5498979896595787,1.0763506862081405,-0.7269335981095632,0.3955188314052236,-0.22934392310695412,-1.5502864802178964,-1.294862272822922,0.3385803410698362,1.7752233855764457,1.0457918838149545,1.1375534293869505,-1.3923683001689713,-0.4847339081472832,0.8462466330260942,1.1355149363878732,-0.05087083167204178,0.31090771712179244,-0.3579691147555716,-0.2556027658208784,-0.022932700107121517,0.05692349779049062,-0.2250580457929231,0.3788003480188174,-0.45150878874413636,-1.4283781393955517,-1.411360496486173,-1.4545941162703995,0.21748978235364086,0.7131200406216033,-0.9194721453961014,0.6860176753996653,0.02536692179847091,0.5440415820912109,0.0627977933119373,1.2963022678590874,-0.7497070054675884,-1.3765145712796707,1.5228352860926553,-0.2575338175269671,-1.3482982703035258,1.285912117136627,-0.3169247744016427,0.5415360692149986,1.0126709611267324
TCGA-XF-AAN5,-1.4196574643876716,1.3355877541894403,1.7473874945768413,0.6375621511930731,0.4035689000008501,1.2313715779800865,1.288083467594721,-0.9215097208852273,-0.03974081591984565,0.7904946471512956,1.4767934800928184,0.4967899007697047,0.6993272392033412,0.35530987196561753,0.2526326222995797,0.1564602890843687,-0.20336958455149964,0.8059808150109549,0.10568880903907873,0.4169155139452963,0.559383958863243,0.2846084553039507,1.1632599572260838,1.0082985928837624,1.23658146157269,1.3189955410037444,1.3529444239505688,-0.5565316466332326,0.861605202888281,0.7409790168331826,1.373918466178186,1.227434297645818,0.18132307179249815,-0.778687514241834,0.258182168176017,-0.4008642933493652,1.4157386375443965,-1.1622604540639547,-0.6469918142648555,0.6466517244936388,1.2044768736209228,1.238998752098924,-0.1090475673471845,0.08719686628727777,1.2476503736694322,-0.015458397381231287,0.5973954149403624,0.2474365631395076,1.1717676831409334,-0.10859043691176005
TCGA-XF-A8HG,-0.23110530133061097,-1.5338441586901193,-0.8752636231778598,-1.8720106340908858,-1.696524466665262,-1.6720049336906844,-1.854974653368818,0.4919511231849857,-0.498182573879162,-2.5952106892719167,-1.8066281092469938,0.4435719389793943,-0.2330245254196198,-1.7542616268203424,-1.1045126635196598,-1.2033099118519193,0.8010504907866062,-0.6071202126237903,-1.0561463958010955,-1.5340127838125048,-0.45141797655861465,-1.9598647730875531,-1.6339077797945616,-1.9542181886159138,-1.457787135470904,-1.6468300399835754,-1.7371203055142923,-1.3053055664820825,-1.931730152265183,-1.0533570168137851,-0.02883960687685561,-0.09084108760935772,0.5945944363040616,-1.238919445693051,-0.9473806341757551,0.43414775374718206,-0.8961210850030003,-0.40055431430367,1.7268107680009368,-0.3588643461109697,0.8227498851235518,-0.5853727684427248,-0.20687380649269438,-1.2490297751308836,-1.4415622807402704,0.12117273560011783,-0.9662145746317137,-1.2561239492383733,0.03183323167697019,0.04243509076803872
TCGA-E7-A5KE,-0.725308597825402,-1.5448763965043897,-0.8135971431010353,-1.4475423008579382,-1.8033494950108508,-0.7011824408495323,-2.3574465096657007,-0.33287522127893987,-1.0149939856630412,-1.2113464197572557,-1.4616913150419846,0.25013526738492153,0.9239197124559464,-1.770093334849958,-0.5776242264304444,-0.1623961808054776,-0.6034545592631315,0.9751489035712825,-0.4874528448535317,-1.66792876641081,-0.6204167444798604,-1.9973918226873664,-1.6640480593388172,-1.8518313268924644,-1.3636652997713699,-2.108336572522053,-2.212603627230902,-0.48815250953011535,-1.7340732350204606,0.46298482682237824,-0.9255842452117611,0.33928070294954094,-0.01571147053571549,-1.3233302849315896,0.6317569182991911,-0.4397970680072405,-1.393006429737895,-0.8467925206113963,-0.08393813401098649,0.034162849246173625,0.2549583781991046,-1.842925896240756,1.3768923993447748,-1.7466233402330276,-1.9640205460211526,-0.8247981770849611,-1.3723622602657721,-2.212225828997493,-0.3007341437170971,-1.899292484288949
TCGA-XF-AAN3,0.4832202269464841,0.20240493450858454,0.5621851556733745,0.5553056649301626,0.866544704177471,0.9530889122480313,0.4608511199907644,0.715833958198724,-1.1499698117196822,0.8171691265535385,0.48406032156686574,-1.0296396048372551,-1.387231305597933,0.7923052849560941,1.3775933879221622,0.5703590494274265,-0.38312399836792316,-1.165443607284365,2.0414955818566907,0.38988159773398307,2.6935530706591293,1.4275825786398975,0.14265317969299113,0.13732516519289686,0.23403480614270417,0.24744502849002006,0.07291687853711909,1.0595025756395353,0.8244790114670582,-0.24564203169861717,-0.04346697675405566,-0.9191047862465807,-1.1850160125005882,0.7893033020199289,0.7853190134740408,-0.7081772248660876,1.1474974069136668,-0.2187767097451755,0.4508954888344689,1.1995799640998728,0.8344780118467586,2.6467745483372314,-1.390252485970215,0.749990129514607,0.03655177483103342,-1.0122134684935362,0.9037333054098499,-0.6180278915689326,0.2962158565638985,1.2446464116063476
TCGA-GD-A3OQ,-0.9013725948059693,-0.3761371731946162,1.37991792394803,0.28274348327793974,0.3693474075918524,1.5572164014191014,0.9231189904235247,-0.07227800270837673,-0.42316020219280887,0.6545740593967883,0.4179007042700069,-0.606479818360619,0.5247072859444061,0.46609262066124246,1.7579101918846787,1.4072254373094935,-0.6205954665565603,0.8688825628905245,1.6970803660628269,0.6271857249379882,1.2159555500128765,1.1401858962630842,0.36431564137620837,0.07833716454046478,0.4310914933194236,0.24110140364404634,0.0823277724561031,0.6789973145454913,0.9422372176689505,1.4687252846146577,0.4586441493946335,0.09580302711626161,-0.20861087720902366,-0.6472391991292938,1.270669265224729,-1.0785677758862937,1.4026716245015485,-0.5746818674650357,0.04818228575453943,0.6655074947335512,0.46365058723357216,-0.13102142761979005,0.13843848835556305,1.6941229914256517,0.8326338146871245,-0.616825968683615,0.6997235733721981,-0.039776016452592274,0.0011701792656937365,-0.37232525533573413
TCGA-DK-A1AE,-0.2867678837151799,-0.6155351726459694,0.7144980634570481,-0.25065886981603536,-0.8373028857990743,0.4501522150227195,-0.747159969746082,0.03668154131579782,-0.3711126549303593,-1.3131626313245728,-0.5960890200963341,0.5094588283086268,1.1294468339971164,-0.616405502357813,-0.5195755955114888,-0.47675621981373156,1.3080211263070038,1.215365444214801,-0.17283638245337005,-0.3500109533733761,-1.0494920187438517,-1.1583130453374388,-0.770827421904073,-0.779172446212189,-0.780420536634255,-0.4126652829293878,-0.5224998233721351,0.7268190045230162,-1.0059926436229445,0.802395427655467,1.460785654102596,1.6717269705351852,1.706456605086174,-0.36433279382328176,-0.2848139526828759,0.8351448748210202,-0.5113251156164338,-0.16947483700384725,0.23973033521014167,-0.16214957125263307,0.28424146360061897,1.936928264225728,1.2083963885212539,-0.6507440426529301,-0.9577528564944933,0.819287968683143,0.1628507611443957,-1.8328266519105187,1.099444475407093,-0.36581394786807087
TCGA-GV-A3JW,-0.45130908761526517,-1.7087198183445966,-0.43041789958621457,-0.9814711138147713,-1.303327111866214,-0.7185528528604476,-2.08647217241894,0.6952344112011086,0.296651902144549,-1.6405448644945615,-1.816059375831722,-0.9430258805995094,0.25729211251644685,-1.1728402368122846,-0.2307101567183494,-0.4405106735746835,-0.20333697850144225,0.32000866012258056,-1.4086252879598495,-0.45661465458675965,-0.06913324633732075,-1.7285150621981822,-1.352576247564985,-1.880079488146753,-1.5358572533939812,-1.566820728768257,-1.5163884493501176,0.43689429093736615,-1.5911867236048047,0.17131853590812027,-0.19425265712281967,-0.431708363782009,-0.1844652644663924,-0.7536800650843402,-0.10224748057324733,-0.5830134586910029,-1.9021732805261853,0.3228348041733829,0.8540577377295058,-1.1112784267546738,0.4950330483151745,-0.9031186154915319,0.5927568175257917,-0.22401774790072568,-1.9023205029077714,0.16757943735883224,-0.06004017876219356,-1.8095209161897101,-0.7736722918340755,-0.04144234142443492
TCGA-FD-A3SM,0.8589238129439378,-0.7015479808794867,0.5800029154999148,0.5385240182497709,0.49353694586158486,0.7498110404195792,0.26693490069362197,0.9011262926659706,1.0992132423958587,0.31526658632557647,-0.02738651392613402,-0.8811643369019235,-0.8102088362789613,0.8555786062124184,0.007707453141469387,-0.2450184421293814,-0.18178462216940744,-0.659363162982724,1.677806091996092,0.493634557100502,1.1486124976126166,0.9177703754554187,-0.4502764825561423,-0.39356775623796103,-0.4513909345561367,-0.6540914849453322,-0.544033543276423,-0.9494539477621949,0.04870206996024909,-0.11860260645048518,0.988156034050777,-1.1215348662277298,-1.3725560230858582,0.2823759231082432,0.7568135035841986,-0.6679633581377641,0.9023234926652246,-0.12712803922811597,1.228943769673212,1.1203161282203364,1.529013392717716,1.5868386391494858,-0.32828611907333555,0.3353009060448583,-0.532673933744241,-0.520851278367306,0.479970696129351,-0.9488139483259705,-0.12305067658377897,1.304061166048779
TCGA-GU-AATQ,0.10825587425185311,-0.39203999788833976,-0.03447900921782946,-0.07459755491134147,0.279779313603522,0.6230684036049214,-0.6103839263545625,-0.41863489898331313,1.036104788781783,-0.02922768087124208,-0.20995320022277536,0.7318265321909295,0.7464320600656705,-0.2917171462586067,0.057618082225851484,0.4625479362771876,1.3301118191532868,1.0010228429202408,0.751127414481061,-0.1785458279052561,0.6222676391489113,-0.6213378750070939,-0.5821150519509858,-0.33086738376103403,-0.30016103502091346,0.23930718971358222,0.02205412611292071,0.9785668689596569,-0.4187923943277403,0.3761759089294256,1.3430403559037905,1.2550199425385105,1.2417826542488606,0.3070801222772017,0.6054447344505353,0.8107216690966731,0.12523079630399717,-0.44879216933927824,0.788411120742259,0.36602645333504563,0.03102641639809884,2.3522538131526143,0.6984988911679848,-0.7268092378978025,-0.6459173550139711,0.6977764227268598,-0.5356460889631619,0.2755667885469484,0.15435358556432505,0.598120003771284
TCGA-CF-A47S,0.3490002726250024,-0.2907341261599438,-0.6045297314665429,-0.9491277027004392,-0.9115479714741259,-0.8031186618215004,-0.026195949220483235,0.5784534069440818,-0.134474626028886,0.044212084667544456,-0.3476348383034372,-0.06382104556423275,-2.131181877798559,-1.04601053660757,-0.1378803512238582,0.012044399933463307,0.1441674702038893,-2.3029326908544387,-0.12290455583100378,-1.169739319381517,0.5486331222543355,-0.3398910313054866,-0.25062407758504474,0.07822153896138517,-0.15592230669153714,0.3751826246679741,0.10470976718802029,-0.9058526543027111,-0.023159494629648662,-2.4250287639287387,-1.9651490851521995,-1.404253802081647,-0.4125667769534393,-0.8236052424601326,0.6091873632876273,0.5695732189999435,0.6016432530060719,-0.5832027701667682,0.24676606494441436,-1.9663710063476414,-0.7632205233087789,0.16159358271253751,-1.7252739308254235,0.5304398964108555,0.19681442019870365,-1.6563053616433805,-1.155319008122673,0.25812027188452963,-0.32500055181794135,0.6913590091731131
TCGA-XF-A8HB,0.643396588380528,-0.863009780102528,-1.0141194259137711,-1.1884765660108496,-0.6732863755824666,-0.22255332243026182,-0.5932402413640178,0.8271740571699694,-0.05199056214917145,-0.7462533700437808,-0.9959736440009097,2.2222114221065183,1.5253349889021717,-1.3589544558770688,1.0241928336126462,1.7119806743231603,1.6808067276295,0.91507616835778,0.34911050583903724,-0.442677539125959,0.9931141897491587,-0.529750922973233,-1.0870280034249251,-0.8746083140031825,-0.7028336771201573,-0.6153612484524159,-0.6845528205300004,1.4518076243992484,-1.1078226294427949,-0.1430522136660376,0.3273872931903068,1.3288840709906373,0.5239963006409799,-0.6193134178638755,-1.199295254581079,2.897584454974297,1.5639154788380516,0.23535242408007273,1.8899704651138511,0.3069065466611802,-0.5359622506362879,0.6350667937679937,1.4959873816489864,-0.03141630170564157,-0.5306045078508453,0.1468184621839698,-1.2208001745598802,1.0962783760167787,0.26715390078573553,1.0578266745262082
TCGA-XF-AAMQ,-0.9846370357394779,0.5968215231595038,1.18971074872542,-0.21099951052844232,0.053603291476092885,0.5487743170970812,0.3873858465283399,0.37749749523343473,-1.094513367717425,0.4729337134988324,0.7574578579573334,-0.1535245614677556,0.3019035007679425,-0.37729979861887514,0.9910195093304327,1.0495967561097694,-0.15798149639227502,0.45757567937099236,0.32344674352398306,-0.3545763186499032,1.7371134295631268,0.15867778069453248,0.7491338784152595,0.6127809185107017,0.5651897616074306,1.092882316600206,1.0725531782976834,0.7903668676640699,0.6729862607782017,0.9486916275843638,-0.3144882943671767,0.24257571241019366,-0.16412241967611232,-0.7401609593604789,0.4182658309738031,-0.610470451453648,0.008944768906356914,-0.6859173970221001,0.3794822298267961,1.2100177826666392,0.5853181600817725,-0.502315774089073,-0.03554026659567295,1.2635883373276182,0.021632812506970567,-0.8892599876778312,0.14568093311180957,-0.6168879431899971,0.20258620418231604,-0.3110117848154373
TCGA-DK-A1A7,0.40095676628168825,-0.5616021766628434,-0.8969009334005542,-0.3420185282390115,-0.7575808902587513,-0.041402215116692564,-0.6195092935828466,-0.6159411817603091,-0.9433241471120469,-0.6834437225942893,-1.149056092077517,0.7370628776230618,-0.06348733931932905,-0.5105601378355816,-0.1839964113680169,0.284587851704648,0.30650409285183045,0.04721661571244067,-1.7008836046422449,-0.7522251647573068,-0.7644051868601538,-0.9136603859766509,-0.10596656077802809,-0.6516748434727009,-0.8570950533492713,-1.2189246128032414,-0.986702088768362,0.7967059177517172,-0.5916602932831223,-0.6180862157906927,-0.9576502055999211,0.21577735032193684,0.6279099269646895,-0.1775892528487452,-0.21043375167976613,1.39817701080644,-0.10883822689438447,0.6272488482770854,0.9084531457935582,-0.4088798338464478,-1.0044700413638266,-0.4701769155501196,0.7153118751509934,-0.13683074648452234,-0.5149986926135318,-0.0913104684078866,-0.6762943876472622,0.27920591228785074,0.7069488654643016,0.5036378176361103
TCGA-DK-AA77,0.593922948644637,0.035357469032715756,0.8910607395730672,-1.211694537084104,-0.955377754864666,-0.312063936658517,-0.3738066888962746,-0.03683707983493788,1.388105249054412,-0.17877615501753813,0.09265626150975007,-0.12878415351966482,0.11364903511684078,-1.0006023557025163,0.9737455949169007,0.7258930065022621,0.1474879764334823,0.10671127542195002,1.6526486910540763,-0.6559486650991374,0.7055084561754958,0.7326716516591106,-0.2176439044315951,0.04513807675611081,-0.06727953783013674,0.6247065480037889,0.5359880096508748,0.33903748910455317,-0.21376825199411467,-0.26193753919282875,1.3474431439934662,0.42811497456893777,0.23504694636303242,-0.7959947226164813,-1.2086539440192796,0.37074538216715586,-0.037727359106679174,-1.0849459392639398,1.1702832456141716,0.7813107315049586,0.7330443437433855,0.3446020967688128,-0.008014637937823582,-0.06790730144411199,-0.2878430636707823,1.2838844959238052,-0.1805595143028598,-0.03662256182978534,-1.2239065078520415,0.18799648466971855
TCGA-E7-A6MD,0.49571961220515515,0.2268119465284257,0.20419028357381205,-0.053775547281498096,0.49387869180248717,0.14419950084341096,0.1891600484100462,-0.08095958579091601,-0.45020259131916485,-0.09878332487693023,0.07296507246332669,-0.41962128666454374,-0.7432858035978613,0.4181663946615183,-0.10658940215398968,-0.22314494264596374,0.09140770681626056,-0.5996720557567969,-0.5241960947507669,-0.35428863046595377,-0.6066169772900214,-0.3972815839751633,-0.15872099419325497,0.12037479943332428,-0.20507090892237068,0.0045234566992412234,0.02509690523106654,-0.025681016781492174,0.049060973547398405,-0.12584982435772066,-0.31273534270607495,-0.40541444373034646,-0.3982067912992097,0.36628826275122384,0.47614638925374647,0.3673013656267299,-0.6870921977434338,-0.22151376459759559,0.18152786783783403,0.46241943306472355,0.5563390444533576,0.42621683427141105,-0.48090872083340735,-0.24082974793618858,-0.21429261709151204,0.017813391047805705,0.5861432171259234,0.16808351583328865,0.07685964276583995,0.4419077925930476
TCGA-FD-A3SR,-1.1496677223906275,0.3181451313262478,0.03673670034758869,-0.20146941976063254,0.11757422635737155,0.39762531786480976,-0.3320910808144234,-0.48548173314040577,0.5222926821619767,0.3428142430894883,0.5290902622494973,-1.162559291719358,-0.30915446294154686,0.3697505020448266,-0.2740535822635231,-0.9824849069868233,-2.052413114109228,-0.23215614454893313,-1.6944622126287296,0.1582673836628819,0.8950618256823154,-1.5436273073714808,-0.052643215420163876,0.2260996672993048,0.19700543441957194,1.1539738218577127,0.8646487445782849,-0.8441249057883807,-0.041771316865858964,0.4220068566305783,-1.220527217556498,-1.379470044819381,-1.4503899562548133,0.3357734693555155,-0.750903774370593,-2.866362206376084,-1.8292248488588128,0.7810362032569445,-1.8750537664659972,0.6381643468559347,0.47718946328411743,-2.1901647279773457,-0.3702204759171242,-0.9102473299630193,-0.9515622816165041,0.06611223348882692,0.5648933172192594,-1.426598215275898,-1.1603287067838615,-1.4827016599944265
TCGA-BL-A0C8,2.4176998008588555,-1.0260302307668763,1.2603255279083119,0.5946679957242368,-0.6671595850017463,-0.7870574884164314,-0.5382439698236212,2.9996934372523323,0.024524652531854492,-0.15765853684830428,-0.28494763065315437,-1.1222972484625153,-0.12758406216998155,-0.5209890103044862,-0.6125503165248909,-0.9718851179955509,2.5679943391094127,-0.06453440077842663,0.0751679927503742,1.3448413833696138,1.9720312310468289,-0.2627970950214537,-0.7787357500261843,-0.354713136269024,-0.5811340821082531,-0.12185339586141716,-0.4960508022575968,-1.1230552780014111,-0.3640650015485133,0.446580525319869,-0.6121811819440205,-1.0665177741968992,-1.5125150788748014,-0.13176128349235047,2.208467549834915,0.7111832659897298,-0.7230736458774545,-0.27233477833581293,1.5212705089967578,0.29084347855630505,1.1478880084136545,-0.3338715047279158,0.3208622792038548,0.3468302338696942,-1.3255347224704281,-0.6365856924679331,1.0110325496556067,-0.9786132381669065,0.7936753336897083,1.8225901532147566
TCGA-ZF-A9RN,-1.078340325001,0.7420819551608924,-0.19485050283698643,-2.171678656464802,-0.49309830364923657,-1.1403290606419019,-1.6590388766318147,0.6610464302251683,-0.15182260606521783,-2.3135106707368203,-0.44728534457939373,1.468616945402265,1.5995276970939178,-1.1649923567586051,-1.4677626180931382,-0.8723936537069589,-0.0808352284255182,1.6657313943838636,-0.5973137683728512,-0.15592361263819368,-0.5629491837497111,-1.6647718775281468,-0.7149719353298631,-0.10230146264932359,-0.22064008932761228,-0.4054853785296622,0.15330194970191757,0.03012528627166025,-1.1170709649721517,1.014683754488844,0.8842927908226643,1.6133404903168913,0.6728908046731326,-1.409046359805188,-1.167383824918749,0.15143360585636734,-2.1664666522568283,1.433815192116805,-0.8317293556653865,1.0578982304220559,0.7679177722557169,-0.6018356964649333,1.9429306111084572,-2.193432805525959,-0.5280474017122173,0.8037586063420059,-0.9769337550416453,-0.4062818015425339,-1.037439240128739,-2.1945506119807106
TCGA-CF-A3MH,0.44795462418871945,-1.0322517844436008,-0.2455861424882155,-1.2520764828301034,-0.6153052398093397,0.006726896555790843,-0.4479517918234667,-0.14095015213719803,-0.11296379553513705,-0.3503736593665721,-0.5795277864144375,0.20625747928454685,-0.683246760472389,-1.1183114958897955,1.0926077657924118,1.5375403370825573,-0.08372848933329342,-0.6942267006531666,0.7455347818158256,-0.19158826656837316,-0.07423338537484107,0.017484391226504352,-0.8521138481795388,-1.0240639072154303,-0.7821806518520451,-0.8669690512672399,-1.0358476346657968,0.8250610348260626,-0.4291242204520172,-0.7267174772903675,-0.8314247571876813,-0.5888774487189841,0.12306599508174704,-0.428788441372166,0.4840756522106641,0.1480486991186984,1.1597986080565614,-1.3330785117159372,0.5175293999043458,-0.11669206169978905,-1.0251599194781054,-0.006459881579444858,-0.6559365292288865,-0.38389875493566655,-0.496202133498038,-1.1760129689946741,-0.474931737624346,-0.020196387428073358,0.04385325666702779,-0.6780021603012192
TCGA-XF-A9SP,1.9882390856694454,-0.14401466739120417,-0.32139504879339165,0.963455247590013,1.282254992544242,0.4018430552894624,0.31398091730870875,0.5847858914722383,-0.0794744048814584,0.8375170059394855,-0.11469345738046419,0.13230297596425247,-0.82166567693466,1.1417879728980054,0.23805000281099828,0.7905040548144769,0.6619650616380732,-0.9005612707555697,0.3091816589726738,0.027459369277200826,-0.9788345431357478,0.3483158964548236,0.10087226692724034,-0.10640353171903104,-0.1821723962503313,0.12449752227720086,0.05837717798810076,0.019738415277773442,0.3887176116463854,-0.9793251279180106,-0.6822186297991751,-0.41437966840083557,-0.4844848936856205,1.8416368441882895,1.3135725638049962,0.40224373630283655,0.0977463105486871,-0.31547893289928874,-0.3443719492444925,-0.7321750472687383,-0.6456712335484357,0.42930566687855204,-0.8109526586401355,-0.061120955958381115,-0.2560676664528678,-0.1605103882324264,0.4999019332001647,0.23410166437271754,0.2549223607620196,1.167031055933934
TCGA-G2-AA3F,-0.602692095383442,-1.2558302234327594,-0.13363168621151372,-0.7330697633916465,-1.207496914658589,-0.9184376795598477,-1.3827883548316489,1.3062087986456508,-0.7646916940813255,-1.6165110633041195,-1.5565878383066363,-0.7078636352009576,-0.33140830302005264,-0.9146207137836139,-0.20621605485815292,-0.9877385057768534,0.7169848428076036,-0.18727540588927286,0.2092776219484642,-0.5486075587875235,-0.7917916923478676,-1.509146952460035,-0.7517584455542183,-1.3176262130307548,-1.293870253671592,-1.588224902698927,-1.4707399068867257,-1.1434317782231558,-1.1809292708634929,0.13597130194298132,0.05366620359567639,-0.3301348004926643,0.07571568946499743,-0.786358915166464,0.5141752570474086,-0.7307977472254646,-1.7249879053568007,-1.153160714019426,0.8775529769685094,-0.9904665839526743,0.06333917288465901,-1.1734922878102676,0.272775328852776,-1.2922085322513692,-1.5088948831220965,0.8230712059688624,-0.9983574988886303,-1.826625544371986,-0.9604558210142805,0.6545797734672582
TCGA-4Z-AA7W,-0.4211919642731523,2.023873636677708,-1.6065351731646136,-0.6733282053322817,-0.28044300071206363,0.2701367554068899,0.4557997192628459,-1.0882571051566547,0.4618464817811357,0.33503171914283814,1.0577569912668003,1.2856556284170646,0.39894140258022653,-0.3192900398827712,-0.5854061328809099,0.28259248097775974,-1.34850316254808,0.2890187925861187,-0.5068710350719536,-1.5738947154669871,-1.4042485122800832,-0.2517790896519903,1.008599161313636,1.3167162431913264,1.1432331288768627,1.728725300697668,1.8925627427903542,1.0160394144151834,0.1853488723527689,-1.1008147430489312,-0.06975770979730098,0.5299617449817572,0.5291120397728638,-0.12202081856530111,-0.5018125986336337,0.7715484746973127,0.32674311516594146,-0.6952935637922355,-1.285887784144454,0.7520652170679297,-1.9213207190407768,1.1127222291075254,-0.11050437783788972,-1.5743510472120337,1.13496977004441,0.46173640250377906,-1.4850679807906104,0.130602015918385,-0.9717013130151115,-0.5725809188561515
TCGA-GC-A6I1,-0.6294170928594948,1.9269200123351913,-0.16394721804676193,0.3037750752436293,0.3439441152349562,-0.25888219330690887,0.9594817524666642,-0.47126737016798675,0.9522582334601967,0.7098788449413733,1.719024344613454,1.130129139721654,0.0706237719305062,0.3419963343027604,-1.1810717840517961,-0.20531535852173563,0.4728594411251919,0.09662726106753988,0.6632540617710754,-0.808284133535747,-0.10687018437735979,0.6301618268946715,1.3335819508312285,1.72185967203885,1.9150854094238141,1.4581458664371183,1.5584068738346326,0.5500574713052129,1.1354951959827542,-1.038808473353273,1.3906846618559996,1.1964018787345605,1.2482573756486306,-0.5062751143093163,-1.5602750397213538,0.7925640138556728,1.2247780946244267,0.41787209385561186,-0.5823211023085801,0.973427557357788,-0.1935410327057406,0.7397104335914679,-0.576218305241104,-0.09211833990349395,1.4483972738893083,1.7971291598039196,-0.5659800953133759,1.3039303052302686,0.1525494257108385,0.5834889007495149
TCGA-GV-A3JZ,0.11756521234338181,-0.43304574131293366,-0.14856633112038425,0.5743572934725572,-0.19309779843764893,-1.6597491590874351,-0.7917225097967558,-0.3722226188967941,-0.10135599115289792,0.1084019995436903,-0.19520821328659144,0.29423306531572024,1.0414518255166039,0.28817453053871417,-0.8981071753088236,-1.0654737349275398,-0.014568246239777477,1.0690902673473148,1.1374284664961056,-0.1802691315569426,-1.1074022182154024,-0.4340675246655772,-0.37566236301616773,-0.4037562607301506,-0.6887337355068043,-0.9920389266132454,-0.9233324190888557,-1.6376823142625023,0.031166147744442867,1.3973352323781625,1.191117404077882,0.8852779734652056,0.5610875025687542,-0.5158477794256641,0.1559978274749498,0.033769075864186246,-2.3360684535460625,0.617049850345543,-0.18902227274816188,-0.5960721551857449,0.5413421612976275,-0.844427429160741,1.1616374325929142,-0.12659988647443057,-0.7935745417995931,1.218970419779217,-0.031659984761377144,-0.1875530726160231,-0.9468177165930449,-0.6001940245218121
TCGA-DK-A1AA,0.33611432927127605,-0.399865841144709,0.820189323227149,0.04410102854522346,-0.30715830908389796,-0.4777224669721221,0.2634294196299371,-0.4061368697813742,-0.7685776785677055,0.2677068665055947,-0.14202944879936558,-0.5981631178940993,-1.2051971088545566,-0.4276940677671102,0.8160631574076693,0.41764434426621705,-0.27873750994923596,-1.1403005843147187,-0.15180655436867524,-0.4329880058245256,1.719939862655322,-0.07091239829132552,-0.41124513452386374,-0.4754744563970306,-0.43933292222944204,-0.19136132564281608,-0.2952212379217285,0.418062338853173,0.15071886810026436,-0.691467492428096,-0.615658581134233,-0.440656104659906,-0.08839831687547434,-0.8529889124101099,0.06337860977226134,0.013413144540391029,0.9020492766446013,-0.8416659211305797,0.26433070782169055,0.01684556870548518,1.3540604785104668,0.3148165118475756,-0.9370232289117365,1.808574513160451,-0.12795879084592054,-0.6753158083955626,0.34719699941870596,-0.6789531900543618,1.3847244422730396,-0.6646165168769078
TCGA-E7-A541,0.09309682323924216,0.533804141453123,-0.6845478189284238,-0.6683007315003517,-0.055854547033968686,-0.19150349183411314,0.49735355767948547,-0.12970937387052647,-0.9090934871250328,-0.3991295358992008,0.1752158610668854,0.8374494484542153,0.9571034348946666,-0.6010404771561138,0.42443081656369536,0.852592599770161,0.06411562023838764,0.6550355608646548,0.37002310718727294,-0.5848813973009728,-0.061478419879502644,-0.7863249775829555,0.19444526782456523,-0.04405132844191931,-0.03336177145253372,1.3838077830968634,1.0375718862485475,0.0644924514572531,-0.25542071822009194,0.5303578133058807,0.11523036251937506,0.17821976335318876,-0.3333985063316788,-0.7085008328914955,0.6052138215606598,-0.19287297227279002,0.9348263065213284,-0.864846123747165,0.14479962717927153,0.40118627865953743,-0.922780600807502,-0.33636871347837993,0.4179022277987371,-0.7507134414612244,-0.44436513423449614,0.097307822277761,-0.6645180455423372,0.8732492497845823,-0.3450214662595622,0.3623822382507425
TCGA-DK-A6AV,-0.1350335909962425,-0.17078813810117846,-0.16551704894412764,-0.19000718058291416,-0.5496564004135742,-0.0024183934528157584,-0.4172254427006772,-0.6217628269388015,-0.16466833037389,0.27477015269921584,-0.4772284296860174,0.8933399975008501,0.8585280509472084,-0.48732350877285824,0.24685766086998254,-0.026620982357948297,-0.7816099549083968,0.6716309229431633,0.33875338879135425,-1.0146854182849336,-0.9923186569663371,-0.49000939314392344,0.05576503582965882,-0.47204995970618363,-0.32282355813300934,-1.0900007256501183,-0.737837520035912,-0.44430256214579084,-0.2651210068533003,0.17432601496553451,0.5115919158982483,1.024753495062179,1.3836252478970124,-0.8280888468919725,0.5283557584501928,0.20937495586356308,0.2571141079948206,-0.7338543405833499,0.754555271648202,0.7686389487164399,-0.17822994059008943,0.28113118282090993,0.08712616762470785,-0.1722447687019226,-0.24930704492760117,0.8270875338187444,-0.4739940537208578,0.8255199236014908,-0.21881666420811058,0.025066172648182936
TCGA-E7-A5KF,-0.0034115819149208725,-1.1734105227944915,-0.40156582262378265,-2.0154673413795416,-1.7650270697513029,-0.9437891369964988,-0.892344647398414,0.05705603738734567,0.25609385917811245,-1.7640886678065582,-1.4563336745169677,0.06101221681737731,-0.5043593482904767,-2.0993736492384287,-0.308054134920755,-0.6455591041449121,-0.2247650445633552,-0.6202917949205217,-0.770540964651123,-1.0771575318230895,-0.9465635349710428,-1.0368019692003034,-1.8060710375159212,-1.0439967485232404,-1.2207434686654404,0.20371267667369852,-0.31563961365175636,-0.21965113638516717,-1.2443361311747234,-0.6296038895983124,-0.9814067667735513,-0.3051483488824231,-0.2384841298990857,-1.7694221367077096,0.3911200705276355,0.1568125177297841,0.05684630154064349,-0.702572274983613,0.9319451284897579,0.13668543690262724,-0.013294172749498494,-0.03786659741108728,-0.6607596231629219,-0.8861948676346001,-0.5696542715679971,-1.277735452002954,-0.9541232009647098,-1.2538627995042997,-1.2309130684208878,-0.9429798211963665
TCGA-GD-A2C5,0.4582734703841653,-0.9399612480930588,-0.005634806164959748,0.2798081903374125,-0.4344306221062082,-0.37820358315779,-0.36317390497437796,1.2427963521932544,0.3892849497793897,-0.265965112979317,-0.7533791848518615,-0.3617235303296273,-0.17919174747092648,0.17657792179081003,0.1480688652633735,0.14911235734996792,0.3072420484106972,-0.24017655680336847,0.030273619290570958,-0.5603046875615528,-0.5083287134703232,-1.0004490829469015,-0.6589365555359901,-0.7679938982300869,-0.6376858461929842,-0.016792330957358808,-0.2071012815879245,-0.3951107398349785,-0.8528158917555447,-0.3121397898698215,-0.03484421119111613,-0.2755585290532083,-0.13335652424511305,0.3639567778862908,0.4172041779340061,-0.1790640832713054,-0.650068331098403,-0.8403849787681584,1.5017329362445406,-0.9977740469076232,0.9646074012450727,-1.4384874445883804,0.11535900120653401,0.7770725332878059,-1.0874154332422197,-0.20159479000543423,0.14398550398913512,-0.8660161461045978,-1.1963900841456423,0.38648104119822624
TCGA-YF-AA3L,0.44980175205976114,-0.9705693283460599,-1.8137866425772808,-1.0498140706090329,-0.6318848972640488,-1.4002885467458248,-1.0419899651148365,0.9947316628237117,-0.9626340071803391,0.28701139473088894,-0.9835679341081397,1.4430058246997166,-0.5545918223140869,-1.177151313339745,-0.342813757148776,0.42519386757293043,0.5215591248003265,-1.0793792975218477,-0.5466284961108677,-1.7535666530197211,0.3000664307360421,-1.0755550630476447,-0.983930887364695,-1.326934882131881,-1.205220119987416,-0.794678701379816,-1.0440563074807492,-0.16362957486273066,-0.8468790129854377,-2.0335296064406045,-2.1830048717125607,-0.8390628255097563,-0.3346390863234063,-0.2717104639801384,0.7127757420132569,1.2815597027409946,0.48005726262467124,-0.7615900226224123,0.9887799410757573,-1.5852006190649928,-1.862568318489962,-0.1656444307919183,-1.072146577337393,-1.4639256002694072,-1.466670924103805,-1.1840621882763827,-1.185598430511637,-0.9529430510040606,0.20088692145117676,0.829658502668149
TCGA-DK-AA74,0.8070954543341382,1.7254824001915352,-0.7636160922951298,1.8820755671005713,1.655679101143418,1.2117273637700787,1.248551980175437,-0.3066872680770271,0.6876056649428696,1.9576215389827318,1.873250938446734,0.7332880130045271,-0.23484003075383775,1.7084113236082712,-0.2092720545290929,0.8669459478899916,0.08877724452012485,-0.3559574244429703,0.8975987135052204,0.20540548280742874,0.16285006425158932,1.352581102362585,1.6093319389190899,1.8294462035177255,1.8731093621158577,1.203524351300051,1.507753993072268,1.2723705041898596,2.1192061888894593,-1.2410677721889585,0.28060129509224596,0.014309582363487554,-0.06486250863916504,1.2807368589959518,1.0972894719228898,0.6856086783834874,0.7686550801350213,0.5201024187000894,-1.1934456465039274,-0.8675102247311535,-1.8173425088256296,1.369042178062345,-0.9448847938891205,-0.3325865353701543,1.4186344351123812,0.03539088897503339,0.2476627383250479,1.572424613204259,0.3559232299959522,1.2752750198006095
TCGA-FD-A3N6,-1.8878844827032162,0.0762573750505756,0.2175383297992274,-0.3100896055599477,0.20650330439902756,0.6099106006369844,-0.13597870296590353,-1.9362535875119717,0.5340104564887285,-0.7242123405697801,0.19271750830538992,-0.13817473409068212,0.616535272276705,-0.3948915949683277,-0.326706504179816,0.20479468626097103,-0.10075198254726334,0.9808783368265896,-0.2702905843334574,0.7774870183086766,1.3738776543127735,0.4248102864425483,-0.1754526463112165,0.39940523904964187,0.3301193942686991,1.1746082794653685,0.8309389440407494,1.9828882161433303,-0.5648217981603783,0.8325894953505436,0.8121206101718511,0.937902239805149,0.9154341007999186,-0.7028704198924178,-0.5047089487215155,-0.7488411326665512,1.4626837227459188,0.08474171397656653,-1.4889278076556243,0.3644214705071853,0.8232581862486611,1.0801110463451504,0.9085297418437339,0.8253224877776407,0.5795766152662533,0.5009215117554527,-0.1609146263628575,-0.5543720330083922,1.0624013732471875,-0.5961220511719921
TCGA-DK-AA6R,-1.313462411026833,-0.04044013087783615,-0.6427912431074841,0.14253017230132076,0.6144881734303902,0.9080769591218825,0.5040685381641381,-1.2578480685439124,-0.6259397622368852,0.15575244417664316,0.35631556698702377,0.20719079705384988,1.0889273274454894,0.39111722857108,0.5886525303493828,1.0687617621184806,-1.014990475575889,1.2403269297783721,0.8518030254654947,0.2584230704757795,1.1248902111743544,0.28721363016210355,0.4464130407475998,0.44319157525479763,0.5690404950551357,1.234287594312509,0.858806497478733,1.3112047183108324,-0.010914564218789311,1.4790500394857975,-0.10863854030542455,0.7995694477663546,0.32601341879274787,0.1530051199347638,-0.9772087348337264,-0.23025591812950363,0.27328701035672165,0.34991086359133267,-1.1763543445370594,-0.14694610599633146,0.9073301532443327,0.9983637445115285,0.7021125445442552,0.24854194327458717,0.5019846891239781,-0.342618859436569,0.17401127635663574,-0.0554402891603344,-0.5906164727724951,-1.3909572949853322
TCGA-4Z-AA89,-0.0552444621193069,-0.8055672670621371,-0.44680832023857175,-1.7317915542326137,-1.5526747626650916,-1.672145073888521,-0.6956749592635382,-1.0239488074142447,-0.4428217825694098,-1.089641901194224,-0.7702033431814796,-0.03864144271958767,-0.631424228136421,-1.7613509756455765,-0.20462004556309887,-0.19259807548801985,-0.2885121603307209,-0.617118601607822,-0.1285094243507187,-1.403843061989594,-0.5645956480682696,0.14797086166252288,-1.0800407263164697,-0.614043202600484,-0.9467377394284836,0.20255263324444958,-0.16481815440992675,0.09300907012579612,-0.8042788330125827,-0.9443432647477666,-0.4384942748562832,-0.15432820077828194,-0.06357829279373273,-1.3235533099693462,0.47907917308709363,0.5680726894278533,0.5551778558480592,-1.0346597055395705,0.17066335927783913,0.4332453007451209,0.3023319250809532,-0.06508141867671514,-1.751713668491347,0.7922388116038077,-0.3006837403543228,-0.5384112172371078,-0.7323252901332649,-0.9307597807303455,-0.4397128079737487,-0.3781567303687534
TCGA-BT-A20X,-0.5249456712079296,0.21327684098924518,0.14902619069844866,0.32360472002777646,0.13007913502527144,-0.5959532063493325,0.8249529750902665,-2.121962693310761,-0.14698961411183856,0.3967890052678186,0.41185070759272674,-0.3666760124953535,0.23388761293122057,0.40625441924754263,-0.45848841048968403,-0.005824690591279375,-0.056818026003553436,0.6720718928461082,0.7413789624395571,0.37112311313556157,0.583991264461743,1.3431843389048175,0.21230523904034604,0.5375375613520028,0.7845282992650187,0.7004140580829596,0.5396191229041929,0.6295107043659117,0.24120686206638411,0.6296462962584722,0.4160479313646119,0.9187111598843469,0.9655772998466202,-0.2354941257241576,-0.45176578370091414,0.5204832631449847,0.35541596307856815,0.36252995714310615,-0.9319984241928706,0.6795188142999903,1.876664954166638,0.2890443014623845,1.0238052908052575,0.990319583536815,0.935328841681856,0.5612950726160987,0.21130632397364274,-0.4178362390676638,-1.1034243680050861,-1.2053066145704117
TCGA-DK-A1AB,-0.42803288993474387,0.7032034124183967,1.7282076222809362,1.2632640926515233,1.4642256883939784,2.0871662584934945,0.7538615079391564,0.36583884488106433,-0.20842207908957025,0.8406135547501999,1.063795535520059,-2.703451340841462,-0.801147762235537,1.4343372202009723,1.3814313145042778,0.9752729978082653,0.31979884423611793,-0.15700158442967485,0.6777245450748337,1.481428207874038,1.1805923237152522,1.740440258036859,0.5909785357448502,0.9258250160327778,0.9289665315183907,1.3089877019227025,1.3163623789898027,2.8235627047629084,1.2253614204536043,0.5576710896336141,0.2907920784399681,-1.0739361885514394,-1.6029696262220348,0.999253373424409,1.4545181743500877,-1.793418225621327,0.5349791924484539,0.776496636127645,0.523819703029994,0.8298138256276429,1.1124928926409159,-0.0539098575536492,-0.3948145882209592,1.2997522343570014,0.48128472759209534,0.123458975920621,1.592737513966815,-0.250271275868108,0.4208737051365809,0.26934144727680626
TCGA-DK-A3IU,-0.07458612791089787,2.446028220024224,-0.023019709123884943,1.2582833922089274,1.784356618160772,1.092279575634429,1.013526572797548,-0.3621933215134281,0.7846928243167756,1.3087666606598356,2.008359353695252,-0.5078818902801273,0.03655153163981173,1.175254307656443,0.3316977987314796,0.5123142702492313,-0.9372612867742388,0.02709546998731644,-0.6569010958025469,1.270769931901511,-0.028312068537807503,1.3008027689393213,1.9346169324809477,1.9739769749188802,1.5364381334011181,1.4685628847735301,1.8392964076862486,1.561824906425688,1.1806184792755179,0.48724976717674945,0.29829913218987675,-0.5610662277088295,-1.1660869827306422,1.5059175484057945,-0.7922547177240592,-1.4349750508940176,-0.3197856185098728,1.4605758774960007,-1.8072907946684234,1.8763547405126664,0.35249735462133336,-0.16390586846022082,-0.2572271896371981,0.7367097762955311,0.8691648603152652,-0.08181527765176067,1.3545389600948206,0.22650997272756862,0.6533620803447846,-0.15741166884031652
TCGA-C4-A0F0,-0.37947457735886364,0.4069603472337753,0.005180274433341206,0.6591183076002305,-0.22032828309518251,-1.2637498108723892,0.18521733714703853,-0.7464317256766609,-0.2420274754542023,0.13966885472916957,0.4285708100629188,1.6518561298696797,1.5295533384250126,0.5884723830432873,-1.6684925886505733,-1.1217446168458904,0.2761799320893514,1.500535229704931,1.4439155020914782,0.2981428001460469,0.08344371907500371,0.012718657373057253,0.2918393103760712,0.4390001653478618,0.635981857620637,0.2540643415673114,0.20665127563400315,-0.9259187778100617,-0.04838033534662187,0.42068090453401524,1.497428695577813,2.439978021667127,2.1745002515327942,-0.3964193911683327,-1.588972127430542,2.0367168536543416,-0.32073794937471095,0.5219308603000659,-1.3402916997924772,0.4697467105919419,1.1604843084219452,0.6951307671813353,1.0200759697187376,-0.8472283954874644,0.05897715502491897,1.33317037107125,0.36634615111277913,-0.022105058413813914,0.09802756641660827,-0.5199183448584761
TCGA-GC-A6I3,-0.16637890193183175,0.747193797843177,-2.4443851363994598,-0.6963204184640513,-0.48581157869569064,-0.12668814533066564,-0.44802854655785335,-0.23654343861351596,0.22449222230199234,-0.29421271693545986,-0.055888268574373505,1.8416307804855114,-0.17004651978883073,-0.31986316957229116,-1.6354715067834726,-1.3834721049923537,0.3379441412020134,-0.5772084079391415,-0.3672683525908678,-1.5740508313655333,-1.9687048179300581,-1.3772837489477108,0.010623689497305536,-0.16258802873571937,-0.2361347458963109,0.5882168962015654,0.5173073680910099,-0.8231667541924205,-0.5378545928549454,-1.9103802561204326,-0.3801060860865106,0.28747156869944235,1.1340618010499364,-0.03578350995617019,-0.611364043077828,1.3710519817667282,-0.49802081939939136,-0.08941846553145279,-0.12659182374753483,-0.9862725577244836,-2.878187470330925,0.6059811635763167,-0.07870243910446546,-2.757923126232301,-0.7354716805289173,-0.3721362386153452,-2.0914655164950484,-0.08593657419118983,-1.6226641133586746,0.8565417379326439
TCGA-XF-A9SV,0.7165120517707592,-0.8220888996078932,0.5992380922927744,0.7895004807162138,-0.13398221181484704,0.8033443361156126,-0.1926602866762755,0.5100556489171776,0.726193673760491,0.558093923382946,-0.4158542125006992,0.19516675023514637,-0.1469105069208079,0.6866397369330846,0.7460136156285635,0.8130407933843133,0.022910930351092762,-0.17038778205523983,0.041457431816806355,-0.4152677324647813,-0.3460575350669519,-0.1449278232575117,-0.2888466388932887,-0.7880673986961466,-0.5992136022142418,-0.8415374600042721,-0.7926201781283817,-1.119685625181512,-0.03912673796480341,-0.6100370516997788,-0.039932462977713676,0.26417513485212296,-0.2222971202221883,0.00805034932323181,0.1973330950597434,-0.1668673004166668,0.1312729752018044,-0.09008913627230582,0.9033763287158459,-0.7594791056593025,0.8356831322574327,-0.6313471889607194,-0.6201513183127798,1.2542183171481964,-0.9188225803986357,0.2949255568016071,0.15729822555646872,-1.2801204460112408,-0.1663566920296154,0.39281793521145225
TCGA-FD-A62N,-0.22005181826171813,2.843780131931153,-0.21730320178801993,1.4096939556234078,1.4959252112668764,0.8384528392835103,1.8596971179999635,-0.3730523704261949,0.0873484798521695,1.6238877671361376,2.087870631100354,0.6091419003861183,0.19918044362296183,1.3564186112037906,-0.3238149947747945,0.3609757804553576,-0.7701283085103,0.08981994645161225,0.5348123731318293,0.7922467063503327,0.2302233839176368,1.1819852099753465,2.6644611725617184,2.4718516396537695,2.360993814546436,1.9692321063517162,2.349754134810645,-0.4062892328705834,2.0466030712128767,-0.14789713965604404,0.4948041117729431,0.23086847464667934,0.4423917573124786,0.5140010010265118,1.323065786347092,-0.043615128424222,1.0654761793148932,0.772546870285495,-1.498012419484713,0.6077965392872385,-1.2257532834426228,1.006565510757447,-0.6641563620643469,0.17180059551276514,1.7662580368917682,0.534525382605514,0.3788366204790182,1.6902072324951911,1.8077421661006707,0.36719099946867406
TCGA-FD-A6TA,0.5145483410104075,0.5153342995096832,1.394761653697223,0.7876512245026385,0.47594167866047454,1.0713019033406714,0.7505482129870266,-0.0767867540004063,0.30785123527325853,0.7039741873404078,0.5644454081123971,-0.4992481940968688,-0.3847394206622837,0.800142503330661,0.8758549374523309,0.45729987197665817,0.43855751031521273,-0.5491420627798222,0.34216705009407516,-0.3389356973856911,-0.30020622605807873,0.567671120920443,0.48862471969763116,0.4240092481340924,0.35140421561296825,0.18164857092540385,0.3970747376441792,0.22609343725918557,0.8430439711505963,-0.020117868882900496,0.41028789546610367,-0.2929570292330884,-0.4709803659720999,0.6739006779776121,1.150514337298942,-0.36018327007677886,0.3251404231604765,-0.18799421875955571,0.03983253814679828,0.24947618870328206,0.02815415991401137,0.6934401408183287,-1.0280993572205996,0.14515565638023525,0.20437228306498387,0.9564108161533909,0.48284710892144966,0.5992875452999671,-0.7909118536748295,1.2752963212682027
TCGA-DK-A3WY,0.1557846221390057,2.484804207003778,-0.20274443478920617,0.710143879657477,0.8796908670167997,-0.6389855936269436,0.821486296086715,-0.9836324247449769,-2.4619089064771504,0.4182243621328251,1.4520482619798627,1.0010531449884397,1.3183773144246913,0.6710995034244178,-1.9379643869882757,-1.253863844270363,-0.7350981934063009,1.2083218084805423,-1.3016501334049697,0.24126356023167692,-0.457837627327744,-0.31065210001805676,1.8140922652324762,1.5469814466139766,1.0631733221926676,0.8635284932092304,1.4135089150462232,-0.9849528808090185,1.32266533489499,1.2944179951145427,0.12372417356775324,1.0411147190894716,-0.14031027297868584,0.568950724409722,-1.9269765539063255,0.08672514383522668,-0.9911893758869524,1.0469634614043861,-1.8164793775896932,1.9369585226533426,-0.5749022085694596,0.7684930586329543,1.042200385321209,-0.8094334138950422,0.2901266965385251,0.20362428235746818,0.21718052220960954,-0.027777955853964854,0.17803768639423204,-0.8887590468313317
TCGA-XF-AAMR,1.7301246956578153,-0.3944845638371153,0.9218547169704031,1.5238051989823849,1.5716397011611625,1.0621377622621624,0.37354917763728546,0.6442164309309037,-1.4264174723213943,0.8467698604076115,-0.14070100627337695,-1.7064281954341414,-1.1458807275660752,0.8773955518216748,0.9035741417028912,0.8016441965589115,0.8567277033904078,-1.127051498325056,-0.36131370674590574,0.8015381576924369,0.9832360065766658,0.8244089825935098,-0.09224112357812864,-0.033989538375403756,-0.2762982664723235,-0.6478449630793344,-0.3085049148261603,0.25199365373072874,0.48403387687109045,-0.1280281406511131,-0.35475745245209384,-1.4793899152814651,-2.3397247695205805,2.578536753238559,0.058621640806029,0.3338731125727183,0.7841838011707962,-0.14470929275429575,0.6468841828669103,1.1622998669709528,1.0915300415170524,0.17898005143933526,-1.1179797575923793,0.5609747302159308,-0.09004818707349795,-1.6648589861710246,1.8193863839756643,0.18598196062815833,-0.026801785290085558,0.7766788746580242
TCGA-FD-A6TF,0.995627990334444,0.07546686855109751,-0.5706398577926751,0.8921560389510782,1.4863663743423026,0.7255145466994594,0.36449518705697787,-0.04094466976087515,1.12180288674986,1.070295373331888,0.3031858182219258,0.31764284102015566,0.4097066320405896,1.223930289980435,1.3148618550331121,1.3048341151801734,-0.3474747916605151,0.16238759116746107,1.0166436428601773,0.9035957805485946,0.4365153386857575,0.6289624142444261,0.7482160920554812,0.19762279353122555,0.24479869068812668,-0.6694968294508459,-0.2819372283714782,0.41425013765965485,1.2057092199134425,0.11100030614907168,0.761371682613674,0.7912296960417798,0.9264500933764006,1.6976761220388559,-1.322146004693364,-0.11626183935186643,0.11449360646248187,-0.08327229698298799,-0.592579170164504,-0.9091613547750925,-0.8230969466141866,0.6938854867734259,-0.5316074769438194,-0.21170798562286228,0.45096670072014344,1.3030315922314248,0.42125468978106234,1.6892907890174114,-0.8670229823733221,-0.1289671543669915
TCGA-CF-A3MF,-1.650759744217032,-1.2057372729751097,-2.9704242612347618,-0.791810199822295,-1.0548094587099361,-1.0900393140902347,-2.056778358922275,0.24142761037379992,-1.9981779968294544,-1.1864373882939672,-1.9744129761501443,-0.9270858393232592,-1.43275443176854,-1.212101372641493,-0.20523989843839502,-0.31499912318523704,-2.2813878029203183,-1.4513148051426286,-2.8492367497197115,-0.43288021043962266,-2.013858872101528,-2.097414190089371,-1.9005416022771668,-1.394871817059009,-1.3390969145138976,-1.4274681085666963,-1.6722312024779857,-0.5933411647906841,-1.2156017306597868,-1.095527506592695,-3.8214081138143667,-3.637165438055546,-0.7948193553994919,0.01757452816833187,0.3106547062513815,-2.2012996685896242,-0.6934028116630082,-1.2908303685734603,-1.0242418910155784,-2.5958003398465768,-3.2079389899565016,-2.216339357713737,-1.0934684190012687,-0.964338341464645,-1.3340460402393761,-3.3156034631606226,-0.9209547002976981,-2.740403432960374,0.009635165903364693,-1.618851252591385
TCGA-5N-A9KI,0.7874089892746201,0.22920262040148953,0.5363135415405275,-0.06833995514526103,0.3443125585902894,1.3644128151717767,0.05176894690533115,1.1734102563007174,1.4921074016977935,1.162063140358149,0.9043429227005335,0.051109494779469494,-0.5577377522641301,0.5224625451438077,0.6517661940744941,0.9758941189502555,0.5702135058287919,-0.8228602807629136,2.135988480832493,0.13512041234634437,1.5125349634060838,0.9996571621988015,0.3424994403745508,0.5784422862414786,0.4086549112874213,1.2108868332033969,0.9190796281817485,0.009602710553164204,0.6429317037859714,-0.9022997836747468,0.9264448337026316,-0.38990027032569974,-0.9463510799922255,0.4647944273796489,-1.0153330399090783,0.256034770032355,-0.27105996324479326,3.8571132592592763,0.6017474379801372,-0.07578612030187432,0.38047836473782864,0.4364791922764144,-0.6718088630678033,-0.9030594578387874,0.06809379712904201,1.3698833127650076,0.08670487378197003,1.3677330869663011,-2.0134205383911308,1.458677530003141
TCGA-ZF-AA4X,-0.7356535694512567,-0.9531610813371504,0.5947352284023646,-2.2336113491778025,-1.1191985327354228,-0.5463401520551042,-0.8176533351396571,1.3584910121703484,-0.07783758548635307,-1.0329683553511908,-1.0488478600745077,-0.23494477889779053,0.856327895594373,-2.1556153632044106,0.4095226847364918,1.2289749740330773,1.7560898396750904,0.45747612217536304,-0.485248032232579,-1.7401492953983722,1.7749335607657644,-1.0747651541828809,-0.9749551536491035,-1.0119532873204862,-1.0213382563238023,-0.1908823883390235,-0.4592969227115869,0.4563919840175237,-1.2033243196545202,0.6792345765222256,-0.44314755583491394,-0.0025921826221277835,-1.1498772147947558,-1.5376748578626929,-2.0627590952065926,-0.484381013372226,-0.4273564063650644,-0.6812619893282674,1.6109322484590258,0.26071429074643054,0.6803072485458045,-0.6891636847316955,0.4650073673068943,-1.0543033823880423,-1.0703812064756095,-0.7588843811175191,-1.4257882996458082,0.31098551385982437,-1.4740789950620299,0.7946309791232397
TCGA-E5-A4TZ,-2.9610225311646805,-0.9848926908408758,-0.6699353526903099,-2.3345850527711005,-1.7255011292029159,-0.633806754882511,-1.7579056602474035,-1.9808618827311022,-1.4955031769628766,-1.409194541089837,-1.0106154953579423,-0.5374644652133764,1.1937149861212533,-2.0562982940943018,0.37464646371363103,-0.07689371307160522,-1.5645015783387062,1.3100226835603173,-2.0541756832691753,-0.9328173420638899,-1.1625718365323678,-2.3396568615534474,-1.2514565770188177,-1.0872899676749719,-0.9689603274137563,-0.3994558020347122,-0.6818047222937471,1.3416681456540611,-1.5127877357295492,1.3879181878345106,-0.67855730780899,0.5043030222407947,-0.18963673170075945,-1.3970510761309851,-0.19482789585677085,-2.086712120451539,-0.37731258915863647,-0.08579634369512071,-1.4983010551360332,0.9730770768554955,-0.6501437576352816,-1.273674724067841,1.1497698605079345,-1.0313930466913752,-1.2613348759078529,-0.7314596181896728,-1.592870183800931,-1.264078716215142,-0.5138297719729933,-2.3996256297871845
TCGA-BL-A13J,0.9041638879179779,-0.42509552562758157,0.7164121016657643,0.345503324959523,0.27444621829855176,0.8018263262098259,-0.034365078871854936,1.2859298987804628,1.2420899288602647,0.17552390306272664,-0.24639216815506887,-1.6736398865051392,-0.06454226754074391,0.6032575916222686,0.5104128590584818,0.13376955491913553,0.036517305010987496,0.3603667277973669,1.5769532799978663,0.12724519288234287,1.1402876765473389,1.8055218315212431,0.04440644740761216,-0.5390505888711893,-0.23463090724243935,-1.0054746782901252,-0.7009796288834915,0.45211352071147215,0.26470324179903987,1.0277012789216113,0.7424011473711359,-0.6130159606160285,-0.8862974659965466,0.6339257286268826,0.3043852495423201,-1.6578418901628473,-0.19227186312430847,-0.3461567105315224,0.2982051634189458,-0.07650014415810402,1.3208318589773873,-0.7264059339653323,0.8431050497095177,0.41025419994103396,-0.04517608732212474,0.3993508866010508,0.5281887745033871,-0.36886190793637447,-0.3708151595500449,-0.6890143457141973
TCGA-DK-A1A6,-0.8999324947884225,0.4761109600815949,0.4824766556895225,-0.5866639748945004,-1.2684885854107915,-0.21425478666625083,-0.1811761781045812,-0.7342000436165631,0.2805654720677048,-0.6030795216803799,0.16404153591996687,0.7773265666145442,1.1335831501330376,-0.6110602673341653,-1.0562765944062456,-1.1158248689015773,-0.7551390082732942,0.988281022216715,-1.1601472951782623,-1.484745834810214,-1.2917362969543777,-1.4815104194491568,-0.3002172735000096,0.07469759502494704,0.2856833232472407,0.9196666490201747,0.7424439924912724,-1.496952022555267,-0.6556457868498676,0.22357967655946526,0.909684259866103,1.1124334444178239,0.5438232570305899,-1.2309958016626723,-0.5938812413868492,0.5682846993865049,-1.424465196085061,-1.2207267245956164,0.670237697938826,0.9282887856000821,0.2880314763469071,-0.21061391795551468,0.47222981939218556,-0.9303805833813441,-0.24568687918199897,1.2129223072543962,-1.1818931066169018,0.6037135697283911,-2.0904620336181354,-1.1738047252159862
TCGA-ZF-A9R0,0.07960679105373182,-0.5107710445489544,-0.7006364645271127,-0.2630081014127209,0.059449031984730866,0.4564840846064653,-0.7966157761972896,0.6560201686836885,1.0708966143787075,-0.08624941827338185,-0.7230751250129257,-0.6796228210701883,-0.8995651571866552,0.016259263651585334,0.07253283675330881,0.2737154833535778,0.005810886089030155,-0.8235034262084722,0.28829136015494733,-0.7840759332935534,-1.6483659604488234,-0.34926142928402876,-0.828281212830621,-0.7867579557381719,-0.6174741640769249,-0.3346601240030661,-0.4127226054454048,0.22587567921470844,-0.39026147569033026,-0.8137377101219667,-0.16787166759495487,-1.0759455958415722,0.06411835500609321,1.2992672769958376,0.8384407309596225,-0.9000632484422145,-0.35960531257600153,-0.8258142024624322,0.6632110765164385,-1.6745948631653071,-1.2615185150646226,-1.1645837731136415,-0.7728016136023197,-0.47484349085187144,-0.45689799506765866,-0.8260024211943432,-0.2375366681114528,0.455868480109195,0.23436260322933686,0.44330270600281646
TCGA-ZF-AA51,0.3157712821142594,1.0075202963827377,-0.21867918414095083,0.6774988429061198,0.15453482719698233,0.5279132888393717,0.7786391855246194,0.3507155663074068,-0.15270742798823167,1.0367276961372613,0.7209802413061045,-0.4565219174883157,-0.03159829870764177,0.5413730205364657,-0.7179013366594463,-0.4149747785110673,0.18639056904710155,-0.05446343177075824,0.01012725396136912,0.10288126202538302,-0.6811865714027813,0.36231555736002796,1.246258767080287,0.8763254187201278,0.9795608757540125,0.14675431121276303,0.4468755957510489,-0.7555760210528888,0.9428813284786812,-0.04636772740517043,-0.02031095022319099,0.23575461896571434,0.3760028780181559,-0.15680861811982388,2.275146646850649,0.3691270890772381,0.21877181405193585,-0.8730948493112333,0.4188648094076868,0.9231019481819883,-0.09279338171888125,0.05890328025200761,-0.6315441739594594,0.5531690992159003,1.0242006820893652,0.6669619431292626,-0.19699420751914098,1.3832028612115854,-0.6316508398804603,1.0148180530179938
TCGA-G2-A2ES,-0.6268224111122658,0.6225274364989676,1.4616440493099854,0.5789237328387468,0.47952742531775944,1.034134994095042,0.8611092595152622,-1.3149403748814121,1.6676289863909852,0.3473908167701667,1.0950383317652082,-0.43234388546137875,0.7495642521981156,0.46376758594806966,0.862664740467209,1.076496858171163,0.0766420848769671,0.8069623504772495,1.2774465995042097,0.9695088209393594,0.27364361632565976,0.9088128330517703,0.5576354035657779,0.7227056790284657,1.3647725391231584,1.3443386950926075,1.2632020795882857,0.4312762037015438,0.7789869317328515,0.38755378586910383,2.353856056376007,1.2607912771338892,1.322128511165268,-0.5219874677354317,-0.5187927746497595,1.3009777887890321,0.9667290624289097,-0.6194333040947949,-0.3710260299454329,0.14181401437605493,-0.00044505950561210186,-0.16210233839702595,0.38463592972141947,0.3202924055047212,1.2349381357281908,1.068401589850164,-0.21151803973481148,0.729048510109913,0.09772709561673745,-0.3529216269267207
TCGA-CU-A0YO,0.7058941216992608,0.42467228981871796,1.714554462123464,0.5777504739258484,0.7795467556516169,0.9930673149422824,1.1370571434050514,0.028912122097926162,-0.5308004663935864,0.6784879344626191,0.7683409553644469,-1.494558062288679,-1.2630173607698287,0.23037999928130587,2.1665717556927757,1.5894941371472686,-0.059036745026854194,-1.078195070183228,-0.38834919368409404,0.8008994874345331,1.150865885706899,0.6313564010639034,0.8866926671994345,0.4796721080076329,0.7604472383338742,0.4231421265906478,0.5826941944027378,1.2882242519076184,1.0860341230099548,-0.3153111618543484,-0.4016516699401862,-0.9212198422548713,-0.5699113593956537,0.7554566675329365,1.4053145281341015,-0.15495961612663545,1.435772891427201,-0.383624139944177,0.3206567188957349,1.5379961088171157,0.9546822902082849,-0.31036922432427205,-1.2481474641880828,0.963993130272087,1.1165249907929973,-0.7258053634137724,1.2642898263946944,0.8380392395142441,0.697221847499666,0.5110421966553306
TCGA-GC-A3OO,0.6669392823671068,-0.2679308269693566,1.4796236356583867,0.6872853923047425,1.3066848690949617,1.028624347685255,0.5342498174519089,0.9519480660422147,0.40609580937275896,1.0815574096058886,0.4089551563245693,-0.7962163377155053,0.20155122119490657,0.5840598339671815,2.1738907356136856,2.4932464956203004,0.6263381896776645,0.3135141703764716,0.48070421406917163,0.511398591271194,2.0533446498182153,0.6131372853484667,0.264866377812961,0.1328485677238419,0.1036450450220112,-0.17005554812911627,-0.10392380613786203,0.8133081765605291,0.8144223674391902,1.2405239884332682,-0.12274931347916015,-0.6228470447980625,-1.0769396994406855,1.3796030142077855,0.465139527819072,-0.8871382414010173,0.17757310122709516,-0.030449229420329245,1.238706122056265,0.7395239112544973,0.45861949489644477,0.05317653929601382,-0.5863211010188383,0.39936248234416516,0.0441112165146874,-1.06332525495957,1.4806132739964757,0.5508086335159916,-0.24593505103348853,0.25008571021360226
TCGA-DK-A6B6,-0.06816215518083261,0.2107631762306801,0.6521153041435732,-1.6723785725666422,-2.168009509169387,-1.386044717275427,-0.5879822260377017,1.2429391255095155,-0.37471625056940533,-1.4229084902583855,-0.3460633868129536,-0.8085034433387389,-0.7886520044670184,-1.9006375916731926,-0.3624704328003304,-0.5435792066516031,1.3237433855866818,-0.9091791299032039,-1.7532273672961425,-1.0389166284081672,0.8327645257114416,-1.7772695920542803,-0.11343146259860386,-0.21451768409288505,-0.33674264155222805,1.0541040327741866,0.7775629705401186,-0.9369302389211668,-0.9800017321179039,-1.1769458413787812,-0.1009337392294274,-0.6224964832864894,-0.32492004116345474,-1.8307498789015837,1.0234286913547344,0.6723248005561331,-1.0361270891511405,-0.3602654982245202,1.9885037841793836,0.7048886853313658,0.7138800588022987,0.03015238634992359,-0.8319613933445019,-1.2031819238265058,-0.9410598976847521,-0.3096471675422241,-0.9767859838079125,-1.3930318623998583,-0.5373569399624076,0.9950343978537325
TCGA-BT-A20T,0.5426629743304766,0.33768022844890455,0.058602257548637855,0.6185747780611995,0.251988264052421,1.0431832967204426,0.5712428850082849,0.15593726916320033,0.4563023831441175,0.3807655368062631,0.5603010275099352,-0.3941637864055305,-0.46773073136128995,0.5684014401750002,0.1538474524242785,-0.24254081621486168,-0.4939704108569228,-0.4830249797500239,-0.0949512606394547,0.10831032467325236,-0.799537561673516,0.09285193208165259,0.11241966417701678,0.3142645120245861,-0.03052519730200169,0.5470809883475793,0.5359939134387164,0.7563597159153483,0.21424612532424278,-0.5319313464231206,-0.576680194989245,-0.2671498643314066,-0.23655091191124378,0.05950494907479732,1.376781050143301,0.01788425957141372,0.4221777898966154,-0.4608925543018676,0.37884514682029186,0.250213710664467,0.25713125581302587,-0.22796941099118084,-0.9179432159691807,0.7582752066304543,0.4129752003461771,-0.14737135130680207,0.08076463428773213,-0.28760370280109543,0.5956003073094419,0.30065427124768684
TCGA-K4-A6FZ,-0.028958622936716433,0.7187929537696749,1.693715568851915,0.4782695027246386,0.2678702958437214,1.3745145758457955,1.6313201985673513,-0.21256646980127966,0.6080516003644975,1.3525345777369533,1.297493502985513,-0.8119083286312796,-0.14656927789753657,0.08206052560197584,1.8285584632191103,1.7112087037695072,0.29740584174866413,-0.032625883484557,1.4925920580277054,0.7436623584485146,1.992316283338132,1.5430601421700514,1.2570444920891988,1.1946750906488333,1.661375004905345,1.3037205483006074,1.2050492572495972,1.8385530513687627,1.5642808853572185,0.6538351596632367,0.719779530786599,-0.06512203668094237,-0.20685661551210033,-0.7439715644278954,0.02244102925078001,-0.5478932573515137,1.8393086289586444,0.09695378404263695,0.27858852844991494,1.4044661684504602,1.2490028433641178,-0.21908670186018703,-0.5610923675138753,1.1600400498458983,1.9218303633215121,0.04039016177908447,0.5910191153855346,1.224479110797982,0.21292230947088467,0.4662857473030052
TCGA-G2-A2EJ,-2.591131413969669,0.46299465870056516,-0.18030867089656266,-0.3830281451239725,0.1716015789482074,-0.5953074031749575,0.5347056717295436,-1.0436809782691931,-0.40273607197188993,-0.08305711409730579,1.060162610234362,-0.2189173819768358,0.5596656195233493,-0.5605893729819281,0.1765411956319011,0.21421666484735333,-1.0654500243230078,1.0283248938666287,0.6828914877688269,-0.11981421185514056,0.4100608645850482,0.08914860146215632,0.3387453811110055,0.8398050996370703,1.3885000673284273,2.181836980779452,1.5590254913131831,0.9035675741434441,0.13506990217910353,0.857780781763842,0.4962875490038,0.6486099713359437,0.43431041828324946,-1.0649939046222028,-1.4343590215878657,-0.6548640042631941,1.366698699457205,0.6360935600713343,-1.1612089789758693,1.3171393560678504,1.2592707101538216,-0.05183508873291148,0.07438738811668671,0.3698634604681266,1.4339184040678008,0.9873458746361068,-0.5280603043567548,0.10689271841388087,0.4527087332869922,-1.6433757333933923
TCGA-DK-A2I6,-0.08989166121690503,-0.4604220534940673,-0.5051027152594778,-0.42532412288052335,0.0175975582596071,-0.3610190608274196,-0.6354618407081973,-0.225879561021428,0.15546197789987762,-0.4418038884135796,-0.8968284059179529,0.6964900129143481,1.0980758924429306,0.023705093558992224,-0.4152135908909932,-0.5096417802503063,-0.642807672464968,1.2193820372650557,1.1061008149461908,-0.607233120078976,0.2952260687875894,-0.21792793141518998,-0.7790277746887737,-0.20849717444186042,0.10889038176053167,-0.9499117844606862,-0.8332185442868013,-1.0045659524080957,-0.2677782790487889,1.168304292709957,0.5385454621357679,1.1322063680541612,1.9686029381648769,-0.6721911868714728,-0.3059649752634716,1.0418845472463139,-0.7844251893693143,0.012110960738280217,-0.46364668707136725,-0.2654226791412635,-1.1238654192245696,-0.08672283511148587,1.189208038170795,0.21403675986591938,-0.05622521794717331,0.8032379842163406,-0.19476310267057098,0.285504507252618,-0.014181600715530126,-1.638086755035762
TCGA-XF-A8HE,-0.6921648886612174,0.6795598885058948,0.8111617649782343,0.3834038789258124,0.184550295354581,0.5451621712875718,0.4784579958886927,-0.8579932873981915,1.7891793973022032,0.5949119148879712,1.165200201351847,-0.2809662433926778,0.9240561232947885,0.04252307226227298,-0.12491126501568416,0.19016379047508028,0.05562751031657931,1.302978024771872,0.9458405839536073,0.617525683650397,-0.12584724603087427,0.5521614287469655,0.4076857943843141,1.2126601507014112,1.0438109361603312,1.4863445770408876,1.2554351624663371,0.6688430058872091,0.34585641603472267,0.860931903880998,1.7112677566018328,1.0839008793848488,1.1208201874790702,-0.7060506805189571,-0.33503343649420675,-0.12569084379097817,0.6439740531424637,-0.1605706676912475,-0.15352708304877719,1.5937043272891007,0.04111318596529678,-0.5521895454481714,0.7166904196368085,-0.020072483992606298,0.8209539664563424,0.8625441520771832,-0.37763635306284915,-0.2129069083915834,0.4246240026381585,-0.40599465497634246
TCGA-XF-A9SI,0.9436936510426858,2.1872510407579164,0.051327421083455844,0.3525458182881585,1.1453753463964846,1.0741396898363504,1.3823039524614147,-0.06134249936016307,-0.29153547010871433,0.7644996757363848,1.502508598346705,0.33689054925073175,0.3576499717527619,0.7341592801977,-0.48814337275936615,-0.20306907864016946,0.3132412032691594,0.07449066070109517,-0.8651574633430744,0.9814686724285794,0.21408471938144927,0.09416311326954958,1.2952844301668238,1.7223186004867483,1.0890611846182445,1.7309502450576342,1.9526107297143456,-0.27451541079979014,1.1697748498742422,0.23993576314985945,0.35630312252817464,0.09489005454761647,-0.6753190489529365,0.8488517453609342,-1.6232548665406668,0.3847577832313189,-0.6740698368125397,1.4971283078288329,-0.44070000343587434,0.5464681299897856,0.09922029204469933,0.7969765865704563,0.10677835499828593,-0.40929929643758817,0.6153392008638903,0.060081113443388894,0.5101501802102536,1.4344465569567793,0.05504999167112151,-0.09798055579307327
TCGA-XF-A9T5,-0.16866379677816168,1.5916563206556054,-0.7393920999895183,0.45885145110357545,0.12171354050702705,-0.10182022954119802,1.000960993625243,-1.019304281340478,0.4489943083266886,0.2946155698308032,1.0303592327013193,0.9298449481674164,1.0992161536171126,0.10086309593315392,-0.8061922875564626,-0.32168285566637445,0.37987589152564977,1.049893808793393,1.3368474830799422,-0.1480341285045222,0.5240223476799153,0.7718738869755986,0.697731804008358,0.954119591871843,0.6305348602160241,1.350881857820085,1.5025492805234941,0.9637234357860631,0.4942349401871655,-0.19326110209105618,1.760129073052208,1.4528148511212904,1.107225973407537,-0.46179886950669996,-0.2523507318830434,1.5320333526887158,-0.2841048063106696,0.27510048644905494,-0.7877565961335311,0.7542010847324125,-1.0040983902706206,1.8760092235967016,0.47961800872164007,-1.2223077813318515,0.049111218828971535,1.3438611225773178,-0.7569946213406484,1.1865669565091388,0.497420163963555,0.455194738081314
TCGA-XF-AAN7,-0.5416883710346323,-0.5475552257031019,0.22404260257875355,-0.11658828437970989,-0.4664820871652799,-0.43916354843018085,-0.6045339799667142,-1.5429458553086037,-1.6678441419097985,-0.12319713684098768,-0.373209590432026,0.7923199068625962,1.8145172829042713,0.5015455242150768,-2.64931575682298,-2.9041278207015564,-0.3764176867013898,1.9900429746707262,-0.8957481102632052,2.065875886391883,-1.9186448167538745,0.24737674493612088,-0.6113389753014163,-0.4058983510115438,-0.7550590244851499,-0.5898467365111859,-0.6457446507495922,-1.2303374425061628,-0.18433562714034743,1.8415629114268608,-0.30935803742086104,0.9896113747385415,-0.33679067960292647,0.19602102527637336,-0.563976768245657,-0.42837506433151323,-2.302954649130679,1.7199265612088688,-1.2347471057268071,-0.37530378806985726,-0.4395960622196324,-1.089444246682994,1.6441653860679257,-0.004505298191880798,-0.6521610448105213,0.5376906571282221,1.3184094648646565,-1.49415222395039,0.6541882989817525,-1.3766996688459097
TCGA-DK-A2I1,1.315543949526676,0.44059251036682145,-0.051507290507385,0.8629597728865962,0.29293050036648316,0.2801200235723343,0.22118873095711206,0.36205380049064617,1.0819361962216048,0.8841543305966559,0.30425636285883,0.15550464478951714,-0.4042862592715909,0.9199595069650478,-0.6080678869053081,-0.5257971850775032,1.8231540504835984,-0.5319199949059762,0.5157984512834081,-0.6166184400537147,-0.044164601433702676,-0.32670915429966946,0.6036664352134703,0.20378373557062307,0.19090716267061447,-0.3205478189020852,0.05893417331395033,-1.536233159382929,0.5616659250295254,-0.8898449501552068,0.6997148975979842,0.18956403101810082,-0.02712447070362942,0.8385121461571428,0.2206869537634675,1.3394275986203865,-0.6336443022182524,0.15386568505613443,1.04350271455749,-1.021330853626033,0.39669378382030845,0.4624921887849622,-0.09586231806679169,0.041228181958194665,-0.2929705695148838,0.9494705839000327,-0.17936323123740225,0.7110616402942467,-1.0749050936769573,1.569701266643199
TCGA-BT-A0YX,0.093958412673062,0.5000082308047532,1.2014045671635993,0.14418214367644558,0.17572610695233162,1.1062521853463259,0.6410335129867863,0.4640027014696049,0.7675532912888259,0.061022718515025255,0.7337726522847545,-0.4289077332895252,0.21915836186816737,-0.13432473910727705,1.0794728422341175,1.1568188758679132,1.8643137936804994,0.4386344714098592,1.5563265368860664,-0.03677373635914039,1.938499145966405,0.3650651800827009,0.5322161830808229,0.5188844180215373,0.7645020274642269,-0.1029946596968572,0.11733162366844177,1.077010342527945,0.3398667820599233,0.5342609925624708,1.8220287676284963,0.44974927930539854,0.061526035070966094,-0.6654372221010476,0.308780360518947,0.6989185934740404,1.5219088480028153,-0.5140222782551609,0.6033821855253634,1.9001348085009235,1.0469562096523863,1.8042928597931533,-0.1056054008855336,-0.1426254820229124,0.6576086898082694,0.41456932518969053,-0.1698148571070816,0.6962655091814715,-0.2557964941419808,1.1524222065845169
TCGA-DK-A1AF,0.5036292587311002,1.1616555388016248,2.1716532389984695,1.7461097114342123,1.8367742143667145,1.702315494788389,1.6669289307810713,0.30374056586472464,-0.040727269199782534,2.073073343546746,1.7350005647645868,-2.023832495851618,-0.7140654259797279,1.781889823848314,2.2338941912837345,1.6793336119131308,0.15808980141301543,-0.4455796713598183,0.7215985886480384,1.2073468540583585,1.2442548129370783,1.449350410505654,2.1115741949120928,1.473306370288203,1.7544563254193575,0.43009150480424224,0.9434372387749382,1.1689785086578952,2.4627681926611142,0.7782766440616569,0.22177159914129407,-0.8814776503966503,-1.189069834368878,0.8100785328455764,2.022536186916781,-1.3285548215905667,0.4652580489491935,1.634870347784168,-0.026491473634054064,0.5998582853873431,0.8327914920178872,0.5354968866089516,-0.30317712999476154,1.6120031258871814,1.7001116921967678,-0.3005679662299482,2.2451951137116013,1.0134874170017005,0.3336756086753684,1.5564745823955273
TCGA-XF-A9SX,-1.2226704467257605,1.4808295216594516,-0.6736097341630635,0.4533546204212835,1.1637958082374582,0.22667006876929038,1.2531836543865074,-0.7118460855145894,0.17035176538572874,1.25578586584889,1.095547268581017,1.0246467924126232,-0.2606944661135673,1.3141188281225642,-0.0261085097164618,-0.42655530928659924,-0.4835995924482944,-0.4392990967026812,0.34205209208346027,-0.3085700130896065,-0.9455016943919883,0.8130609758419176,1.5568726887862778,1.0178723832388317,1.2586956583872786,1.2193955053961054,1.2767338375152455,-1.2641533520731223,1.1922171131272987,-0.8261472682125808,-0.07168430951009948,0.1630209220633675,-0.2719311391522586,0.14743665341200213,-1.4509971994962816,0.16141777156024087,0.5955406178303226,1.0490056999245996,-1.4591733891287246,-0.4760013083965083,-1.0008343168282536,0.5679165796675554,-0.598807083323222,0.5481262360994996,1.3483496467076577,0.6698463556969961,0.39289010633552934,1.2628197197054818,-0.716426179804203,-0.3366057098877507
TCGA-UY-A9PF,1.2694382332875005,-0.14316075641175083,1.3355275668271833,0.614177882168217,-0.2546324221303073,0.017294635059643407,0.23310303463007234,0.7245408317627864,1.0666675719864134,0.0339020274983321,-0.011826848209183477,-0.8360862864990053,-1.195936136071058,0.01932561090157269,1.3135791992988064,0.8256029630278392,0.871671700639151,-1.3261146306072236,-0.2344995953532301,-1.0791409159000556,-0.7221483088439725,0.026624226764565734,0.6695724987441102,-0.22534237325109102,0.24706788820235823,-0.32346791719357754,-0.0461434116424386,-0.03812517106753151,0.14818769163133078,-1.018009402863683,-0.30596406605474696,-0.6509345178500818,0.22765367821117485,-0.16123160632257216,0.5884250032509746,0.42825173712677317,1.0320642116842802,-1.0976770875618649,0.6404892748313152,0.3624506049367918,0.5988995303181882,-0.7359830973340975,-1.002088019303837,0.33565524953590303,1.105696802654737,-0.6855344116643187,0.24759978220533854,0.18767481871711741,0.2844665148739123,0.6146358349594552
TCGA-K4-A3WV,-1.7948624051783606,-1.3307456973766796,-0.4454887287701777,0.09091078762668617,-0.253673537212387,-0.3553042997749543,-0.08674276158430173,-0.6456724436362545,1.3197398111444731,-0.9814936697593266,-1.1800080164915963,-0.47725240151933845,0.17305808756972,-0.23667087225181752,-0.13732268694007402,-0.5442459884459471,-1.6508393243369526,0.30105508254635704,2.2013804051762222,0.7202398454160625,-1.2567735634256063,0.5042557353110996,-1.1891278036969284,-1.0151163268175778,-0.5903659587622563,-0.6140195815201827,-1.0317415341616005,0.8521990106796363,-1.0559145235373242,0.3832874317977559,1.2379965297673385,-0.26501041071554604,-0.5110764677138306,-0.24811635519887232,0.6234579850882307,-1.350773026814046,-0.0012354203922539506,1.0812842612734546,-1.4620519498843454,0.4151275304302845,0.2446371439317833,-1.6191894081586458,2.201481343081461,-1.2516337362711596,-0.4748280246042834,1.4346162554462782,-0.4717709534280686,-1.095250570032485,0.9308119189661493,-0.1162003337733022
TCGA-E7-A8O7,-0.09470211309028789,0.005992805525253166,0.45011198415891174,-0.37631601915893426,-0.5700195063048988,0.10037813399055483,0.23941826223211818,0.9130969335733838,-1.542466432872896,0.05386132039409381,0.3012469449040172,-1.5872330493215367,-2.031838510768756,-0.8176293588087705,0.6983924346587733,-0.12308976758054678,-0.14924491316441899,-1.8011419482109554,-0.2755611350707838,0.1850038636293145,1.1706901835195183,-0.23303985020077905,0.20515337735926317,0.29718506144750145,0.251659643605714,0.9394855674749235,0.5767112583105437,-0.6384603201364528,0.6737549949333891,-0.7013154789403536,-1.7813580707791563,-1.6846140030175214,-1.162376890441454,-0.9214271491258343,1.4616729210556316,-1.0744190820900055,0.08710441318003129,-0.12477962976250609,0.11372323495370781,0.07265482001955526,0.7835823573767323,-0.20708456101461145,-1.4664034866397992,1.441034435621404,0.42906285871459954,-1.7188997402891857,-0.09092212410215932,-0.9490885485009257,-0.2020732815367243,0.16247521046188626
TCGA-FD-A5BY,-0.10844514942423358,0.032373600855092145,-0.2205220776167655,0.8422199872467467,0.7873327745100736,0.5759793421451822,0.4952131011395675,0.3690573641025525,-1.1651278574255082,0.6920775018548583,0.19122658145376464,1.5718172240415171,0.9627744162459053,0.7577755910561883,0.049137469872324174,1.0892482827443086,0.4532268696585258,0.7962231269773817,0.08395470602093921,-0.42422352901706556,0.6899773398450472,0.2975229191464743,-0.493904846162388,0.011086211997224829,0.07904525055764462,0.21351244178169465,0.08492947937322742,1.9535186357079917,-0.10911861628095655,0.4448585626675469,-0.11979399230173285,0.6972651159034721,-0.18265848407204402,0.5281037501474151,-0.2593019689704456,-0.02014071371759912,1.4713886214837093,-0.6447339259884646,0.6766648579219041,0.27721081892399574,-0.16786654311443572,0.7339978194813749,0.3124904582434777,0.5688899508694305,-0.0762833823105575,-0.7063237031062687,0.2432061974184798,0.7081364430743663,-0.0011142491641114327,0.6034179735324051
TCGA-BT-A20V,-1.4591785332940277,0.17480569878182936,-0.16463370153554727,-1.3009198775961661,0.20965878330026955,1.4057817337823526,-0.24861589358772335,-0.14080932399713986,1.440031584523617,-1.1183950219029648,-0.007117889747493737,0.994963702327817,1.3634460397592212,-1.0133776006967015,0.5360000391324087,0.5806071316373452,-0.5354486770156967,1.1966942782948284,0.054449303389301804,-0.501630226496864,0.9876012948674583,-0.7492971678847616,0.09573562656354437,0.16546098719037913,0.08256344176076251,0.5061496568038977,0.3313114781751369,1.4002004486402664,-0.4253177452922506,1.2874275447997117,1.1059323752416885,0.8822269583966247,0.556251507440219,-0.5224642286826993,-1.277047639406402,-0.5320175254367252,0.21292915053452943,-0.32246801369625727,0.02659741633468201,1.3463962267526397,-0.31864010098092915,-1.1074080281971506,1.1576872093529649,-0.786075139361195,-0.26908442592244036,-0.027824253377862842,-1.1207611130639537,-0.009891470063462289,0.5101210352224136,-1.4013031324969338
TCGA-ZF-AA4U,-0.11104451499833429,-0.819790299099521,-0.48245554077892266,-2.245825705157346,-0.9994795426158783,-0.9459849003053156,-0.967770339890766,-0.8462368790431587,1.0061530172519797,-0.7293368939561568,-0.6996494770826248,0.22648612546633096,-0.468552330934194,-1.5659514754013149,-0.14667941741362614,-0.06843095465087366,0.4487605036855564,-0.5713437231283862,-0.10123015558508013,-1.21839054835232,-0.5151743140594063,-0.5265831339842735,-1.065223491491804,-0.8741434957126482,-0.981980381556969,-0.2298189388712963,-0.5186815430103133,0.10389464475675114,-1.0068308977985654,-0.7279297906577119,-0.40658920712809327,0.14875201420148088,0.6271743452862133,-1.309252111962821,-0.3025748007926081,0.854409189049493,0.1750398653993543,-0.9975657402100248,0.5807496999476374,-0.5728171346717582,0.31124245962438,-0.09800918230492169,0.19054389331753527,-0.35980271476785497,-0.699517758590388,-0.07702126063371639,-0.9657096321214752,-0.7173376283353979,0.04847279195036034,-0.023586383605241415
TCGA-PQ-A6FI,-1.771965420287588,0.15095368017442715,-1.112180954937053,-0.09497795548473893,0.024143921743751396,-0.8487916026526221,0.37515263140439287,-2.2869462127587528,-0.2399878366263038,-0.5516128098174673,0.2920140356673574,1.4011534926286442,1.5359574261248534,-0.21920859636224466,-0.3629113969024243,0.004817807350662968,-1.4957040869013707,1.77509438285931,0.7348318933387363,-0.019090439577407355,-1.1079577595951278,0.4112345950636757,-0.3053895228563624,0.33501179797951197,0.5186491194531259,1.3687622145003069,0.8307215935688144,0.5742752072216863,-0.5604345818773357,1.6489823342612742,0.3502515896417017,1.9231411255423247,2.289041601519001,-0.6326222339364251,-1.2209585852396279,0.38737793404892745,0.34167186018483575,-0.06595529624950308,-1.8882714198061987,0.20972847115211446,-0.35658590172799554,0.20526743846700457,1.4424455693953548,-0.7895257046879264,0.4800597464818667,1.1503630674097618,-0.6872094406551987,0.40634196808452616,0.36643229153521745,-1.3480885939555778
TCGA-FJ-A3Z7,0.46134830625471623,-0.06706932375084923,0.16657932745437667,1.1484532909957625,-0.3124901401099641,-0.997854792062028,0.4120291290589166,-1.0929756908753798,0.1746758773056231,-0.13712346903492828,0.10725200168220757,-1.0846847921538614,-1.6451370550258781,0.5883313079476775,-1.1026968754501745,-1.8915030523552108,-0.7770022761923757,-1.681769881184204,-1.7472580981586483,0.2463546072119323,-0.7694008296486827,0.7995742534209573,1.0795423818935221,0.5556890773911487,0.7373311532982294,-0.8314279840733522,-0.4196451952408128,-1.5699703531211788,0.5066281130142064,-1.0026562747197507,-0.6604466321939456,-1.6979663122704176,-0.3468241311462874,0.017143431155987838,-0.22998138582894803,-1.24389962102272,-0.5593800049143479,0.7809729780834612,-0.6042423961748424,-1.2639872336139508,-0.0966065423268409,-1.4391544411000252,-1.291739119520376,0.95414874811611,1.7560121092611183,1.1336022982184069,0.850338718389039,0.47142002105383296,-0.14426210556586835,-0.15594314282165392
TCGA-DK-A3IM,-1.9495898018970859,-0.6792054370276592,0.01742093743331861,-1.0522186109095275,-0.1685868800179772,0.05398785319725079,-0.8495843559762041,-1.6084106232824413,-0.3316465743744985,-0.8296764486499446,-0.6654122118692982,0.8860525575558202,1.427369529510215,-0.3884089191480497,-0.34596401262883036,0.2270836026757187,-1.612405494303596,1.5903531274375684,1.074311145245667,0.18699871840492197,0.8290677728853606,0.9601755070032107,-0.23924549704262832,-0.6885122929955481,-0.27944737347563,-1.0685333951053662,-1.1518054829053486,0.5039872720473623,-0.6296974743991609,1.6700963955282897,0.7094989153690952,1.559021059558099,1.71227400849479,-0.7097125219494422,-0.5122234293205679,-0.462068676717595,0.485671089010886,0.7846637601862732,-1.4489200194065186,0.09602032582348265,0.5352576568561579,-0.0993544241152835,1.9988014485994656,1.0266511563433072,0.33778647845801796,0.48325737359015514,-0.29984683417024016,-0.44130131556712515,0.8035771060180171,-2.0928550954625122
TCGA-ZF-AA4T,-0.5179780414738625,-0.6949758381493684,-0.6304392087129664,-1.634428456751489,-1.551060486511477,-0.9089901475226791,-0.9499244689102657,0.5667808549988598,-0.7097383504308755,-1.4866711472119898,-0.7938686966579531,0.9131355968418586,0.9754082146009957,-1.1618771357435769,-1.1456475731963054,-0.8327361294988254,0.35645005539529817,0.8569901727992162,-0.6383038806374869,-1.8358805208508495,-0.940271622601793,-1.5975686031728138,-0.6456309521687071,-0.17036570038562393,-0.23829470093785562,-0.16404757748298093,-0.34806252509356284,-1.146503174242558,-0.9472548612924174,0.7937659263681852,0.331049661917842,1.0069769014507854,0.834554841273501,-1.4858736001988102,-0.592045942339009,0.6937851579501386,-0.4883341323951616,-0.07704536113502396,0.877677884499108,0.311126739054366,-1.0629895869874983,-0.21127315862552257,0.9009188739087496,-1.0421930873234637,0.06857280012148308,0.5002764089259291,-1.2890913119149232,0.8724826608668156,-1.7598698125879326,-0.09080509823207861
TCGA-G2-A2EL,-2.636542242945584,-1.9315702950316698,-1.5848091507166553,-1.9442439468872705,-2.254138409103441,-3.085903426329655,-3.028928728991169,-1.9415308720857476,-0.8935375542562097,-3.7163135235025684,-2.465502296889287,1.5662970833139416,2.082711855472467,-1.6350702031759843,-2.9697224921794643,-2.6922179777679403,-1.7920090829753816,2.0130708908089905,-0.8927975619643088,2.4712272788122474,-0.8962683288022809,-1.2412518140900117,-3.3701292485620264,-2.6796743713133924,-2.4565441334564664,-0.9633422643785584,-1.6022746050467325,0.7575990935649831,-2.105808531835733,1.2027708943638658,1.1544679377152347,1.455622418436337,0.14407077857412154,-1.9425650101194993,-2.1693277484422864,-0.27085542184233713,-3.4670328305734572,5.722656031933556,-1.135180154746324,-0.8147636789119367,1.0368837969562308,-3.313214731167808,4.687243023704,-2.4717968235775674,-2.978046764387619,0.783458101465731,-1.0129450376237408,-1.698903358596854,-0.6582419333685828,-4.132961666813362
TCGA-FD-A5BS,0.3133505442454411,2.924930112747356,0.10337649849988918,1.0235307626256567,0.9616188876134386,0.061389323930293435,1.5804248461007593,0.37782080157790454,-0.15994039818647876,1.730210019963023,2.24271898046297,0.48851617622012905,-0.5827409229282202,1.4573036489312132,-1.3550460114400364,-0.45633470732185105,-0.25653724712909276,-0.8176729019197281,0.4374937040192798,0.7958838143401973,0.5299830911585235,1.2674223955860837,2.318334914058967,2.3609666445931747,1.9876071439190661,1.745089481080533,2.307795679857962,-0.44826842746255696,1.94683016712845,-1.3272916387824558,0.4947122365358298,-0.315767323442333,-0.5896290640275067,0.7155009772541844,-0.04420758407918807,0.36883677367956025,0.23087948760960816,1.2135670302326866,-0.7035424279734104,-0.5807996818019334,-1.01006860476516,1.2974901573840252,-0.6996566713518498,-0.06337635981638477,1.3570780598373986,1.3165654984117687,0.22443227438478852,1.578076357798559,0.2584691940998207,1.1405543346894516
TCGA-FD-A6TC,-0.03404920193319889,-0.3421627332641839,-0.8326965670979886,0.6268640685414358,0.7581277682826828,0.8191617696190547,0.4242390174670201,-0.31529775305030416,-0.5952251412614933,0.4670796672344253,-0.11654132445620018,0.06773191120102404,0.515959287949168,0.8678182002935911,0.4443826286505479,0.04473547810242191,-0.5423654373569914,0.4192266463924942,0.31167120301069706,0.39978007453311754,1.043624969461562,0.13000517004002754,-0.14456200194842403,-0.2573971685575923,-0.1424276443985702,-0.5158511711710222,-0.42363833520813704,-0.9077165416958278,-0.11738136506619884,0.35784184387622087,-0.8011317754664367,-0.1606221761303331,-0.43223214513503705,0.33262298328136375,-0.2108983792112187,-1.2261174012979386,0.5205385972344237,0.6125404077260368,-0.40177893990191327,0.18095679621731506,0.33857937582461417,-0.6359824584785649,-0.08236321314563723,0.5321405078571636,0.006420433767361778,-0.264293371800169,0.049829007551860274,1.1263277507623117,-0.33299703122868396,-0.3217627776233021
TCGA-DK-A3X2,-0.5618201965565172,-1.3696266603221119,-1.1865397126732118,-1.4745650495384404,-1.3791763141552877,-0.8807187369974157,-1.3149008545472671,-0.8815709241432289,-0.2079797011076911,-2.1097059208946587,-1.6529526378043116,0.6984567286637555,1.874045663254909,-1.6292310241179202,-0.6423938167598507,-0.075736348813898,-0.9339223988131716,2.0261967540658787,-0.08868922491164645,-0.16038656381584587,-0.07970960254611092,-1.0275369408581483,-1.609422218121399,-1.4892121139371723,-1.485968490659974,-0.46110843030571264,-0.8356040803750234,1.1737312134355655,-1.7229940387778517,1.7842353286415396,0.48738400838931933,1.241216947778967,1.1903459301177255,-0.8975820578883035,-2.1025406291545843,1.0696547618429697,-0.6941139002379556,-0.584522382894274,-0.06067673169866402,0.9723563627579762,-0.1873674978411434,-0.521285789843837,2.2964366466382096,-1.5919516052657714,-1.4514972430673452,0.5836424252452339,-1.2315008872534825,-0.5355682003484079,0.4096912725060986,-3.1342949583135566
TCGA-UY-A78N,0.12063680932523563,-1.4995614876125358,-1.353371002387894,-0.7167442908489475,-0.4828496109838665,-0.9112357092597597,-1.199451073447188,-0.16375588645948636,-1.0450678431307188,-1.3331173500294682,-1.8680224232454756,1.116513762077194,1.4188676124339767,-0.5463910740425195,-0.8577932854158811,-0.49316312452106775,-0.04046125049185047,1.3558601402379211,-0.07295801830835077,0.1983840646905939,-0.6959126425351998,-1.10619062810678,-1.738398215952391,-1.5607601795642678,-1.8035336548704006,-1.304455438055881,-1.6404447796707917,-0.31914252426975065,-2.03291823893349,1.103627588223898,-0.1864394701991881,1.5545774790280116,0.4276463903997258,0.22317242817441058,-0.8896564875748691,1.4232431850562857,-1.4898583472841886,-0.8511895928222105,0.5687379080878402,-0.6524253225896232,-0.6061803131631759,-1.1571615826883812,1.1048640521793334,-1.3761199485419324,-2.11302761589004,-0.3067174900223097,-0.7663724994614811,-0.2603625441973875,0.44427721332766074,-1.077955644811477
TCGA-FD-A3SS,-1.308747993649016,-0.8375316806525608,-0.30303074339297914,-0.21073698945754019,0.193573289439148,-0.17006248712509356,-0.3118096521786415,0.030697272449369106,1.1515878395376438,-0.35524846464443893,-0.35467237786477657,0.6314767538650679,1.1234760981898126,0.18943710849602788,0.5119539529147186,1.28762618364358,-0.8230299475606033,1.0712855486730017,0.6652058683765589,-0.39971315086398784,0.5397201988589694,0.18506771165231609,-0.4042946754765065,-0.7316705584052401,-0.6288251252007058,-0.2883749952786258,-0.4361319060492173,2.3201253076254167,-0.8781794170629684,0.97178056609108,0.6379513704985504,0.4524964712897601,-0.7471474162448066,0.23111795156445614,-1.7889896217199501,-0.6132031421881923,-0.5157282310517358,-0.31123737891440556,-0.5718895417188553,-0.42987922431275133,0.14252965469394951,-1.4705532894666276,0.9160408915647663,-0.8166434160695901,-0.17489397295310186,0.7427868480579959,-0.23804024238387875,-0.021605101246835644,-0.4675666871352645,-1.3060380028797332
TCGA-4Z-AA7R,0.40025307475665733,-1.2201170430949542,-0.4721566953404845,-0.4645847312558668,-0.7448988702300945,-0.9086661351924314,-0.5425659664271001,0.5569018892743742,0.6943790004667632,-0.819464835552156,-1.1130972279301123,-0.021240808363551647,0.9959963266509391,-0.3888155469716947,-1.6097199892050367,-1.6133255987796613,1.3531017761391555,0.8060135440116276,0.5311637946873079,-0.34148321918366387,-1.1198415838589166,-0.294002462374323,-0.9587469438957191,-1.206949030394973,-1.1315111463200482,-0.8982556896653471,-1.1966111203974183,-1.5045666119153587,-0.9734758269390468,1.2818525153238485,1.0495728733442093,0.6521468459383755,0.34959722422636325,-0.5260968015098334,-1.7536385903425353,0.4530300097013761,-1.489376900371752,-1.0160867699318015,0.45022076511512615,-1.8162817039135084,0.449019288164249,-0.3004057036284575,2.0850915491686792,-0.8699272315458556,-0.6418163363787788,1.0194748526302853,-0.657270662138889,-0.10242366403799044,-1.3241013426440795,-0.5690556727227464
TCGA-DK-A1A3,0.8002411080479794,0.2775084886092992,1.7883583010237227,1.1041977347850758,-0.1552513435169654,1.1141216948420998,-0.2982678087718654,0.7925679944245401,1.4651260493430893,0.4009152704134294,0.3445016975404973,-1.1606640974034736,-0.449033320152488,0.4814989755086974,0.7426419819441434,0.08155307629853514,-1.009779336134583,-0.34371479407414895,0.2980275866869738,0.8330191523893204,0.4883254868871862,-0.09557317068792766,0.43665677463377184,0.08375819746862011,0.2488175171161187,-0.37980812233609634,0.003241438169525831,-0.8238824820818325,0.43099324447414217,-0.038982739662009346,0.7162943504672821,-0.6350481544663272,-0.5381696521429824,-0.005517639911107826,-0.524646825633319,-0.3233462328627433,-1.104211530691251,0.1729010995829439,0.9429257450611341,0.6293114179058635,1.5131760153797416,-1.4811041331374544,0.23655824929009597,-0.27910666076620877,-0.27739304511901147,1.3512824487386734,0.6798291223827662,0.19567437144393687,-1.1221406183631508,-0.6650673300934964
TCGA-E7-A85H,-0.08019009724429114,-0.24950380091454435,-0.8693399242413286,-0.5323601598337333,-1.0814026288792247,-0.8062006400703035,-0.9918259201656678,-0.5909034078552048,-0.37025043688642967,-0.6466088364941827,-0.5844680034991373,1.3497928628425928,0.8160345275070604,-0.4095310299834439,-1.3501111114225157,-1.0415707603698836,0.1050077997396779,0.7290134092425121,-0.45311756928844377,-1.475364763794682,-1.4982081451377214,-1.4446849746725792,-0.3158039386776677,-0.9885528693004517,-0.7129664834876732,-0.12816860751117684,-0.2923173875538163,-1.3237325679961192,-1.2449877659709745,-0.124911741874717,0.45452512751344354,0.7066614557253057,1.0587152976086047,-0.3023957634709766,-1.2498545769705314,0.9109897387875958,-1.6211900907251522,-0.6607276402029459,0.4261029164355915,-0.7137858123937925,-0.5561665583893691,0.227473028174362,0.8765929941091871,-1.7464541160299665,-1.3040463257512553,1.662794282405852,-1.3114994514947291,-0.5796408539749698,-1.8342339592328878,-0.4780889561865087
TCGA-DK-AA6X,0.6493731712265639,0.1283372420075035,1.7673783771096487,0.5076135835512131,-0.49175620894281863,-0.296696219705095,0.22839303730770436,0.733845973957387,-0.34648637757586126,0.3240428603691689,0.3374983006313007,-0.5894901398786746,-0.20905357688623064,-0.2737799559504635,0.32033681120585705,0.14188241376072008,0.652337917901765,-0.19758741784969133,-0.5410582129907102,-0.23275294582620104,0.9724906078627661,-1.227351734117237,-0.28582074511793115,0.13388303998944015,-0.06823246717094582,1.109623901017122,0.7060958842903323,0.5039296271622586,-0.11104897238288118,-0.13110304131537834,0.4243891873936221,-0.37534923992264274,-1.6386130787543651,-0.3865372668553004,-0.024373231725131284,0.6546185314359094,-0.0945811607739102,0.7340005416545834,1.393277761941639,0.8986338411624345,1.2882119664872043,0.1464196164179969,0.07851201395894365,-1.0035765981185036,-1.1823962684218057,-0.8745934212820299,-0.04466628157046766,-1.5709180297027403,-0.301023736666429,0.7731514721328804
TCGA-CF-A27C,-0.7146247951417001,-1.0458970963483507,-0.6440816442296673,-1.9547107554296275,-1.487660127337308,-1.93042723270563,-1.446608822953864,-1.1300844920838662,-1.6556484802008464,-1.3976140525208998,-1.1189529757330774,-0.7878794644711048,-1.006926248659953,-1.780959845516185,0.07767670278839192,-0.3479310929120167,-1.095213779633731,-0.9566880405614256,-1.0417931009436923,-1.2315972101872663,-0.458072842323485,-1.4211669159493572,-1.5413399515678188,-1.1508928673000869,-1.4837756832452011,-0.6274382341285153,-0.723211076066169,-0.5125086799315443,-1.3729263275868513,-1.0185695226848503,-1.5606504957416476,-0.48547596521886377,0.03909373273220939,-1.6552532337372825,-0.7630111125891108,-0.6028358101854372,-0.6829409683393304,-1.2752935502320122,-0.14860122992052294,-1.2322885967574841,0.21640649034976872,-0.46067257465864203,-0.7491605426286488,-0.5152799430831625,-1.2344636823437187,-1.516335239730181,-0.6662263845627062,-1.4787509953508233,-1.204366441153715,-1.246599678626504
TCGA-KQ-A41N,-0.6015118899861461,-1.4914191642954684,-0.9871601501249704,-0.14699081551522405,-0.2546502993469534,-0.9564860107349464,-1.4528340404202973,-0.10755500789151025,0.2800653733549526,-0.5163327399443683,-1.3537152811553586,0.7755394909914685,-0.2863329682557744,-0.5364671649025055,-0.3815195124381332,0.1583035894651532,-0.8952794834721743,-0.30048464979927336,-0.33066946258742264,-1.1625740580605979,-1.8302803150827567,-1.3326876388233537,-1.0583304936114883,-1.6837199432177765,-1.517052433147643,-1.3211456038462812,-1.469942550903371,-0.4907675440335112,-1.471505195692207,-1.0243686201449185,-1.1243422859446603,-0.3367619983250243,0.49727045192476677,-0.10278893267597282,-0.2634585390685866,0.5953610596168495,-0.5711000893809143,-1.6035368543487758,-0.2103976603368997,-1.742644817454727,-2.05078061326338,-1.050644312705928,0.2858503658483143,-0.12050095640307391,-1.186611354027922,-1.2504780614782838,-1.1916248772347526,-1.1808833688579754,-0.22861157300668106,0.08788800801875059
TCGA-XF-A9SK,0.17777056686947498,0.4171591791401331,-0.8815456850565603,0.8241110080847655,1.0436668012541914,1.530611562860388,0.19223392128353517,0.3750068283472238,-0.3858374567901376,0.7207248231135335,0.4175152105902826,-0.541312582239937,-1.7914469680126424,1.0750023430026383,0.059827846521510596,-0.024692775074321847,-0.559660852912065,-1.8713819702904952,0.03774902701365844,-0.6522016540837599,0.02896293264593505,0.11376654206949989,-0.27343085257070365,0.4270522280194025,0.48639023302684425,1.0248316455847628,0.9618913017545806,2.01560096010494,0.3228803422961759,-1.775041452155501,-1.2656258047406839,-2.1188340238163925,-1.699314907662159,0.8090067815305086,0.6190855697948601,-0.7367094466704222,0.3028997797876897,-0.33949885224323606,0.23619427038859836,-0.08427046745848404,-0.4055241274910825,-0.09202660027531877,-1.6839864737954848,-0.3170312399720855,-0.1595929167927076,-0.9782418606452834,-0.04908328966791502,-0.5188632360912054,-0.6308044379585738,0.38730976347908597
TCGA-ZF-A9R4,-0.7433409150204084,-0.26035995497020487,-0.050735691165122394,-1.2525469255761117,-1.8853015740856796,-1.8935320486952179,-1.7582177774325023,0.4595776297593998,-1.3051479403033945,-1.328157039534088,-0.8053012109429591,-0.6850221594064896,-0.13093977700659237,-1.8229011717535988,-0.5258157985900302,-1.3727664947835292,0.4018435841887698,-0.07638824108863079,-0.9278227704520365,-1.448377656200851,0.2182736598433661,-1.8922299605114394,-0.4770828436932829,-0.5340513470818816,-0.8204167192591526,0.08669767329249906,-0.03723257131102075,-1.0883076276386292,-1.2917553885622897,-0.18831493924071868,-0.9530235892547061,0.37463153339927713,0.7564555235861344,-1.8382748230948835,0.4765301408303271,-0.11723532855722664,-1.7000317949351738,-1.2511291023180153,0.24330431447013207,0.3211928730239736,0.33080079096212167,-0.9117785164143523,0.04430225089418011,-1.3008442771497721,-1.3752491973347416,-0.34754874327340124,-0.8904464902387573,-2.114579484131811,0.21416941090168812,-1.0113388825348442
TCGA-FJ-A3ZE,-0.9960891065337437,-1.802886111120127,0.39835459748957736,-1.86682842899203,-1.8176893420294435,-2.282562081681196,-1.760353559664615,-0.7072107497088979,1.819555708496963,-2.091547187165546,-1.8434346600513665,-0.06844648085912318,0.14452227037109322,-1.5825385289711795,-1.1760415235273571,-0.914707062776738,-0.2116165022839501,0.18200938301793915,-0.45454778601651863,-1.020818028229186,0.06953984038953215,-0.3563594017099291,-1.7415106880446267,-1.5495889379148862,-1.3986602735951712,-0.9651086278915099,-1.3078878073915141,0.8081874741321,-1.9635118004433134,-0.8853800292615951,0.344610180217028,-0.14217419046163493,-0.7157510060808928,-1.2618648181584886,-0.061951947494654755,0.00398010547074475,-0.8406999941746857,-1.0041022136009163,0.4867951376594849,0.6991028342417872,1.9854951139261157,-0.7681700202736713,0.3468857782263455,-0.5818786295166344,-1.3524322191380411,0.4629972259450744,-0.9117756875157251,-2.4127112343595685,-0.5615793911523981,-0.8902812387678922
TCGA-GD-A76B,0.39273429545249994,0.59121742524077,-0.07110149525138318,-0.8050969634943755,-0.7784250309593754,-0.07306247223599246,0.017568002018327474,1.1984985812264843,0.37736979789416797,-0.158130739255445,0.44790295579957834,0.3079546993836668,-0.4746785236193734,-0.9072087202551739,-0.08377771989453481,-0.020332321035748516,2.176353689340232,-0.6935118712719488,-0.39035081438178776,-1.2478921218707861,0.7480940107547095,-0.45008767765273106,0.384647715097835,0.45267621499447197,0.1358620350177798,0.42698603808511354,0.5770257830093989,0.06153526980084653,-0.08005138840503448,-1.14682402448926,-0.11688718534591758,0.14447877788161476,0.10579274533172389,-0.10501544992877314,-0.835055664730158,1.0757741411232327,-0.23059004790417695,0.33086595803302155,1.3946867180150753,0.06995032506483398,-0.2444246676914754,0.49616048437136295,-0.6353981515168916,-1.3411078185747647,0.1658649236571031,0.4174708998940231,-0.8053836093392455,0.06530863298826682,-0.1266542556804756,0.9730278818033606
TCGA-G2-A3IE,-0.15635608380847704,-0.8962237693668897,-1.2812543683782178,-0.7747937910493925,-1.4022326795393292,-0.9575348907684419,-0.8452234817527254,0.4796372407718376,-1.6511732922027063,-1.128024505740184,-1.43124602707203,-0.07017747680666284,-1.0879929614623536,-1.2401172143159835,-0.25308839758642926,-0.6706087971210729,-0.4162061327889164,-1.0714616251784397,-1.0052472020300773,-1.2747874236157986,-0.5292556412430188,-1.328610257543078,-0.8594228307076723,-1.1551476713208833,-0.875219727872054,-1.0794374777530795,-1.2478478399872857,-0.6878870400164059,-1.1109153350046754,-1.4434185362751937,-1.7925022258422076,-1.1809852508902188,-0.316199560974155,-1.1419940847884986,0.6216592778767934,-0.5260279254372368,-0.8574892907680101,-0.9967529990058358,-0.11655449517191746,-0.5766574025812146,0.04886507070068599,-0.8308083947286853,-0.8014101655323758,-0.14030923562939954,-1.3080945216251243,-1.2841087780361036,-0.37435815410930545,-1.3925992700907135,-0.23737765111979905,0.025986663341406344
TCGA-BT-A20Q,0.9405717882429075,0.47540995778364986,1.012766509342212,0.676890457483374,0.6522536785028195,0.1453368005735356,0.7354499096429946,0.82750920495177,-0.23057336373280565,0.32803135422967955,0.6659891116090395,-1.1317207147355133,-1.4432479789080124,0.7005326048132922,0.8495396292971301,0.17247039329569505,-0.4334494507355227,-1.2441354262636022,-0.3416728077428936,-0.09034596814296524,0.5131376764331058,0.01536518651425918,0.1365212400121741,0.5239846196688853,0.2788494921519009,0.7391610077138875,0.7848673460218777,0.2475372263592728,0.49343382090587823,-0.5740082022289205,0.3249925024369234,-1.0379307393992683,-1.582411393306206,0.41518373137864867,1.0222869907401395,-0.11271211489759976,1.0628267139096497,0.255228809150348,1.0448790442358713,1.3793617489248118,1.1505263099857461,0.29399254048237927,-1.1716258462984943,1.093894131148619,-0.06520153363426617,0.392324856615459,0.9439176268332738,-0.5005798433337801,0.25015511223914605,0.982601060017747
TCGA-XF-A9SM,-0.4074901615330385,2.0687120150786913,-0.2642104290766277,1.00541564704596,0.9975133793224309,0.5610561057117219,1.3978129029718747,-0.7261391442868662,0.16929919026832665,1.136915696475769,1.6399715416975642,1.1580308458249726,1.1001730661795366,0.882781877788919,-0.2405711344672418,0.2431234354470281,-0.25977748206293944,0.9140346787103495,0.11800320314810922,0.5307984629963549,0.3013533076803363,0.545829658268685,1.4485419942312672,1.8249981301246687,1.6323675809987708,1.6824766836905205,1.8045395023981303,-0.15895048717855312,1.0034556966697117,0.8412690177728583,1.2939895891359603,1.1275091926406087,0.7175158341821893,-0.031186318578419244,-0.9911352266355651,-0.28071608031980605,0.7629720487157067,0.2513261370034436,-0.7864873782476537,1.4941457913891298,0.4280866064475662,0.1734323513781,-0.01049843026734188,0.32022131717429464,1.3771530340762397,0.9033666633038859,0.05353778944374511,0.8972551892119431,0.30886858938516065,-0.14037959035717398
TCGA-FD-A5BX,1.2107076084522344,0.9123944977561333,0.026961701434575984,1.1235073653270082,0.9024354512605042,-0.4518499637887427,0.9164661407012769,-0.5406779098417347,1.6348480375788015,1.2727953337349065,1.3122862540165448,1.0387323524155172,-0.7455566284022271,1.3005544769107569,-1.419397906645438,-1.51875866450763,0.11677558183218904,-0.8187343617470069,0.05967972502325283,0.761274347299598,-0.3734440791586097,0.7911776710473789,1.0374279407624838,0.9083752902243155,0.728814853041002,0.14407950141029732,0.3618268033089627,-1.5916197007136137,1.052742550019856,-1.2354458740867957,0.5040698388052149,-0.060876882879734376,0.41315193081321255,1.1523236292743477,1.7485539838571214,1.7152785660936516,0.3165987756541154,1.9702156682257927,-0.8557256459092812,-1.1129817303284295,-1.3653628954684534,0.580558751519644,-1.0731337263682672,0.11456364724025474,0.48364855049791317,1.213434778372442,0.47667823741242493,1.4203875976693352,1.3352249131433311,-0.095461830338452
TCGA-DK-A2I4,-0.4443994222709657,2.3108675592495156,0.9562953715581625,1.2112714916800285,1.3359086799404,0.826199960673415,1.8197919853630442,0.592405317683445,0.5273347963955922,1.6350549352033243,2.275366876484474,-0.38575346457597626,0.276439435899865,1.3176017143440772,0.056142860683528015,-0.04603362372930434,-1.499405931883088,0.4256489065999793,0.06473049041260366,1.0065760237886283,0.9352213514205824,1.3185975063937971,2.154226420418403,2.4143195590634443,2.317883771666536,1.5215747573130236,2.036861839531061,-1.5932538875181794,2.2160144346301767,1.5723631753869678,0.7996096759232858,-0.40710393459365524,-1.3916190044865686,0.12186490432244998,-0.17146838437772594,-1.9210703948975016,1.1313683935439676,0.8202821844086227,-0.7310055447532072,1.427220108195969,0.9062133075046421,0.18789147883311685,-0.12586296308972997,1.562842646914315,1.8012284602946618,-0.2955515270262109,1.3918309187228135,1.4981334371491015,-0.319147629363125,0.30047564081717676
TCGA-FD-A3B3,-1.3148351284495778,1.7490016729225384,0.42163728562533637,1.2706148923452936,1.3472732929141944,1.0734372025755283,1.5057491439055464,-1.0671134925807202,-0.8873291157957414,1.3756522855258102,1.530067665203981,-0.1145273404304862,1.238692540240319,1.3010530265549334,0.38869949570119544,0.6003301019804792,-1.5170126049238777,1.4126236543282116,-0.5462335705481275,0.7440864712602347,-0.2750447011134924,0.8315535123907329,1.3631787537290079,1.858203670963724,2.0594969492430453,1.5116509006666432,1.6934057393333442,1.5102343442266797,1.3781404145240712,1.7376933754013544,0.8070280973793796,1.0487629691416502,1.1432679667898917,0.4082808270096621,0.45902769981678637,-1.052952173729835,0.7011353783963542,0.6687380148910493,-2.324632265665499,1.4828677653792521,-0.06996339383166168,-0.6091496603830726,1.1159637783390117,0.8684086860024743,2.0599355490714837,0.956793078613938,0.7612948770505636,0.7343391135087702,0.7699090540188437,-0.8968777001723635
TCGA-H4-A2HQ,-0.6109920666832294,-0.7963542923368401,0.4964197790558217,-1.0007250150170832,-0.6564355634325449,-1.1252791918930591,-0.7185533660618496,-1.1846276960763387,1.4711820068885368,-0.9419542822712713,-0.4601669577634448,0.2506454744420024,0.46436145953535524,-0.9349813345253518,-0.39562341900106607,-0.7198650176421567,-0.5230870063230826,0.5096160778063175,0.5099242183128526,-0.08886538479195512,0.03723728845313638,-0.15999658737942452,-0.6675725538515658,-0.6058819914361268,-0.7092052335433664,0.6363989274116584,0.14295362241424778,0.372119513389045,-0.731640909962218,0.8397096938122525,0.5207342106765196,0.14121290561212,0.04570457046809842,-0.8977732441295181,1.1867698773298994,-0.6809973712051258,-0.8613341042316315,-0.20116122753044943,-0.15547718012990358,0.7033147940551617,0.8958997134262804,-0.11884647410095918,1.1361601983521172,0.47281165712697987,-0.3757875045235622,0.07534989795631981,0.05693269914761905,-0.739972128691879,0.282055828557527,-1.351911848964593
TCGA-4Z-AA7Y,1.2941537423355682,-0.9106419769516216,1.6792309037916027,-0.274896048011292,-0.6072771678213043,-0.43559322074218315,0.53509689017557,0.7881336701687213,2.535289765821525,-0.47608518523112175,-0.43864049759393187,-0.427471829476679,0.3086343039357518,-0.5553691346366509,0.6148903764013381,0.7564641346882081,1.5148342435817843,0.271300151532577,2.2731310770718833,0.1952838060124208,1.191710220300364,2.031563359318097,-0.04234253898140159,-0.339568331951746,-0.6505768039811657,-0.8892965047303564,-0.818521037832075,-0.0034427174688753037,-0.011354070500650713,0.508299566654867,1.7219581676432327,-0.002472777751166253,-0.5156959787350046,-0.6228210489868043,0.16658515850601044,0.9850467287926942,1.6274230413064452,-1.1449957790939893,1.967819491527163,1.7395694122704748,1.2976109799082565,0.10707442980130519,0.09329825686383653,1.3131717077183358,0.44980815617490383,-0.7727325537932844,0.3889397804061418,0.3561337287852369,0.6123266083856055,0.42534890507501516
TCGA-FD-A5BV,0.10844731819101362,-0.7523614421280742,0.4201042755337999,0.20803260494780335,-0.09786723619414975,0.2511149175981755,0.09042909011573999,0.1684323055502972,0.4191189860815001,-0.1779631415486137,-0.7245358987707976,0.32831965378260186,0.4234956568820028,-0.057588812112791946,0.20483253277821856,0.5036928135500441,0.39590734464615224,0.35289262103370606,0.6709511777511786,-0.24593141066440172,-0.9083742798708037,-0.04978499689868919,-0.13810443109357448,-1.1476524808988628,-0.4367060576243939,-1.078091202460872,-1.1394653110960111,-0.7598097595483713,-0.2200069188637236,-0.13128143651109217,0.14018319974693497,0.6303515105792441,0.5191742438535478,-0.7130097911444536,-0.2864013200336402,0.11993718599436581,-0.669282571117999,-0.6406174831635357,0.8543546560086753,-0.17068533030396196,0.7758864785365329,-1.1498083132310097,-0.09259299659251298,-0.24935401802020163,-0.25919102676814654,-0.034011737191828886,0.32294856101698555,-0.4433053910444123,-0.07871669951545454,-0.312850421299746
TCGA-ZF-A9R3,0.5072977407379076,-0.27237693406120445,1.2666515588646696,0.03932362351869961,-0.9386509623078048,-0.36397366013474347,0.21208888884522767,1.5750494524363459,0.3056657019259188,-0.532872516153667,-0.25741595389665206,-0.9067696058553328,-1.1030486052832436,-0.7116409707612302,-0.2481580503916435,-0.7696874172255814,0.6161124835759342,-1.2488710795760254,0.32353097278929605,-0.5026214828207053,1.3745447056558133,-0.28817251531069554,-0.4410801372652988,-0.2179882848651097,-0.2308040287198255,1.1748534145894574,0.6486551114804248,-0.24701559986078547,-0.1890794826216765,-1.1853163134105145,0.18948239325985128,-1.415410943912027,-1.1328212242614217,-0.6653871028155466,0.25998850414907004,0.0690707891404173,0.4998460062215538,-0.6063139662338475,0.8855240073498343,0.6473903837062324,0.9250579219374417,0.20904364962786734,-0.7491821598636895,0.16608505977163074,-0.2410735293776729,-0.5301937856053983,0.0006167326249739097,-0.5164190083998841,-0.20302054252553248,0.5831006464616486
TCGA-UY-A78M,0.38762577419842936,-0.8031927317525285,-0.7535032904291025,0.2934177471895399,-0.006743014558632281,0.3581153556076244,-0.7445962869539932,-0.4530210637897235,0.8784209869239649,0.031802302136356646,-0.8603285793952385,1.0497664025915199,0.11817775489805579,0.4733037571232309,-0.20468316962306832,-0.392685628471371,0.11904170931440236,0.09868842824939804,1.4917639385416175,-0.5203608697370268,-1.9756105322340924,-0.24166972552422453,-1.0119494267484812,-0.9066067147525544,-0.819426364571044,-1.5159005159608392,-1.2085038235130885,-0.14237360401316695,-0.7620842065528011,-1.1043620678493062,-0.005762211362024352,0.4558235593769889,1.640762156691504,0.061084124585236904,1.073885169359531,1.161156546881989,-0.2685047294533798,0.27048387931503465,0.6966520332550508,-1.5627184221337589,-1.4661575844970987,-0.5060632492904515,-0.2347296166349026,-1.250686509974106,-0.32276851954292873,1.1944115402796307,-1.1716804420582712,0.35726076629088294,-0.87323150888014,0.19595466448050508
TCGA-BT-A20J,-0.008322612923705204,1.3659300315576133,1.7416196521972103,0.08015402571168864,0.28694465297137506,-1.3499359875507475,0.5934716399645518,0.10717496467502714,0.619633949538065,0.41812627606856584,1.2593599401990456,0.04991983593297584,0.702533466498795,-0.03143919945574004,-0.4477168049694622,-0.43067905681450047,-0.08542308095279205,0.8245425290156677,0.7119999525754419,1.1530929358298538,0.41246909627676204,0.48050129707011796,0.5165773356324668,1.2852953444322015,0.9310372978714903,0.1770921445999535,0.6286510375072338,0.22775003326430907,0.6580399030611409,1.0161845142109263,1.00185981998372,0.9227520046856045,0.9455208276716183,-0.4334337179846739,0.014023651032869087,-0.03496285806366553,-0.7206537715286674,0.19456231620833211,-0.1694916093356956,1.415575500142948,0.951378422849107,0.4171734998307653,1.6168119455757137,0.007941628675023833,0.689217233673531,0.7029847186653466,-0.1312841777473667,0.7108354178934,0.3313628059258552,-0.4965166491227793
TCGA-GD-A6C6,-0.011597849782661492,-0.9684420828890669,-3.5745917786495793,-1.9824507281355221,-1.257537713204962,-1.7743107809078265,-1.0389737118392794,0.3898764441169004,-0.876487852856446,-1.0366162710871722,-1.3552077207001134,1.7415798903968007,0.13027063744413261,-1.1872020897316036,-1.4291243402680591,-0.7479403283262592,0.12440334251107814,-0.10217385922932344,-0.3523242061615332,-2.441686043368563,-2.0246743468736215,-1.9701056826087626,-1.5119205696276825,-1.1686344034434166,-0.9650395162225107,0.32940933962244406,-0.29859994674343265,-0.4298770424904756,-1.59236248669311,-1.8398856683139146,-1.80956551150075,-0.8388097326480831,0.9825726507028216,-0.681737952873287,-0.44296672205787696,1.0621005322733938,-1.2095758733507105,-0.9010867725361446,-1.1145933283607714,-2.4240382856847056,-4.3756099189699995,-0.6134157812759655,0.27694873745412074,-3.780320570861742,-1.709873195877263,-0.4745892735440115,-2.5088134843631353,-0.43633930109663116,-1.824157933390312,0.15697563837286346
TCGA-XF-AAN2,-0.2889100231378376,0.5847024281252149,0.3458840185786952,0.21762266540663877,-0.056700336087580225,0.0997262047900247,0.5843438300318837,-0.3974228242419513,0.678080294149847,0.002969821957081556,0.9703275411040079,0.1555277480689461,1.0122113542746543,-0.40961491727794147,1.0440377802015024,1.3744124922608616,0.4629059602553282,1.0101734282091763,0.6770380670606685,0.05875762868907639,-0.11068837358500018,0.6073402887484018,0.4428203340754916,0.5534350431861716,0.3453310567925299,1.8745894806202694,1.440952131395683,0.4073834162817189,0.1352612069205829,1.2273404796404457,0.8877342237233735,1.1730115707072595,0.6376963575420921,-0.888264762973843,-1.0294685527843153,0.08000010849012187,0.13561005765292028,0.42733038481523467,0.3752541039832403,1.1644683598952583,1.1850593628005455,0.04520888989073303,0.36888905545061906,0.018268486673593758,0.40186079988439205,0.4234695182664749,-0.3267881636843917,0.5317001419704064,-0.4773241158122689,-0.4607816671023467
TCGA-4Z-AA7O,-0.09247992405323308,0.15683830305616908,0.5942697457177496,0.26956380659201923,0.009889101725104285,-0.6722867077460994,0.43452318041069554,-0.6526058261642427,0.3687447226801073,0.3290134228260701,0.2843142682101616,-0.6305436759374617,0.3223301284459207,0.19453091398619074,0.24144415598466898,0.1992678047364204,-0.6792474645997703,0.41721880176527276,0.2143645136998755,-0.9789850220196895,-0.8514081044602656,0.27905395970940194,0.14966428532125658,-0.00255611714672885,-0.13931583978079023,0.21878779622600159,0.28410708539265844,0.41604017898891976,-0.16735870049003598,0.3889530220207304,-0.3887971841896931,-0.11141308884541412,-0.14988280245696556,-0.6335368127552573,0.5414699281917281,-0.6481110520692758,-0.39384133554325806,-1.3337134285108827,-0.6560134114321009,0.0862262822277021,0.5913460292251176,-0.7285611035996785,-0.6813634761608718,1.9716858412370573,0.01310204766566444,-1.272069496296487,0.2883678236844519,-0.8327263342814865,0.2374084754178237,-0.7207650410489881
TCGA-DK-AA6L,-1.1592143685468963,0.22861918723293315,-1.29578003171668,0.1193410160941637,-0.43616794981213086,-0.09128683524504108,-0.37264766405430505,-1.2856235921034371,-1.8246411452011289,-0.14501492957638176,-0.2335500523534892,0.7225896259632975,0.05125700257913252,-0.2932038870255571,-0.016979073210112945,-0.012370483072722064,-1.6500642639495826,-0.17864504058413494,0.46127458319829384,-1.4531183420844331,0.9917179398816424,0.25551121329421744,-0.6579213049693728,0.13815828019199194,-0.009372292140927323,0.15244021415578557,-0.0015776831810293203,1.0084120669156247,-0.2808901271051785,-0.7047313716839455,-0.5216555032144661,-0.21198260851596742,0.032003642820160626,-0.24691771723762335,0.23004657687588972,-1.5756361977010196,0.4942337937283074,-0.8354030076763683,-0.773067191667338,0.7124494951014587,-0.9135067889768463,-0.43031720666380646,-0.5351945864233981,-0.15825422626245714,-0.04582183397630258,-0.7446639412913835,-0.8275829081924436,-0.07945446506891449,-1.3478962561022645,-0.4932949546654424
TCGA-XF-AAN1,0.17981874960269215,-0.7068578328730837,-0.7939909620307568,-0.6932747024957535,-0.8543607504540427,-0.82985146696803,-0.7169198390539153,-0.2547846829681961,-0.11865383807898609,-0.536249242964609,-0.6814770553028253,0.9149654274737148,-0.20295719454917668,-1.0363312660202828,-0.22969955821062465,-0.15484105821941635,0.45006847481081447,-0.22691569712647053,-0.4098640652568617,-0.7912010588700713,-0.682638728017306,-1.3808949038146952,-0.839250039249776,-1.0072898249580473,-0.9022418036070479,0.4701371232631585,-0.1355465045257563,-0.8595796654143609,-0.7218606509797144,-0.6875046704752421,-0.43162047927679964,0.6217641662781336,0.9255379700272625,-0.5808108464388799,0.09273738671417667,1.065679783540573,0.017599894629736483,-0.2874922251298998,0.8747833234800741,-1.0008622365430493,-0.7551192933008191,0.5219863647991742,-0.2643199972641243,-0.30469419242035994,-1.1051691639520969,-0.45831146477299933,-0.8560181354809995,-0.04816085563600744,0.02884573457231388,-0.03040497613660616
TCGA-BT-A42C,0.7583043472156323,-0.8980136330329792,0.6381608492130092,-0.7955840922869527,-0.9217612743451897,-0.25075987688304285,-0.09749412182123836,0.9522825001937665,1.709997274231281,-0.519052932036523,-0.23401459645091968,0.7507760317001335,0.2636625385405765,-0.9168245087456235,0.20644593649923715,0.6195719679409531,1.8997150943660832,0.15712285749923371,0.682836882321156,-1.3759793812978054,0.8100996844617998,-0.06912724036446564,-0.6396247173490002,-0.17560575280925883,-0.5158817863597257,-0.641456478597643,-0.6409955409196123,0.5484085116820764,-0.5018223464951221,-0.38320403496303995,0.9896398071866271,0.4812521877373562,0.6949379481408199,-0.6776417042793573,-0.5886989070407607,1.0290066136368083,1.3630563057581064,-0.4514189981315147,1.91784349984903,1.2680664295805444,0.5851315474806162,-0.3423172333482443,0.615552175246523,-0.04340779655125588,0.37754290837542626,0.42393019929557096,-0.8725376687340826,1.5555407335319902,-0.3807108410310536,1.2949476079830178
TCGA-ZF-AA54,-0.7442248920402421,1.1168359300890707,-0.07639496202358352,0.9105143676172364,-0.18729384254284331,-0.8917217370246567,0.6896138934236148,-1.3266916680125218,-1.2647051357440235,0.17532105668584833,0.9480594972491022,0.4887072296927819,0.8726444038348127,1.0307765134641238,-2.627156491726971,-3.5070695118239463,-1.6388884778824784,1.0010340948210459,-0.6269886323784835,1.6528707977442931,-0.8756890317341643,-0.13589289045907546,0.893031710839908,1.0671487113504623,0.8265898701360926,0.6633358313674677,0.7638776765434827,-2.8172794316141108,1.061632371932994,0.9980017707103755,1.4270197414763608,1.0982382436367817,0.870525177647544,-0.13795481597372608,0.8001850879668834,0.531819755258939,-1.7289603454518168,1.8075567728420763,-2.0081631685248094,0.1673907702149765,0.2934317686336971,-0.36039606861950163,1.1222345938396565,0.036905597804315085,0.09811062902618392,3.079348919712976,0.8807188981360796,-0.6767388339244893,0.8437215453068059,-1.5082732729620385
TCGA-K4-A3WU,0.9726870351652683,0.702134935897833,3.6216532722358203,1.1374981362807373,1.0514983691580122,0.8646987423423822,0.6946363851442529,1.6679022071546428,1.0118553308694886,1.2213399951210382,0.6457016546649935,-1.1673259652521673,-1.3753501657006713,0.7243821067734677,1.593546253458825,1.4271001786359132,0.7603379617394519,-1.4596688111416225,-0.943996852207565,-0.31804779246458453,0.3365854161817395,0.4388042111136208,1.269624881038633,0.34693382136387985,0.4519032061028978,-0.30477118253945895,0.10751470947769677,0.2849740015733021,1.1839567839965712,-0.8649888313736329,-0.06817686810584297,-1.2972087718596286,-1.7705161804611484,1.3277739365163872,1.4306910208917274,-0.7335939775151583,0.037837536149026185,0.8773005874184304,0.9799622478906693,0.7381934882521504,1.0872461486481684,-0.2857268445735219,-0.6492054571806662,0.6051556926787222,0.34519730139018606,0.230477682741137,1.129530274639791,0.08644529142723188,0.29529940895447765,1.1290829967982632
TCGA-ZF-AA58,-1.573230506117075,2.1142174851555193,-0.8228486632966251,0.9153007398056457,1.0996447841910375,-0.8349633456949559,1.6204760398564286,-1.4845037337001523,-1.9056834517117056,0.9968582522551199,1.6040996568657944,0.971062026018388,1.0532498604523752,1.1235702721604515,-1.9858968912540116,-2.2908230745480473,-1.2163308264526909,0.8235623878538,0.11237179308946936,0.8765140537723775,-0.4733565125124783,0.7274363653316196,1.9534328464391857,2.375943070819209,2.137706500554814,2.233227354036386,2.20588676434106,-1.484289356951109,1.3070154874544317,0.9660405111756153,0.3227571348200337,1.0849827752300936,0.4288643098423717,0.3769136637648627,-0.2658638392762321,-0.2223738631965081,0.35630127097470343,0.9852874281521885,-1.9221962276790125,0.013515303472423376,-0.1332313049916619,0.027666320228135675,0.3349716431525026,0.3418938085957896,1.7408289112261905,1.3225807818972268,0.33890635609325664,0.6780472557286098,-0.31070522536742384,-0.9059756016830682
TCGA-ZF-AA4N,-0.7715147772259601,0.3414026948727649,0.5493793603877548,0.6325563691825467,-0.1019550388393218,1.0305925311994377,1.0498451597131804,0.8335479977656637,0.6605924324040662,0.4431400837381533,0.7458638059913056,0.16129148033139257,0.7769827271799827,0.8622689973769482,-1.2357610950961204,-1.1459927200104978,0.4877084759625811,0.9092203318342804,1.0827024868991535,1.824429181088988,1.7108120586192097,1.3029065663954387,0.829727320586848,0.9104928819917227,0.9797741424581194,-0.0391220094158109,-0.003207414267394795,0.08537528242084662,0.279050714395342,1.1850378879733652,1.523397843875413,1.1397452895220943,1.1317112759451253,-0.16825054007767679,-0.08575259414428216,0.09444196931426868,0.9157894053157446,0.9942960763872946,-0.8769659042158608,-0.019654564705328198,0.12143403985031365,1.8468686724294505,0.46667179179721197,0.9650368867893255,1.5810062423097593,0.9407266215865959,0.8050710005016986,1.9178013392321847,2.2360671005998616,0.7363988282241424
TCGA-BL-A5ZZ,0.2574959264816055,0.7058753487473167,0.8494765192073832,2.230860432427399,2.113776765056451,0.1928388411052992,1.2708877226519009,-0.4778229659532919,0.6394964530457118,1.3623252752459833,1.2043013263662037,-0.07897136574112866,0.005989040598235698,1.9733922727497277,0.20469010711143312,0.05044340419769817,-0.35908616354167555,0.29253659248430164,0.8829816428481408,2.1023484939964523,1.2750057873466163,1.9830277777476495,1.811121936535519,1.0380606258922518,1.2919550907387933,-0.8360966194224447,-0.2878824215791139,-0.586870870172047,1.8176760513044585,0.6787418483131227,1.627250832818735,0.7855071818805259,0.10099515617926823,1.1427935463687033,0.9475909161714338,-0.4259487094804041,0.9714582212307352,1.5657789360602135,-0.95629553675788,-0.35928025963548277,0.3788835089420565,1.0201251308171848,1.0227324482393878,1.7931278073828143,1.5778578353411072,1.5799009303516949,1.751907293264166,1.9632514072816167,4.786783412116224,0.7279264259278965
TCGA-CF-A7I0,1.3530614688997844,-0.7943349202984362,-0.01725455817161751,0.37885846659140665,0.10202768761926469,-0.6634233289213081,-0.5794946472981298,0.03646637272420905,0.2785851087409075,-0.23246445648205286,-0.7905511490420694,-0.45985814880594017,-1.0126075553535199,-0.07298918411715409,0.6569294959327027,0.5564404669041771,0.9063263075811643,-1.1762206558323305,-0.7218529299190247,0.07997970095312294,-0.39493757062279644,-0.16902114093422435,-0.45039269294756606,-1.021859353992193,-0.8669578659379751,-1.2152105650344722,-1.0337288950502426,-0.5324232311898984,-0.18382229284724133,-1.094530734057691,-1.1297047111397778,-0.9496519131948757,-0.376182184772877,0.867690088455082,1.0521199056103903,1.0356209202410713,0.3535103360757775,-0.8482529999183924,0.6446994957462754,-0.5989687001031166,-0.6670146392852989,-0.03413904666409708,-1.2373700744867657,-0.20453735338153375,-0.32945167548907095,-1.1854949577544118,0.18657931509864292,-0.28183745477097916,1.2029002234636028,0.5148404888489995
TCGA-DK-A3IN,-0.1816870025371961,0.5450161608780221,0.4051748757404267,0.963181791120811,0.9568053469206448,1.5417346570241286,0.6448794568392198,0.4617867148321058,-0.7440146769583772,0.6461009153870724,0.531514754576154,-0.27078869956504614,0.4091181911947888,1.1119468669648513,-0.1826128941089001,-0.3398142251659505,-0.5412077756395788,0.6473313853093521,0.6646169728013985,-0.06644973070147127,-0.2853748615900782,0.18344615944397255,0.43361297237759655,0.6638821819752314,0.989909819601835,0.024293667394386525,0.13767559495635967,-1.0209635189623438,0.9007381086341189,1.3646718128013633,0.1460994064599657,0.4042614982417429,0.6377300219806334,-0.14924855535055315,1.9784937535884124,-0.9828103125874423,-0.06351445283892532,0.18322951005668184,-0.6132229283046956,-0.20916900352940737,0.635704080812582,0.036840440112901766,0.5277026884462425,1.130295411350855,0.26001975050614007,-0.10191466522958985,1.0215202696538348,-0.749246467551022,1.1828321276065736,0.23243197730415072
TCGA-DK-A6B0,0.2229742575116021,-0.9276536800309088,-1.5327719734720495,-1.1759569807737629,-0.8827408317657103,-1.5254228937955734,-0.841289724220797,-1.0002890093980519,-1.1227670565576324,-0.8380151354400226,-0.9316309478564793,0.5872715084687353,-1.4880450866543362,-1.3527540010907089,-0.1403054569452896,0.03422111261543056,-0.01212593975863008,-1.7003369522112306,-0.1442844090717259,-1.2550808159967055,0.13982051529213316,-0.6854055457640362,-1.232421563682497,-1.0065950934897359,-1.023987931053287,-0.014139126410524375,-0.40807837748143205,-0.07155281497533823,-0.691896385902684,-2.0386828154083103,-1.8471339411265437,-0.34815994304963294,0.2240340140247916,-0.932309343318201,-0.20958883996794067,1.6595143623561808,0.4275662218625355,-0.796889007353211,0.17002272797825602,-1.341646120736511,-0.6254524858945425,0.4229800639027269,-1.748825793244169,-0.12876695241923444,-0.5443911042241609,-1.1568681327549915,-1.0741120133510396,-0.6069711293061433,-0.3575453967184375,-0.9800738850833852
TCGA-XF-AAN0,-0.9817813721159461,0.1947678856929159,1.0271882651302362,-0.45588519513203674,-0.41597004678790955,1.2143041679928577,0.21249330380997714,0.40730529724101705,-0.6048505386674924,0.04254660979740091,0.29863687481728035,-0.6663479670002942,0.2498299316036694,-0.24541491053547243,1.1636157945178793,0.7429360029209333,-1.3524351966204538,0.1619471670717838,0.6639708839382079,0.28189183873342116,0.10471115904515123,0.0439309326233074,0.07095787768031585,0.2987569838857682,0.19585712612865872,0.1591761020051682,0.18436255959726652,0.6834741920509062,0.24328344382397804,0.9547472966239794,-0.4406401841501588,-0.6543946125912755,-0.8135973487462607,-0.4861594716424132,-0.8352086355802174,-0.736246354349889,-0.6440182350533399,-0.5037667077985765,-0.36195174668417285,0.5635564741847824,0.8222141886928721,-0.3348789876306412,0.0376294301291235,-0.0770634272773164,0.3375948265065538,-0.8328156304077756,0.19341375148125511,0.014132603457125342,-0.8811713496053578,-0.32248739596496473
TCGA-E7-A4XJ,0.24100942097127845,-1.2829729968223225,-1.3833026437614586,-0.6337709473019192,-0.5791949822690278,-0.5166579713503497,-0.703822883645988,0.10561803141173211,-1.129288905509372,-0.29739957602269596,-1.3790542174677964,0.07981538354978548,-1.0185463319340953,-0.5735832632637448,0.8239095007454426,0.6022836566409099,0.3447463133409504,-1.1226378895310232,0.011133918592723916,-0.7758931340967021,-1.3997464409653557,-0.18865689225760904,-0.5976799171362568,-1.5769887531863014,-1.0830050975285093,-1.1813845161377856,-1.4617117494592993,0.4962053647767464,-0.8773028100991149,-1.4395751218240234,-0.8112041959409472,-0.3519042383373164,0.9908370783906759,0.02875529458144342,0.8799119758360102,0.4462394809068541,0.9601317086458483,-1.2729501466472468,0.8696556303285973,-1.1904646337203673,-2.0341563060699914,-1.3317246588998335,-1.328403704784043,0.010923319683229574,-0.5560432641838992,-0.6358717612016151,-0.6122894089505455,-0.7403188482404743,0.4004493409086006,-0.35830016302552226
TCGA-G2-AA3C,0.6377753094749716,0.8625743112070833,-0.8096613585741758,-0.36445608820322944,-0.29046736438528425,-1.2945080827996647,-0.2165424493316179,-0.639560501815701,0.46100348245328165,0.1815946170710972,1.0154858355684595,2.4154891793359727,0.747267344281818,0.0634528121842737,-3.4817288055038427,-3.0648624813724847,0.6755916161695107,0.6149712054690428,0.3809867272559769,-0.20186882034033302,-0.25163421294879557,-0.3593621951195189,0.29079949244306436,0.7312118097034619,0.6634815739594961,0.3232308795012926,0.499278288789956,-2.8263404215378434,-0.43791917755426885,-0.27049506818265856,1.3163579347591858,1.2618777502617498,1.2702865141692534,0.05456499688810503,-1.0072732447248511,1.4904431004840144,-0.7141568426541831,1.9547706404791052,-0.8218923950025376,-0.9994902875055652,-1.2349378804998128,3.309923680475113,0.6573211608091323,-1.440296962774781,-0.33745976453200216,0.8120963244859063,-0.7182549977818479,-0.45331595811374054,-1.084906206904475,0.7292555804398828
TCGA-HQ-A2OE,-0.2797125370290007,-0.9905539034836871,0.48084512609922686,-0.9071622923952423,-1.435737709954793,-0.5715074547583867,-0.5217854714110358,0.668000712545561,0.08887856551846872,-1.1878925862413623,-1.1739715733230767,0.056670285177871406,0.742705196026992,-1.5896809455583774,-0.4059328271779222,-0.30342659961100626,-0.2007093614326904,0.6681056138406418,-1.4405857683656038,0.02701135654628675,-0.22749647633113895,-0.5852383309263449,-0.7674585941973632,-0.8914871685824819,-0.7586220962734478,-1.1526705877888044,-1.1222415685558282,-0.3482952829895577,-1.2581766558330574,0.8061108001555649,0.12615875125871195,0.3916132901943018,0.598295110018299,-1.48347679582148,-0.9943821182968868,-0.49852039938708553,0.10339512051712765,0.21034864698860187,1.097839302159827,1.7474866971504712,0.3748299169186344,-1.238281814308169,1.1396713265509033,-0.12201451592149595,-0.3934180242405934,0.451942786906688,-0.6876410222206836,-1.255221529769936,0.9306198718094738,-0.19468284713242967
TCGA-5N-A9KM,1.3847301743298592,0.2261286357174437,0.36901888867754196,0.31667484887780223,-0.7877331847881355,-0.2955995818635833,-0.05541148198924742,1.9036220822794554,0.07590386181844205,0.30715182535628477,0.28611661289992313,-0.31715165232611636,-1.5446982178469533,0.0719828476727145,0.28753493447626455,-0.5304919921457442,2.034898623454916,-1.8791392698005902,0.5630763515061052,-0.824411407854824,2.119325233512336,0.41941932661089426,-0.3297280439299437,0.27074363120945283,0.32072285614428653,0.6592006627411187,0.5552386653891584,-0.5360693728477023,0.05719583604721309,-2.397043773463927,0.11085148543097917,-0.7740693256709645,-1.7158601696250328,0.23363379516264995,-1.8661645744714879,1.4352052399746549,0.7117174554486627,-0.7937850394590298,2.5853975851979163,-0.15148252220694966,1.1145011673706295,0.8534464898292361,-1.4893043247601179,-0.5892951142127434,-0.10833314934454152,-0.43431517662677055,0.4571255504502621,-0.22885140553265398,-1.294691879606192,1.589170977485502
TCGA-FD-A6TK,-0.7688277462656095,1.1353091809885327,1.2853465169832292,1.1101826523327656,1.9033657207141566,0.5972973153473176,1.2278865160389267,-0.6354967981416443,0.7823021782987357,1.0869423236822058,1.0904862962125328,0.6576544659962942,0.35230445467379534,1.63613377758875,0.32990468337000545,-0.1580353210522983,-1.1399579015336991,0.5403426394545584,-0.08275573443148149,0.7836608358775873,-0.27859846597225824,0.3636820992068831,1.2685131322505212,1.2313814053799224,1.1762254619400316,1.2659649758079214,1.37832437372047,-0.4541532117982375,1.36123811799869,0.9778386503540555,0.5731719309825564,0.5989139935576389,0.24037413271184627,0.5996063823794805,0.04043617901020545,-0.7192451041495023,0.41202333489642273,1.0662385490658317,-0.7540715482111198,-0.1812973280057967,0.15189992720220852,0.43388980647002573,0.20316714768891525,1.4130614501976266,0.9166823594049288,0.5573100001408101,1.1811877274582876,0.18970433839182937,0.40953313579798495,-0.9191294314366002
TCGA-UY-A8OB,-1.1646476673495947,0.4990648859710121,-0.43134411182182647,0.510446857675865,-0.03431888435071148,1.5631977811162883,0.5152037411482494,-1.0283389342751834,-0.2152542993168995,0.23748025800398093,0.4465262283524816,1.6245945584597545,1.2062619704466224,0.019982427048251466,0.5562632278474755,0.4297059346354999,-1.589588625219403,1.1904990106041302,1.0041468534776719,-0.7719025969751168,0.5537243461383138,0.3059228783149565,0.23474006528139488,0.30212040858185113,0.49899358569800256,1.0319804435988147,0.8889059662567171,0.6415992843276718,-0.6338777379427224,0.2586062261495231,0.920604835886818,1.5414820920186991,1.2879374922562001,-0.2794950248485727,-0.3812536196789702,0.04081299675342102,0.333824563382758,0.12623734451489255,-0.8868077748635599,-0.1295714176790107,0.10820795004320594,0.642366775556998,-0.23597527943319851,-0.21718857103941883,0.3989159375771678,1.091926301119862,-0.8105529278971961,0.3011778018574214,0.559745273691146,-1.0966695100366426
TCGA-DK-A3IQ,-0.5375276539138107,-0.5388032157252599,-0.06204663877555777,1.2788167774916874,1.9410058700481483,1.4840567193310357,-0.0311063375678359,-0.2544207089318098,-1.4943741098962826,1.0062958478559596,-0.1366069319698364,-1.7444875956441563,-1.8403762965374775,2.021747034145213,0.35091298489141726,-0.43745061601353297,-1.9334162521762732,-1.5899289569040203,0.16405392513774017,1.3446296922529164,-0.2783358708736578,0.7803293015148547,0.04729894294810034,-0.3064340021533577,-0.16270104225415322,-1.186455299450667,-0.8457339777451396,-0.21725143227584137,0.6998943657899797,-0.18593940118848004,-1.7341810899037455,-2.3655492590471248,-2.9479399710168415,2.21450554893321,2.0606724070286364,-2.1601687547037693,-0.10192013582908836,1.046732443206759,-1.0452883138584015,-2.062757612346177,0.265931638409674,-0.5954176081493321,-1.7467685885447646,1.514940040126039,-0.38935723757311774,-1.3005003854148915,2.25659130194429,-1.0811730874287195,1.3059201982041935,-0.8327437392412577
TCGA-FD-A6TG,1.5496135545434544,-0.12964916797610607,0.10527431962837928,0.7047442827278573,1.039556018630759,1.1070438175230488,-0.2686317578978204,0.11554381953822909,-0.484764630710338,0.7727426480584857,-0.012910789835631114,-0.7581248228060533,-0.27131320764213473,0.6024058395567048,0.6039686408949057,0.8451945071195293,-0.03879075225391731,-0.26262060423203437,-0.4750734051094457,0.27537138941910366,-0.13950214312144876,-0.7438970230044741,0.19951936842784312,-0.006045694186769988,-0.3876806047490196,-0.9336664402883729,-0.6457080902543175,0.5440618546011152,0.386540183362947,0.4705971026383396,-0.2819317390032297,-0.761034181120505,0.03134999113992182,1.4064274899144225,0.20009707333221471,-0.4701567409019418,-0.45430114038924796,0.44835811604402254,-0.002729706818021541,0.4947595200081992,0.08126081217962382,0.17303667892955524,-0.3376300030207427,-0.10051687056508084,-0.8910087749013647,-0.3498681118263827,0.42797029660880015,-0.30895323600962504,-0.24047692403896737,0.2793496714476471
TCGA-KQ-A41S,0.6236379309209691,-0.27815900840465035,0.9333563695017998,0.4322159797476215,0.166126204575724,0.10832154241391603,0.4487018975637446,0.4585099699044578,-0.3937967432602412,0.5523905866382975,0.14882576501357012,-1.107202355038868,0.10386990469651768,0.8542976395008481,1.4785038368951346,1.2109449535882597,-0.08075867348472758,0.08241596897703177,1.0713615275918016,0.839319194999634,0.6610151693439249,0.7530491022596363,0.5459561001015416,-0.06128316278139164,0.11883508474168696,-0.5911967231454814,-0.26105074822206026,-0.8266987551089228,0.9265771963763647,0.6752583222873477,-0.3737428785180467,-0.6739601939270483,-1.1164867810876282,0.2849790182588078,0.33004582519635184,0.004868646517589153,-0.061705217953381034,0.49198383930806355,0.7344471543787291,-1.1906529063888682,0.3700205829802818,-0.12000115828923513,-0.1668395101614312,0.5830442112579168,0.5930516535330858,0.1744898420958517,0.8096863812828692,1.5853453393153618,-0.32503449367281917,0.6150240505560804
TCGA-LC-A66R,-0.9623518584774021,1.2127185804378047,-0.15720266588563447,0.425754673196154,0.9818044846630951,1.3869156940749392,1.3518019829158088,-0.8048555692714228,-0.7014631679940164,0.33720004767026723,0.952637902106733,0.31594913804550123,1.3262582300251338,0.45366588798879676,0.8315425770526319,0.7063058877442114,-1.396983990920581,1.2551748032255179,0.4171095147397468,0.16873950993448267,0.7629878186662674,0.8305406463078717,1.2682346083689084,1.212497750428182,1.4968778482696972,1.3931204990131074,1.3793316584653714,1.0806595176022504,1.032771073362037,1.8733279784726968,0.7375470213755964,1.1277889654901332,0.46165508531666377,0.14875482283894667,0.03736715275990719,-0.015791294535376064,0.4835455722716329,0.1535685869104967,-1.583879208208355,0.808327382098888,0.08573116717671043,-0.08227598423239134,0.6652015110767959,-0.2604001976990799,1.3793051559128127,1.0063483519289103,0.03232884488431102,0.25941630618302586,0.38169679562840014,-1.0382286591257786
TCGA-BL-A13I,0.6096561749548534,1.5546588965144055,-0.2688961429678486,0.6675005628136953,-0.2118019900758876,-1.3764584529867547,0.8750466371689463,0.4749439294995445,-1.83065835367167,0.6190931068083341,1.3304178325523601,0.9795042307028009,0.6876235337528279,0.4409094383605778,-2.1828210507706824,-2.4666630121471362,0.8683123537269462,0.7912883309029453,-0.7733753045542348,1.9147549572079017,1.258600164688453,-0.08147389840785635,1.1985208734206334,1.5023917325009637,1.0268359006489303,0.5039121725563227,0.6563296444897703,-2.042679449592395,0.951619408656761,0.715685349519597,1.5120303646073883,1.3909085940352168,0.6104647032102087,0.05577911351079329,-0.30087420240701107,0.816894501133287,-0.9818265707203172,0.67438638003537,-0.534040282135225,0.7260576331138868,0.3830261879102981,3.39653559872775,1.1379199764850727,0.26273654905195654,0.17174820272985106,1.316886153303894,0.6136810860487802,0.5624534699682867,0.9839079592894261,1.6089144013941141
TCGA-FD-A3SO,-1.7439765588580682,0.5033073937418798,0.411949657531503,0.819252181761964,0.4243844272569951,0.6103260052045222,0.15540230589806067,-0.7958988134226488,-0.20580745186164506,0.33938261411452214,0.8948470437137621,-1.0560731438840385,0.7474420926821062,0.7872996752672448,0.809348740466903,0.059820110305987245,-0.902568623188139,1.1488804205887515,0.3474806939804821,1.295006847542291,0.9029884629970583,0.6421563286562205,0.28038263599834734,0.7054300877684824,1.1662413119285413,0.5328504353548476,0.6519219114227882,-0.1473101205066598,0.5890704812875622,1.7284594096777206,0.297103508084139,0.4216382136917612,0.709569837952047,-0.33155902741755616,0.5128027292929876,-1.19095109457252,-0.0018564809645683596,0.06889283343451179,-1.2145070104714937,-1.0090141383536542,-0.17337208902907153,-0.28063838627887133,0.4787826196143042,1.3947637132354505,0.8441270378751061,-0.584783174274075,0.4470807034305406,0.7013154764659946,0.2208301643041068,-0.526855103794663
TCGA-BT-A2LD,-0.432495797329509,0.050775400095649625,-0.43301543983501656,0.37508826716901167,0.8585955735223381,0.09533636434240593,0.18736889623331204,0.32579651015601785,1.0885903356572748,0.22099295775258837,-0.04079951572370631,0.2747076804905597,0.6036599726698245,0.2789974249316875,0.387604043845652,-0.23906298971506865,-1.3015714388318684,0.7096913641467653,-0.2387288732458144,1.0182221358507493,0.5636920980247999,0.16858222907108444,-0.4129018043949329,0.19098788017495477,-0.18278491259561117,0.5209419822616852,0.3209485107234958,1.2350940219853375,-0.34908826282132366,0.93275208154969,0.65092521783371,-0.06578286881078675,-0.6323458466985815,0.764318207511117,-3.034296495042152,-0.8006631361263824,-0.12701847754244946,1.3356357013783786,-0.6997541984751945,1.0277263936727687,0.2859363712989733,-0.11731613518199294,0.5397839939299623,0.36886074435899124,-0.09050810656567795,1.2655780181133776,0.20206540094681072,0.6351972621164851,-0.09625985331687276,-1.1567584590251718
