patient_id,HALLMARK_ADIPOGENESIS,HALLMARK_ALLOGRAFT_REJECTION,HALLMARK_ANDROGEN_RESPONSE,HALLMARK_ANGIOGENESIS,HALLMARK_APICAL_JUNCTION,HALLMARK_APICAL_SURFACE,HALLMARK_APOPTOSIS,HALLMARK_BILE_ACID_METABOLISM,HALLMARK_CHOLESTEROL_HOMEOSTASIS,HALLMARK_COAGULATION,HALLMARK_COMPLEMENT,HALLMARK_DNA_REPAIR,HALLMARK_E2F_TARGETS,HALLMARK_EPITHELIAL_MESENCHYMAL_TRANSITION,HALLMARK_ESTROGEN_RESPONSE_EARLY,HALLMARK_ESTROGEN_RESPONSE_LATE,HALLMARK_FATTY_ACID_METABOLISM,HALLMARK_G2M_CHECKPOINT,HALLMARK_GLYCOLYSIS,HALLMARK_HEDGEHOG_SIGNALING,HALLMARK_HEME_METABOLISM,HALLMARK_HYPOXIA,HALLMARK_IL2_STAT5_SIGNALING,HALLMARK_IL6_JAK_STAT3_SIGNALING,HALLMARK_INFLAMMATORY_RESPONSE,HALLMARK_INTERFERON_ALPHA_RESPONSE,HALLMARK_INTERFERON_GAMMA_RESPONSE,HALLMARK_KRAS_SIGNALING_DN,HALLMARK_KRAS_SIGNALING_UP,HALLMARK_MITOTIC_SPINDLE,HALLMARK_MTORC1_SIGNALING,HALLMARK_MYC_TARGETS_V1,HALLMARK_MYC_TARGETS_V2,HALLMARK_MYOGENESIS,HALLMARK_NOTCH_SIGNALING,HALLMARK_OXIDATIVE_PHOSPHORYLATION,HALLMARK_P53_PATHWAY,HALLMARK_PANCREAS_BETA_CELLS,HALLMARK_PEROXISOME,HALLMARK_PI3K_AKT_MTOR_SIGNALING,HALLMARK_PROTEIN_SECRETION,HALLMARK_REACTIVE_OXYGEN_SPECIES_PATHWAY,HALLMARK_SPERMATOGENESIS,HALLMARK_TGF_BETA_SIGNALING,HALLMARK_TNFA_SIGNALING_VIA_NFKB,HALLMARK_UNFOLDED_PROTEIN_RESPONSE,HALLMARK_UV_RESPONSE_DN,HALLMARK_UV_RESPONSE_UP,HALLMARK_WNT_BETA_CATENIN_SIGNALING,HALLMARK_XENOBIOTIC_METABOLISM
TCGA-YG-AA3N,-0.14931737678175414,0.7080280820942896,-1.2174341584630566,-1.5787780919487484,1.1789752181460564,1.2309870430224807,0.1033933557302722,0.9783822372781107,0.07961105454551388,0.24059220362691147,0.5494865728919652,-0.16150020015742686,-1.2740607850274432,-0.8380209198853271,1.6093510096433459,1.4678604432588136,-0.3819385094404107,-1.3672150564037358,-0.8701328461157289,-0.25373164310523466,0.8319789521925002,-0.041360412600520674,0.073531477172608,0.18975884843601298,0.13873273565198618,0.2827188450678886,0.41950092478475143,2.2784121349203277,-0.1520901778612459,-1.3559152777361487,-1.2927696999279608,-1.6214604743973928,0.2550916013761152,-0.5646411821720583,0.16605246272196483,-0.6585128122109571,1.323174479581625,0.1608623311519744,0.24915219420648418,0.6502220270006435,-1.441223063625515,0.75611502905613,-0.9567067595656512,-0.843454365486299,0.4377440244832132,-1.170061137146209,-0.7637694883903444,0.9663208795893921,-0.3072908267332274,0.8055664541935939
TCGA-EB-A24D,-2.200389840453759,-0.6075695758176288,0.24661650172137473,-0.7924031128252966,-0.784789744182109,-0.8414514969582179,-0.9269200735797661,0.4092549185624886,-0.20952506061793394,-0.9160813628261572,-0.9386962069077399,-0.3588268988006969,0.2685231521402809,-0.38179135975156636,-0.8806601355744288,-0.8711143397690112,-1.148857385105947,0.49694047001380753,-1.2399437082360303,0.8502360274314122,-0.405286607210101,-1.5167709936426803,-1.0783290483233001,-1.04132432503943,-0.7924902148073835,-1.1173202814072902,-0.9326791095401403,-0.42388084257212194,-0.6908575520866634,0.15102006488353673,-0.5798603429512815,0.08794526573442785,0.22252232607858913,-0.7495132382304156,-1.2319697474700424,-0.5678546685793711,-0.535965464718435,0.19659241915400175,-0.20119274388234362,-0.23445708477950128,0.9385061392727627,-1.8429407947041798,0.17892938858837937,-0.7255700469646222,-1.1216875541414388,0.9862984718840888,0.2589102228771034,-1.4029477942190032,-1.0071497190575371,-1.737612347887404
TCGA-BF-AAP6,0.14660390427496003,-1.0388493113998802,-0.5208931715974422,-0.3102715240202844,-0.730595630742645,-0.23474752996550008,-0.2586241612947073,-0.8175023170999973,-0.08831762769754874,-0.22460185379411815,-0.6614052389308451,0.742549044288204,0.9603080618349127,0.014138543654825792,-0.5611285571820512,-0.7219761900678503,-0.16946350298950022,0.8658606754219206,0.6320762620451965,-0.19487940957288583,0.23564157764396204,-0.01386092219598224,-0.7821883413613564,-0.9035870266633824,-0.8427902486194015,-0.9551664742523461,-0.8200009022664684,-0.3226591986993505,-0.9599177488314086,0.5374620832138908,0.6354201669496835,0.17767792744376978,0.33226802569211217,-1.024726183407028,-0.7119315455581378,0.148943953338874,0.05970077481234909,-0.08512587395707148,0.10767849149985388,-0.15775120720902888,0.8506111393351178,0.06652388624437039,0.9991542714885473,0.12006975138407742,-0.6639786957014345,0.6142384708185419,-0.4278630523774257,-0.5400229301272766,0.1910904818531289,-0.8654207906723401
TCGA-EB-A551,-1.0358389479802022,1.2570890019614398,0.7233200863673849,-0.13653945531294745,-0.3573274373039028,0.23851906243907237,0.6795189775546586,1.3157491544000375,-0.25774228544475775,0.003022283740870054,1.2617021371393464,-0.9037063563708116,-0.6051853149315198,0.23327921083715392,-0.7662685293873267,-0.507974286604769,-0.19209294120872922,-0.45577679698707896,-0.8581586474735337,-0.11205795490581444,-0.7091194137065026,-0.8699933365365856,1.172575497774383,1.1742408472335466,1.181989163778424,1.6288115797616645,1.5629442503026065,-1.2904842352969208,0.5791601912029136,-0.04184634588625267,-0.08784261040178677,-0.36759465082185205,-0.6428646053425966,-0.9673026481714758,-0.9423723805502336,-0.5702696418502875,-0.13322685076555693,-0.7943207315817482,0.36812304311894517,0.09713141140685785,1.1746948321389445,-1.0625075362496585,-0.6070266313748612,0.3553636782594549,0.6813166724967805,1.4689063796290713,0.512405841253444,-0.8542825484860993,-0.44098720173736466,-1.08489458783069
TCGA-BF-A1PX,0.9129142159381306,1.1658888509779117,0.2229444438684663,1.3046539266083017,2.546399395997099,2.445604419736048,1.4143824183217728,0.7428403520355182,1.5324132359501232,1.8098591865721374,1.2179714465428302,0.1390271624412037,0.0317394567795132,0.9494730714159142,2.797582844070705,3.393991045918207,1.1206919450521995,0.1759905035275002,1.1149890676017085,-0.5821907338941078,1.1498302614428648,1.2386460210586285,1.4006660269659459,1.0885273795379584,1.0394665437017006,1.136484711535735,1.1283203989404986,2.3460952480855317,1.6267991329774458,-0.5317486571151172,1.243020317135334,-0.23310842129478432,-0.2831202335988644,0.5936309338971895,1.6747475783809351,0.3150506703252276,2.8987484768051246,0.1781847400594684,0.9007195817617435,1.4904367215259404,-0.8378438179005308,1.7053357995966267,-0.6575775761753261,0.6831407613608389,0.6986827498134688,-0.5516991972370867,0.04922633473956903,1.7300326444210377,1.3268574430357125,2.0932989643064452
TCGA-EB-A4OZ,-0.8003039126227548,1.0267005056754077,-2.3154332300188356,0.02935201048930981,2.0901856260024205,1.990299767776748,0.8352966493964908,-1.0109281738120002,0.8445522497336111,1.4950582912673236,0.7541303129596633,0.15063133319601205,-1.6259809092350925,0.5546191676163275,2.1468433510349874,3.3287744013004232,-0.8709956446213423,-1.5349391608015657,0.5414474596777892,-1.549246343739409,-1.515577969893203,1.164067671274619,1.1047889832871685,0.9881464600396387,0.8638418177907229,1.1844558827249936,1.0221908205728296,3.7157181345097388,0.6631607908329081,-2.3083252694815988,-1.6340179828521515,-2.2904103058453145,-0.3291299171538842,1.6693249278952293,0.27700204431581443,-0.6436036191506009,3.254811731531336,-0.07585961978491897,-0.5244243831706955,-0.8073237768088872,-3.233353730806015,1.1202619665412747,-1.8654208851808092,-0.32439545341751996,1.0441576090031057,-2.406425888346596,-1.9472908586356785,-0.08941652800295484,0.6537975226182179,1.2218461435402812
TCGA-EB-A97M,0.7949687158510799,-0.07971009246751387,-1.3801545777939033,-0.34960602362964144,-0.5021046026900149,0.9206003957329761,-0.2981834326071572,-0.22438336644375986,0.6861358408598554,0.3705747316406541,-0.3771720345317208,1.079973151093413,0.1459884556274166,-0.43900877786088743,-0.4854314757462436,-0.05383198854461555,1.111292132012679,0.10865218971185232,1.349294780904554,-0.4300378201276949,-0.27339805566695685,0.8616421446462469,-0.25429937227579086,-0.22831305362469892,-0.34097752253959807,-0.007768317441354319,0.006723898636431733,0.06513583535315086,-0.6196335000716008,-0.8172768771610288,-0.1308839233842298,-0.4722020510715568,0.678701954251992,0.3187081921848058,-0.8343715515223317,1.5696136135248169,-0.08843509583928867,-0.2688697836394773,0.7033668722848853,-0.5117175595024347,-1.0873101493568305,0.9567869163860933,-0.08341873879473541,-0.9094019814278732,-0.5084206351240927,-0.6490656636421355,-1.2240588571534137,0.6432482742078506,-0.5732192180974102,0.4442853175545301
TCGA-BF-A1Q0,-1.2079757403018343,0.06025537245911735,0.40479860005813995,-0.589143283636632,-0.22302703671467317,0.25186943148666435,-0.0789465394546759,-0.9333446568234289,0.8079803494820776,-0.5704554610614803,-0.1262715449673187,1.073005461032456,1.8229637546433903,0.33664895616046203,-0.13942945792168282,0.21526361815202175,-1.33800722134474,1.71530075419431,0.017793432935547353,0.8115229650630614,-0.6834355218960307,-0.7070529449589193,-0.31154494707707553,0.11701706329715904,0.2968067330110021,0.1927015611335283,0.07150868867370916,-0.688064261404667,-0.08279036455887323,1.3914873691163887,0.37351635416187534,1.1710979678465496,0.18805251818316027,0.10937743467922569,-1.3888272049730437,-0.4089521082189857,0.001932345405105615,0.22344889643079632,-0.6986872552711074,0.2978992437312652,0.7901163877431938,-0.4348513843689711,2.021901202146236,0.6725487876750429,0.3450428730990696,1.2216431546489068,0.8948983098919051,0.44805279598921055,-0.6350305181579169,-1.2698440528113726
TCGA-FR-A726,-0.3957296454593979,-1.0823848380422183,0.08523609655011254,0.10395407794876979,0.6207811803532449,-0.5983652621460669,-0.5156965481695938,-0.357959203331415,-0.6850315865966563,-0.9229775576671532,-1.164928727480174,0.16896153038986159,0.5455914752743642,0.5005630174999354,0.8637995378856643,0.5366775954290043,-1.3066383653070013,0.7117301388819602,0.713153766018292,0.9189745905752278,-0.19858961895710284,0.5459908747098066,-0.9615480128307159,-0.7000659522721753,-0.520500389111086,-1.455449455449144,-1.256974078502965,0.6360991361724448,-0.8147876722422385,1.1689613769321299,-0.052110650764647805,0.5288945650126565,0.7583081966706329,0.6439370944881847,-0.22080086848005415,-0.4852509880364581,0.37478844069717643,0.04034889938827049,-0.29442266200200157,0.4477280610392732,0.1057295681379405,0.02332164529536173,1.4549240524843192,0.3004687306443166,-0.11526536506353105,-0.3141591327513963,0.6246527200025757,0.5084442933806854,1.2726440666432457,-0.17366664170889537
TCGA-D9-A3Z4,0.4154543829700798,0.05511313409851302,0.032721471994132785,0.10074001625245277,-0.5324322993572858,-0.2764559632155696,0.22020899731747187,0.07901659940301821,-0.8041686371002151,0.6718815461744858,-0.16347901502091874,-0.8273524463869328,-0.34841900462103226,0.0848462841898628,-0.3171455601651846,-0.48686715396735375,0.1709552042649581,-0.39599542719688735,-0.3518124212476806,0.18293028467283304,-0.600442654043166,0.39640601008153425,0.17421802034464023,0.27151221307906415,-0.016033617943161473,1.013147124888414,0.5681542868862213,-0.022529471572770597,0.28327139504644144,0.0011070113575873365,-0.5390338107645067,-0.04051138228524716,0.2368051623956671,0.3377082657985423,-0.6232589247946355,-0.649557898409706,-0.24480671688573727,1.8504611397151578,0.6963036601169307,0.399758124905728,-0.06743024518506317,-0.29774411762793307,0.014084134220476975,-0.7781431851690839,-0.2582059144387203,0.27816492712697194,0.020123610251995796,0.06699682416005605,0.6460747207631611,-0.32887081153179204
TCGA-EB-A57M,0.013543787598930284,-0.2816094005877478,-0.7344263836682178,0.8554439466747827,2.395914506054679,2.3282775510845877,-0.09707813201217326,-0.057661927867633266,0.6956691008790238,1.4980550216819326,-0.22829615125313668,-0.21173748627756053,-1.5479871186973961,1.6236574072646375,2.7449577269279555,2.4969915982976065,-0.664198067349342,-1.6496001371503366,0.7401272323456316,0.5525559981269884,-0.6664219785544183,1.1388627801159132,-0.21842844930096694,0.24866825633431577,0.15857188697268065,-0.2686242768363817,-0.16274641822988667,2.6556315563764596,0.11930863382377532,-1.6592553246802666,-1.4774452358036245,-1.5831481559286296,-0.01007683778918901,2.422740410391386,1.3905581173481063,-0.6513574667216541,1.4357974009729968,1.0506605082983165,-0.7433062481305176,-0.3911146092027469,-1.3973342298130538,0.7235638028703638,-1.1912992329550525,0.5070363825209548,0.21554383522797382,-0.7694027651756652,0.6874423583370622,0.3802681359235851,1.5160135642065895,1.5609291654799802
TCGA-BF-A3DM,1.2948926555124152,-1.0868309393256868,0.7003216059227081,0.5316723728867698,-0.07753041700625442,-0.8671529635546641,-0.6817873843871256,-0.074943964221392,0.5848424560294447,-0.38330479237657766,-0.5601582545437893,-0.6858332655680591,-0.057056785093434155,0.2058690806608161,0.648999393534531,0.14111557153949728,0.4563521932791833,0.1613074928307605,2.540232992872506,0.43219057283316825,1.0082204452310417,2.4169830519410804,-0.6705280981277432,-0.5280060050623193,-0.5901549658946824,0.7334411967070104,-0.024285466132734395,-0.23915689068088553,-0.33322142263365556,0.2962447328591994,1.0706112301037793,-0.03933436564698633,0.1903462916744353,0.7580962575151008,0.8858905008995399,0.8439800859668171,-0.6694815753302484,0.7318521177256812,1.5122966612454611,0.038517283902729786,0.5850935536534068,-0.38676366510032234,1.4274040970801354,0.2962199658675824,-0.8061552683280744,0.9031029085029196,0.5174513597106478,-0.12071898961861172,-1.0066162860474717,-0.621621740615204
TCGA-EB-A5UM,-2.1352212880847135,0.3173199101574462,-2.36606704848633,-0.540339711721477,-0.1829005713475644,-0.07094609109711293,-0.3911579540420384,-0.752703867884121,-1.2839331263553997,0.3562768245537177,-0.4540877903007931,1.2898520299279022,-0.9761501807252507,-0.8248050962076076,-0.3998131191857952,-0.21588735629496988,-1.2488857978383217,-1.4089913674210406,-1.6668945273632056,-0.3823468961640879,-1.4237167950892808,-1.8406255175998947,-0.49567182607224974,-0.30814696058500246,-0.7497766055814741,0.07124690270834066,-0.04138552731849561,1.4413153610805507,-0.7968303781038861,-1.5261509482712539,-2.0243804070028744,-0.3077254433282351,0.5747637655549163,-0.2213095871077678,0.2968896773137092,0.0680659198375035,-0.021338396183958018,-0.9540084070519449,-1.4085745904103137,-0.905149001646928,-1.7972522487683003,-0.19588074254749446,-1.5857948028405753,-0.6737278849979241,-0.7411877814245473,-1.2052943730738588,-1.5635297215941768,0.05048856334603582,-0.32935339909156425,-0.5969831370871295
TCGA-EB-A41B,0.11581492716093167,-0.9093821346455513,-0.9910866924253601,-2.346003001858131,-1.516255687840003,-1.6156523099508981,-1.1330858541645707,-1.0377964515092748,-0.1112454391832364,-1.8211277212868358,-1.2119828922484406,1.1459524023361989,-0.17556919337059862,-1.9929545200353007,-0.18463146433898883,-0.5363994203304646,-0.12615208785689186,-0.73427944548298,-0.8667758015367089,-1.5887793635636014,0.9784309126468843,-1.1790976612417199,-0.5599483359399485,-1.3380391794423725,-1.0938452623459876,-1.0469493043617073,-1.0926711042814206,-0.4656966832382718,-1.74202271872797,-0.9735834953871388,-0.09663417483072644,0.701876647454401,0.8846769778803096,-0.19515962472577375,0.054241674577333,1.6330649603311704,0.3854171211009622,-1.0110532451336056,-0.7816733592723453,0.3736239346035395,-0.5161707638904519,-0.10045310660570243,0.2437988822630448,-1.0094394457079239,-1.0272890721752208,-0.027600424807404544,-1.6375330175689822,-0.14176937304125828,-0.5834736827439936,-0.44563399553267957
TCGA-EB-A5FP,-0.34705826752628577,-1.33634073896942,-0.03090523766805464,-0.9001063723093558,-0.9607825043011018,-0.13837549447463995,-0.8694319816398954,0.586896992149615,0.428268712170336,-0.9588623209085082,-0.8743543370020722,0.6273296414807548,1.6863039121501797,-0.8325134383245723,0.41243881486855316,0.5906129544832586,0.4135189791516525,1.5217412094076253,1.4479182460395146,-0.36218142736782943,1.1569271368559797,-0.3278882326415417,-0.689987223718202,-1.6105722287646531,-1.5124610743648528,-0.772009530877003,-1.1869989840616582,1.0960750285441334,-1.1174811202371666,1.0562105699625761,0.8824938689415055,1.0977580811991199,-0.07145438543653944,-1.96915866215973,-0.4291671743284918,-0.16961473932138305,-1.0083200894515834,-0.849359058012807,0.7232381196376466,0.23148282482902457,1.193773379277643,0.6287335411601134,1.0762724179514593,-0.318073005243605,-1.1769395616141443,0.0024283956989383337,-0.7810678275307568,-0.41096151765775885,-0.12100184592996024,-0.5644614066629172
TCGA-FR-A3R1,-1.6648692940015215,0.037628796626780966,-0.6620883138307122,-1.6521563918235742,-1.3934062052886864,0.44235621025916866,0.09833818160617276,0.008184616329081611,-0.9976392079408035,-0.6228903085958151,-0.11540205577591967,0.5949452170707556,0.6766637656961745,-0.7885134961242072,-0.950966128432931,-0.8113058010647393,-0.8290780336458693,0.676228805328309,-0.8744812504875735,-0.6988332997909243,-0.021623405306157653,-1.684541214293324,-0.6860809371554712,-0.22476138988006744,-0.216143511688064,1.5110892573250365,0.9199973017835773,-0.9933063077962015,-0.9466711118857014,0.4598876704869211,-0.3946953426754939,0.6055154442344275,-0.03121639168947888,-2.3167711706129333,-1.2352008009968636,-0.400495957364758,-1.0511329244245988,-0.36103214521692345,-1.1480398664169382,-0.09347377249853543,0.8238608095373929,-1.153933163685761,0.6024839671512675,0.21698425959468687,-0.23078020835390745,-0.3139680851770027,-0.6715610956960335,-0.8032815770216768,-1.668993753913041,-1.344772008743242
TCGA-EB-A4IQ,-0.24394449039370583,-1.0198278125878908,-0.10178967840451195,-0.24086592654371267,1.438881348380561,1.5590399346907415,-0.1469894830682994,-0.25061955845952183,1.5191450808341473,-0.4088275462914148,-0.7514020330317472,-0.31618226371640007,-0.3765511280075814,-0.1575434656246016,3.131858120855205,2.773319004882812,-0.19920493516265378,-0.2678975251339634,1.035714199329558,1.372191058379222,0.812857877269283,0.8754044300104,-0.22455191117186027,-0.5701793829422401,-0.43244171689787153,-1.1769264068678875,-1.0729253272173978,3.2925386562193317,-0.40496769220306456,-0.46855583706402537,-0.09021478576262568,-0.1671386369274826,0.9216314626433276,0.13346789725182143,1.250402893442804,-0.6491837128489765,2.4176442000224605,-0.2128512496396348,0.2701906766233169,0.1428225456357696,-0.46356504385579245,1.1379075709679456,-1.0753496735240105,0.47751895028186003,0.8318725728198307,-0.0031059539717113857,-0.4301113832417482,1.576243766873254,1.3752015901892627,1.1263400899354075
TCGA-EB-A42Y,-0.39437785232735384,-0.5676751556427715,-0.3872514434654249,-0.0773134558098452,-0.7466973814629673,-0.842290884856447,-0.263746944578876,-1.9705083904737746,0.8385784803192338,-1.75138188399697,-0.9913926529797495,1.3601330644470524,1.221343428072769,0.3016373615230371,-0.6480710375362412,-0.07970648531930317,0.14473547128441538,1.1159311330961932,0.5206237681755131,1.1411433739638457,-0.6778957372281229,0.8787513152248193,-0.575928488639705,-0.35759633367577814,-0.5017719045481437,0.8467424848087909,0.15577968331567632,0.08195438427050561,-1.0636054571236155,0.5228835106872946,1.0215290766445142,1.000510078038867,0.8495511604463369,-0.18122821869854222,1.2333276206300823,0.8126313372204459,0.2877798741462051,-0.3361861464350994,-0.6379156474333634,1.6193370596410297,-0.2552676471100679,-0.6309689786290952,-0.17694483862206087,0.827285683360876,-0.5858887905883328,1.0706788160628993,0.11248936592962928,-0.3833825485539519,2.9866918871792696,0.36869128071908885
TCGA-BF-A1PZ,0.30144163258663587,-0.8143053133161126,-0.5597928577515807,-1.478614265241671,-0.6896290804577321,-1.0676624261061338,-0.7463575277705752,0.08755096254780187,0.5795719736314832,-0.5640296924834108,-0.6723068203998303,1.1538582242755338,-0.08093517399670731,-0.9774427329874767,0.1844885963993225,0.2267729141237873,1.3694145397835735,0.05103515920272454,-0.20469537973630927,-0.7953503859718094,0.8338640349271847,-0.7988089640943089,-0.7338184596954848,-0.8035965094599085,-0.7874193569240489,0.46138160277457324,-0.025989087152331836,0.4440533971338878,-1.277969092274061,-0.4980049308083263,0.14484041559437733,0.26880861204623685,0.7595334419615428,-1.160356804828604,-0.370827259103757,1.441541079232304,-0.548274743336586,0.6874276734779635,1.0625259564786353,0.06723075331845145,-0.10322417438347756,1.030795003937819,0.6500368961554825,-0.7295218439302221,-0.4813849815580905,0.4468475054474635,-0.8771955178596568,-0.09507882365433576,-0.13136627920492527,-0.20479834169516953
TCGA-XV-AB01,-1.378957567909841,-0.022653806814537214,-2.2467198978928358,0.062329130983918006,0.4548594919756421,0.6186971881061696,-0.22700417763629974,-1.0204959568251764,-0.544053448183038,0.6364886936581207,-0.36889730296912154,0.36795654000223327,-1.6788567520921904,0.272665044802711,0.12421701316708181,-1.009803615907594,-1.6622532399139334,-1.7930189946596833,-1.2305780127207964,1.4216450000844227,-1.1963413089374375,-0.6927031425854849,-0.45552794208050024,-0.46881002526989923,-0.44957667916376437,-0.8075237724598728,-0.6351683513309125,0.15374683863041097,-0.36293404622443964,-1.870117524309131,-2.978349155223729,-2.2471343480896246,0.31599234836404116,1.3662309086402176,1.4906724683691455,-1.1272147544959028,0.396417777773227,-1.0502533982831235,-2.6201997497989598,-2.608632719204302,-2.917575442022636,-0.6093675008743431,-1.7957022163191743,-0.7743080415199796,-0.44243960723327497,-1.9759494008696505,-0.44924465425601173,-1.23632496467823,2.771746907020452,0.07772388558982195
TCGA-D3-A5GT,-0.8426149421067805,-1.500186133697607,-1.9877196443466696,-1.6014158900029927,-1.7853768771425202,-1.5469891044445838,-1.7870669211448162,-1.660842353367371,-1.3287210923664985,-1.8823619078891225,-1.975949763061572,1.1879359442414548,-0.051571969532955036,-1.613892455766228,-2.052108599245051,-1.4325202476695658,-1.3381285018023672,-0.42625116427533916,-1.2590767478141707,-0.33729772850625245,-1.5856006401169989,-1.6779276179357516,-1.8386475255205832,-1.8663248172310614,-1.8449470236950365,-1.6335353005318423,-1.6261832348182368,0.5333503196482676,-2.0589500789601898,-2.059819525071833,-2.1134782014743174,0.44530681497854957,0.7570337199076825,-0.35139248362235304,-0.6920856439727202,1.0338635421331597,-0.4754859230806643,-0.3751006021487938,-1.4552116152971335,-2.485079026438863,-0.5330981868260428,-1.6027268304861944,-0.4575164303034859,-1.3224987856838744,-0.9355485226652639,-0.19014680963118996,-1.4352047580950364,-0.37247557014147264,-0.28954518770900395,-1.5703740604680483
TCGA-FR-A728,0.3618330499649073,0.7095353446306519,-0.5164281558050549,0.6057587238756431,-0.31895624886508495,1.1042818129897376,1.1394405079097025,-0.2235405492652032,-0.2550210909577677,0.8353133353390152,0.9773029663270768,1.2683702217793664,-0.41667002571098094,0.584616671141322,-0.4350808975347805,-0.2864172353847122,0.5515286368107775,-0.6830704065917422,0.7290345583492397,0.7566885071699351,0.2243811845324978,-0.13777370836710937,0.48994955890933467,1.0890708420376571,0.9526801758976804,0.9698557635027895,0.923322229327918,-0.9106975482445101,0.6554273733009365,-0.8379087783473433,-0.02313029220607483,-0.09712806557992358,0.3671291264550033,-0.7195749194698887,-0.7242851895400563,0.8120931978208985,0.8676699755499914,-0.32217191351347757,0.24032571955796117,-0.18668858640599478,0.21520076081769812,2.045520308312909,-1.0310598666848805,-0.04684662609799306,1.4301569666518352,-0.06498359847804551,-0.7897683643311597,1.3790187466566408,-0.12663358506409408,1.0235137102101113
TCGA-EB-A430,1.5321178976891034,-0.31801029530048947,-1.413811055148855,-1.2169729614166,-1.1304714384852343,-0.5288396369544068,-0.4285757189726948,0.7850615803040193,-0.09406563922525606,0.1554419346642644,-0.42557091261993546,1.3150222986839804,0.12771097790111302,-0.8451806593288718,-0.11249167103007911,0.11790921333416546,0.5623212193596911,-0.2797256433349397,0.07910425979897914,0.17480927448069322,0.379274902601007,-0.3524660119195811,-0.7032424837026199,-0.5892865921726659,-0.7801302385197343,-0.04453946818007938,-0.016246979477238008,-0.3465072432451996,-1.012058319725664,-0.8561439351131378,-0.07145384789842278,0.5196650008674005,0.8196593518118531,-0.3489912287307492,-1.2817554046614301,1.5224678126255449,-0.5634193223587257,-0.8457103781475037,0.9399353424720291,-0.4748625593440327,0.054379423274611885,1.0593518379853797,0.11703068655990201,-1.0628575213874014,-0.4006932973254334,-0.043888988974098084,-0.9013581594936539,1.0094908824469473,-0.8215010811368616,1.2174120312628955
TCGA-EB-A553,-0.22336492658328636,-0.14693509845487104,-2.478285402924009,-0.614192717211075,-0.3089081913720304,-0.6567203848151538,-0.9562848547037183,-1.1053634085975743,-0.5287313349968595,-0.11615229102039258,-0.2701666225616041,1.2205797025852752,0.003097349234660106,-0.19782533249347536,-1.0279484381889084,-0.27028446339297574,-0.5189261651886137,-0.2454672469158382,-0.12767951504885944,-2.3957873812568824,-1.1155417671310361,-1.2294517789074308,-0.6142746163354467,-0.6983201980088738,-0.7212445180491381,-0.37019405884622836,-0.32853923232668414,0.05229457275348683,-0.6973925195552718,-1.2275069696560035,-1.1800413800082048,-0.6343177536049021,0.7584129408552026,0.8248199371370014,-0.714934121283892,1.2343051704225811,0.32741210349245425,-2.797144281438404,-1.8360214496205691,-1.1034366099138495,-1.8440578967974801,1.0792750807593776,0.09498301258481066,-0.8943575695693983,-0.786371124469435,-1.1654207088126423,-1.6993887386989832,-0.06913683441065957,-0.13357953940170972,0.18741929928482026
TCGA-ER-A2NB,-0.11468253380883149,0.5665874447173376,-1.684069330825016,0.07482545101503983,1.7981661450684843,1.7828396050720166,0.9646643058574348,-0.2536191003313586,2.526833820631608,1.0393947150356142,0.5713607604854464,-0.048615014106068964,-2.1727830457526793,0.291734544281561,3.137520295276064,3.7121231707789626,0.5433616561728069,-2.1263259372327665,1.3727359008563942,-1.61606116051488,0.8888334754139212,2.6604842930021775,0.4621863179859359,0.632192389917503,0.9355021067268833,-0.04272400825916271,0.10757817880856113,4.406160948612954,0.4376608392069963,-3.2544578425388626,-0.6269795039534546,-2.0167144356034896,0.4595913594710629,1.801041132259283,0.9221455498948172,0.1879184645087707,4.076870671245932,-0.4881046187268753,-0.5044693599636534,-0.4377114895262885,-3.107735226469855,1.9689919791631378,-2.16870889824305,-0.15188953116833184,2.036233406381274,-1.0758639312186125,-1.5660128414887546,2.961212012681226,-0.18783170708787852,3.0265887413149506
TCGA-EB-A3XD,2.2838722705331835,0.4836360530782187,0.4852851928441745,0.5201436129218705,3.116426485498307,2.3743395574195634,0.3840184400590272,2.1253329525303974,1.6336027224904721,1.5473572549958075,0.587933214030196,-1.4215191999426158,-2.3656818881989174,0.9871860545098253,4.38116082126613,3.85252112858201,1.6572343197096655,-2.1637650014463863,-0.22301445548590326,0.333592697473515,1.0895318518740658,1.291648204210227,0.7839606247301169,0.46313374904651144,0.48562162922359814,-0.13652691649703738,0.21042220765913586,3.8482678269192525,1.1825162301288177,-1.7480470948310278,-0.9165215709755797,-1.7655827971966886,-0.7980713694073036,2.5497243724363394,1.2580354100590951,-0.5774548831978729,2.5670458645783487,0.6308523186845707,1.3338331645038841,0.5861679171580613,-1.1594489333666367,1.5906544401004887,-1.3643603057436946,-0.15155756799880413,0.14430844499944426,-2.095055410602981,0.24516496847632388,0.6138756962184454,1.936407378738842,3.1948207308214904
TCGA-EB-A24C,-0.6125392719908905,-1.124865646057212,0.7274001450252315,-0.0688350517167814,0.4858385228875994,-0.0054464306903719,-0.5788029288333214,1.1877697308166177,-0.14897972561309708,0.16740310046926388,-0.7520172112234622,-0.27955533898983603,-1.0260315203210748,0.21625586819742984,1.5794314328678472,1.1656202231552883,-0.18558055669783308,-0.8083047260677992,-1.325276875181969,0.4953254899600372,-0.11834194331311008,-0.20443652489651323,-1.0281586408644057,-0.9876948736509634,-0.9896952771742134,-0.10002146988508874,-0.4992763407880146,1.0989326902384091,-0.6540799777668364,-0.12238629302708653,-0.9387587477615739,-0.46516923320224485,-0.5176078806642397,-0.10232617078297285,0.09056915592626869,-0.593338619270943,0.3710213157358517,0.002388952421878485,0.6542517104789118,-0.8893156778902217,0.7347798462151942,-0.3878631549462142,-1.0695234752887972,0.3968611855027456,-0.6946992686055071,-1.0806847108462805,0.8694963606522759,-0.758527398478834,0.488733389162765,-0.6851756291826271
TCGA-HR-A5NC,0.17237548257464272,-0.8730075235396333,0.5480120399217379,1.0339678017566416,1.282788118064525,0.29435695912173426,-0.4694594437402423,0.7136710651527352,0.2985945400360785,0.6951253077292823,-0.4912037058067142,-1.0516845936839765,-1.3038571700386747,0.3333593917526431,1.5656827282193713,1.3740830783321316,0.5086617796247863,-1.4034682145563049,0.6042028462452947,0.12479658407443046,0.39373152620200386,0.24488132432772783,-0.6704279547427696,-0.5996669219267713,-0.5287902928189724,-1.2489829628745235,-1.0259834185209893,1.6320232646117567,0.04165722110775287,-0.6166197208558415,0.21489287836348256,-0.8450353052619672,-1.3826470642904234,0.8245995322918035,0.36538685260570986,0.0990577417074442,1.1953147270166202,-0.39730764257029494,0.8732567978823782,-1.2266106188721697,0.6099191768586103,0.2902280123476762,-1.2996678709814524,-0.3768823816819383,-0.2853345032950374,-0.20589870390926504,0.4904623761402362,0.32812076938599405,-0.5008245721140477,0.23271814488266962
TCGA-XV-AAZV,0.9523557958836878,0.6623804748509282,0.8690313236418744,1.3148571687696273,1.5883789581714802,1.6589001176659057,1.2518497634613075,1.012164532494784,1.8630233409117896,1.4706122940411852,1.236010315916059,0.3107602607974413,-1.2629075573543649,0.8935237339664477,2.0070196872442874,2.9677689699282452,0.777917125446975,-1.3531603719463476,1.2368730259143452,-0.03877764050959692,0.7888552697201163,0.8636422484627945,1.084434348536116,0.7762828620854895,1.3453707540080895,0.6707336567756775,0.6366097730568192,2.1249793004940933,1.4456508071634921,-1.3361438749550907,0.452652730029435,-0.0007949651507296882,-0.42400191788780217,0.9649587335160715,0.8420904871548993,0.4390229163515521,3.1782858831510965,-0.9182984195536524,1.5476711083130594,-0.0694086702958389,-0.45834188800545067,1.4113131090839846,-2.48159187315022,0.5112137624413307,1.9426362943502418,-0.3051454992274647,-0.5875060178666389,1.435600733849074,0.5871588524440613,1.1144706434130838
TCGA-EB-A85I,1.0180018670939766,0.3005804167435598,-0.6058377812989891,0.061162130110353374,-0.11956149701967189,0.12060428712169002,0.9456744104382303,-0.5308338582121284,1.3936962021446537,1.0327125719480177,0.2899701828506948,1.3971761088192416,-0.31671323065386525,0.5005474076939158,-0.28098584943999716,0.17159769788947543,0.9387218601981318,-0.5328473719465461,0.9578655299467804,-1.7213998818769718,0.32594950483864127,0.8800398088761691,0.6627784735296759,0.36804120695778,0.3110408263478323,1.1781766085325722,0.8539876431482429,-0.3806150809169623,0.23086591128311,-1.1014836165396318,0.7598204117341986,-0.2673114038279458,-0.3461160265390967,0.002713077364031199,-0.24060388882264766,2.089810843439567,1.1326732968321997,-0.5288055554822568,0.3533310213985423,0.6090160375073275,-0.9634925025062011,1.848582794704802,-0.5085459261456362,0.20521792498393834,0.963486230394921,0.20224506489342517,-0.7429546515135034,1.2870771531951497,-0.19672170305326903,0.4264212383320654
TCGA-EB-A5SE,-0.31556628186698965,-1.041026928054978,0.059611898421623205,-0.12536533055475765,-0.07027533084224749,0.15284638511678766,-0.6352573677316288,1.2337412529622234,-0.2263520037219147,-0.05964711982694422,-1.0539662274134847,0.5728329897328506,0.21583734201350774,-0.5097693407693437,0.1781447281132133,0.24221986208726703,0.04116023093827298,0.20006383829471303,-0.25937698275044063,-0.1747898481971853,0.10662773348771419,-1.3293453052866144,-1.3327598776566452,-1.267411110350343,-1.2806383510443733,-0.940310931358046,-1.1379867755566333,1.063125670865991,-0.7365047778121582,-0.48421529557627974,-0.09584601610650656,0.14077715972961505,0.07232682799290059,-1.0611733697792987,0.6969819987822112,0.1563337519202612,0.34178509384876327,0.7914383931746062,0.8875945134702545,-0.4600295605922911,0.05916706140778258,-0.8748540637165362,-0.012002762750739816,-0.41184007483694074,-1.1842304397135233,-0.014056139399978181,-0.27551240845685254,-0.569456078614108,0.790523648122774,0.13990424275101834
TCGA-EB-A44O,0.43954634802298936,-0.9110571945869468,0.31198032604043074,-0.5295596147432683,-0.9698548666498954,-1.0271565692443505,-1.2315283532419907,-0.44213061979157203,-0.8791967857324962,-1.352502428266591,-0.9698213286767952,0.1572848515514445,0.8808308628058489,-0.8026962528914302,-0.09825914556205449,-0.14553032357212342,0.42506784500208994,0.7987132985994339,0.12940616040075414,-1.786814549751946,0.3028131737539453,-1.2361161169188764,-0.6479961268884687,-1.1233191602363257,-0.9001051522558248,-0.8634322946249238,-0.8424518448559971,0.05120065314473688,-1.1686054021277679,0.7416351192664572,0.4163922190357173,0.9517844858300826,0.6626274935209069,-1.3716046935128248,-0.7130990594085719,1.3369702734812954,-0.24588353709299224,0.688524458876675,0.3000345574293625,0.7958913794749555,1.2580491214289926,0.27265367028822146,0.5263303615965502,-0.3516899887023742,-0.8164537040660494,1.3651647672837217,-0.744748103715708,-0.6129025641588073,-1.0394052974497454,-0.0951141253647585
TCGA-BF-A5EP,0.533235090437802,-1.1008113781666293,-0.36928026906401024,0.4224387962024495,-0.05192921514219373,0.036874506558977053,-0.5153597651752068,-0.1437057995153926,0.7167934462278235,-0.2822892454553536,-0.8104681944228452,0.9037887142645245,0.308952290761325,0.3576648861982863,0.1446583873683189,0.13187991417428369,0.3445441401770354,0.2982966364708167,1.8431623909263444,0.29954804476007485,0.021551719844764974,0.04364634803865424,-0.0731889856840775,-1.0894486430428745,-0.795203977326593,-0.8730952542246077,-1.0766788695328464,-0.0384284748948232,-0.8544143389235727,-0.5384776968639492,0.9969784765419158,0.7450023392754932,0.8031425968906907,-0.30513152314880093,1.1082257300611835,0.42338396532078293,0.02864540431350101,-0.7454603049178556,1.7010558271322673,-0.8050053517682241,-0.1466602370989317,0.05461272841363845,0.5162026629707706,0.3221528180454206,-0.17267820834315378,1.947592064568751,-0.26791341350801107,0.6493907048158497,1.0624985944718122,0.30275690200977745
TCGA-EB-A3XF,0.09981493174266409,-0.06008037784548929,0.4322461623602407,0.2545526640722306,0.6364511652965221,0.49089014615424237,0.603024982537409,1.0186034316748849,-0.23348312140017177,0.6730397244598421,0.3516137734236469,0.08433674981623171,-0.21942907763212113,-0.0911547817762906,0.04651071616116792,0.6578485834627615,0.8847338954459782,-0.20766960851879784,-0.04613356912384187,-1.1492565248871909,1.6104270412916817,-0.2155289006941001,-0.17989208266746787,0.5519453885786277,0.5287964627594266,1.5167109814342759,0.9467743155566167,0.8112937051710029,0.011996061989862502,-0.08739634126098093,-0.24934268108469354,0.31591305377940165,-0.22499359944184563,-0.8081551681351117,-0.1364083628810158,-0.028366969753567298,1.3985338487299606,-0.6195108252873237,1.2103361956748924,0.06935572064229255,0.7643419725285382,0.2553928595599879,-0.43188091786798605,-0.18681658225253284,0.4251247493740738,0.23999671328113634,-0.05480851369521345,0.5742907636677069,-1.3310007125408954,0.8859703354081425
TCGA-EB-A51B,-0.7705251642566199,-0.38565319819221205,-0.011544599438555106,-1.3101266952394355,-1.00436882047936,-0.21308490384317708,-0.5030657904723986,-0.10477873536895571,-0.29461958792579573,-1.1371938215371957,-0.6590045709890421,0.30707013370214203,1.003341779035274,-1.0528356390351545,-0.310928607293468,0.23811489589940765,0.44880627744412266,1.2297907850487604,0.22161772082030057,0.2858260333179647,0.41575049054650165,-0.125585969511177,-0.5542407123646077,0.03544697546682403,-0.5352299165619063,0.4510351691144547,0.33568075820170357,0.6386353723987579,-1.1956698391796685,0.6483083411118276,0.0909043735963627,0.8735829858189769,0.5714876725612883,-2.019505619926318,-1.2104079405292627,0.16318613791343495,0.11161475557317223,-0.5413572910394602,0.5637311350100052,0.7210680267183475,0.5313237363791683,0.2669859833791665,0.17115267425451386,-0.3645085110353129,0.12035250211262902,0.3205488831516308,-0.25974523433148866,-0.3509133407798685,-0.17819624063762143,-0.8563392083687533
TCGA-EB-A42Z,-0.12865424431801367,-0.4557999416305536,0.7299924545739589,0.5514468477322665,0.5375770776970435,0.46528981362706046,-0.7596191328681494,0.3919802009444861,0.5060400711638905,0.5506603498106005,-0.4487731644053499,0.4474764793553449,-0.6739216658432977,0.7379489574054294,0.49322534240665655,0.04661075585860475,1.0237522621840744,-0.7949370927869197,1.103120559460303,1.0280739314211176,-0.8103145631941143,-0.2835380778271578,-0.14410514710666789,-0.6784504917871695,-0.28760404821129976,-0.3118259067857569,-0.3992505089615856,-0.24501700940580215,-0.16893770772294248,-0.2798847379558097,0.16376451410848514,-0.18894751141633304,-0.4020318601617746,0.14590122622551946,0.4617318004214534,0.22769544811058023,-0.32584407593986203,-0.8890797480025394,1.5072121321961023,-0.6831833274890566,0.2726877607922144,-0.49363412096966275,-0.009372525128998391,-0.016722404099480663,-0.40792972288294466,-0.23742447177950246,0.5903541424719688,-0.19998675879531064,0.5213838520922043,0.11560061946284089
TCGA-EB-A3XE,0.9919856996800391,-0.1142078896836897,-0.6448586009446232,0.5515807759196953,1.5994236851685608,1.9769899402106597,0.09533545359290986,1.2444544229535657,0.9488319896713652,1.3923536251877975,-0.05737733687933464,0.5737214512689602,-2.7406645498498294,0.7267649015272641,1.8579885189589043,2.2675235341141056,1.3182384155814297,-2.874910134877007,-0.30291623293352166,0.35706589561086394,0.372502459237912,0.07212931185300743,-0.13440293650304755,-0.23000247596291712,-0.44606541053358445,-0.014641279192541571,-0.15730086015476086,3.185783626197565,0.3214820246349148,-2.7013723641225313,-1.5865430572847738,-1.4811176394018128,-0.8666781787502338,1.729707756858974,0.394708122048662,0.765543867506574,2.285899007669631,0.45984064232315447,1.8184537330307733,-1.910009488635198,-1.4088470916950888,1.089267774879071,-1.8810622908349253,-0.4851721433710781,-0.33074396911743353,-1.725899739586641,-0.22335583275732368,1.3894988836524431,-0.27636360107760105,1.3106409108587764
TCGA-EB-A6QY,0.8579229351810685,-0.9604476324631404,0.4040974846710673,-1.3168081153991966,-0.36953521225113867,-0.4673813862104119,-0.7377515007498937,0.21394155261521436,-0.22192331966348114,-0.9974410432977027,-0.6715280280901343,0.5599910964052641,0.856820385825898,-0.8876041763228615,1.174043940184789,1.7064741130179688,0.7373978310863418,0.7998049486229931,0.9816201434022834,-1.8325012329612134,1.055239986197105,-0.34884975391382644,-0.18873022213975196,-1.1397272916046735,-0.9536832001671048,-1.0764612924972452,-1.0744669032374772,1.6841919598944926,-0.8986850239748521,0.017327504010115638,1.065007974604332,1.1097380865425643,0.31598548404817234,-1.345929116712315,-1.1459350969283562,0.7922153611699015,1.0241087255527983,-0.24680169302026142,1.0502289280998816,0.8185257059180486,1.656798048772324,0.9367400067003496,0.5602131683838119,-0.4932781960223491,-0.624786289811558,1.4005465015795846,-1.4330113521315007,-0.2104662920778299,-1.6065024614727126,1.0475511783997284
TCGA-EB-A44P,-0.4863387644434029,-0.6112664166779528,-0.8415582993628219,-0.2697006544759399,-0.6018622551258982,-1.0313199111870668,-0.2322602996040313,-0.058609062544341874,-0.8911045015208681,-0.16640582563860254,-0.6798092903794982,-0.09952812382680853,-0.6464313669929997,-0.08457584817962624,-0.4669215939652974,-0.5522092926152486,0.29579832125100936,-0.5770658467580863,0.3073495552339765,-0.13956251938615802,-0.15436136772173528,0.16162777805882209,-0.8477473273509261,-0.5362610880105738,-0.6612676166988981,0.35549065208282976,-0.04324991011804819,-0.2990917876523912,-0.5239963585005395,-0.5758753218712553,-0.6372614443593092,-0.3061527056015831,-1.0471620142831817,-0.5194220242184256,-0.17815864623433267,0.04004298249902413,0.41144070912240105,-0.6540985945521159,0.7875341328289842,0.8682389762009689,0.4829777978537199,-0.042219252914020386,-0.31632230386377574,0.36434489574191065,0.13473686753683164,-0.8175230137815881,-0.12079953594564073,-0.16256358590295036,-0.10037959450177365,-0.4578440244968141
TCGA-GN-A8LN,-0.33905337793400353,-0.5158083357990628,-0.1971928988654527,0.3075373046655401,-0.12391391997401292,0.04218568327914872,0.029500447504933535,-0.11254914507075016,-1.0326344068018058,0.3689340259763179,-0.4143539788871764,0.36181246446710474,-0.3082047389039397,0.26429955351105067,-0.9715313535148932,-1.4999301821930995,-0.7653630268136116,-0.4241310957725854,-0.4859887597636214,-0.5593458911313202,-1.1545631960234743,0.1522806490599625,-0.5588521396488816,-0.17311413716763388,-0.1938875626759796,-0.4380913428076597,-0.49328528678179073,-0.9145596992981756,-0.23287139855159344,-0.052798875044224876,-1.0960264175015773,0.19884229640856313,0.031280057365868974,0.1695526082769274,0.054092876616978945,-0.525010766049002,-0.7543733618245972,-0.9575047264773169,0.25498913629005443,-0.7948017403642456,0.09900899189180103,0.03577021899805031,-1.137955418506835,0.33935306154212086,0.18920736085279644,-0.5045183406769471,0.4214625259139883,-1.1768247224682515,-0.7661703133499035,-0.9534167020554435
TCGA-FW-A5DX,-0.052160081542999434,-1.1366286440288942,1.1934542316145287,0.0778956995104409,-0.2739061241516714,-0.35472320763323095,-0.7353708301157418,1.4123376283646367,-0.7296328721149535,-0.5805569654111278,-0.796902217525818,-1.0826064579442827,1.8944884723565167,-0.6440308855171135,-0.05420664058100677,-0.319967905173552,0.19731294623166254,1.7967439687566016,0.0990469556642017,0.6051486986829177,-0.4248899278116386,-1.3905174110182603,-0.9858130673751511,-1.1328867221605854,-1.2514262014948048,-1.0895334620569863,-1.3030604299313655,-0.19382252803882788,-0.5600156307339891,1.8908822719030527,0.1106686413157746,0.42456738248841336,-0.02428008867019685,-0.12320600083755423,0.25419151405255697,-1.355633325961943,-2.0988703393032373,-0.5551798712486687,0.715434012500245,-0.9186846371884066,0.6107376831901764,-1.1650639791424116,1.5462683640770494,-1.0729185222115742,-1.8089775776091244,-0.4470913313309597,0.24550845319018774,-0.5846166748872638,-0.06532819032902676,-1.020601005732113
TCGA-EB-A3HV,0.31654795390698975,-0.5161951614019734,-0.8087244074507995,1.2192129828839802,2.254780177971153,2.3112324107254145,-0.2505768083474501,1.164218541515375,1.0665993157045837,1.6834673884622426,0.05187910232489418,-0.3707778379111492,-1.5369861415494783,1.146230691954754,3.2799350854761777,2.9515634765656533,0.27871976159525197,-1.3033312979068992,1.0134276504389266,1.4302324432929334,0.2890277102304108,1.127207298796191,-0.12963676817725314,-0.31765161891954874,-0.12516842903707673,-0.42261324651958343,-0.499853085663081,3.0815988968432344,0.5359381673407174,-1.0400375506337207,-0.9022671292492597,-1.5926537488537225,-0.4938597155231724,1.8224409095049248,2.30302678714865,-0.452418643568458,2.547392764346999,-0.17995655759980256,1.0030563786767575,-1.1744979155215094,-1.5119674791847686,0.9431812891910197,-1.145443693170045,0.2225421144999862,-0.08681866868318315,-2.155910356825418,0.12998890086959902,0.7778193852097125,1.5091597461448325,1.5334116961471183
TCGA-ER-A19T,-1.0673471373773784,-1.5233035141021893,-0.16718021825001403,0.32572236899383633,-0.17393006236775585,-1.3373045592392376,-1.8772731675032446,-1.23760756210998,-0.5874550857307491,-1.6285213170499118,-1.8652131237448553,-1.7157991859135022,0.405223224771592,0.1070905685436669,0.6775574832134426,0.24108227095679124,-2.924568487022778,0.6559504473145561,-0.6922953251306356,-0.3127448860864465,0.09570127004908767,-0.5423126253992223,-1.0149688377717279,-1.245463794317733,-1.5427631678066818,-1.448935000952913,-1.5466067196542657,0.8592008188482421,-1.6421275246909524,0.9593140334392608,-0.6986149466291168,0.2867511207342428,0.8012433067361632,0.03904407011533993,0.9940845309184192,-0.361154391770872,-0.24427305552382006,1.4183428506373126,-0.8972157132156688,0.32949417781569657,-0.33171314289486215,-1.558009636614241,1.872077909187889,1.1950424941458582,-1.0218307297603266,1.167349562725643,0.5271947381523702,0.25632887021431716,0.6914793418834967,-1.4158774594141745
TCGA-GF-A769,0.8744835774517207,-1.0365467097966086,0.9960588287443336,0.2895679341732496,-0.7600036788612056,-0.04465735213138,-0.5642746263205383,1.2641331358263272,1.80589620619524,0.031929432270736136,-0.5607389323010226,0.0279527824993751,0.9905669071930866,-0.20497671312292493,0.7861125558504716,0.5805240327876473,1.4789172496595135,1.0241434761809483,2.0583634633504433,0.9515791594182081,0.7898573753798895,0.9356709664745582,-0.40604760503152115,-0.23513411368009032,-0.4258495699755585,-1.0444563283975954,-1.0150666264458243,-0.843088049365417,-0.5751197550707743,1.2468060261512752,2.0370360906750222,0.9690393245936509,0.14020652691179158,-0.1402016866141924,0.06482455591121726,0.11322708279233414,0.15895437796494383,0.12276557039052062,0.9107585019799771,0.25009704702103114,0.32968097457548406,0.11885066226722252,1.092459769883119,0.22778333080503715,-0.27537229225638477,0.0603006814727952,0.6691796670680898,-0.4043668995530239,-0.04386144258298896,0.4716995018593817
TCGA-EB-A4OY,-0.11075429339207057,-0.3449217792394644,-3.2852152946023727,-1.25256142052847,-0.37528405455135366,0.2831302377130707,-1.9702419572603347,-1.0455714909444034,1.2502913236775894,-1.1157508515797339,-1.3346535978693925,1.2030583498489393,-0.6588832364989994,-1.5005343595749332,-1.1166973292637143,-0.28644957122799675,-0.1974593099447614,-1.1160281439452926,-0.10523183835981417,-1.3946077314275709,-1.361383990486153,-1.115429635070682,-0.9387685486561768,-0.956496452785213,-1.2467445895620481,-0.6849019407560822,-0.7488470188110524,2.4272168938403995,-1.7442616143655434,-2.627892586457852,-1.5603116126852161,-1.076118511977571,1.2602941820751479,1.0150864504933044,-0.3612668419242857,0.7644474362404465,-0.12345357622370823,2.2247254687296527,-0.47639691854251504,-2.372024023535841,-3.28540134596248,0.8480737278593449,0.4772328800745082,-2.8737009857669946,-1.4760938430463562,-1.2092891958558685,-2.9519725463624042,0.2309759112052293,0.633958868980198,-0.05092774338673686
TCGA-EB-A3XB,0.5592122246671393,-0.30719678796111055,0.3869490102419968,-0.1411719409348129,-0.605450716792013,-0.4460796741651765,0.08831932493499361,0.4229189721664851,0.3229876557573301,0.20662891592596908,0.012941944727239132,-0.14764545262568834,0.12966372529676967,-0.43739472636044613,-0.1845026108801457,0.3008769248820865,1.0760895748968058,0.1955460542078081,0.4825630025859446,-0.13715533162945115,0.9866549814434531,-0.37402176739214854,-0.35692401979054644,-0.22347925035159866,-0.1416917582879809,-0.43175003184054117,-0.28784742475404607,-0.5801456313532071,-0.16200970865770659,-0.22145881177352147,0.10997398794702583,0.1712076611693345,-0.3001235862171823,-0.9579047206087059,-0.31248091045276166,0.8675237783974579,0.39968318840603023,-0.386578446256651,1.5484614691202205,0.40361253450558854,0.7582588606928521,0.7637140972329446,-0.1413396726048858,-0.4782774490186388,0.151834121579646,0.6769106130607004,-0.16765264032079863,0.03736634360995442,0.05622552281244155,0.5164772220353153
TCGA-ER-A194,-0.18068199139149338,0.2661856231849604,-3.5460930257869343,-0.8782835445104771,-0.153501550062058,0.4349828134029059,-0.7945823846122099,-0.7953609109509076,-0.5279509856085607,0.09350789174611455,-0.2373076588945632,1.6487596552009744,-1.6575879373404185,-0.30737222365372086,-0.9125314927631869,-0.5177984420400736,-1.1658756106434172,-1.9010265379952571,-1.4279128309066487,-1.160135476112734,-0.8020268069341919,-1.4617713791960358,-0.3595668027349451,-0.056383319559632834,-0.2308518934100722,0.1310983177178872,0.010343763370695848,0.6599491694346055,-0.46772618735247434,-2.5094556669493318,-3.00318700884143,-2.1400027317022445,0.5637493808736286,0.7886459652338607,-0.8434188288132061,-0.2068136799805131,0.33436701219469495,-0.9452874764981763,-2.1102410505045377,-1.566690490948159,-3.0337907007076885,0.3316557293686886,-0.6486791724157084,-1.7621791944125762,-0.9214268850723589,-2.2724907446868534,-1.3082338016842339,-1.172007139132528,-0.21403078150100224,0.489326683849634
TCGA-EB-A6R0,-2.382804137213936,0.4428984708916097,-0.650030953276785,-1.8545650177496231,-1.38478913884546,-1.0913903210163076,0.21178914107926308,-0.4940155943527292,-0.2324369166837982,-0.507291224754246,0.32815216006773523,1.0805096423056768,1.1300359751517866,-1.1258101642081857,-1.6294424961304372,-1.1482755879024165,-1.2723598390599975,1.165935132013091,-1.5880655092112175,-2.2254274626843085,0.04062257483665746,-1.6077622533804627,-0.34396565640878407,0.318016972456658,0.2117575396277093,2.294215089138414,1.6952083156136237,-0.7839436650729917,-0.7783534014666312,0.27592317638872244,0.12759920721652682,0.6567777629795225,0.3353927710246977,-2.0189642966799037,-1.7026086282498218,-0.5110990307110581,-0.8267261069145967,-0.7743393964139902,-0.35991193778582886,0.5858686287504227,0.9126012880579933,-0.8427546405156795,-0.0380682989829322,-0.8765830432991975,-0.18526162963763826,0.5582946966352885,-1.0684819209923413,-1.5272151990857172,-1.4961136698795567,-1.4789001281539893
TCGA-GN-A263,0.7541473307558347,-0.058013549809088204,0.4967872451232382,0.028125491725277396,-1.7424189672814427,-1.090724654808377,-0.25101697940278095,-0.5594057255180924,-0.37796393549790047,-0.2654183658496193,0.23094349516018836,0.24006932764351788,0.44478097376673953,0.573106859666394,-0.9007856285713063,-0.25279416029899815,1.285695549647582,0.229852331373012,-0.043836946590630005,-1.5997126940074708,0.7231568180936963,-0.12059678262888009,0.0899426916360462,-0.0759147290666781,0.0028007713545509533,0.42982765214740154,0.3900046210992325,-0.9265593678003279,-0.0840468096153013,-1.049454313079518,0.9318977317239335,0.9748426260946991,-1.0339609277896913,-1.3551749489073164,-0.9785395459211063,2.0255611077448084,-0.8125611046767002,0.21171280896071665,0.4008933602035006,-0.42549205977413634,2.064288298504517,-0.006429573264875648,-0.043454656079727934,-0.6645306341695626,0.33871016343159366,1.0569725856807546,0.5048148898944245,-0.9351715818565837,-2.596192373373882,-0.2892272505384309
TCGA-DA-A960,-0.23328798187501482,-1.3394937892851533,-2.9805855678706736,-1.9610511795476266,-1.6465624747139196,-1.3307656075777743,-1.5611240667093682,-1.271181573600728,0.17853694271874465,-2.0953234772370846,-1.6417395229724636,1.5788255552173425,0.04700506134007009,-2.054398830022889,-1.961242810083344,-1.8204252874458253,-0.4418403826450554,-0.5140659899036263,-1.644813267500446,-1.8544782904451786,-1.694564867673522,-2.3549384771559354,-1.3687314801936927,-1.7104973526596632,-1.8733625569329078,-1.017644885343601,-1.164413050123134,-0.6275651022756833,-1.764733738049343,-1.503214236669489,-1.4439222183393627,-0.5865707610543024,0.29563774963760997,-0.6127601368194431,-1.5870233723502474,0.9386169572856754,0.2197267606918837,-3.111581818631439,-0.503067422632621,-0.5742059422726169,-1.9497930596269137,-0.34792680068804716,-0.4580799099392913,-1.4894346621085388,-1.7274679012977268,-1.4543772601467948,-2.197267313843313,-1.0193709793417525,1.1483889344128295,-0.29156048332276213
TCGA-WE-A8K4,1.2500291007673974,0.529295244820284,-0.9482417061300115,-1.3541224198740478,-1.2073519837981934,0.6535280326865759,-0.07374920551550244,0.26132193344670884,-1.0304129790916352,-0.711413154140358,0.3695724190271311,-0.14692525123594327,-0.5506999593172321,-1.3350973502741597,-0.5861101841137729,-0.3683961097079029,1.9271225326935375,-0.7605381075795328,-0.2776495444105112,-0.7021545077154515,0.9818065257400338,-0.1578156836257785,-0.11995860370213429,-0.019017634998186282,-0.06618409404425281,1.6534454553597866,1.2126983499307091,-0.042392476099843944,-1.0657675375548106,-0.6153050055887567,-0.10699270352944343,-0.7407443866738381,-0.665461162354665,-0.30092699644583915,-2.2315926556505707,2.5735584803957874,-0.38142332554338976,0.4984476127337467,0.759576334164098,0.9053922564827315,0.12859994858362336,0.18992535397317697,0.6137675914649621,-1.2590492984219512,-0.3824222973443202,-0.3405025153300853,-1.955196790202353,-0.27931776335734004,-1.8429281654125604,0.6956853413240821
TCGA-EB-A4IS,-0.6887879077304006,1.1541036894403789,0.36811962295070794,0.08304568298838086,0.3648448604787094,0.582020909230095,1.2305680466858386,0.4847964309295955,0.13337679885361295,1.1494831765585454,1.0581856160072036,-0.4541156798554852,-0.2525863392938722,0.9604452274079593,-0.5463154274018769,-0.3888950390055526,-0.06900735861591693,-0.130478771375684,-1.0641255194053616,0.36485386084002824,-0.09822123367141833,0.06267201335812975,0.5929289095958544,1.051238869870524,0.789166863344413,1.7379339737079376,1.46956649344548,0.3074675917802453,0.4460963742806137,0.3217515145007209,-0.8790284739652148,-0.6425497170481707,-0.4123548083317694,-0.05900176200249038,0.19011454763625626,-1.409910275423839,-0.1470424898544825,-0.944045209602705,-0.060543154378869986,0.4947273880256752,0.270460097253971,-0.6676851665350333,-0.8392271776771165,0.5189725624804845,0.5039293537798208,-0.7550509455431247,0.46342802108661557,-1.1507758554155454,-0.35960243256703517,-0.1421392141045363
TCGA-XV-AAZY,0.5514724279360683,0.13388448118144827,-2.508649218825794,-1.1266781594574367,-0.01989065451669319,0.06040450237710795,-0.512000173683664,-0.3994642605781402,0.3890055825339,0.6194767803577955,-0.0736168050891148,1.8323705659154237,-0.5906031044464403,-0.3498815435586464,-0.3210626169036871,0.19745967739700637,0.49054763771687104,-1.0079157575062936,-0.1136149268277923,-1.398903604550417,-0.7862093583715904,-0.8855884430379689,-0.4038367215495234,-0.033206503535469604,-0.37358653434726746,0.3735531213634298,0.11771103861427144,0.7090225390617777,-0.6709429869666359,-2.1052511111557455,-1.2736115455709678,-1.1936409561849928,1.162995407930512,0.7575658283583595,-0.41213439392028534,0.8399503867310204,0.8583653759587581,-0.024265952566402963,-1.5254991082041187,-1.1483431564500441,-2.7607032003072054,1.1014297802880555,-2.079768927668918,-1.560918270794606,-0.5511368474614705,-0.5557470240788548,-2.0890013153953944,-0.13235984675764503,0.6179529713370987,0.8732558363149824
TCGA-D9-A4Z3,-0.4203869149958487,-0.5813710362948679,0.10022345272111699,-0.2626332873330008,-1.840234914937749,-2.8171744579974347,-1.0772494457785668,-1.2356371990715391,-1.6366356474195587,-1.561944508065166,-0.8746868301676419,-0.24674692457816488,0.46154099542373545,-0.8457583688951928,-0.8242819936592325,-1.2891348224411256,-1.270509940272326,0.37723192632138436,-1.4896005918049497,-0.9643878382696955,-0.6238878006172847,-1.9917712941309802,-0.6889565150826757,-0.8201368012611304,-0.5944336154650484,-1.6992625787532167,-1.23032414895511,-1.2451960536291748,-0.7116584668202034,0.2532171198465842,-0.2405890042183577,0.8513114109805133,1.8834937724667842,-0.29788393732817203,-0.2336997107472769,0.7728259142187526,-0.7177111621129968,-0.6154073424382822,-1.5904395704706376,-0.2861754895737339,0.24846385984349612,-0.7575848033770817,0.5323475705081513,-0.6910965390038833,-1.1563068205258844,0.6890063325998854,-0.7355229238625829,-1.3520510100564829,0.6488598991252803,-1.7060128101957652
TCGA-EB-A41A,-1.140414375478941,-0.8551355665302369,-1.0469972080111083,-1.9989611103798184,-1.1323725879757822,-1.0818514931878267,-0.7674326748895862,-0.1001598936049673,-1.2428715972362099,-0.844603874173271,-1.2424877650602117,0.6435558358578473,-0.12167518450707218,-0.7105298006522728,-1.0505448466760317,-0.28896497171189467,-0.4733006418133098,-0.09224106573740357,-1.2994943278727629,-0.6985942717612619,0.8071660629672087,-0.9056852468611519,-1.4544744990151313,-1.0432672114879715,-1.2975597941955892,-0.6862531238069167,-0.7988854420859034,0.025922890038486128,-1.3471760964847985,-0.7890523899329773,-1.5639158927675223,0.4043297994791143,-0.1485676315134093,-1.2952728119291457,-0.9869519052282238,0.6947514281915242,-0.1830163700390081,-0.3730677352685076,-0.6878849637467992,0.3503583593904913,-0.2410114801261747,-0.5785408899239005,-0.4276141788277092,0.15397735082284938,-0.5145910626530985,-0.7473561257038679,-0.9658383146831325,-0.4282970087027123,-0.40028472794938386,-1.162071481292398
TCGA-EB-A82C,-1.128017978817656,-1.3288468649894705,-0.3938075537315822,-0.6939566215714175,-0.34278930311041494,-0.22979382453202088,-0.8718323148474009,0.2716821571877727,-0.282643431665563,-0.7942785496194624,-1.3079883171944693,0.8797413571940228,0.6626808915100955,-0.2283409714038809,0.5255791868673727,0.7537839555194871,-0.30538969405943345,0.8891988870183297,0.49761663412850365,-0.6289740034342662,-0.6409518154744432,-0.551755380685116,-1.3784722972532555,-1.0582826460468087,-1.2230371990484872,-0.7405010251950849,-0.8932695966175248,0.82394659200362,-1.2272877079694706,0.31742637639597204,-0.5913601538038294,0.47165154484497746,0.5842822125330939,-0.31500544165689137,0.531931299428564,-0.5371414281366191,0.3029368620444127,-1.0982144992032734,0.2470648905715561,-0.4297317281589826,-0.31931665675537846,-0.6385282617838456,0.014135489043467621,0.1416610487985033,-0.668123750223052,-0.052666074706468134,0.10609191808830692,-0.18012393681901429,0.7194843615625608,-0.5829844146784396
TCGA-EB-A1NK,0.4426717232372605,-0.4728400448845983,-0.9949950981325711,-0.30150260297577036,1.337120591760481,1.3525219369115677,-0.4300016180790982,1.1416303388505826,0.18470326868045833,0.5704710147637445,-0.36203167187714613,0.5608887490643429,-0.9110298805333396,0.6132732831754946,1.8242009679054674,1.8014956774130766,0.803707354299131,-0.9599264549516245,1.4565223502143059,0.5901870765125371,0.4276308404296444,0.3042399408823602,-0.3233073042583627,-0.4965452413530875,-0.5100588959487763,-0.5728452425237894,-0.540054118941848,2.0775417475167486,-0.5100020419742045,-0.3610224565381354,-0.3078692406726582,-0.7431894753466783,0.370828278079967,0.9508991408459314,0.3765943634176621,0.3187159055412741,1.841300091627529,-0.9892552214410363,0.8982481558304605,-1.301820750562789,-0.45080037370954895,1.0015025003461369,-0.3145189356387367,-0.5064980636746887,-0.45627743852053193,-0.3456843036126624,-0.31134871300563444,0.3788941094263075,-0.3303645693979077,1.4000709992395568
TCGA-BF-AAOU,0.15984665013092683,-0.21890694480211675,0.5912260718592555,0.994644005728222,0.37888668034759587,1.1449064806743792,0.7163009425390248,-0.10145954050521899,0.7807505226818513,1.4534501124985097,0.26070085898421247,1.0020647089922583,-0.17890250909889324,1.0672703522472302,0.7136245589365986,1.3391645023916925,0.8801846954438607,-0.27808065175732477,1.2715302871059804,1.3126242124128156,0.189812026015817,1.0861381748591108,0.18193631312785186,0.5879256680394177,0.33115379871483674,-0.09973248153735878,0.10743359981031646,0.0411532743812154,0.3977463892169111,-0.3172538510698839,0.2586616899865562,0.5730233079960106,-0.6017127920114324,0.5243834993519468,-0.49087840483147227,0.9982196073282775,1.2574801587974982,-0.2529154777344003,0.14048581849217273,-1.0993085852876394,0.1424196839552912,0.10481112284331075,-0.5836711470117036,0.7618028971266734,1.2601957725220092,0.5928880901151499,-0.47350673897154555,1.0402178156270137,-0.07487015051222563,0.8181149100146689
TCGA-BF-AAP4,-0.5794549706922816,0.3686953616276562,-0.5662623861941978,-0.8606064991308615,-0.960098343342677,-0.30445015159431094,0.6029639855554032,-0.49134477561197204,0.01168220944461438,0.025715112061000352,0.22193561677504342,0.8655360968689858,0.6912633592831141,-0.19260688741551776,0.49102268483146083,0.16418871711182503,0.12125359862026831,0.6591211617408628,-0.31791211929414764,-0.00998058781092779,0.6181876933086593,0.2257178608256762,0.14714538058901325,0.10854961633825033,-0.00797798919839559,0.5584249054388003,0.5642186234156021,-0.6770542438747035,-0.1310588794106446,-0.1518002038295591,0.35988702128097133,0.6230991446887104,0.4868920363946071,-0.39509352683784477,-0.1476826566900482,1.0094638072933968,0.6292605000841366,1.3904189709865131,0.3454203002726852,1.074630980531935,0.04460574928700332,0.935419099158241,0.002169424861134988,0.08564895000487739,0.4337982777561822,0.4807704630718461,-0.8011921264033577,0.635666511747256,0.8804640824545733,0.35839153489712644
TCGA-FS-A1ZN,-0.9463661921149569,-1.1316186512472004,0.1544361927364311,0.0335585672326007,0.4711522030866121,0.7309219561572222,-0.31103059180521914,0.9203386989134605,-0.23006757560687013,-0.025120036437993605,-0.8268115737947315,-0.6172999522635766,-0.8749589049359453,-0.3194458846396816,1.0265097875956837,0.7814014990816853,-0.3145991230109433,-0.6810676090086989,0.34340891222693565,0.31472065344838446,0.4060145733396744,0.40505770172953953,-1.0818843452830196,-0.8445886994434179,-0.8398291414171315,-0.8619400273494175,-0.9994408011544904,1.5244656255129656,-0.14754985708460955,-0.12312035635999669,-0.8675764244029949,-0.6775043314595138,-1.3666301339722806,-0.6308087390073889,-0.1834554111960497,-0.3145374416991937,1.0441703954459598,-0.8168178647732691,0.6143083629178131,-0.19918423354784204,0.8259653689243815,-0.42627657272458525,-0.9969876576320529,-0.11457345874925488,-0.6220726773548558,-1.0567933823000355,0.27567725866305226,-1.021935897616375,0.010956006264994107,-0.29399510909388454
TCGA-ER-A42H,0.0659211216195728,-1.092940776552477,-1.6092703701032691,0.4200285943563399,-0.34202632535059335,-2.5846993707538393,-1.0189053342679741,-1.382794673832228,-0.2388323798746701,-0.46486152022563343,-1.2596956115435214,0.6769753924771053,0.9624119932540862,0.03939639141064171,-1.3671762984507099,-1.2992170649077894,-0.22962051760860344,0.49048275713547623,-0.40618211876137655,-1.2508419957110373,-1.330457810981808,-0.13673609200422573,-1.3375115316266635,-1.3023572065670288,-1.2422420178462577,-1.5269344780765919,-1.350111617999652,-0.14281088040872694,-1.2348124693509626,-0.4939557598216675,-0.05885996360214115,1.123212774370991,0.9490868065369842,0.15783661110992928,1.6616076382020653,1.2955023958657754,-0.8339839961135562,0.014483533684232976,-1.4047016294174859,-0.9067244899699022,-0.26460812242642195,-1.7414280012034917,0.0467411204865941,-0.2399176643291303,-0.9302736478176261,0.21183029191662225,-0.6115941021375187,0.09969036678734615,0.8526567807930406,-0.8340563836822193
TCGA-XV-A9VZ,-2.006278355739296,-0.9785806731617487,-1.3758429315984784,0.60900560122492,1.767318601413797,0.6948374006826283,-0.2944885216912384,-1.2593746475873033,-1.3088322604458307,-0.7065561048976186,-1.8784470176651507,-0.3733705831537438,-0.5145370818570172,0.6366127298382274,1.2723989591962765,1.399124424718031,-2.3015876612754926,-0.5992228029941307,-1.6195186872641303,0.47101794487366694,-1.9598830492759438,-0.5058769954762934,-1.7234641667247481,-1.4689902143710034,-1.4135965080692074,-1.2096513886455056,-1.260604554200753,2.002299852613149,-0.9617395577413496,-0.09089168669093048,-2.5803506259224833,-0.2541393921023134,-0.8540667754784755,0.30392210049374124,1.3794120346530878,-2.0068731890767757,1.5755114459381785,0.9828230042401548,-2.8765014232998287,-0.1656466438403394,-0.7460325847283543,-1.8227710245593496,-0.18354699210198788,1.8808127193760031,-1.3388012712650077,-2.216609627487489,0.6609972841333066,-1.8192948281615862,2.8134587074597257,-1.2128877536544738
TCGA-EB-A5VU,0.6433427263127942,-0.9353598392449625,1.1893074293345138,0.49639680634617905,0.32711013535658917,-0.11331230364641987,-0.3776082460073726,-0.4191112741468075,0.21583885272338488,-0.7643351774856808,-0.7078677985871394,-0.0887877568630024,1.2565735339859396,0.03587236259792391,0.5083312982272231,1.0260984837508407,0.7305503509541658,0.9764074747714866,0.9769814558343846,0.000905821815058544,-0.22432655356143788,-0.11360920081493303,-0.5890264413119017,-0.46056898135836566,-0.763375899482878,-1.2650357853606444,-1.065381900450405,1.182008896734061,-0.7332140277093425,0.8801774940166315,0.9819953084654264,1.5911544161818147,0.8891425851734016,-0.1369970115456872,0.6477245469874681,0.0789929691118671,0.25582430061836176,-0.7174189536296949,0.5141364901737423,-0.2723634928210368,0.8470140778529848,0.6810439648495052,1.2448443015332276,-1.0715452521771403,-0.6398376346434996,1.4817220280754226,0.2738294587332364,0.18221964581207617,-0.6753408918030849,-0.13134509841884953
TCGA-BF-AAP7,0.3699837708085702,0.856130631920262,-0.957212949288363,0.677717525870541,1.428876545145037,1.3341431305800415,0.9983825333554673,-0.4854681710641755,0.5269379469045892,1.7773658278514906,0.8731210158415713,0.6090711374067608,-0.8664831055197522,0.7732611587312154,0.9843693774003256,1.4846075774120857,0.5851577055079175,-0.966521630600683,0.2602258526276492,-1.271360388596209,0.19258962553200956,0.48421809800910803,0.5446047974270453,0.9730258030245207,0.7483043628979543,1.2485988000474633,1.1267885799247386,1.7861880360794882,0.5710780867500383,-1.6189602216678984,-0.31439196483752435,-0.921246471919005,-0.1222926801220961,0.908213060568205,0.47082111537205135,0.6896095929428082,2.2131548524955447,1.2185785520928534,0.4512094441969268,0.5193223004682065,-1.591530811620896,1.6977791336969217,-1.6894385510667111,-0.26807814927387236,0.663079751200763,-0.3214058136772921,-0.7237220096119007,0.7579135150936029,-0.13822856132390451,1.385941049125446
TCGA-EB-A431,0.3425195286095466,-0.8086304283004144,0.8822856098569591,-1.2775749464767256,-1.5182397936990926,-0.9943976695032344,-0.7057723193818476,0.5075148337013167,0.8100265578230302,-1.0546626352963042,-0.7689716263638604,0.017986191930631192,0.6420551242862124,-1.341383263938255,0.6774843601334419,0.0720292349540275,0.670755228115803,0.6268146604614112,0.5133432511762569,0.3843790650051042,0.9799494704316769,-0.6169277598400744,-0.7848020637012669,-1.0100401130883963,-0.7407035870361426,0.17107377207542943,-0.234121781013552,-0.2273158845196467,-0.8825641735387012,0.5190200799655864,1.3568012570757157,0.630146194406468,0.5799753900894676,-1.2527381416848586,-0.12861870977487738,0.694656764090523,-1.7664239719165418,-0.7693831681298761,0.6252352044373282,0.39289681810465427,0.7286877851706686,-0.5790711179296311,1.4418362849167412,-0.7289545491319229,-0.4167723280552302,1.977384299364855,-0.6953239126302638,0.25010944283042263,-0.5283494775863696,-0.26963718622302124
TCGA-EB-A299,0.17037031464514188,-0.19473309156525967,0.16560455606712518,1.1806065515190973,2.0146479369681938,2.197315460017698,0.8252639519587053,1.034014394595748,2.159153093037301,1.5617671558267523,0.5479805362204151,-0.8551633876305815,-1.9080649095720355,0.8767347553613923,3.105862378767815,3.626919026531385,0.12912954468391896,-1.731789153921512,0.4373467363922833,0.8355437845306506,0.48685103822722703,1.6742255595797875,0.406736661768532,0.27313634260796643,0.18650444717778383,0.08290424126260823,0.06633122556216235,3.0553493219807053,0.8792211251939015,-1.2031637407551,-0.4711147305907086,-0.7245993403820565,-1.0942300900017865,0.7066650228422559,1.3882168276238482,-0.6104870564449312,2.909369983625953,0.49897701706740966,0.4210615817970416,0.12965721128086727,-0.3213513343780141,0.5105101985248671,-0.9570125540552659,0.8630967249841311,0.6844015136573995,-1.7929864758621192,0.07773566979758442,0.45070134670872186,1.4750884144628218,1.241014633182713
TCGA-GN-A4U5,0.14026354915538458,0.6833942893894993,0.21076858138896537,-0.09511782133355395,1.1424389554821566,1.9526116490513277,0.8744850703845863,1.694496865765021,1.031838162824697,1.0860284011298496,0.9217699504922734,-0.24559043088763574,-1.3007361468299319,0.10163261325288667,1.8002663284837457,2.3075635312107283,1.3716066764344503,-1.2103453032137517,0.021025599234970722,-0.7916080633046111,1.5524116941849053,0.5547814557323211,0.5479039308999827,0.6100878403677075,0.6071462049178324,1.9164423635397019,1.5792127999123868,2.1966465816063145,0.6130098537359228,-1.2081076768716947,-0.10166692353653953,-0.38169415713704236,-0.7723669484568931,-0.19402233763392093,0.03835459269678652,0.3003105619478016,1.609573166594477,-0.5779677243135187,1.882963676164256,0.9318553688226155,0.19085049827423478,0.9801876977090359,-1.4182999524584516,-0.2550171806254357,0.5200650747433733,-1.048443474262435,-0.03503497210167104,0.28994034926732015,-0.42047252744104646,1.1871536001446243
TCGA-EB-A3XC,1.4441310095573305,-0.45893529214379514,0.267500886386194,-0.38701769675969055,0.10141651523204745,0.6337361249195564,0.30474916973354516,0.45372360962853003,1.8967817371985878,0.4465144649683253,0.0006290624148640966,1.6148408263652791,1.89582556581181,0.3621229661189317,1.4932336968771363,2.455493332812492,1.9052081519870574,1.8922389905154524,1.2530882907769172,-1.5150630641819474,0.3002925505253111,-0.22439054700060904,0.18328972385259093,-0.5628279601192053,-0.3637607558948562,0.055163225015238876,0.014695607276263343,1.6748642977964472,-0.4536657706613162,0.3485826876473025,1.8616675724676097,2.303020681012295,1.9849912485952848,-0.4488308207441667,-0.34367366921907744,1.2096322331763012,0.6121366470014341,-0.005825727299280856,1.7688241209244968,0.18148722170451168,-0.06199225065767614,0.7792860254964135,2.1794556431910923,-0.3409657734288076,-0.281550920786926,1.0362068697504043,-1.3732672848548948,1.555679718297054,-0.46281473767113085,1.4957073902171545
TCGA-GN-A26C,-1.0126164645501217,1.4447543285880118,-0.5307848982735697,0.4164745944374687,1.22341374160751,1.1960897563583273,1.184778480330714,-0.974176706720651,0.303876513039419,0.9355962702793361,1.3738086690058617,-0.9099356818277293,-0.5275009319507965,1.5267341907555416,-0.849001313858387,-0.1893977159383935,-0.785196707182083,-0.5185938474534543,-0.13652657602424426,1.2541547706483829,-0.8125120509461823,0.5900909275749013,1.426435156974756,1.4725114829616244,1.5270566545878743,1.7877342671466634,1.7630197196294326,-0.35008917750141144,1.3171638861638506,-0.09577348274009177,-0.29864138497012666,-0.41647601805367734,-0.8555706401716907,0.8454432221996716,0.15444348056423188,-1.19070914009939,-0.21079362490060544,-0.48252635452374,-0.27420816342177257,0.3796651764312214,-0.4092137261278486,0.2199111701570154,-0.8466561348318112,0.8422708845502412,1.2418938913464745,0.33087780309531917,0.5179770375292625,0.52028991235658,-0.5095667354575848,0.020059363610107933
TCGA-EB-A44N,1.1343235428535443,0.14024502845745523,1.2975527231009396,1.2133931912148246,2.3924314380249103,2.2252362099097147,0.8226028782104184,0.8914871299600394,1.142713679714962,1.5587572303384876,0.46839223016631126,-0.9114608420872108,0.0857478806673149,0.9313719161123929,3.0328244885767472,3.507407723632989,1.0631427586684723,0.28730421026401654,1.09278725974088,-0.11367223373343967,1.6194167420735819,1.61232264924001,0.5124294954183491,0.5989807160336518,0.45519870904058923,0.2680433888288884,0.27427140980750664,2.857223812695659,1.049369870733424,0.28083479841420106,0.9307867846001336,0.21845346990660908,-0.5969707167348647,0.7477388837252306,0.37248209859387543,-0.1616330941542479,2.177083593253844,-0.23623000326660054,1.6861860860313194,0.8391735832007858,0.4452784966306944,0.9108301266005021,-0.270698498493934,0.7088942620604791,0.8459496832742359,0.11765462108113296,0.31912480490397144,1.741041514248885,0.24193394899395487,1.3976933550371478
TCGA-XV-A9W5,-0.3194840723188628,-0.6314783149521579,-0.3068209496824129,1.5603474754209625,2.055369255357124,1.2476713831445456,-0.0900642051952058,0.950205113817949,0.9760503366325732,0.7985153826787076,-0.28068173902893573,0.834388055598854,0.2546145233798334,1.1363644548261753,1.5481793920369098,1.6207896188346749,-0.204520532718993,0.19458205992399924,1.6350469638950045,1.0612312104937116,-1.0927344981098692,1.7087127371934794,-0.26731871575749916,-0.4468005190178834,0.007638357187962678,0.12658872417428704,-0.07740761418285481,1.931737250337082,0.14171792848141593,0.1776039109023837,-0.1022615299706966,-0.08984824051926846,-1.042485408482127,1.1929153155996952,1.1400870330296156,-0.28691498753952605,1.39331678889878,-0.9919869112438953,0.7290220892367957,-0.3069038394662023,-0.5666484006159415,-0.1196965764307147,-0.20743582572243316,0.7233157077464871,0.5890846996906989,-0.7977511738098911,1.0644158100352883,0.6854292492189046,0.21252513536639722,0.1833832436849231
TCGA-BF-A3DL,0.4799965698703223,-0.8428052054929637,-1.7467974859423983,0.006797430512330567,-0.5206199712685367,0.4409118537856541,-0.8343505823049301,-0.34825835665062577,0.6149004986727835,0.0840892539981757,-0.696754928051008,1.2300900645117447,-0.6156174838265629,0.21899159913420146,0.19215585426216955,0.07347330121381236,0.21551205164981044,-0.4600541055994226,1.8931288329354095,0.011303667319184125,-0.6729828120603079,0.3182406539910159,-0.34330021755969276,-0.7101615631297356,-0.7970485298469224,-0.27712062010621535,-0.5177508904323894,0.6115133391567841,-0.8007969464801779,-1.2779696021677907,-0.7219463343589252,-0.8657867978980572,1.0055730572451254,0.5147593017301074,1.0683907373578159,1.0955366321060527,-0.8322769781820779,1.0241610098355154,0.39848581000941236,-1.697824611249145,-1.142538602406589,1.7415552999474593,-0.41485523161090354,-0.18536495176470508,-0.21014895056547792,0.9221787431910698,-0.980525119717204,0.5890220284177874,0.6751111406304734,0.6947703169005813
TCGA-BF-A3DJ,0.7251274115721974,0.12215380842177402,1.250880119685971,1.2630390926638615,1.1008765736204018,0.8874048760792792,0.6432679266725635,1.2758243738125272,1.1231383647323407,0.9059220487606652,0.8499431861417589,-0.681837367236423,-0.6109559546461278,0.49431080895163887,1.6627946871629833,1.4824378563724998,0.3212965613032015,-0.6767884915222996,0.5716600305835685,0.4906287863737083,0.38029185087402056,1.1116865481342268,0.3475759747675324,0.4139491727781809,0.7623944800662209,0.7934297812586647,0.572314664754334,1.6201664656933614,0.997368889196566,-0.23081261953997223,0.8899605145748352,-0.8246016064231022,-1.410470393306122,-0.287914306455197,-0.02457595916484152,-0.4339171760802364,1.2283584930483136,-0.5924553635602771,1.1541096614421347,0.6841156692779748,1.1206865159968182,0.08078500890811982,-0.861865657702806,-0.030668748585105893,0.8465421865830345,0.3259779412227963,0.9381188237754553,0.445155091308252,-1.2472803412547098,0.1811356056707554
TCGA-EB-A82B,0.40343018237489814,0.5470002343341587,-0.23958820200969572,-0.3175297061054725,-0.27675582220240064,-0.08310595803748934,0.685012855657977,0.01877829525691901,1.1450937400162955,0.088271856897166,0.12639353131406475,1.215585865975444,1.0941462085753535,0.046868778289754914,0.1467553428237948,0.12152622846723037,0.5792539115560272,1.0595325944870284,0.35382151433263326,-0.8756658607590134,0.43610714245035737,0.8096446841068936,0.43738747196459427,0.7928911948195897,0.7586324856765068,0.511705747571002,0.5924543375425227,0.23505408862606747,0.11458096320387194,0.3838746255578308,1.1931203175556944,0.7862947236737287,0.881763412007752,0.3033844987770815,0.4253245612967009,0.6887499737258985,0.14348601243114972,0.44786398900977165,0.5442450680288282,1.3770723667258882,-0.6025514120870263,0.276267671932169,1.1407261416902732,-0.26578148753041414,1.4253149054438732,0.7116633090674013,-0.36287375196067095,1.5020329979385294,-0.12889284535922046,0.538925788317223
TCGA-FR-A2OS,0.35328894306025327,-0.8411805324941163,0.9501727157389523,0.8745312554422151,0.11525193537962387,-0.7177570718922135,-0.7121195061873383,-0.6119175730571108,-0.12051324460240045,-0.1963630950534697,-0.7911535969414991,0.15326793679177708,0.9368286402720089,0.3806883275534671,-0.24907236779391576,-0.4949192173373442,0.39501988733356147,1.266828319838723,1.0534263710135576,0.5413977272137499,0.7007102772170245,0.6600801724815091,-0.3522814715700375,-0.4841127455868536,-0.42029284226126695,-1.6417673398568842,-1.4118621722213403,-0.5269851126499839,-0.5416943168607398,0.9271508102170553,0.8420316085516272,1.4689696579523026,1.253592881719992,-0.28225611277906837,0.22595982456986316,0.19549565279473952,-0.28477647554164237,1.12590689346389,-0.17525466688151117,-0.14093494957771624,1.2658968097910983,0.25050704965351384,1.917979545381867,0.21673330583244316,-0.6918830255265043,0.6932048044810252,0.6203918356556399,0.3074541464018221,-0.46501567557738954,-0.7280650101927484
TCGA-BF-A3DN,0.3383123689794311,-0.8251612138754695,0.9455891614173132,1.5068845645371212,0.27409677374307156,1.0432176791953063,0.24053394237640577,1.8672579298531533,-0.12797590466573563,0.9374554698378147,-0.22690567149321267,-0.7235841974870064,-0.6012335434587953,0.9559089060390141,0.5643887281046537,0.061446644090452966,0.2792845865413123,-0.3204993211943759,0.6671984129333781,1.3097548072787009,0.5538459222603306,1.0135595208683188,-0.3065838444840086,-0.3119695195931742,-0.2558925948768431,-0.310124646182717,-0.3991254719088321,-0.07665698422931423,0.24759111984630344,0.6547519075349152,-0.061365918688850704,-0.8125361988521939,-1.3271095681943046,0.7470203671709704,0.9910656998428801,-0.278701314163152,0.4036988738909149,0.4768978514815606,0.3710729255371929,-0.3208822693209328,1.1029846201978937,-0.5402790633901322,0.12897181338314212,1.1622398939473764,-0.01875510671159809,-0.22757106264967075,1.987169508742168,-0.3102590618320934,-0.2486188055890354,0.13379007170150375
TCGA-BF-AAOX,1.421724892966569,-0.9326875896521977,-1.1981419991843931,-1.4570662499416505,-0.1718038589009881,-0.27654746688690934,-1.6194248865120622,1.0487314159107417,-0.043580529459664126,-0.8381705890759752,-1.2742801928469598,1.3529503550139257,0.5352146474297705,-1.3944217140291217,-0.0009940246504234179,0.6312372381111702,1.398767132647096,0.26406700614454254,0.08255742545062415,-1.3461744627979735,-0.28952365658882234,-1.0731550562453547,-1.3824928118471027,-1.255993512350276,-1.1934732988227545,-0.9924522494074632,-1.0359022448690138,1.2186807568193574,-1.6508515899047598,-0.5030550600111399,-0.41973470888189957,0.4949911286550309,1.1698697629165087,-0.1325937220953963,-0.18758718454422524,1.4619845990534055,0.5821512152024689,-0.6447046704398821,0.9486100831254405,-0.21183279902082805,-0.03809933937756097,0.7347010303054606,0.21036705070759062,-1.4739001639416842,-0.9515410871892342,-0.27296483937923977,-1.9586102598191244,-0.20377487220519264,0.3696070217974651,0.39678166077237753
TCGA-GF-A2C7,-0.020109270895798496,-1.3109039454831253,0.05567246141538612,0.1725179614350088,0.3201464930596182,0.8685793547998252,-1.0147576315412674,-0.30522208543776863,-0.5161514022707807,-0.4442033997710679,-1.1861854801334148,-0.049246162758359885,0.6998049761836851,-0.09376039540592093,0.7452435504864368,0.6692192803973661,-0.4046495563313315,1.0310582843451586,0.5275473770281228,1.0643090359721812,0.4405314136691845,-0.1388050235701224,-0.8767467585292317,-1.120199039762871,-1.1398658453580646,-1.7961140883522617,-1.608431490695715,2.0460721335753385,-0.6529292405641144,0.681281741419164,0.14638591271483453,0.39478611618322246,0.40536761718155007,-0.2591820216990414,0.2887241892948938,-0.05968014396919984,0.8309517710523604,-0.46287844115158383,-0.2667434786819266,0.0838575208579093,0.6382454843741325,-0.006020495518381051,0.41145815669789787,0.45689031357620735,-0.570283360931664,0.26651731704262044,0.2324352407383366,0.27178666402459567,-0.33063429370766806,-0.2524060650202888
TCGA-ER-A196,-0.20103549305549084,-0.40344442432466254,0.7452357098593744,1.1700656605606339,2.05121133043386,1.3869199313610059,1.1423027345654162,-0.377194928637058,0.722176066202599,0.9159011936072752,0.13251213881979212,-1.5052761497116998,-1.638037571245089,1.2184273666418888,3.5827904179227392,3.219779224689834,-0.4892946753071896,-0.9307480745137301,1.9961661226405338,0.9889459832381715,1.3059137156727965,3.0425457246332748,0.8571734425038708,0.43903403891802806,0.8695093387784641,-0.9898496405883749,-0.7120591857209719,2.262537187908103,0.833893943319234,-0.3968907054768879,-0.22785771614211042,-0.2937740408951528,0.061167716328642804,0.8263855475518653,1.7166780699828932,-0.7713106502439533,2.764042814172564,0.9539125966011514,-0.4578937452763687,0.5826160002282311,0.8760912108485102,0.5042018005982895,-1.1472989299572,1.76678309408919,2.1427819270831283,0.40560096918005634,0.9407546470633974,1.3889491461304906,1.2954046880592716,0.8757968807350767
TCGA-D9-A4Z5,-0.8888686446228273,-0.51438376445642,0.032804328529590025,0.5886716435135058,0.6803470001026869,0.13468450803337115,0.2993664491956891,0.8115353389866562,0.13855992186753963,0.3067412150770316,-0.3633058042691997,-1.2641522456462564,-1.9970896830347529,0.4785870551766379,0.8597314826706461,-0.0854988989059793,-1.2992659046291775,-1.8699571122623209,0.07654515630891938,2.867079091753052,0.6885528814137678,2.5172513361680973,-0.5356158796656938,0.2627883289675745,0.13233626609638618,0.26645633223485327,-0.0633118386832206,0.21904443485850278,0.24088162081639214,-0.8418441349559531,-1.6480259189225956,-2.1827461677387747,-0.7538434071209302,1.5243426480733702,1.0217190325928664,-1.931473951088818,1.3102871358858132,0.37295546573862604,-0.7660570694255132,-0.9496886467108746,-0.5217847525638912,-0.7165311038098886,-1.390809427715234,0.6161392795522668,0.9375762046358439,-0.41239188326054976,1.6078853032893916,0.09136395315058161,2.0009057968630106,0.15702475833264884
TCGA-D9-A4Z2,0.14465350232101376,-0.8581323926150296,0.6658341245364752,0.40458719817703853,-0.16726114521847935,-0.38507674804815983,-0.6280034920151698,1.545701143869306,-0.2594538691771093,0.7100754816559006,-0.618142179468727,0.27605009040546236,0.4420226202166062,0.17962719632602872,-0.07447582111738417,-0.6934054621350985,0.19028322870632408,0.14877577810636072,-0.5612640163340417,-1.2592648275277598,-0.24315699221471096,-1.0025978427992024,-0.9207858539114926,-0.8960026828704127,-0.828401630055621,-0.7842941593320731,-0.8909381337769261,-0.3279842042124395,-0.30010019456870113,0.15648749569730508,0.07213495978932441,0.13285723534000116,-0.3906982667384186,-0.05606099579151302,0.48551428211280884,-0.41775177057363405,-0.3198781902133,-1.4285691454844056,0.7453929449274883,-0.8549115466934821,0.6843346893247174,-0.8677286229009593,-0.39883142790850373,-0.8375297604970644,-1.5067434747498119,-0.5542484817179961,0.27504046913286245,-1.59459445239905,-0.85747989079063,-0.2256084032085186
TCGA-EB-A3Y6,0.9455485778481301,-0.4634105623651677,0.5902837585022812,0.08232460267138822,-0.0727354669998887,0.03879880302328056,-0.7305929331735298,0.9753113491897194,-0.436403525724458,0.6602333557543895,-0.3627539249517564,0.0563118294332497,-0.20747842123987778,0.5093273117709136,0.46825728608362893,0.1973554388135269,1.7078727584197655,-0.5292222355192772,-0.2364352920721243,0.40948311141331833,0.4271969598610868,-0.601885328521961,-0.34898652858094237,-0.5367168511740849,-0.45168355433324203,-0.07189754782136798,-0.2969277648459258,0.36152314626657867,-0.45065954076805737,-0.5023455546925061,-0.3955940969323189,0.17083557132042637,-0.10274078734008572,0.14644317713669097,0.18296303669381508,1.053715111442054,-0.18439635867060575,0.4073985292975714,2.1057839919709096,-0.34492831477553154,0.5699891530484058,-0.4961726978624434,-0.6018176115646661,-0.16768732540159745,-0.7782503440834708,0.43313983262759914,0.5200964991567778,0.03043435616507173,0.3318838127180907,0.2708578687161198
TCGA-BF-AAP2,1.0487058242607814,-0.3769868335313936,-0.12145700352449613,-1.37653935716959,-0.030283963421853684,0.35691977363632277,-0.4847592765840288,0.6303240841788884,-0.05670449925132681,-0.3798158931356833,-0.5119851983469259,1.2322455304721782,0.175532186796806,-1.0184463435884272,0.4537022850507744,0.42284727207406075,0.6263428372539791,0.07082163268985829,-0.9412270258606027,-0.9502456797598117,0.5415392297559216,-0.5167515027707043,-0.6319962833962803,-0.6763895377815631,-0.5736623821272884,0.4026858467740165,0.034630569308635506,1.0741845402136936,-0.998329148171436,-0.11588075799998517,-0.9086756704114413,0.506727525032881,0.42563353023723194,-0.8884447761963871,0.3279434875870568,1.4467187110796342,-0.048771176374794674,-0.7132333427494966,1.2475906568247375,0.6607381121307464,-0.6671460333828944,0.8747015346443157,0.38055597894722615,-1.1522614995093783,-0.816997204196419,-0.7362310950658154,-0.37620470254691835,-0.7194968643133361,-0.6233495014295145,-0.28426947419744875
TCGA-EB-A4P0,-0.39117127909618765,-0.5248621135542638,-1.637777573794543,-0.9589581677316198,-0.9629921841832914,-1.1695721012915121,-0.6176708292093022,0.16440511651025894,-0.8873351985978944,-0.3610180566495867,-0.9940257110116627,1.4465602770159323,-0.9801607854939423,-0.1751756723814013,-1.6904207617647673,-1.1030538130805747,-0.5094087911105663,-1.3363181491035323,-1.0068128222425687,-1.9572780933324403,-1.3415899271610525,-1.9156184081516279,-1.4791282308224574,-0.9746418815760404,-1.03354911700631,-0.19472970446028662,-0.4612702426983405,-0.885104940856816,-1.3373120449245264,-1.799716634574875,-2.0228777959602837,0.2616666001685782,0.7129999916611894,-0.5653997758917593,-2.29180702266401,0.504500235993805,-0.9139979567031097,-1.6437529715215893,0.43389758189141103,-2.2199129203423884,-0.605689609413674,-0.4857570739988994,-1.0678997983680398,-1.5658842265730377,-1.93066372554256,-1.4330758840929194,-1.0503239881204696,-1.6236853517485343,-0.9883901975743206,-0.828128981875588
TCGA-XV-AAZW,0.4770487225200659,-1.1353352050857053,-0.033429324940535986,0.6098836104303913,1.2716117126756614,1.7502257111890183,-0.18374758576144698,0.2240924413589703,2.3390075419821517,-0.25772071686687587,-0.7644515531983768,1.338789639385309,0.4954367865885478,0.6302028351048398,0.9588710047820523,1.7516463399431557,0.5424957234139888,0.180586265447801,1.7241738743339223,-0.5980851367396574,-0.5419819126746743,1.2633909888298702,-0.9724944251662494,-0.9967148209428803,-0.6012433004458753,-0.8602599316492743,-0.8922572477063281,2.315822856602227,-0.14684110605461378,-0.9843553845465141,0.9981075806705847,0.69786854585453,0.2644132486007852,0.4329381772373313,0.9505798485781749,0.7326405511324936,2.1938416614847216,-0.829401011052755,0.34896186164678583,-0.7955203229777368,-0.9197011881480908,0.09882366245117738,-0.803191211486456,0.3500118175864636,-0.1686934493596434,-0.4613408123484652,-0.5177722604983711,1.095088926324793,-0.07362642839305628,0.5944762447929313
TCGA-BF-A5EO,-0.3744774032074464,-0.03689001089534923,-2.3707817337282795,0.25364502995677757,0.9877675913621939,1.6354096590331668,0.4932095951615683,-0.5035543841251354,0.836744877902983,0.9972720626697261,-0.03847619219234074,1.73314501257881,-0.1383242299683353,0.37379716054748624,1.3286451167089555,1.6045434130155078,-1.25145181465164,-0.19594461811761096,0.9450913552888774,-0.529531150182605,-0.4467338807676152,0.9325470147919319,0.069410967166576,0.2561180739387203,0.34004617913808294,-0.032491947260493786,-0.1234030799800168,1.875199451210866,-0.000842011614960533,-1.2588535338453988,-0.9871559276405476,-1.35518058643939,0.5176275666217991,0.4340028286062504,0.9962940417729893,-0.6085207093295002,2.474443811389333,-0.15280340530962516,0.010152480316661395,-0.8327198246887868,-2.664685184134337,1.3214846753909124,-0.714681865819982,-0.06943401897253025,0.648474138099422,-0.6201250584178849,-1.4801866469776084,-0.047640941156889896,0.8454907827370448,0.6329020083291755
TCGA-EB-A550,0.7188386368906504,-0.6068012756780184,1.1539997594335023,1.4978770341108951,2.066269381489368,1.5642852350705272,0.5148717672331824,1.2530392774968624,1.929456459175076,1.4099372769027336,0.3930265341267285,-1.599874042930141,-1.6581260863977867,0.5609104785331126,3.5780633393852193,4.0994933633422885,0.4102601679719738,-1.173487975043356,1.3634270080448105,0.06437778971124468,1.3522819159055213,1.829736795667481,-0.06084152157618281,-0.14789660565860666,0.0912849262053609,0.3843279037886904,0.11508380469576823,3.5535675748390743,0.5076196965402053,-0.5206668583019807,0.21615189052498837,-0.21748502669076272,-1.181998932241903,1.278710621924625,1.6986095270920836,-0.30264702046908437,3.251990017010584,0.9600389175441799,1.4162680366001752,-0.0041435904054953525,0.6549875285145504,0.6909779788356742,-1.0912606786402512,0.6894956840027822,0.7718653445506307,-0.8054064952162966,0.36934945108797307,0.7760213025686725,0.6405479447502616,1.576407152917668
TCGA-EB-A85J,0.22731231179140632,0.9776872282914942,-0.8098660705290204,-0.6914346423335266,-1.0486937770182878,-0.32674383672768437,0.4138664557855692,-0.3366688157192566,-0.42125999520743734,-0.24175224978223117,0.4993871276614691,1.2202653141556854,0.42431548899875215,-1.1997031826477473,-0.2741654303232445,-0.23573778113689756,0.27454982738215356,0.4248386727652323,-0.14255750934707687,-0.8445708694599291,0.4181623011315357,0.5219452689421605,0.5787571655778805,0.7096586811476165,0.3525512029078286,0.12148018556962473,0.5045341841711765,0.29042541489893187,-0.20045421840590938,0.02428879963390363,-0.11997394196625591,1.0442916081976337,1.3808739488833057,-0.43673152150095573,-1.1570104966920158,0.8056231885287,0.7294874781310007,1.4466016777449606,-0.1808044182159179,0.8308809073614228,-0.6116326605686039,1.0312985337909462,1.5322144576786814,-0.576372175604323,0.6720316698445902,0.8859748805769234,-1.4667368867099964,1.5551606162708915,0.22669716590503217,0.6406901179910365
TCGA-EB-A4XL,0.2814352721941217,-0.07837239939022077,0.06964114342549332,1.0001586542066316,1.0526165322443894,1.220401894064947,0.46873422926170455,2.463585841437313,0.6186492332046349,0.7485424547074541,0.17628044735416146,-0.5053802137835925,-0.8363074921816865,0.30752851809030574,1.8163836443029475,1.8470403227041055,0.4214963926078875,-0.8201448261086688,-0.6950292718566358,-0.2714661600144888,0.4092277415483781,0.8002512538903938,0.020108542175560594,-0.2101159585823042,0.012825790707840661,0.44479031698164956,0.242871406549549,1.9856314780979898,0.4750556311363818,-0.15014712655112986,-1.1097073947491496,-0.4594857339434126,-0.40503730640572455,0.27250047977810393,0.5644823912035365,-0.9660140811849802,1.889005893349944,-0.7746663729069156,1.2934602348174247,0.5197948154032919,-0.01546992972898117,-0.5478176634449782,-0.798453721493895,0.39202529013775644,-0.08235968537742791,-1.1742436688587738,0.30862457468626053,-0.8222067226852867,-0.053963894949598856,0.08906733536138833
TCGA-BF-A5EQ,-0.18881608156930188,0.2921995521735654,-0.18426622919095914,0.04162371311071536,0.24791924093450377,0.5583023188809423,0.5672864452829612,-0.308718457671795,-0.8710656270623167,0.8476277568211636,0.10988906920647033,0.2596859972032889,-0.2658173432412641,0.7747466403793617,-0.33824676620583105,-0.2786161329925544,0.006430825526087479,-0.35126557096778643,0.02584964785492697,1.6593526710719608,-0.032931516141387576,0.09252021898249004,0.28271773208249906,0.28189713825081486,0.28339771508815265,-0.10834701370397172,0.08467048158791211,-0.010504873378210319,0.16407427846342937,-0.5579760618484159,-0.770030862045542,0.014397081223119904,-0.08037553721412441,-0.16207149775116114,1.2819093586371233,-0.003114909114631484,0.18769606416304796,0.584034566852602,-0.45281162773524486,0.15474628661375212,0.17017008284649401,0.4707330277077549,-0.7204255992023287,0.8405507156562948,0.5191352985199472,0.22658924918135057,0.6580785303911579,0.6998963570770449,1.2344599848788282,0.49141279959740436
TCGA-BF-A1PV,-0.8823231381019296,-1.180331665805553,-0.7402987537861243,-0.6615555516539973,0.02140166902041422,-1.225610863572915,-0.47222580249329066,-1.6353664508963444,-0.8411201550378952,-0.8456359307568977,-1.3983490149282347,0.1373950320468606,0.6194701243963932,0.08366025624468708,-0.8277181058788452,-0.5717478345093577,-0.3482852804232022,0.5573517089502805,-0.5353932868204291,0.5586904435385671,-0.9807890530499667,-0.7887630929149005,-1.1382967454553938,-1.0750919461459927,-1.0273102343223683,-1.0395130735357876,-1.2303021394860978,-0.5705914243719752,-1.6933891079194578,0.23463772783341602,-0.6847772101191996,0.559584993842685,1.1372701014027642,-1.09204216479673,-1.3323970181656286,-0.25503877148965887,-0.30629772976130437,-1.1329345703655058,-1.014825368806169,-0.9162541027359435,0.24099397740208686,-1.6303371954050287,-0.2851882525574695,0.5893439286363741,-0.3217538453041572,1.3024737600946035,-0.439994668018952,-0.9707541633441125,-0.09508118715970108,-0.9272554952447386
TCGA-BF-A1PU,-0.5149639964019872,-1.6725960582788628,-0.24494090807287872,0.09084085597588956,0.8013360920035701,1.7482223873070204,-0.7400293536774022,0.627273960353494,1.5121114803449407,0.2619292066253378,-1.2441636126340059,0.9480865137764174,-0.17440560729056878,0.34531964391397185,1.1551483349500256,0.9155319449869812,0.9703466570762882,-0.30191443047906635,-0.2333298554224687,2.4005400403066655,-0.43776784661204154,-0.2534940852134969,-1.1380219048618183,-1.191483544439831,-1.419733528883778,-1.1326116266011699,-1.3866365478507114,0.6896136306844511,-1.2245950952181248,-0.10049231830289154,-0.9481429693918392,-0.6702485510543497,0.06865451953383467,1.1723719641207297,0.5454538918196635,-0.21850469015904833,0.1647348108088284,0.7784654250372527,0.7533491148459114,-1.996464270998993,-0.8025822992389455,-0.4929254925926836,-0.43860490932369817,-0.3449447861161816,-1.1549425922457155,-1.2220789128418217,0.1861747680082269,-0.20497877109942683,0.9149320029226455,-0.1828300278540149
TCGA-IH-A3EA,-0.14639482561663614,-0.22353508567315597,-1.8200044579691366,-0.4334438224611289,-0.4751669431685364,-0.21063372309057163,-0.11276542256704081,-2.1251879211168467,0.22467816192519335,-0.40729923916749344,-0.3173034278526795,2.0382919573552667,0.7647499750883385,-0.6439267014766249,0.04925244258196099,0.3341404277563188,-0.49857621245147804,0.2605447334552626,1.8530418792535375,0.14013914909161318,-1.2802193233352954,1.2760125807039104,-0.14153231487589413,-0.027440311054878697,-0.08367454700545184,-0.6685268751422193,-0.567118665385612,-0.029680028068155867,-0.7457105093985286,-0.8776514830412239,-0.15852393165800108,0.43871557435238623,1.852016361899663,0.08794869568358758,-0.7130087792654278,1.0996309388134622,1.300840262308015,-0.7055943634696852,-2.435942417271892,-0.35540710185257174,-1.2128894738770089,0.394656436557052,0.3594537927036413,-0.9135256701661632,0.9803327762174051,1.5356355664965744,-1.461372586841876,1.0734954016329323,-0.7209142315566212,0.8094482457623168
TCGA-BF-AAP8,1.4032864660403586,-0.8471633883002861,-0.8934100577820876,-0.018199023327081235,-1.4163420057309148,-1.8096595879852255,-1.3591037639791856,1.7405689114344312,-0.8379540450855186,1.1760039761803267,-0.601172232632984,-0.5018779733904828,-1.8502300149573347,-1.1593157504382672,-0.7348446888564155,-0.36893987262779043,1.002288618500974,-2.218040313706874,-0.5098240685310096,-0.39174328318134133,-0.7161895119763853,-0.3814943557386065,-1.3151063516380157,-1.0660841457952501,-1.1357452493198745,-0.6343316235962612,-0.8217522330589819,0.162601448516851,-0.8636948432929822,-2.506089538852214,-1.733858382547064,-0.3340631244556205,-0.5542202819806992,0.8061221274513259,-1.279580584779442,1.7283389653055812,-0.5678387944388306,-0.5842995623948049,1.3893058885340546,-2.0072911862344145,-0.3177885567834707,0.2792454496237101,-2.1130130821840463,-0.729216475520478,-0.8067515110364525,-0.177778718189806,-1.1442388225411049,0.4696984400447764,-1.2740766257774094,2.088264125448326
TCGA-BF-A5ER,-0.31529935877466536,-0.9731427764395483,-3.0339904378263847,-0.2235781671361937,-0.09609841475658522,0.6692739060613668,-0.8569177593629713,-1.276030155868659,-0.21299051771745828,-0.9013438900856402,-1.363613098285469,1.2063558055982484,0.22238659965535,-0.4299608098086763,-0.003655373451206443,0.05658806081457762,-0.8825889646516798,-0.11017985651548483,0.2455231765522549,0.24522371607929958,-0.4514714036579681,-0.9062177125732771,-1.121536651315123,-0.8690319397285362,-0.8417267764206638,-0.9682608751466021,-1.0456658266031702,1.3332358049461337,-1.6056559802761885,-1.4660551190802353,-0.9765823249117751,-1.0077200345679513,1.972560042667849,-0.08487312824831486,1.4102836430389445,0.3149365033729636,1.1340826501885266,-1.1538647238694582,-2.0793606647508054,-1.8257605733421272,-2.340954977481957,0.4160268212280734,-0.8718702169242566,-0.9780247526990717,-0.26931777324053696,-0.09057133137255166,-1.8508671049206546,0.9598634987019861,0.18389546010003047,0.8040898847088024
TCGA-EB-A3Y7,-0.43820941545848713,-0.9516878174719483,-3.0321900397903963,-1.448694894311137,-0.43485996640046237,1.0211920085067867,-1.2868106413840013,-0.6386161352253709,0.23724321684553865,-0.48409006747277333,-1.1007945034725468,1.680262681533352,-0.17658902529781467,-0.923799556976328,-0.5663456166046472,0.16657371658872672,-0.20182508880505087,-0.4886246304406835,0.24273604316030972,-1.45993694873943,-0.3224664454279353,-0.8079400414348751,-1.6605663815259217,-0.8748352145579903,-1.1524834128554957,-0.8505204453555744,-0.895361921669064,1.8907461210049628,-1.772014526694204,-1.7825261369573584,-1.9013324997760443,-1.8082330563576556,0.6338432119455041,0.24637459042356194,-0.8401867557321122,0.8840419433789295,0.10221456165734817,0.9768151076573856,-0.6275021076616831,-0.9668699552453789,-3.08279744048872,1.5665710235500248,-0.32194996617199445,-2.0185043697083165,-0.9753724686914352,-1.2798348122498107,-3.028133746404434,-0.16083978162033516,-0.2805518344213867,1.4406548518134383
TCGA-XV-A9W2,1.224259565731693,-0.774712545670886,0.4295927320739628,-0.5814671979044076,0.11944403757613234,0.41570683570391653,-0.15080449311423558,0.06950454967689294,1.4838905736837604,-0.09763659554281252,-0.4796133336609135,1.6057300388892743,1.1498628725539146,-0.5864588147490903,2.1248351553103477,3.130833929921748,1.7184665702356765,1.012044587452459,0.9605335175210445,-1.736229242866295,0.42071196917910303,0.26033897854619215,-0.3003581934009582,-0.21395266801889282,-0.21480103834900607,0.24674448109474564,-0.16215452614610754,2.2672149447003735,-0.8331192001994798,-0.25700913852846957,1.154107841095787,1.8691981734628627,1.0959604838974621,0.02639148629564368,-0.2568340798520107,1.623058267444965,2.1441784969120077,0.5392097958028779,0.7703955677252651,0.6907973710434626,-0.2457258073856728,1.6631857393278076,0.06902888502096567,-0.7289932929318153,0.09848492678906572,0.6466789510993779,-0.9683653671948291,1.9336618000642563,-0.04324021853457612,1.7929677042931185
TCGA-BF-AAP1,-0.7766914336295473,-1.2596923902795947,-0.5616506055321671,-0.19619306005813372,-0.8744562480189604,-0.592037985765576,-1.6238385928321473,-0.36073126633224395,-1.2238271685435276,-0.6713319080066595,-1.380811858812867,0.8519441612862919,0.027680090856504178,-0.9145269135339787,-0.8300523381904427,-0.7530880970712989,-0.6003708337101905,0.03088626201434614,0.08112279690143927,-0.8830559560861438,-1.370447695803514,-1.837692611502833,-1.8446426859551772,-1.3893611639388426,-1.4999904134783182,-1.2398492150201879,-1.3922221249190436,-0.22006750067057648,-0.9082362231998229,-0.8711908809949495,-0.18765141289190496,0.6718549749126282,0.7258058189470281,-1.1602149352316762,0.8593098863088563,0.9244847126320754,-1.0595895428581852,0.6398457262648106,-0.8838224734421729,-1.5272897806747128,0.26259816631610505,-2.021058235769091,0.1177514293515699,-0.15325919063938326,-1.3670874584785462,2.1705063161302007,-0.7472643527938141,-1.1182340683943672,-0.02230579332303046,-0.6150527863485853
TCGA-BF-A9VF,-0.12955883316589592,-1.4614904831776736,-1.4050579682013096,-1.4427549313955503,-0.5229037732226447,0.04964628439650018,-1.226026270044757,-1.1179330262190321,-0.4352465651130491,-1.078416600094229,-1.4828490677005575,1.8259750337396694,0.28523877255135827,-1.3405283986897736,0.4297182249222938,0.8138420772040731,-0.44831301817168,-0.2214383204180042,0.7598825091818495,-0.8831409244795791,-0.458231179266638,-0.38221919065778154,-1.2891478990591283,-1.9090265680399865,-1.4724465089501162,-1.9242343521652536,-1.749866122153814,1.4930166734093506,-1.8086038466920078,-1.4299474038084212,-0.8911733212800819,-0.07308907940333559,1.677779698742529,-0.6471418659225634,0.27498932787384417,1.0817414081970789,0.737420361488016,-0.3638379439620436,-0.14727254671603238,-0.7084954037743916,-1.5804785065582057,0.34202122554223846,-1.1057915844935,-1.5365306238939507,-0.7315293013175502,0.28912977739932083,-1.7243601087761566,0.7743085086954569,-0.3282186770151398,0.4813794693517074
TCGA-BF-A5ES,0.2859697101312453,-0.15630818980324004,-0.804014344589975,-0.6969916178502138,-0.5445966905896733,0.6134722795315993,-0.21014702327739854,0.1822441738435601,0.5750332940109024,0.3888289325551202,-0.3861940041392189,0.7079320997413241,-0.38148442107501757,0.2971414097073664,-0.30701245246272924,-0.3187161900440176,0.3875011233030503,-0.596492665495812,0.6599075290047303,-0.29084770447722463,0.4875423636774931,-0.5424685517888491,-0.08234137560042205,-0.10227305910326946,-0.02506718247910876,-0.07613421248025078,-0.06364715008340245,-0.5350964218456322,-0.7677318013439408,-1.2188325009639305,-0.22630984525349665,-0.7988455527959858,-0.011098185857501172,-0.1953784558811919,0.4111778804859613,0.7667659046345167,0.010111749405063182,-0.28371670336159155,0.08384347534585444,0.5997086400855148,-0.602835168601695,1.2804780074613389,-1.0423433028749933,-0.4287262720990547,0.18413232196007648,-0.3584297343958821,-0.7915454746030872,0.4225279687723991,-0.022333947934132015,0.46422108340455914
TCGA-EB-A5SF,0.1314059493387124,-1.1785164517073372,-2.4077679677900994,0.06411589476025256,1.9243888708531163,1.6994856908217408,-1.307164329644055,0.4748545103782655,1.2266361973176603,1.2442881769132128,-0.805120851630945,0.2499532956982375,-2.0787676133845556,0.380787003784062,3.4590580978333927,3.8445042773153375,0.07333758177677877,-2.291637539407084,1.301546044338871,-0.6403042740585208,-0.23680115144421754,1.342812222275048,-1.0073582606933666,-0.8364697438169836,-0.8531014145974086,-1.1412915006349424,-1.2010174655889387,4.5406354058302565,-0.5043106066102964,-3.176554043523527,-2.318214103125762,-3.044345698537518,0.3166350597822837,2.2843438153205287,0.7638002656442793,0.4895045868787595,2.3974591130191203,-0.10596412858093429,-0.6375897665209528,-2.7684660044172413,-3.6898327917966673,1.45825449668026,-2.052811030867258,-1.2336157044604488,-0.3060727492558807,-2.6660514003209475,-2.1636806044988814,0.5067865718963268,0.30172655356003963,2.91995355441141
TCGA-EB-A6QZ,0.1717745206347604,-1.1367734596436518,0.24279497595043906,0.6054689323689751,0.42802144604359643,0.5410143583725397,-0.4644239729724181,0.0734971078501051,-0.730395832687097,0.20184734429858103,-0.9490290656508742,1.2795766516002216,0.7752851554657686,-0.08557874002791448,-0.14209756995696712,0.1246907017139063,0.5170009084718686,0.47281259198580056,0.9891582604716428,-0.2628035510781261,-0.2523317517772853,-0.2915332391347765,-1.0878704766320333,-0.7737909134132527,-0.9642165168725827,-0.5463820263991042,-0.7409125587795217,0.3544447486763915,-0.8089655275735564,-0.21795361184943893,-0.208041186826181,0.4406482566585408,0.35527559607679104,-0.5371953853188783,0.5227926486427146,0.5091699020137609,0.6215172707373499,-0.666570831572517,0.1605747189939072,-0.4422654728706673,-0.1459827024315307,0.4820024480966823,0.4039842217889412,-0.6797602824376985,-0.9399776943975073,0.5592553189779975,-0.693820412371426,-0.8357310023792699,0.007107631769956987,0.20989116229611998
TCGA-ER-A19K,0.7057647880035269,-0.25969222172815215,0.3044925209979243,-1.3436186864533528,-0.14628052025069616,-0.17618682519394874,0.11052722609471023,1.5825634891798914,0.6975518708341473,-0.2763383077518555,-0.056437178696862135,0.666978111187103,0.602876806651715,-0.49523015389235003,0.5982709845127206,1.2171233756916915,1.6388721420302028,0.3258569256918164,0.1175956184234879,-0.4097068957241156,1.3469176194166002,-0.6702317408343212,-0.1885452374598391,-0.2692279143034517,-0.3928518889570378,0.044390250232783916,-0.10385461335994796,1.2275057358788173,-0.5681096148439483,0.596753982217692,1.130424104775512,0.7159215955400146,-0.002173921932775487,-1.2605302414925403,-0.4674186676260218,0.4910652407159203,0.6086437214018066,-0.7576684321963665,1.7899504221843885,1.1174869989845442,0.940790672181032,0.9933320683859597,0.040973889024294524,-0.33289396738546223,-0.20435609307706365,0.33632858004798655,-0.6641371804078785,0.48577664405860943,-0.3267656764632253,1.0361315550681316
TCGA-ER-A2NF,1.1912307780589357,0.47697311358663613,-0.08418034991416944,0.06966826168052663,-0.12635750680586602,0.31366165544835994,-0.44891009764380485,-0.3377540413720991,-1.2552846701348361,-0.26632360003682687,-0.23493099407649543,-0.04528209686039666,-1.0632412061598202,0.2523113821347753,0.6684770465944967,0.36851743988331315,0.2503835600219088,-1.16237649628159,-0.6016544516853963,0.262816152391214,0.27334122587764453,-1.2322930640335679,-0.21568570063345174,-0.20326285997134488,-0.16280679433393258,0.6196877820647393,0.3415619120985716,1.4662959157663913,-0.020494223676092008,-0.587316574178469,-0.9102697936791252,0.0558999924348735,0.42830044875487716,0.4656941315414531,-0.9482852842145374,0.6821065392268834,-0.30366077175236,-1.1500123278181917,-0.31340778064054425,-0.32073751210808465,-0.08376408062616625,-0.6785320044353061,-0.878632756885677,-0.11531298048639459,-1.0282966030591825,-0.03854244220507999,-0.11694179530592252,0.16973787169581372,-0.0651225423035304,-0.23624215276162633
TCGA-FW-A3TV,0.5043780816681447,-0.11198805454259116,0.6975980352819328,0.19667485578571517,-0.5292247528869862,0.6713755682967762,-0.43877358489003493,1.1621429683114783,0.04865442055004259,0.07545051376272503,-0.021539409349732454,-0.42041592030564934,-1.3303386124931191,-0.13594937902685117,0.9491083827510034,0.3620202548476067,1.3165150725785724,-1.4621093685349589,0.9199057240014498,0.4619325680987885,0.9601914964235326,0.2710321133683167,-0.17680225648143744,-0.1526327065622063,-0.342986267462083,-0.24329203231154445,-0.28681319641387865,-1.2881099159455658,-0.4040126379438677,-0.3184723851566037,-0.05159337526743855,-0.8637271928722272,-0.8294100949038027,-0.35396865884339257,-0.23190284171731682,0.12025786296135116,-0.21921491383847147,-1.5668951583514188,0.8005431159948928,-0.29999001987799795,1.4627007464010076,0.14627785195098622,-1.2142171116865415,0.11617420823776076,-0.7494950194670843,0.30818342119956743,0.38962248730909027,-0.7113326342201768,-1.0011212517349521,-0.047453396987129595
TCGA-EE-A3AF,0.7936851053404208,0.14980079932838236,-0.7318912976899756,-0.6475740805539012,-0.0007651573818508409,-0.3060211089272837,-0.02824067294037486,0.5789048496406103,0.2947557402909892,0.5159625207297092,0.31604018301131453,1.1673281484797269,0.6725436343982363,-0.017787177977188644,-0.2353257417689663,-0.30567119018541256,1.0805696930885744,0.3261659555541775,0.24049543867519468,0.08248395482556828,0.19807987424398527,-0.6475749634645079,0.005860390657617953,-0.02582692624041998,0.1871810040580879,-0.15688045346657017,0.021310676735897188,-0.5082156734963033,0.018547544582587998,-0.3621057264394905,0.7012008587992156,0.1901975059696906,0.8090254285886167,-0.5712659083339419,-1.1635821796077488,1.1736705218049615,0.29004492366110884,-0.905624154652528,0.7010954404108112,-0.009434692327890654,-0.34493236062249755,0.7733596190933231,0.11495954078735997,-0.9340451750611283,0.004598298467982326,1.024986717370579,-0.42969592732054135,0.587320863261911,-0.4676811518282113,0.8083505484507696
TCGA-EE-A29D,-0.07492513127427489,-0.9525377123624889,0.07470026450051313,-0.6635459465533039,-0.5050639287404083,-0.41441883367691695,-0.4232201695488686,0.14120214810895648,-0.06940264370245837,-0.6340429247397821,-0.7947492207407921,-0.43968328430313763,0.30303583094107595,-0.4323135292263542,0.14624856214545479,-0.16789396044794655,0.11958406880255901,0.2714856214617503,-0.6020482699211762,0.8834406031191557,0.6087231623563172,-0.8016276078305513,-0.40139026870388295,-0.6264669816255779,-0.8208494812540228,-0.5603622491008687,-0.6709610242158521,-0.289050698541731,-0.9323616258665338,1.0369248452006194,-0.4235264452578232,-0.21434874935914291,-0.03320298691349252,-0.47587766660852654,0.6153180003259323,-0.6278093551082168,-0.3822520488849057,2.477701830909157,-0.6326338161347298,0.15449012479279067,0.46360697308696647,0.0866231854496811,0.6067665184299676,-0.030431164392168142,-0.8789455356900385,-0.9342708758794058,0.37858805110054,0.14662142568249867,-0.1692579978384743,-0.22125177904571586
TCGA-D3-A2J7,0.3729480717037048,0.3568475111116904,1.0026067743129037,0.22600729618673057,0.8808692424448225,1.4492206935383665,0.1919734314297639,1.0339549175529887,1.2587016706727876,0.9706799458411721,0.7870238438521153,-1.219297299916307,-0.9087198065486171,0.7869733590107022,0.5666375480363858,0.5536137018733449,0.9975857253064182,-0.8247862983456344,0.45048103098702036,0.6477421410549209,1.0788962183177702,-0.3115757784350251,0.645019737504045,0.4395471393400232,0.7002714823597493,1.1567135628412355,0.8781177261352126,-0.33102669510450766,0.44173783551928053,0.44407309310889226,0.5996877869131478,-1.4103205244132178,-0.8023922083567859,0.3492629134406133,0.1777112512414031,-0.4800953295102085,0.4772651630864736,-0.3513931488716296,1.7681719037441157,0.08342431265694522,0.7650265593722114,-0.49896013702225506,-0.06729225466927412,0.5188330568612727,0.5217796844835715,1.0970982177850228,0.7692113667363283,-0.3888223262717482,-0.7416277613343674,0.17520777460672726
TCGA-GN-A9SD,1.3465597868084367,1.1552269927297176,0.7542735030318666,1.032442578420227,0.8685276473300393,0.6397021665382218,1.5585595882984677,0.2541371516381029,0.04818906287897221,1.3281155391945298,1.0523803463810224,-0.15427757638730047,-0.7107496654173835,0.8480408302603919,1.021274345870107,0.7306288807175552,0.8173820899990836,-0.7800850327847617,-0.41802861643824085,0.03897404291335039,0.9841750789560619,0.9508149558423016,1.1784521639713166,1.152574105653152,0.9869056210720715,0.2684481790085229,0.6723464144027872,-0.6294179396600766,1.4573326510739626,-0.5651567885522362,0.1894333822298016,0.27578301971900065,-0.5735240165783008,1.093822934978421,-0.15361863515999347,1.162297081979055,0.5378063241661128,0.25534771076712237,-0.09092012656469532,0.9580474685484943,-0.445793755275875,0.9381725827738966,-1.3572268115137454,0.6694148200236727,1.7199543119766112,-0.15370255338967834,0.5330505101484587,1.4697944706210682,-0.12536166076924418,0.8598082749372239
TCGA-FS-A1Z7,1.9399482561167314,-0.43472654464648425,0.9309371087988401,2.2253753407677896,1.8189165897879533,0.5191753189471472,0.5024762922571667,1.0179544861453478,-0.43903511652644434,1.9185145939049393,0.10786787888160808,-1.0104268533367111,-0.2767125171359654,1.747749810807057,0.7743433547802563,0.8012644698385885,0.5672947025585896,-0.05914921598687123,0.7510512616885725,1.1769675618470883,0.1756475058209904,1.2372306017186854,0.5406947596261228,0.26173761083678526,0.25896154781199404,-0.9421447567771333,-0.5193038609289587,-0.31879792312752403,1.4489323557876517,0.6028879307790642,0.17616431717290643,-0.5351487037830595,-1.5556652184416593,2.5551502103874655,0.7052981201763008,0.2723504723558943,0.6447396442483531,0.5092033170269462,0.32102674446895163,-0.09756377976072741,0.5912037003434722,0.714028775518273,-0.22172565479598955,0.9989181220254619,0.4960262070106176,-0.13455982030811056,1.5209433940694432,1.1910706632208694,0.27378685417462867,1.3695433466456064
TCGA-WE-A8ZM,0.2217855433768997,-1.6359074054256904,-0.38752130394624873,1.6357937980595088,0.385692240381847,-0.43508715186249663,-1.6162752667394489,0.812897497786689,-0.2976855492768785,0.9702235462708025,-1.4170906942177892,-1.6291553114377832,-2.000357478563556,0.8088125943384956,0.4563400044494625,0.32731266585708585,-1.1561743862225147,-1.716618720756128,-0.654498828105204,1.061431785541918,-1.3415148288597734,-0.2294294702267915,-1.2547465628554406,-1.2894595256329964,-1.3770185162984485,-1.5181687357432345,-1.5971275416654067,0.631236655312828,-0.40572528254825896,-0.4237002152014992,-2.6456060396496524,-1.7501507647906893,-0.41229577136648526,2.2857871908447285,0.34335437779633504,-1.9381811484359268,-1.377448211057395,2.124480583820577,-0.6503921419981908,-3.853838150472917,0.08967609986792777,-1.834578044453966,-0.6436741525804692,0.11869840462092039,-1.3537945714533137,-0.704182056189819,1.1934078962766823,-0.6211410116294441,1.6489452932936888,-0.03618613987750833
TCGA-EE-A2GS,-0.9629170482726189,-0.3947076189084877,0.2518078984398122,0.5972041751399388,-0.34703396972466344,-0.47513364130025887,-0.7979183530255088,-1.220026614359422,-1.7116907190964217,0.3961294709233662,-0.22748305785062484,0.8505485053623908,0.873426591132006,0.10665180056658316,-1.3431507539610077,-0.8740372608638832,-0.1828234908322569,0.9625896104540019,-0.73060220081216,-1.638936086748375,-1.2135747236247256,-1.6078509215524674,-0.6158617576938283,-0.17281793359495407,-0.42401352066923903,1.128712056578577,0.4328066722030604,-0.1957223207130051,-0.20034487044968435,0.34558604994390835,-0.8272214000906193,1.1715258442344796,0.8405320193574776,-0.5656295731204923,0.9870400134764604,0.1322183397667308,-1.5284887082403742,1.3522323362005546,-1.0104225554461244,-0.5001427038494282,0.20807631080557176,-1.8753378298640015,0.8110648853148179,-0.5086255594909179,-1.4721565942031387,0.03880573259740473,0.14123921250163587,-1.3078621291885844,-0.3043713072536139,-1.6272667211454483
TCGA-D3-A2JA,-0.7878236478850549,0.6269925670935648,0.09249503822931117,1.7391798706388666,1.1402483627790312,0.4427402518779416,0.90787501271312,-2.314934266671313,-0.3877181195399905,1.3756739833302112,1.1010756787891354,-0.7071645765852482,0.29509059462779313,2.0785779886320115,-1.0819476299932012,-0.40176329209999356,-1.3332874374632437,0.2581440403014083,0.21802684340081344,2.2480987642216403,-2.0895707836517863,0.5977738276998594,1.1804617065744905,0.9348167012406043,1.2577523189503415,1.7273958270407501,1.2449075511515193,-0.3923786960458267,2.043871100467465,0.8843209480832355,0.27116651767978234,0.027019639706059285,-0.7286678741812959,0.35592266502113257,0.7871185562136915,-1.2359587039698798,-0.05834540304626452,2.1252211767136946,-0.5660668047289217,-0.4359046564363153,0.43756782432115743,-0.9239011650051628,0.06235145057275991,1.9923206787528538,0.861305006162594,0.7220736550845757,0.9748932258540878,0.12082710617877426,0.3195660358823036,-0.7407333404525366
TCGA-EE-A17Z,-0.4465347342670724,-1.5220817037166643,-1.2401311208638295,-1.0982538194156422,-0.29627812568901835,-0.9350593929851267,-1.9608281770884894,-1.8344082086707327,-0.8426423784958426,-2.516261993075374,-2.254587651041703,0.5028653162625849,1.5262832868363556,-0.8890796722599899,-0.6577118573915953,-0.7370532123171164,-0.7818106488217267,1.5722670053227061,0.389910580206403,0.4988339220878375,-0.6268164817699908,-0.7858186821803219,-1.9744979070047202,-1.7302848034371345,-1.7691037767116242,-2.1607187564806454,-2.2337248686265117,1.3282695858738285,-2.0489246235875473,1.2554094975748706,-0.4588217156115966,0.7421447301304509,1.573584332882498,-0.08267461694182432,-0.14677725598332442,-0.5707293830392973,-0.5698793540018603,1.8587721511684883,-1.02140072635791,-0.4735370689659623,-0.958426966113192,-0.6660858509914839,1.883737137509971,-1.1357875522077348,-2.3136244140204267,-0.627544755259027,-0.08955518898309639,-1.9138400279589014,0.856200034190731,-0.7409805969409583
TCGA-FS-A4F5,-0.372041844633977,-0.9258823185132028,0.0702007276154025,0.059152258838233926,0.012445829674855734,-0.9594047678214552,-0.10831393890236968,-0.028682766483647516,0.6098613480021741,-0.0417428500034687,-0.875701420610582,-0.4488872956960664,-0.8028576853614878,0.09007908666845461,-0.8179035678861053,-0.8749883012696338,0.4266201966799497,-0.9406577573448182,0.03179482835276297,0.8949360342959519,-0.4922314207537593,0.5624463535095002,-0.5133732460802403,-0.35201542767320804,-0.4509634928301438,-0.7161944822674758,-0.808723518578054,-1.1767323801153828,-0.28488700002581363,-0.7136825484334229,-0.9772513872344234,-0.1250012786016659,-0.02723111217612388,0.08516100992393144,1.0339835520761531,0.35054336906975864,-0.035989077786943276,0.8675128220561075,-1.092832636354258,-0.45283646065736805,0.6054573298058538,-1.3789784235017126,-0.3696055284836843,0.32679679104659015,0.8488896099494764,0.4054816045223437,0.7656682516289923,-0.05046650624100318,-0.1102030072873878,-0.8152768438093045
TCGA-D3-A1Q7,1.202647367074799,1.7434849189900365,1.3814576788899164,1.0715508592224925,1.0103295756329058,0.9935179456627357,1.8484698419465668,0.008497042714985142,0.4880831362675514,1.031817259232116,1.9045486459242649,-1.3739618263659719,0.8511348736217661,0.8716494981682245,0.6346022578254279,0.8739162202346143,1.2405275842363497,1.0125173161528016,0.06565742236399051,0.24594418846329955,1.0743789533621013,1.731001523870248,1.9709601566786739,1.9305255972983562,2.0435031785519464,2.094830074863205,2.183411360768537,-0.04153368910191102,1.534051362714331,1.4480181280426643,1.4070787596026788,-0.0517877575416597,-1.3398125701395869,0.7784482304449233,-0.4460515943804347,-0.04105776300928543,0.36503326881181775,1.1674238570508961,0.6067294688954854,2.2446404851097825,0.50793935994516,0.7441992242176049,0.2119010286590047,1.404996061601276,1.9156781421835913,-0.17550200488899959,1.1952090679967748,2.7794467378034735,0.07813826542633705,1.1427917869752198
TCGA-WE-AA9Y,1.3672533444762736,-0.023311216856850815,0.8675794178745565,1.5337857184289103,1.2023620898437373,0.26846571902594785,0.14846059284621305,-0.17338857133209942,0.8613524863866366,0.9182893876114941,0.2638605768926501,0.0887365903794669,-0.9487296979183177,1.9459511122140727,0.9717835794195189,0.5925823619027026,0.4289858090206442,-0.9690554435139099,0.6178360578269068,0.6885893578124511,-0.006171127712831433,0.5442289833297188,0.359393902429786,0.11435563619408731,-0.004543633665596995,-0.9607808486417,-0.5047862393079448,-0.8067939313069495,0.6236196954835954,-0.9079643155952509,0.1626710549714495,0.37311250519609546,0.38451401475634195,2.2211840297693595,0.0587259850335021,1.184436908537591,0.27481809238616667,1.420183719077036,0.07990734723898395,-0.5259621759616764,0.05316765148479677,1.3596414626202473,-1.1129589445097647,0.30060152244594307,-0.035442159445724715,1.1596488503226092,0.950241831697546,0.7330105293382948,0.9661600104040219,1.3392465546896073
TCGA-D3-A5GR,0.8883413499432811,0.8234114954486523,1.3442182348286063,1.6093878718906787,0.8202051721076276,0.5073291678292876,0.45175534419171914,0.19415999371154444,1.0731574383124176,1.3598033844129611,1.0978074505848596,-0.8769861322212384,0.4379298904255317,1.1544647493041214,0.3664603157030714,0.6213553166457468,0.7156530999814996,0.6032311947266769,0.9483222192448647,1.3953970382724592,0.5447781234442386,1.290641359429578,1.2199033287292387,1.0622384988276443,1.035930895213445,0.05368670757024903,0.4899699063336417,-0.6123500829301122,1.5020703609181356,1.0325145003794698,1.7914469316836192,0.7317632589051691,-0.17441186241083387,0.9568208028038858,0.4350543938838178,-0.09659162585014784,-0.49698960802061876,-0.9370867545435808,-0.1450722610126682,0.18322237521581264,0.8308752845906993,0.34388230300939243,-0.5939717382052929,0.6898195316733035,0.8715758362778283,0.6466312744190902,1.4171553125364846,0.3852981834005835,1.0138239228150059,0.4318664959464708
TCGA-FR-A7UA,-0.4429450045615309,2.5854790299187114,0.4640736765951422,-0.2708421613040349,-0.2257378151905357,0.4834803980095142,2.0054917369787875,0.8933211990467594,0.04909109246613546,0.600080698047389,2.2188697186984396,-1.3428345648912074,-1.2915722263232685,0.3539510318473976,-1.0148955265255666,-0.3106811850119611,0.033382385598789435,-1.2952241127332806,-1.0975610117896664,-0.8795492635638822,0.916820406256431,0.5959103784225405,2.0525770375709187,2.259677155797386,2.226437407679229,1.7310795448827108,2.2715464459971124,-0.8329052558207303,1.5499373542231856,-0.7922933673359911,0.7261005429152821,-1.0477017547217826,-2.1680423582303856,-0.8310534972551205,-1.460533932343226,-0.33648554185529195,0.5218297587287423,-0.6473287968573478,0.2900802081025311,1.6439836477278602,0.7417084102608166,0.8319469859091726,-1.0929098755128572,0.59030365083286,1.4628125758550368,0.8211343925384622,-0.3207801855937258,0.7201765949265005,-1.8245075023927109,1.0708444887614228
TCGA-ER-A19W,0.35786465090062625,1.8459725092722814,0.3732681176771466,-0.42655662400008004,-0.3604071219163247,-0.21187456917915257,1.3917094549424798,-0.5350494974647768,-1.118855392203428,0.34098117001287764,1.6832031881451668,-0.257438821797918,1.5075341653595187,-0.14926201289685345,-1.0197161904489573,-0.38376159165077744,1.5946754147791251,1.407001212499743,-1.2498892292951882,-1.3188500874562306,0.6373723770270279,-0.5775425536343528,1.2145970797320609,1.7616987371243984,1.6222164195306303,1.8649627008677692,1.9517190168489518,-0.5517663468241661,0.6706971754282749,1.5428270123942396,0.8916746579841767,0.9154665345235378,-0.4450308592956761,-1.7876360371458329,-1.0136568869943126,0.6158846611225494,-0.13445011464744788,0.3035441239245517,-0.018130899561102025,2.0575856523139895,0.6555517952470857,0.07443956662813654,0.8258188040666511,-0.21527495731011803,0.49474208862867586,-0.26889396979009295,0.06398505423559211,0.25759922781521843,-2.0392608206123013,0.7187600657211662
TCGA-W3-A825,-1.0130593368574026,0.43750562633641216,0.18570409451208744,2.03090388991802,1.3519600586776608,0.24670038687437856,1.1690501944242937,-2.6826650738169677,-0.006874482130090791,1.2271118498787135,0.8145093472255414,0.06349954257560339,0.49129970433555314,1.6975479901995016,0.07020841220097178,0.31841922089598623,-2.207091460003513,0.6861373102157963,0.8474357851192903,1.8067568241195768,-1.7722336571935606,3.1006170130189337,0.8844931203203612,0.8646094328499989,0.7181150657796161,-0.762599750323563,-0.1938487161525338,0.032784854592861554,1.5767650012045886,0.8054695897413888,0.2832113284395477,0.5327790570963578,-0.11981728638555342,1.5836522031327926,0.268899467735527,-1.5003658114899792,0.9772402146113471,1.6206762681253968,-1.3297594864511284,0.2274094505357281,-0.5107635063710906,-0.631017480178529,-0.5807746102288035,2.1513672093354774,1.4773759701981712,0.160984915868758,0.5239336801709064,1.4693091539065597,1.5083489892930284,-0.6552581734233159
TCGA-YD-A89C,-1.9622137387304368,-1.3392696843708707,-0.7903931923783268,-0.14423555542743738,-0.6627019259490612,-1.5269894679917728,-1.656015746619119,-2.157804339133278,-1.8366487648375347,-1.8955253005289685,-2.164639869053153,0.9680682852001172,1.2633006718639297,-0.5605020479078484,-1.6850058543396431,-1.6723562975064843,-1.323175506764995,1.5366698325851131,-0.3559844725646232,0.42789221335031646,-2.7076574362990176,0.1628207019714236,-1.5738051846740244,-1.5631493916092944,-1.6705623150453701,-2.4784241600650754,-2.0723994655237403,-0.5669805450678672,-1.0165136719095953,1.4382217146094813,-0.060102131069238555,1.792576989610073,1.3064382951254978,0.04019512144451382,1.1448477155184358,0.3766132729370106,-1.9732906858118877,-1.7164383733869777,-0.6665445601269965,-0.9704237038277087,-1.2952229236163932,-1.59607036852406,0.7212324035463238,0.03401776281652514,-1.0040305516375574,0.8749388729308408,0.012917076225538084,-1.2832538935377844,0.5593760619615004,-1.467280957368461
TCGA-ER-A19Q,1.5163069449381412,0.8529206661191635,1.0615890839255977,0.9093546222678047,1.0108523906212188,0.251700970274786,1.0017472722044127,0.9833071438444686,0.9203420692502722,1.5208621460685068,1.4859839598155924,-0.07730707812230263,0.42766394198592,0.6118505132474896,1.1280695453882474,0.7962146189346241,1.509486377572208,0.47361141377023813,1.151745232094766,0.0619489023441601,1.3094000916033286,1.1632805406513984,1.1059003861065857,0.9082766725766134,1.3447797975432436,0.43609043707330325,0.8058052001245214,-0.18741353652285747,1.0649359923175434,0.5413228020778541,1.6045557736660048,-0.267861048751508,-0.12064040093686228,1.0549398520848141,0.7306046450558096,0.3245043009138065,0.43542167797192155,0.5208455678329803,2.0708530006582326,0.5005446276582819,0.4414818392064509,1.204172325818075,0.7902055267953674,0.4989198921939681,0.9072775403587762,-0.011775554498208912,0.35250026386310784,1.2282896779771926,0.3499333636210615,1.5174921911514088
TCGA-W3-A828,0.40712028742665535,-0.30376117152254717,0.9461758001066852,1.1873902530376554,2.396754901426529,0.8241465900796198,1.063680723496325,0.392815787480408,0.9722564738199526,1.730053137496985,-0.04632322791198815,-1.9883404417518915,-0.8375748523264619,2.9288470181196047,1.2738923806086908,1.200878295755452,-0.6416197468113802,-0.4401415769458432,0.4016915591676298,-0.2155362299767255,-1.2690232542513915,1.0305735541373549,-0.034621671582313655,0.4073910171374911,0.524343030333917,-0.8351579978797342,-0.42279533924904156,-0.22647109806046495,1.1441238181379536,0.39962271638051444,-1.077162515212818,-0.9647847212189167,-1.629493543944427,1.9971415807876105,0.9019492354420371,-1.949536503162377,0.24108361120519528,1.5738443938619955,2.033779419250627,-0.7917066919747743,0.41479385871863833,-0.11003957673115874,-1.527417244794433,2.962951089099696,1.0614151756700683,-0.6129143410608024,2.8120394846275767,0.11454608563196095,1.3662251380844477,1.3379281853114713
TCGA-GN-A26D,0.7292617868948965,-0.6678214500849449,1.3731421359597433,-0.6880731958210221,-0.6285755570770408,-0.6977776543068227,0.2713909674276836,1.0479318042134318,2.343856623628791,-0.5640979716838981,-0.5055097135726696,-0.5470368753762858,0.48282666710732647,-0.6132107923044683,0.17218447584745553,-0.4313940228702033,1.3039847506816027,0.2575848495699919,0.9345325553650392,-0.49258570619453546,1.2604451525182483,1.6924625455917945,-0.5365140690864654,-0.4973548018087589,-0.49107650295968575,-1.0008609405435183,-0.8105460048010774,-0.6752399277528557,-0.758634646518315,0.9942339980570856,1.4650691794100361,0.05776448142070408,0.24082677054177598,-0.7119734543246806,-0.7838038689567216,0.29312193523708385,-0.1193942246448578,-1.0176711814909605,2.0597694623014897,0.0871519020630858,0.9700550640201083,-0.430788927259263,1.5654175811488582,-0.6499676965103408,0.19756403578467824,0.019318600402084777,0.3979439099495824,0.004272056586106923,0.13250836596161147,-0.7025036720567336
TCGA-FS-A4F4,0.4655995218883494,0.02195935264017724,-1.3070647821026018,0.752477084606943,0.48979766606860475,0.8629913390314025,-0.08394913532682813,-0.20792360690821393,0.3878852904195966,1.0141128388992646,-0.1097857750035787,1.526803147323071,-0.025230351154490457,0.7871119974196608,-0.17434386791088913,-0.31032931476401904,0.5911311904529132,-0.37579526547082254,0.2830211066927556,-0.8563716739274404,-0.42581659055916,0.3309064012712076,0.007678815062777475,-0.10918877796076541,0.045188795882618225,0.0003402196769132411,-0.08752913197889185,0.14907615112469863,-0.15457453198361604,-0.7522275938897284,-1.101145665172472,-0.4407718115186799,1.0090610178248116,1.1475634903802294,1.6376120837659458,0.11894186429605147,0.15450137960352842,-0.5733928705881612,0.12803066471446567,-0.4765461313980672,-1.627259731551714,1.2673950780116943,-0.9348219989512941,0.20303369009011038,0.04869979648773628,-1.3245360523180674,0.07908289196247101,-0.33420068988180807,1.3472845739932355,0.49664086447621236
TCGA-FS-A4F8,-0.11973706569337196,1.502554145374579,0.622128095830722,1.6317641895387118,2.1343349068411057,1.1500094316474248,1.6878290806612992,-0.3012968045315502,-0.6395457853727575,1.0282916629466161,1.421747923559732,-0.9044271808436541,-0.1849819576323793,1.154412529038223,0.8935175548516724,0.28589664343412363,-1.032958429694388,-0.011466118812314548,-1.211016567680495,1.1223305841349303,0.8032470770252224,1.0123976362840674,1.7937083544534134,1.381611502793248,1.2719859987437983,0.6719350464662825,1.1015108361590755,-0.07132645418280263,1.6285639130817429,0.8992728836178117,-0.11667702944687215,-0.1915695885510469,-1.1630582505631004,0.891140300424615,1.2383375683099842,-1.2983176015545903,0.7509051787286968,-0.992055553455632,-1.1628149731106745,1.771937547922109,-0.2559286834062135,0.1454280012026097,-0.8539896589115484,2.0321010570144757,0.8531952391384017,-1.1225149695549126,1.5747888585792589,0.8103530664304045,2.4862635374049344,0.5994695872926602
TCGA-EE-A2GI,0.413353768704272,0.6042470186586789,-0.1162075690904781,-0.4824898122336306,-0.11457152468428135,-0.7891004396664186,0.10363922169987183,0.4701133379169452,0.12106222463279562,0.42945871454076107,0.39424919598071345,1.9724716717409112,0.9119178377841535,-0.27543006332896797,-0.21732865142821464,-0.2607613384905988,0.41625566625949584,0.8963718880542356,-0.07507634793846422,-0.9920264560664416,0.09429857986747828,-0.2678688506283151,0.01094008891050409,0.0781046525133228,0.10354035848210566,1.2189744205572701,0.9133218246593588,-0.7891846481595233,0.28247530473500865,-0.03169161791735487,0.8481235028194721,1.473541190320515,1.3254966044757879,0.31897800744276106,-0.8657981231963003,1.1276079985472085,-0.10922576808440645,1.3887561112902773,1.25454656561934,0.43509523352378365,-0.38064498039871897,0.22049046559930058,1.1238993618835762,-0.8488639246672788,-0.15064197372764074,0.2942565321284894,-0.9374492483395074,0.7194547134774998,-0.5327398922726704,-0.03644675677336429
TCGA-GF-A6C8,1.0746746733844774,0.1644557075171735,-0.34501072538258176,0.2995993368683853,-0.8536649445950087,-0.7575613392015736,-0.7694208969485002,-0.33274397048208293,0.15574138125886816,0.09114070402058466,0.1949641928870671,0.7143392117350637,0.9794155140170331,-0.3468629740982187,-0.9769755742540044,-1.0767598361150221,0.8293028134112039,0.8942833710482392,0.958541706704644,-0.7129669771541675,-0.6222900630326389,-0.24608384301679115,-0.034008799677139226,0.042101430185494226,-0.22932314208506674,1.2069445751578751,0.6360299718701583,-1.0403122749270595,-0.2422354560167811,0.16040236826412993,1.5837579932739076,1.501483531884652,0.8720923310666446,-0.0031646566873486013,-0.08460479387819668,1.542180121415829,-1.1440450319779272,0.7169018949087069,-0.40381235156414474,-0.2312587198741872,0.4854955232357089,1.2859892483087976,0.909793387414658,-1.3343906768996283,-0.8941814136492967,2.012894612877841,-0.68109587429531,0.6531554245567497,-0.6879655643947277,-0.2428692556498229
TCGA-FS-A1ZQ,1.2552412570395544,-0.50366348947139,-0.1609489985230781,0.015161020020281447,0.1192758345350712,0.9324007190717765,-0.17137899434097179,0.630143672941763,0.7431313999571955,0.38371784521151614,-0.23752348091252634,0.5172003383929132,-0.3731138729522479,-0.053422541480254264,1.321975412681545,0.8477496268540956,0.8440329350060595,-0.4785799810118026,2.3173712015387578,0.7403479997054068,1.0702321016990812,0.9127987812782576,-0.1409754853457494,-0.6100460155282951,-0.5996054479343761,-0.24065514131215035,-0.4097586801565167,0.2725978641696586,-0.2870173729267081,-0.5850529701953521,0.19959285003263125,-1.000865600398847,0.8429279921365067,0.36124507915601717,0.8931824659756028,0.4104371673427669,0.3610534664670802,0.9828340577704379,1.8324988722261997,-0.6980248935022833,-0.33839510416200036,1.5260324862059105,-0.2336558986272084,-0.13573649291637885,-0.0784715902340359,0.6048142204627299,-0.5347103868750386,0.6394019197728691,0.6576569527850875,1.4896445095394137
TCGA-ER-A19S,-0.7432919303720189,1.9709302678039884,1.1178596054041756,0.2539924322550536,-0.2704421494343065,0.7913496480277462,1.1800494578465996,0.7114629883465959,-0.5127948636763764,0.3675678762090843,1.9096894096693993,-1.6067501849211467,-1.1894118422727311,-0.7300866729586079,0.1781113480582598,-0.13797495212807845,0.18826985282177597,-0.8342459081145605,-0.28730515495957565,1.472363895794276,0.7357114185570662,0.7432637862327125,1.7666351196977792,1.7125909264188184,1.6057988563318277,1.4973260844994378,1.8975987265446428,-0.11153569603380716,1.2224826634270363,-0.21380741563961225,0.8275827532109891,-0.489171935151778,-0.6913129007257605,-1.0931481809809453,-1.0739090419395123,-0.6040016795343913,0.10110190505389223,0.5322031272470983,0.4613888528572222,1.4238771538881883,0.3671156083635631,-0.16639598560639152,-0.6174955555144827,0.3898995758327871,0.9496420942682605,0.35988847630089266,0.17303831433181363,0.5290320349782219,0.10929164520707145,-0.31852644697363625
TCGA-FS-A1YW,-0.16262181390236197,-0.6205046181407073,0.6365284455992684,-0.11831743741294491,-1.350353745351317,-1.2501445688476363,-1.2439517134161462,1.3972368625231055,-1.2431774359619314,-1.2008612014468125,-0.7683794147123314,-1.9094830426403504,-1.794951696374977,-1.2378044246507933,-0.13359172427432725,-0.7734259204305995,-0.6847374326588376,-1.5595169095340868,-2.556005422902169,-1.1640088959320603,1.4456365517887377,-1.5776551408997284,-1.2995139470731296,-1.0657753985551572,-0.9063933951610814,-0.8107355546791044,-0.8586892394448893,-1.1710384009488757,-0.530838426263929,-0.39678157994309665,-1.904250818181294,-2.0240837095354816,-1.5127327645009865,0.3665143650085736,-0.33123109596844313,-0.5371116730292125,-1.1084534048698558,-2.2045164437994624,-0.6980334236414155,-0.30557405805470556,0.8347829898566017,-1.020100283821641,-0.5860367118717776,0.018973392604287508,-0.8763658646597818,-0.8154838249787382,0.4518158435395862,-1.070116837938284,-1.2412561446844672,-1.4496979900038915
TCGA-EB-A44R,0.07076744996950018,-0.09666294531798288,-0.6737823334990323,0.1960555804807646,0.10234268778518879,-0.5441565661690841,-0.749220335474539,-0.7962468047565564,-2.1139429345161256,-0.7264951512858052,-0.7134144269100074,-0.661335871607331,-0.22887081491757186,-0.23093063071744396,-0.4627552922917368,-0.5382987255976482,-1.6580511275752101,-0.25629528892215186,-0.47977375635180664,0.8056248659014617,-0.10586585531243162,-1.2755143583948538,-0.6517508271894923,-0.8131744998619751,-0.9566563008849899,-0.31311355236784005,-0.26697263940295285,0.17764299544833248,-0.42918490939647597,0.1077920772081139,-1.0323618589430599,0.07253960236353468,0.9158502196205087,0.7729629000346672,0.730040694628695,0.9097414998034576,-0.5262828091699663,1.2842732396316183,0.24524465740758122,-0.841740289342402,-0.44071129830333433,0.04102333888186916,0.8367924167205814,-0.4683917842056793,-1.6293288548253961,-0.12778573703419033,-0.4867169411428727,-0.20143441127800027,-0.125176075939193,-0.9963508370056514
TCGA-FS-A1ZW,-1.2924826510680094,0.8705484513270229,2.3284221647501377,0.16525820998036725,-1.3858252641824107,-0.49416195045647615,0.9975773273308786,0.8501125705152395,-0.12880009576140444,0.03322484869053523,0.9728285486337346,-0.8607718931486127,1.2903123424542713,-0.5478637509582266,-0.050294547678478546,-0.4200097425968933,0.6427349397890317,1.4302721708686603,-0.5901810306332731,0.37701488106937286,1.0579549670507704,1.1249247846580201,0.865753457028437,0.7928520292677634,0.9685346761569044,0.653639591518348,1.0043581781422861,-0.764641019078526,1.1280310612674578,1.0362175126133328,1.9420661248443505,0.9249966673945936,-0.7358039711515486,-1.7334784108297039,-1.9130761614836767,-1.0019981501225206,-1.1591521265306688,-0.6081793994150054,0.26847252615072537,0.6157286321051885,1.745469314954628,-1.7252469137405355,1.6273913359022603,0.09826438765251146,0.8827058849639822,0.8254875135200682,0.7323381677737086,0.2769665862293156,-2.744068300415498,-0.7152566740849994
TCGA-EE-A2GO,-1.453837633145148,-0.9165621374469264,-0.04185381308873291,0.9816377655547857,0.2896950405772135,-0.6512787009246026,-0.09929299283712312,0.052882691129064706,1.014787728172926,-0.4484292343092469,-0.7045865493513889,-0.503207258935516,-0.6101937894147158,0.8705473393796153,0.7110194890953214,0.30716660952765346,-1.690342284224059,-0.300926240589198,0.5739788685664335,1.8558319877705816,-1.0685687758627562,0.6487997372210084,-0.18058423940425142,-0.6209401874767422,-0.23098833624075785,-1.5550963199097545,-1.3430472080443518,0.08252295746238138,0.5725675416947358,0.3112169047465227,-0.4241869053822524,-0.21184369332757408,-0.596535581810794,0.49493504641722363,0.7418105759622678,-1.476842718069861,-0.05249299994513771,-0.3319343184377365,-0.09191760509357705,-1.4316069961263314,0.5878120788167078,-1.5768018312487142,-0.5233510798529996,2.000120117389624,0.22706610626028526,-1.1980291384183182,0.9075829380200987,-1.4972562311216078,1.531343645127496,-1.3073315504614262
TCGA-D9-A1X3,-1.4779617242336924,-1.3163491395111866,0.6608186594331144,-0.9021489400335831,-0.3928321157507737,-1.5415509179295628,-1.0062785532700809,0.033601932457144205,-0.7448951307058873,-0.6436975297748109,-1.2943030021106667,-0.7792587779994896,-0.08235465889229583,-0.33696312227198827,-0.5851459585761937,-0.47558735286209025,-0.9882712952505985,0.20284022016273248,-1.2612584048679678,0.5912968760739471,0.8396387239335714,-1.3168436907179515,-1.3298162427938334,-1.5285470993197987,-1.510494040732861,-1.2703058425018807,-1.4347621427442647,-0.8452282352033996,-1.0295417041053887,0.537990226679431,-1.3811238614773667,-0.48573281930192985,-0.4345161384431984,-0.5452361525304676,0.29844776082475044,-0.9018158972070357,-1.0497761676265511,0.6546396256530583,0.16962454227272647,-0.7739044868874265,0.29456146335739203,-1.143189651180095,-0.05598354167072764,0.27776574321443837,-1.0839990023634414,-0.4973444960304924,0.601159347735413,-2.0448540873749708,0.334475860468777,-0.9544430065252604
TCGA-FS-A1ZJ,-2.1478812205348015,-0.78211187876664,-0.40187726046575256,0.27900171049364225,-0.5027240663606801,-0.8827175639061265,-1.3233152158881973,-1.8011459615177439,-0.5865189639123347,-2.0914744158312812,-1.5318760545554355,0.06942915964221885,1.9417832509568502,-0.9654417480646295,-0.676768184093267,-0.2362766063184758,-1.8343935935790903,1.8027733653990303,-0.2337778191977654,0.6197785987399391,-0.9630064818053108,-1.1410771466573146,-1.266490667008177,-0.6655686075122774,-1.0851482409481892,-1.3741753272544424,-1.168468701639119,0.2551803615923998,-1.379846130846291,1.9888444876140332,-0.13434406202865706,1.0576863455727263,1.3547818233309223,-0.3079032260440698,1.6800489823679055,-0.35332307842202687,-1.498311645265728,-0.6297151843592309,-2.1314262056116213,0.5158286265887237,-1.1348932991655636,-0.7573296013509618,0.7377670518578743,-0.14605300652378592,-1.0307341052296801,-0.764123835438084,-0.3857223003248873,0.43103382390131134,1.467660719634311,-1.3351560891607737
TCGA-W3-AA21,-0.01607973629635053,-0.6669566688056235,-1.0072541496909282,-1.868750513285204,-1.5322285633435677,-1.6487807191565869,-0.5944158310189237,-0.27786937298057357,0.811181538527512,-0.8241309328129657,-1.073476743117846,2.139340107154847,0.11422086717899095,-1.2348803815948295,-1.5134738109842079,-1.2215477203039267,0.21731729906955422,-0.24090592703019795,0.12370170397227613,-0.9631121433119271,-1.452036728908769,-0.6491479220657338,-1.16642833234792,-0.8277659243575072,-1.2026270063111228,0.14925879636187103,-0.2827379775554064,-0.7820283037216117,-0.9937661165012089,-2.0286941768640894,0.1524600936599508,0.7229197498542426,1.7066406377204029,0.33491001719482577,-1.021855063190994,1.8172522844059573,0.3591583062161993,-1.7217615081677842,0.3966528201169096,-1.0376938141467549,-0.5058840585100889,0.7927062436681067,0.15572183053246852,-2.1770051441926923,-0.34608555621737347,0.9624174010936087,-1.6282880761939156,0.2470419046865986,-1.9255542391538392,-0.6425175819277578
TCGA-ER-A19H,0.6998555403874672,0.16424176967575538,0.8457428436535199,0.42981257977459514,0.5830588184093939,-0.3307153125948737,0.4799579518997329,0.8705878780338758,-1.2793885580620228,0.1110522459857543,0.2829085749718059,-0.7818024450942411,0.7039615483886124,0.3436744218383895,-1.0614361803132624,-1.1222239354936652,0.12069868139615865,0.8489611706880319,-0.6526964640814394,-0.3161506330743957,-0.6880152675165344,-1.2633681201237157,-0.1024134234579375,0.21289225378183627,0.06109459960676569,0.3489348309967179,0.22944949322219463,-0.5422188648171533,0.34663654576566616,1.5644870187238065,-0.057499233718557044,0.040348783686242964,0.5132818692036781,0.10818594617565709,1.2443829066864167,-1.2601538678790027,-0.9126053515174366,-0.24206747432253875,-0.46745618457428867,0.2901500746945992,-0.03794073365051373,-0.24785219858296229,1.6111221834186051,-0.07269088566672924,-0.8479874548403042,-0.8329890824534583,1.4455023121231831,-1.128793815545305,0.2932818028758106,-0.3251126202433239
TCGA-EE-A2GN,-1.1706060127062625,-0.7889559160962394,0.3572196396589397,1.1094951787157092,0.7165711727496993,-0.10913050649930657,-0.7963225172106991,-0.20488832972722107,-1.1411107663318965,0.5543333371315463,-0.8598190507095326,-0.8802705710448786,-0.373971660083613,0.17589893031894985,-0.1679496001710964,-0.7466036771446675,-0.9535346229472922,-0.09555941811029399,0.3157881228786148,0.3791656676595229,-0.44696606761085794,-0.1083886153383849,-0.6989934425013664,-0.5505818731329327,-0.7229604218496418,-0.7187315176782074,-0.7993571565735591,0.3076206445650573,-0.4957036462949711,0.4446320734366212,-0.9421302265196851,-0.19255019130834092,0.25069138252688683,0.6464316336767745,0.28218689143610437,-1.411991935455113,-0.48147214676640226,0.44585996768272596,-0.11335531627607066,-1.2469109432785492,-0.4571586229671973,-0.592778057941879,0.7582672609899141,0.1793169296986605,-1.313892097900977,-0.21879008433610514,0.27444825007291956,-0.7337721348349576,0.6750180826921395,-0.5128373570881805
TCGA-FS-A4F9,0.4704254427681018,-0.8467590902877707,-0.3147488386831063,-0.5374868749396274,-1.9230474326974727,-1.8303468847879032,-1.7216226850393646,-1.484370222699132,-0.3865573184955413,-2.0282584213529335,-1.041408891015922,0.5908705047866425,0.8629433753996057,-1.152195620371131,-0.9602537063884288,-1.5343352592754242,-0.24907582509729514,0.8013499671019406,-1.239656998556067,0.9160570631040054,-0.580851382057579,-1.0611997587433972,-0.4809110155163849,-1.5741491905302665,-1.2553286527048046,-1.281403628527984,-1.3034712476686392,-0.9405923978389191,-0.9827896004770669,0.02526599256959324,-0.08702159384212424,1.4351392906938472,0.43064114164209055,-1.1123837940553507,1.2453154233072008,1.5346789630110187,-1.4475836796207868,-0.8194361667517851,0.05142096193825443,-0.15982216482192135,0.07783007663732527,-0.501408298569275,0.3328908215316236,-0.916887856620378,-0.67832945974652,0.04948853213198618,-0.08100657384947307,0.7533740275416816,2.024386997138372,-0.6393100565563242
TCGA-RP-A695,1.622776908434317,-0.3849228181200434,0.36502569797066586,-0.7459785763559548,-1.112443422935122,-0.5364716249201704,-0.14060233952370316,0.23737935468536245,0.4954514124932772,-0.8980122111531758,0.0027021262570027732,0.2934257811010716,0.07091371255124942,-1.2138737885302762,0.2296812790938935,0.2443295264890942,0.34133728423049897,-0.20375173627749987,0.7104636165531769,-0.11233009050926583,1.204449540552968,-0.290896757877775,-0.42852495788486333,-0.9023433898032287,-0.9752783729993967,-0.6687980003325451,-0.609178720582551,-0.9405457639503917,-0.7137833178383453,-0.40525320762974776,0.7895025151134512,0.3752911423555711,1.1402328797144634,0.30146132366176126,-0.9030578386136635,1.6620773364091772,0.23972512617989064,0.30677712560519993,0.40644838119541277,-0.21905637222972854,0.793945400237754,0.15700710064580395,0.6760287747127002,-1.105135106126588,-0.7260252841389851,1.8077494444358322,-0.870044151844131,1.4229076592947674,-0.4730852179741334,0.0068330689874560105
TCGA-EE-A2MP,1.3550272602444906,0.16573825475936246,-0.251441521908963,0.4519359654257978,-0.3144470698202275,-0.23531981705609653,-0.2774620296952603,1.9508725759889705,-0.6433270018848428,0.7215194843611829,0.6278618176115547,0.6308329299283463,-0.757496285865907,-0.425429895142231,0.3203714879102281,0.04586585093820855,1.9566714005574257,-0.7212232906951435,0.35326241060081903,-0.7319583901468906,0.5756874878050934,-0.4405090318297682,0.08368861291220529,0.1746989114723918,0.18349336385084827,0.5608941202115935,0.6168605580760785,-0.45865694240088367,0.23437899499657794,-0.6342803623120497,-0.04635264924449407,-0.1361305013578724,-0.19352519824181752,0.2588771420180498,0.12078222946894311,0.8828453736517758,0.09527850806985191,0.5837649459693769,1.4200700020487846,-0.22209786386849642,-0.08701892317329385,0.6198053784204521,-0.077374762229818,-0.5976738116850371,-0.3487145694244653,-0.3471987331634036,-0.5144587629483008,0.4468643936676641,-0.9192915097045731,0.8407392386076032
TCGA-EE-A29P,-0.612552024531396,1.5407774404871009,0.5816977664397806,0.3138204189838799,0.12770671181958215,0.4457086071614731,1.1332732999387407,0.24067889819780777,-0.5294132145310185,0.3152158465473274,1.4819966279679484,-0.8641862824668382,0.4041593126099161,-0.007595360876088495,-1.1053670354475857,-0.7924656088699626,0.45088172016958034,0.4672935804715557,-0.8553013255431127,-0.5096895744539469,0.605731710945491,-0.17968431738915563,0.9411936636603363,1.236670879390813,1.266241299478481,1.5366817285841898,1.5689501920750892,-0.9930822712538871,0.9192811029407244,0.4849764108871368,-0.1488034088853073,-0.5735989105951601,-0.9743239049154176,-1.2004066055563392,-0.3350798360366917,-0.2327026584986609,-0.16503961721847862,0.1878275595987808,0.06844816738836752,1.5129183649944489,0.7914721362756932,-0.7669995771443451,0.5027777490083455,0.3075781593181905,0.28711340137952,-0.6316001938946819,0.5651353241407576,-0.6084473693826853,-0.5539865056233186,-0.4944848690654243
TCGA-ER-A19L,1.0556334117026902,-0.802120653286303,0.3416734614628634,1.721002918988952,0.4892428393102436,-0.21750792046984907,-0.2464105535031399,0.9594061438603613,0.023409429120772905,0.6258503980659802,0.031409125263282586,-1.6594720383207844,-2.5097105116470484,0.7637707546986253,0.5358791213339719,0.34580471389949213,0.37567870616769783,-2.1808659554147742,-0.17245471860320158,2.166692295251739,-0.3536346331997148,0.5293945149423277,-0.3142332588561762,-0.4302357753699539,-0.5210506359735901,-0.35198525231360295,-0.5317444271637609,0.5103129963393934,0.5068335263922527,-0.6470966165935954,-1.1424400057771706,-1.2347868833478544,-1.0173560466587588,1.5516326731248444,0.70459924351166,-0.7352257109106953,0.3598271231632961,1.2517906203981841,-0.6428851741355158,-1.045604657261364,1.0085041951473201,-0.07579777510471793,-1.3655384045711276,0.884821507115103,-0.48241697365874275,0.4500829471205531,1.3178715079156404,0.9286900112758524,1.7102127604055475,-0.4777838040064589
TCGA-D9-A1JW,0.3696472434519166,0.7099599520724981,-0.8200348933027947,-1.0911849395994,-0.27591233935735004,1.2232882649616759,0.3633763288738874,0.37773789765779736,0.01126392378980044,-0.08037132651964668,0.3037898576365976,0.2520644138067367,-0.5804293008919029,-0.6648391317355166,0.15222109103215112,0.12169568703509484,0.5798849678745474,-0.6721871871816447,-0.20227369777662205,0.45662872461838944,0.710985012448415,-0.6347560756901017,0.1857280685695368,0.5317469021241312,0.49627823421751555,0.9832277689826497,0.828035213775401,0.8099216367744503,-0.13988938042218493,-0.644130910013827,-0.2780032389555399,-1.1012853963315439,0.06024732760674455,-0.14724448467057766,-1.3730520278099403,0.5115826360583677,-0.013386678520611943,0.20633962473512593,0.329239561175748,-0.042640623596803644,-0.29036086622859897,0.7194642378003915,-0.5205938941044858,-0.6008062126650708,-0.05583067162401919,0.3093427082931275,-1.0021652609490188,0.5907190758117629,-1.1614727842636534,0.7753137733428945
TCGA-WE-AAA4,0.16765499680619,1.6287448896694676,-1.9150220101525024,0.04600843631643857,0.8355707783713489,1.1944145692989425,0.9594779820824271,0.5358818344899334,0.7836499668837251,1.4631866497489183,1.3676381358110767,0.47110424690192637,-0.9269027357551544,0.37277176861939054,-0.23267589728668192,0.24140784468809984,0.5509310275531089,-0.9365583489599908,0.191536530237748,-0.8929757846164433,-0.5538654915510177,0.687973404479377,1.076371896910269,1.8487741605992558,1.746972184713587,1.2250074442670857,1.5094162178006483,0.8035702770804327,0.6636368619801649,-1.589167004895416,-0.7669618449998664,-2.15649765080203,-0.3334037901947661,0.8085845584141226,0.22282698365197917,-0.061047189011766194,0.9469209083700781,1.3486113899214072,0.20081046743798164,0.09438596233471808,-2.2077168103881037,2.092853506434717,-1.0674622063437027,-0.9409942856621181,1.2302416369189328,-1.5128737241947,-1.6104621052251107,0.8000619283136278,-0.5194761825046252,2.1629240883974927
TCGA-DA-A95Z,-0.09794166459438934,-0.6833871651368169,-0.6090821443107663,-0.7941580542580328,-0.8021072847077597,-0.61796071390776,-1.628083885944676,2.0118775575060135,-1.0887490450282202,-0.9459475896039884,-1.1067012005965366,1.5407611924348554,1.131173888782208,-1.5679939143859123,-1.240090403544202,-0.9040815529192258,0.5431217256346749,0.7042863000212624,-0.48306823119337206,-0.22000001629368926,0.40170632235406933,-1.7705541932838962,-1.240432038926988,-0.9583778248771508,-0.9802949893888179,-1.060178163403442,-0.992922309665916,-0.7615924879213551,-1.1036573160087317,-0.23012429604794496,0.3867196259550335,1.4032265843057672,0.9300733390685424,0.31089229474818775,0.30472048210450414,1.2299179922924264,-0.16463793788404468,-0.27907752317780615,0.3253351235749861,-0.3961179199427982,-0.22963320030514298,-0.5826821439721136,-0.6202904809896105,-2.1757368117646845,-1.403460819013328,1.096210375468202,-1.5063413116781796,-0.039904729351127766,0.3131577009422939,-0.0030091337931862057
TCGA-FS-A1ZE,-0.6804861493898017,-1.406931532679796,0.850198218136667,-0.05819333142960362,-0.1999555361788715,-0.3685409939040364,-0.702880747118311,0.24705085712076433,-0.8302668546975254,-0.2534398791118879,-1.4339962716801136,-0.9581806713465572,-0.4079592976515615,-0.24082194116896352,0.35213819525310974,-0.39478273474007297,-0.5831568198311701,-0.3801648989513203,-1.12188975520134,1.153211402040974,-0.14849318934145006,-0.3711326255139753,-0.9232772629131277,-1.5443769686863542,-1.4338292672532356,-1.9091247075628426,-1.6852961191807807,-0.3186323880066669,-0.6866135543616809,0.35996481565484917,-1.664020944235903,-0.16866707184812346,0.18776716663585113,-0.061150369987802954,1.3197059914597364,-0.582466741981055,-0.9230630992833969,0.32817620337189013,0.06453940144041387,0.27999673023924593,0.5892158011771087,-1.0135493101685706,0.6137880694923996,0.405357824552583,-0.9884392643598946,-0.6097845155892884,1.17012584953312,-2.3652915889882298,0.758540944098008,-1.8637141630813434
TCGA-W3-AA1R,-0.8004751275845039,-0.3590458378665715,-0.5546853762635537,-2.507857299318378,-1.8029774460307015,-0.9547509217383355,-0.7642097285282482,-0.7723018882043478,-0.1531961629816257,-1.1539975702749132,-0.8391254772905883,1.0548730826677455,1.7353399412124066,-1.5587243922100855,-1.2485694173600175,-0.8582253888157556,0.16418010554002585,1.5827100965256455,0.2238828341344581,-2.4070890961813287,0.0031797989318511615,-1.4636783566795706,-0.3638799544159663,-0.5878189198871389,-0.7915832970511356,-0.14394874614844325,-0.19741226427285177,-0.8944292730900578,-1.101688498234915,0.5913217157509388,1.214747266519656,1.6262717555861241,1.1819466626287087,-2.1942696650417175,-2.397499729480109,0.7408239684171348,-1.7484676087527609,-0.5408508727359516,0.6978920910296891,-0.28456588008158934,0.24585366143854612,0.5954409720868032,1.2946965001201691,-0.7610462722395507,-0.13541043687349977,1.193207326424218,-1.3434780978199579,0.08213192710778076,-2.2102390466103277,-1.1859398054230035
TCGA-Z2-AA3S,-1.039862340765254,-0.6902521852938585,-0.8297696345512644,-2.0864042184246636,-2.317090978599231,-2.537643505655286,-1.9429792057823423,0.08775965549237678,-3.097165434963719,-2.406350571831323,-1.276841084596803,0.8542011938544233,0.7993007427619401,-2.468806300922984,-2.5907956475154723,-2.64368151649148,-0.8045714157304525,0.6283270328076738,-2.6154776376829205,-2.595388858959399,-0.9822225821175908,-4.19464783086472,-2.30836538407748,-1.239330937155572,-1.2005490298887227,-0.586264426093896,-0.7772960672653044,-1.7588631482462562,-1.8127387790824852,0.5700336862464205,-1.8275968061282024,0.6106792569846754,0.33020519645995977,-2.841395611390101,-1.3456870430585794,0.1416558569402422,-1.7765673126266057,0.9740813579148023,-0.12931256116894244,-0.36451326254872785,0.85532358402271,-2.873708445407325,0.6192316975204281,-1.8238118009379642,-2.4865134009519325,-0.3546262279788333,-1.5186546045198022,-3.203135920270608,-0.6086740630231905,-1.6022222749458523
TCGA-FW-A3TU,0.42821957592562243,-0.32052823882745285,-2.0864495104328187,-1.8936984335274827,-0.7592186265902099,0.6972239710019422,-1.1731905086270216,0.08108770594612531,0.5146841080477219,-0.500944878328726,-0.49749133713840654,1.4859299629063476,-0.7406342968491114,-1.5548431590394842,1.7236478257170855,1.8535916495226048,0.2670414772829751,-1.3404665593429048,0.9752954367686562,-0.572353548445317,-0.2567171673204638,-0.16808936857685147,-0.4794069415633851,-0.35551912310809825,-0.6816399177688374,-0.16438801798650304,-0.4217470527736714,1.1721885082402042,-0.8052215159691747,-2.442052811846903,-1.1654338067831296,-1.486080358161633,0.9227273824564828,0.5213358742129784,-0.9278731718376796,0.7954900783963538,0.7509233347663298,-1.3163126290028615,-0.6202614241164197,-2.319827647204333,-3.464992324633185,1.7192577235983688,-0.7788579549471111,-2.390763117158558,-0.5432395547213754,-1.6742767055421934,-2.9265501125424596,1.8776216221995043,-0.31911312158938393,1.391748044632652
TCGA-EE-A3J3,0.47334176301432035,0.03851677140753687,1.316034788220862,1.273056096433615,0.37665302713338883,-0.6213098472448221,0.17935889432370833,0.2657943474216815,0.19249032852568598,1.1809306249764353,0.3492977186142159,0.2130523200980304,0.79359279828718,0.8224254975442655,0.782702472522824,0.3121023462222447,0.030069979011239954,0.9632975343829786,0.6078382393650823,-0.4049775878701906,-0.0060176701222359645,0.5951060901112137,0.20507120250076027,0.029720717743288376,0.3669830088239265,1.37210115017672,0.7731208573647348,0.04649541595043349,0.5460052516231262,0.7370926597896384,0.418137735819718,0.844519960908851,0.22163219581715488,0.7703995897875472,1.0151807514463025,0.5232185574330994,0.21563401412590122,-0.2802049105192054,0.8507835716275226,-0.4713469322041904,0.5416178394335299,-0.18308636322650376,0.027505890466472643,0.5793919534223086,0.09539140267734263,0.6152418114020846,1.0384176744879166,0.3129048985506466,-0.5416182499993109,-0.19176470215436234
TCGA-YD-A9TA,-1.8527855374469453,0.2503649597450731,1.5427403638203472,0.5729104056559283,0.3218460647573155,-1.3650492054651662,-0.17615835704610072,-2.175440596949613,0.6940884136632484,0.2481412335003314,0.19634145078096468,-0.09850687144660476,1.3945648373835675,1.4561533394706563,-0.841350180606443,-0.09933394252059369,-2.352457030965365,2.0182860986999773,0.06201486226782845,-1.0943213678171764,-1.91659090749452,0.08314875274256144,0.14723517298972225,0.4072053438045405,0.5395112860324613,-0.6785764429081887,-0.16558721139054217,-0.659642365065974,0.885369889573361,1.922588421175402,0.8443421618799261,1.3595784528786534,-0.39783420802593505,-0.8248395761319229,-0.4228211697593581,-1.5534855885061596,-1.1444746516758129,1.8812009615533356,-1.2605385386086922,0.9588247370946674,0.3910158711626548,-1.236445531815447,0.9939290840032327,2.2241505635252907,-0.09379394331711173,0.1679801628545464,1.5678647238009877,0.5637417513585624,0.5404753485951472,-0.35520437039645697
TCGA-WE-A8ZX,0.37074149578578336,0.4956274260791661,0.1430805384042174,-0.07266241443744186,-0.5511562258935777,0.13213566718351244,-0.03160619881113556,-0.1929560692566381,-0.13548177944696368,-0.17280223391614302,0.2547450489246529,0.8501154401719533,1.5477735782964335,-0.5074925363470305,-0.6975169907150164,-0.3645784088467792,0.2748073845983345,1.7565792183185462,0.63455284346301,-0.6556102364644042,-1.907580684667967,-0.09969189500976658,0.1383780370566286,0.16383166350624245,-0.07223622124530822,0.08978067360269677,0.15245816972483336,-0.6971695373753305,-0.08072847382951606,0.6270242032466965,1.316920142499148,2.087801517307861,1.867984557043556,-0.550496744211187,-1.600166905560942,1.0091695457110716,-1.1700894816314067,-0.11316081630638342,0.6950798653352019,0.09746501697582696,-0.41662120222471766,0.30835885541509195,0.8375447576430831,-1.0001715393529236,-0.45600309361903385,0.2740635077845986,-1.3515589474559764,0.5313997479818775,-1.3922683898445398,0.23809541537482948
TCGA-EE-A2M8,-0.21695591487488575,2.022788131873249,0.6865120377286427,0.48067580666878157,0.7437886940074462,1.3052504522738306,1.5317321099701602,1.0776672459389232,-0.8866950331189735,1.3487191753651953,1.7302639402189286,-2.0781907409367784,-1.2937333143411263,0.49440993669034705,0.0985772241571267,-0.20675218292387498,0.2653236320811881,-0.9795360760660954,-1.6029237263942437,-0.8844151205903009,1.1410743010405882,-0.49754415771058086,1.8710571337101423,1.8184109432887663,1.8190535784975044,1.546857764584279,1.8390498059070557,-0.49395879256898145,1.673480614886804,0.16440685669580146,-0.8544098061869936,-1.5879775013539068,-1.8680422820842753,-0.04429412822933513,0.8921545982425572,-1.2210059240346198,-0.07438259293560301,0.5093572574462912,-0.16615955337036575,1.530065401840317,0.568433862166939,0.2521903457347396,-1.3610441629935022,0.5662474823097282,0.6815881436011018,-1.4893942185480835,0.5275870849582289,-0.4201173612353663,-0.07062797551190543,0.7110978382060837
TCGA-WE-A8K1,-0.1475338947427084,0.7536648167573488,-0.3904122849455702,-1.1198407449094143,-0.48703580651304385,0.6123844327633666,0.4390278545163321,0.08746041314000037,-0.712943175099317,-0.0614656904667424,0.4285509063942129,0.7370514406259652,1.1944594404576134,-0.5416865217391238,-0.38606480718945196,-0.04292332646693093,0.38510667735290677,1.0581805560533968,-1.5110611663138815,0.3658649514571886,0.5732431350772842,-1.4253100258835218,0.3146059365554019,0.35694050111047587,0.22073802310225585,1.140150848584921,1.0215514108850932,-0.5592037476969414,-0.021877170857556805,0.803268557523817,0.5609807105342426,0.9800175151633584,0.5322112377890947,-0.9284410603859311,-0.9266656370800187,0.11199964444647113,0.44225129898069304,-1.6865017145711922,-0.32501450962075495,1.4864547366135241,0.050446649093042244,0.5493720732001766,0.30565891749166624,-0.10680145697193974,0.05493910935666513,-1.0615072918208368,-0.8309446641909447,-0.25586929703950156,-0.48615326234591144,0.4805076586480525
TCGA-ER-A198,0.44772833500880554,0.20959070586302092,0.7591873479282896,-0.8183055359765782,-1.0284586283186654,-0.13064065523382973,0.7590216387285291,1.0512794178071123,2.1669999537653313,-1.1736009818341815,0.3389230588953182,0.5931483314472334,1.682607945485014,-1.121337107321848,-0.13185977477738747,-0.11942119661931136,1.1934023259576496,1.6792464875186361,-0.16111272559973716,-0.026993177463413055,1.0839213183440317,-0.6552616238324456,0.19362051513171066,-0.006660729590865811,0.2088229180568893,0.7811797720540373,0.5240887738972252,-0.6144814462700309,-0.1907814457117266,1.3342029181522836,2.0863099742760567,0.9481221856271612,0.30233097948351156,-1.2912778725923162,-0.4986421338564168,0.4980950350225364,0.6958919686031262,-1.8172784218825113,0.49223485852997656,1.7492686560018287,0.3328355363074341,0.33123609499468304,0.5505053929878425,-0.7573556244405771,-0.09491083231212359,0.08325772712079174,-0.1617699578965463,0.01682663743342422,1.2317356563093,0.4328410049773637
TCGA-EE-A2GU,-1.0977386327012584,0.6333729603116817,0.12644944081194315,-2.5260274567120775,-1.107645950981475,0.38432995643662865,-0.9684227144077063,0.35905715504796465,-1.400679584130904,-1.7515373374638945,0.032494421037765356,-1.3476315676994908,0.32510314533184814,-2.280502779329129,-0.5708744273322788,-0.5042358818108393,-0.44274945722389436,0.632317053163937,-0.9303426174047368,0.03568520901149781,0.3222413530274551,-1.7903466493824942,-0.15666965633368418,0.3534955207771781,-0.08326477840307907,0.7163585430365439,0.6693741719182844,0.19033015110743978,-0.45155195611839116,1.2145972398762028,0.5536518043671959,0.07206786384494569,0.05809523575089111,-1.9839661935613493,-1.0912860882716782,-0.5238293889894304,-1.94087070714752,2.3687666847062507,1.3058487397382272,0.43264706738112335,1.0242402756320352,0.2448325296810473,1.2863855738697538,-0.7975383812529422,-0.5153628286181939,0.6391369387691542,-0.9454480716335725,-0.3005570066700046,-2.076289529484054,-1.1545023546859237
TCGA-DA-A1IC,-0.05544927248682948,-0.37704939075443594,0.6072290056981159,0.17280175329707345,0.319455181455522,0.05990007002089167,-0.7521932892605265,0.8752649873238983,-0.4630567902930587,-0.03836667830687074,-0.05590145175022553,-1.128673370549538,-0.4927297159319563,-0.07295318901368872,0.41002581670219407,0.11386742686418488,0.654413363911986,-0.7282457993571565,-0.7743860641218889,-0.6833173728677588,0.8773683973022901,-1.1571985720978022,-0.24299546623002888,-0.5058256867235342,-0.4504179292761316,-0.34930714361175147,-0.3823803841625651,0.4639402087446965,-0.1232253003410385,-0.2282322595032045,-1.0584902633363253,-0.5694863988418599,-0.3699802627911724,0.011160514707693484,0.3579669344021179,-0.058937153256309924,-0.3648803450278916,0.012854612649008968,1.2040125404321624,-0.54083251389741,0.791243324609733,-0.6288779920613146,0.1668990510764268,0.2909582409565338,-0.5976163072843326,-0.35012200430441626,0.48105901248301686,-0.48760423448115797,-0.04664700705830984,0.415521799343532
TCGA-D3-A3MU,0.029072741102853166,-0.08594435154630939,-0.08370005840650659,0.5758258373155799,0.9658306589006069,0.404973546409803,0.3896328857625312,1.8275186781894603,0.3146398015227256,1.0926186886246907,-0.012321383070775368,0.15912419348371917,-1.1154232031876046,1.1282129433707864,0.5313241884748544,-0.05038314188540254,0.0019108695905831797,-1.0235226795129702,0.4229477924716486,0.978178952342292,0.7845005932328232,0.6510887590741662,0.00513205217308715,-0.00947728535789685,0.012605975950311828,0.009053091390699286,-0.012959155857328233,-0.044389688360239786,0.4647626717294372,-0.6987221747215377,-0.44469856707304145,-1.2533096855950396,-0.17193156654419023,2.1785396122611873,0.9370097444215831,-0.02143775087321159,0.7717267089813241,0.3685074979540592,0.8378166947539103,-0.4872338712968914,-0.10470301881329123,0.14389378916393722,-0.27051006677314543,0.23583244928030359,0.310225057448253,0.7139746953264913,0.984317778566077,0.5083659710351297,1.0171410975927548,0.5312800146087654
TCGA-FS-A1Z0,-1.1218043128266313,0.6114004139918883,1.1071838534349026,0.5377939425289615,-0.006526365665865757,-1.0393977185884922,0.010174841446620094,-0.37983444474467976,-0.6192929196067852,-0.5104894631179292,0.3291808047195447,-0.1526227856866257,1.5949768781420466,-0.5107982641269193,-0.9655413454544325,-0.8160830274373071,0.22227215128948485,1.5716065696390595,-1.3061446103385133,0.3625454580756525,-0.22763161890149125,-0.9128413451002405,0.057598096898136504,0.39080533075644536,0.3200910804469168,0.6992293976375361,0.5596808808573445,-0.8057927177851347,0.25370471128683,1.7747185542848143,0.9496706457276544,1.6089992136092925,0.47946547184035876,-0.48060700146449686,0.653512088442911,-0.6502678928105772,-0.9527465401124493,0.15341630930733618,-0.09770918723749539,0.4318276874674218,0.38121323474659524,-1.485997123100814,0.752410700768218,0.058372230411784486,-0.6199551592265977,-0.26958949104551155,0.12283192947659557,0.720979362278904,-0.05960925507026274,-1.2278787658252341
TCGA-FS-A1YX,0.9642342185968813,-0.4393474249992119,0.35769796662317904,0.7094044138926643,0.44098343082056574,-0.24046437558357023,0.8586599557541137,0.9820488044626848,0.9159811193039811,0.8785157080159143,0.04542026563238788,-1.2387226882726203,-0.1767247523709327,0.7087782689126685,-0.02245110241089624,-0.058038902108411575,0.8962827032230397,-0.011600735218949316,0.4810029878726992,0.44868265423625886,0.4694233479276983,-0.15029376273337355,-0.18845980105137794,0.4189970290451647,0.22429460973406842,-0.03785955073159673,-0.1903953844461844,-0.2618722649463793,0.5763652479037629,0.4297020034268592,-0.11139510441603309,-0.5477357198042766,-0.8601932769255506,0.19604899658662464,1.7115587288653396,-0.14878252159018007,-0.4372454422842834,-0.7788801213625439,0.7384865124908198,-0.48070322880134014,0.6758009550167912,0.2386078188075663,-0.32237046361749155,0.3795099739235468,0.47638241957798527,-1.0362521120584525,1.3728244601122608,-0.3327135412084604,1.1648626073798336,0.21286355240293714
TCGA-GN-A4U8,0.8028584395894678,1.0493590869773477,-0.4462236281491139,-0.8883207133551524,-1.080124511622764,-0.1656772580082066,0.6436471132045231,-0.1488992981652577,-0.8549899316339987,0.019586080872116895,0.5714864141291257,1.6352047571870725,1.002019225978381,-0.8762621192042611,-0.8017421158197285,-0.23519349356119776,1.2723539944960915,0.9089210866886238,-0.17915415493653208,-1.0850751440099602,-0.2270888167291753,-0.7430819891484631,0.392719605630803,0.4838906215338542,0.511322376549584,0.9591511219997252,1.014752341075095,-0.5497991158017335,0.16696675608327333,-0.09303342427746983,1.340242931222439,1.703766899669637,0.504197847989439,-0.8462997820294476,-1.9566749381008768,1.1911378849486343,-0.3488303461956027,0.6151496971418134,1.3489500263909129,0.47866811668686415,0.15627666099750923,1.1072425517552413,0.7714670308249137,-1.5416770987574606,-0.38488796975348094,0.41367233805323994,-1.3636728060902137,0.3963109559352474,-0.8453336885099435,0.08469165219922405
TCGA-D3-A8GS,0.27096997483449176,0.9092728354343859,0.5543166927838891,-1.700605253027054,-1.2111957080982443,-0.9431984438501559,0.48314669965480006,-0.7016606523910719,1.3358717368378052,-1.4141477375993645,0.7199784002305079,0.7986642768071195,0.21118787532743852,-1.6205649324584546,-1.2785805441190403,-0.9758048132124681,0.5894227341908479,0.0787796675281031,0.015719589139045732,-2.422336323494103,0.37327122733041973,0.7246678406765695,0.5685970339074808,0.4887689635979986,0.29854069105349573,0.8347639132000134,0.8112506455803856,-0.39635778955993317,-0.021985165824527753,-0.9493515294436828,1.1421000207493868,0.4311212503962859,-0.6008744765458395,-1.5880084394854581,0.4151733467569895,1.1871196798050985,0.4611811296518634,-1.0641411934082108,-0.13939539109525081,0.8838201939427494,-0.42036995609037414,0.12620950938534573,-0.8401414921378172,-1.472384333655867,0.5679045885502898,-0.15326745609557385,-1.3635515641724407,0.1897724002738482,0.3437273797691596,-1.007674209637401
TCGA-FS-A1ZD,-2.3923644582472274,-1.0454859921803823,-0.6358085168819118,1.0771577136536066,1.1304553167714748,-0.2577947319650254,-0.8950100477250467,-1.1675154080219265,-1.260398668031582,-0.738877281148661,-1.3116512023751006,-1.5570492064246284,1.0194766313637158,1.3018512119013128,-0.6457090897899466,-1.0477777749618702,-3.0614263049845327,1.229005063076627,-0.15231374493654884,2.1450732192913664,-1.661412608466043,0.05899442091171124,-0.9023215545859675,-0.8734373110203384,-0.8240579673574424,-1.9142630317689653,-1.6704514378125397,-0.18773512054019267,0.15812408989958213,2.0858180721694928,-1.4770689335454548,-0.48477464334735365,-2.072179182358937,1.1068629942845873,1.870778030439173,-2.7228291933606514,-1.2098695552105536,1.8562397177434196,-1.7410830561420594,-1.4200708134995734,-0.34142233574740927,-2.6883431504405655,0.9487799988684746,1.8572281870115217,-1.1265873219454432,-1.026906918603828,1.6108295983616179,-2.808086964464539,0.16309807181185693,-2.4360895350818526
TCGA-WE-A8ZT,1.1121550821789277,-1.09071294636054,1.3956186985081684,-0.4060040817441422,-0.8885578856686466,-1.0654031945783207,-1.4293628811103605,2.5574901320469166,0.27727861463358244,-1.077471459882884,-1.3034169732113403,0.31033911904881806,-0.46628343788707166,-1.2237634068973093,-0.7405070643715204,-0.9440868900365497,1.3872403840053649,-0.6922306839031712,-0.48890898032679037,-1.0774709663425308,-0.17431347484059026,-1.1044712567750243,-1.4806182041678748,-1.4063008263330339,-1.26787608872873,-0.772931804253395,-0.9617189284076681,-0.8162842686341504,-0.9736614372697273,0.21637155567451608,-1.0624739839237245,-1.0901146574941438,-3.0252145706547005,-0.49751043470082496,-1.959801707136985,1.0448766491186874,-0.6835570309027044,-1.3864955635944503,1.6347433129680367,0.13753614409273313,0.9301479434859542,-0.8148685981464855,0.10085765166945022,-2.14052747189386,-2.0060400697484457,-1.6201815988901582,0.19665073293069288,-2.318427236260767,-1.1635908135511939,-0.8419991542294626
TCGA-RP-A693,0.7026264926680038,0.48326280857474563,0.48249174043288107,0.6135230310930312,0.36762657747690247,-0.6605645415994646,0.61417038668483,-0.4724322914184334,0.16947430549088718,0.3640869914150154,0.4140879377073646,-0.010353574241785119,-0.09949208378368352,0.09230280859483632,-0.7483053393282192,-0.43285072911966077,0.45514417270794577,-0.14807332931529704,-0.38189936765301574,0.446914845299195,2.0321580471216585,0.35347630422364945,0.49605856508193147,0.6755162269857815,0.4416123825634629,0.8342078076099388,0.7457737445027621,-0.7198012325605101,0.291800062195892,0.14784942624601705,0.5269154631309911,-0.13567953937649602,-0.5727196858844478,0.4587156369616068,0.5691623778220176,0.7335991968144642,0.6418188688762436,1.0497148038570319,-0.004994821804643408,-0.0983650626184819,0.3078492146796892,0.14487557251394326,-0.5315003560618194,0.0816602273530053,0.4657972920753537,1.0777173259146282,-0.410990656385652,1.1052387316176167,-0.4261218852773412,0.37161834272329775
TCGA-FR-A8YE,-0.8152952896898327,1.6358759201180542,0.9065344472812908,1.3793034399433735,1.0937373161457018,0.4751522398533392,1.5986871630948156,1.4444718549231932,0.03723468004900937,1.0402848969152516,1.3023943285415793,-1.7239098285107477,-1.695559409710461,1.0816641028740082,0.5741201535857248,-0.21250291891037168,-1.6788108100629957,-1.557505927046079,-1.698684476666726,2.040192998037182,-0.4420000388304524,0.9355544567787832,2.069719714702662,1.822205704911032,1.786140763310116,0.3650640528526922,0.7784316827995972,0.09094189058677186,1.740945658150395,0.11129250286508632,-0.8568823652564524,-1.6970805037465464,-2.4560574132430313,0.43364625211640995,0.7226819931203471,-2.234921845501933,0.6920478084635705,-0.5223859940391377,-0.7559311400124751,1.073160844046908,-0.01746962386128045,-0.5218911538988761,-1.7207287503225823,1.3762314736325658,1.5486400194644445,-2.0193426658432463,1.3902104213760949,-0.4105313739981655,1.1273376346498039,0.03554890564024944
TCGA-D9-A3Z1,2.5033673923947934,0.9864879509417391,0.6026564269085045,-0.5131502993189342,-0.8732130850357145,-0.7622081838724436,0.8791586222479709,1.4580752954522314,0.3162810420877554,-0.3482404623314957,1.0101295261637275,-0.266041791628884,0.1530184410300927,-0.6431823895103028,-0.278887167842156,-0.2276682875348735,2.0720911395458015,0.21082664670928142,0.054076005657346625,-1.8094124111173777,1.9821415715932509,-0.27561029117710656,0.9652743011908859,0.6646915076391671,0.6810784908389663,0.4993856691615927,0.8193934228144236,-1.1873023922961572,0.18445745277473297,0.6762727041119503,1.6487184238083796,0.34201960754265665,-0.6048164653728964,-0.9887362992468838,-1.2312965559966915,2.648750637026423,0.5032888534856463,0.48807291198292946,1.5690828285166858,1.861342621284682,1.3393105332335495,1.4170765261842775,0.7104503120394695,-0.30300442295438457,0.9007818388641532,-0.5073999828117677,-0.3908918834367446,1.3328150552958749,-1.616464645581037,0.3943623255983661
TCGA-GN-A26A,-0.2745174105874912,0.6903019836617642,1.036410986394611,1.4072222786617417,0.8092321301940807,-0.39326800166454356,1.6633420148596998,-0.4516532958878961,0.39272400200958163,1.445416514817012,1.3929374910264976,-0.33183576423107525,-0.6583497709678457,1.706754636619318,0.862456079404751,0.6446168722376511,-1.126667875379747,-0.5594416612642438,1.5345115898780124,-0.10217406168822066,-0.2453647080123091,1.5745272593789055,1.214992313335871,1.4844073059300946,1.8667162126969412,0.26823886799883717,0.5654080305307538,-0.6302131509042389,2.158710108271268,-0.44735864889889426,0.3467037739651213,-0.18048356336123653,-0.0013324973978861992,0.3546225949892169,1.0103294147203885,-1.5657729264845912,1.1823796527263866,0.995174453567453,-0.05666651262463652,0.030067949393091774,1.1198757363824938,-0.18341647339591466,-1.7298236711121446,1.9309004582782723,2.5378208990344118,0.28674546100781956,0.3714621403511146,0.9756268163073109,-0.450526900573128,-0.07744948690582822
TCGA-ER-A197,0.4321292007267961,1.1221805965882181,-0.22186889845109586,0.545633822712698,0.8279980265310667,1.0452995984773767,0.8259251946006332,-0.05608174904110021,0.05340839466753348,0.57484428682254,0.8399574362933034,-1.0095527127243222,-0.15502397470244172,0.7445403194456064,1.0040774344244932,0.8703932447504181,0.14808942881598963,0.015169447834651302,0.5332166445585933,-0.02138518366353909,0.21682386131049808,1.7550711029750394,1.4465327412385007,1.4331159193012641,1.3826654345530818,0.42473588395271034,0.9186949757444459,1.5364261542518003,0.6774384041937008,-0.007772151142468057,0.618544652864388,0.3336062798998091,0.42524399011563024,1.2174872650869297,-0.7824028937888422,0.4710809552795757,0.3834592800422805,0.803026857256563,0.8063719790292255,0.9580423585026437,-0.06665614191443012,-0.45220595427016963,0.34555133525553583,0.5675844512139652,1.525648679466722,1.0524523904083105,-0.39170563340096426,2.465400667835103,0.3932357207550079,1.1724546533938973
TCGA-ER-A19J,0.24091116789051076,-0.5540176658867114,0.5740125526119692,1.029331909016606,0.7908173705894512,0.1769326280050532,-0.2040674287795883,0.5170438194515293,-1.085169423000103,0.47474741703597834,-0.41460815436639054,-0.7148163092039538,-0.4998436165523386,0.7227643920399583,0.6427376075462723,4.885634352473494e-05,0.5953544644972063,-0.4416029251829243,0.3118850240794007,0.9286307710681705,0.2827260605559698,0.3993018672631627,-0.6745593981770626,-0.17181116067779978,-0.06966034425326346,-0.7595397326756307,-0.6510549325418598,0.54393962994533,0.233197185668771,0.4064803568569278,-0.5731538161268614,-0.7226086053266184,-0.5231493472838944,0.2971798926062628,0.9682293162511293,-0.7735125327890875,0.3364798348918646,-1.0858917038379556,-0.7089201140280821,0.09480471024491752,0.00941691785152939,-0.9949363045498263,0.17023231061998967,0.5794608003968684,0.06711979930058853,-0.9014864361821683,0.9005430988544768,-0.3114822178997521,0.26950480960065404,0.037712144359340956
TCGA-EE-A2GE,0.31824624376594735,1.4806591453005122,1.1942775201884606,2.53735940190923,1.62359522772895,0.7905780075671608,1.636130480866816,0.6644686261474348,0.08655482262994516,2.058580342543529,1.8709911351745578,-1.1834385087566184,-1.0172147576298842,1.9347660172309673,0.05994988446971743,0.2801550964175409,-0.0006329305946449541,-0.8753020204076238,0.4645166993335378,-0.612755143640057,0.22508763052823982,1.1954956354358803,1.7123624387354932,1.9461868986275328,1.7454039069401226,0.8907868418483346,1.3168958029028073,-0.2844826917374015,2.083067235977491,-0.18773425900969545,0.3709149784099427,-0.5506197139050562,-0.9180342659783612,1.0442207322214148,1.4867208337406643,-0.8730949980292728,0.7520395297269676,-0.33267648723944765,0.1341614270431482,0.5243186935364524,0.37850241956056113,0.7258276242016314,-1.295388953540251,0.8907985054369035,1.5013751281362844,0.34038581474110646,1.5758812914809135,0.5733917105121858,0.5807761461050427,1.2674352361304841
TCGA-YG-AA3O,-0.1384270264184469,-0.4741145123567963,-0.12820343195950223,-0.3190904284815379,-1.0536042168580033,0.4990585066477296,-0.6546375571548965,-0.22865076546823193,-0.9438859916593598,-0.9508770035612657,-0.36882324945214073,-0.012954987423428953,0.44078888196091454,-0.305923252074621,-0.6261693175679598,-0.9096998227365294,-0.3652346404016428,0.27077017232589773,0.10436344515059753,1.0274099103574408,-0.32085030038014806,-1.4653529668643412,-0.32720774969524513,-0.8597155625266354,-0.8951822749780833,-1.185810654916017,-0.8623250462886363,-0.7495292100536141,-0.7231379287343197,0.2057427248479783,-0.28187582062558086,0.5833458735662833,0.8721457573078626,-0.8901186431835063,-0.32579692933438015,0.7737158068014557,-0.5517982243977745,1.261302737248429,-0.9471212237913632,-0.6604423310843642,1.1098718688123679,-0.5880756540143282,-0.0738610297417692,0.009719385993038319,-0.6435103665931178,1.2176774476721837,-0.5530309916695711,-0.5496843111699031,0.35344829452339643,-0.5945026157960831
TCGA-WE-A8ZQ,-0.1325403053881806,-1.6103697508605084,0.47965446736040207,1.310963795038123,0.3227869328036646,-0.6159855752566891,-0.5632771321468614,-0.12853419320935067,-1.0161705004433865,-0.28332588797586217,-1.0823334812165777,-0.36982530470688874,-0.024848661909572554,0.2326685809085174,-0.1820978105892921,-0.4213314595968156,-0.5585960845893215,-0.2693379100174663,0.769873409689563,0.7031396423674685,-0.8324143062616183,0.6828583249218817,-1.4016705363247222,-0.7873230351338462,-1.172509549435143,-1.4677063431143509,-1.436610814832675,-0.26810503343166026,-0.2612233234889715,0.03534530364186654,-1.0909865224874444,-0.12033553877470846,-1.1414103694861373,0.9554257769115455,1.2175966493877484,0.1048666326147948,-1.5520445306531323,0.6576360433912082,-1.3695821882229258,-2.1505088654063758,-0.02838861399935704,-1.6222557360679253,0.5485384778032814,-0.06264075561041184,-0.7535321215320373,-0.8471139625211795,0.5462792113527093,-0.8438771727762058,0.536681533611692,-0.5065145436084909
TCGA-D3-A8GJ,-0.1568284585850812,1.5914761897655265,-0.34114656516688685,-0.13554924083409955,-0.07937017676083001,0.7535717304352902,0.9849812979912381,0.11645374746207623,-0.25267435175704633,0.8418569473749389,1.2095197977117957,0.3076962724303238,-0.18164802556304563,-0.19898463877928446,-0.8061044030008304,-0.13031365760502212,0.5233599770098811,-0.07348634679917716,0.10018185679666647,-0.7681348701683272,0.25211995100957063,0.9104738198981804,0.8164818666054947,1.1232275565444454,1.1351130242212648,1.685912702341394,1.752383352820806,-0.0073817927251881845,0.6764316958633463,-0.21384901442650026,0.5069087393072901,0.19268169028925372,-0.48914026227543983,-0.025594669088783883,-1.3214591608181818,0.4653287439869564,0.04697526928846358,0.4258130708825996,0.5505088191682769,1.1091323088922427,-0.4027990117479556,0.5510151352565497,-0.1939637459693225,-0.3660650469386443,0.7928850406982785,0.15483096704504554,-0.7240893480809119,0.8659799526898289,-0.5465809532030326,0.8241746366603854
TCGA-ER-A19M,0.2685136817289374,0.8288966913905076,1.0033834244618658,0.6491532034065786,0.15199290633767784,0.34496655310356256,0.37815967239890547,-0.1794992053760927,-0.15650164219702914,1.2354303849249062,1.165413499720792,1.1392616100707702,1.6656079477360959,1.0918787004002508,0.16573293251380022,0.5851900650334279,0.28089337136990095,1.6114886883653061,0.8923068934699391,-0.2151420501221204,-0.14338939988286364,0.2708783987865543,0.5054207528281348,0.8129927466119853,0.7725196007164994,0.8097519586663152,1.0603496517743116,-1.1984464009772777,0.6676867080102675,0.9223203586944538,2.2050057157543566,1.727801756425077,0.6796876875472827,-0.5988186024033254,-0.21157665780002227,0.5407054437952464,-0.8226805408287364,-0.7058420937513042,0.37337756003951433,0.4323933928266128,0.3866298366729,-0.1978113517379869,1.2906096036829595,0.07210715587162829,-0.07598236678281457,1.0521235363659847,0.4895848266396038,0.10820236729747584,-0.9227437176353533,-0.12168714851751601
TCGA-D3-A2JN,1.301482195279851,0.8336322987328348,-0.07775125538059416,2.043390201706619,0.38454777217297487,-0.15425098056473258,0.5339312775118848,-0.23939123777756274,1.686969048508768,0.1102146703585195,0.37998116815210775,0.46575631022784564,-0.05641362762238199,1.6703272692944346,-0.26350087308218184,0.748066177741805,-0.6140344018347503,-0.04759263786392395,1.8144965956098211,0.19302886468215563,-2.615399709612765,1.4830322557399715,1.1182890746509382,1.1347580410209115,0.6291182001921292,-0.05390140354055669,0.3916042736379064,-0.638380292002569,1.482691152101908,-0.9435271161631545,1.728004195206622,0.6031215784036275,0.33602546771771513,1.1269486350097826,-0.4465893890302163,0.7907227621339119,0.4306548888308473,2.0523789176032574,-1.0032247619509167,-0.33447675188454723,-0.6131862934652796,0.30548477221040476,0.48275888325641214,0.7884852108179732,1.0686097319322434,2.9220479093375666,0.3150795184912488,0.49743166844103753,0.8174087099083164,0.6934715384786451
TCGA-EE-A2MJ,1.3131065471673997,1.411623969398711,0.7565909564286026,-0.31113871046493774,-0.3402855980130083,0.32581451123334665,0.996308120696464,0.3172932455579033,0.3345820116087398,0.29730485018828023,1.2887373029735296,-0.45876843621340374,0.7853000301411454,-0.2819793217536745,-0.42925376998910647,-0.0666414073272099,0.4056615050757852,1.047992686879497,-1.5094543425438116,0.09837358263141409,-0.605093964732924,-0.0403344941832674,1.399111445141917,1.2478922132241772,0.9646730291741613,1.295422101897895,1.4576856522007053,0.424463064838218,0.5870413715091145,1.0145054578416577,0.7384818597731172,0.17546317440156092,-0.04523903664568678,0.08836065401488785,-0.7654080507128174,-0.09521086451827948,0.11839294216570542,0.5272175142800883,-0.24783167421865634,1.6128397344314283,-0.047251999245265616,0.402439306185538,0.8408393313132498,0.2213395789968803,0.563608558488164,-0.2106605334038632,0.0792894713680213,0.07381118172426561,-0.28039333508321634,0.36642479982023957
TCGA-D3-A5GL,-0.1170588483165427,-0.9824081085711235,-0.2012273631146515,-0.8217901068781839,-0.5231421770036028,0.0012740410495681296,-0.7087158779724075,-0.2821805316205196,0.7746892725905512,-0.5758660411853165,-0.818778571054824,0.822803249328019,1.0184977284313133,-0.3223330234585076,-0.4288782711204916,-0.1318197249139604,1.3147854205730685,0.8161821039202733,1.5976770904924733,-0.681261640185473,-0.4232399085194814,-0.6488093450845654,-0.7093243816395949,-0.9768220594611687,-0.8810187783302861,-1.1358585815686182,-1.12670426298268,-1.215411693001993,-1.11468881682147,0.39916645637565606,0.5274683943508253,0.4458126541180562,0.308156931327771,-0.9695992994235789,-1.161015679879911,1.1322280724485556,-0.03956054335088112,-1.1096536484486146,0.035768530402628236,-0.05431940476958742,-0.1533904547386043,-0.17017337704180274,0.00329548487729156,-0.7582257174741944,-0.4880515512432815,0.3078067151407242,-0.5883489988017507,-0.5205258775926469,-1.4783206998723732,-0.20626000671203432
TCGA-ER-A3EV,-0.09100173404268497,-0.2582683519678618,0.04247156092758964,-0.8698803550232316,-0.1353126975174269,0.2120199218024204,-0.49184180464311444,-1.6042460543412995,1.236491956173179,-0.4669701141861856,-0.4187576808930406,0.7143945519298417,1.0953848010493212,-0.4685515967925259,0.5591249688805849,0.918132821373369,-0.25065507342931215,0.9002736062891754,1.0129755513587282,1.0081810472811776,0.24189177697420636,1.1186990055128931,-0.44234891532407394,-0.47822590425477957,-0.3003898112361002,-0.5830979669263595,-0.39650031404969543,1.1268937188031674,-0.27086047582803097,-0.12774701493295157,1.194723023762926,0.9364755751039655,1.0607986918427939,-0.08586650399661619,0.18066280767220672,-0.034040864967854606,-0.09347375302321556,1.2608235335330935,0.06713052591052734,-0.7114162725281953,-0.247906032342786,-0.14791655681447807,1.830977360083433,-0.6769551586812742,0.2909166744577518,2.4387207996546114,-0.47251413503487993,2.4438161068231596,0.08397626946577683,0.4588654508604717
TCGA-HR-A2OG,-1.0400002064840284,0.6176887570010143,0.5467778823391862,1.2121511757933827,1.1482083213999323,1.0888489932998706,1.5721006792120207,-0.6242094088859239,0.6098802601169019,1.4033272258512874,0.9621110982779119,-1.0229510979840704,-0.8820244028684154,2.3262087119474417,0.2198767660659217,0.2467199058463914,-1.4736366452041498,-0.625079957633235,1.2030179981949929,0.6531902653836162,-0.2776056848126339,2.364655608669473,0.9766716852302053,1.0222831836709982,1.172535726302896,-0.06281581648100618,0.37825098319187056,-0.8491630514528821,1.9096956046384796,-0.18698026514351251,0.4521952523247837,-1.0888642936897128,-1.5467393061464614,1.0119485488159496,0.8622975301336483,-2.114674969295761,0.8765277917460889,-0.3627196210525717,-0.8385522968849065,-0.34821092882984145,0.8462505128593782,-0.8428170506594399,-0.895674233656124,1.8444376694588445,1.5964759532023147,0.948478936345714,1.5701245401816253,-0.6757488331849849,0.5073133863305889,-0.16845201698893425
TCGA-EE-A2MK,-0.22554944579526517,0.7960861407885373,0.4603860343660804,0.09285355520614716,0.18843694735808353,0.12677807835425842,0.169844493375592,2.0906102654444605,-0.6049681199632063,0.5401612972407476,0.6783364124003026,-1.0785659524001365,-2.04938469025778,-0.04055524439668817,-0.20190071382320904,-0.7437823722282109,0.7332789133166785,-2.1773070081805033,-1.488877599981546,-0.5396579565810335,0.810099037579363,-0.9600030246496171,0.24264649070279615,0.74029348711032,0.7665400117486568,0.9327330539414895,0.959642603610858,-0.5419822940853632,1.1375108320819003,-0.9767959773532252,-0.8495878445437268,-1.4681518606354473,-1.7543017351045946,-0.04918033633610331,0.20165561555036052,-0.07997474117516606,-1.1827321061848974,-0.8173080759747128,0.8083241485271334,-0.9320870864781654,0.6421907631563348,-0.7567438204184298,-1.9702937492271495,0.4428223690076525,0.28533192560700055,-1.143997337809719,0.7757943888126244,-1.586804527152921,-0.38166395673797615,-0.029114949544666542
TCGA-ER-A2NC,-0.48198363623032303,0.11098241395971553,-0.27072526231098876,1.9039268888127827,2.095473895893758,0.9787021191735298,0.8152279513407641,-1.0653370714722392,0.7014005060211402,0.6412745920299258,0.3857577024834904,-0.5001637261864764,0.38066422088008345,1.7173145609150173,-0.23774104316370212,-0.06979687697070942,-1.3840020669150086,0.8269773667713554,0.3207775099584337,3.3431005352239715,-1.538092824245177,0.5854874905158385,0.5724825836970004,0.6540565185427298,0.7216754056273149,-0.2425048933780287,-0.04069320322793065,0.10569853543217163,1.4684539235422434,1.1647434503522023,-0.10013560492166,-0.028141334334398353,-1.398004438242767,1.1099311473850704,2.8828644826061782,-1.5979909940733206,0.3566853470529708,0.4973290239224663,-0.7299913651699641,-0.2806151742007279,-0.7028069571058192,-0.6757997465504776,-0.008358188617440797,1.868420180089226,0.51376849596949,-0.9708449561005972,1.3463958328458703,-0.9989580880833907,1.4233310689477081,-0.06248402833609332
TCGA-ER-A42K,0.3789156714802186,-0.7858268340881741,0.9926228444599287,0.9111471884465075,0.3468416073151024,-1.1325462031274873,0.020992840584065673,1.1291383196962368,2.3482257087815963,0.10511211693105549,-0.3009001701342485,-0.7462714511471855,-0.05811204015880747,0.8567211407828073,0.6200184183133183,-0.005913720587402089,-0.22932872260124004,-0.0059165313162000835,1.6936417810304918,-0.2722534503036813,-0.9936297698861837,0.7458665748752787,-0.5156531918478093,-0.342213912032713,-0.18964874053162012,-0.1909618285072791,-0.39093864303100956,0.103396064652502,0.17942566512145,-0.20141213792029095,1.6284208837529703,0.03608479333982093,-0.9748976440718483,0.7830424100607359,0.6529518992356717,-0.20045462372354678,-0.7998098963451773,2.292209661162348,0.8441993366773402,-0.7313918207023435,1.221978389858949,-0.7352457129410003,0.33671258275892135,-0.31511436206044297,-0.07204029361074417,0.9778190620278783,1.5167458055122736,-0.6881057424040607,0.494401023209518,-0.8289080178762941
TCGA-EE-A3J5,0.6846749455878811,0.4438972219001528,0.3083341872405357,0.1045157138725082,-0.023059286880397815,-0.11895364657698027,0.5314575151692313,0.8153484520957106,0.49538515911506037,0.4075347132111193,0.2951274133600925,0.4263093481831358,0.1864363400809374,0.3285803087157752,0.1823848769962959,0.006359268395501877,0.5253101837522265,0.2743706458790772,0.10320434489565172,-0.3116049955030432,0.25355513483401687,-0.4119977535557024,0.35482549492115945,0.4199284841434033,0.02454545152005366,0.25424170862130957,0.4434927035280734,-1.0448727432791716,0.39704520489066614,0.22772404846471178,0.8773480832497669,0.817173399169222,0.27405217348378663,-0.14415757179372699,-0.19486707041330037,0.48558566578169937,-0.13250912819220473,-0.04382159824733285,1.0235439022651613,0.6916017038750054,0.6245727045136257,1.1999565126547693,0.6128471752690468,-0.12650593909053812,-0.17117631414309115,0.6944885272355797,0.14759093187340988,0.29543305820363536,-0.35533187131694366,0.5777974261616504
TCGA-OD-A75X,-0.42781988914997643,-0.5545650237498619,0.9769663269186756,-0.12811408284716208,-0.6659890721411762,-1.2028635289800023,-0.6495497306386357,-0.3345172468846757,-0.6815177556777876,-0.034605774400331364,-0.24525146194685937,-0.24185153727411957,1.5764009603726694,-0.6966779057773681,-0.1909995935073323,-0.10737314865280577,0.9503056073389906,1.7920511783608437,0.34625028531910595,-1.008257903101429,0.35026888447442395,-0.21444964550869022,-0.9182958643336073,-0.5023271678387334,-0.32420222896961975,0.653927102369077,-0.012413121102361806,-0.3991782994248921,-0.5064677651592578,1.7432517314431053,0.8574747895631946,1.385626995943571,0.394797241989073,-1.2880395179408042,0.39913780780544106,0.7854339694241438,-1.1950303978237022,0.08302777474638172,-0.48266730026697774,0.16343312892997908,0.5743577818474067,-0.8436427167743736,1.3768291483641761,-0.3773421065238166,-0.9717076087967109,0.6541305496969354,0.36581709011763003,-0.8378972823200965,-0.21717786383844245,-0.6389034594483088
TCGA-FS-A1YY,1.6280061716934464,-0.9417107009619814,-0.013448422970151282,0.4721108178497078,-0.3213551394202012,-0.9794700227693257,-0.5490542937505014,0.7415335048362076,0.01675174331878797,0.5626210551173632,-0.6768820636019068,0.6125375568547177,-0.45888405652320496,0.8967172059644085,0.17463273760898296,0.05308256744878201,1.5581916313370128,-0.6278217262315033,0.11309444010951301,-0.131937802265586,0.4939122324065143,-0.19816822644849966,-0.7120475088582753,-0.9786696881062982,-0.7944582212669697,-1.2828080351917226,-1.1860675605015232,-1.3158725789256924,-0.4647919350106465,-0.8621165956861476,0.23149014899134585,0.05024890100785581,0.7401916386805808,0.5253512926831535,-0.06890792513829026,1.7086642624185109,0.11459102853772868,-0.11272212368267169,1.0129791958512513,-1.068410379399053,-0.019206308181409906,0.5660943143325524,-0.4282787234615728,-0.07626158712465163,-0.47019415005541054,0.5001453007778397,0.18454951895742946,-0.5194312339994163,-0.05491137967061051,0.5747077684371993
TCGA-EE-A2A0,-0.46175303499006126,0.9291829090792841,1.9562258244042336,1.3237465825811394,0.29638337932362546,0.1638645967890654,1.178560823504232,0.2279379203345182,-1.1522020047144765,1.0000057171014511,1.3256760314414449,-1.870836611547945,0.02482261379521698,1.7976662716493739,-0.14134796588651188,-0.06070686456271245,0.6993884719749462,-0.07959132380568168,-0.6985154083956155,-0.8998043436489072,0.6452114488867274,0.5315984088717841,1.2343422670160162,1.2150901953281021,1.4314974622692236,0.27595435278480096,0.7739540071841978,-1.0415387319790779,1.9628251749152978,0.16229572365519507,0.5558419490365882,-0.010412225080053267,-2.963616121126852,-0.2252606460208934,0.28856346206087946,-0.9883383622041871,0.21849253422190348,0.6442007413488509,-1.1140929942012534,0.7099445915738827,1.626065424666024,-0.9132061028692047,0.7460142600095404,1.1925255784296465,0.5899330198738615,-1.3726992557574036,2.7038291983579708,-0.6377297567211058,-1.978322784334452,0.5595635029291955
TCGA-D3-A1QB,1.4434741173796068,1.3801031232355971,-0.3144625304947734,-1.0505619563745365,-0.679232105779024,1.1921302993140355,0.3085934798555073,0.3927433648093512,0.26211474869748613,-0.2549284971521879,1.013540566084714,-0.36981438197104716,-0.7132438631961046,-0.6423218497468469,0.5995806645492837,0.5459684345536799,1.2697245726373179,-0.8231755437389408,0.33615655378720927,0.6132434337790902,1.696266574698811,0.8686897550040009,0.9281452893376004,1.137870609867102,0.9119206507735296,1.6577428945512118,1.5328315561983397,0.9491312893280025,0.05082137020606942,-0.606927513591949,0.34604960638043236,-0.41105649956162366,0.09705429754527985,0.0616156296306094,-1.2877496585093677,1.0412190474617777,0.24996275929902526,2.898369725972539,1.8267225945373002,0.4026345742435898,0.3842375187487861,0.8154305327196755,1.0364297619811316,-0.5165251108767126,0.5445365900029094,0.4072625534007283,-0.8064245180040971,1.9197826663841737,-0.40414159325033555,0.6731789351903206
TCGA-EE-A3JB,0.33678379565354877,0.33521865784012544,0.3520543210045916,1.753187961042001,0.48095704206806317,-0.27994543415213985,0.08565685894367604,-0.6957208777806776,-0.2610475761243787,0.5802771617781445,0.4594158319661777,1.306504508245903,2.062637700137421,1.5391424385187698,-0.29927046954721714,0.01818164889669816,-0.8876952565239189,1.8140297385073594,1.0441559013300663,0.20245279348588197,-2.017946674330274,-0.2040111142393098,0.5746141698344692,0.6631718600778087,0.766882285349486,0.3290005499751732,0.22233416780163515,-1.0890969223037315,0.985420899966203,1.2791202998909033,1.3437375813138985,1.7372240865191968,1.5514251289672871,-0.6092131764803704,-0.013050405697452753,-0.7541555875382898,-0.8037651668455915,-0.14885932205956412,-0.5884938348861641,-0.1410808825748162,0.3883850690822643,-0.06386140083194976,0.7958228743092578,0.9344588019098193,0.4532061346500318,1.5008871290556767,0.21477288986410445,0.41321964870584,-0.5951335123700783,-0.5413782150268219
TCGA-GN-A4U7,1.6145123971887567,-1.4576241287534673,-1.3008192422540024,-1.2640006475523637,-1.365929515139148,-0.2529038144603621,-1.2998274674636672,-0.2654232271326961,1.2118541662647098,-0.7844897524220444,-1.3302633986064356,2.1318562962132495,0.9485635054910756,-1.1492171748668654,-0.16109854940236956,0.05797972610787302,2.2294412401467216,0.36637074282153637,1.0446618098357452,-1.4828308129583754,0.13068057271895256,0.5186236024150244,-1.2406316517196285,-1.5590279445035244,-1.5588202528642863,-1.3138121009773724,-1.2781880590506765,0.027747182217770786,-1.642217963344944,-1.0297679488880167,0.6679149773971613,0.9282288096708466,1.2534162295557338,0.13651732921984266,0.3104276045802595,2.84149424827723,-1.1640050036805234,0.9421820476321647,0.7583803791122761,-0.769695974693763,-0.5594386272233178,0.4590917229036553,0.6866398903790455,-1.682500671222767,-1.0571149589026105,0.3031907693916944,-1.6607420340838834,-0.31794852213045877,-0.45293354636228794,0.5863384910066598
TCGA-D3-A51E,0.19860736810234894,0.6219132389452235,-0.31059418580681036,0.14739401999000248,-0.7563823433758876,-0.14697263500360183,0.523768826969579,-0.3763376873527278,-0.8273263463978215,0.25145338140344886,0.6873914626454378,-0.10752194123656061,0.6707533063699831,-0.5919194909049038,1.502150094554252,0.8282294616880723,0.07191484330760273,0.4930421915481907,0.30086277195007927,0.9549987577095294,-0.028036835767644888,1.3390661656222207,0.5716163071366854,0.55329517861813,0.8886753618428936,0.9700790810237354,1.0343261720892298,-0.06155018758075687,0.24948723316528712,0.664144122366893,0.5813601094535522,0.3556491096118716,0.0775846906491674,-0.3578402582910528,-1.7547487511053463,-0.2787706358970113,0.8031878300404449,-0.11900989591417219,0.05494264324908639,1.7900782509592137,0.6416750108926804,-0.2736310953075861,0.11317430652770591,0.5071607765431176,1.665539461210377,0.7379035495309131,-0.4678756228220558,0.618951495539419,-1.4438767515845334,0.005553401369128287
TCGA-D3-A3MR,0.82008420369337,1.3305434241616132,-0.9838069899475966,1.0078916251895933,0.9525786786297016,0.1668286673674705,1.5066945444261728,0.17116331303503649,0.7799093878560674,1.1655529986931275,1.1660195205319916,0.5540630263502068,-0.17347976939138002,0.8679664689724552,-0.5689808250006438,0.25633990622628355,0.3447125733864583,-0.18158363838820388,0.5376723147708689,-0.8424995558536851,0.0767336587460712,1.4214472699609502,0.9348516853556648,0.8082813256249807,1.1411481053641999,0.9412770145964898,1.1820019781037827,-0.3158174888387975,0.9214097325072368,-0.4759413462924505,0.2890976599501062,-0.8566546100388547,-1.2521528045377137,1.3347123551081315,-0.6472622371428258,0.15793676656325067,0.6366204022259015,-0.8821341441428755,-0.47817922879893254,0.6173723217965292,-0.8143793481706199,0.8616563920347736,-0.6901495270061492,-0.17184640272320892,0.9359198319200929,-0.5611452430586976,-0.6490738867189552,0.7914854867458028,-0.5588112363039406,1.0658012979476807
TCGA-FW-A3R5,0.3250603876879407,-0.12693289178546618,0.28217542828844655,0.11133113083007827,-0.9715773954549626,-1.1135596723262504,0.12357863972465642,-0.947691266405514,1.3477953363956798,0.36267489030029215,0.02301594477199733,0.6563669339987975,1.4262696514868622,0.5169396762315331,-0.00382235021824296,0.018007468997549177,0.07877075560989799,1.273790536246479,0.45544721071618577,-0.5687511775047196,0.17543762593233692,-0.23360651727710455,-0.0038658451624034923,-0.20508990799266621,-0.21153957569423726,-0.9106134797004138,-0.4139917291549286,-1.317749103991488,-0.19701140554849145,0.7593482389996868,1.0981407935313174,1.6973574372147346,1.0815722038150457,-0.49310619861034494,0.31674986853484244,0.996531825641739,-1.0907552464914292,-0.565901795091313,-0.2394967539084703,0.8681745533873323,0.36028925304660603,0.29946920814498346,0.4675541905768887,0.5714143691179135,0.95382265562648,1.8770400344239537,0.1826615154598968,1.1849148654514914,-0.33643406948314075,-0.33800054220491743
TCGA-EB-A5VV,-1.7828423356328043,2.7762414026492506,-0.6244415767464548,0.04972371466274999,0.04239032621549425,-0.4402063918396417,1.5194757469919213,-1.8256480639301431,-2.005342652711885,-1.118450377682926,1.8373199526919952,-1.0332658853744356,-1.2954436962419218,-0.49988731049719465,-1.4312269018230226,-1.0036857462605309,-1.6936620369186386,-1.4563113092261468,-4.351923273379968,-1.6665161715287387,-1.2376395503604423,-0.6081471820083252,1.9745165611067719,2.2217751475368566,1.9591277462023982,1.4199513851000527,2.0122215136245742,-0.10543472574884802,1.2032067088444731,-1.1584122310478808,-1.927105248151766,-0.7627031970481505,-2.0161550473310723,-1.6467686446402314,-1.1865753981099616,-1.4386334341062434,0.27504967655885804,-1.173606406185811,-2.9536891081764094,1.4974479659746867,-0.9200464331630898,0.45587007485389264,-2.215290096897467,0.7375656945502865,1.7231531903522128,-1.7585318452568988,-0.15221282230799302,-0.6542772976950421,-0.39672804584315285,-0.8365172566123502
TCGA-FR-A44A,0.2491987282673423,1.6825791596286224,0.7494868543317346,0.18064410423090507,0.21698298067384086,0.8551967893973503,1.4203184982457304,1.5130294658076433,0.3232894355938053,0.869023894002581,1.8182438865675126,-1.2630261534345222,-0.5731417647456933,0.14091058030071069,0.5275791395349724,0.6052441482981876,1.1874079032579432,-0.3398449591638626,-0.10685782623038888,1.0871428969913381,0.8089258543069978,0.5712354978796763,1.70492310907498,1.4585741227007758,1.8103665591467428,1.4014911730859332,1.6969424603869474,-0.23712248640623515,1.240032698315687,0.29166825455291184,0.6208175294991612,-0.36817212807298666,-1.0045783397595442,-0.14639240349256538,-0.5658540731768513,-0.2853087786700507,-0.01649984800991966,0.9578750532886136,1.1400562609631488,1.2943388092347292,0.614494645954859,0.788364635212095,0.05293304554376297,0.3295891259973994,1.0384271807343832,-0.13518736816743443,0.29759256177855836,0.6461173383673113,-0.75097432068382,1.1024771246489018
TCGA-EE-A2GC,-1.299527500803376,0.8118147415738086,1.6601687618992582,-0.22324525109351404,-0.4380425888990785,-0.3188381781634096,1.3148607883442622,0.7196192828917696,0.12412441444320944,0.33557929373030054,0.8977463394053379,-1.6375388700557263,-0.3560734568491917,0.43041424050253557,0.3591781803052662,-0.33199064044559085,-0.8146919108366752,0.02594664776672428,-0.7965720319644342,0.7404530680133072,0.31624984724472965,1.0024420299681136,0.8558689514918384,0.7291542984345322,1.0616686026568043,0.7882579046294113,1.070070057263264,-1.0345807345156681,0.7029946861946029,0.39515960482216994,0.60555368420121,-0.05983522437859446,-1.2317415632611175,-0.523919014915271,-1.1305614771355117,-0.8618850827144133,-0.20984441645558732,-0.42467656929912606,0.7569673635770128,1.154352071024317,1.5822987792012286,-1.2152482740210795,1.1673958498152335,1.7990913829663493,1.4578934822244882,0.08162047799840183,1.0531090734415072,-0.026669358289164957,-1.239232534713949,-0.6826899184870743
TCGA-FS-A4F0,-1.5968957009521472,-1.218019805498563,-1.524123652382201,-2.1598435055393734,-1.5264330403037545,-2.5811223748216263,-1.4356343800906277,-1.3870583013749758,-0.711230397614384,-2.0419360038751337,-0.9365568140673493,-0.5551720691378073,-0.4777565560089319,-2.4876246525931713,-2.158565474312804,-2.3062561332962925,-1.0079067607937446,-0.5888217206135873,-2.2602124630157783,-1.175785607145482,-0.3828606492687596,-1.6184426164022432,-1.624316912466687,-1.60712988507295,-1.5919787163251575,1.2066927201518007,0.03542460120038,-0.8121981273910118,-2.229266005788477,-0.22566767015817613,-2.3622378492535705,-0.46528668318191563,-0.48403368579003336,-1.5077759598943241,-0.7916082302948022,-0.5377196041248771,-0.7446956183779166,-1.3411631852399688,-1.5936209324154518,-0.3858080982113391,0.8035364473920622,-2.1135184646325453,-0.19297299799886894,-1.6055480197228358,-1.6651918315004155,-0.3127776063326175,-0.9654299206259681,-1.785607837921512,-0.4617518194402002,-2.1287335727086267
TCGA-EE-A182,0.40100033860297657,-0.19673943031034294,-3.3003595078254855,0.005132709553663062,1.6850346823387785,1.9455645255043725,-1.2244066239128328,0.06785732403544564,1.049430976102201,0.10133249257810814,-0.43087082973734625,0.2283391423107795,-0.9147576007940635,0.2690009166495281,1.709377500136019,1.8514941571509291,0.07582643244023296,-1.131502439597381,0.6888571796074234,0.23663478226831633,-0.28945056793092266,0.060300684088425614,-0.5990360191510608,-0.3848916220698583,-0.454886537436935,-0.6547359347385754,-0.6114548771102404,3.0360197422107333,-0.5289752129931304,-2.0236725647218328,-1.594569589627414,-2.994009236040876,0.7727158795212749,1.9087185547054197,1.5353490657401112,0.15476509348850062,1.1311059209360614,-0.1498713051378385,-0.27312228365114416,-1.5735550315964135,-4.17909157599352,1.4453370545676052,-1.7154524080891078,-1.2637275330967153,-0.612209882275361,-2.3081573082003364,-2.0855707357820106,1.506121195037138,1.7668408814134555,2.0023180742378273
TCGA-FR-A8YD,-0.12129133770005023,-0.9224126375235661,-0.860819673178649,-0.9135880454461648,0.42745020571767967,0.018398206676129313,-1.5339592374558981,-0.19326799702929567,0.6216467673750937,-0.1605074310924156,-1.1548696813897086,1.3596822697211468,0.3050995723769551,-1.0892008940724245,1.7438172304717905,0.9367487238039409,0.476192468815532,-0.15777081878331967,1.1693711694317739,0.2944534780149765,-0.027670204427322133,-0.11858859503618471,-1.1820105494145725,-1.2112789514434918,-1.0377197435717505,-1.316195925588043,-1.172789073389298,0.9789815343357837,-0.9179629914693236,-1.2874328373295685,-0.36942873998140113,-0.4683016684591736,0.8430858640988015,0.8285930536114366,0.6217649522241543,0.7018100012644536,0.20304088757909705,0.29642220284732895,-0.03222031377684375,-1.8282749086260341,-1.499205716487463,0.2779134632807065,0.40925328440073144,-1.7900705037251103,-1.2148518148680603,0.24724333976250654,-0.9353254057511668,0.689054207216353,-0.12435342467613189,0.7925308547932812
TCGA-D3-A51N,1.0395110155898322,0.4219523141213302,0.3864717654091531,0.17898781345591092,-0.9656793930235161,-1.699273216871627,0.8795758009787469,1.4195513036669973,2.4610496208247445,0.5999729496600987,0.719384305047329,0.4210735803603747,-1.4709552404478166,0.022822454674320515,-0.4528952956559464,0.28718889802661135,0.9114359576303143,-1.9573673252994008,-0.39911518080575503,-1.7078261759992603,-1.122107436604782,0.6243905754504611,1.135501221212578,0.9199544316933519,0.9481793874250942,1.454612948206153,0.9348728582794168,0.1746643247623863,1.1242067759685788,-2.426615670937189,0.9481696509386871,-0.7573516736980044,-1.032394059977961,0.7605933915512303,-0.5672297546246523,0.6333100618207406,0.92079130675483,-0.3279567477200968,0.425424804274605,-0.6078509106356977,0.4334712371310974,-0.3502770537240548,-1.6589015728396037,-0.8661539462447748,1.8527438045854518,1.6538291800202918,-0.6667915099654778,1.4122569507289746,-1.6470614604680096,0.3418480643904562
TCGA-EE-A29S,-0.9698941666314401,0.047236987954893124,0.06788003512167136,0.6009699896538621,0.18775079323313348,0.2772948701583202,-0.23051263041171863,-0.4458042380627941,-0.5557461272618411,-0.19777634194378632,-0.19391915163012896,0.14904478841428034,0.25530164704160896,0.6461019937908546,-0.2892057994651493,-0.9123045776911235,-0.06546235579815227,0.27422208812814736,-0.22209723428631775,0.061614274439771397,0.30832572043656825,-0.764034874971766,0.17499429969459526,-0.21048154658588442,0.00048689236080371573,-0.5187071213447821,-0.27448896937891176,-0.8303028616543064,0.05851169313719164,-0.024857930872363397,-0.053041923341393425,0.4930830706790228,0.7072385105068038,0.05150775720368737,1.1321109774063747,-0.4175277590749725,0.05332694329487159,-1.3462741634931374,-0.10807649021325899,0.2072290795878148,-0.2140522797719426,-0.6868600718426023,-0.32739673628105825,0.09910981678755314,-0.14127118504484826,1.1547041680634063,0.6821085139803215,0.15120733931725833,-0.41236652450031597,0.07254630926288017
TCGA-WE-A8ZR,-0.90991342017427,-0.4441240283930165,0.8256760242145041,-0.5130134577171629,-0.8493653439398995,0.11902380540977606,-0.8785434758250792,-0.3438962941686136,-0.4163595778728928,-0.5373719076425593,-0.4415947480269735,-0.7612668425548254,0.8011390463926181,-0.5834269450737185,-0.048296782784557686,-0.4349142631986709,-0.24063755775189594,0.8819190856676008,0.9493594138166292,1.4899528372417155,0.202627026882212,0.30256560454722115,-0.3949186406896683,-0.7035938090937178,-0.5621017303963158,-0.7931351785666257,-0.7543112052781759,-0.5707453059569342,-0.5292920926587391,1.284735116826304,0.7120265337123837,0.11957971541348265,-0.20234920270407608,-0.8479049517902643,-0.8017021869257426,-0.14523409964580683,-0.28122191354303955,0.7521149182514665,0.2861237884702849,-0.10200151525466765,0.8737130190425968,-0.36875019114061264,1.1072270454387267,0.10873863364136457,-0.5731652509015939,0.042186378801137195,0.19098627764402681,-0.3749176032061939,-0.346936010343847,-0.36110105313589613
TCGA-W3-AA1O,1.1277716270034257,-0.8163357344751835,0.3377223828667736,-0.9266581030084073,-0.975353206231934,0.09555859736846158,-0.7039208192942069,1.5690605837680678,0.7198693077805692,-0.4693293638410062,-0.7110663616098271,0.405624954899756,1.5564373939762945,-0.4540935011402351,-0.6519600930078719,-0.42738617357979564,1.6287416470531566,1.3810142889638561,0.8492731727851672,-0.5994980390171054,0.12888600142118423,-0.994040617493905,-0.4943407902480544,-1.1490028198504292,-0.7642414488774053,-0.9437791920976126,-0.8606372341124726,-1.212604162853571,-0.39126842194662936,0.9838423152830619,0.47318040519166,0.8361951710581144,0.2791690579991296,-0.929836380794102,-1.435286638456825,1.8020332212917858,-1.6748301064744724,-0.7194222926908865,1.5537328820602945,-0.8398193776577411,0.48676768178933566,0.5342906649071907,1.0856772366011178,0.16973524764494718,-0.42886911105529324,-0.6258970389597761,-0.2219873729613255,-0.32533097768811964,-0.7718311729449178,-0.28049895273404335
TCGA-GN-A266,-1.5394138517316382,1.1704523577332195,0.5190085824190661,1.3724979449362837,1.0451360547335073,1.4547564924853953,1.8675170532965466,-0.5079784849470893,0.6795817725813349,1.6586413451735982,1.2835530019631767,-1.0526818236855175,0.5336769574990277,2.2308638066289443,-0.4958270547419943,-0.24005007285814411,-0.8522443635228116,0.6836130145806457,-0.47160970657595896,1.1086321813504594,-0.8020653316553601,1.2061535697543966,1.304631503615577,1.516085398885228,1.5974531938399759,0.6782765461054779,1.0325477988262488,-0.8036062064419914,2.036156425740735,1.3970102931942658,0.2579549630651683,0.3314546321012561,-0.96944337441187,0.40371484873877067,0.5195851582567965,-1.820848922693188,0.20700483170549328,-0.3299495885818315,-0.2813591753409455,0.6147014703944539,0.7998024651172922,-0.3867034911606999,0.6428123178375427,2.2653172139467204,1.908038474728344,-0.028738121133636812,1.159906921051539,0.32192484043510233,0.006262136268165564,-0.5162771640785326
TCGA-D3-A2J8,-1.6413137867764624,1.7360148958605777,-0.5544729326046653,0.4170867207171093,1.6688509058717684,0.1528609393432726,1.5794405182603088,-1.3490364311433474,0.6948191032410646,0.6007281791518269,1.7155309199661397,0.8853736005907192,0.7823094885872269,1.2736705756474591,-0.6410070075118558,-0.47464802611166673,-0.8992564583020205,1.0695085220476641,0.27907466281930476,-1.0549320475980448,-1.5308067108952141,0.39387297323397874,1.3671644996575412,1.9583304376861934,2.254279840260796,1.9004983479165092,1.9128842088399511,-1.1934294073721088,1.549928294770105,1.1647564152099685,0.7131861707242204,1.0259773790059317,0.4253121811956615,-0.5685696557052207,-0.912948042213542,-0.7101706937122647,1.3427920603213552,-0.5390276471087166,-2.2252600413836374,1.2479933933941116,-0.34366272719858454,2.1508388613671956,-0.47074857987549135,0.7962415761437731,2.307454994632653,0.4465544168486879,1.2071576883420263,0.07511184014606387,1.3016539251173325,0.36702740945670265
TCGA-DA-A1HY,-0.6004068058032418,-0.73922506403504,0.40929887817727323,1.4819500978721363,0.11487737012224986,-1.0599471078659828,0.8591315748592492,0.5926005321604546,-0.2976290685294668,0.1813628361742355,-0.25603844457380454,-0.6928023034573216,-0.8346349698251134,1.4043476293132966,-0.15983300263348688,-0.23600418501496098,-1.3915188434711268,-1.0253301559073693,1.3242439634926775,-0.3686996064205874,-0.5393721270137375,0.43172979122381927,-0.0526096464605577,-0.07393661490129909,0.34276942047151115,0.06637224702686452,-0.18980017318154824,-0.44927167984510197,1.1380527527356836,-0.3627079690013005,-0.022565965421519736,-0.8724115000677085,-1.4065511870182377,0.21171763769206448,-0.08077279544794083,-1.1197282685453704,0.4970949173147993,0.05858336015484386,0.41177914007895394,-0.11126351610826546,1.4124772052374375,-1.8212353892313526,-0.9543061876759692,1.2562403666808568,1.2284557558148028,0.9366531109768983,0.7216638005409226,-1.344062515452207,-0.7913173412099541,-0.6791260602163316
TCGA-EE-A2MG,0.09463287361649962,1.5546341009525004,1.0054482990247238,1.286758938235036,1.4262319297884452,1.056740691361859,1.4306504435691916,0.07706867165112549,0.172841202329738,1.5883006708090395,1.5484243582319477,-1.011430047412703,-0.5591248693465658,1.5794082853063633,0.5832037641835,0.5165684074102872,-0.17480010477510385,-0.2315097672600065,-0.726053736189143,1.0941772719154355,0.12420915823305335,0.40654063937655827,2.028559057061963,1.4985292840379585,1.4299797683830666,0.9196866015618718,1.1152723093102204,0.006008225193921934,1.7842748399637924,0.6719953870682015,0.46863934454802486,-0.17256753652191492,-1.2659972953050325,0.8077575176904354,0.5113065193611189,-0.8621444557743969,0.37328271868076185,0.03007644206516764,-0.16541308262780857,1.199025323302742,0.15400372592195535,0.795156950042075,-0.34115499414736206,1.4035758191067995,0.7987183016372486,0.12367134481645031,1.3222438282272913,0.463847058858511,0.8474162295892995,0.6863986129863127
TCGA-ER-A19C,-0.1347065764762122,-0.7608259540611093,1.7732652851915023,0.46069818163594856,0.4049881356669471,1.115718587791927,-0.49333987576469884,0.0725197946831952,1.0532057664446337,0.6218830381853814,-0.42058351385076925,-0.794757195903186,-0.1817206056883015,0.6836804699223088,1.5644417481396158,0.9784785611103989,0.12636693268460916,0.10354696173581784,1.1996768593026337,2.2533342997311814,0.6558606173098723,1.857296093244106,-0.26146301398656535,-0.7922747819654192,-0.4140244112757226,-0.9501601257466432,-0.8751347500168137,-0.18135803947880702,0.10497004861477009,0.40889560554779864,0.8184440199908452,-0.09025482251232878,-0.27501568138030935,0.9205753285726521,0.1860593825481957,-0.5289282355076996,0.30912139896933627,-0.8555861703128503,0.5553493230938561,-0.3761964713089362,1.0713699294529773,0.08383146560661124,0.3398918709356141,0.7960222636420092,-0.09931665162343867,0.9803153833352916,1.1258202588918715,0.03063193670809343,-0.568080053999518,0.17823271721117953
TCGA-RP-A6K9,1.7636469025091783,0.00953367631412984,0.8295408847618775,0.26504704710457416,-0.22268831869717193,-0.3662545443963118,-0.6683718426158011,0.07196073245332638,-0.7191114310315407,-0.8414079329175493,-0.21655695106354184,-0.6534752966642416,-2.2367318090388353,-0.285440027436559,-0.0026380328895438754,-0.06977013746856281,0.8643809132960101,-2.3421852868356314,-0.2979945306974555,0.8848529099981653,1.112224368210201,-0.670087732694945,-0.4212297968742004,0.07087987263185472,-0.22915444067992666,-0.16871771849208583,-0.15873737283465605,-0.3236420562027937,-0.441280091605904,-1.4763270586196093,-0.9048711082241733,-1.466196521532486,-1.286354017684622,0.8789178496367291,0.11032103731050819,1.4558331679197336,-0.04205038182181962,-0.6957864350777735,-0.06174634917693287,-0.747238063690955,0.702331948547728,0.6196244926756634,-2.2838177308232694,0.17692652214633162,-0.6709549727843946,-0.5767277911912,0.003916126061160115,0.7158014526936274,0.09964570215924694,0.43582884068784994
TCGA-D3-A51T,-1.2375849675329265,-0.06415484451884855,0.17973445778579977,-0.20965742277686963,-0.8414049115337241,0.1525333029783377,-0.002063268262353745,-0.29260052466906195,-1.3202830281688096,0.4285163096760197,0.16603133642871187,0.4480316929550121,0.06011133640198797,-0.5305368700323123,-0.4097190234101591,-0.7362519419575397,-0.5091579209396558,0.06300040747598294,-0.9277359194112469,0.15989534250859835,-0.14809493471259638,0.04922651352239886,-0.5234218716240739,-0.2388892682517755,-0.25651187723868074,0.21325325161453862,0.0045351002456141265,-1.1670254490809298,-0.13958722503227627,-0.2636533094377893,-0.5258497928487851,-0.22934768924853677,-0.5502323513717405,-1.1134215058979353,-0.4731876126803647,-0.5676800111233898,-0.28464533778952283,-1.2017471349776294,-0.1613815292063384,-0.6737798438703692,0.6661239731592843,-0.7463054176653926,-0.3008812528798595,0.6328582939531892,0.11359634207018231,0.5357517372071265,-0.20562576631184812,-0.6174663347305117,-0.6939864760955842,-0.7801522928975001
TCGA-DA-A95V,0.35555718873984726,0.2978007852278111,-1.6800990491116619,-1.1325319049635356,-0.25178733425922006,0.5319604243572315,-0.4719240708913494,1.1057039322239164,0.8511892112758143,-0.059283579440234095,-0.15437183350168812,1.4868506147735672,-1.3958377693852733,-0.7519409054517409,-0.16565333964560108,-0.1165824755680935,0.6864564358117908,-1.9068679126721706,0.13025418048600218,-1.1594921451336557,-0.31429886717461014,0.12592519952588896,-0.33089930143450624,0.09903476239310617,-0.1526971176250922,0.26609553824832777,0.31927580392563587,0.4147116541019155,-0.4452516045375821,-2.2935069639512027,0.19625048746799825,-1.1139915296450322,0.5441395274282674,0.5422201329234373,-0.6530331469263547,0.3840676149815688,0.460333847780107,1.1331016626706598,0.9768811717439854,-0.04849377198100178,-1.3783900078489013,0.3749760100399064,0.019842583718446036,-1.702526618730761,-0.5747407907078368,0.7637728686407483,-1.3390124708667737,0.020910939075744008,-0.5615562275344083,1.5156093925476941
TCGA-D3-A8GV,1.2081773877446957,-0.9101670411892221,-0.019230378776872056,-0.11355731197604672,-1.267201252639315,-0.4047481520192489,-0.2904385993547081,0.7141569311586411,1.7330166895270827,-0.7028748513725205,-0.6753237193187125,2.431061652365721,1.6128058425202008,-0.6167263420537329,-0.4438599549877805,0.02653994937610819,1.762891645912731,1.4125278890651316,1.059121610618474,-1.3006557129080432,0.4570128543612922,-0.20254688262628354,-0.30792419355652056,-1.0555809332327226,-0.9364698592292684,-0.3727423219393731,-0.6438265924585063,-1.2614284302379555,-0.8850805015924692,-0.06230369170707168,1.8740722710928486,2.126636115763202,1.843585817527278,-0.08472784302212198,0.38003681090370967,2.0072249285930033,0.07011651945009845,-1.7664476922953525,0.9643603412171889,-0.002193182315601539,-0.7781375308261407,1.0535053723855077,0.8198843364743763,-1.1548302777251265,-0.4333280318921688,0.24418733050498898,-1.4171392034439967,0.9984365564682468,0.2780265912917713,0.553799255378384
TCGA-FS-A1ZA,-0.7077051686710111,-0.10258846783249616,0.44193060663483275,0.26265102314296024,0.34244454169852934,0.09484532333798233,0.14317161657994398,0.4173000889767037,0.3223409851445546,-0.24698474692994435,-0.19666788352545786,-0.7367701632766567,-0.1332707701277764,0.6185130129502555,-0.19173587799989183,0.022223917046121276,-0.6130424321291419,0.1389365287720195,0.848100241197393,-0.48010758741668924,0.47324264348863715,1.1514396740048531,-0.008731009785079322,0.539791568609062,0.050672006784019584,-0.2788823519098839,-0.0703244303378864,-0.4375576824695412,0.21168066618868234,0.8249774598418703,0.32589016138789095,0.38496966855605086,0.4970448065174691,0.3902948101385017,-0.004903990161200389,-0.9193656177773541,-0.2530793445722307,-1.0397602029928177,0.4104684287625834,0.5636947403145343,0.37771332027685106,-0.2890319500254821,-0.03190447033917428,-0.2823183062553564,0.6009169850178872,1.2016848185527427,0.8849255564052815,0.6031574751173111,0.41623943737554686,-0.1392166301661696
TCGA-D3-A2JB,-0.2465065067876317,1.6941648165570542,0.0526641785836512,-0.45893098117189474,0.3875603130127976,1.2622076515783789,1.3156118385345905,-0.6522783246264688,0.10874169100683448,0.4237044057824766,1.437439957918104,0.3042033437706301,1.0646392149374282,0.06160790072531851,0.6552583265246696,0.6573799014048851,-0.7533729249797695,1.0985017001675759,-1.0234772383091693,-0.5845067454834276,0.7887567844982128,-0.7491582557086582,1.8307160809276612,1.323684510978221,1.1338468283494796,1.2054265828324526,1.4502334544221906,0.08534809507275205,0.7979073368330631,1.350212119977897,0.9826689879859682,0.7539168364195095,-0.31811212145097717,-0.19937552151199753,0.1848392315156584,-0.38642232311337354,0.47211606589118554,-0.19197995298466394,-0.32936275541369975,1.960539626954121,-0.05350982998084031,1.3427354521447756,0.7333823661797112,0.4873137344581575,1.1218300477655119,0.5123784538093653,-0.2050149568874805,0.9504490214273941,0.3802318887056653,0.5632010388915739
TCGA-EE-A3AA,0.6212543489419722,0.8193036273541204,1.26961796455041,-0.410645335548899,-0.15472619844977464,-0.3432506594283738,-0.6577956351067182,0.3819474047674316,0.8328292220853653,-0.10566780875860023,0.7270864997240571,-0.4773812532644873,0.4470406930240588,-0.08048292772386705,0.08421141456875095,0.04141246536902866,0.31539951629265084,0.6446061235451628,0.4136576808693488,-0.297048244132255,0.3245669339569082,-0.1973294496367742,1.2015353637329835,0.6565427442057247,0.690436310067627,1.1058820946847587,0.7850292059724181,0.5924944505396131,0.5457220551838222,0.9013411946480484,1.00239428900703,0.07687445972205825,-0.20841521328757937,0.1686460266433463,-0.10474043996425908,0.503655437767715,-0.9079666718892981,-1.422382428033671,1.5391839595144758,0.969102723945347,1.184779770615987,-0.12092386160134189,0.3427462237917153,0.05442944405427338,0.10851628738821857,0.6629302993849007,0.7544920297898889,-0.5528824889981035,-0.3652848843967492,-0.7046112080409709
TCGA-FS-A1Z3,-1.1697147971729904,-0.9383440024873272,0.4929832074197256,0.6049452473278081,-0.6152261231787042,-1.3683269438230694,-1.3829975836123574,-0.7344067678779215,-1.4018142855254778,-0.6032724037399789,-0.817464372918669,-1.2793405226561398,-0.32700486901143394,-0.3030241979474738,-0.020791912906805172,-0.640964955976019,-1.6321945442203085,0.10910856518379779,-1.482427418629406,-0.06513454582155602,-0.8205593840480259,-2.2251492869571172,-1.0565137155365416,-0.7874750933642559,-1.1093713324223704,-1.0398647150216354,-1.0055066138138582,-0.9966230503516621,-0.7351430490984017,0.5080171932056665,-1.2846439038667128,0.20035010580762988,1.0042294290529583,-1.3595281618506636,0.8543300414021727,-0.6674356462969543,-1.8859396748885788,0.229869845183729,-0.9177590216632163,-0.8512923647075857,0.5055644333631542,-1.5965150213139403,-0.009367047195303952,0.015983549238451175,-1.1658166038613729,-0.4615775626265762,0.6425114861401297,-1.7552282444696168,0.7884608161480722,-1.9509174181808253
TCGA-WE-A8K6,-0.4247291272307002,-0.7334836427731372,-0.3354234376271567,0.6671661762468606,0.23665745211919867,-1.402348030891899,0.0059140164521210275,0.17641347545682642,1.0562055001228055,0.2745408320032976,-0.3990924110909124,0.45686853993965293,-2.126152636984091,0.17413806763050782,0.2171597026195658,-0.38656396415132965,-0.970188767941966,-2.163613646003981,-0.11149097090039453,1.2917347148858223,-1.2565167786414113,-0.1593729999378737,-0.4030953124440009,-0.4866972203066765,-0.3572692407550517,-0.25499454283726697,-0.500033861038385,-0.2843603232858806,0.5017088682733253,-1.9048020997418353,-0.935383801463632,-0.3902677450441271,-0.4826521240417743,0.8283206443537284,0.12531706021978636,-0.22319549078625633,0.06024283043466103,0.055900198208006104,-0.14268875206808107,-1.4991280203279027,0.38149794171299717,-0.9613181716141831,-1.8787718332082806,0.8052326273816325,0.3017945178584859,0.25078419043580474,0.1583228924451491,-0.1787321590222921,0.610382907487571,-0.4520077357514033
TCGA-EE-A2MT,-0.44854483894294567,-0.46955999271582655,0.11549835768443609,-0.7390790577535634,-0.4023272238728116,-0.6922656993252032,-0.22561936038286795,0.027630989631534285,1.256565641259753,-0.496132437680884,-0.6730477172357932,0.35432742289815544,0.9054806089178407,-0.3908136369934774,0.49143354269404754,0.34162961828968336,-0.1314115880859968,0.8576382400162171,1.9182973934203218,0.44823951956458447,0.6893863374545233,1.2930233644857023,0.1878222488298652,-0.2820102907429106,-0.3960914548668147,-0.6473498708071961,-0.562991542973404,-0.34323449339529344,-0.3210105049040227,0.6222655754604597,0.5239301513989704,0.571137841294111,0.13994567378065864,-0.2971482842386775,-0.8347678545643336,-0.24192734102745816,0.5618924472007397,-0.12161613851838406,0.20757930302570343,0.5845307637100481,0.7596258756127546,0.5085091749648277,0.22444269631846026,0.38894852981999445,0.7555007342482669,0.7611167536565672,-0.2096152086825504,1.1660349375000312,0.4383967407681374,-0.2654730100467689
TCGA-W3-AA1Q,0.0818620631594524,0.06316491177022796,-0.659674471667418,-0.9386770569997195,-1.371441327948318,-1.8484131636696568,-0.23945014860147684,0.22512933587613831,-1.7508064626159838,-0.7508496562372357,-0.17037724074469981,-0.36802730934189254,-1.2789509358544817,-0.8843878618081389,-1.2246718689746827,-1.3938173927844677,0.10469819316129063,-1.2995174520410713,-0.6546720329160621,-0.11063871074231911,0.8068397293217374,-0.8054859686770575,-0.25563127053900286,-0.11612486092979457,-0.26851103720227765,-0.09457796787535705,-0.04520245873574866,-1.1563295929576227,-0.6008435856092482,-1.270006885900272,-0.9280763824741086,0.247141143158399,0.33635232979828167,-1.3875291038000368,-0.8461995921921214,1.2102617472472694,-0.09264614171116392,-0.3934482521624415,-0.3345504066579745,0.5912245442436113,0.8867569445279994,0.27078623683098,-1.2825919018412881,-0.5143902982113455,-0.12713333746975097,-0.7086536006543046,-0.03030569444769078,-0.4992114324977827,-1.3418352233551258,-0.5455767580665858
TCGA-3N-A9WB,0.4976137501495783,-1.483427392396951,-0.9056816220222991,-1.197838958073437,-0.8810594252332088,-0.05150693790580225,-0.9355425915643524,0.781998847033919,1.045779679276993,-1.3508736584634795,-1.3554138375958016,1.67254305056726,1.1079793614953628,-1.0465128120135772,-0.6480468028329665,0.06918851277804186,0.556482722893735,0.8352677333612457,0.6397209076269686,-0.05793909883335486,-0.22554527249664613,-1.0939802872468485,-1.1426842441298426,-1.6149495390630402,-1.5087562294794967,-0.45187242695157304,-0.9409275100459755,0.4751820378075965,-1.6075449614464914,-0.2898609293388031,0.3456808850184971,1.002884761899941,0.08853293206727586,-0.7310027719859163,-1.3409328777612992,2.0459252941286374,-0.48286961297182907,-0.22835062078090948,0.7825279861106941,0.11115399609191952,0.6737014790945858,0.5134808532736431,0.7493961890280385,-0.5433799646311844,-1.1492682396666272,-0.12032967071702166,-1.1822224285926726,-0.3327655929540873,-1.374766062947412,-0.7181653401355987
TCGA-DA-A1I4,2.8292025628909507,0.16893825743562732,0.922515101808721,1.2890617962170259,0.4092785613173658,0.009811781356168158,0.28462171962998756,0.9317236373833359,0.20783733067819668,1.3860379962938847,0.7750145007747471,0.12585460710377316,-0.06274683726496873,1.4050481413786915,0.3780129026243564,0.41539489096992355,2.150685965129757,-0.18019230121578994,1.1117133414585578,-0.7868778431468106,1.050724394762454,0.5885829871241809,0.6166821642338578,0.4066884471170911,0.7323226539650196,0.02091646562328568,0.129565432852953,-0.6284851424094645,1.1165125782629255,-0.5691272522385982,0.8507554650332255,0.7191055382943426,0.29387597819921724,1.855063775798004,0.2009046023014571,2.5373269791205,0.6898752968132243,0.42035708585308873,2.1448836106909748,0.05602366873188509,0.535870785189945,1.9284129797509417,0.31713428025165336,0.6366182187102033,0.4970006367537006,1.1069096850906683,0.495514026437445,1.6370625910406569,-0.7319589624490553,2.1974154218413275
TCGA-GN-A4U3,-0.5479598033622879,-0.9011084679865075,1.0631932927344327,-1.0500277910133755,-0.8006014735598495,-0.5067045454899619,-0.10970585556309674,0.06598337679309159,0.6412855633366782,-1.0520450873790153,-0.9278161793588466,0.7939423726395355,0.40808103445369304,-1.4980641421779595,-1.1140645982809239,-1.0822829292896337,-0.21493063456951525,0.3240645877030653,-1.1067811576143745,-0.9923328861264094,-0.1509330802371514,-1.0828287943460049,-0.45624574071922364,-0.8629287491032915,-0.9228113558358062,-0.7042792832628153,-1.080587987047436,-0.44082069918483824,-0.8075964253238602,0.07672284464688979,0.25567575926294184,0.3261414411562244,0.04299562540574463,-1.43024955379029,-1.42734180084782,-0.4843897758400931,-1.1352782496319578,-1.4869644872329273,1.0145614026369643,-0.5534715464695537,0.3925823343254832,-0.6137388435077705,1.2285433110792614,-0.6832634492411029,-0.2649156344118405,-0.5215395322728947,-0.608629153362905,-1.146229219980914,-1.718478586195485,-1.2252936864254789
TCGA-EE-A2MQ,-0.10136659078072216,-0.31382367673144973,1.0640944436928779,0.160007860459294,-0.09965994684246594,0.7142215127379752,-0.09858228806949883,-0.530121456332281,0.3194132430619929,0.2442176677438386,0.1055460202346165,-0.6238759831314857,0.8759683905971587,0.22781820690335047,0.3590403203093648,0.013181902213266235,-0.1513710192681313,1.008285231327315,0.331731206892467,1.3699273354645807,1.0894809963585812,0.24265012463655908,0.23551238248290815,-0.39166839684469573,0.010427610487161619,-0.39935633606170295,-0.39036983260719854,-0.8737769589487282,-0.04683096406724764,0.9174476188702,1.153579505127429,0.5347423774206469,0.5561680562389648,-0.44444620795194756,0.3248148180107284,-0.7803090255675051,-0.834078303943997,-0.9495671460592466,0.035026508568456544,-0.1529211635166986,0.9137139706475782,0.1498763162497722,1.1375059532839873,0.7214973991546147,-0.021763111132786506,1.1225697474415537,0.6651158143060439,0.8241241444334354,-0.5946517565615391,-0.3859097756811937
TCGA-D9-A4Z6,0.2974145183288535,-1.1891726655199828,-0.3751984192844023,0.3821729693424574,-0.291537133019546,0.5434577731986004,-0.8786995415155862,-1.108002101702074,-1.9766493565779317,-0.4759915725457761,-1.0462533491790351,-0.11385556679653627,-0.036154558505776875,-0.28325074289503754,0.3499131603486927,-0.1712328798247736,-0.6487350008552559,0.060946106197946937,0.029668975324685154,0.8473528946898407,-0.31526756062923855,0.21714042499804917,-0.8466022306695169,-1.0636091015346003,-1.1853541053044427,-0.3537300098776585,-0.747429260396383,0.03214955890730512,-1.0335418419639057,0.1615582910602876,-0.40519704714581073,0.06377816296847204,0.6573478536957263,0.17053652106425268,0.8368540679339296,0.24282690075583002,-1.012715164359568,0.831287817115023,-0.32615202383277436,-1.1505578687995024,-0.337567655588059,0.1634378306926254,-0.05712534713087126,-0.997626333141079,-0.37383164044279177,0.1896649267514744,-0.6365262233985363,0.381795456422164,1.0009529685517247,-0.17719584186377485
TCGA-ER-A1A1,-1.039293328544884,2.217003573536445,0.22394241279712995,0.12253060397829525,0.5055034453468403,0.18017347696596706,1.2113902998536783,-1.1987298276772025,-1.9178448448426368,-0.585766388901395,1.487072256228154,-0.5453200700702313,1.1766939436441406,-0.20828996089389845,-0.3941773054740045,-0.06594904198945893,-1.5807132927914007,1.3207476091712993,-1.746215427894471,-1.1127199842580764,0.4655858696242089,-0.44399324069647644,1.8231175849462657,1.603724389125548,1.3771019497123516,0.661709956658566,1.2959448898104124,0.019154887435035513,0.8032792668024117,1.5686318393510608,0.006513924150020732,0.6555476654035061,-0.3895594205547447,-0.8064701348019153,-1.201286008047677,-1.0281782995579636,-0.4119950025864174,-1.2033620464313817,-1.617218552308784,2.5946810341042204,-0.5825638538943431,1.0570305092446834,0.7063713772568044,0.6009202292602133,0.8139558689180214,-0.6591139578132141,-0.03572040047703251,0.7592153498287939,0.06051483121806648,-0.683216214217873
TCGA-FS-A1ZU,-0.3877178887480988,-1.0403648121511957,0.002429848258301329,0.16900861103919224,-0.956659898651255,-1.802725663805617,-1.2945927268259383,-2.430287128894424,0.9211085689825498,-1.4919590784061212,-1.3612834913622742,0.29615976574448816,1.2845441456131088,-1.1057310618408676,-0.941222711692056,-1.0537686945037616,-0.2900375568718885,1.1488450811933189,-0.11601834816065293,0.6251272575506095,-0.4031119364965068,-0.14836693251972694,-0.7876112087681626,-1.2379669300482647,-0.9467536875402497,-1.9250425172150853,-1.8114135764974315,-0.344760647115357,-1.023510256569488,0.19989386263526077,1.254224417079603,2.3409951288462576,3.018850703136621,-0.5841236399620844,2.009882754505127,0.6550079651950508,-0.6770668880853249,-0.05177066768046598,-0.948036114474451,-0.7026862308121986,-0.5953108361701978,-0.14945655283837725,1.6700608270111839,-0.6093969235104665,-0.6513241397665414,1.2503940894826657,-0.22806596074460594,1.0472467315927756,-0.05904902723877323,-1.323681176527196
TCGA-EB-A5KH,0.08368883559410378,-0.9719560286000349,-1.8689370899397062,-0.8749513160278626,0.14739856939914225,0.09816213445716972,-1.8546140986169424,-0.8993082948769453,-0.2838524768797699,-0.9050663555720486,-1.5350544149274397,0.6739394908686234,-0.28701332439872634,-0.4400561738838788,-1.0027855045094312,-0.713871839112547,-0.24829345735065625,-0.1750791876984436,-0.04081392530269702,0.8015055595855638,-0.560748095212089,-0.3778284272358643,-1.284032853386349,-1.4974506201857476,-1.4035810889472689,-1.7785787370143358,-1.5629889122545872,0.36734927853471505,-1.5296951173629665,-0.3438249855123152,-2.0097590601992867,-0.8059903087952115,1.2529674045397536,0.008441585417799167,1.0803285427513178,0.22255911345590335,-1.3595550141955886,-1.6241098501947477,-1.5117017098379946,-2.6040505774361975,-1.3849546906202603,0.06468671810502419,-0.6654170956863598,-0.17336510867931418,-1.313330685276779,-1.2979247680399368,-0.5184294229637305,-2.2341970269928573,2.141596866817052,-0.7318688290017209
TCGA-QB-A6FS,0.2135239498693026,0.8495784054641533,-3.0470326204805915,-0.7451606205378596,0.5745774571305591,0.8064410191745226,0.049417303681329676,-0.6314894053981649,1.0271573676221375,0.5433978468324782,0.32524349670792835,1.1754146863245258,-0.17661449257553632,0.044854253555330736,-0.22037997161270484,-0.38231779407533234,-0.27072740169698495,-0.6466311400603494,1.0516468367807708,-0.5822794885535527,-1.2497636076202538,0.762033724868393,0.4562161932225918,0.50267610521785,0.6637890009403428,0.47225210186694033,0.5222303866113399,0.9572502391647217,-0.12746247495371968,-1.4355469663133933,-0.6869796222360733,-1.407348630984595,1.4638539604405476,1.4140115469054657,0.7687951490101255,0.556380415993055,0.7393004617016301,0.9916145962590928,-0.7442679664725436,-0.3105511105082117,-2.631250097440563,1.640014493037888,0.33529587777444114,-1.5066766825706592,0.33850215861583777,-0.6103991023556591,-1.3314065398489083,1.1217723125827899,0.3420473966453452,1.2344860590494386
TCGA-D3-A3CE,-0.11600233751609322,0.8176812161867261,1.2508701881168631,0.4419822721770485,-0.09029744425316485,-0.5298680826283485,0.9252905142031347,0.36946919801671757,-0.7946700755581263,0.09005179293518269,0.7968409498363109,-0.3474673590132973,0.766973850212905,-0.2096618969202666,-0.9184023103668738,-0.8359625891406047,0.35126042856453876,0.8601332760547663,-0.4672349136722221,-0.21513809538615167,0.3659659853284717,-0.5896123556235886,0.5097011142485434,1.0067124021309402,0.7094750252449574,0.22404241338696776,0.48195213082218047,-0.523398340786636,0.7008575341207935,1.040112739365847,-0.010334235823584953,0.3153019886153652,-0.15461729335786878,-1.076801660518438,1.9966925980412888,-0.6545935217329615,-1.1997944465896961,0.4547535670789608,-0.21495151857718908,0.731850990425249,0.38142293552827133,-0.36814651677492144,0.20299542490060296,0.19504613415019126,-0.01811229914672558,-0.8205041059150123,1.3497888179594766,-0.20653831632210554,1.2967956972763863,-0.45476140936586623
TCGA-ER-A2ND,-0.07229903531370507,-0.49566095500511803,-1.859241388886099,-1.1050170646728463,-1.112103478117349,-0.03470732929679269,-0.8431718854383009,-1.6901685202272023,-0.18493433445291294,-0.8751300907585621,-0.40631096455250304,1.4707057472711211,-0.8150784356381355,-0.49239885922499643,-0.6263130350089998,-0.2961337562779513,0.4019331796266976,-1.059576854524461,0.6695219808406219,-0.46314424557489586,-1.2142559420299246,-0.7311464398656838,-1.0369510341778865,-0.6882124512574077,-0.9245417481857711,-0.28345833098908646,-0.4918331904004117,-0.1427250014749741,-1.2431878757523462,-2.0357156823908427,-0.7154690085055313,-0.02307057487023031,0.6102469681266665,-0.45052325105484836,-0.421457764007388,1.6775260410959443,-0.18096248660319392,2.3258321807910085,-0.20841603431746952,-0.6041238246392522,-0.9948384479649709,-0.39118941985554007,-1.4641901467918812,-0.6628008766308505,-0.6934321082074689,-0.3134414209373038,-1.2406353117361995,0.1952990017413084,-0.23495763127041844,-0.10287310958805633
TCGA-D3-A51J,1.2806392033840985,1.1725660984378965,0.6963336657275894,0.00015429220403065283,0.4722633124169653,-0.25730822898097777,0.6397056780486338,2.3537876562900832,-0.26400623159645015,0.3437628373513129,0.9549182108879047,0.16805487589880463,0.18911333686740264,-0.2883282651216315,-0.33781157048482946,-0.16712001361875684,0.9274174314118454,-0.1513563699913049,-0.4697357579626063,-0.7711666788129983,-0.461314745572772,-0.10426829906278312,1.0270850339740354,1.0476792361841885,0.9543625042771064,1.0767080840482526,1.2699653275145977,0.38732765613783576,0.9144389724828057,-0.2073904953260945,0.5591943258050656,-0.4392963465740789,-0.638860560179676,-0.014197687478848297,0.06848312186080104,0.5273533786979755,-0.011051954844000685,-0.47843555635210466,1.1185580878429344,0.6927552680971825,-0.13427115746031607,0.23014209031546004,-0.9797078560402971,-0.7550829330508658,0.3648003416716996,-0.2961320774598246,0.22103406968169165,0.8374503045636903,-1.2098218629559991,0.021807162107732307
TCGA-EE-A2GD,0.08693781525109949,0.3258199488248193,0.816356784599566,1.8788932091707649,1.4785233697094355,0.6251260023813655,1.053461032324661,0.5164506564739907,0.24463930989160151,1.3891090143336366,0.9234786983522671,-2.604739340487861,-2.322321129186601,2.123798449334651,-0.24529990052186126,-0.41396391089627504,0.00445029899304761,-1.8996506684489187,-0.18593287991155993,0.5610071222056207,2.232293192176893,1.1395148100665389,0.5992664741348148,1.2387548334398275,1.298726231223973,-0.36481321503309244,-0.03171450015525808,-0.44440238523954356,1.4253761975955268,-0.360708954637341,-0.6263573187931609,-2.0059496593108768,-2.170781202781936,1.5647595985760272,2.5000559604177988,-0.7539644199344615,1.004672930991393,0.12796059848095045,-0.5978774693477824,1.1181398961657063,1.1415427107914564,0.2049509725050371,-1.7873313047166977,2.2357270885249916,1.2181890274806644,-0.5121849002889951,1.9046660547995957,0.2519882214771129,0.2593481149147813,1.227174933205419
TCGA-ER-A3ES,0.44657058256306487,-1.8322342369202238,-0.3642196836491628,-2.7160740044968104,-3.510133790049773,-2.1850279039718234,-2.0412784264551243,-1.2615750270498594,-1.9217023786654714,-3.2984509169127887,-2.230185938844722,0.6141671152065855,-0.34661455315441536,-2.6968669595358605,-1.3289124597748756,-1.872535963490081,-0.7962498001474088,-0.547617495585276,-1.9258116437933954,-1.6743669330362256,-0.08726500483133028,-1.606802108069798,-2.0027513538719868,-2.4276759725616994,-2.172103234233321,-1.485582861601089,-1.8011063186703575,-0.4048321817107144,-2.0298666022277474,-0.6358888078113243,-1.5108812148774662,0.7535542894164976,-0.16527055702198648,-1.2435884888872788,-2.033443473113878,0.7712292663551802,-1.646248216245757,-1.828791493462301,-0.14989146874363513,-1.6082584070552068,0.05422248862283428,-2.0578451868114094,0.4706362428658507,-1.7377333084356286,-1.5283099565774112,-1.6394811767092,-0.5606150261315016,-1.7307559012053864,-1.2407676438223658,-2.5567277034849876
TCGA-D3-A2J9,-1.0980821825821625,2.1932868063305464,0.5435586202815791,0.5670241375705872,0.6179420894539703,0.49261939701885865,1.8423987253765521,0.6201826105932228,-0.3837279735996108,1.0140023749445988,2.175547138463301,-1.368368742866821,-1.0480689291573058,0.14956935131877563,-0.16697461115963663,0.037115547748370184,-0.6423998404250106,-0.7284739465183616,-2.0941602105613333,-1.2833788036516036,0.44018115491526505,0.010370775239138397,2.0667384321482047,2.043399136951915,1.8377106423257097,1.6486862880903637,1.9954496561379638,-0.23953908509148505,1.7998935178257318,0.22047066505794818,-0.276144581078441,-0.8155770082196732,-1.7577924184316465,-0.623778766526779,-1.4111561392693306,-0.8141649487965322,0.2909416841528197,-0.22584115973560248,-0.15914553708435505,1.716729817753804,-0.19345375012797061,0.40332319594742655,-1.2879813304740941,0.7525080946830844,1.4816851606624521,-0.7718272839428217,0.25020996525905453,0.05637751201407158,-0.3156281720364484,0.4015329357077306
TCGA-WE-A8JZ,-0.7909120248546745,-0.9000177026709837,-0.07225580896974348,-0.42965947181296815,-0.5549216291787382,-1.1304503217793134,-0.5045755876322203,-0.059874619385065886,-0.7137984474249165,-0.46631457011929195,-1.0386125258946464,-0.19323974216885828,-0.7356093022476762,-0.33217175284298645,-0.5530863492463018,-0.9000113681806223,-0.006110936970142126,-0.8434934579938389,-1.1490386752959476,-0.7589562043900145,0.33284061553059224,-0.4280589268937832,-1.0255359137009468,-0.7399505974235974,-0.8730191741517955,-0.6517901668158501,-0.9450267572892347,-1.1917405164312804,-0.4998460762561855,0.0218319783748479,-1.27115310352014,-0.6082100835260061,-0.7366208164689765,-0.3391983665215383,-0.5971147882446894,-0.8373542921240603,-0.47712940617547944,0.4403829485828081,-0.31234466878496214,0.2488893732622915,0.2961499153185989,-1.1448055543870637,0.05736713920910421,-0.7776539787352879,-0.7033610585478635,-1.425769886958001,-0.09173510332765528,-1.200027653249742,-0.9740219735079474,-1.0127536101189438
TCGA-ER-A2NG,-0.34371117330110434,1.3027261959870613,0.5602664225398656,-0.48594718320165775,-0.2939007612830135,1.0673285703835558,0.7676443283753095,-0.3701089748765101,0.7611704429788638,0.9098613808099479,1.6785554311252187,0.12458099892314035,0.4995528815147581,0.22054251505275776,0.7976800933895867,0.8193600591956769,0.2882176475644572,0.7795516304473374,0.7707895308075943,-0.42563579395532813,0.7652925693546528,0.8595718547062629,1.5042086376274886,1.2508027941890374,1.6593226783775257,1.2372751942040778,1.4390710579529653,0.12244699676611458,0.7191561656127523,0.9862325877423885,0.8227043010927255,0.1679373802746119,0.21423637784933316,-0.8500187049929219,-0.928361282385378,-0.22521699452642516,0.6840973266919116,-0.668157549264404,-0.10969047384749053,1.3691186140984004,0.6770872774604492,0.6443569266588234,0.8617468142619616,0.8030773945512382,1.7078353942703293,0.12496089381360617,-0.17637895386073896,0.5588619716413703,-0.49456932104371193,1.0307947512105122
TCGA-ER-A2NE,-0.6967044775356798,-1.3784779698887224,0.9288518817673239,-1.1608855309372805,-1.0613877948186838,0.11145420247838041,-1.0877156230884077,0.010039558442288368,0.6088441253098227,-1.3849981967756828,-0.9264841931379649,0.4819808506788182,1.1218086809370222,-1.281298764170112,0.8248506332499974,0.11585631073602075,0.2708374272138731,1.1525152601013877,-0.09294454791555608,-0.7038960964196017,1.6375673179645078,0.2324979706875188,-0.6217587000509539,-1.1423691755292649,-1.0585056973050337,-1.035294577539658,-1.195774283906899,0.032093329066075545,-1.1918690430934504,0.9308155032592582,0.7736197293875418,0.572342686467296,1.0044641297279504,-1.3576392284276413,-0.9175517861597646,-0.8819446067885984,-0.4291718006622776,-0.2650228592825178,0.3550448089354195,-0.09414676171884263,-0.007620254875003821,-0.6928989090507282,0.3766711119708259,-0.08113682120746259,0.10128122504339337,1.0151949545658694,0.014649611314657956,0.35225572041362163,0.48691991259014145,-0.3036327281294392
TCGA-D3-A3MV,-0.5973468512139763,-0.8948213223431067,0.17868877453946422,0.9050616698055016,0.10707964018027988,-1.108874214002007,-0.32431938503637747,-1.3355478721533176,-1.1311047772633105,-0.3819222787591784,-0.5391498032954998,1.2720092164358203,0.4398573527470341,0.48370418465806536,-0.7058574426608403,-0.7191435456286779,-0.9708779539710312,0.4720239484610861,0.8727536875993962,0.039602848160448165,-1.1920816208679663,0.2770011596681017,-0.3413808598339495,-0.6734342954945399,-0.46752465463535403,-0.3674822428181426,-0.7508081351709093,-1.0261536257316977,-0.34400870050821813,0.40686988743750313,0.3699820868116173,1.502038211817349,1.4951731182170684,-0.30152651382361806,0.45101581164791743,-0.23274085552794252,0.13490585323725535,0.3013221511331756,-0.9050704092597811,-1.1660175164136106,0.15871300940618485,-0.24236895963157568,0.14926126433440512,0.714781636391485,-0.5694923147773067,1.3454698424493947,-0.050490777801218814,-0.10799572170043346,0.638753280402122,-1.1484816219335485
TCGA-ER-A42L,3.8243241866069053,1.204543356165608,1.693188417508627,1.3562434784026727,0.7591489513148459,0.4412876622672507,2.0990869940475188,3.4816069095599906,3.685212212653241,1.4435631297784386,1.7029567777113335,-0.5231875883501704,-0.9759683014930359,0.7878177509368999,1.225660692632632,1.898237975040813,2.9675955613833866,-1.0171955271108895,0.15870353519163607,0.6177789073046236,2.121549637418929,1.5447705098376336,1.6685453589560089,1.3582537122018818,1.2582506860618117,0.4225221648156002,0.8934432998673922,-0.19048212593971142,1.682174984005389,-0.7469958970207219,2.6488815833565287,-0.4201473725027251,-0.8997512663565975,0.8903668513860472,-0.5471298092380456,1.4950358445383258,1.188409020517616,-0.20693903782279802,2.1968380181549,1.6096614330857322,0.25973880689063095,2.168078388628436,-1.2447399529160326,0.41407213641765644,1.76362598780457,0.04129605605214348,0.9390814193522888,3.3695213935931707,-0.6994873666350063,3.427348027274743
TCGA-D3-A2JE,-0.16922141110801256,-1.1756050022334683,-0.7516325774571526,-0.05210527440369114,-1.2805213830635591,-1.5710246355355417,-1.5146600545950373,-0.7198123003854976,-0.5057856304732353,-0.8902216885007002,-1.4020295280708592,1.2288584274906824,2.014730910357434,-0.889163631400919,-2.0112001715135217,-1.1738283023398173,0.05458530701580725,1.6985614190748204,0.15271834099392334,-0.5675892517297358,-1.3504575840548374,-1.594762111742651,-1.1120023908070575,-1.367253531448291,-1.3667869345903625,-2.1232939437697786,-1.8310258283020724,-0.7895993773623565,-1.9303908066041884,0.9053319467777751,0.07560882819127991,2.820996507405726,2.6158773317768786,-0.7608056329538215,-0.1654693915557118,0.9094845308838664,-1.419610362954463,0.5505046905078652,-0.19406238561249933,-0.9596283382622294,-0.0535923413198546,-0.38856120329573024,1.0807025973959472,-1.2655112581294172,-1.7084335382804299,0.6291809782163098,-1.3369629019305154,0.5341225080089399,0.09421999818447817,-0.644093700530252
TCGA-D9-A6EC,0.6980682340012945,-0.7971063432276526,-0.5954428667532091,-1.212062848367994,-0.6883002652492956,-0.7175476849134901,-0.7226766298534356,0.502706213152946,0.47793217380673436,0.07119416408272489,-0.5699210952756945,0.44579689735000155,-0.22484295023443582,-0.8914918653418838,-0.2014047668657671,-0.004366345344349645,0.7599078491933113,-0.21442000961341542,0.4165257032298292,-0.8920137779101818,1.5707959967228298,-1.1646682151097405,-0.8191705938455341,-0.852549770699889,-0.8048166671426115,0.4632927247975055,-0.2540204449628965,0.05405702757747144,-1.124049756639217,-0.6080087938317886,0.2841452206208293,0.5143226562607778,0.2357772682567178,-0.27705094943452285,-1.6767432879542754,0.9397980914147473,-0.8064789952912844,0.31977938437385667,1.894829714353212,0.009149010020494274,0.4911548781476214,0.03237681007748964,0.8849767242927936,-1.313796982015156,-1.0671015381827222,1.43632660267546,-0.8745003248797614,0.014969407064768478,-0.7086464256969042,0.47435644368630553
TCGA-GF-A6C9,0.20552084302489296,1.6050088615804792,0.8478578080141517,0.9967276885870223,0.5960741496710904,0.5995867474073602,1.8961107563589925,0.45136785641477595,1.1798363975167054,2.1690730552014417,1.9899751451869085,-0.14885232864541195,0.4910797050491976,1.3841152719725254,0.09718990907215715,1.1120779981133053,-0.1920661600880685,0.36605616237365723,1.421821288473249,0.16308988377662964,0.08481358650879332,1.4731994813638791,1.6705206144956801,1.5323911215269197,1.4692169284995809,1.5242016372041367,1.4436500214685917,0.032358247198892465,1.805426366250889,-0.14097685693115167,0.7609604418365723,0.6278091082314987,-0.3712924950584887,0.5062602861810697,0.8576627253696507,0.19191215468734601,1.0808969557801154,0.33936177341545454,0.7636409431385996,0.7965405587230356,0.3201851291972328,1.0708461858443459,-0.5908830871154479,0.9796814109055201,1.3901313149070953,1.2023603923745438,-0.3399478822484485,0.48622051011781514,0.16973643135565508,1.28192710226741
TCGA-DA-A1I1,-0.578062781332991,0.7809417461864342,1.444847177603968,0.7619237968878604,0.8216382967264919,1.275370259058816,1.372749930466903,1.08570030937826,1.5417588991445834,1.210480645128268,0.9305512899651651,-1.9919972499590366,-1.1475312912221,0.869853009535947,0.31006023827620205,-0.0861916998363748,0.4773335712592278,-0.8952726687006266,0.3485536709093453,1.9836865870846672,1.3307157800206033,2.078067301840742,1.1071739914596062,1.1507808576574994,1.3535802239951082,0.9264210509897479,0.9409178757976577,-0.08647629171171768,1.34406912456272,0.5401919885073503,0.06550403234892058,-1.596657576631716,-1.0810874405276956,0.8524199082637974,0.64550949046637,-1.434188068288581,0.4733751998420648,-0.745933297430227,0.9029180193638014,-0.2833255586207703,0.9083612268688891,-1.082695342035495,-0.20424916213071573,0.9557418686110907,1.6084164717230938,0.13774229547252162,1.5793658250057028,0.3364479810003529,-0.07450729313457537,-0.3245248633532661
TCGA-EE-A29C,3.1319034558499297,-0.5626501459260008,-0.04745757921213374,0.6600707065660286,0.603229232046923,1.494870066964204,-0.4453499157011583,-0.08841702977387256,0.9060722355356221,0.6731062196332109,-0.20004633268867006,0.8957930739362588,0.8259404759242575,1.065692406896179,1.0312372259421652,1.1196130581360961,0.9745198221578815,0.8600735067430176,1.4391625746346444,-0.45645343639886565,0.07525532491672812,0.5995874540301157,-0.15147798239060412,-0.18745196026196073,-0.31993996239113054,-0.6558851085689222,-0.4401623478800168,-0.513836530009956,0.03551191694668546,0.08838696252797465,0.7317551195019107,0.4286451459883503,1.6607255285847444,1.877190900345997,1.146979708490494,0.9475378419159957,-0.035165583720228905,-0.23638442141950933,0.01778021833924966,0.05393989164550715,-0.28924628538091623,1.8164345457759865,0.3452329887588366,0.06872702311508476,-0.09544930132383297,0.9324475217022801,0.13772784913872996,1.216633871702705,-0.18207370106068488,1.5646406316782189
TCGA-YG-AA3P,-0.21314531457219962,-1.2830239123698264,-0.10275848621505716,-2.1490136270863696,-2.072015167664796,-2.0046773017458865,-2.5524968244867643,-1.26673915218245,-1.8061042418713773,-3.592975340773531,-2.195854515217229,0.7575674462023592,0.6485653093887335,-2.3646141886075718,-1.2729774582872333,-1.1883935128475438,0.2936970723367082,0.4138816157227631,-1.0426611321851489,-0.893000365059498,-0.5472454996165365,-1.2137980644062667,-1.6412187020916174,-1.4699289422234607,-1.4614168130384866,-1.51572811230596,-1.5362190144731995,0.03470928725369628,-1.8091771324437507,-0.13517421422626777,-1.4198023005387306,1.5966825941566678,1.311402276507011,-1.5144749728301736,-1.243840883459514,0.9175490476465802,-1.0363597976493517,-0.012114431334785725,-0.8862522800311224,-1.0711623841894313,0.1747086445363489,-1.9365206909274637,0.8565574377587293,-1.1205217998756674,-1.4822059127177685,-0.47181078691343764,-0.3407659294033997,-0.8599324996579529,0.02039879776570675,-1.780403683614772
TCGA-ER-A3ET,0.8992886540936293,0.24515028913731787,0.3382716802472739,0.48983751490006094,0.8660500358171994,-0.14154383561521974,0.5922932145074723,0.5609652916421677,0.775380521296597,0.7708043836850409,0.5449967500747305,-0.9598168548675705,-0.3960399963245267,1.1371176882595613,0.07938700246586393,0.481137806419643,0.8763881203410251,-0.2847041706134068,0.4492869692276851,0.0752917293612136,1.531695062520407,0.817815120288062,0.29560387689978745,0.8120459521633272,0.8196138379439931,0.7293165177194729,0.45059599221303986,0.2289291069475418,0.7656678545324495,0.7327969676621399,1.1749729212775808,-0.34476194684072775,-0.5251254728345475,1.611557172689277,0.3446236261090073,0.21153417235769167,-0.2993050859294857,0.47603111114476554,0.5066182934414972,0.6467929986205082,0.7663845344496801,0.2033911706144735,-0.23646791222284508,1.06738709712529,0.7125849949131607,1.5987413636405057,0.8810406167931382,1.041010837442359,-0.12067164192365676,1.3511793488002757
TCGA-EE-A2M5,-1.4027450078957253,0.24787805822551112,0.7147647486581084,0.7078602676580601,1.1399821511247832,-0.7262194241249305,0.18936237555321803,-1.8508804695558105,1.792007911808101,-0.6649907479005471,0.4184498576006357,1.2275098657949934,1.7454534150127392,1.0280317513553843,-1.0373478621987782,-0.3614426199989198,-0.2053642835462542,1.8987248239903713,1.4201630527511826,-1.0997830567706057,-2.068629883456429,0.35005684434604944,0.10997819162374914,0.9922431122965113,0.9468375484418469,-0.08049889984023295,-0.038265155477076665,-1.2724830923467938,0.7737646130147792,1.502520014477586,2.1683818161084973,1.9751586216098642,1.3818078564385468,-1.849646123090524,-1.9625070677919374,0.25687718349754124,0.38107345483646216,-1.6457174397507524,-1.8356654818373603,1.5207314923059572,0.5353239483148668,1.0378377960721668,1.2821916224901309,2.2847367093855464,1.1012177961721328,-0.026705934432462265,1.1688881216064353,-1.787613920060351,-1.062952915001215,-0.10954613927941967
TCGA-FR-A3YN,-0.02100669278612789,-0.08148789152812792,0.34653381138615563,-1.5197471651666103,-0.7018273595225824,-0.04513215808216457,0.13569627819235566,0.8388139322433842,-0.9715056177445988,-0.5199917703779283,-0.08636020776309544,-1.302555675326585,-1.5388818256017658,-1.1518098407988566,-0.25417212317789234,-0.8434660435751106,0.5997406895100292,-1.5197645870234533,-1.2330816655726682,0.03987961988482475,1.696449039831142,-0.9223904380131801,0.1773851888012757,-0.1156128531912138,-0.09917620849114846,0.4684885188206903,0.3857582305007434,-0.9411113346299111,0.02518139387373578,-0.725964319478634,-0.28304871980141266,-1.0884903242291732,-0.8810037517521645,-1.151247418066245,-1.2243597409720675,-0.7664915313141929,0.29354468036367776,-0.6004529785811948,1.5418794966358211,0.748256481352488,1.2154923750824176,-0.3824481895617494,-0.6038512690955167,0.16087597594363948,0.1877923626959314,-0.5083779032304852,0.541272138057005,-1.0724472018728024,-1.105229672195672,0.30455165655456745
TCGA-GN-A267,1.327826537826914,0.044775528786761075,-0.8861271343035544,-0.06470558661729557,-1.0307554952086706,-0.8578914961799432,0.04105389100018385,-0.9795900679745388,-1.450480128700969,-0.6884810489747013,-0.4269148154721084,1.3431868493132337,0.7343624031272142,-0.48080550294329916,-1.010441069546336,-0.8234575713141103,0.739810998020164,0.23606357327495345,-0.30256236162074895,-0.6671002465524504,-0.7987785177640321,-0.7535735925656883,-0.4116867520228996,-0.44252931878279583,-0.4395029173307885,0.43918692190978287,0.13217692117415922,-0.04931501042453023,-0.4568223086425918,-1.0881535346850495,-0.5097744853491548,1.4503594032722507,1.0027269434511514,-0.24215467361542814,-0.1136899193742908,1.9277095691306263,0.5163035881045718,0.16963738181141405,0.9551892041720496,-0.01675672281507428,-0.06473185360992063,0.3668772502841315,-0.5627437993632638,-1.381363452915243,-0.20554157804456988,0.25628774907185115,-1.0773799444086167,1.8686852566519916,-0.8027091166038292,-0.6245902600954055
TCGA-W3-AA1V,-0.30394114141187184,0.28514340050909465,1.0713088292656026,0.9036326558757016,0.6644234380643731,-0.7691691379707453,0.8874655456141853,-1.9884897937703105,-0.7055399337962421,-0.9263587653846441,0.18374698544694087,0.530015095424581,2.020596154044105,0.7938399333600231,-0.5589564458971108,-0.3850922015199322,-0.059459299722571426,2.1575904646003385,1.0205383257131757,-0.18132718408184129,-1.542401958409405,1.336107889952859,0.6306265840941238,0.7377675212453844,0.5903618964599657,0.09931227126801971,0.37078625650938896,-1.086231874609597,0.23658425514003903,2.1747587287886097,1.4463180181338005,1.6939325816405955,0.8877366259734699,3.1305761395529714,-0.8051192121050444,-0.26401345856125963,-0.2664725844064738,-1.3073215063653594,-1.2601240037105974,0.755562984816204,0.7116558424095084,0.30263425017512796,0.9599455981896101,1.6935446036333774,0.9464573685293833,1.8376503743771442,1.2117929335133715,0.4282906199104311,-1.3553679223089095,-0.19017749682292145
TCGA-WE-AAA3,1.2406492548398775,0.22087879522867152,-0.15532371563866987,0.4424451568166244,0.08057485275264066,0.4781198105036749,-0.2856844508722982,0.29280663089451686,-0.021894726900512137,0.5802571036260542,0.2277861944557731,0.031765337942422034,-0.4241532744687058,0.554945139151513,0.45636555597508244,0.10484362184526648,1.0028258555610878,-0.4694173787955977,0.4168474260400629,1.0193068748729708,-0.029124227171195928,0.19366497079898545,-0.11899149187983568,0.4058999850369585,0.26155355179398043,0.06542227309419577,0.1262527290717415,-0.08254829291197936,0.3399602123825864,-0.7494550672146606,0.2090563733763651,-0.2899433215496382,0.1924790945992154,0.9864926289108151,0.11047643752164005,-0.12281072609776843,-0.234142994470079,1.2619604054665001,-0.6345926021147802,-0.3312508057424373,-0.010710050440756045,0.24243961384206963,-0.5870168514638046,-0.38751503229065876,-0.5266922473446508,0.6393921030107033,0.05311149480540307,0.382322790272427,-0.23331647140256254,0.8825157236562644
TCGA-ER-A19B,1.2527491652121405,-0.923282710222177,1.3255303767928466,0.9091622509765137,-0.01658098817678581,-0.7242080276856591,-0.29859482082724303,1.3023008995339942,1.2713505851225098,-0.012088915064987812,-0.27052533877992435,-0.5352532141074364,0.03926574012150215,0.5263209379168529,0.26422016136461784,0.0040860419629703704,1.0637043325854654,-0.16885547142547863,1.9403119296773919,0.0666578342336743,0.6472325516047415,1.3968314352212976,-0.17040269482531722,-0.7840147070838093,-0.7812035377868192,-1.0817425667885916,-0.8944264947038065,0.010018941870762127,-0.11986942147485895,0.3832699953730902,1.343569065065961,-0.5453293206605472,-0.17124760668742905,0.3455933955819309,1.0460587690533543,-0.3557954194452798,-0.5161436539125043,1.0525277543339442,0.4451042921544978,0.2683361691977841,0.7555488371784992,-0.22064816419666541,0.3283872701383598,-0.45396267825889147,-0.8147694484737958,-0.5155106193956054,1.3036953928328257,-0.9955304443546822,0.5620657280604149,-0.23726887407565406
TCGA-EE-A180,-1.4198318714310842,-0.7322670888123204,-0.45615930604110605,-0.5954593247918483,-0.7377995266528973,-0.07560707559631107,-0.5391630796258656,-0.9446021584358442,0.2569725263593726,-0.5699899587364872,-0.4773995115016692,-0.01846217138429972,0.2987091755385465,-0.6665172560534244,-0.893372426519928,-1.2505273223493703,-0.9261280924567529,0.5481928518967515,-1.5305660032547015,0.41058855377283127,-0.28231739456244426,-1.4445375421323323,-0.7368152769853639,-0.7903817787266034,-0.7402366289267599,1.1025005926213831,0.2567439449941551,-0.43949950751465594,-0.8961837656925792,0.2840831847497577,-0.5206381272478541,-0.16096594683955284,0.36245970357852353,-0.8143966130413495,0.6584225910001505,-0.8901896787157692,-0.8227912774483398,1.8001950133723388,-1.6386830190376886,0.6229851999031152,0.2965047185699267,-0.6995544295193196,0.1543739150384667,-0.40703393396371707,-0.8944282587316518,-0.6087922957550779,-0.0008201661737391651,-1.3216583205048982,0.8800262479043867,-1.789840538656617
TCGA-WE-A8ZO,-1.1562974825353816,0.26910280662976305,1.3819706811014936,-0.47755305678826343,0.14955480117029932,-0.8525000142832924,0.517621323271983,0.08690682018371991,-0.05981537680226385,0.30727745089577524,0.5915272753895372,-1.2885246372233212,-0.3381980337320872,-0.8677487543910968,-0.08008601401738932,-0.20362784312603716,0.0018785576472442483,-0.05592956607978162,-0.7705783196336828,0.5005487956602068,0.5643776999065886,0.39175038052081157,0.05797949936864114,0.5198369163687803,0.4233014982369903,0.6734503040513704,0.6346575477582023,-0.9397579051756667,0.27194839490106926,0.6513408509981837,-0.3496509787122194,-0.29606139795165615,-0.4017862299508438,0.22665984567465614,-1.000453293233631,-0.8651990255116979,-0.31298668905572286,0.5303514515473158,-0.377836444031019,0.9009608451043578,0.3937108901769129,-1.0066940976133405,0.7230649296739324,-0.04161970994107796,0.4485214368049468,-0.058980975569747504,0.24558036671880068,-0.08888689015655302,-1.4701667327602204,-0.31662983771350395
TCGA-EE-A3JD,-0.8348930403062584,2.0511284970370416,1.639296270316711,0.5357856909384459,0.28381914498954464,1.0429612863398827,1.5708302972727353,-0.71543267307743,0.13111780920929225,0.4207561481384907,2.0904029932480745,-0.8115824514013245,1.0810794767596634,0.5827143283109579,-0.19444564970020436,0.22324960792543738,-0.6485680698917564,1.2460767158835209,-0.5820777169009079,1.3582557710918521,-0.46932110360712237,0.6713192801212935,2.1105242065782654,1.669546479572957,1.7948516968738195,1.3830587866720443,1.767568328202475,-0.5942098528434949,1.8071804575849937,1.4704487765050758,1.3164907634715937,0.9199843276577411,-1.1881333507332277,-0.410024492090238,-0.9719990990210073,-1.2431632325145618,-0.08044895354332675,0.41195919874219905,0.40696726906543873,1.6602109725912515,1.1666364144018444,0.170436442765292,1.206082400548231,0.9513541060115686,1.392346871770382,0.2572904957889689,1.0995495350828832,-0.49108343446022285,-0.12224656538946291,-0.5668581324487295
TCGA-EB-A5SH,-0.8509674800970618,-0.5548058376717633,-2.8921417925804276,-0.8756970124133133,-0.4752709300627593,-0.35133954770204623,-1.6585447125230626,-2.0077370814142346,-0.25108700503255543,-1.4624048136507262,-1.202717223279727,0.3527445785386775,-0.8038443857190772,-1.2450786056533238,-0.6035614636322513,-0.7419728708365134,-0.46233549429195897,-0.8037346264239342,-0.49178290450189344,1.7385994094071568,-0.5653269589710371,-0.960571402309527,-0.772462898490216,-0.8333806499621204,-1.0853764439767863,-1.5589838285158237,-1.312012633952608,0.8747864935310017,-1.3035254988938203,-1.1766283668294868,-2.2229609705469513,-1.3705756810716965,1.0906984190991862,0.27298399765967296,1.3751820840503806,-0.7340855980264811,-0.6285513749091408,1.0647529862579757,-2.2096812419901757,-0.16071224388760127,-2.2452972843654146,-0.9206673912588389,-0.5140249183230324,-1.0929215211517334,-1.0722839864375637,-1.2476275906798422,-1.3742725086449676,-0.10520951741175286,3.4888091464017625,-0.37080376207675786
TCGA-D3-A8GN,1.088049335864212,0.9223019497266083,0.44163493692433237,0.011423594276773887,0.4582527901965076,-0.33418372273606717,1.500909048246992,0.7288817013481367,1.051629583103882,1.474040930266168,0.8096785186191517,0.6512550992961069,-0.8003516903166996,0.5734583991554442,-0.7499617590737594,-0.5278441148510591,1.7114943203303412,-0.9480732197948865,0.6420828623172758,-1.8599075954875608,1.223940612395131,0.638383957875774,0.5053432861671624,1.1559319793480798,1.2791698234212168,1.0115404789393916,1.1071649811907547,-0.2904298611602356,1.0343091336701418,-1.025609792329755,0.6653725036050229,-0.14934152309318252,-0.465180353584557,1.3367909886979534,-0.7340815328299709,1.4126064815365231,1.0061193267226816,-0.28550651458157406,0.4828536906550164,-0.11684808076389368,-0.11961023210121371,1.4989017034644827,-0.5255827970927707,-0.5128415628765826,1.3018720150507217,0.3079282742915075,-0.4224592668342617,1.6504348243650186,-1.211795770073522,1.865517132349463
TCGA-D3-A2JL,0.5678186276895285,0.9414926609947777,-1.2678762787507876,-1.7479668003690185,-0.45696822295588696,0.07765392737971495,0.4905290908002382,-0.21368489839600074,-0.002846615877089842,0.3596834275069644,0.4733916556177499,0.7309515538796967,0.14091850271143208,-0.8788532726840778,-1.0187612563106936,-0.28356720122687556,1.0382944738822706,-0.16902506597458625,-0.03229875330703653,-1.8141546414682748,-0.0014927607324745913,-0.7465626563859309,0.47395884875502886,0.1770754108902441,0.46922796292083896,1.145966942434045,0.9370550884887229,-0.3958323187166263,-0.00024219188375394684,-0.7705438566552542,-0.12471366176528158,-0.051992607019964054,-0.4135082212730073,-0.7492360963972341,-1.3052748805769472,1.0624601409018837,-0.13664672494910615,-0.6478615403965164,0.42897531854318255,-0.17306995467798827,-0.8531185639619788,0.16602397063427915,-0.1926916687919089,-0.6898755432024195,0.009888118799288534,-1.0483833376129612,-0.7007759697266466,0.19609673605788214,-0.9334301089965037,0.7790531116952355
TCGA-WE-AAA0,0.6853305977990679,0.04614480270810062,0.025759920340453574,-1.2181709789391018,-0.7385635242566665,-0.34327388052426816,-0.333034620709177,0.5986151328091015,-0.26560349469630107,-0.5360476243747356,-0.06457888767130093,0.1653653502906356,0.09863126131591693,-0.7967635683738274,0.2668842053191145,0.24150222928938464,0.08806471226629539,0.2025750064037048,0.1574596827329757,-0.5199420683787924,0.4058684162074729,0.271430708391931,0.40992630052106366,-0.318335625904715,-0.09432818298939702,0.9173453755238548,0.5642940064462438,-0.48534582944874066,-0.2543750551690871,0.3848914865328077,0.09267069414707699,0.5774646974303169,0.1251725709364944,0.15064465679362485,-1.616660512313919,0.5103203181334318,0.017963923868534182,-0.032026963748481914,1.1733639704094572,0.6062704103757038,0.6340911759051254,0.5990176002043903,0.36086241014247694,0.09586099185679571,0.1615036442323271,0.5161702913675934,-0.34388626786728155,-0.4583172540690783,-1.7272536301510781,-0.4259886719250506
TCGA-EE-A17X,1.1735101323264416,-0.8896911241032839,-1.4830649105037756,-1.2018826440862618,-1.1642720900744654,-0.359305754520789,-0.9078486386887997,0.12421020708997506,-0.1484100794189463,-1.2168938195580723,-0.685175501112701,1.2025202570456361,1.4594241360531242,-1.223138546758931,-0.3647888938051902,-0.25593265794459835,0.901790758793359,1.45199736509095,0.6353649709153146,-1.0940555154199172,0.07338103953834754,-0.08486013507677087,-0.7864415550107912,-1.0231471043125004,-0.9447992065954235,-0.9200132569147078,-0.7742032525723715,0.028445923933106507,-1.4137730980604475,0.6900067185566449,0.2804224362902431,0.017937190469058423,1.2144560769180432,-1.1612055489481588,-0.7556149940625648,1.3496300373270198,-0.5887373542643012,-1.345585554843018,0.6535221515082397,-0.85824229161173,-0.6981899901492634,0.6681935980225625,1.3505308991894263,-1.2091128234117987,-0.8079659647613571,-0.6001890141935745,-1.8422993952717546,-0.4722985564829698,1.1028317515287804,0.4373823710097625
TCGA-RP-A694,0.8405651421282776,-0.18595189773585225,0.28179881953787067,-1.0633152477566459,-0.7532865460708275,-0.9047170128375192,0.4876344557093183,0.7374275206982103,1.3665826485336374,-0.14215197240932162,-0.07072514092957922,0.8405217040987077,0.4174827331490899,-0.6178690618410972,-0.29435322024456195,-0.5274835493056725,0.8432714324819254,0.2995532023733438,-0.5270470548418497,-0.5400058599816685,1.009099498778791,-0.3452700654644537,-0.26042947108071496,-0.35756674323264065,-0.1947654021094587,-0.3486445223860192,-0.24750834024458263,-0.8886689019702386,-0.5471208840667765,0.13847055887798454,1.3372107332363117,0.921852156069222,0.6902801579322042,-0.027010996399060135,-1.069083411929066,0.6149971665899853,0.42578159620904893,0.6086484272344117,0.9852488100760143,0.04402387807862251,0.5877050553292966,0.10098481751507685,0.9576501645463334,-0.07851467260718988,-0.1702895773147112,1.2630226711570638,-0.17970290150549278,0.39502570397208636,-0.9237197283668123,0.1538843480569732
TCGA-FS-A4F2,-0.4968876052706347,-0.44599235422334316,0.22786668269222923,0.24465594245838143,-0.17364461503085307,-1.0548835821802802,-0.8476486132390612,0.2671120757149406,0.8786856477505123,-0.4634350547586385,-0.3665577366276845,0.21531192124713133,0.3850698670385947,-0.41481278140013905,-0.8244910239902612,-0.886779124260517,0.42004968022309036,0.2515536959790979,-0.023331241931193826,-0.8270106006752236,-0.12230676563747934,0.07394226000397949,-0.4570377459844482,-0.466576458473529,-0.4526325368400844,-0.928152954891798,-0.974001689853282,-0.8961902755469321,-0.31244507097628843,0.24560567737272285,0.9069844038783392,0.993842436031936,1.1662743851177904,0.12586758487645505,-0.8266483822376469,-0.22581351173556122,-0.9996709311114211,-1.9833325780347881,0.02015529929344289,-0.9547088860572046,0.28360301555474415,0.19471085032773092,1.0610419673634874,-0.3652887780390172,-0.1429927401759412,2.1233160050693187,-0.7678926816366483,-0.25503672578043207,-1.452808497769347,-0.4872381601060193
TCGA-D3-A2J6,0.9333705374374063,0.08907482183108008,0.1863868506454334,-0.4589199657827474,-0.9632238724775048,0.7656757843359074,-0.5205164811071382,-0.4986649547295795,1.0812129148961804,-0.8139294016200547,-0.00516074264997352,0.8840737857750656,0.7952693894190491,-0.15927934636839683,1.0663630861507492,1.1580358715606414,0.555206810821629,0.887048521217271,1.6038894661150682,-0.3078452849709912,0.7156624327691432,-0.01028019651182756,-0.19964811502060997,-0.14395454192933463,-0.16249932842032402,0.4712110121866341,0.3120956572192793,0.5018393210500481,-0.7796961638121781,-0.0385510800396466,1.5545349236096682,0.39515435463062404,1.1872719055184267,-0.25907038112347636,0.8607459643220673,1.8660574267760188,0.44584465762906433,-0.3738841790060184,-0.020348649367936077,1.2424448403573074,0.6091778800613518,0.9225898346811782,0.9822866511136487,-0.24417888839239837,0.15325200697626892,2.7265841387039518,-0.9025766136597532,1.887328752597679,-1.030261542851045,0.8059567674105366
TCGA-D3-A2JK,0.8446633510182542,-0.47003789287208353,-2.106598778168336,0.2148275303513611,1.1353168219533245,0.6436136878365156,-0.371513738012434,-0.5625198606872212,3.0672880583519917,0.7248640506578505,-0.5038936476328822,1.7118902957374995,-0.4953764352666128,0.3989140433352841,0.25768794125045713,0.36878603029890933,0.5629403790898683,-0.6498931011229212,1.2364882726791686,-0.3210630395472274,-0.9370671042956888,0.7571640667763572,-0.4393434067648092,-0.6610070251839419,-0.5142291028175174,-0.8617049519813931,-0.8349318253034606,1.8758988942923764,-0.4366601184599609,-1.8651989928764432,-0.13608840666176428,-1.7695429345047888,0.3780137974825349,1.5936372382306865,0.8947640085134662,0.383332790270087,1.3364128223500118,-1.831216515436634,-0.5162804372792658,-1.0710625086026495,-3.8188645133430894,1.2933412492435086,-0.5196716330605818,-0.9612388456861387,-0.3144770132996384,-1.9325704016345755,-1.394121742313533,0.4571409732083769,2.2153483206370184,0.9372011652971627
TCGA-GN-A8LK,1.010597118330497,-1.7300289534595372,-2.056357562921769,-2.27039296006204,-1.5589632145258072,-0.09351488182896305,-2.0556270588162686,-0.8531255463907712,0.05471728681123119,-2.180502964933396,-1.9673966141286692,1.4663883168111274,0.5765245230494352,-1.9192266802537086,-0.5428349056403742,-0.6807063797750442,0.44346182610526,0.27090475847351075,0.40448140629634044,-0.4070808091065589,-0.11724463553329148,-0.6600540065030852,-1.5204267159656841,-1.6911651607200464,-2.2946843621008526,-1.5533253191683198,-1.6740697054880693,0.115860343549153,-2.3310345817692038,-0.7537418112657658,-0.40490841691034457,0.24939801344483178,1.3747215865619062,-0.24019698468279066,-0.6446065677105368,2.076325647063969,-0.8540519002724566,0.5685080922784267,-0.026434636503118728,-1.0147496688653488,-1.339870465580685,0.12464066527889625,0.9231463117665981,-1.7938419880103502,-1.419918864469013,-0.0014490889124523993,-2.02960155121865,0.565662555349227,1.486382957895621,0.16566320263181775
TCGA-GN-A265,1.0393400750120916,1.5243684137368385,0.5563575311168787,1.8061942491510101,1.5189904437313815,1.5529110654789933,2.19237565927257,-0.17851456071995905,0.6827352902968226,1.7526943367828007,1.9402771996962245,0.6673099852030981,0.5811077259450732,2.368309946039286,-0.020011893027435865,0.5533703624589015,-0.28894634249948464,0.34109717617779617,1.4238426329894112,-0.3494565982178482,-0.34567201785278956,1.3908772528603839,2.3296395803907513,2.1264680647942797,2.4352188825719607,1.330660016212066,1.54209510796423,-0.6683401748031143,2.386834465970225,0.5680091327858584,1.2316046594342889,0.5290245575845928,-0.5639442211123785,0.9969455772838747,-0.0072941073147007535,-0.2447147181811537,1.1160193436305978,0.01128632587100656,0.043834400966539774,0.5114080423092393,0.6094120458876228,1.0524143346519288,0.38331982408738363,1.1910129985496074,2.4728381800810033,0.022923615699627153,1.011358322634265,0.7490436429411814,0.0975070339679758,1.616681312165879
TCGA-FS-A1ZZ,-1.1736017125980354,-1.130233840651651,0.0615797619687134,-1.51779891069527,-0.9383870788938097,-0.9368883920557789,-1.4290062910642782,0.45036503387285776,-0.8647323707490286,-1.4626717676709284,-1.0323864959042044,-0.28064521545204657,-0.4277210542331302,-1.4235740001793191,-0.40654989670301794,-1.0428889728986135,-0.008283306246040836,-0.6071952869434977,-0.9594532586471374,0.23734855206674466,-0.32077654256848354,-0.4428574413239901,-1.144975235494753,-1.5278806169766983,-0.9414990456455202,0.398517427576396,-0.23755381373291706,0.17194972394979927,-1.488131733847701,-0.3073354412695795,-0.8672699740601081,-0.40304994227951063,0.265984007833268,-0.9686257354351065,-2.0878543826212943,-0.4102933383059442,-0.6751942891824894,0.5941843888019157,-0.07157076517183197,-0.8180362389474305,0.4249793304601954,-3.4277827835220016,0.14740014540613233,-0.6260333714358848,-1.0797318913471148,0.4516769270517242,0.22645477720321275,-1.7876159251409938,-1.619080213545999,-1.2376214437499842
TCGA-FR-A69P,-1.51456497857189,-0.937542583971107,0.8340948324077587,1.033061451082552,-0.682645074605551,-1.366255679014935,0.05877568091124218,-1.6127766728840638,-0.6764334990555523,0.2721878540091644,-0.6323393520604819,-0.1646611285178611,1.1213785886180505,0.5775321039227604,-0.461799011532485,-1.0372991139856198,-0.7364775102129067,1.1562252970737381,-0.5444938126133347,1.122290303082873,-0.8064278796511933,0.6007881026744912,-0.701344945211166,-0.5183151373258609,-0.6261853382004511,-1.531323397246408,-1.2171288104463978,-1.2970865324544096,0.03697379121899758,1.2464596267462689,0.2608815554955347,0.8934404422327521,0.7992283387696341,-0.16518773141888388,0.6327019695802197,-1.5249352895207724,-1.7098638868420668,0.12201078381425311,-1.4790633538307265,-0.9134052751233488,-0.1329490379931876,-1.6486206441941516,0.800839906405046,0.8244146659186772,-0.030728026043151686,-0.37127830748809393,0.7656175199776406,-0.17035769520467728,0.42016393020515497,-1.1597084675472658
TCGA-FR-A7U9,0.5616279022378101,0.8864420079958316,-0.6153621546108954,1.4887610908485847,0.7686833514621678,0.13844947455575474,1.3778291240712712,-1.962822450736205,-0.6316791916736272,0.5753899234225575,0.6477304892019039,1.7429601018069054,2.257488158270309,1.7684468939249096,-1.5951434353272484,-0.4946029247375452,-0.016318748819872525,1.982990584652022,1.770849712767811,-1.308771364034563,-2.311053704047096,1.3551190462273788,1.0224083627144303,1.0046315273471338,1.3678985018468224,1.0170241691537039,0.9951172128661865,-1.6477347310686377,1.349404553516542,1.045005977036788,0.9359738474831633,2.078505314828275,1.202525630235815,1.7764596892033189,-0.561215199729454,0.9664583652419626,0.4571123567866901,-0.8932835006665595,-0.6778023674296969,-0.3111330913094162,-0.28769380339185135,0.839547575634881,0.32481973357925953,2.0651410218243798,1.0884124234683488,1.714392103943132,0.17245210648018566,1.122769467069203,-1.650550132113147,0.4100872534856837
TCGA-EE-A3AH,0.5348010691067494,-1.1290322882412342,0.9409108962561245,-0.008186293111183887,0.23376883716501962,-0.7391140032717357,-0.8701989716073233,1.8880163206577525,-0.23230486537623923,0.5109734757264826,-0.9192454620900539,-0.12437738658654594,0.35967573707895306,-0.013113333827915958,-0.0084220929811501,-0.31343066759293337,0.6898576397905822,0.2560140705923577,0.6017817247065748,-0.19341217643587205,0.5827421745404179,0.4929036851041702,-0.9478193682384738,-1.0312971303236598,-0.928550823554971,-1.323637832814768,-1.1452875748776015,0.0768464030986305,-0.5449572248146046,0.5572715639078583,0.10665832790647682,-0.5462515634280998,-1.4282884613008535,1.2046371340245328,0.3089745573642545,0.08324007177141395,-1.431900124203959,-0.509571564513446,0.2075968258997912,-0.9309906450884008,0.11673495649328856,0.237562240000676,0.23107462514888363,-0.7753781932329095,-1.303947394678302,-0.9215339887453051,0.6337260155910479,-1.7347193072967044,-0.037577954301504346,-0.6678806449841289
TCGA-EE-A2MD,0.15104753213027083,-0.157151986027941,1.4512474957808936,-0.9071823417203917,-1.0916573967444037,-0.7700136968775579,-0.0956050449292649,-0.12305401007753923,-1.1537916531096184,-0.8478658317125176,-0.17479760786142587,-0.6197549698003264,0.7723760170446796,-0.957669880244179,0.44584315946925496,-0.12334338000696704,0.3675478006390669,1.0836265377832284,-0.7298999710619269,0.1654288646057036,1.067055523437255,-0.6913397716206344,-0.19539719075442097,-0.3826738893400873,-0.14866253390504144,-0.8487153969962842,-0.6292147549644754,-0.5761077564053587,-0.15159336755661476,1.0786555036734475,0.5461410734817159,0.6663131749840594,0.5260773808367899,-1.1941342101105048,-0.24871689441510184,-0.027914728592095987,-0.686944451074391,-0.6019986915799727,-0.1911748524673389,1.8986277412866934,0.8672615070402682,-0.371878414906574,1.8998546299886432,-0.16419442626555816,0.18288478364603297,0.3071451721282922,-0.39136887783829843,-0.30536544322214976,0.3210763630299202,-0.11285056258945675
TCGA-HR-A2OH,-0.017260668297126008,1.9813743757879847,0.24842832697325504,-0.18054533636970138,0.07507585165392405,1.194906343482793,1.2958406123285027,0.054106231164252214,-0.026697259343860892,0.418444593189709,2.013916545312299,-0.7552281491346216,0.4383618894990043,-0.4131155885677617,-0.18633251930084424,-0.0635414353087966,0.951518659374022,0.6495004610543205,-0.623611727997828,0.3538174100758432,0.46436625778518414,0.6366537879458275,1.6419318567520922,1.8588132107917599,1.6928729532833124,1.703851854485868,2.0645027628887176,-0.2495889267657561,0.845046848534327,0.5535374468901959,1.2083900788098279,-0.00011166765134648438,-0.7604411216434892,-1.0450881898922175,-0.6993699787122849,0.01531039155540458,-0.127993347504931,0.7600792908181861,0.6395287532881022,2.3316272882235096,0.4682532096548476,0.7931733462190909,0.5245353148945974,-0.14425951023384292,0.9218080866475286,0.860118153770484,-0.06213746038850263,0.3444339129953121,-0.7378409296864034,0.7679983414693573
TCGA-FS-A1ZS,-0.9991208228676293,-0.43410683589360116,0.8828589053386707,0.8933427484877601,1.199183241040071,-0.564803085062516,0.9495907085407131,-0.9528800291638749,0.6200624801649594,0.3547530241147061,0.015740031857328512,-1.2446463192175976,-0.41140901480238556,2.1699217365586865,-0.4457355802177314,-0.4175655779082352,-1.4129515781179671,-0.09852866037080552,0.0037796617356860443,1.4526226998127834,-1.4505975979573766,0.8429728917904132,0.583889915885871,0.46731101472690756,0.516179830006129,-0.06511744027175574,-0.2539754252859684,-1.2704636080368228,1.4509536855639673,1.6086413782843836,-0.42058057629469314,-0.6116361605866993,-0.9152441167692891,-0.27059689645282414,0.4346275865169477,-2.122088274464806,0.13940610235695935,-0.45760154746654597,-1.420866317840138,-0.09815185619953512,1.373861455156833,-0.522932517780931,-0.5873981884025049,3.868675184478689,0.7072938738508564,-1.2757972852879356,2.277025903987323,-1.4328906441077722,1.6035953702878034,-0.8616172489311303
TCGA-D3-A2JD,1.2339734960748,0.40480721867765596,-1.1726341125568838,-0.3131579009575449,0.9691047375221724,1.583656544864663,-0.2081733002162115,0.10300888650286875,0.5520135544655552,1.0372695012607724,0.06499409146509802,0.6946279662698308,-0.6342398290127361,0.2858662863997877,0.7193796529603897,0.3802897125784974,0.6192022843794572,-0.7200362476905079,0.944984324592771,0.3413636552828431,0.3197455007693972,0.45883492386493235,0.45189880404128774,0.17637044280544467,0.17120266118083116,-0.44145522799193126,-0.15693595321993892,0.7080060495186721,0.27944219634525463,-1.259897215391578,-0.5256198370674362,-1.2291003054454874,0.6052329565018089,1.2713996917996095,0.2050559704474731,0.0379974417642979,0.6211534980112321,0.4792974541870243,-0.02680350828314289,-0.5059595442279492,-1.4005267161118753,1.4412778035804292,-0.36209275622521725,-0.6563884989077604,-0.15550117525910218,-0.7370935435216802,-0.7749676741183164,0.6515043622718558,0.6466626972663863,1.5907700989872269
TCGA-D3-A3CC,1.4945462062200887,-0.728706416058757,0.4908016152479267,0.42142795262993743,0.47756145650808707,-0.5078923174695171,-0.4154211464262733,0.5424367119780009,-0.8241329387880617,-0.07670352906366054,-0.7217960056977871,-0.9866372087634853,-0.3681764698589279,0.5051719859547747,0.39361906551413844,0.21967456276633804,0.8474239664729966,-0.39717922968822883,0.1921541417003527,0.7162584126170234,0.541659922827327,-0.2716123869921744,-0.3522841299385835,-0.5224477176733197,-0.6295660638335042,-1.1568215688658339,-1.0202346089939682,1.1910085141831817,-0.6412860381645731,0.5505957359842703,0.10711122767260901,-0.0762236817262032,-0.25507690952637907,0.667932944395187,0.19045962311476514,0.7950899470350179,-0.17557160876737282,0.776659451549065,1.497234618993103,0.13928145138799936,0.9570378830111264,-0.4586853046183809,0.6892974897079492,-0.11434391627508346,-1.0733200739442776,-0.15969892002079014,0.7826502014576395,-0.2388651934634507,0.115456039991912,0.15349833237496713
TCGA-EE-A29A,-0.21921135487350327,-1.300957564755562,0.12051679834168373,0.9538219496550985,0.8007525187224567,-0.19888686746180703,-0.5040450114651124,-0.396036134884179,-0.4199550253865029,0.023322186013165293,-1.140679355230105,-1.0303987915582573,-0.42000297147591276,1.3412830290446285,0.6460652948738754,-0.2129810985062036,-1.0798594044728935,-0.29808708985924287,1.0281808469403888,1.164245456220775,-1.2082269836589152,-0.380960635636976,-0.7247813328102393,-1.011913177048848,-0.71089494152436,-0.4439795234293147,-0.7629621578644277,-0.06677051298321171,0.0765598331753151,0.46648572612497624,-1.2760989520362962,-0.22114189986917535,0.15903422196990122,1.2921618125729566,0.6811185335883669,-1.5397142657186107,-0.6973724699800522,-1.252228711310959,-1.0080841659527289,-0.6549586854092442,-0.25606582903374464,-1.9669871316063183,-0.3130324854867496,1.3335564889128606,-0.3094429110499152,-1.5549462087829329,1.671809026942673,-1.329041126442134,0.36228075695742107,-1.0208194426350101
TCGA-EE-A20F,0.19837464106033595,0.37139925258342243,1.1775841981953694,-0.2610026199972122,-0.9488226775191176,-0.7960876266566381,0.44440823693288994,0.47646717146655465,1.112268634282551,0.6340693802452487,0.7321799645984556,0.7871920386186283,0.7588363079740145,-0.25866484619218605,0.1354097943763221,0.43707375511325836,0.8893299635999018,0.8735248226499324,0.85148965939756,-1.1303735442529292,0.8001263927164335,0.23951868134232462,0.2463134966370595,0.28426695103336463,0.4381357570888311,0.6827143321760165,0.7087803368333481,-1.4304659090707441,0.1490095037152451,0.2200984605910409,2.033081485604474,1.0716763472379855,0.785840421783052,-0.7807099724438904,-0.9537327814632696,0.4700531867032006,0.10725244880483803,-1.2001605203611603,0.6325780775917114,0.548777559132848,0.8143354232767613,0.1582371588067231,0.7024366016228345,-0.1395924280070909,0.08814716966187588,1.2581330161259099,-0.30468007327854396,0.18857759115630632,-0.9127221193699868,0.14883700069223607
TCGA-EE-A185,0.5735936537066512,-1.615517505564945,-0.7657515636003963,-0.9606429605065266,-0.843509330951074,-1.400548905725252,-1.7348687509001122,-0.5320011874566053,0.2568349354492161,-1.5340770738558736,-1.5007898853081005,0.2153724723379968,0.05967393810822341,-1.290685769621361,0.17494469240220195,-0.5839281026196933,0.12890412489745118,0.0946761211237981,1.3582946577212553,-0.041161721641236146,1.0871568381748287,-0.025345525308624762,-1.1262584625751997,-1.448011374422744,-1.3647765577333333,-1.5633936336886083,-1.5776786388253738,0.7581916812888745,-1.6976543576664036,-0.34673841061185134,-0.2151904292990637,-0.38377543028287153,0.869662630838508,-0.9371937646348734,-0.006866374019049822,0.5499822433435566,-0.0667955147717169,0.40173720995055734,0.3696267944130646,0.12520422465794798,0.358050146798814,0.8592037777608589,0.34237352616448613,-0.5333341848500871,-0.6701330853380618,0.516624765297649,-1.1307363414023355,-0.273173744403145,0.19838682271297992,0.05543433119239662
TCGA-DA-A1IB,-0.7911743829880677,2.3730470895025344,0.5680671425297837,0.2709136324086704,1.0110751711544639,1.4999774753522266,2.12902894746346,-0.7635437649056738,-0.2844747663971795,1.0757357380453836,2.3494810434080287,-1.349042263467584,-0.6501043458140258,0.5036224304171848,0.17576054129222682,0.27196261070577876,-0.055059460070915535,-0.4727175944924447,-1.064319478345577,-0.24786550896610476,0.5377570748187583,0.7698500054068718,2.683580943539173,2.064979425947992,2.2762348791440217,1.1909479240603853,1.756338438281251,1.4296333091523927,1.6441281433019534,-0.07159561240565082,-0.04147608233359575,-0.4209062623346505,-1.3203554099983914,-0.45950144851451225,-0.025782520999792242,-0.7856067782971727,1.7426667449531223,-0.30373859391357255,-0.5167211598879229,2.104490896616758,0.2813247412701901,0.8786771402397939,-1.6518433222282234,1.3280081579419487,2.4090547908470175,0.03473159759845501,0.5391021298008994,0.6410225707060702,-0.25153340715744554,0.8972708586964422
TCGA-FS-A1ZR,0.8196038246953806,-0.6114836089970809,0.9089454957912944,0.46043856908867814,0.7922372476869151,0.164699331519421,-0.503157099786248,1.0509073767529984,-0.8945982646061765,0.14411953918273368,-0.5103327456092907,-0.4041744566537203,0.1763299602203571,0.38422415092311,0.38471620007513263,0.20088885655044095,0.19951299684195328,0.08984341596082823,-0.3453748972490003,-0.9369717244947754,0.5174895886047094,-0.9894311312958936,-0.9332445937458824,-0.5880490271442401,-0.4536470931744315,-0.16483135063045398,-0.3216258134575448,0.7391219315142039,-0.004717565289932042,0.20085320812506727,-0.48066902239278453,-0.46619214664885267,-0.8747534045816754,0.4069122026981872,0.3884389791062611,0.10458496492585428,0.2599424483781197,-0.35383656541240144,0.3567868333639864,-0.596302037550228,0.4901453040528278,-0.5172488628377779,-0.786948584698864,-0.5997070137651895,-1.1362363467509058,-1.2764421759605515,0.6807496896749665,-1.0825006980731198,-0.7623581971693087,-0.41518738635939056
TCGA-D3-A8GK,-0.23970997666189378,-1.3467830639070084,-0.6629897030028168,-2.137447243606922,-1.0534355114775829,-0.20171446187410225,-1.180010488989515,0.13605024678054944,0.9894842638718101,-1.7911839243439045,-1.4693632317889873,0.8299962987290327,0.8434741076991217,-1.1327046180607172,-0.23136094993706363,-0.6153995298059031,-0.019830585946791,0.9191400546718256,0.827104979626185,-0.2851442271429032,0.45652711253990347,-0.29358703840601963,-0.7960734055185973,-1.3463569343288984,-1.4961443025018537,-1.5301421290997017,-1.4887659755573783,-0.7738584096948068,-1.816716846041765,0.4201542392399295,0.8575092621569131,0.7622905915807834,1.772075502973503,-1.154829426328129,-0.8483002270166147,0.33247897291620243,-0.39281453893637486,-0.5560668448815749,0.5827016719877769,-0.5102362643265588,-0.4786643508573984,0.5711403701621095,1.12725628796794,-0.4907527502289235,-0.5834413466609919,0.7549778670412948,-1.2534134615283978,0.13418703676574642,0.2791318595443662,-1.4410078981376246
TCGA-DA-A1I8,0.5196829429999347,-0.4053040115620423,0.3656390814341437,1.3720546363271493,0.7957744876070495,-0.5441058207354168,0.1834689850846087,1.085379739538722,0.07233014959191368,0.70266704979734,0.13557788994838493,-0.5850085475220644,-1.429026321507749,0.5093933995047443,-0.5014809414112753,-0.4483654513842158,-0.49953564617024376,-1.4156151956708154,1.252646691008787,-0.47375941288429857,0.09289300198127347,1.0837071805487426,0.21771491492414952,0.3210862312901703,0.2487794670345399,-0.23526100462186386,-0.5812321077154405,0.15527896127108198,0.5860939632937217,-1.0069188097476174,0.5047779412865439,-1.5985768614024738,-1.3968309223746744,0.7194716910979978,-0.6080358151583526,-1.3038248792820732,0.5102179877918852,-0.3752742662245741,0.9570905827806478,-1.1039887571581137,0.9002056359328993,0.1463559052663095,-0.28203107916974446,0.16705597952477955,0.32853972107046164,0.8580469535835809,0.4297348599526393,-0.5607148441936672,0.19997871627582378,-0.3475397846495107
TCGA-D3-A5GS,0.9921436327158559,0.23766888577609918,0.7801759266513135,1.3620649993801144,0.4771549978913133,0.5579233689628723,0.21447542638298794,2.0331048112240078,0.6159479779373613,1.1111379828704677,0.2808949307921683,0.3576659212322908,-0.8151370336011908,0.3497136790744958,1.0643512625283147,0.6333211329977223,1.1913754642960224,-1.0019851426658157,-0.06531183648116172,0.6834646648687628,0.6947670143529037,0.32477840315887463,0.3005601157790081,0.03938779927833671,0.2907243045201162,0.5377572377201671,0.5214236723814958,-0.7827084153549694,0.4525253340769548,-0.5945944831783546,0.532262669699546,-0.2015051395379505,-0.5602902072465683,1.6621822043501073,0.6838320514291826,0.5917757835999293,0.7352948371393059,-0.2155388298041857,0.8855993336250525,0.06780555392296307,0.06418421742992655,0.43102081321400104,-0.6263574180788984,-0.13365605483263346,-0.1244389837990844,0.47442815962722135,0.17424822468597181,0.8161776802171781,0.7023493800911702,0.7432481275505399
TCGA-D3-A1Q9,0.3856256634096871,-0.018300938488855487,-0.49661707708117137,-0.1529016535815111,-0.78218669136592,1.0597209156247178,-0.2163544054030345,-0.03409682298523546,-0.4333040116758504,-0.3705704407323936,0.2034907340148208,-0.6587301085799018,-0.08016854142381394,-0.29422022276595283,0.19959339015222302,-0.1918414343144536,0.9590420233352464,-0.06458768376579367,-0.1395587251687169,1.4339527752007242,1.3641070064317606,-0.2392882106632611,-0.4447326480980376,0.12944334476007666,0.1759134579779193,0.3489025481173956,0.25252016052471354,-0.4869334325551118,-0.45673666437012433,1.0758575472491472,0.42045705079063006,-0.2771873466002155,0.15035235750256573,-0.6359457590615925,0.08049648004906425,0.7559848904253955,-0.5599647704226377,-0.39595867592822986,-0.8114054305832865,-0.23384437136618622,0.5599595747655851,-0.019524184957301603,0.8272097102638053,-0.4034077567782295,-0.6126918082073732,-0.11707320008466587,-0.13247847198480514,-0.4372125204943922,-1.6616688581759644,0.9484806175235035
TCGA-EE-A2MI,-0.4266253317768484,0.5792865324324865,0.7999235889887323,1.1477907807143963,0.7590292657142436,0.7537422327342002,0.7999751648156528,0.9347675099803386,0.7125479864146214,0.4534038998125,0.5240237630268657,-1.7271427523634602,-1.543520911526098,1.0703388408099024,-0.14969281543781382,-0.0463463559029474,-0.7078967016940463,-1.2070480652368982,0.418442492558725,1.6463931777577647,0.18967766864426458,1.1280319983407376,0.8010216942666204,0.9242431787887472,1.068438792748241,0.034456805831851976,0.43746914580838514,-0.2416674185992373,1.2625136263870476,0.23635826213961195,0.5614789741423465,-1.323649590878585,-2.5279533439018693,1.2470158483059302,-0.44106791588846567,-1.8341101623464175,0.6705632267970303,0.245453279648074,0.27666184287608414,0.8816446310995264,1.440985886381295,-0.7250877169911522,-0.29555773755342346,1.1984931699704786,0.6758766184167648,-0.16078546165367885,1.2548224667372203,-1.3412251702160305,0.21037859989799002,-0.2503759135678602
TCGA-D3-A3BZ,1.6039068642104408,1.1358790779316776,0.06994467176356309,1.7511779006441532,1.7831305466674412,2.120160815908504,1.7652686043767758,-0.5865397284448455,0.31986177800943294,1.7717028102397727,1.5817755780467553,-0.008069795024755078,0.27385988317588783,2.180229701306061,1.209766549028743,1.057029209378203,0.20837906566754008,-0.010584458123092172,0.6971377611977642,-0.09588573555004772,0.6630543306213607,2.3181352564713746,1.9742364996036228,1.3741359089259755,1.5908385486267445,0.7007598822520836,1.10304675580623,0.3121207754136749,1.6394839343852188,0.10488652404340963,0.9103039686837916,-0.2433413236191322,-0.44712001477835905,2.330508962003186,1.9154059841189088,0.3013081180739584,1.5921668410380494,0.6984896730064941,0.5361172282859143,1.2505826694089524,-0.40512092882401474,2.161045035694262,0.3649753428123034,1.3882638818404223,2.354144177481381,0.15184589773387797,1.0775678821959498,2.9206003602879096,1.699382671642275,2.4783402069792113
TCGA-GN-A8LL,0.07813600046626393,-1.1081099829953374,-1.924293889897069,-2.001650606244081,-0.537278718584371,0.8010722671052992,-1.401681215877694,0.0635951986455544,-0.577397151937196,-1.0065975773822136,-1.5144716835485559,1.3154847646807433,-0.8129393097215658,-1.347704159289902,0.49170594156834396,0.39314277029725786,-0.034529840032683314,-1.2034940296396008,-0.24003267574160736,-0.3517102739728031,0.6841372242269992,-1.067201302332831,-1.9814980276621001,-1.5421503797115808,-1.5946923351280562,-0.693768766754192,-0.8938284588859449,1.0596348977136276,-2.1398412671820575,-1.1357295706881445,-1.9647287121924921,-1.6737438801019837,0.38719460299981207,1.173904545749297,0.19318024795959007,-0.062179946487789274,-0.7453048339130371,0.6487448383876079,-0.0470759929280272,-1.911046795606773,-2.6797071838024458,-0.29040962239804957,-0.4312710182251213,-2.0886160939243776,-1.5464581118576186,-0.3959626508972858,-1.4369694863057734,-0.6566540724144649,0.5084802744692868,0.7927103168012796
TCGA-FS-A1ZC,-1.8664104763501976,-1.4436706590284076,0.12383678607062315,0.7133887643398696,-0.4836215735563808,-1.1611378989556396,-1.229537318335152,-1.97186319608655,-1.3341505522332475,-1.3575539672677637,-1.429576304978632,1.2527779330036646,1.1716123738702184,0.5160809189313306,-0.7344411089217732,-0.6438770948512381,-2.697010547654844,1.2645647982219577,1.178176064545861,-0.3257352315587965,-1.9606634744469273,0.7184914266412573,-0.9567557055532081,-1.072028446738039,-1.0445542814012794,-2.2689985985732766,-2.0098595795494942,-0.894132623746632,-0.2745656875152256,0.8139751873111953,0.15746554174069777,1.8292177126733373,1.8425330162820448,-0.0572504472898582,-0.7569223954595374,-0.9572578590730353,-1.3071121701511346,3.3880045797292846,-1.4394971316328968,-1.532087572301535,-0.02324702792756154,-2.2732416241357107,1.3703224492856492,1.1526042360463717,-0.7701793763368864,0.9040241304909743,-0.4145458914441256,-0.18764007416106748,-0.6598453773188918,-2.4514411194527685
TCGA-D9-A3Z3,0.8268658706447867,0.5628746245037539,-0.041117943080521496,0.39019329016629595,0.6593151767523603,1.6186091963102565,0.6304181374932559,-0.19095058587442876,0.806128964145179,0.7598027755074555,0.7064791679602984,0.2700260576540074,-0.14531461404774765,0.4528123755487351,1.0452270808497324,0.6158115259889801,0.6137599301412295,-0.370200395668101,0.050983621090997244,1.200872333999691,1.2351435669741373,-0.05331455016824164,0.3099351172257987,0.47279261969237557,0.20302337563018769,0.3839091848534507,0.5275107387109834,-0.12549928892492557,0.16314092028590818,-0.23821830321557122,0.700607991124967,-0.606970060544766,-0.09305470018892124,0.9932447766877587,0.9891892886716908,0.32533882071398046,0.7307358488025081,0.7508897116349503,0.15152657829931904,0.7408389440697194,-0.2962792326792031,0.6769408091913852,0.24879977307046205,0.07587139492038698,-0.20143961211495667,0.0068493105390987135,-0.04778022485223794,0.7558866518567611,0.43718120679515143,1.1278193985733627
TCGA-D3-A1Q8,0.21469130169696815,0.0896676279215154,0.8610381441365912,1.641673664473399,1.7729801854325085,0.07172253327068606,1.3219549257720253,-0.4925001162625162,0.0071977428616689315,1.138446517530757,0.4905953515146787,-0.8883500493746724,-0.5621179076861959,2.1861823220733854,0.13109384988253864,0.6265385828694298,-1.1838442088414247,-0.5838329917974133,0.5223453646982295,0.8585949146845449,-0.30159408807883187,1.0440115046569138,0.5759812411172148,0.7175374573886348,0.7767121258798114,-0.49253032453385853,-0.19011378303113566,-0.33534994678614677,1.348071622452166,0.5007814240175905,-0.5821173938888743,-0.23306147025752785,-0.9101521050998879,2.074417210122779,0.4855176049322117,-1.2370466096317168,0.48995986977031464,-0.7156520860638467,-0.7023821794573989,-0.160002752258606,0.9583797134735544,-0.2710485571443007,-0.6809909106850495,1.801263252501146,0.5726411182218497,-0.6349364616102416,2.064428950380599,-0.7694984996792793,1.2875154576252863,0.5020647602225426
TCGA-DA-A1IA,-0.9877542113430303,-1.2236166869414655,-2.1204266335739046,-1.6347524949826981,0.2025378283147272,1.0378735206543115,-1.2921687100295562,-0.1463436088679309,0.7930869840000437,-0.6942062265853995,-1.3207149065972825,1.002658917386073,-0.5169860764050485,-1.2313298352381383,0.9169832601496032,0.19045009646716632,-0.7241494813220196,-0.94457562173746,0.7722166132744727,0.5048550829336922,-0.05507285738774726,-0.49689484431311837,-1.1619046964722317,-1.1502524824216436,-1.203674916135399,-0.48143579944433323,-0.9241825369352306,1.5028802689546465,-1.3871701669217966,-1.9675252576018893,-1.5438218376099997,-2.3514273513067288,0.22215183965024188,0.7148562835998321,0.3810086659891261,-0.3287487749851381,0.5406137893485656,1.59057364251552,-0.24271186045229967,-1.893613167476976,-2.3596944241588393,-0.13522471799073552,-0.8742975308716857,-1.7389878274727424,-1.0337501932972761,-1.436838042441986,-1.8650172331328008,0.6817682524600345,0.37773587603536696,0.2683732038739507
TCGA-Z2-A8RT,-0.014823043387629893,0.3061817930240351,0.7793389047818494,0.001383518391195816,0.006649230142224189,0.5952158809163676,0.22033598510573893,1.3831893867569869,-0.7563420410550389,0.1993019568422609,-0.004052251876103974,-0.2999808427436981,0.20419185292221087,-0.6626651102647333,-0.19131394593770004,-0.12590205156357143,0.6765529699394228,0.23508952612421236,-0.9016115535046899,0.30316905533694083,1.0779212054919405,-0.5331050160121256,0.06952703134663425,0.031952898540340294,-0.022787376893360044,0.9963636789009425,0.7381267638920754,-0.42986291392768095,-0.004543344279729797,1.178547222857131,-0.808635644773862,0.3003120936229652,-0.4307812198037815,-0.4453779889597205,0.5598848152605411,0.3264015471800038,-1.000133828037627,-0.7183230780916013,0.7370616367205212,0.021263127778840398,0.5968548458677926,-0.16030014919771407,0.41282571512164723,-0.3569096756159232,-0.5969564958976454,-0.8560554034000166,0.1815495797311349,-1.114659046118324,-0.2926915955585702,-0.4924206828910235
TCGA-D9-A6EG,-0.07049432436342834,-1.2429197315877043,-0.21785810620474766,-0.48131364815878386,-0.4966364645252858,-0.13551896134659475,-1.2575598611534644,0.47926851630334916,0.2233628582942086,-1.3443692098610978,-1.07671691992845,0.008947534884393617,0.28562498426892424,-0.6013803143355708,-0.3907509338719214,-0.758813868452927,-0.28049988338375687,0.21827493730991324,0.09631624997650204,-0.7979689667052221,2.0326897362827485,-0.4956797271544924,-0.7489771721339741,-1.7355676586876387,-1.2609124212144187,-1.592514971674967,-1.4079801701534531,-0.14462985336835515,-1.0613930235320035,-0.2072647667611449,0.26393110386963936,0.23112522526519425,-0.5165884035758874,-0.42757306109429083,-1.1742915830523595,0.22075580921781413,0.2013646109157534,-0.5037393150626596,1.1190461200548178,0.8537854279733493,0.8332639661271223,-0.33247922435996485,0.10945573859610307,-0.6726443418025686,-1.2705083398337478,-0.22188295788931992,-0.7609351625640226,-0.2123427119354933,1.3129784685379382,0.37690321888029077
TCGA-YD-A9TB,0.11288976505649774,-0.13740258554426144,0.8515111052363479,0.5395493866158069,0.9472326652674704,0.3921897844815372,0.24809227698366546,0.5384273889137865,-1.1910207963373278,1.0160342780794416,-0.12845138985039514,-0.7645957433202923,-0.30671137806810295,0.8412589681471014,0.42017056703180716,-0.42317509590214775,1.0883866437704834,-0.250965014476488,-0.451063167467026,0.07909163925091596,0.32556945045408753,-0.2157705559697325,-0.05432741999085021,-0.06459735624979547,-0.21003896993325102,-0.07168608947732781,0.033510018444748414,-0.6338404460037669,0.522084006694961,0.33577851451228086,-0.8221742451379417,0.40826865555112973,-0.6979685111606625,0.14917875405682937,0.6894940511350355,0.204622979243415,-1.1627928856650676,-0.40374683218607565,1.517913055766174,-0.8287933909687821,0.83466628739529,-0.2816435252957173,-0.9649766571933946,0.8363344776476033,-0.2710152295155626,-1.0385123389774218,1.0197567805463705,-0.4766925572617247,-0.2524510648178673,-0.18483027808823285
TCGA-EE-A29T,0.7477224718133949,0.6708796822080387,1.6503682149905476,0.10535802056701049,0.20911652458461866,-0.6148801867860184,0.5638686275943452,1.6958406224608515,0.9190925363741791,0.23693276761440138,0.674961117972179,-0.3190838056777344,-0.6723334935678432,-0.12926469170494645,0.016730341396118693,0.02577410823205457,0.8460827027342368,-0.5261819605194966,0.36230798575620515,1.910210770386105,2.0217425947421606,0.09895566624947107,0.9437861217403373,0.5898703558594433,0.6419467361227956,0.2701829751323997,0.5183495190307181,0.02364018300733162,1.5367289487343039,-0.27152242378270036,1.075349515085379,0.3271183850730481,-0.7407894845106903,-0.26746964495732,0.02483322813384374,0.3083036097178468,0.627015139580071,1.165009161224738,1.4775535022336685,0.45409416192316004,1.6127473734690985,0.055612492448941196,-0.24188949960106787,0.6671708606150469,0.05931906990811654,0.8223364106733198,1.0234190674665888,0.2402616343878254,0.29221520836377857,0.6110961739311598
TCGA-D3-A8GD,-0.6411031731136185,1.6091711676183025,-0.5129235212513862,-0.9553309149511902,-0.0778898244649699,1.0380895293579178,1.352532032734388,-1.214058384109385,-0.8005196437082733,0.104461539241686,1.3980416758159768,0.4122303310905423,0.30590840573468725,-0.6001730695632986,-0.6500475162881936,-0.29392153515109276,-0.0945357859382132,0.15135469538891186,-0.7938549979763996,-0.48542638841653946,0.01608255290118744,0.24505653290100712,1.19615268709302,1.3472299854595844,1.3070838312428712,2.1161496992788185,1.9982857368276763,-0.074393450207682,0.8196174373867482,0.0917234657631209,0.24646713596451242,0.6044760669641007,-0.18771416186074277,-0.8956094450834383,-1.468663411022147,0.08970009628228852,0.1858397345556987,-0.23478984757391913,-0.6319610432180682,0.43154517815246984,-0.3595607455737264,0.5706234023097615,0.20384123337660084,-0.6551467440683768,1.3051257378516605,0.26353302064620704,-1.1127146982135083,0.8508609545259463,-0.7147670206862181,0.07726286132681483
TCGA-GN-A261,-1.5084919047235072,-0.29737196682313605,0.36263989491524085,1.5675064501131675,2.8552846500081897,0.8536717717811121,0.09169184812325498,0.33066393273989564,-1.3630963049955291,0.13068797095534426,-0.47995373289834314,-3.9352709048309866,-2.929199962071058,1.557618368017742,2.4923777233872095,1.626444603195904,-1.6037780806086752,-2.4510789922855674,-2.564516960808365,2.1855370172312543,-1.4301245556740552,-0.08582239479534472,0.12481192938306424,0.10309341375745797,-0.14856372358233255,-0.13273901913385236,-0.1567630531961873,1.0751798592962816,0.8754499615987241,-0.06452453495598683,-4.171064668479674,-2.9641576654964963,-3.198525404116829,3.379763214051962,2.33299575271955,-3.4678618186611474,-1.1846804705490137,0.24709384692956948,-1.420486832924319,-0.7662177242828052,-0.15636434941508445,-1.7159765716096336,-2.5302926091282494,2.924468254127187,-0.46420521488475075,-3.705224132628644,3.3938154159781666,-1.7499681849733097,2.545321884216889,-0.5482602371117231
TCGA-D3-A2JG,0.8437460363698203,-0.7743429482890575,-0.228519299240333,-0.00027457914480182136,-1.3866835671210245,-0.7980798749247479,0.16315440196644998,0.060152936446591754,-0.35667463404383,-0.7143835944167108,-0.3761375942519983,-0.1427874278774743,-0.7102734757070674,-0.18867149967885738,-0.025825712836569998,-0.43869022690424175,0.3965670177994094,-0.5353716870990163,0.597469050300072,0.2001116845227832,1.1102956502201293,1.0694412287664077,-0.42292733298771895,-0.7867815723280406,-0.643749815870106,-1.1549396300099082,-0.9777122746086605,-1.05648993069513,-0.2508309608697898,-0.9452366504081153,0.37104350086355375,0.7246839362650244,0.6118631693584011,-0.9609281598803555,-1.4052682057758805,1.7785198088760898,-0.6243096149761661,1.0939778790515207,0.3859262583783719,-0.2537196076178058,0.8155745396785248,0.6517755569799993,0.3918799883148824,0.4689443884508618,0.6117884683318505,1.8170699331673958,-0.0027379695219691726,0.0747855457703485,-0.48772611997264587,0.5007164104703122
TCGA-EE-A20H,0.09612895539965488,-1.2668845238325552,0.22470046554328513,1.1795022104903647,-0.1413525926453575,-0.7517088341983238,-1.3212569531741587,-0.7213043835681154,0.8402960262086208,-0.7855414313019261,-1.321576419790299,0.14974622806037352,1.8746248715860774,-0.04911573530550462,-0.26434770825332954,0.4662518980298434,-0.7023153750281046,1.9632726557753974,1.6825676974559938,-0.15133313585615568,-0.7319959490907433,0.18708639324081539,-1.1065557690653158,-0.9189607853436018,-1.3310889491323148,-1.0785208735286465,-1.2591449499551064,0.695135986264319,-0.739958435606695,1.4695885399727007,1.5061869337576286,1.1936169976405824,0.6526832170485573,0.4585401937985304,1.6686467686108477,-0.5034688986176438,-1.1252156959732729,0.37185628468059523,-0.6016849749691516,-0.35232562549503693,-0.46823023493343574,-1.705756209861637,2.808057413852795,-0.3366973207102217,-1.6745016968295439,1.2696151238554614,0.4272329270381006,0.4187970458512663,2.151535484260712,-1.3796821029174924
TCGA-D3-A3CF,1.518954274646861,1.1780546561478267,0.5804250635681641,0.5930057633994031,0.6060112134807423,0.6382459394366687,1.1001877985921515,0.025792459187040075,0.056965561803501444,0.9907541517354126,1.0908806587374684,0.2987379007760106,0.27094548296970966,0.7042678195304206,0.330326955719403,0.61932594682948,0.7460227278708996,0.3123996349767272,0.19985706012241836,-0.8083753746158217,0.6642680981853458,0.14822518387529554,1.410395932166247,1.1772761452067202,1.35137708774663,0.6383621117258247,0.906603093579649,-0.35746894334429724,1.1652710588349802,0.6725058092032945,1.0398933640882857,0.5888768794896109,0.0501788342466737,0.6426485530800443,-0.5330192948679553,0.8069106162268633,0.5769878817987112,0.24643606736722884,0.7429429267472003,1.2961829125916629,0.5275210570555877,0.8629842796227558,-0.2571347209685378,0.8156259318501173,1.1344384024920005,0.6744447334895419,0.035241344718291816,0.8051840401576287,-0.16493841462114345,1.2556767403769602
TCGA-EE-A2MF,-1.223033302892074,-0.30235239139152137,0.11610003560913523,-1.1862303294217902,-1.5165480051186004,-1.5508160388594718,-0.9527174944658147,0.42854906943786825,-1.3526738437993815,-0.6358712955926331,-0.22757459290467896,0.0566804066432661,0.547714989619454,-1.720352756848883,-1.9597398970621018,-1.5154307614908014,0.4303709658576335,0.45042865632692236,-0.6216246532083165,-1.775787723587418,0.5783240842869277,-1.8166642480390818,-0.9374535772161244,-0.04187920152582243,-0.2706606436721223,1.3938218425471987,0.5842818579640089,-1.0307321567835057,-0.6534194758586827,0.3154874537097668,-0.40034913808401884,0.15295655894584367,-0.5988631613326442,-1.6210515184772951,-1.5041257369144196,0.49532859525630873,-0.5540176437201804,0.5160190663366427,0.18624516325967688,-0.13227037675876394,1.054878805173614,-1.2838724096079503,0.34782616925810367,-0.5688805369256285,-0.917398899143612,0.3205722864264877,-0.7561300130995862,-1.894121526525312,-1.7182812467978559,-1.0459768728732088
TCGA-D3-A3C6,0.7013045981251792,-0.9585491971198022,0.35476778786366325,0.6630930497567425,-0.49857745138556575,-1.2091809754655676,-1.0175923551219053,0.32684855485502295,0.16708276943170539,0.2863931767645201,-0.5255644552643609,1.4821378764667708,1.6335415554529649,0.1770536759636267,-0.29985103338874497,-0.24694384776736597,1.5774208013979065,1.3052461525466144,0.5449479160712393,-1.161946068142225,-0.9047228524634335,-0.3949737485164846,-1.1602709573634662,-0.2834868105202952,-0.35293638248859877,0.6498054387550841,0.02905953655460391,-0.8764629432112855,-0.775959040859041,0.25327689672280657,0.971876427370997,1.4896170727066886,1.3872487484467737,0.23287683035283707,-1.0865871829130715,0.9657879345625434,-1.399847563422203,-1.503270691177954,0.8847447541998406,-1.1536161694268943,0.41367643285235584,-0.25020001263798447,0.2818394918064381,-1.253426414415721,-1.281715861232917,0.9641863025489792,-0.21712165244627507,0.013594740375328174,-1.1229408166273778,-0.6192519995861764
TCGA-D3-A5GU,0.5519532331035035,0.018869292768812315,-0.27919861047104644,-0.26647490451885053,-0.7426883136938098,-1.7309351583373829,-0.41589515106435243,0.3715145962409179,-0.9636091372581879,-0.43053941648177985,-0.32967322708329166,-0.8159412503095397,0.13224126720238263,-1.0980159492946893,-1.4500604296929003,-1.200587104083224,0.7595623218914256,0.01449997266586185,-1.6718216940424924,-0.9997655213912324,0.046464663275889495,-1.337558932777668,-0.6633807381579324,-0.06184719156219378,-0.32926784903868334,0.17272992693315475,0.1808034832997746,-0.8153447038116151,-0.4701025549749434,0.339404637763962,-1.6858143745990455,0.22766584291997286,0.20582113465337817,-0.4262018371331241,-0.216590128545073,0.9264925285578478,-0.955166079314747,-0.3056414711516456,0.2955036120556419,-0.8600559240157893,0.05147368688927411,-1.0112684462587316,-0.7270556470405924,-0.7825561765637263,-0.6826200071195834,-1.7987846776487548,-0.2971866961066384,-1.0331752411302417,-0.3511419554510122,-0.8671122756200079
TCGA-EE-A29L,-1.0733211413640167,-1.5189440677744306,-0.5431490487210654,-2.68999008904264,-2.1303937606853816,-1.0402805010845604,-1.961758162536115,-0.4021725174642986,-0.3716315267094909,-2.765585010445702,-1.8927612265117482,0.12234573933964382,1.3938769698010176,-2.0269566241842027,-0.7832858089730843,-1.0067533225158694,0.1301396436107541,1.5797586825525594,-0.9545116562606353,-0.2471099879986164,-0.0810718788701242,-2.2104857486806986,-1.3065190451318247,-1.9384281183728644,-1.8509386681597295,-1.691084077358955,-1.6166794992394695,-0.6568685750850977,-2.1119211666740427,1.2149628147326579,0.0789630746050928,1.0309486547054743,1.1793574838839354,-2.4699989733182997,-0.4062602616846507,0.0445504898384749,-2.54799095195367,-0.8674105885443033,0.6660434948327196,0.4018559569494188,0.5912267791361331,-0.9731177861907897,1.602301097945172,-0.7960661017341416,-1.4140067604791429,1.1193173539488812,-0.26026597415016467,-2.6860679324053645,0.24134685592712996,-1.4585853539970381
TCGA-FS-A1ZM,0.4443701503394648,0.6880669760903885,0.9068710161080001,1.1031119243419898,1.398332761558102,1.0244834543385668,1.3722000918014565,0.01524111321420699,0.06475113064363756,1.1870282617892263,0.8735598950771557,-1.7416841988834717,-0.6331722958402792,1.3649284452278716,0.9926619818734723,0.5718860858821266,0.09872514291948696,-0.7118343864159199,-0.10919098164340767,0.5437894251250671,0.21635354593461079,1.2309952673537885,1.3877334672062802,1.017769784839624,1.0207202877457078,0.1351378853256864,0.542886903585531,0.673749448331882,1.4008835966582083,0.10836631967288413,0.34980829593892354,-0.8620925997224181,-0.9498814163080009,1.1003338473871629,1.8278871311625937,-0.958351717342524,0.43194632580410824,0.4593657211381514,0.49928548344965723,0.9846073831168204,0.9038144980794018,-0.8751060096354479,-1.0665602662756526,1.211253832974847,1.0560436244210538,-0.4899533125638905,1.5755857665624313,0.08322178392640307,0.9177956183790597,0.012468807297312971
TCGA-DA-A3F5,-0.6523580248255354,-0.6130952455494755,0.9536584703604694,0.6910990942149179,0.05979348793885697,-0.7311550977423327,0.3400050985598798,-2.0247952135607092,0.2705763148259574,-0.9233862379589954,-0.5074571503612841,1.3403097828698582,1.5679780583106049,0.8236417094232593,-0.8953301802696767,-0.1351537333870019,-1.739859048856845,1.1202319492999313,2.1270006152963807,0.6634978621381907,-1.5972775194030884,0.1813189365539273,0.04563885634662127,0.24437253287419725,0.39714549083545764,-1.1329589448722968,-0.9975883393391878,-1.219031092079392,0.7475778860927652,0.9331214690330001,1.4203512926588318,1.1121196950249863,1.0048385515379863,-0.2548771977089049,-0.45183696623544106,-0.3304894677817477,-0.2067012618655089,-0.3346809088948905,-1.7394845047681948,-0.41321246159605485,-0.22594851455539552,-0.038900183503171294,0.9148138951581348,0.44482360511361657,1.623888784802968,1.9881701652379054,0.40529855096934003,0.35979878495998874,0.05174981394493961,-1.1649652475429162
TCGA-D3-A5GN,0.5320105685436698,0.18761172944556656,1.083174855810015,1.4507237281569292,0.5158084170459039,-0.17060894563012782,0.18069915516040974,0.026549512057892855,1.217408927963959,1.0909606542901995,0.4429979203365273,0.3094464105894083,1.1242830395601195,1.4046168683834934,0.2096809263952474,0.20414216356225287,0.8871322575833372,1.0836160880900956,1.9880558207404222,1.051319864110161,-0.8710071257466551,1.5696676764388042,0.5887038053451846,0.6307402338055472,0.4922465558419996,0.2061582218452707,0.3423110897469934,-1.1941710815142728,0.7334062156984921,0.983754165425663,1.7850515928900643,1.2304168723978113,0.7342772788587291,0.59035407608051,0.27769406463185736,-0.5652484556525355,-0.6449951744881522,-0.20630510350986972,1.1640071913039336,0.11966845845749415,0.8071806111714511,-0.1369575494784428,0.4606136096940543,0.5521729494270909,0.5934706471032898,0.7464388927469175,1.2583894011146672,1.5815108307547072,1.0197151317450968,-0.20641677607637768
TCGA-FR-A8YC,0.07882312578470997,-0.36207377909656374,0.3612127346073365,-1.0553437231933374,-1.444686482882912,-1.9992028564602347,-0.3377622336973953,1.1156231951583284,-1.0130666152236731,-0.19407302642031135,-0.5132026045530743,0.2906604650803188,-0.8623481729164314,-1.3142746184078733,-0.9035911001926686,-1.119897585182229,-0.44570996905536664,-0.7869733362771502,-0.5453887630602031,-1.194116659520974,-0.20535169786749732,-0.10511372566032887,-0.6861416352057153,-0.09011924002212596,-0.3075779103940077,-0.1729420612180553,-0.2788446989142005,-1.1778358756420593,-0.41381450184051044,-0.3397381306166426,-0.6647482904998997,0.04921222232814386,0.4700069231949862,-0.5925666742921131,-0.8185345583343744,-0.04947327834219346,-0.24985661844228285,-0.27656511347993595,-0.39477908994277916,-0.8118835665218379,-0.024878149416926516,-0.7531367520956217,-0.6376062174965271,-1.0666011960521857,-0.4217124530843438,-0.3151679637886416,-0.1351561339811612,-0.43379920415484996,-1.0549317692752047,-0.795298213874118
TCGA-D3-A1Q1,0.14554366659874315,-1.4382253171886668,-0.14643871036505712,-0.11727769301879348,-0.8352100926416944,0.0963050499779231,-2.15078983670077,-1.1339711339821608,-1.4426045687357403,-1.2988668837166781,-1.577403609540836,-0.5744269306204293,-0.039343868177430553,-1.252478595126823,-0.6932338391154157,-1.442011080829648,-0.22851841504631312,-0.3147481042540679,0.5170045068184871,0.3031826663396618,-0.48908375405995375,-0.3345029421820192,-1.5479473354179998,-1.0742090448211032,-1.2772620840924518,-2.166897278148385,-2.0680824732848664,-0.6337995621988205,-0.9315397842705293,-0.0961384695584897,0.12569313069213237,0.7806485753762912,1.6321362648696691,0.3938105199819523,0.05067056247171423,0.25795502555712535,-1.6302184380093645,0.8908842651030251,0.023078864421328824,-1.3062884739251273,0.3679422741427747,-1.601038708978896,1.3520402429810128,-1.3424726536087521,-2.069043444792743,1.3553256717605873,-0.24256280571991615,-0.7632260286645719,-0.7614898479336446,-0.737377889023044
TCGA-DA-A1I0,0.31264841474452826,0.26972150060222055,-2.8249076552055903,0.21389704917580227,0.7509622856029871,0.23428295984807362,-0.2859875281146906,-0.5448861294700856,1.5417564213638228,0.6636325580769851,0.09861343084451954,1.114872209378718,-1.0923089160031962,0.38715996811333614,0.1522285572668123,0.010218111784700315,-0.883975068067187,-1.324862359790496,1.238222747869447,-0.018328360181815082,-0.20500151972089728,0.8178864246343598,0.31921743245622447,0.10030552312807872,0.07118419364340799,-0.6548865077610215,-0.38981410697459856,-0.0003425414656791252,-0.15079063052323988,-1.7153751018618142,-0.4335771385725052,-1.3036612215988224,1.116621752473039,0.8553419674083083,0.28637369722532163,0.3314612847838013,0.6711775712532261,-1.853567903845893,-1.4163798104032872,-1.2078148510859585,-2.625256905950277,1.7693103047206025,-1.5020950774459323,-0.6581547233848555,0.2212658225249043,0.702058603177931,-0.9243752767381811,0.14192343198253002,0.7981132737205564,1.1027761571356594
TCGA-EB-A44Q,0.5093200770884632,0.9950666595995362,0.227558644716891,-1.3365884781319506,-1.0151298191265314,1.8910299691104184,0.48318574757253385,-0.12680616412333345,-1.3803268589190596,-0.9793606646791109,0.7627567708488671,-0.8745400553462546,0.6616366255090939,-1.1282313071345296,0.027281985724324772,0.5568841687715316,0.6992931334837799,0.5465028493048385,-1.6235648044491036,-0.518961362190323,0.9240146437463544,-0.5828738142383979,0.37494292777572485,0.7287927781926475,0.6853748690019312,1.396586436671371,1.2371468264971106,0.23306878131661476,0.04402353132827832,0.634692569203098,-0.1400203014606983,-0.3478821983489077,-1.0420032721365342,-0.780113969743468,-1.7075015944722507,0.44366447485747773,0.5225374778567949,-0.5252819317221145,-0.3996392606806607,2.297333333928727,0.8707399576198948,-0.3192719221353024,0.12221733967430361,-0.38844384941840154,0.5819169564367737,-1.3862725543599974,-0.6353255727098723,-0.3371040075847234,-0.8868385083966916,0.33132534109827627
TCGA-FS-A1ZP,0.164996573784641,0.021877193838937336,0.5778180594213082,0.7497932714294602,0.19248393394019148,-1.044528866095016,-0.5540138302768215,1.0399762692692391,-1.618984505921931,0.05720292391396676,0.07490410090860034,-1.4037061936886677,-1.0424361365270347,-0.017313522428857777,0.09377084318650984,-0.5828141238138427,0.16443431810537903,-0.8853391916620278,-1.158908692707219,0.48971239735117483,1.4464166906009004,-0.24954607425078731,-0.17946982486324378,-0.007252469998324527,-0.032053835613879915,-0.054132927921825315,-0.2004928312275587,-0.041653021046838185,0.5442772464732478,-0.04821481240066068,-1.488064850587254,-0.5689297242917052,-0.8801036665292234,0.3221988612910873,0.9629380606753792,-0.5366131337728042,-0.4224180346448636,1.7676292304940842,0.7664398407250882,-0.7244289321860011,0.675631926711227,-0.6676449811721961,-0.04672471336757328,-0.2965707638208559,-0.9149456921957275,-1.9670499638620593,1.8277165005854965,-1.0585833090028607,0.09922085018958465,-0.08055747530178797
TCGA-EE-A2GP,0.5354149974235132,-0.00040032241423154153,1.3432064395411802,1.217210920935052,0.38735981927062746,-0.7797488264431734,0.1876458373379651,-0.23291632584844632,-0.7453092890657861,0.9995609853160949,0.2955307471223157,-1.3652293256171766,0.555432825114889,1.0562730770847029,0.011007566985088308,-0.4699333908641264,-0.5727419710588754,1.0539248179939722,-0.4825529864705577,-0.0538435545985225,0.313590533491283,-0.18726179120658193,-0.03436278254698549,0.5073492685725517,0.30732959886673955,-0.252046453353021,-0.14753546854312322,-0.4879078207925027,1.2540688859203102,1.2564825226755911,-0.09358532939675797,0.2520860128733285,-0.5242033617114888,0.3468404642880009,0.8816360877043714,-0.9245419828600961,-0.8262296125002805,0.6277652411811977,-0.13208905406106833,0.31908669868565465,0.5884656363759329,-0.07811328589288655,0.553322371627024,1.228877135988947,-0.16530923425344812,-0.8125799789038058,1.7712493326863565,-0.3285966762647708,-0.19701299689596719,0.08434014523337009
TCGA-D3-A3C7,-0.22653467899534818,0.61060478959653,0.8914942980276069,1.3355020594658822,1.041322639810011,1.0639529808116912,1.0792978783973894,-0.24246832185678904,1.2379248749870977,1.055510606066461,1.1795676133719377,-0.7739841607340102,-0.932145400094867,0.966152301092817,0.5050122812739976,0.6949337551264286,-0.8965247327401394,-1.0926370561982355,0.7446405722184182,0.583240863781048,-0.4724978942798664,1.0183168891638457,0.971344931298097,0.9373853698882014,1.0937132822190647,-0.3164688990321629,0.06022211630262763,-0.30548083972058443,1.7735913728675672,-0.7127975439950632,-0.2900170670615764,-0.807042973387345,-1.4003932523788394,1.3646299556557733,0.5317096426707862,-0.8374006427103352,1.152312195012154,-0.1840681055196261,0.6831806429248835,-0.18361282406262988,0.10837595910460994,-0.8211723722772061,-0.7103549974487778,0.8294061070359917,1.7659677616543894,-0.10021339545910372,0.5481218978174988,0.41486845421343804,0.27986863659403466,0.14842174229494784
TCGA-EE-A29W,-0.4581077033636266,-1.2831774408526078,0.16335973539077464,0.9182600868257265,0.5244760901295821,-0.26860759194489015,-0.5317369778844655,-1.5911312036815302,-1.9236990075784,-0.4371450900512307,-0.890176094851256,-0.8615119968900113,1.166577438741714,1.5556955976250728,-0.7393267455169024,-0.8152085883153485,-2.414803416547251,1.4134195520624437,-0.5095720623117367,1.4233717223229294,-2.962359916825066,-0.9977615331127905,-0.9077693224103782,-0.8926031636455882,-0.9159861894696402,-1.823383881121077,-1.5458508268852542,-0.7911467610783266,0.28130931903227085,1.934160423586218,-0.6980815620486039,0.46165972473949834,-0.051537145549858485,1.1067673896769201,1.2244882855115604,-2.0120583285909017,-1.7873335322858421,2.1558111766501575,-2.371713733727344,-1.0779959853263572,-0.7521967912829082,-2.218766123589428,1.8798921518589853,1.501656565206689,-1.0615729325181993,-0.12965915950953874,1.8946486627389203,-2.223173888740807,0.9294603678465476,-1.6060892133271716
TCGA-D3-A1Q5,-1.4993533648361363,-1.4765687921430546,0.6740967729802128,1.8727857978817815,0.7439522834466957,0.22981362545031703,-0.20989524262587872,-0.9063337235245117,-0.6633262793281562,-0.05734046317746218,-1.1528357075021431,-3.1191248072261986,-1.5855610830494797,1.7031145601014408,0.6264059197074534,0.6076909615406932,-2.6152413039016396,-1.0189244856360455,-0.02712350371158185,2.2763870704784166,-2.4559989176405583,1.2288950144343656,-0.9606495923416978,-0.9445735905409781,-1.0630518060989693,-1.5174083229812747,-1.692878115630107,0.6649844662570543,0.4166262033803713,0.4219780151847524,-2.2589168478831003,-1.6629215359162781,-2.6034612789522233,1.1091824522201297,1.1531847750834556,-2.796606902373682,-1.3698029896379316,2.85980482543972,-2.171194673551582,-1.5726214993463197,0.26456028159021244,-1.7714550119884438,-0.33918176475464007,2.9000550212933325,-0.4811146659444101,-1.8274614241136133,3.0427356359012925,-2.0485335201303903,2.7459819889907915,-1.2389866849846827
TCGA-EE-A2GK,-1.2117987900028755,2.4127137186793384,0.3342049296255732,0.9028460126943233,0.9869879382374469,0.4831139642192608,1.259240766672267,-1.1908176089851303,-1.3973405211811458,-0.29463138268060024,1.9609058176236038,-0.8449917646109897,-0.08131094114085322,0.19284555278000143,0.009261804448612044,0.032552234650595716,-1.5552521010637612,0.09549989821167462,-3.145157831441383,-0.48172357783783754,-0.4065916681963938,-0.5474562598796355,2.181244565327878,1.8340272681523577,1.707185630514674,0.8224719539218474,1.5217450467710174,0.3332129522060881,1.3993170023701902,0.5927874936145009,-0.7335016123498412,-0.30304274979766205,-1.2209577772996443,-1.1224831512575362,-0.10175431447439852,-1.5732326383913735,0.36185663937816176,-0.6964032751677988,-1.8302183155450662,2.229077415398563,-0.8741767330871654,0.7725073634245269,-1.0137606803542398,1.3961392038950966,1.5037184287023664,-1.8220878433570125,0.4794641154373131,-0.30386431208744336,0.8350387245000548,-0.4004394097009817
TCGA-FS-A1ZB,2.039029597689497,0.248675002382595,0.213745879288139,1.188402899883671,1.8920332401601148,1.6376785717043678,1.6335328593342187,0.6313917336296916,2.159304737152867,1.5094279021562202,0.9320088985690426,0.4512943713630828,0.6635945764316358,1.3005942398377137,2.384447643906822,2.322176447261757,1.024458560904899,0.49543523113740573,0.5660297207914573,0.7382739203846559,1.4201803887926163,1.8545166190640663,1.118177440007595,0.6188026425488511,1.0480184243201158,0.219348960107924,0.39337220667705936,2.0741724263943366,0.8854004948173437,0.7701243785696817,1.3127218639237102,-0.2766658971035785,0.009661104722040027,1.3574941233872364,1.657973161724028,0.2834669592503995,2.6363244795047467,-0.035089128163548554,0.6009793977714127,1.3208218931255957,-0.4194545334966678,1.7356005694092875,-0.16161345860628742,0.8479134002725577,1.5536438432870041,-0.6568891392708052,0.509188686385934,1.5362322662654755,1.61662246607142,1.855237796898143
TCGA-EE-A3AB,0.2860416505508696,0.5023293395349995,0.43621714396254196,1.4440446754865348,1.1098071385779005,-0.1035477675438703,1.2927526388334465,0.5766278698614474,-0.6414210882015565,1.18707757887353,1.1972128413417296,-0.4195497155991628,-0.8138018783933743,0.9891271727869502,-0.030957390857460874,0.320495388595622,-1.5916067095202033,-0.6830817144895223,1.0892372942425155,0.43909898723782564,-1.0987995759632745,1.5353693865275189,0.8142190126418971,1.4069491288796818,1.2929348749319445,-0.6605284392574844,-0.3263329668489497,-0.9845563284320326,1.54775742564003,-0.2737913445037004,0.29171790345728976,-0.17160520406330063,-0.34097136389973565,0.7550272239240357,-0.1379343932730418,-1.5206464636262746,0.878999878132814,-0.03813265283626448,0.4238332083679206,-0.6196390211696465,0.2685592866659993,-0.9075550267802711,-0.2399401021216129,0.8310997608132153,0.9076266164870824,0.36687565984655146,0.562413354906221,-0.4881218076046528,1.1137397660964257,0.48215418670050636
TCGA-EE-A2GT,-0.5346514275717512,0.8345880738983872,-0.7563129238898867,-0.4444692423066111,0.6120104825456842,1.240664195333506,0.08729175428945359,-0.26698296041515623,0.6593045412251267,0.1604642892243866,0.7546757709881091,-0.2736136055505815,-0.5416396532344552,-0.5181346765068855,0.3351903704942561,-0.1475347981245703,-0.6905864548475061,-0.3612757424835917,-1.0145297783690452,1.7972028705210297,0.00878973331203353,-0.16349557186343516,1.008917293331423,0.08404555145505721,0.33400643014524184,-0.17921502854649793,0.14558740668611903,0.28648431034232885,0.38831426575413225,-0.20624862286984869,-0.16435043846430492,-0.8811156749501047,0.13443407837127902,0.09150824314675521,1.1387086641527633,-1.0289508826564304,-0.28647467287656136,-1.0552776754923046,-0.6583962265458411,1.096384729437904,-0.8294655480092321,0.8320543086149785,-0.8173513393447919,0.22522594095017107,-0.09796691544423794,-0.2701862018227535,-0.542387652930062,-0.31403804350668935,2.6733216742862336,0.42987837994145667
TCGA-DA-A1I7,-0.22847618887625024,-0.25462580450532885,1.1344647749480126,1.4994304283150304,1.125104929833437,0.47852897072698936,0.38794694639920113,-0.029208106977079595,1.8151011662011458,0.653797333200276,0.05227269182279416,-1.347101875979178,-0.937976142768143,1.829225871931835,0.42904487085930565,0.658634152829688,-1.227822236754628,-0.5785378013203599,1.6166247556002642,1.804228333102481,-1.6014313946649927,0.6422055266352047,0.5082694100925299,0.2688777400397824,0.42980895761923454,0.05828539820278347,-0.0311753997823703,0.38768136171807466,1.1370666632695683,0.5228196860039207,0.22288624551175099,-1.1068133775698268,-0.5833571795873784,2.43996164817093,0.4179906759621053,-1.5905507084057418,0.028452065989518115,0.47865049853614827,-0.46662559552197036,-0.961427048094184,0.7852771145533188,-1.1663177201386943,-1.1446214092368,2.349778450517867,0.9475943394245412,-0.4684640537173087,1.5514046161525545,-0.6178160817668527,0.833346367320907,-1.0228797145687616
TCGA-EE-A3JH,0.4533151790088209,2.0300521733486128,0.4708394169344498,0.7009936065741592,0.9264455666419907,1.1490996442020738,2.0734132879533558,0.8795002250820495,0.5369223581286268,1.5584935830503113,2.108207940939246,-0.5465428159724778,-0.7713699683015129,0.653024798966315,0.6460260168553252,0.8060534481668822,0.9300311200825836,-0.5250029760663038,0.2757686286075226,0.6274159971528118,2.082217177591607,0.6103704081300084,2.1947654403989674,2.1315575898496326,2.022467039424076,1.5151126834371027,1.8123655647342918,-0.22205995458604638,1.6763641911318181,-0.5008446399111213,1.4115036154362788,-0.6294007916394304,-0.6910610850109782,-0.1825894573080774,0.8390513828074362,-0.07829048153782604,1.3742426764808653,0.34024916464541094,0.47298465461401756,1.7826709655154394,-0.244677447428079,2.3440704540580874,-0.8369424714612905,0.3088769043601823,1.412932236346873,0.3512823214268148,0.5047532588637539,1.977125254597895,0.6173773933495608,2.4292836520810512
TCGA-ER-A2NH,-0.1054921800384841,1.6980641055400953,0.8598221426270624,1.5200711859991174,1.1533506146755637,1.866089387172654,1.795251416790617,0.5719199150465748,0.24676709423749724,1.2773048316891844,1.8354407780986104,-0.44233145660990913,-0.015601011152413724,1.2219105466100093,1.0818283749108897,1.2429263325081823,0.15507512313594865,0.15358788933338896,0.9045222100355913,0.9908063398285021,0.5308348256053382,1.0877008550524947,1.9976634856903834,1.6912636901311684,1.6445378796334449,1.5524629404355161,1.8614681780886886,0.775708184899459,1.335104844040371,0.7111105717146771,1.2634115207954575,-0.34575654344690765,-1.2878892275078178,0.47154640860421076,0.09538972117144524,-1.0671054459462566,0.891472956914672,0.6352141701933718,-0.0753132457685908,1.4349996428473606,0.22513571841931254,0.4371717039211405,-0.19115428348024768,0.8016119394086028,1.2573615547364507,-0.32779477718639627,0.6246452888382469,0.3607142288134079,0.7299837439975193,0.5767470027427638
TCGA-EE-A2GM,-0.2060848666043463,-0.8416921491558111,0.4693429016928715,-0.4696131175339624,-0.46719050146684016,-0.46355160349618074,-0.24294642184412213,0.6164904831670738,0.08802762989715691,-0.497345726547162,-0.8311772758304695,0.21577792283787875,-0.14811606591827306,-1.1303111684305096,-0.8010773653881443,-1.1341190084743582,1.0146768688615073,-0.37936063068808795,-0.19377140812539395,0.3065245971287782,0.4484759414957128,-1.787687098209827,-1.1413356813958366,-0.9080838176540984,-1.164735449309863,-1.0077891920615807,-1.073191823590827,-0.3694708959170078,-1.1146281697732985,-0.009755804409452147,0.22313748190177313,0.2561641864112918,0.1393890122039781,-0.6919168097973474,-0.29513966803584735,-0.4689903929740658,-0.14237533433038863,-0.2796125027046526,-0.22744974390225858,-1.1012464369753132,0.6399260598518403,-0.4635178693098149,0.30910798073081935,-0.9139166016181056,-1.679002495220416,-0.7717150377986085,-0.10783933974397557,-1.1658587797930722,-0.07715957749814227,-0.45427068243392876
TCGA-EE-A29X,0.3052084862423176,0.5381007389905216,0.09246729678712304,0.26716531280882644,0.7151966459118735,0.727644706590452,0.8547279066311596,0.15164858164107534,1.0668518495794637,1.2470317896747058,0.7994883114728187,0.07820579357840922,0.1394476642190893,0.2942644856023549,0.5022715039804396,0.04883972675394742,0.540410032381403,0.09193578791786965,0.8851784880500366,1.530479384347383,1.2679072257591621,1.2321212956311491,1.00777922450888,0.49135571429810443,0.7128197996163438,0.1495854265433356,0.32502126422797045,0.5788755661691247,0.9124214572105268,-0.17322383988384213,0.8072763468864756,-1.0813567093575267,0.4170614063345581,-0.0042488388491527,1.3620524556069762,-0.5477265418002603,0.519279910755509,-0.970370249719133,0.8255656182290578,-0.45715225066527554,-0.5860822392639247,1.1749056216238294,0.7087057949774284,0.012035797319828713,0.90743491279656,0.7347421268203735,0.30133291022720743,1.5342717494717657,1.5701475957352826,0.9661860671846637
TCGA-D3-A51F,-0.20643632961046549,2.3469537140526433,0.1271741540763629,1.5095972072123145,1.4700867415923666,1.3642692565240342,2.5934235072043377,0.9197336615485869,0.10258473941528538,1.9934510488576767,2.410696009273803,-1.075809206140913,-0.7463195385690641,1.5261736671550699,0.04167242951910557,0.4431608483146254,-0.5591553680723137,-0.5843200554811094,-0.2980014377537366,-0.2099090570248501,0.2681794679144533,0.9051427569702638,2.45768032154717,2.3247231675024076,2.47689712742819,1.7735399314925138,2.2347058720467037,-0.07719824084457548,2.023404877464327,0.16225141716727912,-0.275073594722767,-1.1800406453560042,-2.3683410389491883,0.8359637277938997,-0.03823228265676897,-1.063047334232487,0.8674966052173105,0.08638087918042331,0.1860169385638809,1.2955206433307775,-0.0023221774171949317,1.0634451145606032,-0.9531542947887907,0.9776551737416014,2.090519729147207,-1.05539611126411,0.42858364322158465,0.7299531814729925,-1.095026545595058,1.1591275263282883
TCGA-EE-A3J4,0.011311161662054895,-0.503474775388833,-0.47957200259267974,-0.1788808267707601,-1.2191421952329973,-1.778797659718373,-0.41114995574570834,0.3656639193646443,-1.7750478846416877,-0.4520130544802923,-0.7700857399685215,1.0028027730833788,0.7420633240790204,-0.6830630576969282,-1.7628560873133163,-1.2934741373928653,-0.38320768331290583,0.7758199970843445,-0.16353076748349363,-0.1882560285802339,-0.07083376057887202,-0.2251926955318152,-0.5125829859510056,-0.5883922786789674,-0.3131175310284145,0.13981938269719604,-0.12863129419163025,-0.8625948107599332,-0.7620321281865878,0.10931491227637215,-0.32460492999018203,0.5485889317297888,0.6332617488930816,-1.2916948569204247,0.09348730335844746,0.2732216049985761,0.04354161933957707,-1.5697793609105264,-0.6748643064815453,-0.15555484555013266,0.3198880687155828,-0.943041318149864,0.23196164683868953,-0.7100889495267241,-0.45293533690645094,0.14365954490961913,-0.20149465642113049,-1.4653515058065234,0.6278267020000109,-0.6952753637217142
TCGA-EE-A29N,0.23793698722571688,0.9527808863122749,1.7508005220213052,0.4947811950924176,0.2661442627338059,0.9545309259580144,1.114371605169207,0.9739892316736743,1.2426578137261306,0.6261595047065229,0.9751647692262768,0.10628226853623207,0.9535920105108361,0.07882816441060686,0.23648094484030932,0.463281573001538,0.6526257138444801,1.0502417500467085,0.36123328634491786,0.45047007290997165,0.4149257273102221,0.21403455542092578,1.441022735948315,0.9792518221785024,1.1420928503252834,0.3636417844801454,0.546192496762222,-0.8814381032461064,1.2124226715133464,1.391815886033349,1.8434567937729736,0.6507508894004621,0.2931236903886677,-0.4930875817815962,-0.8866533669648683,0.15843779606269928,0.5539669647063354,1.296420805991545,0.3553046889395113,1.9825343337918093,0.8013086393311815,0.33947439432115945,2.0221281991813074,0.5928283673785154,0.8422052553028857,1.0053508121479542,0.5011445342473249,-0.39024102193386784,-0.44382052892541085,1.0138254952186982
TCGA-EB-A6L9,0.54843083019325,1.4374040883787207,-1.5982959220683348,-0.13540630095920694,0.9905699515754626,1.5506436955061351,0.5430985394630328,-0.8565425861246119,0.7733049069085369,0.6140282598023399,0.7570494193481205,0.518225977452641,-0.5121210580812497,0.30001323131643476,0.8043107748420628,0.4534254321774663,0.0962698901650307,-0.8892649858902821,0.6598399114328108,0.011865195658976868,0.3946751851586834,0.5397137408513952,1.139980920576978,1.1229137674674765,0.9383389496949881,1.3675292420539933,1.3198229446139633,1.1264856688232894,0.5204995068834948,-1.7943335243748042,0.07991182684234706,-0.7825658691618763,-0.12475903570140312,1.2283908691140355,0.685805513213298,0.19345316254278977,0.07942771875797572,-0.1398392487798647,-1.2939817511503584,-0.19120029255640172,-1.687500527831754,1.3033508316201443,-0.6661735373642269,-0.3082761311259224,0.3111017144615688,1.5175976196449599,-0.9703581000628134,0.8383475196721103,0.8470002433579835,1.4678575470167923
TCGA-D3-A51K,-0.7833268941889063,0.04593314207493205,-2.722937185058554,-1.6627547666513378,-0.7930598674652111,0.10135234731512135,-1.047331521717768,-1.7479286970774823,-0.4475484595683423,-1.5351434499831869,-0.9183902921775574,2.2314979683914005,0.7615706578514989,-1.5643835544307463,-1.817248192450569,-0.7274053737666373,-0.8795574117238024,0.3232101916372186,0.3712003016188183,-1.6030009452097638,-1.742059905565361,-0.9455449133785946,-0.9781419358694843,-0.5304494584021566,-0.9268662017714604,0.6801102560485455,0.20409957146006555,1.420844256847583,-1.3699242705639547,-1.025826137058736,-0.8817424709895717,0.1676180682289101,1.3308992872541638,0.29793425031003046,-1.7972296895130495,1.0406471772114125,-0.1895074262616381,1.558138850764981,-1.0356507759181166,-1.3843624377977304,-2.9221383112035197,0.4327499027690851,0.5988127039985468,-2.5284685665168753,-1.3226594921242352,-0.5175639051912104,-2.483046865332152,-0.13647794990239756,0.4408704019768704,0.09845999216659525
TCGA-FR-A7U8,0.8398992850655121,-1.030293473960835,-0.27730613440563506,0.15033799776109757,-0.7914683455136009,-0.4229939107882527,-1.0543889546858969,-0.5293334659326906,0.5888844146362223,-0.2567846809856249,-0.9841813555043847,2.2268157412766043,0.9779249983492353,-0.7170493188756492,0.4071016905461675,0.36539063993044285,0.41020165269776254,0.6358119755757733,0.7738650186924995,-0.4971298408505853,-0.632139038126,-0.28789965661561634,-1.2704205053898956,-1.0117999056843676,-0.9915719564392409,-0.03740473063229288,-0.6664271229616465,-0.15206281815416328,-1.2454052742983581,-0.46483186313802277,1.374510268893663,1.904750888149652,2.6268597983728625,0.00848368548860411,-0.25424036341297224,1.2365039081072626,0.18973001642334875,0.42134328168453516,-0.32935859823118807,-0.47749051563627865,-1.1552872634832456,0.5374148513209417,0.6200924998578761,-1.1393570068225907,-0.9323160934884234,1.668564014591537,-0.985448156384358,1.073272448727506,-0.65774168339695,-0.36781606983625414
TCGA-D3-A8GI,0.28168454109599494,-0.6834976621977288,-1.810200501107594,1.0071211920126155,0.519791577267503,0.06112342554275628,-0.38124693187314396,-0.5808407625587068,2.2634192900042516,1.2926680992051616,-0.19953687123035563,1.0316243278353443,0.11341344014935183,1.1381850644918523,0.6208692211029426,0.4394134907653677,-0.2754390267772296,-0.16252719988304815,1.3585254204445005,0.4094520580479894,-0.5617124633717087,1.222164065225728,-0.0492318576842486,-0.49237221731691927,-0.38267165692453026,-0.7046478741945997,-0.7001679327484625,-0.5689843060340787,-0.49018185717710866,-1.2453075746751716,-0.05331644332258586,-0.9336162336952455,1.3625273830706435,1.3352760640857337,2.418295158712904,0.3769415757886157,0.23801546974223028,0.007406954104859338,0.25939105105827776,-1.608596107854768,-2.86405095434382,1.7774051341961608,-1.1344593014013897,-0.2759710263713419,0.8496590360653556,-0.7416010642334175,-0.8075344714944378,1.4600687467898237,1.5746112333975946,1.7053336416440477
TCGA-WE-A8ZY,0.17213761104002925,-0.8092177809825002,-0.7192192908255935,-1.5193860146808185,-1.0170992243936774,0.5097634191591741,-0.5885791843104378,-0.618536236545291,-0.47230653748186324,-0.6914976242368411,-0.4044614538564717,0.5295056570476908,0.7479686624750399,-0.47058101028628,-1.0332789437848147,-1.2529883626816027,-0.24400997864233856,0.9080452730840799,-0.9168501107043298,-0.3485156158466718,0.9464833675591527,-1.8051759101768856,-0.5196249672311943,-1.2631165873031989,-0.7756398518799198,0.39761281301855916,-0.16218391893904757,-0.267581690517376,-0.9297944669760986,0.5631081098952853,-0.21297540651807984,0.3287237708096044,0.6938457780302522,-0.8901164126813568,-1.1329282383401298,-0.2957548722769262,-0.9057540371698849,-0.2541096703519493,0.029689084952611206,-0.3444819249856398,0.5238667417103621,-0.4062217177975541,0.46454201298538517,-0.3818436255513412,-1.014644988109568,0.43686148469939756,-0.6337726005400757,-1.2382911371397514,0.15962627066192947,-0.807645388006125
TCGA-3N-A9WD,2.466929649651869,0.41584881865002954,1.946746098168546,0.6640630526518349,0.797143725141419,1.2104226951157986,0.9868231172084738,0.6261768755547134,0.39449870225909783,1.0073150521769878,0.49227436971389615,-0.17884575534616243,-1.025701739333788,0.29537986799005644,2.004259060679674,2.2228865292496724,2.0697582032067006,-0.46200547681957477,1.2241680970756212,0.023391543237561426,1.9071404175615903,0.9794768846773977,0.5515856014923162,0.541344150814042,0.11852779148913009,0.4466690940322533,0.40641577715397637,1.8892418411943785,1.2056169983764293,-0.9511146028406494,-0.5018815958499523,-0.0803369073299965,-1.2752343623003397,1.261997987484515,1.080624976331149,1.0550696845950547,1.0130809736613102,1.55081104230477,0.7324588622802263,0.0844132785932371,1.1573881821224263,1.7324150592868712,-0.18581559759204686,0.6765466083903453,0.6892784963881855,-0.36244545604757084,0.5038575010158588,1.4081490540970203,0.19618393168327392,1.1057418721650456
TCGA-D3-A51G,-1.8290552686209536,-0.18904547466431795,0.6348442264713581,0.8850693822842236,0.8285442257298643,-0.26517425544482864,0.45675216951443154,-1.4547207073968222,0.6100819676981952,0.24199307289628177,-0.43380264557837533,-0.7230201966999044,1.8447137291025135,1.5272737088763102,-0.6445464979933627,-0.37275225017175817,-1.6494439953352116,2.1019861130331785,1.4360616106591109,0.8751642874259068,-1.5218268105084343,0.9965406696967323,-0.1938854891354808,-0.21467370978240619,-0.13291046108900637,-0.6134353933028427,-0.5017123438380507,-0.5465018377777259,0.38982933626259636,2.18062826575816,1.308688432803483,1.1352817296731477,0.706571322245209,0.40326823767669845,0.44014269308755677,-1.885288674652675,-0.831541432712704,1.565445728530057,-0.07651779966260693,0.3098926646432866,0.13821061114566385,-0.8163255396573516,1.6338659274995222,2.249158258930061,0.5325288805017409,0.383585569634444,1.3772905479180786,0.38497123931732,0.4367627376040023,-1.5495016524355247
TCGA-EE-A3JA,-1.3179539601492178,0.38437014074594755,0.988066765162316,-0.7880284976167102,-1.564183914193197,-0.4873123519050652,-0.26682054354547063,0.2890718094408109,-1.4444070206396398,-0.28871243639108846,0.36812006568512706,-0.9601672947386962,0.031083666690010947,-0.328498102696336,-0.6007250456384774,-0.8841935082713711,-0.12964268967726342,0.048383218211927904,-1.5661395926010244,-0.6696885379372457,0.11260614507061871,-0.6937846956558219,-0.2972835085200126,-0.2279571457623438,0.18860322661177403,0.07466192465548113,0.15433378377041482,-1.3779765877733563,0.308707074861753,0.35019158905082576,0.012190867918981853,-0.11038418526109015,-2.240751148570054,-1.4861842819719302,-2.1360589013142213,-0.40515622356197156,-0.8791763668201439,-0.48155625187521733,-0.29002897715896836,0.4815147212303612,1.102356206185957,-2.3483507294557016,1.3116777245429965,-0.5531973418673626,-0.4976041587894452,-1.5975488700575953,0.94971884440943,-1.4450047822445797,-3.1859323811479916,-1.1326010842138712
TCGA-EE-A29M,-0.025454060611386446,0.3092654729010051,-0.24883673245885218,-1.5442144195873042,-1.1498213661198307,0.39717332585834153,-0.7149824230201716,0.11074340869338149,0.0891540908699966,-0.9748005595196213,0.11315885343566308,-0.11294680677283922,0.8104244000478995,-1.3719108765217738,-0.9916517105420415,-0.9832552241859625,0.6858408078545061,0.8785319493739017,-0.5488009950409869,0.8484324641040748,1.1730681711227329,-1.0563534621356643,-0.23662850298151872,-0.5343877368032104,-0.3918205375771329,0.8334223833978323,0.4480093342066786,0.008238556814713315,-0.6943786371408054,0.8021812178374551,0.6280314507232397,0.8393170471808565,0.6167879772641395,-1.1357324703925242,-1.0508597022752837,0.2765086433993398,-1.9273773216373322,1.8865149400942902,0.9181469156608637,0.9109575406182666,0.9336770981422698,-0.3734740995551815,1.1338288787288378,-1.1010367368559972,-1.0073975155852435,0.5869921587016061,-0.36016326843949814,-0.44362016738735854,-0.2784647590789609,-0.34677570061697327
TCGA-EE-A20C,-0.5363925676767388,-1.113056973424946,1.2782922301838031,-2.571876800839425,-1.6121455325523908,-1.7110838511172413,-1.1079639354420712,0.8676368044276367,1.1969338040810682,-1.6143494635340538,-1.0904185483569457,-0.4346499591284551,-0.4750149335380397,-1.9372734501147428,0.07898691444734565,-0.9087951428332816,0.3889907124099931,-0.08537294913295167,-0.3937940849282449,-0.022886526655146285,-0.19431925714604437,-0.8061650968814038,-0.9142824094089816,-1.0066103031368665,-1.0309729640958698,-0.16115752070784764,-0.5502928519423347,-0.4879510346396839,-1.0013418891131838,0.17826371813287445,0.2006323719925808,-0.3928669217759609,-0.9600538053006497,-1.1964053067444234,0.4373369386003434,0.36680533894664674,0.23685907361617994,-0.5756472764671667,1.0045257751872623,0.8200114210189112,0.6781835774950075,-0.817611657370444,-0.17955316819814854,-1.2224649921228559,-1.1455157527766975,-0.43597866700433097,-0.2219496393090441,-1.1232414479051296,0.6081353612629249,-1.4956623133299256
TCGA-FR-A729,-1.129139971235574,1.194876318440188,0.7798555622784223,0.35262706510154657,0.07244572615722827,0.36711876234531454,0.18098084990797475,-0.10414878727053235,-1.156353611204261,0.7680163762112064,0.9581605181579588,-0.14647563638099056,-0.032300710557398395,-0.26255063902155196,-0.8737681089434383,-1.1269774535303974,-0.9225172237403383,0.036914090096795436,-0.951370798397464,-0.4734108360357018,-0.8121084403063143,-0.8162443027514743,0.2777771022719501,1.0621687274273086,0.5899628307953116,1.1598985734377198,1.1838266898142327,0.21546936711881096,0.45534135087987054,0.4104984978749665,-0.835747953095002,-0.04612539183732053,-0.14964806867075398,0.5456356865535419,-0.06741104893639233,-0.9638372817249636,-1.4175005784200512,0.4900301340213105,-0.1438967756208298,-0.5580950071018126,0.01767996820606202,-0.6461391974883192,0.25996778716099933,-0.5358788091950757,-0.12805304786291782,-0.5377745064960611,-0.07822082759018098,-0.4571253269365255,-1.198572929478808,-0.577192097878317
TCGA-EE-A2M7,-0.7570127261600503,-0.02461948289899461,0.1592530851182199,0.5235530475132466,0.16978988853106364,-1.0077181494743919,-0.7630615905040242,1.4525110263040484,-1.8969783242468494,-0.2814731217382844,-0.4655149470127476,-1.893079905188576,-2.526035040446817,0.1422403951812578,-0.31024815724871446,-1.1800387698373507,-1.73330236373701,-2.2337680645222315,-1.4673782204703416,-0.7516365289177065,-1.5394472594401667,-1.38191232296196,-0.3533139885633166,-0.33903508011284184,-0.3986233503036345,0.2435879269544342,-0.03978603189026818,0.3800908339425209,0.40357356819565327,-0.5699405612284821,-1.673680741509969,-1.6609495722233627,-1.6234906785975425,-0.0650419618257715,-0.31913305230043865,-1.9787360695848042,-1.2756092559720849,0.7879760333617335,-1.894212936713247,-1.1546250579335742,0.5710827328769886,-1.533936728068278,-1.9915702765260432,0.18161236735209232,-1.0249416685391743,0.9952105774694493,1.77719156630801,-1.7425234934939888,1.1449394408446012,-0.6994219251473265
TCGA-EE-A17Y,-0.053342593532957894,-0.995625255192426,0.46070601872712535,1.4025396917713124,0.38691519871914803,-0.25387096965715406,-0.16393852714238719,-0.6357120085165283,-0.12730472519106814,0.4803131423177122,-0.3904711550044976,-0.4243392558641068,0.06936510883748292,1.797023861205137,0.49370885304323253,0.4509349686173643,-1.276776929213527,0.1735523313997664,2.2525292089897024,1.1101599307495333,-1.939672361900247,1.4240892423856706,-0.24045956528698825,-0.4691738043159119,-0.280184665884571,-1.2810030397866463,-1.1220069217067128,-0.8087197770561086,-0.1470767582888991,0.573408334786355,0.6779637997443473,0.7514173104259371,1.1223587253310845,0.18843246986973694,1.389920227194179,-0.5060578970402704,-0.4371988389525349,1.5847419935741172,-0.7095822849740849,-0.7429943592872996,0.407297539357134,0.24219218601103754,-0.4630878907792746,2.18757514107985,0.40752217727773477,1.2666638269556196,0.4298843460801077,-0.6374947826334051,1.071251804637382,-0.8688022736463521
TCGA-D3-A8GE,-1.3689758479638852,0.4664380819591872,-0.9044790035540489,2.0662848307733146,1.2281564303776935,-0.09150665477355997,1.0906486328160916,-0.5672960457364673,-1.9692582386191213,0.5514247671331832,0.19681746970308733,-2.029822893947088,-3.302293823168285,1.9425354061378848,-0.6582510395290616,-1.446233166985297,-2.0476336701170834,-3.04296739074495,-1.469222272727967,0.6265110800540226,-0.9872255036659138,0.19915344664992027,0.8938034368518519,0.9135499899244417,0.7053541187097686,-0.07603700801521761,0.3503229259636383,-0.9411326715502712,1.1999325013191227,-0.6494996184776026,-3.233996100016194,-2.727925094229372,-4.14302553921011,0.8300683759362545,1.5676539917443595,-2.33566859402112,0.38837031264118976,-0.1454159563406695,-3.519722966305245,-0.501305000166421,0.5524542952980178,-1.1339149290741397,-1.4809287377460472,2.1223171856060614,0.2105784493277643,-2.965842766638552,1.9697744245596798,-2.9603106326644357,1.476250162815693,-0.015573817385645883
TCGA-GF-A4EO,0.5382124549877776,1.9664732664647184,1.1949744311037511,0.08810902561862756,0.1263251285108337,-0.36086348119024236,1.9165675084640859,0.28494256616683183,0.5800295803845841,0.470296070435659,1.9089734197939532,-0.4683729799330872,-0.2448698255482849,-0.2587221181385149,-0.7457198696562309,-0.14491275199008027,0.7834147209511572,-0.1428460931323411,-0.1407735491240863,-0.897113328955759,0.7346333224108136,1.1234857722735445,1.6626215005347451,2.0220364552739705,1.8247646183840422,1.135563688987668,1.6526498318078895,-0.6285275031667641,1.6315645029306853,-0.09162412040308061,1.5502025517956057,0.07027828399298315,-1.3978623033670514,-1.3858139396864133,0.03534981434430293,0.2381697220654225,0.5200191770623341,0.24773872410664594,0.1809042468427259,1.4277564058613792,0.8226189326194217,0.7619657708608337,-0.9112336923885332,-0.1844378232571184,1.7074632622238317,1.5589308733563025,0.18994489884128304,1.1119387094703295,-0.8333310598240163,0.6065679010695939
TCGA-ER-A199,-0.6044751072515876,1.3792436651194337,0.13764881204451934,0.5833512615367604,0.525055282251729,0.31046315217783566,0.5767946153326512,-0.05549143870354659,0.5294172778933989,0.1914813002763104,1.2044063599163344,-0.11923865682849764,0.13858269205479704,-0.591572638888891,-0.471541838174556,-0.6872287617443588,-0.20544389041350614,0.24436553517468493,-0.4122677160035086,0.09393901877579194,-0.5516317352886536,-0.21362792365290223,1.288542848392635,1.207405569608358,0.8838029529431193,0.6345998511554534,0.9753163304464507,-0.15201913655493365,0.860867819626494,-0.0513219634627077,0.6792410356751645,0.23819038485509791,0.08231321798812966,-1.0379112914099395,0.4438119769180906,-0.38303159425187117,-0.42977146255496135,0.2475681082632984,-1.0944812022787944,1.3643319668166003,0.21786630253373648,0.32864072611141776,0.037800281523905764,0.2143447564295491,0.5592872801536823,0.7318703942748064,0.19550739374200948,0.39935344450140253,0.830687561574677,0.18330272858200827
TCGA-FS-A1ZT,-1.4895422976206025,0.382562078795616,0.028488622085745017,-0.35128795966610854,-0.15784927507262225,-0.7401663933426567,-0.14345809288509984,-1.8979729593185868,-1.7691055724548819,-0.3405221432779412,0.13662083289075613,-1.6028547924982548,0.015580602703232591,-0.5075336509013864,-0.6033535589411595,-1.4220794085610664,-1.754510925565953,0.20543017199656774,-1.0142137531376585,1.4715188191848203,-0.42190034449642067,-0.10178044216014076,-0.08900831637194391,0.27060651075078124,0.24798582615674564,0.017317321549005105,0.23700539109464117,-0.25343957299859254,0.11408607845138062,1.429075065283013,-0.42935521097175033,0.09120171812019733,0.28688409877453663,-0.7357043185134473,0.5073024120546059,-1.7366653012212354,-1.5906741526054444,-0.7488398707430736,-1.9268359879893746,0.5142297499231143,-0.07937193330640407,-1.1301949275769783,1.2408275667258872,0.24893777357578717,-0.13021617664728638,-0.8173368088065261,0.7337551357066723,-0.8776437549663119,-0.04415411783354066,-1.513028565967348
TCGA-D3-A2JF,-0.05475208466876477,0.8766855373936024,0.22642514023276392,0.19957210346594143,-0.03314964711112821,0.2093624018776512,1.1937835426351866,1.259486289645427,0.968623993722473,0.5524187279451284,0.9556651218545654,0.21350764823867122,-0.8542116284839534,0.2006904374749332,-0.8301450527445453,0.37119830058423053,-0.24781185196012237,-0.8526543064343913,-1.5403868318699137,-0.9998692096578183,-1.741180567255697,-0.3651875450137473,0.6788539998241758,1.1116834889605811,0.6913642312093758,1.8553781125043038,1.579389653005618,-0.010584176136541534,0.8838280318938893,-0.8745910744647134,-0.9425136119478624,-0.8263170507865104,-1.9591447052475282,0.14959737570885878,-0.33870578843359345,-0.3608694058507613,0.3043375911007259,-0.6103451663203588,0.006481517037124953,0.13481241334775582,-0.2510602122444392,0.42297590558853115,-1.8250823690173086,-0.20527185147773497,0.9624450825750249,-0.5229870585151258,0.06310566709902098,-0.4669110509894776,-0.17462827362259686,-0.4695106567761129
TCGA-D3-A8GO,0.6782175886072971,0.48097122583421176,-1.086812885784776,1.1983710996495998,0.401091234468933,-0.25075453461679525,-0.038064593377628284,-0.10859421386042785,0.36923635670408295,0.5527000558121096,0.07606313491733782,0.4003055714195626,-1.7601740811995428,0.38097667161181914,-1.219997577028041,-0.48910597493990954,-0.17505889293789154,-2.2170653791162804,0.5457327180916914,-0.8871303381315128,-0.7722165710300191,0.8097283513443564,0.2689844473895365,0.37882741788261354,-0.23517712306912944,-0.4042023696447851,-0.014322981353519355,0.24412621239479376,0.6347409305598056,-2.2506558905377814,-0.5495315644428517,-1.5356886580709723,-1.0679236762809987,0.9808075453769505,-1.1562752492093782,0.5907748216257608,0.6236312896207598,-1.342689580067753,-0.23428244920556077,-1.230193305225157,-1.0523355182489802,1.019937354179754,-2.1889715473636566,-1.021232551965641,-0.18023649641034264,0.025018873924042714,-0.6153704433171442,0.9011518568152629,-0.6237374260228145,-0.07483137261893513
TCGA-EE-A3J7,-0.40481392944446887,-0.7970936992623172,0.07037574607750613,-0.4537236905932105,-0.43925056235070453,-0.930680053200836,-1.9806770036478574,-0.7723811532615004,-1.1484113609959328,-1.674755497403834,-0.9841968997961484,-0.3652739886080541,0.3108412843283251,-0.9858002073966108,-0.5956920943718028,-1.0066845148086894,-0.7081118478501037,0.6093807437898608,0.09651674516308865,0.7449376837593099,0.5537312684174763,-1.0474431855528028,-0.8999676518866861,-0.9517585674400892,-1.2678572861929736,-0.5808204269270587,-0.9055796692499659,-0.1135405972344923,-1.2456452807079708,0.25421361683739047,-0.12392072876795146,0.7275203518813179,1.1321538766034749,-0.5045447715949913,1.2658563956137694,-0.4228528161828789,-1.6275978108347315,-0.023116498843469998,-0.7898876438890069,-0.5740524333476563,0.25227961439990654,-0.40723548361205164,1.2621379749166004,-1.125575577546913,-1.9176694283977909,2.000985648402231,-0.1276111679244436,0.25535188528110586,0.7130509004829388,-1.2021139724359124
TCGA-D3-A2JP,2.437205339850682,0.44722539022966445,0.8819652198192497,0.2550788030669669,0.041528352848979,-0.6870264829252918,0.27905991967675914,2.42630651070787,1.067661875921536,0.28506070546478096,0.6416266357637205,0.3367022777461758,-0.53021049953751,0.4785235595863521,0.7977476299607288,0.5133241830745395,1.5029067468132422,-0.6644028319803578,0.3608162316934739,-1.0101719416242607,-1.010658937410934,1.1301144969135815,0.27834586104368575,0.35779504672837836,0.22048443127962242,0.426019489509106,0.448914234930535,0.21953887973517666,0.5509074864861278,-0.9681988313172636,0.43029481175281603,0.2258393130079887,-0.3053019802293838,1.3402872028723876,0.04177359841243643,1.4458691247327204,-0.2857970947677327,-0.9498024566345292,2.5738366668581754,-1.0440783414706873,0.3237070904921226,0.9716740492651377,-0.4479165141090216,-0.5891565679849448,0.11716073698830436,0.12435819260051452,0.42615450683266465,0.182501905428534,-1.38513047950968,0.22561293513256525
TCGA-EE-A3AG,-0.358448556812761,-1.0981489371643312,0.0034188623149270297,0.8084573783218565,0.35534682530705125,-1.3633927681715174,-0.9988014750635673,-0.861733598024055,-0.36660303841851266,-0.7501049251441227,-1.0592023016947885,1.4167805942597556,1.6130812271821273,0.6510391365015965,-0.17613900153768786,0.19251521767621746,-1.430253167250881,1.4443968372159166,1.8472185864277715,0.798781850555253,-1.87843962699525,0.8169045921140571,-0.725698693475048,-1.0305883352629155,-1.0439355521277085,-2.0124404871289894,-1.9322156903074368,-0.39868254897635824,-0.29504297923880135,1.157279689547247,0.9489857651781255,1.7805401078026086,2.0416702234411255,0.2891700938390745,0.12701880729286125,-0.2486918058811436,-1.4321249676191403,-0.23000089034452464,-1.045926480801983,-0.3086890397011653,-0.4238019129533532,-0.2868341519071634,2.1487095910980103,0.2558807548990703,-0.49407716483178504,1.2787416146084392,0.14907894407353875,-0.17458795230054575,-0.059577474211339035,-1.6614763311428427
TCGA-EE-A3JE,0.005071591337090157,1.9619713608924443,1.3214615819280422,1.315118723275498,0.9461581719044246,0.7753084544976333,2.4360340708801234,0.9998724742438507,-0.10541267987659451,1.8670972318661105,2.3104027235651676,-1.1733336191860677,-0.6229898247581402,1.7408519484568494,0.010759899535204278,0.5288785824962654,0.3452066346930624,-0.512606075861154,-0.7322450926115953,-1.294059323603251,0.7717636872509133,0.8333880377231425,2.339319234762701,2.1401927837340633,2.1240832184574225,1.6559110001638153,1.9918803894872457,-0.9143890572426121,2.268354330069398,-0.0888463624316912,0.5897108124152546,-0.47478200406022947,-2.1989383550770114,0.5081796352480438,0.9692516890471496,-0.4201585354605886,0.6148563894880295,0.4648751438960521,-0.004226806773081668,1.2322595409609172,1.2606469471444852,-0.07621378118848883,-0.4113120605834419,1.6057164763498022,2.025921669867871,-0.04395442335634357,1.7496714436493142,0.21090975766988865,-1.4233866821025631,0.37464212810207104
TCGA-D9-A6EA,-0.26291051583673336,-0.7417591874334161,0.399887126724443,-1.5326762135429821,-1.0026211594212242,-1.3347961279628784,-1.0878943211673069,-0.5404302867250803,1.1426119656589069,-1.4892094504607,-1.1983594985023258,-0.5142234988346149,0.18889617583308424,-0.7773203084883896,0.3279888055430365,0.054098608754444284,-0.477226416923181,0.42162090066855823,0.8914006239742691,2.371428313839021,0.8725931552879201,-0.055759577792893915,-0.5980512779749034,-0.5818645624126879,-0.7747527065133417,0.04725796400827228,-0.40720379676744367,-0.06356448793151827,-0.9092455663535856,0.21860088303469788,0.03188141638357908,-0.28543901518041304,0.04649569905852505,0.15735337612717348,-0.6864556084872404,0.06490676780869822,-0.987127756611961,2.547438023472826,0.4503247755007086,-0.5801715758111465,0.0010280691722969711,-0.19651372511126042,0.7866781512894907,-0.8453981182610524,-0.1908829774142519,1.66598789727539,-0.4722534561981041,0.2787549101865455,0.7206236195113723,-1.3476970191468407
TCGA-ER-A19P,-1.3941639551964633,2.186732267541906,0.40347732372690076,0.27832370010439117,0.4619725699035001,0.17361038376042567,1.4623373032254199,0.09827386103941563,-1.5451249604482917,0.7810865290826,1.7519929884217968,-1.6658014613793517,-0.7255563270523414,0.2036869276619767,-0.722129114093343,-0.6693829232987547,-0.7966988323583325,-0.5103189983213515,-2.0352560143139264,-1.3019081064283782,0.3016734251713914,-0.975626058675756,1.7060802161570654,1.9480454488321561,1.6672731745696883,1.497647566442704,1.8673569958018035,-0.13027798730027862,1.1458375936394474,0.13111516112482108,-0.7610260726533591,-0.9755696493649286,-1.9341655859007205,-0.4092155754512972,-0.3406937419661375,-1.1621017234927524,-0.04952940433342123,-0.30950062554701185,-0.35009763816810696,1.1399775869612792,0.1892336206401478,-0.20151991795729896,-1.6223709514234728,0.6089240310148941,0.6371073782171137,-0.8688490271191595,0.033490209226381025,-1.1255742426444606,-0.6849381158372873,-0.3719839529026151
TCGA-EE-A29G,3.0837122427863934,-0.25084061514832817,2.005142591225798,0.06994429216361486,2.8997807694184807,2.0682665281178796,0.7150804307815359,3.702528884387492,3.229239982119114,1.1888455430900422,0.2787861480426616,-3.003502379675304,-1.2832940926770733,0.4596177750383712,4.189270051969992,4.351723504794635,3.49195359908475,-0.8946500410006021,0.5546848519872573,-0.44809896324953685,1.7304526296088574,0.9809329311968907,0.1547025791386831,-0.10868800666823107,0.03753518171143954,-0.7018703576988827,-0.49983071199711016,2.4654291382164484,0.8097105305415176,-0.30622463188786336,1.1411120829519943,-1.2458901088839742,-1.315135011548169,1.668530856272598,1.7146873761134143,0.010324164346468085,2.5738546521485213,0.30652492669895076,3.4635002819923106,0.6234691860608179,0.4988250804724519,1.0831764124420669,-0.9814320031467966,0.7844367756673419,0.17512619957077982,-2.035148967018555,0.7928045438287111,1.326382662215948,0.9964206247911003,2.2572046154180057
TCGA-D3-A8GQ,-2.742964966976756,-0.6386233590293114,-0.1022212547681396,-0.3339713804950987,0.8507113309723475,-0.7548120807949291,-0.6625881306744807,-1.5992478385571358,-2.135071381625933,-0.8782557087915525,-0.9680787851260925,1.7128412408180165,0.4646443901874145,0.35632188114877145,-2.176789651259447,-1.5682351305926514,-3.2640360524945047,0.25315218145776747,-0.7551663763609695,-0.36471996415934066,-2.65699343136646,-1.3778446403728761,-0.38909168352638324,-0.2941343318142235,-0.4429123646296605,-1.4382563975675167,-1.1963230070244446,-1.2359226136776889,-0.21339360869561325,0.5793468694346156,-0.9898014843431752,1.151502230110622,1.2239361273257219,1.2442573212197978,-0.2588138302023475,-0.6966217572147783,-0.5999787696716373,1.057767839786666,-1.4581066479435576,-1.251752098704246,-0.5114018440831799,-1.5695009458451434,0.325026097757869,0.931813470444601,-0.7426501461451812,-0.7290062629189823,-0.7061848178640208,0.27561497904067195,0.9425430988028675,-2.273719008719084
TCGA-DA-A1I5,1.7140287798858815,1.1156690310076367,1.0827782746398344,1.1572828882368162,0.6069323181256338,1.212399876732577,1.500962680088093,-0.19585577534723173,1.188906977884431,1.5575108006119054,1.3926459997183658,0.4110115977447299,0.4119439315125042,0.9821825591604603,1.1496743069103972,1.2540920991672413,1.8266384977215158,0.41265145782182655,1.1464834878873515,-0.6595448021528881,1.0266610124091888,1.1854383370809147,1.7177008839089176,1.2806297422039943,1.556002605612921,0.4357943776593818,0.8113637687728628,-0.5288707594734098,1.4958919150281762,-0.19032401737456076,1.8658886784867534,1.193410730532735,0.29685639862009866,0.4541888405340377,0.24007763273689783,1.4373276019986754,0.38289811733795986,0.4352499440234073,0.8147594744938786,1.0931715172483183,0.3411769948007937,0.9311848304790371,-0.09760401917713342,0.42032479117638416,1.2745302306718327,1.2793865621216554,-0.008773704301234257,1.4303557323848064,-0.20193348559668808,1.4180276664497171
TCGA-FW-A5DY,-0.17976261796800735,1.5101395728305154,0.4075807817470378,-0.22933232514598928,0.6710129029284175,0.8545910663186731,0.7922585551715946,0.43871928844223285,-0.6390987829685665,0.25875964650757144,1.0596378512279632,-0.6275522753548983,-0.5630852363928867,-0.08116585094527023,-1.0441123020732488,-0.4251390250069758,-0.511651976848953,-0.4651897487276856,-0.8431779938555508,0.853640874600606,0.5740225977602723,-0.4149177805401985,1.2332838229430285,1.0504521127062865,0.8061186856095952,0.8279962831323225,1.037855589577394,0.1014953745738039,0.9964267880662565,-0.1455250545879719,-0.0915894460488482,-0.1564991459222988,-0.6164029409095588,-0.2918379661734761,0.16943623307324757,-0.08249086798602583,0.5332121850918784,-0.5125209459197809,-0.23655045937528119,1.123988124612265,0.39631550596760906,0.7400264943809891,-0.6768739846433431,-0.4346085626453247,0.4966901785119861,-1.2421174826885555,-0.25799362644261,-0.39097990360991874,0.3512178976149857,0.054287469197016935
TCGA-EE-A2GH,-0.22573148947491165,1.557313428678792,0.38164330515744466,1.1238711887200445,0.9187759823907912,1.3551643304044916,1.775954863875846,0.3793008937462553,0.5142685278771764,1.7376541342428284,1.204955382259422,0.21883825953574598,-0.5271296299528918,1.5256513024259775,0.3146181915787332,0.6148055556409125,-0.7076947214249619,-0.47012700430072024,0.13144773480222516,0.23794684230915,-0.5403718859318638,0.6486314578973701,1.072514929829066,1.09237690517151,1.1024429200151227,0.42699560345175447,0.9391819778164159,-0.5875733271293433,1.5254287937057507,-0.7459125773063972,0.6532499389262338,0.343733050451553,-0.4837264140633377,0.3292748131498881,0.10933605635007634,0.5370324037253498,0.7894461572087283,0.6521396362436489,0.31471455664761805,0.19944876897579,-0.11478910288822392,0.6571303879325874,-0.8746858290757785,0.41361818378539894,0.7832117427306533,-0.01639233438915435,0.12315626730537622,0.5077772540894727,0.4096804289846339,0.829814535185113
TCGA-EE-A2M6,-0.9580420896717434,0.10705541676054472,0.5990784232509014,-0.9516718624329098,-0.6148015182076245,-0.5610324549641524,-0.5575273519939886,-1.4936595014073075,-0.22698074655204312,-0.5070537781767713,0.008753929443075766,1.4968945517944399,2.458219821315543,-0.5709194479915414,-1.2543246878645382,-0.6131037278629146,-0.7098718443676697,2.3830012058381205,-0.004373163868601141,0.07429247651434934,-1.8892010757293025,-0.13825122661380268,0.46934767417492,0.2077972971751073,0.09812883184299323,-1.3274832332564213,-0.8860921576425,-1.0876221699573767,0.4187131791785045,1.5309070995431882,1.970871035584644,2.5224767255319067,2.176710811777524,-1.018312172745965,0.332539721887288,0.19090033461480277,-1.3350402407525546,0.6526437829468796,-1.2186841845181915,0.48815008262799653,-0.031545688915970455,0.28883201061848673,1.892016623611818,-0.13710763832119366,-0.07774465662990875,0.9878232569273401,0.1471350836865056,0.1833260945274157,1.3430374885262986,-1.231057147025391
TCGA-GF-A3OT,-1.180169335208964,0.5644634981214888,1.085788944631261,1.1644666992929822,1.3339121136077288,0.20190160823370015,1.4670064652652945,-2.0819157712456113,1.1429370947693314,0.7201296014952269,0.9592281246648072,0.3617229959229858,0.744641690686387,2.6982861640285685,-1.2584597778429156,-0.7584823819387818,-0.7991784744274303,0.9004919501818507,1.6895884053480095,-0.5502208671098336,-1.3201290113837085,2.2636086682051104,0.6080765534303573,1.4463725694807024,1.5846040052945516,-0.4597750320983789,0.1527864514958135,-1.764928088642438,1.3512102166707896,1.0686958232938262,1.3790828123345618,0.9804184418277018,0.2931547441381561,-0.9010775621172489,-0.025387593774498476,-0.7014215549598157,0.8347068450059612,-0.5037881280706904,-2.3042349071855424,0.7576730120718096,1.138770699675687,-0.4009715002893846,0.88466545269686,3.015031350684106,3.002394581580699,0.914124416571762,2.018295520917243,0.9797566292582147,0.25721749032234015,0.04625217392759019
TCGA-D3-A8GB,1.656905956270482,1.279855518791512,-0.2640186666266715,1.3518435068468548,0.738592004468662,0.10647125029389705,1.1656041555118761,0.7909321506402064,0.6449339794700416,2.34714033193048,1.4489127985861798,-0.1599300379184528,-1.9270087353385228,1.5110180847763992,0.25015531689625903,0.829429490276503,0.3325015108028381,-1.881655806986528,0.2287190199076862,-0.2825307067749415,-0.44528170934736716,1.506593727505643,1.51907136673603,1.4236810239993294,1.1365490327828065,1.4457878109089919,1.4076686492296349,-0.1949273177135003,1.0847088266386367,-1.8598254587048104,-0.6924600861797251,-1.22469016280305,-1.165698013706372,1.368784142452695,1.4862982923726482,0.5213869300242355,1.530534433743866,-0.3316655048741518,0.7589385843447947,-0.25652825570737203,-1.1597651334791415,1.1374547080910817,-2.583838448808998,0.7306791058639338,1.724383308031537,-0.6219680371309227,0.2098703316885021,1.104777288094815,0.326123223744677,1.491055267150033
TCGA-EE-A20I,1.3147188683580155,-0.305771487298069,-0.3779454902083116,0.2812652750633408,-0.26335356268149146,-0.8358672464041107,-0.2091687958969662,0.8785969585718909,2.626977204709518,0.5508476332440497,0.06808040376287881,-0.5198390941251838,-0.08515096523814251,0.21936666734498833,0.23976044430793333,-0.22415223087234554,1.3131028186979061,0.09866369357199416,0.9229808748628107,0.2355556367778772,1.2873167367616989,-0.17898980092299865,-0.28255104729522146,-0.09874095267513003,-0.17581384630047905,0.6996398813112047,0.31174992608200075,-0.5226978599442054,-0.6781248300501446,-0.10548979972937708,1.4522546093845083,-0.38287908107868496,0.02057281394135255,-0.5909149708267614,0.6482324272948469,0.5688736341416392,-0.08866481438926946,-0.04134401021748653,1.2859226132034869,0.5114369287170486,0.48509704805594506,0.6091816066092546,0.8265398267286,-0.41956352663792407,-0.0525202027010939,2.0303398074655963,-0.07903349033820457,0.33153100297963944,0.5443712580834434,0.19580809236857089
TCGA-DA-A3F2,0.23508853246834285,2.131331972580975,-1.7877304597070884,1.249663118199309,1.6113046701750477,1.3219493081051357,1.1396817611763643,-0.11889723503515419,-0.1469677958220134,1.2757393144910663,1.5988067031285207,-0.6493610747148691,-2.2699087179681023,1.5970195948886958,-0.2685667474344213,0.18612532346316005,-0.8061709885206633,-2.241153577472358,-0.029585091470829494,-2.0046200227878885,-0.7650901964721942,1.0223806788514325,1.6068313379221557,1.8834073017914725,1.9337232095799304,0.6569382773911149,1.1959593140387972,0.39422453859129514,1.17559495729323,-2.0419004141463506,-2.061046148484303,-3.5984561117024625,-1.7638172257316582,1.7051457639873926,1.434773928124694,-0.9491566756639452,1.0703762874048532,-1.2148027005402733,-1.224239866375095,-1.0507004901562371,-2.5270325414091683,1.2836736143054417,-2.1730830804690644,-0.31397424080073344,0.9071030851269039,-1.7329051344089053,-0.03711031870055444,0.622324474516192,0.4093036582519586,1.9497722270179514
TCGA-ER-A19G,0.34478702572960046,0.7963035620320994,0.577574329488925,-0.32652800784126074,-0.163909548204831,0.5077497164126781,0.5711132159471866,0.4263078874021552,-0.5534316117149966,0.10549187190668742,1.1734956973255641,-0.1492878361254714,1.510930668338125,-0.4358639975095895,-0.16628404281592907,-0.44251081145139,0.9764293612696795,1.6797816476097822,0.24061768412953913,1.574324993187882,0.7902951609017662,0.6668690591676272,0.8026583978723102,0.9286713211706958,1.2359534148632672,1.5825573711246554,1.2367005020698092,-0.39438233733643685,0.5406144537878743,1.425936017110924,1.3008988235557912,0.9071680125880465,0.21130162240406378,-0.770149671972299,-0.5112165530251037,0.375763486122865,0.001532722658531535,0.502995953510653,0.8547981573244111,1.095116298785487,0.8187982449035317,0.16981031191472964,1.7238444803327804,-0.4129104447943692,0.587575781865817,0.11235574986787028,0.5592877594736793,-0.9898841629974672,0.20849660793432642,0.42196695337003315
TCGA-FS-A1Z4,0.03140616847256144,1.4375983455031653,0.7298012470486854,0.9985079265901856,-0.0658588604819632,-0.7242263057495327,0.72269742931757,-0.31583823879124423,-0.41899731554210407,-0.25689491933462955,1.07414899470156,-0.6772633966225791,1.4693470922833747,0.42207198416338126,-0.24667596454817267,0.07251087881701455,-0.7152380504687605,1.8139531599738292,-0.06022568934715353,0.030736050729002335,-0.43283255901220274,-0.7436120352900095,1.2772980687681559,1.3779952529485897,1.2139669104361996,1.848136556546028,1.62136643733714,0.5172211397587243,0.8560964725730353,1.5628946041282965,0.7618733956475136,1.5452922028465357,1.229280623275758,-0.5477507422240733,-0.41028759554510597,0.05144974667375669,-0.9202844345746302,0.23375643443692537,-0.9292568525813718,0.7366148809491547,0.08456708049075684,0.7395002989595247,0.9254262167879141,1.297122003766388,0.6874291884149152,0.01695810300313189,0.743187000782994,0.8447343263637304,0.681301317241449,-0.5634418548212465
TCGA-RP-A690,0.47093062498324173,-1.0801456540897805,0.2291981976611809,-1.6529059607557388,-1.2617198071388784,-0.5558750775640281,-0.7531007350488728,-0.08104587760367947,-0.8456157374193357,-1.3647128461987328,-1.4098364359341402,-0.4228287703020517,-2.452941537743461,-1.7431554470249573,0.6616553053144328,-0.41528767036735237,-0.6345320991870155,-2.6353242948951183,-2.346969762043106,-1.038727257046381,0.5788104629092639,-0.28476674296571186,-1.2313465406506998,-1.1834202197519101,-0.7990882724946635,-1.1731153013597055,-1.2402724162740586,-0.20479733539569067,-0.8602968891415087,-1.1704699964472682,-2.184515857444596,-1.136829376762869,-0.9640177416442652,-0.026166985894412575,-2.664700521037262,-0.012414391271684781,0.17866666491960695,-1.0755505441641038,-1.0688033751987251,-1.1119996157380012,-0.06305818560417711,-0.7011401932383774,-1.3792187404664338,-0.1575434109750737,-0.10689535369197296,-2.202497554812263,-0.17871336344241576,0.45642336620430746,-1.328937208924359,-0.8792863967150878
TCGA-EE-A2A2,-1.9706402759813761,0.17805000383401284,-0.2603192211362245,-1.7802550994173794,-0.9828575048617151,-0.8344610311197915,-0.2013548133501609,-1.1292574079266569,-0.4325310523486306,-0.12228627905448665,0.23791630212688447,0.6293689378043552,1.87277907018378,-1.2410888340879043,-1.5395600181201565,-1.3648983384741824,-1.2631881325546792,1.8765144264569344,-1.1077138768910517,-0.8151007793108227,-0.49694546440726417,-1.347430652352796,-0.1718598217709863,-0.43126721615306607,-0.2378070416115699,-0.08073339801030797,-0.15572743044208345,-1.1218761558901995,-0.27553608930834483,1.7228748648840597,1.0148650762671427,1.4144852375922896,1.01725802980401,-1.7989881670785148,-1.2237167238409135,-0.7697764562482794,-1.7263338837171054,0.2101061104983093,-0.15450327562303515,0.7505037163914297,0.6347000735503167,-0.6674244391967445,0.709542312511835,-0.3270383425087957,-0.18580428932586399,1.1107843228105485,-0.308878491153677,-0.8778097952970829,-0.5130251390363813,-1.147764156635431
TCGA-D3-A8GC,0.2771068479209015,-0.3367238337459993,0.8197799925300424,-0.29953693896387,-1.2287766060935337,0.04040736017040266,0.35871392053686035,-0.05253066845155263,0.46107021054219,-1.0945058799979066,-0.1370041014298609,-0.21979013160780575,-0.1554012161486638,-0.4037590055438526,-0.008452858858806204,-0.4016312829606997,0.6228920256730395,-0.024687947472024734,0.19424508923529996,1.5727185327761832,0.9723030402873465,0.23209135293707475,0.30369497925763556,-0.24790249733418093,-0.28705448578413884,-0.6667162519412406,-0.559899804110336,-0.7111013756109613,-0.09299838164374744,0.3734654418745591,1.721823169452804,0.8858169701954751,0.8260403937231993,0.15158033186444572,-0.6822919205657308,0.8458981388608697,-0.10090963572345571,-0.421641351524102,-0.6842580782558012,0.6168555940699595,1.7565088955379127,1.663550790150105,0.6465497873729008,0.050189994430250046,0.6185542517264002,2.052515830106716,0.08510137147023923,0.5479743647864062,-0.9314163967521514,0.6360962356399886
TCGA-EE-A29H,0.37884938518283384,0.027128901743777894,0.19917971581304308,-0.4920900270853151,-0.4242976131054655,0.42620951562783865,0.1693527312231904,0.1729262259003216,-0.20940330164878188,0.09727637583863974,0.12613442884826895,0.9009292300776715,0.5190522510271975,-0.2543339458376642,0.7080755876827411,0.5738302965244574,0.9662508748570816,0.8156592177393808,0.18535091718343544,0.4697112447632768,1.0764121287043686,-0.8183496542050954,-0.0015920251540140393,-0.36816882609978735,-0.19826651602845483,-0.18685037065654994,-0.11435202871219384,-0.15625575014544837,-0.05465945272416848,0.38054659522246137,1.1167615840564808,0.725869722745608,0.7505498879134849,-0.5280688026486031,-0.12678252044976387,0.32535823731120506,0.5413791464172065,0.1119728185960123,0.32458612680866905,0.4169271196532699,0.19015188127088464,0.2230572816518221,0.7002949632714478,0.11183753993386102,-0.3623493185467412,0.727862751334066,-0.7936079340986536,-0.08070508769850895,-0.03488637091584765,0.35004077095190095
TCGA-EE-A29Q,1.57649244595997,-1.1237838164919294,-0.005623042589248155,-0.978280438068022,-1.2378249033627677,-0.8003690648008536,-0.6135432594469291,1.0501868462423742,0.8059743282119373,-0.6704160953509564,-0.9674118544325546,-0.0888859953533082,-0.48451258368195255,-0.5831234366103109,-0.3421291307620661,-0.3320295544983431,1.7960794515892287,-0.45962956496460455,-0.09882394600792678,-0.8994059783525796,1.5609278425272801,-0.9421774629078618,-0.6473239692926226,-1.356470521262443,-1.1490284166271583,-0.5721183265244799,-0.7169783244077698,-0.9407873991023278,-0.6111789705611097,-0.12473344318585149,0.18017804224292563,0.5570484436255204,0.3799014327985325,-0.396001928123014,-0.4172031189959361,1.0278974581038829,-1.2080481981105005,-0.3964955022979437,2.1773075248562157,-1.29631555060698,1.577021671762295,-0.18928639333699332,1.110394382087001,-0.5419229142068493,-1.2645526353352103,1.0217888032410114,0.4007251992528055,-1.352191420067767,-1.648070726931083,0.08842337296795505
TCGA-EE-A3AC,-1.6502709562188054,0.1689412967767661,-0.4932493750007023,-1.5102624298379212,-0.3712037422702511,-0.24301325963030318,-0.632679865809731,-0.2696478309469766,-0.75567597698625,-0.5164709273640502,0.20134188557960075,-0.173563427962296,0.7251094972688683,-1.0091551978322342,-0.6296357515233305,-0.6866816678804313,-0.8365080993015215,0.9281818807021164,-0.520725586991242,-0.14485935215949658,-0.5918610524557217,0.11499458514221254,-0.08425681783683497,0.288374647597665,0.3394620175499146,0.6856022222515953,0.5591023801781109,-0.7546334490636717,-0.42376293062799325,1.5385877776444143,-0.6875186396547386,-0.16571806240882891,0.35576642898070693,-1.5561990902661393,-1.4845483171513523,-1.3307270803962483,-0.8060815775549671,-0.35919606565388046,-0.2744950092806319,0.2764192411720031,0.5061986415190648,-1.0827152196734544,0.5060800932192254,-0.4115954216386134,0.22145048193461658,-0.6662246223714734,-0.2773250762557177,-0.4694653322803809,-1.386216422292309,-1.1695841588281448
TCGA-ER-A19F,-0.3773073299657679,-0.5583121959234787,-0.05280447264489636,-0.846191045599858,-0.8234949372615779,0.06734802954471647,-0.26360819972126176,0.3582866071014475,-0.4576845235761416,-0.2925595721846146,-0.4728798692654344,0.2054220118014375,0.6408590503696231,-0.39697890830179555,-0.08360300333942103,-0.561490329952573,-0.15798341252881348,0.7122886484121094,-1.1314719782111222,-0.49124449016019184,0.2731266361868755,-1.2332396510150507,-0.7004698575631971,-0.7796196477445931,-0.5916679539766062,-0.4945320701802713,-0.4005581818364498,-1.0085946512961999,-0.9170713631066317,1.0470524157052983,0.24007310751120675,0.6425221426159158,1.0185827260805418,-1.0374009328689393,-0.6640177417268439,-0.5015760550403124,-0.4788134277920946,-0.6702853404577885,1.2204547301681998,0.11432491275343092,0.42095119228680067,-0.5160299767138901,0.5971170637534456,-0.28453013000361577,-0.9598338285014717,0.08346446343145168,0.22843523879071093,-1.2620303253925258,-1.6794783189816311,-0.8305358479415098
TCGA-D3-A3C1,0.8161771592643576,-0.10702807340629257,-0.5262173006207518,0.3874883437731634,0.4870420629722198,0.43954785111619415,0.7427563892828438,-0.14627436683217368,0.9321655075032291,0.6904877510309659,0.3166700904787278,0.15798144438088504,-2.924887360731067,0.49885034959587726,0.435063735273718,-0.4242805607303772,-0.30091431969032195,-3.1005877321136888,0.731670690774893,0.6192436325985965,0.37766837073670295,1.5697361165667756,0.2791815781560356,0.17846247494779985,0.2784481267256711,0.15959675650935204,-0.06154174775738153,0.4568222954721065,0.6879312534528516,-3.005915354690797,-1.3405597283879525,-1.9195288695638955,-0.8525601591343702,0.8477289858421708,1.4437008236108342,0.12540202363691713,1.1715072382313516,0.9329155996448288,-0.7755407698496154,-0.6748616351861293,-0.7357564478490819,0.5167796543063872,-1.337326177692429,0.4228673545279455,1.1356416319314357,-0.7533855702307807,0.07453580205513463,1.1120489584573678,1.4884369106533495,0.5825667178440066
TCGA-EE-A20B,0.8222032611611979,0.053721421622977474,0.6608873819440849,1.3335083348755765,0.47187375229899575,0.06162776500191897,0.4348974781001838,0.3670928944575398,-0.020536939233097604,1.0161504194970246,0.2631681825824046,-0.8683367118450254,-1.412051289397151,1.408858764214344,-0.5596002788375831,-0.05975397862840735,0.11397867832664002,-1.0247336438139316,0.7270131971777178,0.6701469390208048,-0.021521388365780564,0.6911311566935762,-0.049052279887701965,0.58121612123328,0.10065739087934598,-0.47495457291763876,-0.22421368849221243,-0.6751555819983404,0.5843152514392812,-0.12777363761183713,-0.8211209458858475,-1.0307393060413002,-1.5675475628203188,0.6368211781795443,1.2048608785073671,-0.7931573293121089,-0.12911253741464657,2.230812336845979,-0.13486107914516987,-0.5133283743477327,0.5114813254391567,-0.1787898677908823,0.0885793303100025,1.5450159563372168,-0.32761920331650546,-0.8727628222354417,1.5911537474421404,-0.537988950080357,0.8642816079363892,-0.06223696171417762
TCGA-EE-A184,-1.20981453257837,-0.021088831674351483,-0.5383927624331943,-1.3049997256792512,-0.06498860056301184,0.2886108438882923,-0.4352164958107358,-0.1271018090317637,-0.5336570101853577,-0.3775870659179453,-0.00791861347990701,0.3573864067592517,-0.3383892493438013,-0.8711086885263727,0.7968974510422961,0.05421025357924328,-0.7083404239549408,-0.47302479197001135,-0.42715231741141674,0.6363180274285236,0.8418071876997526,-0.6086357285405954,-0.2875590788973833,-0.288999668810397,-0.11845785031147321,-0.5181814490559622,-0.3443219941616199,0.26221789482428864,-0.5963283463127111,-0.13009010965325507,-0.7224510761926691,-0.4182244489562966,0.12169493142841678,-0.8042861881021134,-0.7370970515125305,-0.6232509325496475,-0.13977046266527487,-0.30701486722804266,0.1534950379766637,0.4520552140545613,-0.10716763889891633,0.4530919371831842,-1.007396641338597,0.039244176599286695,-0.3825733355656359,-0.591299719307204,-0.07006764712409977,-0.2490080412874139,0.7839045638623399,-0.14614880022472743
TCGA-EE-A2ME,-0.9745454362930467,2.2562754284821183,0.9760202567827398,0.9118884736116228,1.1800283908742575,0.7582624643601911,1.75158696942379,0.6105915547283992,-1.070068762215902,0.9384956552002807,2.1964382301450023,-2.7941636782617256,-0.8477665489627422,1.3032542609934432,0.4998553818906655,0.06483283847138667,-1.0808329156238976,-0.6897479720959786,-1.9934609785868636,1.308890454216805,0.42733800815560696,0.7719665319912495,2.23675992858359,1.8952116308159912,2.1180444662116478,1.4507931083058307,1.8659830320636739,-0.2276774210734733,1.939040749919045,0.6439384067433409,-0.8134016314338652,-1.6641080125087957,-2.4943101342796368,0.6524423156807402,0.23378280574971283,-2.0191220093649775,0.24743261054381435,-0.4777223715448938,-0.6413181500686228,1.6531291622041617,0.7168406144508618,0.29574878997904325,-1.4279126463209073,1.7360844536435398,1.612858975170356,-1.0672456437761946,1.7280313448064235,-0.009342153362465603,0.5240676986548288,0.4264917717614725
TCGA-FS-A4FB,2.048514238271982,-1.471729865218942,0.012730933216808108,0.6377829620964847,-0.08328856921587363,-0.9269687625533622,-1.119031817198528,1.2616397193482773,-0.0497137478987359,-0.25893990249049414,-1.1679570524388667,0.5281575233128871,0.5515452975312082,0.20737487525623366,-0.9524780573887812,-0.4280509445422992,2.3829724549476863,0.37125874967017386,0.6665829252420086,-1.6627667989017891,0.2487964187658561,-0.7006356746258595,-1.6980547609466374,-1.5677747204385355,-1.3400393230702687,-1.16832169273454,-1.342831750395471,-0.13289470168327092,-1.029363682435722,-0.28281367405389385,0.22070639648763957,0.19706378438348454,-0.27139959666127816,0.7980450563706146,-0.2010667664066272,1.327049480564317,-0.6818362963616947,-1.4734954083922038,0.9723205495353829,-1.0377972591521767,0.6097442357954596,-0.35566373888239305,0.23803226802580593,-1.2093056310005055,-2.0184077771314457,-0.9790360552244418,-0.26446960494903315,-1.4492114046049864,-1.1246548884639092,0.015886856716785528
TCGA-D3-A3MO,-0.6626206589625242,-1.0967692470797774,0.25894544503399963,1.408633539919153,0.15981461952977472,-0.526334699254461,-0.19891287217940634,-1.1658654918076008,-1.1704515268610507,0.1753817089061303,-0.5596060575990631,-0.15308493435725656,0.5096829634183085,0.38942870604785995,-1.1390954463513197,-1.1071963127084055,-0.893774274032267,0.9151599570168488,1.5103116711858726,0.6173880217467999,-1.4059907651963381,1.255223554496448,-0.6512887650124918,-0.4024916808225904,-0.44346454124647106,-1.2822092649094348,-1.2706257578374998,-0.9752098624901697,-0.0946010824566504,0.6460976141994339,0.10684070512678742,0.8379839929113699,0.050702599578930994,-0.17439500794217133,1.1384396861623305,-0.6175022071084093,-1.0376750948807694,1.1769107034644417,-0.20648871882334058,-1.620616890432459,0.7448960981810747,-1.2435266615796792,0.7380426830713763,0.47389202291747523,-0.6266909628731149,1.1374035886891982,0.4931230265152037,-1.6399977241810577,0.7255186171728675,-0.8604680796170675
TCGA-FS-A1ZY,-1.240774198792709,-1.646767336931767,-1.0513215613006535,-0.32006528437722065,-0.7177205223362049,-1.0849273737279397,-1.7081542833038539,-0.8356660156099374,-0.03601977878592989,-1.2029258328756667,-1.5655820634281374,0.24465213580350112,-0.42485205232601586,-1.0147117083866628,-0.7624830551111217,-1.706730674470546,-0.9507778192578928,-0.2491559661270547,-1.0517468750490093,0.5221511986427829,-0.6275644884670266,-1.1694348119938234,-1.6297713227886763,-1.7002230662967286,-1.5616315286071616,-1.2732494115917814,-1.601908692065155,0.33952389308015085,-1.790047276982597,-0.4453684600067594,-0.9182567247539961,-0.6086306984615031,1.0583049171711736,0.08080681609454925,1.4419209885584057,-1.1129964846842229,-0.3620850908762328,0.895430245610548,-0.10290656257666787,-1.2919729630954755,-1.1291921632286364,-0.5408754373481032,-0.8459130608046852,-0.6809426965581382,-1.6899574189977096,-1.0776031171336196,0.48530697497723385,-1.6385424254538565,0.5511946366541064,-1.2389899005340235
TCGA-EE-A2MU,0.14484298477357835,1.0923316148533055,-0.5394835389525257,-0.4320138357793098,0.25083399272707535,1.811820559891038,0.7578192439191682,-0.10032257688484308,0.796371900959278,0.8304184060033722,0.9710254279497286,0.05272192357902728,0.4543492420228907,0.6777173760574335,-0.616617523726053,-0.07109083281279092,0.6716681900143049,0.4228318196658773,0.629696898179411,-0.526970731307307,0.2766950936979283,-0.5480018086173549,1.0010262863358412,0.8183959514433803,0.9160836391876814,1.5272397745544697,1.3897901169815972,0.2520387013855408,0.43260473700893126,0.04353384645529421,1.1813712041282818,0.18607803606508075,0.2716011999863031,-0.2755146229527098,0.3380041852166721,-0.05960160525468793,0.14181746293005,0.615200259753166,1.0142076554692563,0.6092382638162364,-0.013897680537496734,1.5519431620033097,0.8612196785887154,-0.2137060039726266,0.2524987434487319,1.2756510874923834,-0.21877764383947054,0.9106534455591976,-0.6438243096255765,1.2360828160057398
TCGA-EE-A2ML,-0.6013307965425524,0.3860728964480187,0.9924246040211393,-0.7357932576496478,-0.047207078313461784,-0.08998521346340586,0.3214489214857838,0.688265553981824,-0.3920813140464283,-0.2666053241052572,0.6210193903731289,-1.5930742511956666,-1.524988168079292,-0.8794909220908739,0.4315450923215588,-0.22848830795817276,0.5189294426310683,-1.126305418987005,-1.255592647133879,0.39403979400951167,2.311053476065865,-0.9658678560755377,0.4934057998512198,0.3479727057207277,0.3435357332120481,0.19624206900137325,0.2753984351975122,-0.22537049094738879,0.19661634345152906,-0.1472877731716763,-0.3058375836032427,-1.6441377557963497,-1.3653665399086885,-0.49424098322618565,-0.493084422957159,-1.1305929101747043,0.3141226224534372,-1.1203767324812774,0.23470588698827066,1.0107213588322974,0.7596229782837116,-1.060712927787661,0.13932402217138565,0.31202395354629675,0.15498970046183808,0.7484865922670094,1.0343679990711143,0.05521527752292909,-0.2760645754744234,-0.3523091093301208
TCGA-EE-A3J8,-2.585187922057048,-1.5059329797203045,1.691370720782027,0.124891332015923,-1.984295235539581,-2.5043623005507665,-1.4471201460908212,-2.6288915682627425,-1.7703830441553257,-1.7058579085565528,-1.0042663341076836,-0.07539904931505495,0.017338526915814025,-0.8509389135926462,-1.1453360135554926,-1.4654536228072346,-1.9337925136105372,0.3242164125012576,-1.285109021354524,0.8348196534665197,-1.1271530400258039,-1.5999951047076628,-1.3735463526701055,-1.3382962043090283,-1.341259964201186,-1.5131396125373555,-1.6450543810785534,-1.3098085411005074,-0.8516984886685395,-0.31725308733072327,-0.054612449342483854,1.3009063333286688,0.7825612392229709,-1.8080479848719944,-0.7214875408391903,-1.3706165803825654,-2.1196700932464063,0.5738538766890275,-2.192026724168293,-1.687690555705626,1.217596597932381,-1.9248726667393663,1.0233920309330216,-0.017080950260325266,-1.5678077579337233,0.9283311676889112,1.2142289614593922,-1.6256846605411879,-0.21220038047529743,-2.7004033040573003
TCGA-D3-A1QA,-1.2761148485724758,-0.37591553634191566,-0.5245038938392868,-1.6411150947352506,-1.6527590711717188,-0.9651767231503459,-0.7783025356730329,-0.708068163976902,-1.2199273048996724,-1.5486642064835876,-0.28956698355715316,-0.916041045197961,0.2409295325148158,-1.370044501225275,-0.7639878879535997,-0.5179505725006033,-0.4217998455837536,0.4300442035659271,-1.64129562341388,-0.229634238780149,1.4293823391353,-1.932901386716554,-0.5305452682341959,-0.6005934501620094,-0.4971958509295197,0.5542096378181187,0.1628709890379429,-0.9376318145850027,-1.0834663499854655,0.7862871382471139,0.24209298321714284,0.2717378906749575,0.7005137881665093,-1.7700198144018486,-1.8908444883040694,-0.9035947800501882,-1.046537552623517,-1.6759745262277401,-1.315163558759916,-0.18444688687776248,0.9371722510921302,-0.37328222669686867,0.6336162531808799,-0.2699497975396065,-0.738934769074532,1.6008760076554551,0.11169104885467342,-0.842415756053607,-2.241538466078682,-0.42849353330935347
TCGA-D3-A3CB,0.9375181871872049,1.9175669394618415,0.8831691802354965,0.4914078924076621,1.1054819610300417,0.9013095151081008,1.1305689521288858,0.9310369411216196,0.09937350560615542,0.3823498377296901,1.792832953101882,-0.9156020006787569,-1.2066350684214169,0.12399353326111796,0.31379930260717875,0.09361288692025296,-0.16941669969466677,-1.1788324248841786,0.0012897974497174092,1.7751973498765787,0.4687589997004612,0.8387056932816752,1.680010129746607,1.6887164403276482,1.6541273874465776,1.5137687337589092,1.7584961182865142,0.6980416947035886,1.408815650977514,-0.6558433334836807,0.636354279487091,-0.7351442281510998,-0.7734953337413337,0.09063197835177617,0.5211201526287274,-0.055634420163924996,1.180453929220115,0.7711522999992264,-0.08189560149692479,1.5335682184232813,0.017870174647944874,1.5549259482664441,-0.5760912377900602,0.35082349577293764,1.2463525087571659,-0.6114883320896911,0.7235014259861536,1.515559850277013,0.6435642880792176,1.021926987275212
TCGA-D3-A8GR,0.43551028665516545,-1.1469921652257342,-1.2132298386307463,-2.018671251505571,-1.1319605546817229,-1.4472876211810515,-1.1333929632035662,-0.4970674941406393,-0.9498740553520949,-1.039681957264118,-1.2438988023597795,0.5576952634053811,-0.9137173429373435,-1.0743560703571784,-0.78663063502334,-0.4733239897631554,0.9273312168467994,-1.3275129996526982,-0.45258767459475496,-0.84642511880064,0.21938886807920902,-0.7627654906812902,-1.286966413804924,-1.1352931239253248,-1.0474803498973375,-0.4047586691863222,-0.7852842360653389,-0.06713411764458807,-1.3726546906088377,-2.323573309871795,-1.6830275948869202,-0.5235370678741449,0.7475024551416186,-0.6067261958593972,-2.6009002715739187,2.29472628450024,-0.13046892671026675,0.7381223768005964,-0.28382756072561405,-2.1750422652437726,-1.3825585089769958,-0.012984509141222096,-0.7984525567428626,-1.3480759893327037,-0.8460383121272519,-0.8931158037597152,-1.785338955981997,-0.8300493068561068,-0.8346903612987092,0.45401944694487867
TCGA-EE-A2MS,-0.6757050388614876,-0.46826693697755595,0.7373912662901428,0.16334131477634586,0.2451925677259006,0.19517453489585168,-0.7852668659799502,-0.34496987260256945,-1.0604620248001844,-0.7441906629797894,-0.4480170571040858,-0.30980483828374056,0.7457844182216258,-0.4087990609165665,0.3084295000220822,-0.20761874502790628,-1.5683960377586537,0.9510412777205771,-0.48496871730675345,2.6357261490319717,-0.4271879326504055,-0.4549846335368572,-0.9366425358871349,-0.11940921472886948,-0.698323433257027,-0.5139110882330744,-0.5534148528094839,0.7542479892193034,-0.055218142103239616,1.3807559424627558,-0.4380503769703022,-0.06572027242053281,-0.325125978329598,0.6895289525272096,0.5793028155889779,-0.7779871822854342,-1.1610955346309277,3.6529974148747817,-1.2740821212127986,-0.650376184724644,-0.2668919516357217,-1.9437788872965012,1.9300880250314467,-0.17415364033797756,-0.8645307679414798,-0.24756038419159884,0.17396343946381612,1.405093855428479,0.6902313177995223,-1.1618020182616764
TCGA-FS-A4FD,-0.8215777766250424,-0.7356876674084505,0.7593320578870167,0.5419716771785924,-0.04784834940906245,-1.6723715030503208,-1.467838273669913,-1.3297424225785597,-1.5992693811518908,-1.0250803951201473,-1.2258793516068591,-0.6604769993432942,1.1347499206549232,-0.2748651535004749,0.1428224293797985,-0.3880257351715656,-0.6945500800552524,1.2592892021400328,-0.45222267925200876,0.8497411317905569,-1.4792978858823784,-0.8965471361887072,-1.0075494692082574,-0.7622729054625894,-0.9782728659344788,-0.9261067267917327,-0.9615300159848242,0.08838410302391157,-0.4999551742915485,1.6522071283556101,-1.1841404850998767,0.6817550497929821,1.1055458853964697,-0.014625796309151218,1.4421417368795884,-1.0902701318946302,-1.6906592141309047,0.11395262969858032,-0.956827441033724,-0.9242459572238068,-0.642165759263146,-1.2284194730005227,1.9203285349897548,0.1915141493367249,-1.392530186227809,-1.1243951683483067,0.6038648518060377,-0.7047914871194192,0.11631882352326357,-1.4804758172040966
TCGA-WE-A8K5,-0.018594558360597056,-0.2608071720937617,-0.8690224335279996,0.37694882205093855,0.002228967132034418,-0.7410086282841339,-0.2824175205778858,0.18894596068490022,-1.2826728903281235,0.2997679809018719,-0.5606895912660789,1.2842057717974171,1.5548883908357694,0.4885328054012267,-0.8975396672669669,-0.8168616846205324,0.24254702392824387,1.5279614604791156,-0.3785387976852693,-1.2466379359123156,-0.7625920184686956,-1.340818615661343,-0.4056419383371136,-0.3006468223054577,-0.38570616514523837,0.036309703505850936,0.01334756446568952,-0.696036618384018,-0.21564506802478214,0.7383801568661296,-0.3280091062585522,1.3697348527594952,0.5845325729185489,-0.053795391535404635,0.40575073282193763,1.2043191528116861,0.19363521958507218,-1.4113528376894044,-0.1838841463052771,-0.7045004907454895,-0.706323400746185,-0.543536493303285,0.03322155519150215,-0.029942141194559867,-0.5856523629412971,-0.3868106357691896,-0.26170488938170056,-0.6603340966601697,-0.488474139299374,-0.47736305381989863
TCGA-ER-A3PL,-0.5131409995274573,-0.5247041592456504,0.39315524384847844,0.9343012232353154,-0.022882578131994867,-0.4700849914442504,0.3704124555013089,-1.4542311207133038,-0.22116705554040192,0.35054540836797443,-0.20187481232820947,-0.6976367972995449,-0.6799745220585539,0.7299829000087896,-0.13536504726436513,-0.6019228468581951,-0.7539163420898737,-0.639920605583008,0.3270822889129154,0.8943430768621078,0.01637366578534786,0.6979544128440869,-0.09946114167485914,-0.15751929590360828,-0.37757618020497197,0.3518149870223748,-0.1612721957778653,-0.7042492147039502,0.04542610197098149,0.22177198828527406,-0.34103658642915635,-0.17604186958528042,-0.5913805917002183,-0.05210427584937992,1.6988548565837245,-0.23246429272568359,-0.3924427503255157,-0.015533591519265937,-1.1006266553107313,-0.6463336042572403,0.99746368419267,-0.8094770158965029,-0.9110848773463033,0.46294098137170003,-0.26123088913801545,1.222993334897261,0.7198215434386239,-0.504667995764235,0.2142701477903665,-0.8781123854346489
TCGA-D3-A3C8,-0.6324417344166585,2.6192731524402384,0.0700441215938149,0.5919550906898581,0.3011038299504299,1.935508434008847,2.60893580010812,-1.1300824047564826,0.0928439441901549,0.9835889267994038,2.1267427054982533,0.1897092634637944,0.9526883739076255,1.0477289419604703,-0.5120905387639186,0.841571786684863,-0.11976269117745163,0.9514245209192438,-0.7722667995105845,0.16235339202810106,-0.5402753538245629,0.7548353194202784,2.6863643112326185,2.3584962041949677,2.3052230345262323,2.2104445275048943,2.4886877093816513,1.131894145444315,1.5608657793056273,0.6164532896917705,0.7162288436418026,0.4696275839351372,-0.8260723809259267,-0.47232752238053416,-1.1452698720844894,-0.036545518675182846,1.32570356108892,-0.04016495477104865,-0.26581887057744064,2.474137698536146,-0.096037733934827,1.2329161990573925,-0.6807885332075446,0.9083124287488794,2.6995100343961917,-0.38445417261980547,0.12489789894763499,0.9410978422395707,-0.8595748200099458,0.6341661455401264
TCGA-FS-A4FC,0.347828691746637,-0.34971166997694414,0.5313405773504096,0.27935250404173156,1.1656517486866,-0.4595492445329628,-0.043242325353542714,1.0958144188962327,1.0109354533615267,0.5316782704103582,-0.20267593683895363,-0.7933513136326565,-1.0296955521030067,0.7484598670457776,0.951056637340175,0.6304351531962549,0.5371703171054405,-1.0952033482638313,-0.6513521132719365,0.8848016685131376,1.0927580102873842,-0.05873286237192336,-0.04123912971190536,-0.21264336366462522,-0.5467634984595621,-0.10018453530830362,-0.1962157433604419,1.1444020756875775,-0.09676620925983553,-0.23528410524121915,-0.25216878232928885,-0.7654878727141436,-1.1443872669074588,0.580556730133554,0.09905049706684096,0.6559889982663839,0.7498484508360326,-0.06440584613508349,-0.07233166807816205,0.9223478499109705,0.5037845752481931,-0.674639380493867,-0.5987448636492965,0.9623314049300132,-0.1983652352388064,-0.6678735917495211,1.4210849141169675,-0.743458258263093,-0.9171427448296832,0.2029937656725677
TCGA-GN-A4U9,-4.260083379783045,-0.8316762733339986,-0.9832480903719348,-0.04853381767735156,-0.2739820736614052,-1.7038291523201805,-2.3798753210930497,-4.650017785999236,-2.8683087136028296,-2.74801781359696,-1.4031611198079812,0.7693486963450199,2.239327323285853,-0.1141805095194219,-2.5437029447505055,-2.1135929390288792,-3.4783680572761106,2.152414032858269,-0.25576379486933404,0.1652912791998631,-3.668495425515017,-1.489653067283268,-1.8222557386467835,-1.1822511010661165,-1.5717578969861805,-1.6636829541779234,-1.3058641174644758,-0.5618502044982759,-0.5765607169737608,1.0619326552785024,0.062295997809839694,2.1131751067096665,0.8978391137229093,-1.5592903143160126,0.9399633853885304,-1.3001959077673584,-2.2255948229868774,2.5239649425891413,-3.377741946310369,-0.8529204431175538,-0.6196188634809099,-1.5927161366735418,2.5718493421694366,0.654207719989031,-1.7795215106198539,-0.1835497749983102,-1.0933222455861362,-1.5525441849268773,0.5908830195649004,-2.2022236764735856
TCGA-D3-A1Q4,1.3495047440602073,-0.31066412914086444,1.0041577069416234,2.2472873156805324,2.166348891810402,0.41620574486596956,-0.3141496574844577,0.5157457157657842,0.10429602448838288,1.0531622569734795,0.03614713279787621,-1.081724178394416,-0.13369980177299579,2.331023429781462,0.7277377957560369,0.20846197496674176,-0.5072946660771239,0.019597462062216596,1.1320365463548787,0.4946293648446953,-0.9338699570724849,1.583602876893003,0.1739323442328045,0.0822557155721303,0.1869557825755661,-0.7451053748443887,-0.4441976772027454,-0.00542050900183635,1.1914454666754124,1.099873122047566,0.3118978993614228,-0.04964325671577148,-0.6665495594953816,2.614907188373015,1.3331989890236398,-0.8609387055834888,-0.31865295581691333,1.5117274442559692,-0.6269015080608991,-1.0296589888317609,0.788532583359066,-0.1645899001776733,0.2015508014691227,1.4836641256911283,-0.2508639880872025,0.5265473450877942,2.422286580394666,-0.21348018452434028,0.41179640580484783,-0.2166514703115303
TCGA-WE-A8ZN,1.415241348959726,0.7402805472229527,-1.794785312707256,0.5638034929531249,0.5183545293394631,0.36151787379319716,0.648269820271726,-0.4460872643829006,1.4592373570054502,0.9327721012882041,0.48103455132070017,1.837050383822529,0.26909223836196217,0.6208786789766902,0.393085698742677,0.8365224897767516,1.03172818725661,-0.2619380068011483,-0.1769228206277148,-1.5710559735610146,-0.7303815469996846,0.18583224732807252,0.7906927390622756,0.6286679500183269,0.29574613470194283,0.4655041485674644,0.5772711051785121,-0.17230824550967522,0.11467658706034192,-1.56489513301087,0.04121165559594912,-0.4802071606857147,0.7764044515390276,1.6037301773335113,0.5081923221525521,1.2168409151020252,0.8950724122707204,-0.8273458312009628,0.5422578304486655,-0.34022450312800495,-2.7457661578988595,1.2714533671644574,-0.9103398871131962,-0.5473635477120149,0.08614487161865375,-0.8349820435589674,-1.1093338299161848,0.9431098689805777,1.5779499266095327,1.6235096264831925
TCGA-D3-A3C3,0.4755128820129652,0.2888166311413831,-0.11332891262416776,-1.4172413970830273,-0.7635125005292404,-1.6725676030293013,-0.3095696803945527,-0.4530414824980319,-0.917873651931618,-1.067107068171523,0.19013210797084543,1.438480686250906,1.4988777627179029,-1.362605639281541,-1.8433882587738049,-1.317172660431495,0.5013310471276711,1.0477079733400592,-1.3367475044027777,-2.0417154585109363,-2.5184190337560963,-1.8334617767937922,-0.3048419548656984,-0.2062453343008892,0.2760171253823572,0.5166099266808131,0.2668058792539731,-0.15961357551650696,-0.3314242129502526,-0.27579841274958106,0.6031896543424802,2.0130864390233603,1.8828986762795592,-1.3277864471434608,-0.7152537276217272,1.2969705092764452,-0.8520191561128168,-1.3184504963976003,-0.081071951634263,-0.7227977151456914,-0.7849546722293727,-0.2688675278310482,0.5533344367552914,-1.1045994774794823,-0.1886711015850988,0.7980661170053092,-1.461181776185903,0.057098222442508166,-0.08479720799955594,-0.46276838765977896
TCGA-EE-A2MR,-2.3846023567713623,1.805486314082666,0.7661097776101462,0.6106874949057101,1.0739144911795346,1.6550536087366692,1.413103236259368,-1.9439716430715719,-1.1769280050472755,0.37133368208520773,1.3172313934071287,-2.0410808448366122,0.4896526332815368,1.6095588370215455,-0.47054702329293835,-0.6344721085838911,-2.644084459497236,1.0216192338655756,-2.011415060366096,0.668289699834648,-0.9761319637171763,-0.15774089795220203,1.6607314501593673,1.574986948269159,1.7348500041782466,0.572503675860086,1.0701801724652702,-0.6246058053074636,1.721434967296852,2.0715634778744936,-1.3050704017035593,-0.18994383429643028,-0.8001818458570203,-0.4272268118320499,0.6767583811348438,-2.463768950241281,-0.048909828387034615,1.0359027537882042,-1.5393476876263972,1.5541053108260625,-0.13361680942472157,-1.3252160782187525,0.23917833109619713,2.5850869752191445,1.8302450397099403,-1.4799402608557557,1.8754221266587623,-0.3952858292560714,0.39809137799853045,-1.2169355929558472
TCGA-EE-A2A1,0.4725870498518826,1.026620465272382,0.5464582025720672,1.221612170802151,1.5148576461821244,1.1455488590707574,0.8086287762422986,0.39700095744347336,-0.12933908524490997,1.0525584357459428,0.9725869328169695,-1.16567452153757,-1.377442527303165,1.0306455868392665,0.671223764147355,-0.05088059778452319,0.19304146697358762,-1.1193737605114322,-0.9969544394232748,1.2208614965523166,1.1016660734811283,0.08354319808624691,1.119222291033389,1.1468673207396118,0.846531176106112,0.9776375123538785,1.1174151267142538,0.31375172034139165,1.0145173453360152,0.18291756844853269,-0.8101555669570832,-1.2833467280165771,-0.8392409895625066,1.426425766433095,0.45861315977303024,-1.3399808680939265,0.050504948486385814,-0.05241072537244178,-0.27142756981173305,0.21085371536586436,-0.11453133992065556,0.8828159519437617,-0.6693770757354659,1.3485015987036426,0.2277547625344696,-0.7469164176955237,1.266266481222366,0.6280550148079284,0.22703590526020123,0.9175082736475801
TCGA-LH-A9QB,0.265678177550065,-0.8832085471753679,0.037513373051164714,0.20064635354953794,0.1331820703197128,-0.955608835054693,-0.4501600055914532,0.534569763559126,0.8664556715600769,-0.8915652463265854,-0.9022117336685789,-0.9255299254012369,-1.0632682150949027,0.1855466741670246,0.6264260913867357,-0.09277752111400184,-0.2735546667316701,-0.8762190077555324,-0.06373782254745354,1.346590963123725,-1.505419372451101,-0.09348233316665241,-0.5405156787683508,-0.4006220300587571,-0.4613198715735943,-0.5991296527740674,-0.8948987065244797,0.003885050606845652,-0.5946977519325773,-0.41144184434187925,-0.8565967157407662,-0.5537732963869638,-1.028625941000898,0.6137084710985016,1.6539452163560726,-0.7147123222234347,-0.9059702979360288,3.85291105396991,-0.22027919317103792,-1.3471268116800346,-0.0004814233764945792,-1.772738598566388,-0.8679365747010493,0.2957536102419093,0.06233572202824185,0.2422436375270174,1.174464011195646,-0.940539679440684,1.261236551304851,-0.9652602364481079
TCGA-D3-A5GO,-0.258381561998922,0.4719806022586316,0.6277257221175544,-0.11994457012292484,0.029014544372468382,0.021929475611083632,0.995881071894421,0.5597792224843849,2.4159685988046897,1.0219475370055269,0.87709956534156,0.6702448382265925,-0.03157448603949309,0.3226412636826514,-0.9249962948224006,-0.26067692889973454,0.593339063462228,-0.2220443348380042,0.10491267258217617,-0.8563605042946585,0.042870101248975376,-0.024385249758153895,0.6344866442223804,0.5736577764628957,0.6350380814496823,1.611188414552905,1.076988752395687,-0.3989034486798513,0.3051800903787823,-0.9785573764556584,0.3068971384206966,-0.2053223384878493,-0.45203290338531693,-0.9730754396149289,0.038371041791247576,-0.03423335115954352,0.053004694069530144,0.16071487781311053,1.075411675158093,-0.03900967439214414,-0.017566333671674567,0.8653569018351148,-0.3227749214177209,-0.30672453042194325,0.8280368993254886,-0.31411599755483116,-0.4976632506917493,-0.8603463067494254,-0.5480196069660457,0.3835386233749505
TCGA-ER-A193,2.2178418378988387,0.70720764943965,0.9887613099715296,0.6977019304949036,0.6647057383479179,0.5860718841631136,0.6167611845256938,0.7451049459078724,-0.08772924106537448,0.7902967852207989,0.9831976996575423,-1.4226538678533394,-0.39324800294323226,1.0875599594415746,0.45901717455971364,0.8444176377738302,1.0047459323821608,-0.053209399419889385,0.031046105821530206,1.1170974067648018,0.9072152488140435,0.4986797256914336,0.6596063031054472,0.9256708484417421,0.6655464006663437,0.6613888852260907,0.7770056976508806,-0.0027766388475034235,0.9374939655649893,0.6509737659573294,0.10804066487273792,-0.4213550367378686,-0.7585405526222092,1.8790214948603052,-0.13823291873413948,-0.13872679970658355,0.17466412726883931,-0.225737197712246,0.67975584353744,0.6063743458204455,0.374746598208958,0.5817077853383413,0.24844860567077798,1.1138505985016696,0.5805859171618032,-0.14551399062259682,1.2443950235323806,0.6957001781283814,0.4412004790017462,1.0548024209059539
TCGA-D3-A8GL,-0.9323306182769551,-1.6524156186889476,-0.8310108110462094,-1.0183274137462903,-1.527420564401018,-1.8653597880078625,-1.6048440803120263,-1.1110000441917331,-1.3320486437810288,-1.64267763394558,-1.6299790385248563,-0.688661610543821,-0.018900404234423313,-1.4678452726539923,-0.5198937764676277,-1.0378951277240067,-0.949431719387203,0.18797702535835056,-1.4591621920166018,0.10206354410289464,-0.41879039816002706,-1.4844152242803308,-1.8536971940888947,-1.7115458558801253,-1.9894345641500994,-1.0361098805066569,-1.247295280888176,-1.436193952401129,-1.7268453236563914,0.13715317574524688,-0.34237108873609196,0.4358956858252678,0.5434784066906827,0.2892111390482716,-1.3382968466241847,0.1332136008584068,-1.7507934065312718,-1.7362894962514148,-0.35928476486514077,-1.184394301446779,0.3939130721212991,-1.0163315019546109,-0.8861475607530072,-0.8402455710455465,-1.3798516468176636,1.015744049281373,-0.5549347898828959,-0.9175173412184593,-1.41687428086344,-1.4989163003335197
TCGA-FW-A3I3,-0.683618009042914,-1.0823049274941294,1.0917432992490905,-0.6456649381631817,-0.22173815483268955,-0.20724974839801813,-0.24600037824996282,-0.5649928955687301,-0.16526873700857672,-0.6373366132526456,-0.5883318264569787,0.44959652834548636,0.26050307821272234,-0.7764564696674732,1.4623934537340737,1.417171028959247,0.09090422993456729,0.1784052243051224,-0.026154936244249475,-0.40636779022571146,0.05945743533316701,0.512664850866925,-1.251107696056412,-0.9949322962501708,-0.7516305906423482,-0.8192434584387326,-0.9807816656466989,2.3532029973922692,-0.9207934647322418,0.4416226551775522,0.05704461961449461,1.290114611682383,1.2306657210604506,-0.2600431530273286,-0.36621671736470357,-0.13140215230072355,0.8224834094135307,0.04668119933831779,0.4649361876247402,-0.648927928304415,0.22142754633894807,-0.8952914881351404,0.7394301769750597,-0.4228537343518598,0.5377040211704586,0.6811205097876798,-0.35177995679992885,0.6625083490489615,0.03186155777611702,-0.4607851697566448
TCGA-D3-A3ML,-1.1637817568596402,-1.500587080487938,-0.32385045410225655,-0.8171941270206083,-2.257013086808182,-1.4600828650974988,-1.6304221633376976,-0.27424034153517834,-1.7159107392381987,-2.1194381446602697,-1.720283748319158,-0.3676806656310121,0.32516460400949243,-1.8148647072492365,-0.42109097814791846,-1.200500804324181,-0.8107238463120379,0.31890278501715774,-1.3192807736168315,0.8572351412368042,-0.9927510553669922,-1.5985391022131032,-1.2449115792246979,-1.7081713150828897,-1.3979754578478585,-0.6584152714959409,-1.050473130970502,-0.9946760898677197,-1.804191899076954,0.5510864646925824,-1.5817880167836664,0.4183862545507542,0.6745440426578239,-1.208706136049303,-0.1102775984009968,-0.7188142598190035,-0.6633050998565123,-1.887488133843037,-1.7642985110669622,-1.129671685209102,0.31076788815530343,-2.4757534519691275,0.6674696925290927,-0.636393878674681,-1.2486997883443447,-0.015353373566643371,-0.13738642947821658,-1.5095577261924382,-0.9005673433899487,-1.9273471008846452
TCGA-EE-A3AD,-0.7965113691645705,-1.3469808801318452,0.3040461164527613,-0.3335732623287859,-1.0337852982678175,-0.5907633938212902,-1.0625314405799662,0.1395900963647279,-0.046717334865922694,-0.6718071246079295,-0.8001599952332755,-0.8395353308377942,-0.879547575949377,-1.024625572732113,0.062139622467940046,-0.492993527650833,0.2225340176116397,-0.936072414856086,-0.8417353543302665,0.8487366624483813,0.72279268426731,-0.7645591392547378,-1.341593866375426,-1.401401396209501,-1.2868165622139693,-0.5616044210423536,-0.9388913584248187,0.7963863695797085,-1.2419506426335072,-0.3567773477084605,-0.7828274700005914,-0.6177056425612776,-0.3993346979633808,-0.7880775555127938,-1.0704562213131938,-1.1564301358069338,-0.551636277864736,-0.43421805670264985,0.3051478487612801,-1.3677675906771298,0.8327043249021396,-1.490272432444757,-0.9565708930244631,-0.5480225509253467,-0.6454139917302868,-0.18911942099264273,-0.07635603130497008,-0.1863481139545996,-0.5973951764708895,-0.9091278540444524
TCGA-EE-A2GJ,-0.4409197222610812,0.6466521172115616,0.9727579858494217,-0.4461328262101568,-0.40657578575884235,-0.15984255640490722,0.45927432797552886,1.059421419993312,-0.07812466087612621,0.030838517250561318,0.5390340652706213,-1.7894696432044994,-0.2208680081968078,-0.26850014011872453,0.0598776954194923,-0.15232985430270476,-0.6430403400588739,0.31468902688164274,-0.8385132097428506,1.7489464289930985,0.8306135716637881,-0.7070787717480679,0.7648034271882651,0.958071883563089,0.5603625602357446,0.3762329081125774,0.5316676545396469,-1.1572095667363658,0.35104610378204704,1.2583967266424592,-0.30931066911386224,-0.49389866256214277,-0.05011844256030124,-0.49593523263273925,-0.5255243158295598,-1.0613466518420345,-0.6087957190111275,1.046890105712033,-0.005905585536581678,0.8103633841987347,0.9245957046599422,-0.05917819218452685,0.9463764127052134,0.8716144045726777,0.569360330802564,-1.0124757958029504,0.7236134247684173,-0.09808965412026792,-0.41644078999278544,-0.2109379130566552
TCGA-EE-A29B,-1.153286594272993,-0.4691724178414383,-1.5706169280805278,-1.849015903366922,-1.153973932141275,-0.26102756591542103,-0.995245001978417,-0.707115127194341,-1.535912808548787,-1.9145616103754717,-0.9687434440766018,1.5626727791596966,1.3429136128706398,-1.7135460211777807,-0.7958116314545172,-0.8669369078537419,-0.668736336422198,1.0754239465176634,-0.3594921828748102,0.9373829272316045,0.2801096164819919,-1.3817098932645226,-0.8885859563871671,-0.8797303904972616,-0.8548504868842355,-0.5305730856980252,-0.6023354165482047,0.06511929834082697,-1.0179698926006178,0.3031402151845484,-0.45087713993430434,0.30013968841718097,1.05420799967992,-1.0297507087417532,0.14313254540420295,-0.12113781870261192,0.044686835977107583,-0.4831161274595242,-1.5691322151702463,-0.17813709159489896,-1.5364958287261103,0.46939994526879064,-0.1851505849472359,-1.289493809438428,-1.0648996567141527,-0.6189876198031488,-0.9680469956734836,0.44066129073550975,1.6528715582885594,-0.6875275863133724
TCGA-EE-A181,-0.03468070111329257,0.9919065978719063,0.1593082637572078,-1.495670498734767,-0.4416595460682936,-0.24519564001104635,0.16305096282142154,0.633972179888481,0.22586413333121416,-0.6901177283819332,0.49046790704253035,-0.5556933642342194,0.7944393897479912,-1.3833494644979956,-0.6370251238042903,-0.4483916922058068,0.2612323587572214,0.8591426235719358,-0.5514574455761366,-1.170120986223231,1.1634145432102485,-0.707730826958704,0.40244733192345794,0.8371884817769687,0.5944516066490296,1.0461445266373925,0.9950015965569939,-0.23032995291696623,-0.1196472203516787,1.0623194328807648,1.2827293903600274,-0.11770884879489861,-0.7824894187444701,-1.0138566915818388,-1.597626836937054,0.20612690533752487,-0.769341838617935,-1.073700797940266,0.33940052551215183,1.9079283779754597,0.7124186811185603,0.4010070504415647,1.0128314589787988,-0.5613529627985692,-0.07661567958927476,0.7701542710123408,-0.6245697963401914,0.2535827467004543,-1.680485171765204,0.05649523643896133
TCGA-GN-A268,-0.7422486001257935,-1.0661345246879759,0.07980194458382327,-1.0605903510789916,-1.8625206483622891,-1.523388860069595,-1.211265092624002,-1.1780520869837352,-1.2997496857364046,-2.5078563339708397,-1.295268363427807,0.8806761617052803,1.730914185823438,-1.5697352637502187,-0.8599285267923339,-1.3204356693754815,-0.44048349730984265,1.3152045143205455,-0.2817929029360218,0.2109663524275655,0.11731902344203811,-0.7205975514318649,-0.8621705823250749,-1.386541764877077,-1.094160017148744,-1.0757478843835662,-1.0578356007166763,-0.18997431342056892,-1.6180397141862026,0.637736003067803,0.6999886612800663,1.5097535928924246,1.3486461339692672,-1.7109185205681428,-0.18890451983982065,0.7455592562674761,-0.6993548664270769,-0.41953029211327486,0.3891316555716454,0.9310093022749205,0.25939177781104555,-0.4092144380293014,0.6168958460798607,-1.5084132912189268,-1.04088384367528,1.234475864851613,-0.30583308795282355,0.7455290608541537,0.9435759559522068,-0.9903861292809912
TCGA-DA-A95Y,1.2319607703615314,-1.0123676259499532,-0.8554386236456476,-1.5814644020614277,-0.6613081171997038,-0.49465196077045853,-0.8765322552331134,0.1502808099849515,1.055328529844273,-1.1998191533432716,-0.8358981658554637,1.390659265396394,-0.11009030602384347,-1.3197420308405245,0.16454335171122597,-0.3302539862453838,1.756765067354293,-0.23431937846181383,1.2012979734810767,-0.6029371627898982,0.8750754827828459,-0.2845600791834261,-0.9184223852801318,-1.1185526430168533,-1.0456482624597585,-0.2275457551541521,-0.47406861426104335,-0.31613268446370835,-1.539974996025853,-1.1078134286524193,0.47748448289661877,-0.14629975913823157,0.20162201028642607,-0.8626604810139507,-0.17607028395955537,1.9182232594213944,-0.5628870020904982,0.02234345500381867,1.5193445656328928,0.05041162130580828,-0.28933101809058687,1.1693866759719704,0.14814972844383123,-0.9254943498107268,-0.626632426778847,-0.24819317897031684,-1.4752270880862859,0.5682884699707665,-0.2794347772284572,0.8055377992533135
TCGA-DA-A95X,-0.364550036389143,-0.1520789956718414,0.9024731841170359,0.23512401100869604,-0.6858720418783046,-0.39258684296935653,0.12601025349291656,1.2462354525550339,0.23582283215706806,-0.2648809701294037,-0.031456311002364075,-1.36029387447248,-0.26703355803671563,0.19316432737022549,0.42854462814638994,0.00839956307430984,-0.37241290435655455,0.18516568848503762,0.19391735452505696,0.4913210414208371,1.1862472781618465,0.1785491459955932,0.334387961053239,0.1906575713828547,0.19893571387616857,0.22412235835559105,0.09853032324840476,-0.9241151122329839,0.37219519871824047,1.0727054692317988,1.179664962137372,-0.4299461197921021,-0.41468328305763624,-0.46311895849307444,-0.8586764452549784,-0.5083499606872616,-0.42916475116621805,-0.21055633737242746,0.5630548328980224,-0.5759615851383673,0.6590574594008209,-0.5757946528475895,1.1163546560157667,0.758035940873421,0.4413366167938229,1.4587686857516575,1.1400131652022876,0.35080985846149043,-1.3620432009223342,-0.08844746422708608
TCGA-Z2-AA3V,0.06302141590383736,1.126179498496837,-2.845382705578871,-0.17694100521695874,0.709121080404319,1.9335115016042568,-0.3489794060752112,-0.5140895720124793,0.5877847095096664,0.4066898872574517,0.8725350182273612,0.868092283503559,-1.3070216097491913,-0.5041962878441988,0.6956100695290692,0.7144516574486942,-0.6329790384230523,-1.6790819425459598,0.3153208864027976,-0.4067586172842811,-0.7558285325113081,0.4203264178261132,0.5761912696975148,0.8036659394690748,0.7572311340612387,0.08779256839447895,0.3669030421900759,2.11378587751673,0.13919824061303732,-2.5722979016287386,-1.7064697913566877,-2.9657951334982444,0.23791004871177573,1.7588064733709083,1.7516927056257887,-0.3796164377934422,1.2161740401422751,-0.11449677969602132,-0.17060556106105187,-1.5149384308806337,-3.7284069379682787,1.5342847479702808,-0.8146379964788519,-1.900873506234699,0.12048981407484466,-2.4971418405119077,-2.437704908768302,1.4827576261536641,1.6700449389172196,1.669225190458369
TCGA-EE-A29R,1.041200876283082,-0.8779741187877123,1.5236443358181608,1.6200972844926587,0.1069216938939192,-0.8541327776637708,0.6348230282487135,0.46313564419995357,1.1553531483589947,0.9607425328845033,-0.44919724024534013,-0.520727692732238,-0.6711284531227285,1.024137441197264,0.7017211140272098,0.08745646084256363,-0.13353132871947543,-0.49526567184493464,0.5793098223722651,0.8538719740056593,-0.7059092076726288,1.6032150602353805,-0.29748517669311714,-0.030035336731919025,-0.27850270808798894,-1.1208371955466094,-0.95634247923341,0.18620124379491673,0.4254549784223378,-0.021670736647828814,0.13586819984305437,0.5540968353041902,0.5447363289832162,2.634265218720947,0.19440455056267839,-0.29782442193418673,-0.11602651892081357,0.5275712472366433,0.07420950183458631,-0.7863512064476357,0.553911719170043,0.592110524215457,-0.395094464450579,0.5280208006853477,1.3628880721113832,1.5783505182239372,0.9945842819217477,1.2192380027889815,0.8543805672816372,-0.034910066898937116
TCGA-D3-A2JH,-0.14980228941604165,1.2759278232282665,0.28722652358870254,-0.07230223867007203,-0.43574727482854175,0.9834469164650034,1.0167432488712762,-0.17755804759529864,-1.5641494438110954,-0.25585844203462615,0.834999757590213,-0.040918653500625395,0.9832113176417996,-0.4018573805344239,-0.23244636415614112,-0.4064750163264836,0.3458002644613867,1.0224960676647454,-0.5461735824281361,0.31072182725252545,-0.016148379210553686,-0.18628531048270952,0.7338375121130787,0.9456544045996615,0.8141394339868897,1.764213147146638,1.6057614337230823,-0.40498365738457615,0.3469979149816041,1.195697397909358,0.7277051292375616,0.8930411662603652,0.26538046355981176,-0.9671828179967552,-0.619439154260405,0.21590124425445456,-0.30207405141250515,1.0159833919619397,0.17194841248974557,1.1912329465092566,-0.03152207537730858,0.3151845998257428,1.2018538993142995,-0.3782040874939922,0.3803246018040498,0.6611395994435763,-0.27237090489565907,0.3184006617954021,-0.5543281818175063,-0.22539384617297298
TCGA-EE-A2GB,1.0973602506730256,-0.7487714290295103,0.47809101944496035,-0.8602247594226862,-1.3412168203800265,-1.3667110616635076,-0.6745824942162167,0.8290439968981688,-0.12959081123192318,-0.7634026700207249,-0.5034848750379306,-0.3742883838111581,-0.40279443485046956,-1.0549418959515349,-0.6043190686481942,-0.9352946317070959,1.4705384464125852,-0.36912672606667496,-1.2809994986383288,-1.9921561000336778,1.675661490873918,-1.2974998019175388,-1.2309582889645605,-0.9480434727247313,-0.8667794502549873,-0.32827721088239464,-0.36589710569597644,-1.2884355323327088,-0.8804557629681122,-0.16673455421013333,0.009476620199084821,-0.5483294368026924,-0.2545844781516951,-0.8638111504133501,-1.0007087373288723,0.8186960897350343,-1.3720478622843861,-1.5886048991885569,1.2607193770223855,-0.1819077980496871,1.2355027014662703,-0.6566922091960852,0.6251021571877149,-0.849677537059341,-1.3520132474106936,-0.2151356005327024,-0.26132852563916864,-1.1164420034064064,-0.7361452300238519,-0.2718869828976071
TCGA-DA-A1HV,0.2222873129907488,1.1121322570394112,0.5803445927269766,-0.5005075246126278,-0.1287011192007,1.13245567188463,0.540651148974531,1.056030163927307,0.9165640662236564,0.7274293471580445,0.9914376795831463,-0.11899413556774821,0.34360777950944726,-0.5857886133181944,-0.18283855287174172,0.11935268920774773,0.6705429289865245,0.12443698755699253,-0.5184689107252582,-1.195622831626039,0.24709622936293965,-0.4819797205684157,0.8026185057832453,0.9544201511735442,0.9581785097148745,1.213079103434302,1.245823854557035,0.9176709317926078,0.23908616194490834,-0.08972177054008935,0.8949420689769544,0.26454844517767473,-0.18207862739495692,-0.5883437973039419,-1.0684401720077055,-0.4069190662863735,-0.4283730609102254,-2.0593260776714013,1.196777053411057,0.8143838785192988,0.39835978032213337,0.4969087700666714,0.028192860833852845,-0.5110681474312287,0.18411375147638515,0.906349647717499,-0.5321245801946806,-0.36738012405501397,-0.9139585426957566,0.7511832364886698
TCGA-FR-A3YO,0.5709332883495625,-0.41201672775567033,-2.1363487956275007,0.257593802764397,0.22982136421430968,-0.12775809146275513,-0.03590808490764305,-0.5951763145254556,0.608139274271152,0.8061090927936388,0.0488527804487767,2.2805778455678403,0.005319741363975212,0.45389316468550556,-0.0599460495707525,0.15603316308066165,0.5919997052244037,-0.4606506964599353,2.492732946305889,-0.7179900626119058,-0.2908383104645325,1.7413761404632682,0.18310649910776391,-0.09949733403565122,0.260443633695582,-0.49823299901539086,-0.5040526627824204,0.4467219120956027,-0.20044931147851308,-2.070219936730311,-0.08010980108433872,-1.0420241088954174,0.859538340988273,0.9245013137139115,1.0560660040106145,0.9885377926268388,1.4836072378778222,0.37493950908792184,-0.48499113676690275,-1.2254471422015287,-2.479739614224031,2.1433548977242456,-0.6472131206634912,-0.8886576600278534,0.7365489496879974,0.2440295119516956,-1.963241433694583,1.3254896442662558,0.5823771520481119,1.901158309761743
TCGA-BF-AAP0,0.8099698273552729,1.4976287066705918,-0.18229899917555584,0.7226097835404438,0.804881377665868,0.8481898579996627,1.108989224542447,0.11569905275320036,0.4397433293064756,1.3598371577526795,1.4681919305667328,0.41571990281323773,0.012149625847911929,0.8750175530077451,-0.11161455563746239,0.5190113567240782,0.5207045997284236,-0.20754043233979833,0.2438996717559643,-0.5286691624798177,0.6077606660615937,0.16890729177961342,1.7650683096179867,1.207259071357797,1.1071764110730706,0.9341848886796045,1.211820754493231,-0.4591494834016908,1.1575601570997127,-0.4475517813844189,0.6138016435012855,0.27026790487931057,0.10095500090349206,0.7838224734517965,-0.23113103455485615,0.6618797552644765,0.24028477509513765,1.812638616413494,0.1562536889005191,1.2012391920579606,-0.23140741338414278,1.1869835286515795,-0.5559663650506123,-0.17420598761418415,0.5090905461024353,0.7215540034410901,-0.4048779990497731,0.14630986853865968,-0.3094503120536599,1.408823132502046
TCGA-DA-A3F8,0.0263770545341771,1.9013413332840992,0.8518018428576796,0.35806890420593457,0.5666700085991971,1.7117445904285098,1.7829109434629096,1.2632781210457107,0.05785618028651628,0.8576800078571628,1.8606084567730274,-0.7865054485730557,-0.9112978887548624,0.16424119532497772,0.8457266868747136,0.9971273151063332,0.7048593883447719,-0.7602799184064116,-1.2436584093952447,-0.07220587167166953,1.3887984879368793,0.0731765616734299,1.6510655920259096,1.8375109096802786,1.7256142529382439,1.8111708696458804,2.0912107789828713,0.14222151533086919,1.2317056901309136,0.14719348512841587,0.14580151066643243,-1.0516755148786827,-2.3477873362910113,0.0545300273544776,0.15576721020071363,-0.35217907527323167,1.1845352730894634,-0.2643168675599471,0.6570592774553522,1.7033989862486787,0.25601361581341986,0.5785384799335648,-0.904580297537493,0.6488288837178272,1.3755311440589875,-1.0173699005945378,1.182698948704851,0.7453981070004714,-0.5426839689093869,0.47418565507492727
TCGA-EE-A2MN,-0.8196254231013279,0.6441673327659685,0.42302384671351584,-0.8057002969541578,-0.8608213810048554,-0.48929416271476633,-0.28237772000654515,0.45393740646650604,-0.5480680729663752,-0.3719045007443192,0.3700517459711561,-1.4178755450096872,-0.7682839339182552,-1.0049512853815956,-0.28781629611300347,-0.5450793579321498,-1.0575490269704733,-0.3442168701634276,-0.8840053209755646,0.2688292455455121,0.42131769126752644,-0.04834182364089026,0.46832475149676084,0.25680497627712806,0.5739240945469605,0.5559625826156861,0.5569276383326077,-0.05411583847940482,-0.24100311720501455,0.43943451346048057,-0.9301971142724932,-0.5054503392948013,0.036374253203842105,-0.32593641441868065,0.341221532635546,-0.41079318656309183,-0.2538370382172106,0.3643775441406042,-0.16165644136317095,1.1587725128654067,0.4029624265556345,-0.39174145943793276,-0.2825743544577084,0.6293378982205319,0.06221258174858054,-0.18497475091595722,0.6756657752676074,-0.00402868453082524,0.12180712287089183,-0.5318892515209795
TCGA-EE-A2A6,0.44261711835674683,0.6297690581897013,0.40289800276650434,-0.4915698623376265,-0.2224264789139797,0.8927683365492617,0.3331443908988941,0.9394407137452677,0.3433852950273308,-0.0687934826432386,0.6062266911713803,-0.6517356650785496,0.40486082773856663,-0.5495876508369464,0.4000630891814684,0.0434546229441941,-0.07333838105520979,0.3616307733471443,0.2785834509571216,1.4295699105458108,0.8264627997778635,0.5961179809476623,0.5397038764363521,0.6198148156427868,0.67049087879411,0.4616395568115505,0.5501702689577554,-0.14605146244655973,0.47476552545248313,0.407990908714559,0.921059979023427,-0.2212507751343696,-0.5497285830203796,-0.37443658704295546,-0.3380365464716213,0.6100681809894893,0.42004666262843426,-0.6445157954355915,0.4966926637299043,2.0619250558504714,0.43343632379645974,0.5650415429787908,-0.11375245784110392,0.09042744938737438,0.6917661705955152,-1.0266358596651963,0.33845557594950776,0.14738490545520105,0.29671982069635855,-0.27419379208463746
TCGA-D3-A1Q3,-0.8656885321000382,0.40952133826794845,1.059750387920688,-0.6506839327707103,-0.23004881040600225,-0.36973679975339235,0.6505744051784785,0.3027633452500315,0.10536889044088503,-0.24214038740425822,0.23352116835559006,-1.4971581009255375,-0.19896493263111925,-0.33508400787286674,-0.9169800907703215,-0.6100739125544115,0.28747820136148633,-0.043610308916846044,-0.40168503203071587,1.0441527580810597,1.5650988830475736,-0.5963239644458409,0.339476644855403,0.20286327021083364,0.12145167749401377,0.21709886906973405,0.26169804702612137,-0.885253024659148,-0.07037580631266559,0.7469972570087118,0.07658389688983393,-0.6120527774452975,-1.2219665485178124,-0.5379468809023011,-0.7808046468731553,-0.33516435084566887,-0.686967071282868,-0.055239331051411066,-0.12490249162634283,1.5771611578517148,1.0754845337590773,0.4017773547754938,0.04889803239408178,0.8324623175631924,-0.2869259812825227,-0.7693102185208875,1.02010857013577,-0.9236565228534229,-0.29628003749019244,-0.18686193078803323
TCGA-D3-A8GP,-0.7715831874113949,-1.0058888366568068,-0.32107455977181265,-0.8236516859937595,-1.0685909648031966,-1.6814862498613083,-0.8124331555069079,-0.3603475467065827,-0.8749023901006977,-1.2214289611663427,-1.4756242976244254,0.5841392463594128,0.13076392884412744,-0.9252904026521139,-1.1647132595402134,-1.6801836702198725,-0.25165294487786183,0.04120905516619829,-0.554066283968253,0.06722576007533726,-0.6678430408926956,-0.22083025019322983,-0.9387642571576038,-1.160066260215045,-1.4346670146787275,-0.6643930270095803,-0.9437928614937936,-1.2471680891744998,-1.5308883346172049,-0.5184638808052611,-0.5765774415134571,0.7555438838921011,1.2029596377879537,-0.47751525132491696,-0.9552717763120829,0.7318771200378914,-0.8249675303898648,-0.16512517520955378,-0.17166625385642414,-0.633788283476999,0.27671926871600483,-1.7387177329787695,-0.6211831032846633,-0.7854052213067345,-1.2300308175168182,0.01100832040309988,-0.4948519216816544,-1.034566744522227,-0.677525146375171,-1.1484674356768643
TCGA-FS-A1ZG,-0.8532006037310484,-1.1946097414054444,-0.5616483267694801,-1.9138845559083681,-1.1804743371214719,-0.47535887814943345,-1.859486636584752,-0.4544022017486162,-1.2885308396018267,-2.577857987329483,-1.5594958770805973,0.012624465939899125,-1.0629667565115328,-1.930547625464826,-0.9912743301109624,-1.694613018695209,0.2854218420452459,-0.9144401937835965,-1.8054347266599549,1.2813322035518058,1.0489628941408895,-1.1634236476022122,-1.0916174374165606,-1.7043386424284876,-1.5407495391115356,-1.1587681019721194,-1.1153281768290588,0.03621589013038045,-1.6331042892360579,-0.33118394415776686,-1.413896307535493,-0.569792270139161,-0.19940713803462667,-1.0974131845215187,-0.5806655599989798,0.4209571835934735,-1.1305664554999433,-0.8023106094338651,1.0135283663998074,0.15573203478825054,0.25473026815922273,-1.0974547884955457,-0.30152686325902156,-1.0042751737590443,-1.359928895574318,-0.2340089683024401,-0.58929550730402,-1.839456825339479,1.6676543178583867,-0.4786954836068275
TCGA-FS-A1ZF,0.5031118616864764,-1.1418390497520634,-1.0657500086808827,0.15994117862874357,-0.4374796127286625,-1.5561974542850256,-1.4740818288661568,0.24076822918161023,-1.417921676991474,-0.00799816955536348,-1.41579608623175,2.0090920678308244,1.5232607495140893,0.38158977007690076,-1.3701325846220425,-0.9269257284398472,0.5903695832601251,0.9973805938989374,0.2152229812361325,-1.9655455191783695,0.023198882156563773,-1.2233436961665929,-1.651795578267666,-1.3730569123016363,-1.1098080607718985,-1.1926246727777157,-1.041686004963088,-0.8054502917612723,-0.5890449044966893,0.33339428620340045,-0.11920545984070266,0.9355317553054623,0.8393130065761446,0.4473238700659949,0.8472015933274107,1.2492901889421533,-0.9298663485091903,-0.08358038398966071,-0.2538978297216403,-0.626864491022106,-0.6532466223007053,-0.7424236823940972,0.8715263082616298,-1.5401241166660409,-2.142440431903947,-0.2890586859970484,-1.0427571605017703,-0.9598609791784549,-0.7907667912896085,-0.2654007706074356
TCGA-EE-A2MC,-0.7675005900560716,1.399188768845277,0.6036323995063115,1.0970129421072654,1.36660659711378,-0.24704121970764434,1.9259322068416864,-0.23614239615478327,0.2722116083479653,0.5633733076361459,1.6949982238692656,-0.08595699332603948,0.06186588219614815,1.813557556536055,-0.20671866219619334,-0.04787535593431997,-1.3947984656713872,0.17106154019402325,1.1212219324879422,-0.8625993099088831,-0.9440769749671598,2.491417006971883,1.4015239963232802,1.8722089023675057,2.062271416670516,1.2073392036527966,1.4921747584244358,-1.1062041769429878,1.7766934300221562,1.1183751443697534,0.8277878816333124,0.5516911614104462,-0.02869859771082838,0.015687779238903275,-0.8390699368941936,-1.6354400860667186,1.2303138293009273,-0.08673504335450585,-1.2466909385919431,1.5162231878283419,0.7857849121059461,0.47384945422391855,1.3058977998001429,2.2025710462887473,2.123942169360114,0.40636278147253285,0.9720718542611447,0.7706664808646784,-1.3919455051151821,-0.175059849496213
TCGA-D3-A2JC,0.3691333268104882,0.43899337657340703,0.31211294998299716,0.4268763088271994,0.06050797907064661,1.347660904586048,1.038094454164791,0.6932391061348236,0.2332664338293119,1.0666463452319328,0.7617511813819913,-0.9361026727990355,-0.3338653180066082,0.4851248046118608,1.4218549360283348,1.2467567265997275,0.3720493252267924,-0.03064655761299955,0.3437312540878909,0.8898300219929524,0.8672070861690305,0.885119590204056,1.099358882619319,0.6209736128097857,0.935595345889745,0.6137948829125593,0.6536448226729569,0.01430898873449123,0.6373132498818562,0.17400219030808334,0.4027306148890205,-0.881625187767651,-0.9484916351163919,0.14189553252217285,0.8464779918335232,-0.14423186440191393,0.7537382746275011,2.101626717350417,0.7274102763223395,0.7598687919163674,0.6250835471483406,0.33249404127997495,-0.5757396363228792,0.214872952161488,1.4561077304602768,0.24500827203612638,0.27223522954222856,0.6666486326750062,0.3800348456658249,0.36061884152243834
TCGA-DA-A1I2,0.15121494121757909,-0.2765722161123955,0.5992839198382675,0.42598477639067717,-0.33822216064662186,-0.4661694562747189,0.4507305492163841,1.7836149090320341,1.232357573878924,0.41855326185621294,-0.13856795138889774,-1.1638285271917683,-0.27208003959639776,-0.16792935068997109,-0.24499789540190187,-0.6196956431055685,0.27381349163354785,0.020034890497028456,-0.22546853859349134,0.34146420805098543,1.3910880499937772,-0.028267836516824813,-0.0879513588817473,0.030640944591170633,0.026999860429422425,1.7250524044180955,0.9040588716782957,-0.3422780637719007,0.3148713683619358,0.3426553755153939,0.7033735506780416,-0.5151196961796766,-1.055049571571998,0.02781611689813816,0.3407447140400214,-0.0799324458091713,-0.3204145155577991,-0.984719460568345,-0.5575230384529102,0.3659223251742272,0.7232307070835491,-0.5211659245564352,-0.10176323252506041,0.1026503520903337,-0.6407066301796884,0.6312374333807014,0.616139983695529,-0.4621393540031557,0.06966384445671246,-0.648398639742368
TCGA-D9-A149,-0.9980365271218075,0.379458103330394,-1.074176048656192,-0.793381921615123,-1.1352544660751205,-0.6906113762527756,-0.2209486821668695,-0.15936943370789494,-1.415792088746054,-0.2526063191548154,0.3166895901050435,0.14042250006488186,-0.1113547120672299,-0.7424246763955386,-0.5551220263728812,-1.091763292536523,-1.0429085046362878,-0.24246776074282206,-1.6249815371707665,-0.5289943656135321,0.5508642585496623,-1.277647801721579,0.025006558376901297,0.35218733959516185,0.39187715922807187,1.8870278743665285,1.3522519583089339,-0.0686473562005482,-0.39254524671414903,-0.34011772453849193,-0.448513942866705,-0.43923445691936136,0.2606127558317113,-1.5130427093530492,-1.4792113821667543,-0.3968355482368479,-0.6865812940648941,-0.43401231648183214,-0.29463971729763194,0.06487973804941197,0.5102228561742743,-0.5639000587926637,-0.8943341667201631,-0.3345884927316277,-0.07097326128914407,0.30392240670021703,-0.10331625240666899,-0.784709453546853,-1.2343790529353376,-0.7979905153751947
TCGA-EE-A183,0.8666259460085365,0.7555458400046227,-1.739828104526648,-0.187510076421966,0.8645363808269293,1.8619438273010642,0.08475496847193582,-0.390090790820981,1.3229330376498627,0.0837142587597746,0.3764122872769375,0.48545707949693395,-0.006536738866683643,0.1358177301033473,0.6881053535720812,0.07514506773727142,-0.21857032617120176,0.0011247155376941595,0.9964521599784983,1.008942283302008,-0.4567168997870872,1.0919959093190748,0.5910271395298566,0.4398470278060543,0.49171602280739,0.07370146947474654,0.24875800205644938,1.0930437445008863,0.14543023099310332,-0.21612751079917983,-0.4691597719309219,-1.4637348685299119,0.6910348392581975,0.722319328550658,1.4196264548247512,-0.04454632091733878,0.7230081846448787,-2.1552073702952654,-0.9015261129287921,0.03086069993660013,-2.0246510721164372,0.8192951889934824,-0.21789617410122447,-0.02309587713740786,0.7134213999972685,-0.7441565337102809,-0.4785868286900278,0.6987188745187665,2.137327586944818,1.234325098410835
TCGA-ER-A19D,-2.187341497178635,0.3005137665876475,-0.32619791292546824,1.33443363485633,1.8572225998698888,-0.024958170970502885,-0.25215673899073016,-1.9269004495983608,-2.0769969528296452,0.33481036949229115,0.27752739329302384,-1.7061245598100234,0.32752464787426194,1.5991266345598463,-1.1266764900698847,-0.8725033309702691,-2.7424479538426,0.8938824813351589,-0.768905381474237,2.247807876002637,-2.9601443105060277,-0.1544978266276009,-0.3798867570336069,0.2858871876443151,0.37978668669827914,-0.7582105786347685,-0.32738623815789825,0.5129106173031681,1.3027370568890835,1.7539552420734705,-1.5576920831330576,-0.24367198666031273,-1.095640175841761,0.5247396683747219,1.5788279342390417,-2.7429384764577196,-1.374083442682269,0.30908539682010305,-1.862420118458252,-0.8755777235074497,-0.5906438581390007,-1.7678491229226774,-0.06117164693435041,2.077126557491198,-0.6609472560340501,-1.5912531726827626,2.027385195159349,-1.2130847846591777,1.748179316548813,-1.1794809157429962
TCGA-ER-A195,-0.6112726032075194,0.9413673041829291,0.35612567641683995,0.8281735294710683,1.381943905265137,1.3169488138104115,1.4875197938688467,0.8930508731589822,-0.5171842295283757,0.6409239066052803,0.9540744785489647,-1.4974739330943523,0.12722704752539465,1.6345272556287629,0.8032391261330258,0.1410516344474364,-1.5266153280267143,0.4217318472233902,-0.6500547582729008,0.6277152311321561,-0.2979090931221335,0.41258526972163845,1.211213206252307,1.2049607035723595,0.9231444450886903,0.6652071299578679,0.9011643309570139,0.24545475832539715,1.0712081226246613,1.2387982096696946,-0.3879222193841614,-0.828681509474514,-1.884465016430157,0.2719362996527701,2.2056097428994597,-2.2538266240817357,0.964876672370458,-0.30113669522874403,-0.3315486840156755,0.6614350475686251,0.017950959768509054,0.04084367513985279,-1.388345119150255,1.846711523027498,0.7949828102883922,-1.1537195237519529,1.6540310026700709,0.29738726366473356,3.2220228302408334,0.6919139933592966
TCGA-D3-A2JO,-0.5190320422924287,1.2974844144497208,-0.3848135752571892,-0.8113503087338901,-0.10371764507424788,0.8382995168881315,0.5079897116223706,-1.4859089173552098,-1.3923437122795521,0.4730627141508619,1.4189215501456522,0.47167606956891517,1.3070359029917336,-0.10819539317550018,-0.4511987189779163,-0.15566122035072052,-0.4428982085840338,1.3040183657872908,-0.5808515964501275,0.9652827088172253,-0.015203034070674788,-0.24090383632567072,1.1645666235769145,0.7252398838954629,1.3493609871616186,0.3660288594887045,0.8670738873991726,-1.0994649143822954,0.7071949193003766,1.1047978491865005,0.4811750785698863,1.0845658231123996,1.0179792088290367,-0.3568205754544487,-0.51366649835068,0.223997406360755,0.37975966090009194,0.8493495404516492,-1.318454361076657,1.2418932646111325,0.35696707610152684,0.2319243352010781,1.4979373321846143,0.4284354496065235,0.9363407426891053,0.7026295406142514,-1.178520090109794,0.9897012264710214,-1.100623191347515,0.21201800686262293
TCGA-DA-A3F3,-0.421658588772839,-0.5812168057620383,1.5220784427687515,-1.2552658565866355,-1.4406767870051496,-1.967433327078839,-1.1222285333710704,0.7409956391815966,-0.5337595772276871,-0.9642618984733973,-0.7791961301871557,-0.6053372182181829,0.6634412795514741,-1.3454426481010595,0.05347022186286601,-0.7257864756913484,-0.8643622297857456,0.9544984397954552,-1.76474406479867,0.19562951543352208,-0.13792521154520362,-1.1568331957437614,-1.019432472525211,-1.019824892511873,-0.6352914159913018,-0.4061582227208708,-0.6510952413193916,-0.7837422529511638,-0.35104326199211305,1.1423819651437785,-0.35286815665889876,0.3428920737557882,0.02557506603781809,-0.006878373915728351,-0.21878485494328,-0.6698328945003863,-0.9012491016879057,1.1181779680404629,0.47706048788771194,-0.515719701245563,0.20189964509856376,-1.2743443324556345,1.1047163793603874,-0.8961258168606329,-0.7901429617662334,-1.3677794608668061,0.512550762847088,-1.319215606760798,-1.3028754214803233,-1.5646012087390864
TCGA-QB-AA9O,0.11563237063030656,0.42787502937510946,-0.9232284430005278,-0.8479976588464376,-1.4170809134141913,0.12458078691983976,-0.2686025849055377,-2.0791060250539664,-0.29081243589232103,-0.13215668161088426,0.4348969271693482,1.5406701799009115,0.37297320223732966,-0.892724969386016,0.09270348236484238,0.49075314427339445,-0.10798672242970259,0.12999588479305535,0.16013600684220353,-0.3166690309985874,-1.0130914309685843,-0.7076317935032069,-0.026007277467939037,-0.15199354471685145,-0.10430503081580161,0.02897935185852072,-0.011549009068730656,-0.9396418883475132,-0.11506861958038184,-0.5272502260677955,0.20887526459560757,0.8411308451792296,1.1850495480981196,-0.5309768764090189,-2.2346285771094747,1.3210933378229337,-0.2567693385682147,0.5566382911580136,-1.764156554241775,-0.14880820372259057,-1.17205712789461,0.024710004655447995,0.003787827402512991,-0.6800256470775545,-0.3404524663846338,-0.34475128967657825,-2.384619103080949,-0.32628756092482586,-1.0520727372192729,-0.15141821134550473
TCGA-GN-A264,-0.20927324681016884,-0.7439530836031,0.4648828366310083,0.5032037385311189,-0.4064872213915836,-0.9933189340671879,-0.5531713679105489,0.1251661445027165,-0.7843185596359028,-0.1345396340751291,-0.6300108067853275,-0.8789942192682414,0.10187752950314882,0.6192786574910979,-0.6945972408521532,-0.8570825540015514,0.22293194228416519,0.1580217723862774,-1.0560293105437137,0.20570511224784846,-0.3898197326306565,-0.10840695105896836,-0.8431939789456376,-0.7304596619715948,-0.5941114590915034,-1.5638353858758887,-1.1878344795466662,-0.3036431796277796,-0.5534891131060502,0.4560553048214365,-0.6467994474397315,0.2085855396221793,0.23938996144093364,-0.3445480550539215,1.5929858896831417,-0.18331016891274246,-0.8776926677134708,0.19865274180673487,-1.139721462650816,-0.08363433242407646,0.883739234273808,-2.0556244026057917,-0.14542944263219523,0.48732050140284655,-0.14545863392370123,0.2465849825638446,1.0456878468759099,-1.619526554195832,0.897858592532037,-0.2856516658511458
TCGA-ER-A19O,0.021677685365057382,1.282422159419995,-1.5212464655964393,0.9239734829457309,1.5924383013257295,1.3710938587377366,1.0375415150930232,0.0294368532553804,0.6343511187502743,1.4528832216169079,1.288995737009536,-0.6516419856982031,-2.578930720704447,1.1840497924261424,0.7382989559239594,0.11626868173777365,-1.024244589291255,-2.553243782435242,-0.29370287382119786,-0.5666174467168226,0.19767151767178207,0.9957225315901543,1.1693575187323026,1.3201470303174447,1.3923331321498749,0.23465733263272057,0.5676958831951017,0.9426547382634621,1.156559179134102,-1.9707318579333641,-1.4629264616018445,-3.4591916636211457,-0.5281722977568423,1.3859608530908971,2.2786734770496877,-1.0679924731634118,1.5115039578317442,-1.9219522074869193,-0.9163332285359664,-0.3103975897826242,-2.5157622056151063,1.456454330876601,-3.262209970525315,0.7086437650850587,0.9864282004008542,-2.5779629437564764,-0.6715832197352292,0.7125743633299837,2.840984356000872,2.072916834448105
TCGA-D9-A148,1.5188778021867977,-0.12468908526928174,0.15142660772762803,-0.47522328568736155,-0.4632767027408072,0.19173799375967845,-0.446557941161879,1.9850181553007564,-0.8981590049942088,-0.058506216504250495,-0.25006488140284455,0.03573891826917784,-1.0489697498621706,-0.5288857665312569,0.9998444467610924,0.353506599215683,0.12388271077862059,-1.4228981429382817,0.16537633378419642,0.3642745572243337,2.0629051735143293,-0.055829190855347786,-0.36447094581962547,-0.5455725099343635,-0.2270642563113295,-0.0333586952340019,-0.03085124292968903,0.002273402547866454,-0.08723333478895746,-0.8921269319699757,-0.4671483253306791,-0.766845402309624,-0.480931384683963,-0.5810826955686818,0.08788655250869168,0.5825453805228221,0.3201795054117499,-0.8529115938382132,1.31369550474353,-0.26976292097993954,0.414072673793431,0.21382856925059476,0.6141515904352577,-0.5785937081595783,-0.4810171943991698,-0.46300419944906934,-0.1424848940239534,0.36832190116913793,0.06966950094238891,0.8739946347164003
TCGA-EE-A3JI,-0.9120857921102967,-0.4747007034561868,0.4366166448039681,-1.7356588422675416,-2.2656594074052383,-1.983750752003224,-0.35667382467224307,0.2670495780849334,-0.19718395071612044,-2.030291844964976,-0.7999997385317075,-0.9856898076559107,0.22944796265194375,-2.1202717434638,-1.501023643901928,-1.7663946007380669,-0.2823483130269683,0.13930230000330376,-2.571881265481925,0.6146961357688465,-0.5189795667044463,-1.0913961418078444,-0.7134516896253261,-0.6394108444512211,-0.8694055514013904,0.9768084209112007,0.030024295091236483,-0.43610316648890285,-0.7549569114427102,1.1636270410821081,-0.4583175110634885,-0.4313725023627852,-0.48369145888253295,-1.701350678146573,-1.2420451713774097,-0.7803359023555554,-0.10134656005658754,-0.4308695740076998,-1.0832521343746166,0.2668846903807203,0.4491120719646628,-1.5180686609618976,0.6402887263135911,-0.781722898607754,-0.2555523178733218,-0.881852972552947,-0.2312695438137049,-1.0166884251046455,-1.0495018355179686,-0.9244826500047991
TCGA-EE-A29E,1.6456802198637208,-0.9095517288260937,0.2523280356074141,-0.7199533611187819,-1.1990768435244064,-0.8346281890941357,-0.6630468649347518,0.3674143808066575,-0.03429867076943594,-0.40876249130053316,-0.7213737805134763,-0.12235077154569216,0.7806099590157985,-0.568205706895302,0.6555288648241218,0.486160897622185,0.7620964956543504,1.0848218208297289,1.360988810202421,-0.7732171272193297,0.3650420758970793,-0.07678855313250837,-0.21576647310432318,-0.7156910624545609,-0.8976415290011959,-0.7576193660090474,-0.8254091639735864,-1.0233519115919323,-1.5016017111813265,0.7901327205378329,0.5682858795890919,0.6711540306267941,1.0430727064966516,-1.4069784891405235,-0.9140254309421807,1.4104011773563692,-1.2003033889355055,0.48075847360514085,1.9647459316487095,-0.503057438576285,1.206160767739214,1.3260883624063746,1.4656355812270339,-0.7463981075838224,-0.16429424333441486,1.2810397201965384,-0.4973602681614498,-0.0851796558841224,0.22457198786274102,0.2489618736877853
TCGA-FS-A1ZH,-1.4289039692394614,0.878324818794732,0.3703013450150418,1.9141564364769224,1.8541782792673043,0.7800598317074926,1.6354942044725342,-1.0934096189055793,-0.37041650735566545,1.2925460016917032,1.0254472777885837,-0.9553021241538704,-0.06391066918172307,1.9687989458260877,-0.41735950750995465,-0.46068526296377876,-2.1024449343662392,0.44313459629847224,0.2621625165578796,1.7146173043532242,-1.494033879584359,1.378584973579595,1.0077942974005458,1.3787756595680534,1.1413202245098633,-0.07117249105079537,0.5000508449255073,-0.19659947205378211,1.7805364029307862,1.2856855416416944,-0.95360199018408,-0.6659587444819166,-1.3676535431124863,1.295005003408777,1.056027736064392,-2.7617842481346333,0.013437800956358341,1.0953887932947177,-0.5021851071652379,-0.07439711262735092,-0.18853299828478806,-1.1497825698328878,-0.7904430438046088,1.8315430168920852,1.0807380521975614,-0.8110442366590813,1.603496810365738,-0.364296444558706,1.3180155021313387,-0.5651869432445283
TCGA-D9-A1JX,-0.3219040879071922,0.33272037583899744,0.019239753183936132,-0.4146368663022961,-0.613573319935862,0.8456376161477711,0.2806281014948596,-0.48689624861192543,-1.1700212527222484,-0.0969316114233329,0.27070048650952105,-0.9638186765472113,0.5281789822200768,-0.6189978686587034,0.16593447394438046,-0.8007184858164619,0.053456727431398295,0.6953070003748457,-0.12578601697786695,1.934616015248888,0.6930300988259237,0.37633821779252336,0.22165444487937583,0.17292310277206374,0.171998374161118,0.23113000364885325,0.49915132925551714,-0.47201201928775505,-0.03971778282447468,0.9734066678984723,0.4958845030461175,-0.5562178423679368,-0.8238554733124318,0.29434907017924883,0.08880370457464565,-1.1659275909286402,-0.9744371421369273,0.20456975006026884,-0.07591846567249144,0.734859930175538,0.015286663318503764,-0.2978164286328384,0.5316682711027663,-0.5826391951666019,-0.4837219730145816,-0.40678881836607017,0.24056466977037994,-0.9597992730420724,0.03975588108277869,-0.39279608825426615
TCGA-GN-A262,1.1470861491103896,-1.7461488105858256,-1.064400498458931,-0.8526403834655714,-2.060190792030669,-0.9269119140240295,-2.1074732797412294,1.710674195541597,-0.5253736746522525,-1.1828541613687753,-2.253462468103538,1.4708070084801104,0.2241440924525434,-1.6283992794961355,-1.790192473620514,-1.1377641333519424,1.233101236175795,-0.05399557423304425,-0.20528788679411705,-0.9246720407032123,-2.0772201112635145,-1.598408657853058,-2.062013407418865,-1.9199600455096304,-2.1554769602237283,-1.5931461175151402,-1.8141074216517639,-0.12392732668849916,-1.9559029130312802,-0.7745275112138539,-0.8443377706277346,0.8750760015503212,1.3327235503495827,-1.2297666563793863,-0.08875735039517489,1.3815220159033772,-0.6866400547620611,-0.33761377995488223,0.12806884360241352,-1.563223987149831,-0.9576422783623719,-0.07537146720475064,0.7512953920570659,-2.162626172001071,-2.199994271675147,-0.9171822917969084,-1.4210389809638273,-0.5578975241249482,0.9380308813646947,-1.0055756739196362
TCGA-FS-A1ZK,0.4253855568708991,-1.379271675199852,0.49519565627565904,-0.36603988830561995,-0.6143422098680503,-0.7629328130059393,-1.3906126404065788,-1.0482256301383837,0.08972455996381126,-1.1436954158191415,-1.3075736310378114,-0.6692621680277432,0.9552861908584834,-0.7010520466571756,-0.12075193040254371,-0.5036812573959021,0.0037406914402704277,0.9867065160110168,1.2557421953346188,-0.11571078714364658,0.6275198251902764,0.47881668101017777,-0.8890836964922793,-1.3659896270519913,-1.3967493739941712,-1.3459506690214256,-1.4574838363559233,-0.5094316963348988,-1.4476223910662283,1.2966833611469908,0.4495077480897365,0.294452817409297,0.5547656412240751,0.17516766677924123,-0.2626869206019222,0.3585931169603743,-0.9655175709470677,0.3993319231635079,-0.23287173232402167,0.5533839350527027,0.47561344418599855,0.1104482436244144,3.2355960891340385,-0.5504444645847874,-1.2321314971580657,1.1006305760872244,0.24447223864838977,-0.36938128177073476,-0.4062355754161623,-0.43159852032610513
TCGA-EE-A2GL,0.1783193122256549,1.2743254666113442,-0.006876619989802471,0.17904564481475807,0.5239753163484102,0.009213842527521129,0.8205099158860676,-0.41247891781795337,-1.5094857885038233,-0.2709197071751887,0.9850688468715217,-0.5634507191632443,-0.503914327585864,-0.19043469791525344,0.05214989667780233,-0.6548973110958038,-0.6131402270149142,-0.6711915578593167,-1.291882284894,0.4134696578746209,0.9823479261801207,-0.14439386148830485,1.236250617348182,0.566758463120813,0.7135355550199218,0.02441546196960211,0.4839152517547238,-0.07226594098463382,0.5844375235471531,-0.03402847631416728,-0.002884604696879369,0.21228835768473456,-0.09174766032084032,-0.08952737409233302,0.586631909391623,-0.24147977912446617,0.41317649884530205,-0.0509581596553743,-0.46794132197394617,1.4532013436362616,0.36289851456237293,0.5129989595978978,-0.7708735467591273,0.33932174974023277,0.30529693983744494,-0.02941684589956611,0.5190271937638357,0.8158239568286048,0.6613567504155111,-0.15382693709131579
TCGA-ER-A19A,-0.15121231348571787,2.062920318124428,1.6861551352023167,1.9085833557007446,2.8592904263029553,2.0953480231366437,2.340088734626142,0.9361204659024486,1.4637184149648532,1.8194120557122528,2.3568963625203434,-2.8243235300664584,-0.5619896515383638,2.2969897041113922,1.7311990699706585,1.9464954271386872,-0.5322076464383017,-0.19165430939302766,-0.34848189364717913,0.4981403845757029,0.763690084052942,1.8277979732004923,2.5465004425950957,2.5356677607330838,2.920485597925597,1.7377491200157111,2.124597234781282,1.5742527669225943,2.6700550513782617,1.076827567326801,0.7041381922694606,-1.2922394357274098,-2.0879590759845765,1.2774081665122339,0.26844128848164706,-2.1542498877132896,2.009743763366776,0.7475946151272086,-0.16221261671201656,1.8624376138817762,0.6613491582662205,0.19305389633694517,-0.8057054419415066,2.1996567945456427,2.6894224163230174,-0.46555763578635184,2.1800097085734773,1.3712928758235663,0.2835936996357623,1.4996629700093
TCGA-EE-A2A5,-0.24439856275374183,-1.0301695552056471,0.4527209365995346,0.7197520910859305,0.7551609186699805,0.05233560842011089,-0.7470282389968873,-0.11498121151394138,-0.3177707845661884,-0.22603400962131703,-1.0114934845218964,-0.0990508352121736,1.1704992302324755,0.33222745527355896,-0.799306611190907,-0.9241718116422185,0.12167352541823108,1.20448057763126,0.30853188932773806,0.4637406944012226,-0.5811810876355376,-0.3087429390167475,-1.0132890148689229,-0.6161640605285754,-0.8822382356181995,-0.9108996778263845,-1.1253715686961003,-0.46428824603535673,-0.044050078080243776,1.6035466589780125,-0.64076778779225,0.618430846534563,0.45664045625420696,0.4642587731351549,1.1966903483305833,-0.7295848409623787,-0.9777865582214036,0.16373991688685563,-0.45755370920554134,-0.4745560039988318,-0.418525590339954,-1.4300995571008195,1.1923967576986474,-0.3351639026714294,-1.3146376066137684,-0.9661847604926994,1.3581335982283582,-1.6189154753215116,0.39648157429875447,-0.45855460353313404
TCGA-GN-A4U4,0.26069119834066184,-0.9151790748598887,0.2694726780719979,-1.5083116859888286,-1.2861020927692528,-1.6384714586867057,-1.043705037720495,0.6933241950434134,-0.5199773856478043,-1.2096569114743756,-1.1664452618666812,0.8010863990378998,0.2495244257413177,-1.7173768586212057,-0.6850769186219866,-1.2209192937981257,0.6628613501305977,0.137154364041097,-1.6799004511544582,-0.6597081718366118,-0.7280049964827955,-1.4345079520789425,-1.1631635270264318,-1.1427140413908632,-1.1342340681045544,-1.081301927142177,-1.128247228445257,-0.6306126705466908,-1.2883463959701853,0.3575072048442167,-0.36705358837208335,0.5036002966097411,0.4905429059491933,-1.3385778881798662,0.41888871600957955,0.8662224194238135,-0.5893012969688847,-1.358782637503067,0.05985226247138302,-0.14626920358789547,0.34478280937249217,-1.0794925459986193,-0.2773754194544154,-0.39526545361764337,-0.4911746370651853,-1.298842664705275,0.28363006878659686,-1.7901958076679803,-0.2695242123895207,-1.6813262399109978
TCGA-D3-A1Q6,-1.9307241604672694,-0.2890702965473427,1.4176473846979694,0.15962572820074958,-1.2077186311750636,-2.031247796468993,0.7713510930495984,-1.9423513143323203,-1.3187830175543116,-0.8380636158560111,0.0943502654160889,-0.06830599747742555,-0.11764252426815076,0.24207363475630175,-0.2636808176890341,-0.19895234236040968,-1.836931007722893,0.1477040902133643,1.4100509594653994,-1.6489837983203637,0.275223894962696,0.5322157731583128,0.39360902381880053,0.3322661109330948,0.7320702030127761,0.445203575049264,0.020732882296615542,-1.1926944990911255,1.0501887396961116,-0.18572528406484573,1.0724567074843308,0.8926832688102533,-0.1513360275919081,-2.270935281953135,-1.0721114922593888,-0.9798197219439059,0.45845454439711764,-0.3895654066530755,-1.4667798959793241,0.6871375755225246,1.8062569709183052,-0.7245879288599343,-0.022524200980342322,1.6697078376536267,1.5104880683167492,1.3495187093654206,0.5360988206577677,-0.1360937315436677,-0.6472188757121982,-0.9845824755881131
TCGA-EB-A5UL,0.3554915513063472,0.37710232621187545,-0.23310263220984945,-0.8469578075413116,-0.5706568060220867,-0.011588112611924096,0.016483753907172233,-0.7453355786619454,0.5584989699236745,-0.132710388157865,0.12031855833953758,0.46425652774884724,1.406253588620804,-0.9114642582776683,-0.3461825809620594,-0.11770169625079577,0.7959375267426692,1.5046021249442083,0.24426568051646816,-0.8432011731238455,0.1958558869831491,-0.0660907077166016,0.13834997043371283,-0.06375531989370557,-0.26798809696109877,0.44447210380149,0.3546944855732533,-0.30797410609213416,-0.7175144622384897,1.0097532882470925,1.3476692842771634,1.2972109689921767,1.1046703820172699,-0.9445338551397138,-0.7074799338991183,1.0379418577297606,-0.8573465129606707,-0.4446758333033676,0.3470235584658329,0.8217826933862066,0.49769445089991576,0.963088483084895,0.9642956660583399,-0.7595103665590688,0.040256298574558834,1.4145433099723672,-1.5418198304287218,0.07192431617422818,-1.0851008079197129,0.019575082777242597
TCGA-W3-AA1W,-1.1811864165366364,2.0701141244784758,-0.497831213371622,-0.6773598276228406,-0.6045062156518135,1.1049230601701778,1.3677023091929446,0.019932103853833497,-0.29493545615873745,-0.10496104117405716,1.7038941439339417,0.030033261918247074,-0.368419891692423,-1.0867624597415033,-0.7957408382557598,-0.3717371197809666,-0.2862810399151999,-0.4429688935630435,-1.2166162060346986,-0.5442757560782054,0.07496484610812917,0.06443166926991079,1.7652174934876643,1.8200049008912291,1.699246049655191,2.1245373292199647,2.1886838200665286,-0.4543220389841565,0.8518549549187486,0.06540920060322626,0.07954937191938022,-0.2519268665494677,-0.6709025337734774,-1.5737832614725966,-1.0693042568162017,-0.13486436970655985,0.4571913607290322,0.5872156413182629,-0.5504195028922684,1.5354871935013419,0.07432216172675103,0.41511610085615575,-0.42104332258548793,-0.017706899638453427,1.5000464338200814,-0.037243730243183226,-0.8499917676613236,0.33518413170536293,-0.8067072754669491,-0.09041467532855356
TCGA-DA-A1HW,-0.4179501644897171,0.9847600087370523,0.965904510172758,0.5885301487057207,-0.025832839618813074,1.6541491002748603,0.6169962989264133,0.2541401700049578,-0.7427394200814222,0.548866693864493,0.8428940238208562,-1.0949711891660519,0.41074643400029376,-0.40784868465337704,0.8564614108176563,0.3958738357049623,-0.3971598635514834,0.9983560971606689,-0.21018029280901512,1.1327271938349963,1.0390121354723296,-0.4383423964938439,0.7168745429610426,0.6395652261874069,0.6351064563197324,0.5142567557421258,0.694564319583341,0.097379544219422,0.6732444463538805,1.444492389244639,0.13787365197770945,0.33998147552154484,0.2136869017259575,-0.058164103026721314,0.1848988450004661,-1.164479952891606,-0.6445626824523697,0.006894350724504545,0.016800911037826275,0.946453064038122,0.6730184459626388,0.09546400336819696,1.8664296787426333,0.16691872146221737,0.04822899291078485,0.14576488426948014,0.07752952623016929,0.5049670169623799,0.6900718848592952,-0.37005307029030465
TCGA-W3-A824,-0.5924082736018357,0.5793112107857725,-1.2340588962844978,-0.8917117801136509,-0.9498947002442076,-0.5032058651101158,0.31508597805925515,-1.0778308156317684,-0.6225259441876448,-0.7788423934951588,0.2129063379683906,1.4828239528237848,0.03561885484462013,-0.9990833971103004,-1.6370604578516121,-0.8321280813900854,0.13277367085854194,-0.0951405597508228,-0.008129194943761938,-1.0026633199136297,-0.4863205336191057,-0.15432732430353696,-0.06607564519952522,0.29359985833302793,0.11851183020900462,1.7104721176491633,1.3487243004632892,-0.8747675737186221,-0.6148035417971428,-0.5673310232791542,-0.685445062975315,0.703005137260722,0.6111716060417949,-1.167689259910986,-1.9433683147648857,1.3601765036871205,-0.022592747108935936,-0.8839804687110772,-0.06356801676749228,0.1315071355733565,-0.05741588265453639,0.205479888225481,-1.1011377254401666,-0.7668619401124904,0.007921879763094435,0.22529039828724873,-1.1306077554294351,-0.010257212001414141,-1.2701205707624,-0.8798030147881287
TCGA-EE-A2MH,1.3916433776876878,0.8380924137971171,1.6034178202932325,-0.1024777175225221,-0.10710641200110094,0.5279164354180547,0.7519227718795531,0.5773524945746533,0.37412702428655215,-0.10098942360354808,0.9019464538032594,-0.0184394721312177,0.05616862844612988,-0.5475638796855593,0.09490205549731022,0.5127797563405336,0.5626118711978176,0.07948057531572826,0.13300109961437706,-0.1142611337732505,0.9752205682231084,0.12671798961737402,0.9992633049600255,0.7838268476330363,0.4294445144426593,0.7645761344621674,0.597163542621788,0.1892303377379673,0.9481711684607889,-0.42442288118031796,1.1144593656337278,0.2741300490113907,0.18166701245770966,-0.06090510457651237,0.9709751591310759,0.7234433543470163,0.5074337060323243,0.7679236990048834,-0.14076733925354704,0.4891520693662817,1.1492395287006723,1.005741707237889,0.5469902151845605,-0.49751317199422546,0.17293960152051593,1.5369816302991486,-0.4160197718550357,1.2766299493154547,0.13981900873845426,-0.16176527750657155
TCGA-DA-A95W,0.39593170179808224,-0.4215746293490733,-0.32443412733539956,-0.26132963722427366,-0.740364520587722,-0.20444039505305325,-1.2432720620063373,0.3200399988379902,0.08625124661345,-1.043160744307726,-0.8283866842542709,1.7495254775556155,0.5388963337965422,-1.5211664762383406,-1.241420331696282,-0.972058255575217,1.419483548095177,0.023697127860161562,-0.19503208824321167,-0.4107937501882778,-0.08061249525351233,-1.6683677335793585,-1.5474520579828452,-1.1045093477518746,-0.9463125959621408,-0.1558714033325705,-0.414317060417233,-0.45577431546357144,-0.9788358440181667,-0.6907462909455726,0.5860961944556463,0.780540610211773,0.597815635871167,-0.7490241182181766,-0.25409919722190294,1.0207982313689978,-0.43022194817201065,-0.7918862737170441,1.0865079627054348,-0.6837784404397076,-0.403799500196321,-0.8427073312715567,-0.16424601381622883,-1.903259268427662,-1.8551162851910712,0.551264901160267,-1.0465561641232484,-0.5849353188125379,-0.797030412554166,-0.44957323861848797
TCGA-EB-A5SG,0.8928824881703575,2.2583282618251093,0.8132413308838561,0.3119449598838168,-0.2750465160943444,0.036616358829591765,1.9975455342935136,-0.13538496073413764,-0.33313067967436344,1.1171393176572053,1.858436586515301,0.3016621439565314,-0.12492835788033634,0.6046311670081098,0.19433682372571287,0.7293339523358484,1.3365913144502188,-0.2584076868036781,-0.20956991241856018,-1.7499103662419495,0.974891428390903,0.9814998685878402,1.9995437254433512,1.9414316656749333,1.8463468904596936,1.2844885407536104,1.8420859825829756,-0.9211105145788416,1.3967149196485766,-0.6624197679219981,0.8403400401525856,0.9459237614728653,0.27514556149411756,0.07563716710860191,-0.7052639516798,1.243462921272907,0.808165405214447,-0.6035292367482946,0.5260949469200511,1.5423721055583557,0.07800112270296043,1.152255464626443,-0.6972835615716505,0.2468909895394121,1.648139049457307,1.0558438424839274,-0.46781661301216765,1.659062933565994,-1.2886240573551853,1.5071932931906982
TCGA-ER-A19E,-1.162473407517698,-0.6232603781257862,-0.08330880252729249,0.8239564264159625,0.8114761696676127,0.13014491094760833,-1.0501771379370153,-0.7015058339005578,-1.3785352878234145,-0.7448419939732751,-1.0130464308906313,-0.049756708392504845,1.962413578163658,0.4580542456322904,-1.5960516474146367,-1.1525627857453242,-1.375204348753205,2.2193936896216155,0.23116120872796947,-1.2535849401429027,-2.82345976135403,-0.6859885108479956,-0.926483220862178,-0.5453830137549237,-0.8530687541981204,-1.7569596137052215,-1.412472065301595,0.2796228945373992,0.26247823626439654,1.9709975415272865,0.3904794562669414,1.3998430476534849,0.7646829702724043,-0.009856052281713195,1.8308783135824902,-0.5870842430391288,-1.8057287475956363,-0.5052229600317246,-1.2474947624185138,-0.6563285385041031,-0.31294188329448575,-0.8373290468574179,1.6315815923725985,0.9193351932489029,-1.1826981666880803,0.7323640768887275,0.6105453543314684,-1.321520378447378,0.1243761710477038,-0.9500740158911006
TCGA-EE-A3AE,-1.0442964254696565,0.4579495563521817,-0.3861622928680279,-1.0265139943219064,-0.8007093685837114,0.6044461103289679,0.27121196195918407,0.34547557044121274,-0.1332529886820053,-0.7529323993042223,0.17141839364791203,-0.5677725508944512,0.6930141666323552,-1.0702578967907332,-0.9982311184792675,-0.9227847120297974,0.41233099226054754,0.7833160466158469,-1.5001452043304369,-0.6039254250145656,0.04665202242512314,-1.2807316623426448,-0.18504873976555744,0.28434407393906164,0.07852937558961245,1.2222016627069865,0.8591140162707455,-0.23119117591242805,-0.24988210685192663,1.2705161986205897,0.10773106133689944,-0.41726569394459934,-0.25613137705181704,-1.223037111146386,-0.8783766679944687,-0.9939495145425136,-1.512735259507421,-0.13200030914197367,0.16214030060256435,0.627892596470455,0.3248660768342028,-0.4024116588104809,0.3585395770783793,-0.40038327533889984,-0.4086917332041881,-0.09043247826752392,0.1777562982618987,-0.20628644384428124,-0.5014839983439513,-0.786268470152172
TCGA-D3-A8GM,-0.3010503028699294,0.20661845255582723,0.028300653751324876,-0.05580374942797546,-0.8765676386110688,-0.019727503552812265,0.3886663594415437,0.06612543707801509,-0.05919471036057099,-0.5581263927433545,0.23796876614773912,-0.695015360407487,1.3951656259510776,-0.23547491181585728,-0.12894547088241806,0.14734767606862156,0.15663086727348224,1.2884211641808523,0.20211132864339237,0.11947170484951507,1.4346037379517917,0.1959714591096152,0.18912624911348933,0.1151383619789817,0.16116216128426186,1.3272931438416362,0.8608071238775304,-0.8225707877761088,-0.5636911637469824,1.52696202867616,1.399593612473147,0.08891341438786537,-0.382100051887285,-1.1907611494420347,-1.3715490739124834,-0.03778380902176383,-0.2534334043996838,-0.09804273229383521,0.2351414223510515,2.117856423924834,0.4963918227948089,0.49872465971013974,0.8360612771779875,-0.12277074097916676,0.07708581792453634,0.6137118399979047,0.07755023847104951,-0.0041059812274709395,0.005843436265177368,0.3037582685149896
TCGA-D3-A51H,-1.220007159113092,2.213627484092657,-0.4049603184310779,-0.3998458369989329,0.018332102343539602,-0.16143315657814664,1.3516888712910167,-1.15506122965139,-0.2690509118546071,-0.23987388450954897,1.660406955113272,-0.16092773704117047,0.44112677642903647,-0.3083894046883279,-0.8633229720610955,0.07073808534573801,-1.0423499997136776,0.32307277538134194,-1.99691874439939,-1.353498880868744,-0.5970754122050006,-0.4521067741081779,1.9548833071310387,1.715244662840352,1.332773836447455,1.2800767579168708,1.682225914984032,-0.1485374316667712,1.1448061035443844,0.12972431957689215,-0.443370967727343,0.2114092510437402,-0.7693104239465096,-0.16289744136966633,-1.81605553458704,-0.3505089822609692,0.49825191377872435,-0.3791383399367027,-1.3781596059027965,1.8205143792474272,-1.018472328101378,1.643869433494692,-1.10599513782715,-0.15868411438227809,1.6745277426862335,-1.406736575925799,-0.9544000255860897,0.23453732091592078,-0.48093906053003954,-0.41493062447525325
TCGA-D9-A6E9,1.1054234830617158,1.7793569222841827,-1.2474318534781883,-0.6785595210185829,0.09116744630704549,1.8410020840584502,1.1065464893827839,1.1989362789685707,0.9947880815355525,0.7637520734976813,1.4254354841304948,0.5765139466085621,-0.7750161284413014,-0.25763284431528977,0.21093525200604304,0.5709829783948576,0.7344000748817768,-1.0117337005778155,0.38060013198532305,-0.1898874601529129,0.37436742102981463,0.9293990789046939,1.5437768888799739,1.5371755798226245,1.474413818022665,1.44743969311375,1.6773689474869222,0.45394414542740846,0.6366909238918311,-1.8999191054274804,0.6305442947747409,-1.1833434398015148,-0.08425736842354742,-0.18667957520655257,0.030947761865997243,0.9916880035176162,1.1115934126982148,2.316487035896367,0.7819190220579545,0.7312042651534122,-1.4729878323759888,1.6302386496862264,0.31780975841962206,-1.0473348341335484,1.0231979090508831,-0.29379836781888924,-1.1243642803240013,1.0211832042311635,0.04555309882116974,1.9252313499171572
TCGA-3N-A9WC,-0.4517886621358927,1.1810340377170425,0.7655241184369364,-0.22641155530460116,-0.4109928811441594,0.34339405077596047,0.8041657517609061,0.9371643659439016,0.6504953970835683,0.31665004225016397,0.8182705426758873,-0.6773369884427412,-0.771437770053728,-0.10732336418669683,0.05934297584651506,-0.008772803061183259,-0.9091114529973795,-0.5400259315105667,0.18248782312223355,-0.03387441656062238,0.12442525873205089,0.5808196269630045,0.620279780842921,1.0146744533803096,1.0228057485821596,1.5574364087923644,1.5796726337206464,-0.5399004325369579,0.5188776108052275,-0.6961390003779833,0.3130718990599194,-0.4973230682096593,-0.4608872487185654,-0.15512662118709417,-0.9932976077702099,-0.04382138518272208,0.03543887237246316,0.6677490817108397,-0.32050795441131247,1.1003127259066114,0.6867414231430875,0.17303771271813512,-1.273029487615844,0.01836208997947753,1.0439961952426686,0.7435811216993377,-0.08078119864997427,0.006440158075399318,-1.4349242886261575,0.09647662181324738
TCGA-EE-A2GR,-1.054086564111243,-1.535203353951564,0.1673734719390022,-0.5884443404871857,-1.162690842466973,-1.6575407961813848,-1.3442346062219965,-0.6389331039277522,-0.30516071855771565,-1.1313754927564417,-1.5863883274137576,-0.05947282407991157,0.17879941381960704,-0.8226052546483451,-0.026503158424914176,-0.44726463415831436,-0.9715721196902121,0.3162990020992531,-0.6496885255430016,0.5406699577211489,-1.024939056651419,-0.11992751015752405,-1.4620840704350633,-1.8678002048047135,-1.5794466363312618,-1.4981325442414812,-1.5026262692197407,-0.590129559478791,-1.5134924791222326,0.9426553600413642,-0.47580354662165425,0.25254665545981814,0.5277352959938395,-1.1943229038943248,-0.508439590990843,-1.0857761264686638,-1.1573541029297167,-0.5449059614597176,-0.7243329862154696,-0.35011716263594816,0.514784152320788,-1.5726275423202989,0.15678810482775302,-0.15283516784519466,-1.3168871643114999,-0.5826155137150173,0.5591985874476557,-2.6650257951476597,0.06930678493663231,-2.70400981024182
TCGA-ER-A19N,0.6747006734903916,1.355220987932669,1.020461875279647,1.249534968644964,1.0807263219999488,1.027292774463061,1.6160129907494174,0.6293361848012373,-0.522095693906845,1.5529220686821614,1.5717406449678923,-0.086592228448851,0.0898712743063483,1.2094824094116061,1.3394708276428033,1.189138254292641,0.11008297009322811,0.13505661196668237,0.27828872398538107,-0.5699138064061398,1.3672531423992436,1.0589016674352125,1.6415478045415304,1.5092070455176998,1.6113862619934158,0.19912988300959292,0.7398607541424069,0.8154725266047862,1.5710512832214207,0.3815605575141232,0.4647344879835031,-0.04983713646504181,0.2768258129897779,0.9658032519125381,0.7168358944889098,-0.6535351274021286,1.3586141693342009,-0.7410332279065549,0.39599846205581046,0.9701906366369212,-0.30629981980779014,1.1758650106398478,-0.8767131475491267,1.1199333121824901,1.4758351161523415,0.466929273446191,0.26822921594336113,1.4097946713635001,0.007277955295691731,1.6002925456052797
TCGA-EB-A5UN,0.2614377457617876,-0.40169763960272653,1.3168107854666538,-0.3130864522793356,-0.3655706583590395,0.36704900154539954,0.1020565552966893,1.5313664262214053,0.6517933226927867,0.7954499726885522,0.1587804358362256,-0.6844824430967711,-0.9944014931465869,0.13562466350430832,0.09493492864802264,-0.24476942978954414,1.5634979834491056,-1.11356921829768,0.7194393235069582,1.420341808635909,1.191406003663121,-0.2569218139734427,0.19054294050652118,0.2191652493346964,0.6277954298779221,-0.11877757365071422,-0.2116615721010003,-0.6528633648922778,0.21090463356535355,-0.3691876897845999,0.6031227760114032,-0.9081324908452624,-0.7788395679096615,-0.7458206129845919,-0.45589224154985136,0.5722420836163544,0.33139312043358043,-0.7926661035640851,1.4894732652438867,-0.5663385654505468,1.4114208610668966,-0.275740507130262,-0.7626082294580087,0.3970365080052879,1.1817165199573738,0.49387389751156424,0.7572410004976734,-0.18675814033531285,-1.5604500007543007,0.28090556182812076
TCGA-EE-A29V,0.8613864563510776,-1.2157479698909286,-1.7292847110359788,-0.4186301382887752,-0.07283290450388344,0.2795842768380182,-1.2188991779700404,-0.8074572492143302,0.8749769364650886,-0.4387571557005256,-1.049635154262928,1.279959934736221,0.4582990157800479,-0.16454485120236542,0.5261258085866992,0.5245934870061777,0.5701212634678552,0.3386948754931121,1.1738768626687297,-0.9089158654437235,-0.21557500623178766,-0.22592226856184677,-1.389237569272887,-1.1607565863455582,-1.081806179732331,-0.7193721925208462,-0.8599080147623729,1.2541384123884196,-1.6804656426213922,-0.25128389971460324,-0.16191469243098025,-0.025926057887554924,1.6130771721009676,0.12665759194125273,0.7527148690894992,0.9225744151428383,-0.5370786067709464,-1.2458388885757061,0.08782951437959992,-0.44972021592309136,-1.4350416276061797,1.5179446722303709,-0.020838214189210873,-1.1520529598397824,-0.9299852389082333,0.06750061967665966,-1.0674933448783432,0.12660039402928389,-0.876561418335414,1.017341657218336
TCGA-EE-A2MM,-2.063407379062712,-0.27498930367790886,-0.7738755310353405,-0.34668523266423973,-1.0175246172378418,-0.7576087410567596,-0.48096779795374156,-0.6700630316884442,-1.3428968247203252,-1.2382891608314457,-0.46046743918894517,0.06673887894052867,1.0356607591436644,-0.7524662626256423,-1.2280820816760747,-1.0770339387317882,-2.5708154190355326,1.136687927460064,-2.9727062778674442,-0.5143611248871771,-0.6136642307885307,-1.8646104702270236,-0.6491968418575635,-0.24593025408745356,-0.0652758826068558,1.012554701949011,0.3254578235016884,-0.8375546937062611,-0.46112874648797947,1.1760739517150474,-1.3368897809377729,0.20905793921579427,0.44893035751421717,-1.2608381254592314,-1.1951676906651958,-1.6961024511829543,-0.887499572574755,-0.9276552795806889,-2.3020877842617105,0.05450240357951651,-0.011363932286954011,-1.7980705359992377,0.3661330567300063,0.5179281552256026,0.1006859618663583,-0.43343114363676705,-0.14301429310824124,-1.7198949162509165,0.23373685681183198,-1.6910754877986813
TCGA-D3-A51R,-3.6074468579872545,-2.0928185843886893,-0.26085075260608487,0.008876634631858987,-0.9353722961675496,-2.1669705317354007,-2.3193124053987395,-2.9525417475603164,-1.5576678766538528,-3.158912895027874,-2.7569520366772813,1.6783509128563734,2.8061133229793422,0.06072455248639315,-2.5139060753527653,-2.0173083030587784,-2.3977360382386506,2.757413357567173,0.7558329692464241,-1.3503476056506885,-4.066592811368612,-1.6846850274615475,-2.529544720025065,-2.3536895315827793,-2.4804445212452717,-2.795692259955458,-2.498178551244226,-0.12460988578555378,-1.4144758165188438,2.160488626009577,0.2962754175738599,2.6516435908435354,1.6783700610650856,-1.26143744600618,0.8430420698997648,-0.7229622269630882,-3.2734748447797206,-0.5283357769785948,-2.0364154192839967,-1.7627225391382444,-0.8187166491134086,-2.468496221228073,3.765901414112541,0.020336743605661376,-2.2450705689834445,1.100817914556433,-0.8642759108413153,-1.9038829281265996,0.4715263718932737,-2.770017854719619
