patient_id,HALLMARK_ALLOGRAFT_REJECTION,HALLMARK_ANDROGEN_RESPONSE,HALLMARK_ANGIOGENESIS,HALLMARK_APICAL_JUNCTION,HALLMARK_APOPTOSIS,HALLMARK_CHOLESTEROL_HOMEOSTASIS,HALLMARK_COMPLEMENT,HALLMARK_DNA_REPAIR,HALLMARK_E2F_TARGETS,HALLMARK_EPITHELIAL_MESENCHYMAL_TRANSITION,HALLMARK_ESTROGEN_RESPONSE_EARLY,HALLMARK_ESTROGEN_RESPONSE_LATE,HALLMARK_FATTY_ACID_METABOLISM,HALLMARK_G2M_CHECKPOINT,HALLMARK_GLYCOLYSIS,HALLMARK_HEDGEHOG_SIGNALING,HALLMARK_HYPOXIA,HALLMARK_IL2_STAT5_SIGNALING,HALLMARK_IL6_JAK_STAT3_SIGNALING,HALLMARK_INFLAMMATORY_RESPONSE,HALLMARK_INTERFERON_ALPHA_RESPONSE,HALLMARK_INTERFERON_GAMMA_RESPONSE,HALLMARK_KRAS_SIGNALING_DN,HALLMARK_KRAS_SIGNALING_UP,HALLMARK_MITOTIC_SPINDLE,HALLMARK_MTORC1_SIGNALING,HALLMARK_MYC_TARGETS_V1,HALLMARK_MYC_TARGETS_V2,HALLMARK_NOTCH_SIGNALING,HALLMARK_OXIDATIVE_PHOSPHORYLATION,HALLMARK_P53_PATHWAY,HALLMARK_PI3K_AKT_MTOR_SIGNALING,HALLMARK_REACTIVE_OXYGEN_SPECIES_PATHWAY,HALLMARK_TGF_BETA_SIGNALING,HALLMARK_TNFA_SIGNALING_VIA_NFKB,HALLMARK_UNFOLDED_PROTEIN_RESPONSE,HALLMARK_UV_RESPONSE_DN,HALLMARK_UV_RESPONSE_UP,HALLMARK_WNT_BETA_CATENIN_SIGNALING,HALLMARK_XENOBIOTIC_METABOLISM
TCGA-27-1832,0.8713373785760665,0.1500785415110312,-0.1675870450870365,0.1437834696641867,0.9418253760601036,0.7014016570207374,0.6728464531148615,0.6827443269486624,0.3979601380930219,1.2883195170374149,1.0033459494880124,1.876324137808784,0.5947667370612394,0.0705034048821076,1.0689382895495545,-1.1180896736628243,1.123479070921825,0.6446166549768113,0.531051929798671,0.6541983430526841,1.2679548849629352,1.2616461662630871,-0.2474912705496741,0.0961198922544323,0.0388279046369736,0.8115239481055729,0.1350079290541693,-0.3975679794992247,-1.532975878190297,0.1531444284700568,0.7336091822706616,-0.159731897822746,0.8405896988855311,-0.061605489519425,0.5800957337659081,0.3977492427871211,0.4954712572114499,0.5163407647067838,-0.2369050934853443,1.4055546140843491
TCGA-27-1831,0.78600977028017,-0.0639110135857397,0.3706149536795205,-2.634109780862607,0.6502035970643001,0.5662672274104446,0.7082815386030903,1.449474517032526,0.1877431565181882,0.1665992438777607,-2.0659630643191664,-0.196527135515825,1.9064869641900888,-0.4703497551048153,0.6229546553538738,-1.989100875589758,-0.0507495057238335,0.3118724235796609,0.3611923643044278,0.442497725311806,1.461795130288578,1.3701496125044843,-1.6093850671497625,0.5252142323960889,-2.375701832454551,1.1370129639667366,0.8771734688358879,-0.0710805210454698,-1.5216141328165402,2.2903644583819305,0.415794096841017,-0.4842404107531309,-0.0917757097326062,-0.8934121076176491,0.1835309909045077,0.3235494764566159,-0.8366856085170052,-0.4842125820898601,-2.882135010963628,0.7681965463061711
TCGA-28-5216,-0.2783849033200857,0.7296633903276597,0.4299208146868846,0.4107562815323877,0.3368217543887734,1.279102001619271,0.1382807097583823,-0.1179873506395817,-0.0196116112941533,0.7061623607311844,0.8337792778537814,0.870768297345572,0.3868206655636051,0.2124609636433555,1.3924927966082832,0.401134373870549,1.5388791730545692,0.115054235009101,0.1871734329820192,0.1435263398295552,-0.768428097617699,-0.6180637225017264,0.0781347593933169,0.4081024555610466,0.2135902827215431,1.1405789758198803,0.5953098762220937,0.5529628652302357,0.2183116643485343,0.3596763034835185,0.1697668300131923,0.4637932600322176,0.8830613558058624,0.4944526260630161,0.3881979135099403,1.3946554687777442,0.6317821805015336,0.3770441673291332,0.1728082487493772,0.2765749032260808
TCGA-16-0846,0.3053417639567403,-0.8400444112178258,-1.393566474940701,-0.2366257495507341,0.0237473337074159,0.8668538882494742,0.3658004170669733,-0.8468029291293658,-0.745977753355602,-0.9882087427994156,0.55801925577484,0.3655013815080412,0.5185389275444844,-0.581014885495906,-0.9791465801834348,0.868637813539499,-0.74670889440529,0.218575494699369,0.3080492234652758,0.4701281756277954,2.2938634256299166,1.6334678681377477,1.837158790164792,-0.1284844114837989,-0.3482753733576069,-0.2791265550364744,-0.5300008816618128,0.044651375784746,0.8229325244843299,-0.2189264050858949,0.3443107810041402,-0.648479099683298,0.3274290607108399,-0.2007490887328425,0.0922250066144538,-0.420071844185879,-0.3402899225494266,1.008286445645044,0.564757624052159,0.4404434201859882
TCGA-28-5218,1.557162099051833,0.5510657213847238,1.231216115416007,0.5422928228769492,0.962347960048902,-2.4007716363078626,0.5656880655801854,-0.1100353598793459,0.3210757000848472,1.7612497488883707,0.3736024935814225,-0.4717072031620701,-0.8358790918418527,0.530856575691912,0.6967159902223138,-1.487248535034888,-0.1154928255715404,1.5984577838807776,1.342819762789378,0.8255420593910899,-0.2526853191640924,0.403215117315137,-2.5916156520455536,1.2513305293095809,0.4545802211543217,-0.6637427824992771,0.3604675012802369,1.7402859343234731,-0.4561532838684868,-0.6995020002723858,-0.0159853500892468,-1.4454616588749598,0.8424388824975483,1.872869873475031,0.6296926332106748,1.2381594441568964,1.3761962825062055,-0.8871492979144135,1.2715246333137378,0.0644020885660557
TCGA-06-0178,0.0549115153318287,-3.411226959247635,-1.680814992631119,-2.4530268535112136,-0.5348324786529555,-0.4575265064614781,-0.3182172998056234,2.351789475471413,0.6280235665733314,-1.585354111724638,-2.598245828259418,-0.6314464237212379,1.4255442797240208,0.0158116700211559,-0.4994202201685052,-1.5392091616696393,-1.3036227580374131,-1.1073435894636463,-0.6185638293369208,-0.6121986445770454,-0.5307874269193151,-0.5192771629141324,-0.7136986233960813,-0.4345973482438244,-2.2870254721243723,-0.3145684984150888,1.352034461356128,1.7106359621469778,-1.5438483489598578,2.33658999485468,-0.3416155976523058,-1.7733025130668962,0.3763641842877273,-1.209732920378475,-1.0258710634654558,0.2126431437078925,-2.8927518257626623,-0.0938318433925862,-0.80206410768663,0.5458972533668615
TCGA-06-0238,0.2932528306080717,-0.2209551625644862,-0.5152726065470385,-1.2843734217321396,-0.0457485142830286,0.465990089175804,0.3102046511918656,0.8888780091496644,0.7417525473517217,-0.8150613424562516,-0.7061148006522218,0.6978552973256238,0.8224602332820294,0.6037619053705668,-0.3193762754947154,0.718091052861839,-0.6352200212824393,-0.3399651880602303,-0.09983796418951,-0.0906213004239782,0.4467166397548845,0.2968834550344682,0.6071030755682116,0.3757755448982569,-0.56856116315815,0.7471285675295722,1.5474978350803703,0.5022133147502503,-1.581741252943558,1.5008744703029469,0.2245593468048054,-0.6530711046326158,-0.1660989257445031,-0.9284334000914466,-0.4979590188480391,0.5526225901004316,-1.0460493887268398,1.0287049368923111,-0.3314979238042191,-0.1190109686592604
TCGA-06-0125,-0.9610858066321952,0.329174870230054,0.4949485977688586,0.6778799610510495,-0.5213937916093516,0.4252823457374797,-0.8528148285888416,-0.44407463691601,0.4076251452334998,0.3450902183032509,-0.1076063170032606,-0.7690430037715325,-0.7724678031104439,0.4701906352853161,-0.4004106851063739,0.3270366613555751,-0.0254700958521968,-0.3956884125979825,-0.8318171120722209,-0.6451977173218237,-1.1891602857812538,-0.9944514388063768,0.1299282972983103,-0.7912898489443311,0.9909012249100164,-0.8676560061806967,-0.0096647639143546,0.4814495393679719,0.9661320831078676,-1.302551860527983,-0.7882752946303367,-0.7401557486659356,-1.3075299916869194,0.7894073762719184,-0.1937584351434068,-0.695255610622514,0.7798084717100771,-1.303647924410438,0.6604917601672599,-1.1397152924010736
TCGA-06-0219,0.0040110481010794,-1.0611133399280894,-0.5569872540403941,-2.2810883878274044,0.0462525647052761,1.7657717672428594,-0.0528123607171828,1.989830263957804,0.5272334857407364,-0.7251105689916607,-2.30152842491616,-0.3741638449270668,2.4653142665201284,0.0250455021015519,0.5180119605159321,-2.072323740981056,-0.3446987494234204,-0.3455657302322922,-0.2840813148309403,-0.0275214001227371,0.8920953551073699,0.5188790611394749,-0.2421197988735998,0.0501817278076745,-1.986794121953842,1.1525453188132913,1.1770598888358554,0.1951522097201079,-1.902166539332234,2.469015068894691,0.1142977903814634,0.4446149017973095,0.5803329215884668,-1.7924189226955074,-0.5821987278978672,-0.055509867303516,-2.2308374179173254,0.7385949352698135,-2.3838769000658453,0.8922321910732145
TCGA-06-0174,-0.9758527227561618,0.2290260194071084,0.1150213320308188,0.4784579857996493,-0.5289786683982953,-0.0217656483514518,-0.840505044465209,0.2023250616290354,1.22472714656139,-0.1877830581480127,0.0008909165101884,-0.2577945998050752,-1.023331079459849,1.3968836684594712,0.2142663322096858,1.469130102601686,0.4046247105929664,-0.6646653920572438,-0.7777084244602344,-0.912048883997394,-1.4504625776511468,-1.4464673240717996,0.119624001206546,-0.0967530209106485,0.9027033268758444,0.8973986987084229,0.9671831880037024,1.0426388014788337,-0.0621782579310364,-0.6626165813199861,-0.342199789479211,0.1789306546639815,-0.7679456316371133,0.4971686996964872,-0.6687872142334165,0.7702373164442053,0.3703613088374892,-0.1502575897954702,0.7371499642024554,-0.7756824299237213
TCGA-28-1747,0.3569752081948391,-0.0116632453198065,-1.2670203023635656,-0.5545352735831132,-0.3236304399756103,0.8381894797311404,0.4491706287620271,-0.0710595424605518,-0.1514630401945627,-1.1931625328133957,-0.1667632083278537,-0.3346827683933507,0.8305746345661468,-0.105086231903185,-0.9445228429868524,-0.5210341502480761,-0.9125686977338592,0.0359083120752636,-0.027469657627669,0.1476351972154677,2.004791699474188,1.3585416463554425,1.1457596520876443,-0.4021061410579674,0.19985827677165,0.0749111998311963,-0.1432827538030185,-0.1330954171271966,0.7023561110687452,-0.04289321642161,-0.2960458747233054,-0.1195477347623737,-0.7315614855166439,-0.579940643574926,-0.4311762836982306,-0.9058051291929802,-1.0803172286567897,0.4200337512149216,0.069662136738024,-0.0232098854652472
TCGA-12-0616,0.0929457832927166,-0.3392463013130395,-0.5031057131432983,-0.97121619011741,0.0058925366998405,0.4064910909711332,-0.2304109104678679,1.7691939636758118,1.532036326445096,-0.3663541009761928,-1.4692852460758896,0.0087555823607418,0.5952768012472524,1.3752931917065154,0.0779154810071748,0.2265829087966938,-0.4613630001083643,-0.5425578123353599,-0.3550094600006612,-0.3110596855889562,0.0981558671643954,0.0213419637043816,-0.3285928208183465,-0.276310744325033,0.0809117380687756,0.7789322355960459,1.9291826434836123,1.1789084504365623,-1.5218377875379818,1.303747357468021,0.3676332951617398,0.5876585705586068,0.4171640325177037,-0.4688597431121356,-0.4114149203125166,1.1409670854503726,-0.8534233561090543,0.660749215180864,-0.3262420134062601,-0.2806978189999361
TCGA-06-5415,-0.8216373247093726,-0.2863350091625097,-0.2672520428409164,-0.4647655014366016,-0.3278169488543964,-0.6828788622540549,-0.4718485077702414,0.0878518387714194,0.1173340414279277,-0.4021809426396439,-0.1250832950946764,-0.2245630130529936,-0.3724365416951787,-0.0115444327685931,-1.4583608697817416,0.0636077456235101,-1.1044524019111024,-0.4978312389119425,-0.8606946419767489,-0.8438235856760398,-0.1364126393504127,-0.3220277058316174,0.4288067359385428,-0.8051930000061378,0.0841392127617534,-0.934982851669484,0.0936939372772183,-0.398988180445602,1.0382115241938006,0.1208593207495528,-0.4515494855266765,0.1891715045270625,-1.0415165683937715,-0.0491348474768269,-0.6515016350325312,-0.7922579673211374,-0.2950493738255578,-0.2155712874739744,-0.0362320103519982,-0.6447338813572714
TCGA-28-2499,-0.2608776924419725,-1.0121310786391955,-0.4256695457735302,-1.2424629393496331,-0.5201587901317029,-0.3591760854220285,-0.3783172831125891,0.2332006309306225,-1.452421473467831,-0.6260569926880772,-0.5475499360039594,-0.9955521713643376,0.6280834705231351,-1.918099765471991,-0.3795607678682504,-0.7521685644110344,-0.193110893815471,-0.2626063134645607,-0.352317087468542,-0.5137055334012115,1.506238026954758,0.8782472862446836,0.2941222694270035,-1.4804249036320607,-1.992212661653056,-0.4325296127722552,-0.572063467765427,0.0333929226040563,0.0857144806598739,1.668739757840702,-0.0379026003844511,-0.0266364847615049,-0.583455603021899,-0.8138035589258609,-0.4611423951169786,0.3546317048677948,-0.9256766577222412,-0.5044655947249705,-1.075897910662352,-0.1793199229306822
TCGA-06-5411,-0.4777539799310872,-0.3090020079769338,-0.9874320720521196,-0.3916336431423783,-0.6982235702077508,-0.2957902254562682,-0.0597216499180763,0.1546309494428461,-0.5783599335913961,-0.8259747098055642,-0.3715718002515987,-0.0036352317486314,0.6568738879005428,-0.7380108150302992,-0.8609638135165315,0.16443169206185,-0.8204951915024828,-0.9260107062433433,-0.6913631536149646,-0.5108098296382009,-1.0002099446565105,-0.9606873234287048,0.9094887190129822,-0.0163829365374029,-0.6389389866691723,0.1197145593185283,0.1636864526749249,-1.0678343280872291,-2.45103623485841,1.4014730022311628,-0.1922229217165456,-0.5078404698031591,0.7716171368991679,-1.309603880287255,-0.9890874701918424,-0.4975935660802582,-0.7203417898355037,1.144002220291798,-2.021112790483982,0.1133408657228262
TCGA-06-0211,0.1262858070116884,0.1795490340975377,0.7523476965043194,0.3484272309398284,-0.0560487781154988,0.1175444911749834,-0.0586572631280611,0.110760058614534,0.5098875212144425,0.241133032289043,-0.1382666868284239,-0.6251914685195505,-0.7433606972256659,0.5501568890729949,-0.1561449545955849,0.2232739760170386,-0.2054003698704904,0.0425611240752883,0.3290682512651877,0.1552897585163304,-0.5836947982376695,-0.3183237254845091,-0.6045676082002007,-0.0703623163236313,0.6216540243691151,-0.0151573528902815,0.4367699176453475,0.850837974707881,0.5639977192679414,-0.358164287905954,-0.5323878048154861,0.4726576198485573,-0.4435562469492848,0.7452489613991155,0.0429635165815453,0.4218397433538295,0.1922644985366131,-0.0804020921163573,0.6750155443514413,-0.3345723350432725
TCGA-19-1787,0.0762308292331843,1.1412546959101546,-0.5924239902281947,0.5366897979991471,0.4394384038570806,1.497194693584602,0.1999188781276334,0.4736605975506447,1.7284736227458004,-0.2323543523077197,1.097456057040102,1.6841019914097273,0.8889162297373762,1.6259944597462812,0.4073665481803267,-0.2790726398335867,0.0086038688769323,0.2682440062568591,0.1084549466729446,-0.1421839638386887,1.5803179668921403,1.036013168160306,-0.3083594135358291,-0.9223937058830786,1.8861461465587983,1.235698781365606,0.9131359655753128,1.088112292590856,-0.5106866063661414,0.4929225492213662,-0.0591790468956559,0.9101068100094172,-0.4105118456744824,-0.8604544835387471,-0.0556277719508992,0.6159079784597674,-0.2106867450393289,0.9324701747011448,1.0235822894862636,0.2785645713939452
TCGA-27-1835,-1.2800302380521675,-2.0365359206851124,0.2729901953738021,-0.7052728213784107,-1.447727702865497,-1.4850690183920017,-1.483779756492244,0.3294322033166519,-0.0299909356617331,-0.5107032445395531,-0.9085487188101168,-1.8761356146833263,-0.4651556765717613,-0.1844089235543545,-1.5541351460414403,-0.4021383150358961,-1.7675833206832554,-1.138648055797422,-1.3492257386124316,-1.3259181357857712,0.1297639666292383,-0.4302869321617883,-0.190711000325455,-1.48598137343626,-0.2241964063004183,-1.989615993257686,-0.3738224218694924,0.1692481120657047,0.582272725479144,0.1039922076447407,-1.6272399712106171,-1.416456128083908,-2.1573220079140296,-0.9120652316527628,-1.2792292688763238,-0.6100795105917003,-0.6503864579281886,-2.187492240464646,0.4156969614964848,-1.0303655263997529
TCGA-28-5213,1.5342949193686304,-0.0877473608943589,0.6345402781936087,-1.1012750240987266,1.17670710488965,-0.6425588329048446,1.3712707211215271,1.1933525708153463,-0.7363695965340677,0.6353691219213513,-0.9746341492820288,0.813815526433241,2.131271721760355,-1.4251098989777409,0.7783328443262251,-3.07309777858495,1.023805080822037,0.9823039380715508,1.5160337042489147,1.4368426359931077,0.8481070118959133,1.2355720128027277,-1.3983829051935095,1.3855992905867565,-2.5352469649456197,0.8564935483602995,0.3289977169148215,-0.6393341324686244,-2.252928618540945,1.6260553096466412,0.990253672886039,0.3430162970567424,1.8121979042917544,-0.365241020450159,1.1217365647152888,0.9299113637907938,-0.859815443372431,0.659980632898061,-2.5933771723607286,2.37651811534396
TCGA-06-2561,0.424600353252252,0.4314546016124207,-0.0331631786999605,0.1488860466761939,0.4124788401552817,-0.3630636840014874,0.5916558520389283,-0.7287516957337763,-0.992966682962039,-0.3567768705532904,0.10907202891089,-0.2767852376588524,0.0796975466417072,-0.9633608237110414,-0.6898179574615717,0.5637954747517581,-0.1085764859806851,0.3818769884792195,0.2023291288415829,0.462052665378486,0.4126127464745015,0.5214698636685415,0.6715044081114413,0.4351916291265704,-0.2704366762878374,-0.035152416551052,-1.1319081871812635,-1.0173237738709988,0.1847019366716586,-0.2597557670917786,0.2546628648797129,0.9558160151291304,0.0519148702966127,0.0394235248913944,0.259272089329326,-0.3150615760624513,0.5443725128646992,-0.4083235918520759,-1.0408736866447577,0.032210960942073
TCGA-14-2554,0.512226338129162,0.3461881187786217,0.1281058753956925,-1.2358483060227952,0.6760352066504552,0.0958261212952767,0.4942007679846208,0.5624775482020075,-0.4804197081730266,-0.1616890061703081,-0.6544111416825439,0.5109363777632452,0.8937530144523115,-0.6814537144772909,-0.2997275754498728,-0.8661017841087589,0.06833964311826,0.5228975972879519,0.4092392258767741,0.2472280623566611,0.0268812588704094,0.2806623975038576,-0.9286665299851204,0.523281397861843,-1.201789674249708,0.2167159308543209,0.4068373658636206,-0.290801620065057,0.7033110971978476,0.8506019125609141,0.6218353735771284,0.7321928057955415,0.5183887334648165,0.0740123815268205,0.4773839182333541,0.2263154675886413,-0.4620277536416887,0.709587964320973,-1.06422167114605,0.4486683938905164
TCGA-06-2563,-0.2040022013477935,-0.5043394903154688,0.615427949278414,-0.0880183259102195,-0.4282778564551479,-0.2418881951354947,-0.3028894118397398,0.2379803844174826,-0.0454952430268484,-0.3253520144562196,-0.6652631098155325,-1.6350743435979431,0.1209100348855348,0.051877675406656,-1.144918245725057,0.3033835952630172,-1.3555225917341045,-0.2678522709590711,-0.1360453203644466,-0.288191298347932,0.884174228895899,0.5259254976904132,-0.4565849219480587,-0.6674174301011871,0.2054401730350571,-0.7988665251410585,0.4126357209895541,0.5522622538348191,0.0555664797789976,0.5007985907483022,-0.3147705231377273,0.6220906253624268,-1.074579334352587,-0.1863737529245657,-0.7182189029233937,-0.3462242527351912,-0.2791979774314187,-0.7733233713789676,0.1909200760850636,-0.8269181441014843
TCGA-41-3915,0.6391863214352119,0.2037603309766531,0.862479367882835,0.9793469643488272,0.8364742111361496,0.6799648301604181,0.7653357465716955,-0.4209874962612528,-0.0259149920564607,1.272138104530519,1.0046317243277592,1.258378286691158,-0.4558651949305481,-0.0633434721771253,1.1879725143353128,0.2268811202113073,1.720364248517791,0.6604972712742904,0.882709452384861,0.6804027613681358,-0.4112377313853411,-0.0990294349886645,-0.3462861249848439,0.7050507890812516,0.3965831384122544,0.1779224611293728,-0.4787692573718139,-0.7200556448416503,0.5256164258619882,-0.6090079104149914,0.6543244467239203,0.9559767986800785,0.5967754541117261,1.5289374537707066,0.4815761126418168,0.0174219566907873,1.0227924104531068,-0.0075790342389061,0.3524506693914669,0.9910511598449327
TCGA-76-4932,-0.4172499399436185,0.4829476239967812,0.4024073705315429,-0.2201769077767773,0.2877601005060129,1.046759931760628,-0.4011340925808637,0.6425349312229509,0.5474034551137961,-0.100527577604756,-0.2071270589455092,-0.2511156099417981,0.6269579389537124,0.5987417297209817,0.6369986469491195,-0.4166098857342447,0.8109231682841093,0.1875451991561493,-0.4237700860767992,-0.4147848568426305,-0.2886034520931601,-0.3978790858400607,-0.5788101078840935,-0.7448221734866676,0.4675468801376079,0.4347473246538803,0.4991933710823499,0.6046682915041568,0.798085113470351,0.2606547924942253,0.6334764748712047,0.3543471289888378,-0.5634172989792474,-0.2258678962629986,0.1624880440330346,0.2372750233041008,-0.3923148983832797,0.297345705936877,0.6241925449900996,-0.3973973699873206
TCGA-06-5412,1.5851606261168252,1.6043444783359404,1.5194184423719246,0.3868911650481298,1.5797381848779195,0.0303682969000132,1.6804598444252157,0.2865547987939719,-0.6160767870110663,1.097614675447764,0.708091745542465,0.8711958310984721,0.9608139119069948,-0.7793525051725,0.78616496315731,-1.136095777280547,1.0495344303646683,1.6221093570891345,1.5546252634662283,1.7197493566312911,0.8007985110094987,1.262787421669519,-0.7777581546914435,2.0355088102551093,-0.7006201951110463,1.2022778470926352,0.310445449843107,0.3035040321226538,-0.218432651279649,0.951155241346179,1.5031062995091222,0.3353491561053678,1.5939895834633253,0.9845874713524968,1.6363074899851875,1.0797473966383588,0.0772165688961647,0.7225408752712056,-0.0812356143263736,1.4743601271250582
TCGA-26-5135,-0.0295817161187041,-1.3579860595426456,0.6494251899793534,1.7851075489889747,-0.1703362926145597,0.1503203201176536,-0.0505203318123499,0.0651832740592783,0.1063804023052399,0.3532323559235185,-0.3278415057296667,-0.4146473324120619,-1.5588592031350292,0.227364016861132,-0.102039487267487,1.364247239611748,0.263819798580598,0.1768536196107938,0.2776748838238959,-0.0647065740544907,-0.4444283474999551,-0.4466154429051134,-0.2631458853303701,0.4584451651790711,0.3156368875293397,-0.6481416823311277,-0.3181588763332291,0.7973573507176018,0.7297567627277799,-0.6821470134022923,0.398909245896171,-1.0091932088670932,-0.0290013488918284,0.2404076464081967,0.0247507193586997,-0.3972657146054996,-0.3375878783565025,0.5253766433668401,1.155800392055252,-0.3739329052697911
TCGA-16-1045,1.2269250096407018,1.413980267769517,0.7954942143034078,0.94421781936392,0.8130725120672742,-0.1967737185446029,1.423991351353748,-1.3759238757406098,-1.387776428662486,0.6357740031051723,1.0228935214113102,0.4096397267948564,0.7925520151387055,-1.248395623146252,0.3385236287652424,-0.1663966043542126,1.140093181367592,1.156551291610389,1.384519837525607,1.10513984763313,0.2950332169175879,0.7190232906813051,-0.1770514708396419,1.0401349482982278,-0.2815463788674416,0.2343595058367589,-1.383830284463524,-1.6331726647969882,0.6138565654155426,-0.3661230596022791,0.3851463503671161,1.8215948386115617,0.5169987471403202,0.2614351127459831,0.4330279821485184,-0.619049246069878,0.6340856873251834,-0.7362558021013903,-0.4506179165290567,1.1646209272163697
TCGA-06-0141,1.2113794961479063,0.9888288750878425,0.9260985382430796,0.4545999546113049,0.9658394476582688,0.4842241286814138,1.7345449809506794,-0.1268893869524793,-1.2682686804341847,1.158858830159528,0.7037981926018214,1.1584782633964097,1.5811483448699497,-1.5704198939089755,0.7636204705471779,-1.1983478095782862,0.745757003020199,1.3551298585661058,1.5197681633626945,1.5100779033720926,0.4199940423340349,0.8805394778139218,-0.7782742597363218,1.6826501087529415,-1.2117780335315664,0.9167445756029328,-0.6578122155116746,-1.241727872669591,-0.7924300403068945,1.657318578448924,1.250024300933381,0.5349004505569285,1.9645261419965645,0.590543347559469,0.7289573473801446,0.0573517259037879,0.2397168254312176,0.0740096933773518,-1.62490057642041,2.172826668827353
TCGA-06-2557,1.204103384533476,-0.6976209862766234,-0.0234678638620117,0.1077130098906014,0.0177797923000437,-0.758824574503714,0.5681126646145772,-0.28333875867125,0.2313753989212146,-0.6633098625867975,-0.538070586575593,-0.9638655352071396,-0.8187171886466742,0.3413661673586871,-1.1160240191055997,-0.4911280857024411,-1.2236461271134829,0.0734784971181174,0.5623381794833312,0.4271609796631228,0.9880207733681255,0.9285443573780742,0.3756339410447705,0.481423387998742,0.6842898853068519,-0.9375171328328996,-0.3982940183702211,-0.4307040351999666,1.0351579673528926,-0.7596318729355086,0.0104587581322176,0.6585792776435981,-0.932476277369743,-0.1391833840850708,-0.3846337709950158,-1.0211676312979483,-0.49483772806621,-0.3765632479522903,0.671137000947615,-0.5968124809545418
TCGA-06-0157,-0.0244952383052716,-0.895735563124368,0.4539679319533672,0.4923836918360623,-0.1641530757821364,-0.2635041680440836,-0.334786098828236,0.3028113221298089,0.5892183060403916,-0.1304766723792048,-0.1550774419141289,-0.4006823687492624,0.5271798008414641,0.5139648787479646,-0.4131179413571179,0.3966367387335861,-0.6369561056584621,-0.3105124443171321,-0.0966669386188787,-0.413316290726306,-0.2774132012051209,-0.2227271043411452,0.5333815077873532,0.0310548861186887,0.1280490849879423,-0.3744052005833935,0.0868118964093481,0.0597916948167073,1.3142217311359832,-0.3909449378990602,-0.1836724063076945,0.6873331581704747,-1.193563894380918,-0.2038630377125746,-1.015331526475233,-0.9693320665450652,-0.0640426752229164,-0.4529644403933574,0.8595713140169771,-0.2793316034328008
TCGA-28-1753,0.6156015211686182,0.7274566358948144,1.117268581046735,1.452258782032157,0.4593627032685,0.4625924520678604,1.0835377863432591,-0.4751059788212653,0.7534503387227741,1.1883344802900424,0.6287903104363567,0.6695317670937936,-0.621196455329899,1.1228670400612768,0.1504043011902928,0.6676252382432157,0.2444763948713508,0.7052041627619124,0.5949833954276672,0.4785978800236982,-0.2462855934534046,0.1945762432397307,-0.0452796267810709,0.9710605098105122,1.327430774106286,-0.0330952827066755,0.0158785004037757,-0.1447476363403239,0.7694414471715563,-1.04599893335329,0.1958510060843409,-0.3030056883831264,-0.2333807219699091,0.9618492007497642,0.3639369576176468,-0.2726483678559941,0.7621657369742169,-0.0138223818130511,0.7933215890712532,0.5090053021043889
TCGA-26-5139,0.110948021637472,1.0225074085973824,0.2640197248745574,0.0531888875350697,0.4022059217800678,0.3699687994909408,0.3209109601188232,-0.70074355281998,-0.4533268276633936,0.6933318651114272,0.1727697863629623,-0.0022069785968441,-0.3700007751334474,-0.3706430823782167,0.078994481057288,-0.1128724863265699,0.6812299422889149,0.6655184250357501,0.2697680424535266,0.353331861437776,-0.2288849224417156,0.1072283630793808,-0.7604762104236283,0.4280643954208618,-0.0370004481630343,-0.0025939404688964,-0.1013188654261228,0.2839100805417207,0.3651818407013673,-0.5507305044858677,0.4667722084881591,0.1792863064602162,0.1854787331663223,1.175422878463149,0.916364757085671,0.329714751368593,1.1141442096755156,0.0787087737613551,-0.251588746016663,-0.0863180022685341
TCGA-26-5136,0.5315797412157605,-0.6802903664681895,-0.2557129322926252,-0.7785550466379643,-0.3123302311156937,0.7706915525598803,0.4478080082955022,0.5238949606300651,0.8245021303797453,-0.3415889587273998,-1.378639086041011,0.0852363868082304,0.8606370701104767,0.7372799379421869,-0.1573474366891125,-0.6560070101525287,-0.4225948671875421,-0.2491465357439304,0.0765129540975855,-0.0924077540170186,1.6318410467874611,1.0678175962198135,-0.4600954679253392,-0.0998039294200509,0.524052671535289,0.3821220241679937,0.5196643070857412,-0.4601580573750939,0.1677933111149982,0.0435601189740987,-0.6111491632068253,-1.163325056465338,-0.2408897222982845,-0.2006737640885799,-0.3717496647464928,-0.4751936054825197,-0.4374566394871825,0.1596758102264781,-0.1588337162679249,-0.0991559047832214
TCGA-28-2509,0.0012049556405152,0.8010333986469644,0.0780017432060729,-0.4384980523659094,0.2774599772225002,1.7772802515174393,-0.1941581530734349,0.8985233049591662,0.8910992682303801,0.2182958158598788,1.1276612653110305,1.1200602661172228,0.4141633173764458,0.857530300361088,1.8502406510978944,-0.0606913809432187,0.9532056796962156,0.1891046164247142,0.0040274335587222,0.0615700243181255,-0.5693944306951817,-0.3605103217185985,-1.0459198565287826,-0.740912565968414,0.7645136688606454,1.268652501229952,0.6904426452281544,1.061816702284948,-0.7694826492722687,0.2700722207626463,0.0843859002709819,0.6039264669751481,0.727857962770164,0.4671636280534555,0.3411409990014436,0.9936270932115498,0.4534370751744236,0.4948506822139717,0.3116595093296012,0.0183720880849645
TCGA-06-0168,0.8032885805652171,-0.432132739571223,0.3904517673931133,0.8038150616538167,0.8614858267136981,0.329139156917637,0.8037531401886686,0.0877978522386057,0.3151453936538066,0.7798743999491407,1.4673884988959858,2.206316354229072,0.8490291745152433,0.0313657955713621,0.6498953519020633,0.5377988023911057,0.5078591206321222,0.8366158311770515,0.911911800966654,0.9243314757342928,0.940018687149756,1.0468018196560562,0.9684062081579986,0.7730422308921306,-0.1663983537508501,-0.0015027223194062,-0.1197683815254501,-0.273092858347417,0.2373034868733046,0.1854842666623706,1.2469267620053976,0.972060414498927,0.8782567104894542,0.5996509633537884,0.810131452268002,-0.2996153035592395,0.8134205958470785,2.257051214947606,-0.659469586446928,1.1970954402934235
TCGA-76-4928,0.3678714860121861,1.4815633456495367,0.90375461068243,0.9157474295358532,1.170274789201577,-0.1191679281479107,0.5324538584128257,0.2918169433017376,-0.1708931046982942,1.0230058768911408,1.2370755605269246,1.012045689600224,0.0719061865699129,0.0171586863419401,0.9870466960924212,0.9093571444521442,0.817622900286659,1.1128107220373236,0.4318366695323604,0.5561926491798217,-0.3052256461897629,0.0097928779600448,-0.931993351099928,0.8568057459039407,0.1764244458820114,0.6209173874116586,0.3568330504343159,0.4260189057531381,0.5734132118406395,0.1517944804323041,1.040002917686762,0.877866659376434,0.547624181539139,0.8146076696854614,0.4598121222263719,0.2576584100336085,0.8263267268142986,-0.5775620191863481,0.7792030727710426,0.388592008951256
TCGA-32-5222,0.4109305996212917,0.3697217975831823,0.7513411485131422,-1.452315544326577,0.2717104665426842,0.7818181209671483,0.4455872918607013,1.249521674201108,0.4089727662550085,-0.1267358919135951,-1.265160163253655,-0.904944020266196,0.8941655281108462,0.0854935475408321,0.0759611531084052,-0.7551677641155967,0.2235684892717575,0.4683288852643549,0.3701275204518229,0.3280877832807211,0.5065772248520225,0.358735481676071,-0.7999235914827505,0.2626599848932114,-0.6125629077789624,1.1642019916957418,1.4210762439853937,0.3381744946575643,-0.7482265180255465,1.50407661186534,0.5396060813321808,1.8051390180656977,0.1924094239735874,-0.1282867683568596,0.3165551008708765,0.5425290848456515,-0.8259276260201155,0.4721734368089335,-0.8748496881465172,0.3456422515822025
TCGA-12-1597,-0.6280031725958022,-1.2943348001324229,-0.7775272152120868,-0.6494570508730284,-0.7430976811465352,-0.2123660183927193,-0.8085744745131508,0.8357621872518061,0.6421024837109792,-0.977524208424492,-0.2242963510361912,-0.257245943809635,-0.0241719029863928,0.4870695683054829,0.6034236255501046,0.6772104554910426,0.3033279052895478,-0.8919045398686585,-1.0439804257481982,-0.7103151222043242,-1.324056198263015,-1.3617486860280803,1.2718222456033346,-0.3531652797174009,-0.4600796413418758,0.0544518831530515,0.3676979392141022,-0.1163392560377554,-0.5213699009037767,0.6875774161995943,0.2892538416011094,-0.6348403977903618,0.4235426946574044,-0.700350211174646,-0.7881709079518272,-0.4770989589288308,-1.1579324425220348,0.9129054776787846,-0.1860429862581629,-0.1354610031663865
TCGA-06-2567,0.4631343069861542,-0.7807367654856946,-0.8252272649804273,-0.0907282675903909,0.2779677616351722,-0.6811193692914861,0.48864884592781,0.5420746301297985,0.9690969664032464,-0.4555174345014025,-0.4538443717696045,0.9875753670658568,0.4835995361881708,0.6883769925490221,-0.0511435450109573,-0.5937337992063593,-0.3210901296568186,0.0429956898472253,0.4635451631882498,0.2133164196955985,1.5772651800377004,1.186881108161667,0.6000724045544261,-0.2979274164335597,0.9154196162083384,-0.6562397272654117,-0.0471057395879294,0.0083451106770395,0.9999936648906158,-0.8076243287721311,-0.2724827391738626,-0.3952210899748832,0.0097655550347175,0.0212000212806058,0.0592939364764053,-0.8118998467986831,-0.2253528383360403,0.3408141216911015,0.0566493899602306,0.4278843827991188
TCGA-27-2526,0.5419496523793805,-1.1197113152976728,-0.7059168327148452,-1.726910760156683,0.0158942992531845,1.1434138108788254,0.1184884214690304,1.2095428473830157,-0.0833797946870577,-1.0046010620037065,-1.3980821668914152,-0.1595804001959932,2.856588917688806,-0.7406272117287608,0.4346848920910569,-2.8624537399355185,-0.6740273238894551,0.0030977641490764,-0.0860387532311191,-0.1986732850313433,0.9587361917065004,0.7183718664291757,0.4351555011780253,-0.8372183007644513,-2.151210434020516,0.8990783445736356,0.5510726739316988,0.6690149039991256,-1.0885890477411408,2.152411111711224,0.2739451106563336,-0.3953721941649041,1.1148877443693874,-2.0608806569464937,-0.5513429467986671,0.2275508289883682,-2.0884140185604405,0.7628524789968849,-1.6538460412617615,1.549408967720813
TCGA-28-2513,1.3273510005552822,0.5845102888233653,1.2402141610181605,0.8800460171538582,0.959710896425144,0.4236024064049832,1.110504993461514,-0.1322409360094848,-1.240774245354043,1.3048963624908143,0.8219262168630893,0.814619599018626,0.6256981681036364,-1.333774764366611,1.0258647631828277,-0.2983486757410108,1.3842696620570596,1.235438297757755,1.7568240650578928,1.461636582521214,1.080579234951904,1.405573440981443,0.072771080969619,1.2380289156623523,-0.8382584359745133,0.4208228568904514,-0.7344409645425932,-0.5534859164907142,0.2852808900131887,0.1307313204435375,1.1694184996826371,1.523140683222956,1.1021607762322816,1.008650203664804,1.122656217556726,0.3694932025983282,0.3956639285031904,-0.4148156758047991,-0.6061815872660301,1.573694925898882
TCGA-32-2615,0.4613458642234836,0.3112841972603832,0.4203181252641194,0.934666596563148,1.0021689457342344,0.8994654033711263,0.4351372348721168,-0.0848676130988689,-0.5104557630560534,1.0000094695147077,0.9854733790630972,0.9070496409602828,-0.7437323813549434,-0.6016320178095389,0.084618796853213,0.3369423283366391,0.9939713420517288,0.5941327313296232,0.9920938718332564,0.7668376027048073,0.6135435269241132,0.634553588943635,0.0290432212741263,0.3402130671084588,-0.0346510422368968,-0.0626811444075301,-0.5024512768890405,-0.0989871676367638,0.6037912503114733,-0.6911170065707803,0.7923869659423998,1.1810552119316842,0.5179357622579972,1.016772694987273,1.4673483250257482,0.2158389838310607,0.598431021845113,0.8527314267992955,0.4641341428488527,0.2274436498521955
TCGA-27-1834,0.3255002622063564,-0.2562651536396188,-0.9119768756690432,0.1636021343084708,-0.2265989188847082,0.6825798269470247,0.4319814642064302,-1.259725756569055,-1.1472412207458198,-0.4735728216099205,-0.0195040545815625,-0.4935609554884049,0.100415732732368,-1.139710296560581,-1.348124302174869,0.9396603043518046,-0.8744708819910375,-0.0808565095974052,0.153837467840649,0.1428675774948816,1.639492208169533,1.1543058133503812,1.016655132648645,-0.2980485691386652,-0.5674217515483829,-0.3112349803944147,-0.962513284734725,-0.8303810761169242,0.3743327874071698,-0.7661048335618362,-0.5217246700370437,0.2293068557113022,0.0630000265243411,-0.0371528779712885,-0.5673529804733072,-0.7340143373876223,0.5787528379366905,-0.4725077372615759,0.3025233241342913,-0.1134909916032899
TCGA-14-0787,0.1344673208185596,-0.4137822161775869,0.3806781599135923,0.1176353185916055,0.3525890400140252,1.4413722871820376,-0.0150516471615449,1.0128302172321937,0.4262132139085301,-0.0911604943277846,0.0437287229899694,-0.1566674108180131,-0.3551381643882965,0.139543805317483,0.272884220104239,-0.0668243956489375,-0.5691854154706363,0.5462116774708763,0.1170200286504329,0.0850593034136204,-0.1941505088321774,-0.0473271091770484,-0.7479616861763172,-0.3022446782095582,-0.2789898533057451,0.5352337541282979,0.6624999772859758,0.6797019530040052,1.396454005252416,0.1187948629386362,0.4252846430626372,1.1857994833634256,0.0701300802994409,-0.9907047810521514,0.1125640536925422,-0.01648269388875,-0.9350530892690412,0.1995153960169919,0.448018143571511,-0.0366733558964027
TCGA-06-5418,0.2760500979275272,0.705538418137717,0.8134277699843027,-0.1993789048603074,0.6561584574437715,0.8922448794860729,0.4429437613977374,0.2981940461667474,-0.3154884520909269,0.3484313842455036,-0.2519805305348056,0.2601244703762187,0.0304347132780665,-0.5802523512020962,0.630679914599846,-0.5402638169547694,1.2900704698526966,0.3373537439417878,0.455953319295477,0.5532229425518734,-0.3893596914057475,-0.0953193849949963,-0.8857633209526652,0.2702439396112974,-0.3306160450168662,0.5782690637130792,0.1696384171510822,-0.0065288607846248,0.1029319098483221,0.4425971517618458,0.9181206078496764,0.3117680607806216,-0.1722591128274486,0.6300031272358634,1.078798339016061,0.6202844348537953,0.2945038624682192,0.5516340998723437,-0.23476237393357,0.2169802363260993
TCGA-12-5295,0.7027760634689196,-0.9030982659059724,-0.0942836047377591,-1.1224169360179606,0.2464307289634803,-0.1333128317632235,0.5134189732044991,1.9685316238501545,0.9011041916856036,-0.742530438599816,-1.3003928042953812,-0.2132178997376042,1.5730271633051796,0.3903844602771751,0.2344664750213599,-1.9046428150985335,-1.0925240860087118,0.188771047487243,0.2345315642611899,0.1858774952475564,0.3029468047212866,0.303944074760631,-0.6531499993861469,-0.2492859313547551,-0.8794785703196284,0.293344401557008,1.1280005842619638,0.6184984690036789,-1.1053714556199012,1.9680874343857853,0.512889192825177,0.6856666465226395,0.337215262241476,-1.1498962442140377,-0.362717922317225,0.2768722771770114,-1.7917672717733546,-0.0210835611873277,-1.3007742046650763,0.8594031047300941
TCGA-12-3650,-0.5284354783813869,-0.9005771027828074,-0.2014673271906189,-0.5268565599682149,-0.6126825450244832,0.3298724459310387,-0.5036329965827854,1.6930328097768632,1.6729067768892605,-0.8766345814210139,-1.2476518978230464,-0.6471535762145045,-0.6125617299067819,1.5826774355237825,-0.3737212849214449,-0.0698430982033061,-0.9167196224245852,-0.7586164478460785,-0.7560088476951127,-0.7999672117840324,-1.1246785741584184,-1.1908566183057503,0.1395177232222007,-0.6117875743520035,0.2834555589961456,0.0308230854514723,1.2176865725399524,0.4830149967200397,0.0304829483104295,0.6165353554312069,-0.1402105807269172,-0.207365556102022,-0.0567891362173858,-1.0963108396255714,-0.9310933424337924,-0.3731805580169015,-2.065502676033572,1.2448187979932546,0.0611617395673558,-0.7601224716878051
TCGA-28-5220,-0.4631227650204837,-0.6642592357297669,-2.1365875974735578,-2.8970780485664003,-1.0894523248641532,-0.8361672234807401,-0.8324720051901578,1.281636905383548,0.1870122173922088,-1.979128319381109,-1.7691856251708704,-0.6076483769440907,1.7592303828121478,-0.1554903580679136,-0.7658284919139122,-2.715744041775684,-1.634419923411414,-1.3479985918120083,-1.1427134617052377,-1.2421458444054492,1.0537334085620411,0.4886598413552346,-0.3555068339885326,-1.1183937385179237,-1.3750868642949166,0.3007310025851415,0.7545511945795953,-0.2251767229274742,-1.2725432126851934,1.6453110521892624,-1.388937169220477,-0.3558928547122895,0.12285158199144,-2.3143352781002178,-1.9150183539528367,0.000357359089016,-2.2211587497476866,-1.3506303740922028,-1.5908107681116013,-0.4228548204837806
TCGA-06-0190,1.2313835004481213,1.7538332596346082,1.7016984236210475,1.8633722337307213,1.668563711031937,1.831234004177039,1.3821457259128254,0.0007948939746868,-0.0765130040294507,2.1726843226692027,1.990476143812596,1.8897710800139809,-0.1803744303762862,-0.0558684635664105,1.5655707894425503,0.4073353089269808,1.714260494388678,1.589859989176768,1.3677993956449703,1.7497484189765216,0.0239140437824784,0.5921304441916857,-0.576406573379462,1.7702440593243525,0.2103837374939637,1.4306099891938486,0.2135528419858775,0.1533518998330626,0.7000105766712791,-0.4258500800720389,2.1056362725844155,0.0490155036641733,1.175493122908802,2.0263248814275694,2.340500767656518,1.286663956943546,1.8109246324924249,1.6069162417444636,0.3902830166141182,0.9777721176438442
TCGA-02-2483,-0.0160789421291792,-0.9474599570077172,-0.3370665655575279,-0.6937844005158421,-0.2540495153650819,-0.9722830453242114,-0.4234874281421039,1.4623730112112443,1.6918634887295734,-0.560451655291347,-0.6657082586131409,-0.4883035568051654,-0.9382862045979672,1.8405605594946168,-0.2039679680448095,1.073325823122881,-0.2977765539827011,-0.6550571672674291,-0.3902977271190705,-0.5915328188130375,-0.9699680905537404,-0.8252300090202858,-0.6350923974265928,0.0397914925571467,0.8956111245663744,0.8465452471373311,2.0531195206336226,1.9622064929375875,-0.7238421130202456,0.6307449669003943,-0.4878952660389488,-0.3910167360289878,0.1990203300993427,-0.2684523108567667,-0.3747430252161282,1.6579016708349137,-0.3829484012259944,-0.099374694257528,1.1231007999605325,-0.6770167795464005
TCGA-06-5417,-1.437633120165593,-0.0237416309380432,-1.1434568935793648,-2.1286429523549217,-1.9267497214216385,-1.0124175410954432,-2.052180245628636,-0.2296011952649252,0.5082773662525318,-1.8003268672962442,-1.6483502536836327,-2.5687414128176536,-0.1971781768817067,0.5946834578181672,-1.1300123078289246,-0.155762636153294,-1.0943352399001725,-1.900957712398492,-1.589713854901225,-1.5320359238245955,-1.553452052349008,-1.7789930964026892,-1.6054516163337855,-1.654573358688205,0.6074169840414303,-0.4013611510077158,0.7848888264673961,0.3049972928128668,0.3765977736386812,0.1446616856496846,-1.8432368692830028,-1.96921469365445,-1.9433243169734296,-0.7531673265363006,-1.461148882401695,0.7677313485760582,-0.4327531930336196,-2.535652238486892,0.0015127823515793,-1.511310115384095
TCGA-14-1825,-1.3272938285797504,-0.2711523561241583,-0.6496991830601787,-0.6996331571170105,-1.4421720463619032,1.0393812856275002,-1.4219345233204197,1.121285544098109,1.2436200018357155,-0.9989841703622946,-1.47450529961835,-0.8044107230775217,0.2517768253167209,1.3177865983982755,-0.207487266226121,-0.3033169234451666,-1.113386573565503,-1.2733941458815952,-1.2382241582947142,-1.206862701876315,-1.4629384950756392,-1.6551312365182036,0.1227622674831829,-1.0679871491461717,0.5224864954790212,0.7493947554768753,1.499813673351212,1.4308668143375236,0.176418594991356,0.536273385057772,-1.7260894677194856,0.001245146923751,-0.5042653885646698,-0.685185860947794,-1.7375526140298938,0.4915892822622547,-1.3631405030169603,-1.1343593282555309,0.3940507306565097,-0.887547404015915
TCGA-12-0618,-1.4767949420824062,-1.1759658429883024,-0.9902000207781434,0.1184977398570889,-1.2374472953082456,-0.8621732754534929,-1.369231580675078,-0.6763550344076813,0.5473253801017046,-0.965919080540561,-0.3780412479357513,-0.4293635850394548,-1.2305801901735474,0.6206429646465341,0.2390333043026538,1.9804663617232865,0.4046668205105321,-1.249824032296184,-1.5588471310805552,-1.3709861045271727,-1.8736663649127088,-1.7853103890833508,1.137508278933907,-0.9233523418712788,0.5339675032467841,-0.0176779792386897,0.1490997659355109,0.222387468795812,0.0833405353058499,-0.6910179459379118,-0.7740334330849686,-0.1130521777515085,-1.124359399458566,-0.9892844218502546,-0.8658318210952548,-0.3861352248131782,-0.293689797119451,-0.4089717667118627,0.7200487584849723,-1.0203838141319987
TCGA-06-5413,0.4514716474193427,-0.2319682686926028,0.9419578388388504,-0.0712913095621491,0.2948814455469707,-0.1601192167600957,0.6101737740931598,1.150553954227321,1.0605273227507457,0.4786479494703727,-0.5811049282441946,0.6840170292024758,1.0473075869631872,0.954292308379729,-0.0448610860984371,-0.752494930884806,-0.6017850155609973,-0.3154688778723765,0.3246862246632378,0.1220658085440927,0.0454367589140764,0.1487010861999699,-0.9453372154098572,0.7841532881743841,0.0512913880328709,1.0746963707758828,1.324291679830967,0.2406705924733039,-0.0163194686507996,1.018952138030751,-0.1635843339043655,0.9710430827902996,-0.2251443203424284,-0.0664630807264277,-0.4702954604282488,0.2040748668170982,-0.3332317444780752,-0.113401726448898,-0.3499789349358123,0.390850526665253
TCGA-32-2616,-0.134794642006037,0.1640398797663514,-0.4465081664680891,-0.0468759900459693,0.1149583290268088,1.0880259236412233,-0.3518665923232739,0.153017249578848,0.8690187126393456,-0.5630206748835244,0.4468716862206229,-0.1357896139932036,0.4667343811848437,0.721855802207209,1.092485903511599,0.1398306023385966,0.5327035548655188,-0.3691770909742344,-0.1642395889381086,-0.2862073660571786,0.7815728903557037,0.3442887494354451,-0.0648906705745118,-0.9163017297531794,0.9102854616800172,1.81404352477924,0.1904616383379047,1.2267434885708703,0.331523450641578,0.3719026523960515,0.3282272536880169,1.088819233014915,0.7048374934422247,-0.94084066607341,-0.0821690137723419,0.5255548533206871,-0.6176711520384527,0.6706621515750372,0.316104630056133,0.5795127367730811
TCGA-12-0821,-0.9391609473435804,-0.1370856726470428,0.0526181881112401,-0.8753844965795032,-0.3656494647211751,-1.178097662323402,-0.6751269481505978,0.3954562729373044,0.7425914574975836,-0.3256112006047528,-1.3141302382136268,-0.2291858804738004,-0.3337083708329704,0.8216379496251229,-0.0640731639967645,-0.1147175302490276,-0.1908387232550191,-0.7560580133417929,-0.8898546392117881,-1.153912398283064,-0.7900007516742936,-0.9315716037863392,0.045661458976349,-0.5383550642488623,0.3063446942205107,0.1442874623276406,0.9784299544160358,0.4087787325514661,0.177550021624578,0.4072253061114133,-0.5733627829714872,0.152061580522223,0.3412185822266356,-0.459013381198333,-0.9752912638540436,1.4970923369670244,-0.5748282279792909,-0.0228081303802259,0.1392874670376937,-0.4143206886216781
TCGA-06-0158,0.1000220010745853,-0.2158723336615594,-0.072549263761234,0.900629257222075,0.0059714301272404,0.4417859657210018,0.1443247491108095,-1.05610443278821,-0.5142833880463986,0.0720591368510325,0.469865756157734,0.0938405445331075,-0.5838229916926471,-0.3170689897847617,-0.4734815406922107,0.4100626215675134,0.1180153797540773,0.3297835627756948,0.0683423203001815,0.3802316875431533,0.9047775622175276,0.624352859977465,1.018583425151236,-0.0840692747647289,0.3017433759723205,-0.9290123794570186,-1.1723251253228606,-0.8602249909633718,1.4977092177168794,-1.400884570557217,-0.1158054575398014,0.6647000987544506,-0.5309294088367068,1.5471467503964602,0.4467933301899733,-0.9888647710267549,0.7030246107792035,0.0615554751160241,0.6867404967728462,-0.2345969538237319
TCGA-12-3653,0.2124867944124357,-0.5269680560960194,0.0008353310601414,-1.0267110958579686,-0.5236990947785797,0.0617526835721329,-0.0457742818262426,0.5047919731285927,0.8217234378772506,-1.103827294872564,-1.339598403198754,-2.077018208542692,-0.5086198977266313,0.6867133301148095,-1.0495322553502289,-1.627494867719761,-1.421520716620952,-0.271755419095982,-0.1316095738652833,-0.2354700581912804,2.370723326139349,1.6672311516153553,-0.5542831084520713,-1.644492695516146,0.2998761716474698,-0.5811209554687241,0.2078948560706764,0.5228129984096974,0.787165328870408,-0.3572833050702914,-0.4964099993475179,0.6798850813584921,-2.0019569100817707,-0.6860851960721203,-0.7979207273922719,0.5901881792351542,-1.1680951040667504,-0.5408722390143462,-0.4487331584774796,-1.2556388405386305
TCGA-27-2523,-0.7044932543878376,-0.337663232019106,0.3474996609882459,-0.481505254227795,-0.5116864331127944,0.1731895921342255,-0.8420238926318646,0.9664859793657036,1.0677455276147447,-0.6597574691843056,-1.2609505700391637,-1.3214482782739558,-0.4137102719222559,1.0401586963992853,-0.4525225335642369,-0.7142876135205747,-1.00398705847143,-1.2251688461276924,-0.5885155450466201,-0.9786507021795916,-0.9916293349180672,-1.1287168871905222,-1.1548779034166496,-0.9266787927720378,0.5884663085637364,-0.32572433366906,1.0140247629271757,0.9257443519663118,0.1593029929235427,0.0142476265307211,-0.3297599850957119,0.4088010630176221,-0.9602933898273504,-0.4453598109341416,-0.8012489762202135,-0.8145233192879245,-1.2809278674852278,-0.920845123401453,0.6743632833001366,-1.0785874176604893
TCGA-27-2524,0.6588780747469453,-0.3714628118470019,0.9333709046655838,0.0528825665874138,1.3167973579801189,1.3377199855648587,0.5975133603607754,1.82508387572416,0.7645101219970625,1.0915489405915704,0.2177809714742394,1.7331547072990936,0.7222283478750854,0.5504588315074856,1.6803120136741687,-0.4180447630180063,1.1948611616886526,1.128831471911747,0.890239991964265,1.1602681050797063,0.1097269480849205,0.414770042406588,-0.8740982526509017,1.142110148300828,-1.0320297003019443,1.7633388817421385,1.416198269523525,1.8055789664568247,0.5724023606376355,1.7111066359735263,1.3473495805272413,0.0223792019125361,1.578368395804838,0.5983971312824795,1.6939649039235884,1.4846217086603817,-0.5097975834833789,2.026014624447263,0.4232138151060404,1.1671145811802894
TCGA-76-4929,-0.9542776831722724,-1.2953808718331663,-0.4858627150549215,-0.1748038476623772,-0.5196475451916382,-0.37796878878169,-0.1955044781958104,-0.371079159908304,-0.5529919931414297,-0.6365030486162709,-0.2552217237956684,0.0975482321661265,0.5347446648123313,-0.5045785440775354,-0.0260688010020448,0.7720204244271016,-0.3654131430423245,-1.1045937562950885,-0.6535774245714747,-0.9268555702176152,-0.0509822250221306,-0.5116723006324713,-0.0300360185288631,-0.5716138402036951,-0.5062939455427617,-0.8307531509750248,-0.6746179750490309,-0.4762507306111483,0.9572556080337788,-0.6320500732030675,-0.4788096225704189,-1.216052978083352,0.1487956345414873,-0.7591443825027686,-1.0163553035895418,-0.706249492627804,-0.6876960959834936,-1.0223524307787282,0.6507819861110102,0.0823600941300365
TCGA-14-0817,1.2396708823375522,-1.0265339200790415,0.4402498036313148,-0.9552787113220343,0.617072599782372,1.2799115664208465,0.9302812326722262,1.8523591982276213,0.7249942773623358,-0.0430269797014616,-1.6516989938469586,0.7086567832195432,1.718845268136989,0.3852541446767918,0.3393942604330074,-1.442876646153345,0.0641243248272886,0.6260464550585806,0.7898261198276337,0.8694408588538985,1.363753821915623,1.2888871802722464,-0.2762658442508743,0.6985378004084882,-1.2984389158326672,1.11552428268742,1.6121858654822006,1.1480043154760011,-0.7651088329754627,2.002428984688817,0.5310438515347717,0.1391394288949201,1.2281586542841083,-0.6828758486043406,0.5401414268749777,1.2212494814339967,-1.693953598506859,1.527057852082844,-1.181000597212445,1.149089468080894
TCGA-26-5134,-0.8450004644538132,-0.9176935201473309,-0.3397922981572597,-0.1647217396567898,-0.8595418245173418,-0.672167277274108,-0.7920973734611793,0.1854664898892838,1.0723503783391874,-0.1711460382764191,-0.6796397579482302,0.0976253689823891,-0.978983022123994,1.353820063897529,-0.3362317204134488,0.5231381880718219,-0.8391605600520208,-1.086323602065534,-0.8703500552626435,-0.9515052319112826,-0.9016725162547656,-0.9784434214152812,0.2424746709946669,-0.3381330054379651,1.3000208163818412,-1.052499496018462,0.6093834606794283,0.2380037887521194,0.3796030456734223,-0.658690342305242,-0.6168800373649161,-1.7140813763552554,-0.8917597019965177,-0.4597434636982787,-0.89340673604047,-0.2526727636551602,-0.5331150460267791,-0.6245630703346146,1.1948881686498578,-1.5473095219671906
TCGA-19-5960,-1.663486891626275,-1.0299207475502778,-1.4054188478511764,-1.153077741273913,-1.901391455109844,-2.8570502544854173,-1.700401923323124,-0.4601865323371192,1.0166686248122496,-1.7338525448104134,-0.8292106617014148,-1.8114315057762604,-2.743221031333508,1.0087821057983843,-2.173580957947762,0.8102318761354644,-2.220596208579963,-1.9693698482592736,-2.12696649881299,-2.0329513639469257,-1.7574121068467672,-2.027819827346575,0.5898924409552744,-1.4094233489376409,1.1770472998128787,-1.9696287956663927,0.0200105417598589,0.8280623021162273,1.7914374702177185,-1.9531240730478387,-1.858036923827333,-1.865212470695128,-2.3940727666016084,-1.162097461851212,-1.5517028266594857,-1.2409026276139477,-0.5378789073822249,-1.9859134975395,1.4450849384349962,-2.816818845073521
TCGA-28-5215,0.212783320556,0.7814454412648639,1.006958456623623,1.1520614117667127,0.4139483161382867,0.715081265455161,0.560321081612597,-0.6684871491523012,0.3613905299799212,0.9012582434417749,1.3096204217590923,1.5774046022307235,0.0981645875515643,0.7863396344352693,0.3652536746300466,0.8577168930074287,0.3762303852310268,0.0574588617296429,0.2608564732819153,0.5816156916843364,-0.43363600878393,-0.2210873683123553,0.3203981655109199,0.7752031691019529,1.1824135103244875,0.3429158083439331,0.1439418660199276,0.5589210731579326,0.5504492009572195,-0.8322941452598063,-0.2858932600406486,-0.0314661346070793,0.3828834736205449,1.0026724146882058,0.4253276188650685,0.2704135746426249,0.7544687838509161,0.6772971724725848,0.4101917603278545,0.3392154058652473
TCGA-19-2619,-0.9902806376171484,0.8592030415839962,0.420503767602726,0.6298571294155267,0.2817941944836623,1.2684234059417292,-0.6091113305002015,-0.7451520551709048,0.2301254126283544,0.079401726746918,1.4451611390571122,0.6547462266490789,0.0677709996223326,0.4884720097733662,0.061515055117434,0.8954968691808335,0.620887047837058,0.0460845348542407,-0.2421304017248508,-0.1076777896725099,-0.8316612041373084,-0.7402636267920251,0.3351622279605035,-0.2941291592950432,0.7004735471505015,-0.0228192760614613,-0.7606797759188781,-0.4116615740867704,1.0689089579764748,-0.9112938891549064,-0.2333836641709021,-0.1756972753162484,-1.3065412018482976,0.2114486163041415,0.851654476953071,-1.0945982646542811,0.9468960405932748,0.5577700178313489,1.011428318402009,-0.2442635423914217
TCGA-14-1034,0.5777884921297082,1.5069320509603112,0.6168010072340732,0.2899625369664455,0.4244084321795056,0.4548231354060822,0.6953969257711714,-0.0116983106967632,0.498928920131912,0.5921418052250164,1.3444732905415573,1.679129883454165,0.452120684730403,0.4338349734753433,0.931687066224468,-0.4842555550148635,0.6413528297260597,0.7208258865512617,0.6510073515761948,0.662655698339193,0.0732201484139695,0.2708966256126109,-0.5112100560825086,0.4034927374246851,0.6802325811259249,0.414200534580646,-0.1725667111814764,0.1058076259432463,-0.3134750748980111,-0.7731101220773478,0.1609668318107223,1.7056737840787717,-0.738549524901825,1.2757518812807114,0.5012124081751652,-0.2965551231677881,1.6313184443648658,-0.5208677352944634,0.7213765748014069,0.4605168307359311
TCGA-15-1444,-0.0343532572933024,0.7056031428132905,-1.2182011766680385,-0.4663230174630369,-0.5416434429854696,-1.0027577090186746,0.0015704461352864,-1.3136655965274993,-0.5226511483894376,-1.014941672219689,0.2100356099693398,-0.523231634701384,0.1580560196382529,-0.2288790579267179,-1.112990475143376,0.6442231872893881,-0.5552929666151855,-0.2029086749513031,-0.3245420588659627,0.048956661271773,0.6582657505018016,0.2340201043851283,0.5953910285253341,-0.0800295480768514,0.7263230689356589,-0.9847918968683076,-0.9724715923830132,-1.126683871974754,0.4675286658163033,-0.786121237734475,-0.5365744444983861,0.0651027568711822,-0.9877894109012908,0.289126809578899,0.0010657695161301,-0.8364730070204285,0.0516912288219392,-0.6407240395530025,0.49846119411139,-0.3464177842380606
TCGA-06-5856,-0.0810882397639736,0.4667295162704443,0.768223270384714,0.1377378655918464,0.1607872629922512,-0.7795661578015497,-0.0106865089743367,0.014477800552549,0.7543099034879683,0.3537675329860169,0.1477045095685362,0.3221109340834219,0.5235178412962888,0.7612136095934576,0.3897460724577894,1.2938680674725171,0.1451106792020509,-0.0941963103891077,-0.162497628238934,-0.1953192204039873,-0.5300177324383064,-0.4617479097803064,-0.312124988514935,0.1302785062758814,0.4853956231769404,0.601927378933342,0.8470989131989695,0.658696910461327,-0.3308821885955991,0.7470012738550496,-0.1122621220822351,-0.1224013400473865,0.2391776963168611,-0.1693652600958236,-0.3457481829756653,0.4454126662177727,0.5152252589034148,-0.1128385182855556,0.3906021781005845,-0.367306439938809
TCGA-32-4213,1.2073995458306117,0.8827150046568368,1.0639003355354075,0.5333446255347932,1.1282472197602929,0.3921160511948958,1.1465882357434776,0.6567018892188969,0.200126471013424,0.9861269541487292,0.1590812848568885,1.505488181051813,0.8890478269348735,0.1457366508892346,1.266757856172542,-0.2744562203913791,1.109929046603186,1.0675888016867303,1.4226595548442682,0.9989489853383748,1.1132560044463635,1.2126270882078052,-0.2709424385112347,1.1050814359898562,-0.5361987524668813,1.023519647233052,0.5726593857757478,0.01665742298532,-0.4021831309246277,0.5949067717227928,1.2898562159256783,0.203661849254959,0.8857723714416402,0.5273994639935816,0.4019704755009669,0.6032049640229254,-0.1911333979009039,1.0237496709738565,-0.6181010917662817,1.5503200808080075
TCGA-06-0646,0.6213653568854739,-0.1418614917042685,0.226458106283831,1.043683611256629,0.4796924889458287,-0.3708707468830803,0.6611220535455902,-0.5133355557025979,0.2714211930256878,0.2574401079365637,0.5190335452466083,0.5423081014168885,-0.6880560891578373,0.4559670671703817,0.1108593450101963,0.7194762427988534,0.7267586703621568,0.3406518249712263,0.7609595379657254,0.7261981726091515,0.2063306252198373,0.4419589912223595,0.393595111508992,0.5662840286646131,0.7558412899200736,0.1756119461740445,-0.1818212652797878,-7.896412336529555e-06,0.7695692885545986,-0.9810077777705484,0.3303363571242828,0.3714721669402457,0.6378831780994568,0.2437166551966864,1.3283367518053688,0.0098841271879436,0.0218035522653635,0.6114543422966334,0.0559664304140081,0.0380597501299769
TCGA-19-2620,-0.6597461871760083,0.8185848810418599,0.0223971857642378,0.4833763690260134,0.1796890926473917,0.1143025756626104,-0.0535733771183604,-1.0479587708709222,-1.4310201127212792,0.3293197532035153,1.0091979917911134,0.5132209297654657,0.2545173290873871,-1.2646323468808325,-0.1906137481642349,0.1581449003856045,0.5089989172897386,0.1590688425112267,-0.2149684069444541,-0.1593912349379294,-0.6035381652162657,-0.5925676461552825,0.4530880556073769,-0.0408283925732585,-0.3181735003429708,-1.1687207326990856,-1.4507937242457551,-1.4482622913411252,0.4364278881041573,-0.1639872960571221,0.2915525003407409,-0.6181646408325424,-0.2583170113032974,0.6160872337026734,0.148317676153281,-1.9635508889238933,0.6952164000103488,0.1497796381196915,0.4249115213612512,0.6383370259365142
TCGA-06-0138,0.5915098719838465,-0.8407827129582677,0.5230919223970163,-0.0415887245065399,0.4759511719647956,0.2987612066872715,0.2706846348345814,0.8285943564855419,0.0236750928776455,0.2306546515187932,-0.6226286638223754,0.0713573492125809,0.4680211017819303,-0.413037980502726,0.4798478863747787,-0.3158871170930482,0.9956973186786002,0.4731438544020941,0.5478703579347602,0.5320816704811263,-0.0505950156671868,0.1337948305614722,0.1757505714041998,1.1634643854794358,-1.2538534036479518,0.5341223985970097,0.5621964522421065,-0.5667825367776327,-0.3987086197157427,1.2831233535083573,0.730449254984195,0.165763763904497,0.5353649802406671,-0.4740328766517124,0.5372063333835245,0.1090239301688699,-0.6445903023084592,1.1783998303473684,-0.9433677409385188,0.4607214942981962
TCGA-41-4097,0.4499271750608372,1.0543229683806057,0.7997730901225403,2.1092150218733363,0.837581060801018,0.3731199623188778,0.751814396953802,-1.4498569210021195,-1.592331855513763,1.3881992799266232,1.8351667875092588,0.9277468233048786,0.061215493479846,-1.2915949280794656,0.8049447031582435,0.9470164194106804,1.161245456292282,0.6086165417591443,0.4503922029979689,0.8188735609334677,-0.3880615343667182,-0.0517227658553362,0.5991051382728644,1.0807590241257623,-0.042235740379528,-0.2342773424465172,-1.9231487948591988,-1.7272497813152028,-0.0036062410316824,-0.1307849074015977,0.7596202576272154,1.135375962026038,0.7077032915921367,1.1695198812426102,0.3578939439445273,-0.903411488371736,1.9260095610336057,-0.4929558307562806,0.3546778810033782,0.5791684715245914
TCGA-28-5204,-0.2428719376270187,-0.4009046680791536,0.4498765087700899,-0.5143203324123051,-0.1782281424802657,0.973548008177011,-0.1829613651321424,0.8947778503320153,0.906916284396437,-0.2621429276390515,-0.4306844294766813,-0.634099103824556,0.1552947672460089,0.8069448466471218,-0.6953034810722591,-0.892940417924372,-1.0207947497646834,-0.1909644718886351,-0.1352731267965071,-0.1525546828162559,1.8120613024959824,1.1157700715269518,0.0369483647210471,-0.6581100425466158,0.4727532373414974,0.6329638833273082,0.4897363742783113,0.4657896438440748,0.9448326728633653,0.5119166964028283,-0.1715820747041374,1.3314971637762187,-1.4549355921483038,-0.3169426927049969,-0.5010602554149189,0.6281136230091502,-0.7165146021823011,0.4040904139132822,0.1040092963349739,-0.638797679210114
TCGA-32-2634,-1.006837847917733,-0.8491810564105113,-0.7566065165892624,0.5158296916800358,-0.7092471498365377,-0.7960072251753468,-1.0040495612225877,0.2543452051359668,1.221740270145628,-0.2166784463078483,0.1189194936119931,0.2763545649859034,-1.123977719369986,1.078364282618961,-0.4649436624942718,0.6472887361088346,-0.6652678406279496,-0.9510876684136336,-0.9050426169698396,-1.0391307005451904,-1.2655600852002855,-1.1995951032342078,1.176169647161291,-0.9752080419027208,0.9353828497620342,-0.1941179179828885,0.9366972062899014,0.3754099396408252,-0.4145221005095282,-0.7434220923193048,-0.6517543372273623,0.2899831195827698,-0.4574847195480615,0.2467410653243587,-0.6905324407245302,-0.383017549644459,-0.0429651038227899,0.7695934622466266,1.0960636740922538,-0.6689103431941169
TCGA-76-4926,-0.9471590113718495,0.1489607022879572,-0.9729265911261744,-1.0481343995842545,-0.4900313521094245,-0.3706850671435374,-0.5336026648997692,-0.3940609989180347,-0.1648286412390681,-0.4408600743178625,-0.3471119554235423,-0.664163027188951,0.5448283209668905,-0.1754848496097549,-0.5580719052467336,0.1309296022425689,-0.5509131180706094,-0.565803018475142,-0.6840354980605655,-0.8807568993115978,-0.2301891471407865,-0.4390131556293127,0.2572685426139732,-0.8354801727144997,0.1626366515589528,-0.6350881777841643,-0.3211297993182955,-1.3549176781548091,0.003972112606053,-0.4435252237393514,-0.6123588785494222,-0.6783163253080333,-0.4289262025340006,-1.0851171044419867,-0.9506430208594524,-1.0780829465298565,0.277717704462363,-0.5735560684591794,-0.9851540341686972,-0.2760919411516346
TCGA-32-1970,-0.8108259414947753,-0.1133037127485206,-0.6207086315515611,0.2208869375191861,-0.6572244617839607,-0.1926164345233765,-0.8594965179001364,-0.6442662089407516,0.2651464729815457,-0.6606576025725004,-0.0629226970391103,-0.5521997529159702,-0.4127097561140593,0.3602482956791248,-1.1136265491577195,0.3254292148614174,-1.5304749647592957,-0.4409596145058496,-0.9169798848141524,-1.009669395169392,0.5931569675962013,-0.0015036318224732,1.435820767641886,-0.9705653287470056,0.67784466970304,-0.9622982026005026,-0.5012681440305916,0.3088938835676336,1.3274303186838516,-1.008883032107793,-1.045329540031895,-0.4240811247277216,-1.8334984548401971,-1.0911564587091689,-1.192054985575012,-0.7344686821800244,-0.1422268192758228,-0.0161665054164655,0.6845960178691032,-0.8058965049684256
TCGA-15-0742,-1.168089632413978,-1.4648469133746391,-0.5364657245564614,-0.0965103678382494,-0.5870486187927791,0.4422306033385276,-1.1298680192327286,0.9934928647728316,0.820945358949032,-0.5346069544750413,-1.0317562608149309,-0.8517038806101308,-0.9610074554895506,0.6163096129507416,0.0881556012885161,-0.8556671662691779,-0.6137168426745362,-0.9247476929899614,-0.8636592097441746,-1.051598156258336,-0.3834572570903196,-0.6161037806034119,-0.1989391733524727,-1.4649091584570684,-0.00566203698865,-0.3531672725305883,0.5326309198806217,1.0411219576163844,0.5460473648755719,-0.2268576715700006,-0.469999168922033,-1.0076450307678888,-1.135721737970561,-0.8160493866378048,-0.5863153116051797,-0.2449862162310761,-1.508952749136586,-0.6898681282890208,0.1950397634711052,-0.5339142257024818
TCGA-06-0645,1.7365628079095448,0.8877337573314779,1.2610406997077153,1.4964771872769165,1.3611196862813717,0.3134802627316029,1.6454939667049604,-0.3287496015700778,-0.7187969117139505,1.1532921328460484,1.1791009906950722,0.8781317610418289,0.1964909298149311,-0.6840900298289702,0.5900808471366845,0.4947552718691774,1.482271357651141,1.8748375878571764,1.92066146571746,1.8859415352858924,0.6276467944351839,1.167239358074222,-0.2252153467562042,1.916433862884992,-0.4154341929755258,0.5422655367029241,-0.2989074791136439,-0.0417880726900232,0.5192272917992026,-0.1167044185975375,1.6804573111326426,0.9958794512891044,1.3082547245015423,1.4687800724603173,2.2459952830615704,0.918137751404456,0.4217041134977936,1.8221387632870416,0.2809643360085978,1.429260917647461
TCGA-27-2528,-1.1118163783722146,0.9096372563086924,0.7370402445101922,0.2170388754437917,-0.0097833597570616,0.8379663122352988,-0.711651756406152,0.162191089712885,0.4576258990307459,0.8287592215602753,0.7498946743989079,0.4945107200777063,0.3436506586768009,0.4612759343324235,0.0298196002468163,-0.4677798018526376,-0.1585815657455152,-0.3130633406393474,-0.6052618330488994,-0.8487637612572001,-0.6015188724151802,-0.78298445921634,-0.0946370082195439,-0.4229917168627601,0.4118224254660441,-0.0463578646087621,0.625559052681194,0.5903983345807121,0.6691256802398098,0.5908710629216233,-0.082586369737934,-0.3489230071179359,-0.5021570045160006,0.6026724658779821,-0.3914429501083152,-0.0023418717371941,0.6021972704242904,-0.0074509074930428,0.0556461678091401,0.242975274203
TCGA-14-0789,1.4408481847136985,1.767198534788892,1.392446335598254,1.01006610523347,0.958378492354744,-0.0157548867711564,1.2919936952472486,-1.2113332809267583,-1.59938561862776,1.1337335327761449,1.3084566606761896,0.1260215800232809,-1.2505322613021446,-1.262847574078019,0.7354305078003155,0.9585202894313756,1.9082727779616613,1.6792374061640525,1.5923155620652452,1.7605616676513849,0.4033265580443472,0.8760954279091675,-0.7301430128801896,1.7605030226853486,-0.3445726476083356,-0.4641396105255171,-1.509396612546971,-0.321812622988812,0.6221436155217892,-1.243131870958015,1.0977553386923018,1.0780585400121991,0.4770620670104776,1.9686642052184893,1.8615124841764183,0.0680206292168402,2.0152508949155785,-0.5856152423828918,0.8223732099602907,0.5520967889659926
TCGA-08-0386,-1.331690797895185,0.6860978313316286,-0.6136251635184267,0.3267541854077484,-0.7928866915992325,1.0912153317435085,-1.3732327762481518,-0.1229650038433592,0.5819538473152914,-0.2057953388037589,0.2755772719280365,0.4451274716086502,0.9436520260374558,0.5476345941397629,0.7656590073642803,0.9869454940309972,0.2203839940045878,-0.7742974934997536,-0.9924719414914852,-1.1137738163762962,-0.6422124140885622,-1.0506228680710246,0.8707358566918489,-0.9915244334210755,0.8717834603263153,0.2731642386842436,-0.032374064483243,0.3495908958586363,0.6467269689309884,-0.5898613998784416,-0.7487284640939169,-1.3542745676527903,-0.3322240843975678,0.4046979763420583,-0.9809763617088284,-0.6710345898599366,0.7001047203581359,0.862956417856625,0.5831534584693316,0.1698600816438689
TCGA-76-4931,-1.2003219135634835,-0.4612934655656021,-0.563198614033497,0.074759977657459,-0.24461750164841,0.7655128850492221,-0.8525626695554447,0.5028936908340157,0.7890467328739073,-0.4987492221605955,-0.3131702197715651,-0.6090191584128157,0.0259516916354795,0.8307316799739206,-0.1890060926863761,0.6272212881402588,-0.1816320747975703,-0.8680372965811199,-0.8761830388872958,-0.746215081951671,-0.8527617095448603,-0.8955478593236548,-0.1488874325003776,-0.8902489617333097,0.8304079012580787,0.1629071225367982,0.3705960892006822,0.5221109919960355,0.5440058731674614,-0.31193777318504,-0.2853972417954138,-0.6841576116411223,-0.8154566018426761,-0.313075504090476,-0.370944185605043,-0.3184328014856034,-0.3768447330519069,-0.0617539357977964,0.3433712105528849,-0.5829372827435655
TCGA-27-1830,0.393490390347348,0.9034640125527696,1.0478561960234691,1.1749812749246782,0.7094521951953859,-0.0544029548739307,0.5072106378457153,-1.3577590421570582,-0.3808277731854201,1.0618337698265652,1.1787490892479096,0.9775743829247214,-0.6848527215525269,-0.1680145612744718,0.3155341785576678,0.9498711070566056,1.0324747060103765,0.5506650721424338,0.7365670605768545,0.5733280711030289,0.0827192686525366,0.3230233605428803,0.1075335693622364,0.7164042930560431,0.4586851789671615,-0.0877386107906487,-0.6476776998327757,-0.2425282334864437,0.3981047376347131,-1.2551869105259268,0.2272721373080601,-0.0523248773495254,0.3951514347297746,0.8078929648093864,1.157074224418301,0.5638269076782043,1.2756280352950404,-0.1173909464329056,0.979994882758648,0.3984446213335944
TCGA-06-0184,1.0458759119363616,0.6671715440909892,0.4116148494644723,-0.2297344691924342,0.7092513852140012,0.7840073467011853,0.8746290580913886,0.670150064975249,-0.8160205032078426,0.3752859157958766,0.1007582509497276,0.341859409517961,1.5043576753788095,-1.1192301012712207,1.1441862334092878,-0.5989548449410081,0.6764232195599791,0.9199622038179353,0.7545387891776371,0.9267316137580957,0.5513303083915431,0.6503844060220377,0.3584834856415767,0.7519737884713199,-1.141630037383876,0.7210629799295737,-0.0657756808047144,0.1454908672880512,-0.5264527214866083,1.4869593192751076,1.2289230754752567,-0.2772351659136145,1.1727522265461852,0.907188017404274,0.5119442660838145,0.249138931263845,0.0331522737555302,1.144858287025276,0.1543108943621924,1.5152012412363534
TCGA-12-3652,-0.7023304666875717,0.1650460421410546,0.2034107169577398,-2.0831009326175387,-0.0541564988043423,1.744869394928021,-0.7673721583283991,1.4753352356122136,0.5104353109767285,-0.3109999820548391,-1.3026275698881098,-0.0723966082011528,0.5805638146069425,0.1170558254313587,1.0563151744563677,-1.7654330065033108,0.3199209777603226,-0.3922485690319511,-0.3766360250028295,-0.7547830652726111,0.3803419810034569,-0.0915869161596413,-0.2819955411477485,-0.9354153117069548,-1.1819090919579598,0.7437971501411966,0.996240931284922,1.0466072491893117,-0.6836903976659797,1.658565680524831,0.0308564322282999,-0.4591610982158766,0.2593231324171687,-1.2726253412929585,-0.1244112729814564,1.3500650464352495,-2.2237376729174705,1.369687351638314,-1.0413394115360346,-0.0486443312800463
TCGA-06-0187,0.3094052759562131,0.7952262384533965,0.0324880438497235,0.7030488166470501,0.8202649766239665,1.874454750624722,0.3964438000862442,-0.2820519986419107,-0.0452304501993077,0.2631524361389534,0.8635419104436323,0.6437945554573585,0.4788038260340414,0.1099289803851936,0.46898177984704,-0.2691228219435482,1.043249406856544,0.6339759123465744,0.7133935623257169,0.5989120786493323,1.2346531492070334,1.131678320965806,-0.5194204713598954,0.14661513672963,0.3194264276585645,1.2858650223737829,-0.2506149913433808,0.4947741064516616,0.9876257595518732,-0.5539346802363786,0.2872301173982606,1.480661390804378,-0.2174146948527168,0.4710783476548802,1.1302542286155763,1.1129961629619165,0.5671828736966039,0.5611312104210181,0.2667832176845447,0.3326081431343952
TCGA-14-1823,1.0055739396395298,-0.1721290879568854,-0.0345898680484631,-1.4972675024197664,0.6381814389665493,-0.0218183062141032,0.735265104248866,1.0844615189222986,-0.4995877652800488,-0.052503194315034,-1.2225932284857393,-0.090069903120536,2.139519714362994,-0.8192595249708702,0.4886798931238374,-1.426450193554232,0.3278460337927707,0.99879338213808,0.8419422008479137,0.8749148618105002,0.6723514385074228,0.9989325493858184,-1.7566914023697455,0.8041466819753729,-2.071396121516157,0.8731744037446352,0.530755879802169,-0.2062819409201876,-1.299790180408979,1.6425946273279617,0.8740483166452275,1.4719772909081572,0.7822674911251071,-0.3865331948175546,0.7132614954183304,0.6532623260543108,-0.503129758299559,-0.2260033450364946,-2.228100809476088,1.3840111436638909
TCGA-02-2486,1.6374853548377268,0.2339419800809688,-0.2227690160566485,-0.8674991722061592,0.9928229448886382,0.6445087196708217,1.2988519030603436,0.6096885001800517,-1.408625779661961,0.4648340454326447,0.0022173388380009,0.3557464056051304,0.9307933025135042,-1.6637330558250498,0.8650373173041469,-1.4143181465978434,1.0210903884611415,1.4960925537083358,1.4991615386756492,1.576221317760706,2.6623814788654703,2.4144633257782178,-0.9376272487111162,0.596070230542316,-1.8468717857636128,0.5171698256973031,-0.0927922667470535,-0.2426026114289315,-0.5139801052701818,0.8815624607941593,1.485547924459664,0.9186693715248254,1.7834406099314646,0.1597318442930464,1.2515004541438168,1.268729771660328,-0.2897739270104192,0.3191798529193742,-1.32604985525453,1.3230070420184403
TCGA-19-1390,-1.6330396227258972,0.1277235840687536,-0.8184305668821766,-0.0475751226954266,-1.7283205387837468,-0.2165961622768414,-1.5945552300078816,-0.6115699839247472,1.383938225842984,-1.432478370309869,-0.8880381379767771,-1.2153571034399326,-1.6358005888256697,1.7660246388447876,-0.4462059990636185,0.6693857908854364,-1.075890972065313,-1.372970061795198,-1.25845217814735,-1.3398699806483196,-1.4315170793989171,-1.7226106590832784,0.2338706232353522,-1.5815079062814756,2.06664706649672,-0.7251108953392428,-0.0111678030437738,1.2294589746657296,0.2867558002818208,-1.9803565145992064,-1.804917388108383,-2.644673323508606,-1.9870117396506188,-1.3082529862272554,-1.3197876084240607,-0.3005326645171834,-0.8646712240392013,-1.9568263360236555,1.7348747505889066,-2.290857009900508
TCGA-32-1980,0.6911872273523036,-0.1239285479988144,0.4209977053151442,1.1395033708664388,0.339001943881834,-0.1763486910065601,1.0462441999753629,-1.298768097795356,-1.8730767577017624,0.3416239842352535,0.9382127392389464,0.7125122197691373,0.4621771219841429,-1.7573715790328164,-0.130066854944045,1.104671586346046,0.4937322332807666,0.4154696430766932,0.367069142802113,0.734492333465483,-0.2277891429167585,0.0546125735302791,1.4627817047182743,1.0639912872318384,-0.9176829502233842,-0.3077272014485493,-1.544966747242877,-1.9101072694175345,-1.0489318347961822,0.6738567439945198,0.7102529783524397,0.0392977854827155,1.7260679115599262,-0.2186638564960117,0.1721363982881519,-1.2190671434813785,0.9500064315655872,0.9702646071904936,-0.4723509394322079,0.9611226257620604
TCGA-06-0747,-1.1860321579770214,-0.4196458918736671,-0.2565545138566819,0.2799369740129659,-0.4173367868688652,-0.1636250885853991,-0.9448668190748772,0.1564720049123266,-0.0297365137573127,-0.0802267666354304,0.3496969524093536,-0.1040160997635145,-1.371071597573324,-0.0693242488205739,-0.5574954351958528,0.1193402551066761,-0.5040247230375537,-0.5026118776527748,-0.6109352959783255,-0.598375912213905,0.3861900341385154,-0.0337555597680298,0.07905877515512,-0.7563389143537934,0.1879122599927469,-1.6964720902713153,-0.4388382489464232,-0.0837794163313007,0.9784616805837808,-0.800500780030669,-0.3790201547217245,-0.6920844089336353,-0.7159400550931677,0.5112714216677903,0.1029804342128142,-0.4047947716581038,-0.2925446536369402,-0.3040384337345473,0.8549480186436552,-0.2357970588426445
TCGA-06-0156,0.6145510686778763,0.1906070280885712,0.1243652412027224,0.0741232613451591,0.422704117035263,-0.2771660727829372,0.7751608111300486,0.0394543271539154,0.702847814999362,0.4769929200967828,-0.1830716084986995,0.2558663162396507,-0.6208048704101128,0.8221838360311594,0.69593965321488,-0.0742938815967339,0.9596743189159316,0.3991954659247426,1.1694730790978642,0.6924040171125043,-0.3771528783890709,0.1723352466025393,-0.3310468844670141,0.783489657369491,0.4292554314140182,0.7482217904252985,0.6123396294586492,-0.5949204304504283,0.0965236747577582,-0.1703216204904976,-0.2688782129887099,0.9938993119527744,0.4375986491024934,0.5558876659079336,0.6654190588939066,0.9822553076587548,0.1865200555523839,0.2474065610848533,-0.6976022210611643,0.1426550876815732
TCGA-06-0649,0.5176952784742159,-0.4833992085814224,0.4304292790008442,0.5450903388359878,0.2062964868665633,-0.4018725626491838,0.5068844754544527,-0.4661429726373259,-0.938477362387654,0.4942611228782265,-0.5295714875289682,0.818868907151519,0.6328325573216816,-0.9981795675269352,0.2270746678025612,-0.5605891843151161,0.1244851762051051,0.0513286651432616,0.1927917388968356,0.231242653715974,-0.3296703497592239,-0.0173107834483131,0.2854211962450531,0.7125778792683004,-0.7601085560526207,-0.8611009588884412,-0.8453717066816442,-1.579088106192861,-0.2482560982096589,0.1951586896570288,-0.2086078125164776,0.192696168301449,0.4455079189968814,0.3542745480741603,-0.2054517563315893,-0.5981059810555626,0.338566250758246,-0.5459403080413525,0.3232463425157563,1.0294831527579549
TCGA-28-5209,-0.6497383345896312,1.0195699837705627,0.4886138791187115,0.313798859871691,-0.0843866523223121,0.081287482560832,-0.6495191259274551,0.0707043439518525,0.9175721103048068,0.5057111939486462,0.014334465251733,-0.7172057798519683,-0.7978829928484238,1.120145991746004,0.2191232435275062,0.4286162638674547,0.1434725895673626,-0.4545605144857357,-0.3909514223487771,-0.3821596307969779,0.0166743392073481,-0.0897436489635508,-0.2195789843559842,-0.5961313342776535,1.1344054777543469,0.6069629779722137,0.590066868496316,1.3152004001322684,0.733739075764684,-0.7530539928935123,-0.7229159733613254,0.3014298346609639,-1.233399353357573,0.8633308887368988,0.0415345623634521,0.9326775857446352,0.8777113271512449,-0.9085477421374232,0.8362482177157682,-1.0751408488738234
TCGA-28-5208,0.0670475210428452,0.0152451659812528,0.2268178018128098,-0.6704417899914604,0.2613579814492984,-0.3618866134332689,0.2872608284641783,0.9321271186917366,0.7246823568107107,0.1272823203748528,-0.8088860827864178,-0.0011049676152178,0.5718259015039187,0.7199545316694977,-0.5594150041061576,-1.484335513988106,-0.8388904174992712,-0.2533677250945743,-0.001134035362769,-0.0779979162304127,0.090724531505993,0.094977149947917,-0.8152997124625906,0.2528004434136496,0.3504824979262405,0.1150661719062406,1.3026866122297265,0.980840972539102,-0.2620784794913394,0.5937080200865674,-0.4541374181448757,0.6259049984462377,-0.0283328152202836,0.2829633018390725,-0.0650669890457189,0.2999024480530997,-0.0176993276483689,-0.26017154960458,0.3229091099002255,-0.1194311944545857
TCGA-06-0686,-0.6075029071379464,-1.2275436046595734,-0.4917917313586663,0.9502665814854272,-0.3750046955020323,0.5041494241350228,-0.4870347129926352,0.7193021246162338,1.0327100740991286,-0.2293972328264996,-0.3587884486621857,0.081604574666574,-0.1298318640055282,1.1153537287558444,0.5274235535696863,0.6850299217828282,0.3382955059480405,-0.5580129266288667,-0.6625280541849728,-0.5147602534957099,-1.2019351023554783,-1.1054518032025542,0.3997071470199353,-0.1653179192744109,0.7020368047339269,0.5750565965695705,0.893868404686398,1.0663135042754386,0.1209053894905564,0.251096982092364,0.3420491238760688,-0.9304475458572176,0.3540536635585615,-0.1241729771729749,-0.5827842857601211,0.2799244181503546,-0.7804487429621264,0.4948032766681081,1.0072007506270553,-0.1200941093611154
TCGA-76-4927,0.2265449066772312,-0.1072007765575936,1.0170086828726788,0.6994739525864814,0.3456400098567223,-0.4126887807666118,0.2720905268265672,0.181935768875863,0.2088656594448771,0.9185398579755724,0.3521468305182944,0.2867736972883951,-0.3703147127413062,0.2986797818287927,0.6325586055087455,0.9481110466170024,0.1686978970429448,0.4116323768296253,0.2189110390319942,0.2223598905549234,-0.1044725360851451,-0.0184555127418008,-0.2322173662058814,0.4525775843173242,0.44981607604837,-0.2363354824989853,0.2331240751236168,0.0739565704605157,0.343072283564941,-0.1576181431585975,0.1348700396495104,-0.3012596985029609,0.3207169667792892,0.9007598191058782,0.0218090025715384,-0.2878203317036062,0.4259811766150449,-0.1983368955970668,0.4547550262011711,0.4019404931471336
TCGA-28-5207,-0.4567962248510844,0.0305196014141569,-0.3681386315740747,-0.0285596787899589,-0.3528675253115908,-2.106936556337142,-0.6372225958152569,-0.1057998501641816,-0.3276257260240282,-0.427884031824411,0.487962527287357,0.3303252583715105,-0.0839535645620504,-0.2606694338822983,-1.3919002739243678,1.120368157996592,-0.9109550186986332,-0.313222282144652,-0.9330318229954508,-0.9142642524180942,-0.291652944213585,-0.4960939775025537,0.7036353955236267,0.3827449042845254,0.0533359310900887,-1.2173982193365844,-0.1413035914282152,-1.1477407288392083,0.863187782381498,-0.2909805000657501,-0.0054499118432802,1.2906627723592343,-0.8154171956679708,-0.2840716076086672,-0.8862729374686522,-0.9291307814096628,0.634449363206301,0.0991185035605508,1.224254755346766,-0.1310347929029384
TCGA-06-2558,-0.3583410321718387,-0.4616733812903068,-0.0960860329200043,0.4845746080671637,-0.4402188150238788,-0.4405892687370694,-0.0195267286134301,-0.1541630362650112,0.5854802046179646,-0.1797389540468304,-0.4900092545825322,0.0836041568254229,0.4527812024475828,0.6704448221572608,-0.1440541190161254,0.7664654475375564,-0.2263888393502461,-0.5656060202178255,-0.3811407060537645,-0.5254360536936015,-1.0633635505167487,-0.9826737336953844,0.2876408328317011,0.3034738856798054,0.6288836927308972,0.4800453019514472,0.7025808883074897,0.0161302511406412,0.7465203926626541,0.1801093577904172,-0.5580468693834048,0.4347413136081275,-0.5724220086077637,-0.1236959267075851,-0.8693689094278234,-0.1305190223100357,0.0694282234807614,0.0684902969279109,0.6618987306524394,-0.5777479838796507
TCGA-06-0644,1.3220925409295794,1.7204503929447108,1.741072304449078,1.170185115077843,1.7303583106943377,2.021971992196256,1.036288500567548,0.5256055743462004,0.5892121656063406,2.315443279817553,1.5015084448115783,0.95806102578491,0.3166117626869655,0.7495410534552756,2.353226370877068,-0.1122463536550739,0.9971832359467716,1.6930328169052224,1.0493947789764186,1.4874050654186173,-0.0423377823169099,0.538499593590004,-1.896142600393842,1.4502296312956766,0.4498636814861483,2.4159966311805565,0.9087232246126894,1.303356535148483,0.7874413488229197,0.271926092959496,0.948881397009406,1.009404008125441,1.3865958810919186,1.5431328863198732,1.0800265275404346,2.1205060289482334,1.3340649142316838,-0.2646513298846191,0.8725799678205047,1.0482913265680085
TCGA-06-2562,0.1889626242855373,1.0294605004821402,1.4607201742358722,1.49914049886038,1.118130096230127,0.5397226221201045,0.3833418692345586,-0.6809886952061609,-0.9480233032339066,1.052543810927982,1.002724851708578,0.1881674478246688,-0.5273735931215778,-0.7965341625264823,0.4338101345842733,0.8321668100742106,0.7496921793622868,0.884677795051896,0.5914057230196016,0.7953309840174823,-0.4088757381000558,-0.1314467148650717,-0.3696857904750085,1.0471395099169174,-0.1158622473150805,0.4820454911673369,-0.7141993287592489,-0.2574892747021415,0.6918892953950619,-0.5548526757769815,0.96849072276064,0.4006632613905757,0.4190373095423956,1.5058813540137617,1.1544474692166418,0.2101392678342765,1.278991307962124,0.2038113504028083,0.34157767726092,0.2138059180137469
TCGA-06-2570,0.0239591792315244,-0.2877416634843736,-0.8369417323928731,0.5533755237111829,-0.7196223673006192,-0.9030629024868224,-0.2765822026040684,-0.6466282873627353,0.1000559500113711,-0.7438068881221305,-0.3871298603937549,-1.216465271341312,-0.7118234639284439,0.464122771956623,-1.0265559207402266,1.8578907669202176,-0.0698216115556061,-0.5083608169007224,-0.0518521649060687,-0.2343976579183332,-0.9737362802301136,-0.6621167407195674,-0.2135763502744744,0.2139417812327081,0.9762691169180736,-0.6644129915377307,0.0529664952990845,0.151260208731164,1.1796971766737747,-0.78872265278469,-0.427031196291716,-0.1419213406162599,-1.1452003454825577,0.0665068021632925,-0.4319509856430732,-0.2853003281357661,0.1752229534934829,-0.799892960015775,1.5622301086123194,-0.8827143538498327
TCGA-06-2559,-0.2838811985667355,0.9382223353904416,0.7784250377137625,0.4947451565524706,0.0603234030201063,0.0202491515068117,-0.1955698244054069,-0.3670460502082729,1.25020468511283,0.3515749067129799,0.0652460085377564,-0.1547420229190655,-1.2491921578840472,1.44857818927019,0.2374250108040413,0.8272197546830455,1.0814932422982,-0.0949742912401628,-0.1014743334685636,-0.2582184026373338,-0.6788238640296734,-0.584885682480805,-0.2544155446883084,0.0438410381585749,1.7116383734609435,1.0460636025802603,0.5334060256616817,-0.011374332719313,0.0811949663449572,-1.059014075459283,-0.1487452065992109,0.1453131265546836,-0.7197960993739286,-0.0622332044363665,0.1455098993490685,0.546533022561434,0.8360774643874027,0.4278812968071138,0.5222838135120614,-1.0341733638223702
TCGA-26-5132,-0.1934518435061118,-0.430033266081619,0.1676247660102821,0.3908925648502753,0.1644694337142828,0.8944436561204753,0.0067494354651124,0.5675767817753197,1.100616603876661,0.136100416344864,-0.2690754623309378,0.6605310988451921,-0.1555505550666201,1.0196977055795629,0.82775529744515,-0.4460870811443237,0.8222251264702855,0.1039217647008632,-0.173153053528818,-0.4449416484099781,0.4797577274192159,0.0563083283125356,0.1931179199022974,-1.130270905077459,1.1068950997017877,0.5933975328909763,0.4023804530704897,0.6157811888445763,0.2430147499023999,-0.5809532006789266,0.6246313288004758,-0.5495677271667642,0.259159257542677,0.2450104230428488,0.114428471257673,0.5472750236364478,-0.0741953027046611,1.0509292575633638,0.655269325938027,0.5463557482671552
TCGA-12-5299,0.0664563298241866,0.1673103957377766,0.4453130981675099,-0.2071372649915744,0.6315086576587319,0.5474227516285306,0.3540297156083841,0.7227701122542523,0.1614616129649325,0.3777570953244005,0.6623076687207629,0.8474974518313853,0.3107588092566186,0.1273477926348946,0.8937958580979053,1.0245580693931458,0.7783057117497645,0.3776111081141345,0.3592186709508364,0.3700029189234683,0.8105859360858152,0.6668728313120592,-0.1722451530584081,0.278873118176514,-0.2556474064044479,0.8549180087648394,0.5676456445955771,0.3508575004186035,0.863506564051706,0.7236414470591411,0.4660999567788582,1.1057375243079492,0.3345797145559039,0.599759365039691,0.6816561066474327,0.8716133892777177,0.1381694696292447,1.1728200946465388,0.1082117875076055,0.351645447246057
TCGA-06-0743,-0.2556354730941065,-2.384396149321502,-0.1942303151347883,-0.0177119319842459,-0.671767531773358,0.188507124845721,-0.7243262642633965,0.4179751668620198,-0.5703602784133054,-0.1605348628467519,-1.482702487168742,-0.7420390334215684,-0.091343021382085,-0.7764763059103397,-0.8889819435999893,-0.8997674930285618,-0.7520831940606326,-0.7772615296178029,-0.4784938025957016,-0.6398736676249918,-0.330913566376414,-0.3836747600823866,0.0356817079667808,-0.7273993198585672,-0.724968319045342,-0.8598167237742375,-0.4656531487047325,-0.3470283468609446,0.4814249825853614,0.3912497739036864,-0.5145404806616622,-0.8873058245251777,-0.2036730167974254,-0.7571494645121192,-0.7608132829209758,-0.7523074032145777,-0.865884901872781,-0.4446120078955782,0.1343607119615341,0.0874552091736663
TCGA-41-2572,0.0209551341660554,-0.5739887487118323,0.5675203857576774,0.0025217989107832,0.154581811121218,1.5092944766691982,-0.0469792017639322,0.5949169673677859,-0.1062128439370139,0.0852526682527492,-0.5203576802823026,-0.2224756430282244,0.5096894207541187,-0.4447715620498175,0.2821922314324801,-0.9672480547182122,-0.0948043442906288,0.1060706462059972,0.3592286372878902,0.0165784818657697,1.2998090001133715,0.964545365476154,-0.1557940831497334,-0.6276121972502167,-0.6988928982229128,0.4892101816809149,0.1850338016799977,0.6651439223212663,0.0925340981863404,1.1046636980528823,0.279619667857333,0.0170195253628088,0.1818873597521966,-0.6854307775521338,-0.0628386205389904,0.8311577115963538,-0.854892744325591,0.4468608850557912,-0.7789980678301542,0.3110117114706904
TCGA-06-0744,-0.7537048670106047,-2.212110815364071,-0.3445276854884094,-0.0966061840716865,-0.4389993569847891,0.0035907806989329,-1.1754750055824843,1.1423048853339746,0.467171112706333,-0.5374389035896646,-1.3472155439236708,-1.2722778296595696,-0.5296634213611863,0.4328768635650961,-1.530110727987979,-0.1480574606648924,-1.2241763957667933,-0.6420039912894101,-0.8951171881204155,-1.1103929461990325,-0.5206765483413753,-0.6982669134587872,-0.2140255229343994,-1.1882914312385957,-0.0332085644512048,-1.1295286380581373,0.896752986473579,0.6325248048884121,1.0850764666088386,0.6749104448755944,-0.5853989259270863,-0.5500349636393836,-0.3900788375476822,-0.1048833539886874,-0.8247927434360075,-0.1541535705501915,-1.1572756059427376,-0.2313143145252472,0.6835042934478249,-0.3895967276320869
TCGA-06-0130,2.774347155203341,0.6020923643888817,0.6560624457890172,1.044375151106243,1.84523159910486,-0.9796540187243316,1.5534088654531946,0.5979396395819655,0.6484794484650226,1.8652251615619384,-0.3064120724280225,-0.0607230732105335,0.0086743725719205,0.6520193474017786,0.82587466905912,-1.0583163976485976,0.2014999186593481,1.903966688644685,2.1498678472982173,2.147570964586862,2.039547049131216,2.379420062752496,-1.9206287322646416,1.2803870122306376,0.4588639605410576,0.5064025078256642,0.8124608370547377,0.6392008359563333,-0.3627830751354639,-0.4499184021542492,1.2006562254356872,1.1398228581369478,1.3797133516522193,1.82967220163482,1.6631746257595563,1.2962473976157975,1.3575829871094998,-0.5021320880032659,-0.6828041581134588,0.4042965954877763
TCGA-06-0749,-0.2056081509908595,-1.5781914655387814,-1.63966475894483,-0.7023623685608672,-0.704198740633323,-0.1127637342346382,0.2015730870404469,-0.0493578273219341,-1.7344837483574602,-1.4250897232895987,-1.0216345107513554,-0.0011819433612224,0.9623479475938956,-2.092590740063977,-1.0154145297870651,-0.5060200257197701,-0.5137385365468693,-0.510772067482984,-0.7810941966230436,-0.2913563247090122,0.0135242400205253,-0.2223028319767102,2.2220779718539494,-0.2737999308092806,-1.8478055677653635,-1.2644183492431125,-0.946602230087999,-1.6329999556946733,-0.6758217946704863,1.2399692765859145,0.3774622007023018,-1.884520577353848,0.880347323491994,-0.9353645068744408,-0.4477167430796588,-1.3283870199196604,-1.53147607242113,1.5449922135447145,-1.386906757139609,1.0074575536325172
TCGA-06-1804,-1.1707873036463088,-1.789994996982654,-1.436178590532189,-0.2301062305138331,-1.6827219953108183,-2.6619134463052,-1.135780979555856,-0.4665181780360967,-0.1111366032497261,-0.9971625765698708,-0.7978241763318435,-1.1251527755291737,-0.8573646447316958,-0.2442651721525653,-1.7215802087226304,-0.1217429273281511,-1.966626957366325,-1.2488658581034562,-1.0176656601168246,-1.2704938973626807,0.5477095554086654,-0.1192223122266861,1.227320280185322,-1.3810779339714392,0.6618937434604175,-2.4957128004682474,-1.3840849463066094,-0.8099232152821927,0.363866201623326,-2.1998906352510166,-1.9574459334124363,-0.8624591670897981,-1.963254031956794,-1.4262203775406976,-1.849832722501505,-2.2676859440201,-0.4999040285304491,-1.7491007559324014,0.2285342265885829,-1.4927729819883413
TCGA-19-2629,0.1717640383690367,-0.5089090813191876,-1.0822538489855449,-0.3531395322030418,-0.0460640075370126,-1.3313373311794308,-0.3735835974301962,0.2484662362609808,0.1745135001606935,-0.8707299345264427,-0.1550379472625958,-0.6946040721945549,-0.9947399581529128,0.1820340750553814,-1.0271703890713668,0.3891610386399277,-0.7149785790327577,-0.3403774333228921,-0.4338148875382664,-0.1902983834650819,1.0155914792172531,0.5074677255169172,0.2354596480573677,-0.483330473572661,0.4349561001886529,-0.7004050601291356,0.0600594812768915,0.7284507451240865,-0.3427107193746952,-0.3306676447809559,0.0928909649734767,0.8267065193044022,-0.1459707991903927,-0.5675463527518845,-0.3910267966332677,1.0632256613512343,-0.6200992363793649,-0.6915554679184248,1.02931958847626,-0.0719633369186324
TCGA-06-5414,0.7470722785532931,1.0455125220468735,0.3970949237236815,-0.0011848087234616,0.5333943394380821,1.252295359276719,0.8251453473391441,-0.2265989396945504,-0.3308129533399246,-0.0322794941894911,0.1506167862599399,-0.492684319028928,-0.2422294738325394,-0.2517932444262647,-0.3228137362363925,-0.9145484586589367,0.246639811276943,0.9699705522542365,0.925962076678268,0.8525845155522458,0.9077629286549714,1.076283871522441,-0.5941275627352458,0.3705899965626218,0.2676166712169588,0.1484926088417988,-0.0221866317881059,0.2700999430390166,0.5919158215373439,-0.18111950746798,0.1401316073490401,0.7583069172813881,0.0405765525666021,0.8727887360768638,0.9338648164846982,-0.0428668126732093,-0.0026160156468883,-0.3430461890402083,-0.2406330486522847,0.0451071779713496
TCGA-06-5408,-0.148641942137377,0.378988265175079,0.4003547855863069,-0.0278953362670602,0.4399042877613711,0.2585242932591733,-0.1177931382710402,0.5469083397103519,0.4321983838577808,0.2210596694632367,0.1091190675646785,0.3175944015625246,-0.8423576522215529,0.5364616475254602,0.0699981386027409,1.6662013913098184,0.2499270466489298,-0.1299556074853006,0.1026254517508282,-0.0174574438933159,0.9189552465529284,0.7285374298928428,0.0839969946238043,-0.135386869002724,0.2337276909110925,0.1875289210434269,0.4380141926433872,0.3428114707774131,1.0838865664611543,-0.6623083023647135,0.0902233215176825,1.4061807117392433,-0.7423600767291457,0.2672811942470126,0.5880040024161142,0.8059678106126316,0.7163482183732222,0.5631633883041558,0.7055566774857366,-0.4846507642996852
TCGA-06-2569,-2.0598876906604797,1.135543993938566,-0.0702848632912125,-0.1934298868590136,-1.1346959613019825,-1.2165007442865547,-2.72483064628281,0.3816617686558912,1.119690179601807,0.5392748575230079,-0.4439214873227864,-2.63255953921682,-0.9841315892379592,1.3299934001304974,-0.7556738308921701,-0.6064357028410104,-1.539423056293592,-1.037234946081855,-1.9779827119728648,-2.1076240898576266,-2.005642916588942,-1.8624380510678007,-1.0438716780594404,-2.240432951380924,1.1640652807429035,-1.1040212829211389,0.7338923469509706,2.311097534654331,-0.6491575994588966,-0.9080935798491324,-2.527001382508508,-1.5543783031565694,-1.9457312847602013,0.92444514944254,-1.1889511157613233,0.8663763719215722,1.194535858760486,-3.046097642852089,1.900373292943752,-1.7599625186545642
TCGA-26-5133,-1.0861070994224609,-0.841701782438401,-0.6266463510908495,-1.286259621688106,-0.6768847657940483,-0.5861967687759435,-1.4824719645873965,0.4476608081629016,0.535534008424948,-0.7044292713982783,-0.3770219774897546,-1.850437836072207,-0.7575248430146729,0.7383455663039278,-0.9212623139097568,0.4608166619793241,-1.2574305917670463,-1.0332880271464402,-1.063734774020346,-1.224810895979545,-1.22413673457108,-1.3424250696578213,-0.998706836423891,-1.054379109124559,0.1370457037074985,0.1264053405050066,0.9027944286241244,2.2359369535345537,0.4069380042710144,0.3429495664657067,-0.4236457673005408,-0.5118596612038773,-0.5927296575981388,-0.5662323905067143,-0.7780416606777477,1.3497718029664154,-0.4995375370183583,-1.3089293231482486,2.1595369333985066,-0.4667702855492813
TCGA-32-2632,0.9400839647268924,0.0975116293280593,-0.1518041797484418,0.3714174660764585,0.6121316970257055,-0.1333265454307815,0.7073821236230357,0.9168955791372642,0.5334796605156429,0.0963626407890892,1.3755532650631974,1.8262161466741544,0.4451068830097607,0.1470181213874933,0.466438768051384,-1.0239153343131702,-0.2062065164647691,1.0472800910935474,0.6284712071830498,0.7023872854564494,1.2177236051442044,1.2446124741372326,0.2408857786491101,0.2839647066511725,-0.2853468642760213,0.2172179396815634,0.4724260485021144,0.1443364386417301,0.0399598704468298,0.3768978880891523,1.33470093160708,0.0417336325639826,0.3628471876885569,-0.1110246834569257,-0.0433483412415213,0.0043843883213879,0.2017156889354227,1.065187769709382,-0.5081937328955021,0.6262430168843018
TCGA-76-4925,-1.097182096229265,-0.2739177055929746,0.3535627808842536,-1.1330081347490155,-0.0812634154939348,-0.2246105367850085,-1.1121797460079184,0.5084780953035251,1.4036584657327562,-0.0328425300665408,0.084409683584633,-0.3085144581129057,-0.2752118631321815,1.4908852035762985,0.7433055644831887,-0.815139472944365,0.1984192458111835,-0.7529580250721224,-0.5813732872256883,-0.8729486407770094,-1.0221305349866987,-1.0778895158024422,-0.8708920021456131,-1.1046234178592569,1.1140664583088875,0.498056469199412,0.7187078210588976,1.155076402862929,0.4448155662014726,-0.0097666251991745,-0.7467773309069217,-0.4017337173555491,0.0539395392147116,-0.040811936665585,-0.0769217565249593,0.3561725807064044,-0.2115397311291869,-0.5039611008922564,-0.4810145499710167,-0.6551996243864038
TCGA-19-4065,1.1671901176564288,1.0583693008352582,0.9122522594690092,-0.6283253227777461,1.047187801192236,0.1130567434003831,1.2731560577022694,0.5261745694548412,0.1535639159074781,0.6540024276213515,-0.158083628503254,0.8942257848997266,0.2405882580057907,0.1364594805055392,1.1844946263804288,-0.1475564906577019,1.2565901898881953,0.9702605575664462,0.9790706332711008,1.055096711997853,0.4994440004355244,0.8794552409622264,-1.1709963859868129,0.9398005866891866,0.0557770439625574,1.3531940115919705,0.8447513977042729,0.1692472980612839,-0.3810872300463437,0.8625856368354109,0.6879504416672728,0.0905795033347824,0.9770545884244226,0.6671283887288149,1.0092167243240933,1.295589338599501,0.2815948470153451,-0.1270637454173379,-1.5972771622433328,0.4445893547102518
TCGA-06-0745,0.0048848273315932,-1.5317660798532204,0.782295003273806,0.4897851599912811,0.3818664063849979,-0.024063623324689,0.0323401493962092,1.3298592262406723,0.7497058898938667,0.0892809178384822,-0.6851536739381572,0.1143023268798786,-0.0635140835515228,0.4272014178719466,1.005169144092421,-0.3067392779212897,0.7178957320270819,-0.01120417283971,0.0268076652014862,-0.2234477903775581,-0.702646143563628,-0.5689607841261115,-0.3134866345734403,0.1077926467664426,-0.4618671733740409,0.3031505932464031,0.5936966531594358,-0.0882356632269265,0.3870841242260899,1.1142618037672545,0.7589143480986518,-0.0615724248827059,0.7505926820032384,-0.7430054305309283,0.0073898772833463,0.5415038263377109,-1.4843329562768182,1.3589833788080112,0.3477666060767077,0.2414511234774163
TCGA-27-2519,0.8110309357257428,-0.0568133098049866,-0.3321765398092444,0.2267986412091252,0.2896289110042563,-0.2894093904880092,0.9754666517746812,-0.02282330556328,-0.1415071003510405,-0.1037398874872095,0.0472424146232345,0.3403492040541483,0.3715307461259335,-0.3303098682485565,0.0938596026320922,-0.1542796542374967,-0.0740801498891251,0.4130041339152575,0.7335437480674909,0.5234560336440185,0.6539701965724235,0.8457681963562016,-0.2987195254442154,0.5380468477111247,-0.5077807644926896,0.3408143413766858,0.1037768564098781,0.1171104015073475,-0.085106503661122,-0.0438711758525769,0.1277087912587797,0.1072478715925556,0.1500226423516309,-0.3086177958527685,0.3020232088616732,-0.0077570399492225,-0.3824270771451814,0.4914995396034231,-0.5993686127631052,0.6734611540035769
TCGA-14-0790,-1.2017969226607557,-1.239222316082427,-0.3764741504686402,-0.6159217518230783,-1.3897585265013506,-0.0377643285216478,-0.96553767822366,0.3163155938391333,0.2701171110747846,-0.739943255698464,-1.185126154058612,-1.3504485988360193,1.0943200849502432,0.3323032709624547,-1.1151498281799224,-0.5462222059489751,-1.7592561763615395,-0.9451584613096656,-1.064770247815503,-1.270041801186227,0.8618220670563342,0.1027819480114631,0.1324944906872147,-1.567953613101659,-0.1176624162020455,-0.9770780263247733,0.4695069384862474,0.5749137036889526,0.6014764407728862,0.6576997847407822,-1.4018422040553185,-0.036481585027354,-2.294025888781037,-1.349728510323812,-1.5893768730196556,-0.5998557229760264,-0.7060494258191138,-0.753153332352597,0.3359532877115165,-0.696166902525828
TCGA-14-1829,0.6135099793817602,-0.7397521674966795,0.2882389193254522,-3.163744460594558,0.1168836240640175,0.1467577344863032,0.5235288212948792,1.5705955052543787,0.0104583129976472,-0.0385090126641037,-2.510142243152204,-0.015247925829077,2.3310147139580915,-0.783676754883792,0.7111570673218979,-3.180862019715623,0.2183224723363798,0.1773290489912778,0.1796696558226453,0.1998724052849504,0.1684924781388642,0.4054959530335831,-1.356603268128769,0.8337992922856218,-3.0942944739466376,1.245670875579124,0.6488373322636819,-0.6676689139835408,-2.7576172523813245,2.298028819277224,0.3882696917635539,-0.8690272414727276,0.335923108093327,-1.751938598179559,-0.3415768825784675,0.1780171405856011,-1.664480651117667,-0.0437944751346483,-3.421582162633705,1.3664348718120427
TCGA-28-2514,-0.8680545579568415,0.7493602962189166,-0.0675461233117774,0.8737669699922123,-0.4819380091111263,0.5928286538886002,-0.5329121150833456,-1.3753226045342974,-0.4105724160253781,-0.0829055463850864,0.4604888656171527,-0.5237764030417656,-0.973721434190208,-0.0914235379172087,-0.7160338374972296,0.9070358203899768,0.1432991329279624,-0.4288980137707274,-0.5274042479215213,-0.4857500715752905,-0.5872432885199446,-0.7655588078585077,1.0693984324427876,-0.1270981009643611,0.8616896200184941,-0.1875875727586105,-0.7699361924344247,-1.1571618869538312,0.3324734682442294,-0.6450845093922052,-0.7247880345538152,1.0489758653399694,-0.3356734463844554,0.0630934895518759,-0.2103207946982974,-1.0470200300518762,0.7679025413645711,0.4743064612051589,0.1143814804846236,-0.6633327045461967
TCGA-06-0878,1.039533171248139,1.4417533662757382,1.218041918889238,0.9537246910850048,0.8635500077514254,-0.013467074266095,1.1362706124087392,-0.507854081617501,-0.09443927250735,0.8973618690964938,0.7032657722579396,-0.0037885547930645,-0.6187101523764374,-0.0569547694656007,0.6256356136712542,0.5220176642433233,1.266282846010748,1.1091229173814343,1.1133087321018913,1.0109043859368916,0.0993014270949327,0.6030987931710826,-1.1521164687964118,1.1141293516499802,0.3283949403800069,0.7031059591322111,-0.4256439003283978,-0.8725612889156298,0.932378359967553,-0.807105934813587,0.8529748790487659,1.134929206982718,0.6100613102253876,1.3845219241147844,1.5143397300777437,0.4161641338983381,1.0005344453564708,-0.0735848521677958,-0.2619117315189526,0.2416947443431243
TCGA-06-5859,0.1584768985352658,0.4078371170352586,-1.5794575523810133,-0.9730315930621248,-0.1328439602846621,-1.0605261326978466,-0.2213047880932928,-0.0477282446090274,0.6436512787825971,-1.0482448826506212,-0.0163902867975475,0.233339435182323,1.093705561456285,0.4999300502960965,-0.4349376596749083,-0.1670587943071,-1.0942606684433112,-0.4841874331793748,-0.1361583453290807,-0.0051834755196968,0.7891148511449816,0.44362113120089,-0.2763317498361405,-0.2044398386486257,0.4609509703285033,0.2079228629685128,-0.1312161758190277,-0.6535489770630716,-0.2833061354849617,0.2676856393594209,0.318576812407333,1.2233816728329734,-0.4818186238620423,-1.1221169395402155,-0.0341756891117754,-0.1463117609658359,-0.9680526956393916,0.4402443955360608,0.1137537890050922,-0.332553296221827
TCGA-19-2624,-1.786025214329041,-0.9436356346444358,0.1867264913618863,-0.3120776458995149,-1.102425598005851,0.2811553623390524,-1.554171873876403,0.1056248155855273,1.4331804331939295,-0.8179241042247536,-0.4902536714176396,-0.6502419661608251,-1.7074173683521114,1.6183855925500552,-0.8314387306513118,1.258258207554284,-0.7024092265537313,-1.337398710553243,-1.5873479033482876,-1.57217486047104,-1.4132712535135334,-1.513676412267044,0.6360393335643422,-1.2593879479665324,1.4380530060377208,-0.3903049385551008,0.109806857595065,-0.0663828868443062,-0.4470998908370764,-0.9593575140550764,-0.7703233797854733,-1.7586743084707364,-2.0012234259580954,-0.9397135515980254,-0.480747849975143,-0.8293270468130227,-0.7017405821254107,-0.2110161037800743,-0.0310653471082851,-1.4861882568967677
TCGA-02-0055,1.9619139009697049,3.4094645580739336,1.4558732176422124,1.7160679879825915,2.576545298865225,1.648172683713631,1.8121050938596184,0.2445914680937784,-0.2440011181591679,2.8542183088268773,2.9220998451934683,2.5496751492023395,0.7439388987884027,-0.2279305194540356,2.1170783304862733,-0.90353052248268,1.9631673106778305,2.650287380441367,2.080735835001499,2.492075184864837,0.3904698227037256,1.217732801102126,-1.1948002586604598,2.256113847609536,-0.567934095891466,1.9606203141090823,0.9238422759118452,1.3843034884596264,-0.3114035821959572,0.5349651369761645,1.984120309124524,-0.4271316439967348,2.44641811067047,2.139691712982141,3.378618154259939,2.9408292969700995,1.9606429165122516,3.0817049644811743,-0.5094351370993586,1.960451672764365
TCGA-06-5416,-1.3131875004850215,-0.0722245106261067,-0.8162597767634527,-0.9192894409917636,-0.4724208537071188,-0.2728899723962393,-1.3857520556829117,0.9329386269999496,1.3290451945873147,-0.3557691231815104,-0.4849769443152428,0.4873902271714571,0.4007254970510486,1.2177412887875734,0.6465692833788026,0.7283812059299132,-0.3344990638540646,-1.1137158943626542,-1.0757467772036764,-1.611450498328021,-1.322006366929817,-1.2942695918238194,-1.4102867405807031,-0.9550707018634778,0.4245762363324523,0.7223227648710606,1.456201004657424,1.1104397056514927,-1.2180376033236762,1.023870841912942,-1.2169914911344817,-0.1704337960817238,0.3961363039538205,-0.8400483755072065,-0.8956466211199798,1.2543926533923375,-0.911126595555707,0.1491629577602321,-0.7834049466766743,-0.453513741459785
TCGA-27-1837,0.0094422479990301,-0.3220396839155122,0.1887045180986409,0.6308048934276612,-0.2446261544429768,1.549157302559053,-0.0305829531493542,-0.1951413875188881,0.0902436588509747,-0.3395071419413703,0.051483853796481,-0.1932957193826126,-0.5817080715626682,0.3766470827906857,-0.7481841923947595,0.9461131410380428,-0.9236206738532092,-0.3977960212171662,0.2170456008792587,-0.2513422994750972,1.320301420909905,0.858095677534336,0.5132019450203884,-0.2991659892494745,0.5571709930904671,-0.2065138132997076,-0.3104879763549219,0.028232153322798,0.850640375160699,-0.8154004091901912,-0.221776467041876,-0.2047061345818965,-0.8748664814913911,-0.0344880761438733,-0.5809058880880189,-0.8843283743613618,-1.0473126311324197,0.1743585018736105,0.4721556751526094,-0.4908604700556787
TCGA-06-0132,1.170949487458802,0.8035653326293632,0.1208581875007896,0.3346179750580801,0.0503331155049424,0.0220403923465467,1.5987383117631415,-1.2839330519993912,-2.207254292226829,0.2387428597690881,0.5384492257000307,0.7279045617966937,1.441076963877412,-2.20042758791147,-0.1050578349396576,0.1783816306544353,0.4714582688348537,0.7243579980851084,0.8732341929437235,1.066052683394848,0.1802128262360344,0.5585106219452945,1.4302752527128906,1.3558640173014789,-1.4996618346082964,-0.1556448133336529,-1.3915863591550963,-2.316842872126561,-1.486362515766491,1.0107300604924978,0.6156644078213424,0.4558008032591825,1.4379516457830874,-0.2425565674184618,0.2621067824387278,-0.5990938158037897,0.459067740234,1.3333971067771102,-1.797668274066862,1.3574182231890004
TCGA-06-5858,-0.1650698754114971,1.6601129265961587,0.2718608900583187,0.1963260139499007,-0.217544741034687,0.9308789468108656,0.1122571053267446,-0.7196634884865547,0.8684010842873024,0.1193288775851386,0.2137696094195225,-0.0099515042184482,0.2800873334070865,1.033717566731044,1.1186487391184297,0.1350283894637507,0.4789232334776049,0.0144603973041599,0.0063189171505867,-0.1417810490284115,-0.109781529615756,-0.2333952165938595,-0.7368068199162126,-0.3161239151582544,1.5882631493745316,1.374768756925343,0.1231767894340032,-0.0029943501822108,-0.1140396951406325,-0.9994411875358624,-0.5055986841256404,0.1475484697184708,-0.5036506478553306,0.6164866933948145,-0.4203543143862762,0.6043491737626903,0.9084846471670696,-1.1596827348041014,-0.2738277640272664,-0.2630105791758491
TCGA-27-2521,-1.5933433587171588,-1.3258745788762456,-1.134776713781974,-1.2570455746472002,-1.2215947908634677,-1.1573345231652274,-1.851859681498388,0.7176175425337574,0.6234242626251801,-0.8923600686908181,-0.5007700786855516,-0.7873735762891942,-0.2148582730392439,0.7029008449933973,-0.7409977637257058,0.2941060985649407,-0.9442263690566084,-1.4165980089089054,-1.5620681176422535,-1.6301876781840248,-1.708054308281549,-1.889663165477268,-0.6268975719779761,-1.250214690457396,-0.1859231017405585,-0.5407152382720959,1.0733228345307428,1.612907598990492,1.712888406583675,0.6232384061496727,-1.0939216955595066,-1.338777292255548,-0.3240446332040502,-0.6652184779659667,-1.4521625503046154,1.086101130439648,-1.3939449221438869,-0.8368707109021295,1.8092471339386589,-0.6241086028136358
TCGA-14-0871,-1.817313020503107,0.2493029379882606,-1.0442748847877683,-2.365891443742057,-1.4629534193094649,-2.9066020725567934,-2.874123270667952,0.3840784901052668,1.5500729750447368,0.2138825745294597,-1.9898497179937709,-2.271231682392276,-2.0020872763557374,1.839496543760094,0.4438075311470411,-1.0032617994037418,-1.6122186093215451,-1.2646315331708653,-1.567757362914913,-2.058471263394982,-1.0623775718610071,-1.5507778387834574,-1.1207978478369105,-2.3712551091838567,1.4150801646617504,-0.7533641484751749,2.002204270016278,3.7121906669571967,-0.6826615260810052,-0.7732637785719617,-3.190469940124621,-1.6831960188683042,-2.154826238097824,0.9071807367556808,-1.8170298761988424,1.8491899606988376,0.1742562225688723,-3.3411446462266734,1.347338042024794,-2.412018089978143
TCGA-32-2638,0.7071088027475385,0.3203511882238724,0.8597789014194219,1.0041534737482976,0.5461701043760754,-0.2975874881564792,0.5503423035973896,-0.591568711506779,-0.6076384051088354,0.8386084488905758,0.3012450747008871,-0.5845664240140704,-1.0725639930511612,-0.5131844047870925,-0.4781532701273012,0.8671557317070745,0.3739244251600052,0.5162959526672718,1.0017841517178,0.8887749666677828,1.444076666662515,1.3566237975230333,0.0484083088089808,0.3815535703375602,0.1356256181215567,-0.7603986106958774,-0.7726817961495023,-0.4402392935508512,1.2649218443328916,-0.8855497284348752,0.3928495619018692,0.6483620726891398,0.1960554986778796,1.0308708074340052,0.8619587454246359,0.1222870250073091,0.8151709867526596,0.0467334098301948,0.6740420282284667,-0.0197445496165314
TCGA-28-2510,-1.0240276920033882,0.1594779522518345,-0.0213998737158396,1.4061652695938334,-0.9551178968892656,-0.252798255433836,-0.3458391535789409,-1.823218384383669,-1.258746771084232,-0.0078962605586886,0.8935183880943349,0.2241171014470825,0.365075911589993,-1.08964358385693,-0.9408411392613336,0.8498713754135979,-0.6644461631300627,-0.980287156749043,-0.9400862177817768,-0.6477477709437687,-1.285810584415729,-1.3742832996131211,2.1567656497330314,-0.2844863022593104,0.0899159436568004,-1.0560397821360583,-1.701172468847564,-1.8051610562651008,-1.5622627496550434,0.069543012205094,-0.723251340363167,-0.6605357214303129,0.0940746267486738,-1.2545005302617276,-0.9119736248386366,-1.8366732107570651,0.831169995013907,0.5233648051670229,-0.8011444119732488,-0.0837676148668031
TCGA-26-1442,-1.218684082789483,-0.3359659988718265,-1.7606021173955395,-0.5183812992065648,-1.88183430514518,-1.6930719527287756,-1.7447410024119083,-1.5075073762071185,-1.963180457292848,-1.63998664206641,0.2620488300114806,-1.8188757370668531,-0.5793760687924561,-1.787258228524662,-2.064783478236889,1.371292896938365,-1.6060615779007266,-1.1266103413807396,-1.205503972225246,-1.4549698481333373,-0.775808072372868,-1.126462381307803,0.3074777206799289,-1.2977950156584417,-0.492115921810977,-1.9743056834693395,-1.310502670347207,-1.0265326992900217,0.0341002027108248,-0.2114622861288062,-1.0768765597882723,-1.0437625893020632,-0.6012020359561472,-0.8049500447586526,-1.5713665152570515,-0.6362673416235815,-0.6525038776608106,-1.9783595933774407,0.8835897691972661,-0.3910330712257436
TCGA-06-5410,2.291303104840668,1.277080807750211,1.2211509375808678,0.8458401796889597,1.8555273169785151,0.96324637120401,2.4736810015031723,-0.326120745825658,-1.262777839631379,1.2144739445343609,0.872736086138821,1.434050527690659,2.00588062651511,-1.2318734098592985,1.295427935938113,-1.0319892451949388,1.5921071715931885,2.353958915976233,2.4348176324125586,2.6446922380018054,0.7194175547706024,1.4683929823787545,-1.3095567953667513,2.679657223337925,-0.9573672335391842,0.9949176818269784,-0.608552143462373,-0.9759064060211216,-0.2327121748513582,0.7577741807900588,1.5767008616202358,0.8847143506661912,2.1233283576123068,1.427349308851363,2.1175610814445327,0.1160901650983559,0.6481621650294892,1.2817395025237086,-0.6358025563156777,2.2800931331246543
TCGA-41-5651,-1.3885025595036935,-0.8750667396217403,-1.13996717670984,-0.2397394018242992,-1.2547855386858924,-0.7448017953115673,-1.449167024006589,0.0580557759044202,1.3549292215956394,-0.959250642400369,-0.2325238075660813,-1.102037441828882,-1.1407211767454688,1.6109910962322338,-0.4129348634102523,1.8993031454554992,-0.7430573677316623,-1.3880594959136576,-1.6727185456200988,-1.6131332025527891,-2.0608549597716035,-1.9434351635867395,0.7633612882341915,-0.6288742192206965,1.140699392230106,-0.1594504443553129,1.044135257664232,1.5227387854045498,0.3679018025021312,-0.8677659910085673,-1.4991336713562482,-0.992415907850067,-0.9048367078935644,-0.5004447354724554,-1.3593928741355683,0.0545255906448088,-0.2015070928640124,-0.1858519835782511,1.8616609023127069,-1.2459049824046604
TCGA-06-2564,-0.1118208834298717,0.6138581485925152,0.4620213699446761,0.451584199601129,-0.0537619525355774,-0.9961131881368618,0.2107571370302884,-0.9449722174889392,-0.2584403654166761,0.1076616946450977,-0.1200362067739179,-0.8978864724649842,-0.6776110249345109,-0.1514858501173675,-0.3392743794734112,0.8543608299718249,-0.0385177815632201,0.3197581926986034,0.0445371262386268,-0.0056076337788437,-0.5151488072313537,-0.3758288385620159,-0.5849549977362272,-0.1355568549657932,0.7245868161216056,-0.2228911049426424,-0.698053807209222,-1.1235510370105728,0.8742796301529254,-1.0855829032031132,0.2236628523726845,-0.6894816098809844,-0.6812878350075836,0.3392796992808961,-0.1301858788102954,-0.5576589839616354,0.4554637222706919,-0.9246251135721746,0.274981559269347,-0.3123080817433038
TCGA-06-0882,0.5460597361376874,0.3661056239458353,-0.1065239379228259,0.7044400794057086,0.285490682434921,0.1893420883273747,0.852704399922118,-0.7667701627453621,-1.6926366612334902,0.1167857654798801,0.4601230180095086,0.0901759509828765,0.3765531106811663,-1.4849868600205622,-0.3855671515197818,0.1303197903717625,-0.0007738671280996,0.5945212421096753,0.5095015733162739,0.6556181630273876,0.2712535713761323,0.5630003618566951,0.7232201762722408,0.7193947929897666,-0.6304485320428771,-0.5212124059689089,-1.2647384404774378,-1.9684923405929973,0.884596375352114,-0.002674632288364,0.9014826549105468,0.5331707421923954,0.5130104221029912,0.1156745925258293,0.657004604489646,-0.919627225283562,0.8084793949059602,0.1551428511768288,-0.304849767137913,0.3668147355877775
TCGA-12-0619,0.6574652792060657,1.503585479882475,0.6811509346578637,0.8431821977070408,1.0062287833927148,0.956157652708914,0.6449495504863991,-0.241473874576073,0.7373246298362058,0.8340236982331102,0.6753714486947497,1.1196342057905908,-0.2978270330864941,0.7831129096180256,1.3837094091553586,-0.1761275631650828,1.1357465515050158,0.9204626525603592,0.9729520877627796,0.9507511720654436,0.3007983620774995,0.4433702180164988,0.1732485078740432,0.7760568407936846,1.0498537509337704,0.7145385008895662,0.0379754150143519,0.1351380163471188,-0.3663835945658223,-1.459069148891745,1.031455363564424,0.845967672380209,1.2691745894285016,1.0240890425174916,1.056568932072123,0.5089085438110179,0.5787641542782732,1.5923398529587969,-0.0763222381115956,0.7391944665022746
TCGA-14-0781,0.6208208790142785,0.5342774554406069,1.256350716999865,1.7788580992795804,1.3168583830714402,0.1649959468122415,0.8163106259964218,-0.2775187676414221,-1.4494267386388495,1.538601484843091,1.175864781546801,0.7746971458845505,0.0055113662514692,-1.259864454456489,1.422415710070299,0.1560745580504539,1.3798258442981612,1.3871151887498487,1.1085137140963168,1.1569074598294045,-0.0597294469159603,0.4095592288528361,-0.581644372750121,1.5045114817448413,-0.6706436633646418,0.1866061682056801,-1.0488477292615304,-1.199349354620692,0.5348408575207365,-0.0073852135247341,1.4018237532072213,-0.1407232078088103,1.0888790161222983,1.5823984460920104,1.350940131032286,-0.8991904884240796,1.5139905042629611,-0.6173852805916545,0.3448140340334079,1.046531977257687
TCGA-41-2571,-1.3781734771523355,-2.7407571993353272,-1.0275047235819663,-0.2811575113017587,-0.9282745326998948,0.1245329505373085,-1.5337623429850034,0.5299216755316923,-0.0667076725636379,-0.9657127942563866,-0.0799632388560671,-0.3435056197791463,-0.9950210153677445,-0.1888699874298301,0.617821890287136,0.5745410108821748,0.1840078087043892,-1.1339556266360653,-1.0968971743746845,-1.097214556968949,-1.925072624097007,-1.9062835937877065,1.0373486962278198,-0.9159280235613028,-0.956336329327521,-0.4634087475501394,-0.1611431791414108,0.945874295541494,-0.4929459328030605,0.0577457913510293,0.1157442722061868,-2.8690940055719745,0.5108022217339464,-1.1153425672101638,-0.7284355715218125,-0.1683123470204983,-1.7733195145388465,-0.2294313265295681,0.1538937958354101,-0.3816382821382369
TCGA-06-0129,0.1074998240264004,-1.022431119469725,-2.7725445689802446,-0.5052315884970131,-1.554219232291849,-1.7968271830589293,-0.6444658130355888,-0.4248099620702772,1.2807006585870584,-2.4695357711415813,-1.68383772547393,-1.893422871737309,-2.951385382327011,1.6529191429938228,-2.5501672835063576,0.3704676873948356,-2.1777385733664696,-1.2394621706358022,-0.3412680502013925,-0.6601264315458881,1.0329681438570515,0.6207349479657991,0.6446380678832766,-0.87959705450662,2.2222457600956225,-2.054719789980914,-0.1541892057774975,0.3144880720453368,-0.4359139607903649,-2.3308345681791023,-1.1520026502040286,-0.3708202515532776,-1.7351809853862137,-0.9248135749224612,-1.076688339927672,-1.423255238732576,-0.9431868374961552,-2.1553460653802143,1.335621161474804,-2.3707311973932934
TCGA-19-2625,-0.6081232789296901,-0.3361077476496573,0.1488589854497479,-0.0281949807734364,0.0450634154241264,0.3425619384419328,-0.3908634741536174,0.5987706064115239,0.2137180693211908,0.3115543338996184,0.1700355650181741,0.6751359252770293,-0.3856555944054562,-0.0100852725006011,0.924779896808444,-0.7866135404453041,1.1469848330017791,-0.0067441558385701,-0.2699471719630315,-0.349715008308372,-0.2846958776927552,-0.3480540910081465,0.7061190909169391,-1.2291052117036898,0.0227669058914001,-0.2598659679456499,-0.163851157553905,0.484079633030081,0.0220335996357449,-0.058502276848618,0.5236596451208058,0.2929328228653198,1.0288202212326465,-0.0617488672816163,0.4879400165444578,-0.6294002901282754,-0.0962942312158477,0.7380802509283261,-0.569011062576824,0.3044625609140685
TCGA-06-2565,-0.5347476943610553,-0.7494099565424106,0.0299249738200008,-0.0771727168661051,-0.3958458340735685,-1.386556198816568,-0.7028630865998368,-0.6576583006430587,-0.4360533588196434,-0.1497785153769325,-0.8047090152850798,-1.7264917681955043,-1.7164639649304712,-0.1777477347660291,-1.432521475758388,-0.0184601616307648,-0.9861667562851866,-0.6421691193920619,-0.347318684954632,-0.6571618709797609,0.262642726436051,0.0469942017386622,-0.6916858168036797,-0.5793552787686531,0.5522391706599423,-1.7347515194240843,-0.3507725046463154,-0.2334374432754864,0.9886872632860434,-1.1228736188167252,-0.7759604546898483,-0.1821457919434416,-1.3183948494979862,0.2040860993803999,-0.7415571113666983,-0.5819094791097569,0.1051365692759916,-2.2912273192618016,0.7330522163939939,-1.626609624051691
TCGA-02-2485,-0.5825250840616607,0.2222738097491346,-0.5035812088574749,-0.5873668123934155,0.2406482661307799,0.5552533011224952,-0.44842886629638,0.1810442050016035,0.7204749630625006,-0.5710898177364625,0.3129898642702858,-0.4857699889940379,-0.8215234439663355,0.8262604795532666,-1.2202964656096906,1.4220223351612842,-0.1287084573897024,-0.0655646198991699,-0.2326043807588572,-0.4349390625298477,1.0607129534858488,0.547728973645123,1.2759928717153457,-0.2018487642292096,0.6137196200264821,0.0586754977765784,0.7110849972644173,0.5593009608727493,0.860507676438481,-0.5516419728578005,-0.2233928628199066,1.134755739710454,-0.7483973642564273,0.1820540787492692,0.6236966157213698,0.418973446767205,0.3859251732519728,1.1353562309398286,1.182672095607702,-0.6345624607357769
TCGA-06-0210,0.7457240623750903,0.8828180211016055,0.9479498011977936,0.074321141815547,0.7887707517895937,0.4127222513739512,0.8578128465560053,-0.5608455522262727,-0.8076560514029985,0.7366697149777853,0.4328009898924237,0.0533121699457021,-0.419085530929604,-0.7546654049914955,1.161428561856976,-0.3040934308342685,1.5989637885624586,0.9630383603048792,0.8880750281027021,1.0696738074957433,-0.4779743629336791,0.0880148067188253,-1.392840702329364,1.0100579322450625,-0.3292044306587691,0.7922736671315234,-0.2498404182159541,-0.2243344728943235,0.1935780357037858,-0.3799087503640486,0.7168391778771885,0.8647855308883342,0.4854899901805543,0.902138953678248,1.1347709012429434,0.8739166700932128,1.024945468081598,-0.5584810903687274,-0.0369768375404327,0.2677263292045306
TCGA-02-0047,-0.0310646461269275,1.2059490461192328,0.4057363064603341,1.0420200040487133,0.2927379271358056,0.6865611621242738,0.4369323172433937,-1.8546630060861236,-0.6424479847816731,0.5174081583391223,1.3419694809611802,0.6791180500954772,0.4446373267273618,-0.3045423029295684,0.30083700347187,1.6847150861413882,0.6077222973939357,0.0052785559998185,0.19106544188669,0.1724720904029582,-0.7189209124982107,-0.3612036410665843,0.7244430440805423,0.8844715564330656,0.6252568001002785,0.0126250998552824,-1.4034429798975294,-1.6829807504793877,1.0262000727109042,-1.109249625135586,-0.1874596449131752,0.8583230150426696,-0.2842041338712096,0.3424310665300458,-0.120206329046081,-0.4794559045777094,1.3196020714604817,-0.5843054378012416,0.4652731953750962,0.2747697445235453
TCGA-06-0750,0.4587564756847434,-0.6946592286557234,1.0284810522874728,1.0128066639914872,0.7370084805493214,1.1582347884507045,0.7070064768926513,0.5931854785095457,-1.002456572455952,0.9457449387983906,0.2690646582790459,0.7093808416171103,0.5169542717139983,-1.2573597606462377,0.6507771366465575,-0.8733092063173316,0.6191450283238699,0.435854096582534,0.8394332528894055,0.4723538436059416,0.7364390880384979,0.7500889150621337,-0.5083194968065714,0.4495644798999667,-1.478036537585358,0.420188987233482,-0.1617874247794062,-0.3363854230950884,-0.1336065084049637,0.8190806962764586,1.2743679894146411,-0.7481560375591957,1.5567572501368057,-0.2095705765440769,0.8184430278879297,0.52955878099005,-0.5656273031489801,0.8769053380157725,-0.5481144954145591,1.2841976999546698
TCGA-32-1982,0.757757976860152,0.2685915885157537,1.1074072053587296,0.5718123125822959,0.6425583630717314,-0.9529783081468436,0.643553272768794,0.4381747508700001,-0.6940881906324101,0.5196411247860776,0.0339180260932008,0.2246236322140098,0.4234915544094984,-0.8514337353034611,0.4162743928483111,-0.1412511727012478,0.7569879436238519,0.9229860978417938,0.7242185201419757,0.5822944994223377,0.1391125656639039,0.423429854914831,-0.2481527545920766,0.9104699724325008,-0.830987264625654,-0.155530357322231,0.0264269393757677,-0.510183096360273,0.2436769310543179,0.8375201451088998,0.7705918736701958,0.3712985168627021,0.7588570727212469,0.3717543863214253,0.4438818138629213,0.1639515352596642,0.1914085084394829,0.3921800769310395,0.073763771134974,0.5211238887098191
