patient_id,HALLMARK_ADIPOGENESIS,HALLMARK_ALLOGRAFT_REJECTION,HALLMARK_ANDROGEN_RESPONSE,HALLMARK_ANGIOGENESIS,HALLMARK_APICAL_JUNCTION,HALLMARK_APICAL_SURFACE,HALLMARK_APOPTOSIS,HALLMARK_BILE_ACID_METABOLISM,HALLMARK_CHOLESTEROL_HOMEOSTASIS,HALLMARK_COAGULATION,HALLMARK_COMPLEMENT,HALLMARK_DNA_REPAIR,HALLMARK_E2F_TARGETS,HALLMARK_EPITHELIAL_MESENCHYMAL_TRANSITION,HALLMARK_ESTROGEN_RESPONSE_EARLY,HALLMARK_ESTROGEN_RESPONSE_LATE,HALLMARK_FATTY_ACID_METABOLISM,HALLMARK_G2M_CHECKPOINT,HALLMARK_GLYCOLYSIS,HALLMARK_HEDGEHOG_SIGNALING,HALLMARK_HEME_METABOLISM,HALLMARK_HYPOXIA,HALLMARK_IL2_STAT5_SIGNALING,HALLMARK_IL6_JAK_STAT3_SIGNALING,HALLMARK_INFLAMMATORY_RESPONSE,HALLMARK_INTERFERON_ALPHA_RESPONSE,HALLMARK_INTERFERON_GAMMA_RESPONSE,HALLMARK_KRAS_SIGNALING_DN,HALLMARK_KRAS_SIGNALING_UP,HALLMARK_MITOTIC_SPINDLE,HALLMARK_MTORC1_SIGNALING,HALLMARK_MYC_TARGETS_V1,HALLMARK_MYC_TARGETS_V2,HALLMARK_MYOGENESIS,HALLMARK_NOTCH_SIGNALING,HALLMARK_OXIDATIVE_PHOSPHORYLATION,HALLMARK_P53_PATHWAY,HALLMARK_PANCREAS_BETA_CELLS,HALLMARK_PEROXISOME,HALLMARK_PI3K_AKT_MTOR_SIGNALING,HALLMARK_PROTEIN_SECRETION,HALLMARK_REACTIVE_OXYGEN_SPECIES_PATHWAY,HALLMARK_SPERMATOGENESIS,HALLMARK_TGF_BETA_SIGNALING,HALLMARK_TNFA_SIGNALING_VIA_NFKB,HALLMARK_UNFOLDED_PROTEIN_RESPONSE,HALLMARK_UV_RESPONSE_DN,HALLMARK_UV_RESPONSE_UP,HALLMARK_WNT_BETA_CATENIN_SIGNALING,HALLMARK_XENOBIOTIC_METABOLISM
TCGA-2L-AAQL,0.32401752942595324,-0.17687583148447933,-1.4919726512633555,0.8611759767408526,0.17002415336519203,-0.16549951808197588,0.11646109288757608,-0.02506179449009434,0.9821065858309304,0.67328221860768,-0.1225238103305942,0.9639200513326612,-0.8685802503710597,-0.07680974122362205,-0.1761444682111748,0.5208393012929422,0.8114362794382565,-0.9573195034587092,0.11894691724729309,-0.19232711591796975,-1.3940353620084978,-0.3221066677922464,-0.3317503595982687,-0.5666961321782337,-0.38555973081405664,-0.06462335142901729,-0.1770947603131873,1.6388994030392736,0.11400522538215971,-1.9794775620563085,-0.526450801569684,0.02276782242144426,0.08484155416425387,1.2773542659518968,0.2933237922268052,1.5690663709749821,1.22514845641512,0.8383258214025263,0.4794733281979494,-1.084653254608302,-2.1173333193590063,1.6943866361905895,-0.23049922421001948,-0.4727617131386958,0.05499890757389154,-0.7597246352661339,-1.1403309441737397,0.9307664801886173,-1.1358245969525078,0.7135096124007227
TCGA-2J-AABI,-2.1086477154433156,0.4518110367149717,-1.767406534607551,-0.2865172635613871,0.4274634306114571,0.5421297086617115,0.6196902124140992,-2.3347527470732885,-1.4399151273797006,-1.374298861951894,-0.7449602951964802,1.318150708752685,1.479600212724998,-0.14934428182321122,-0.9429168065398507,-1.252204859943394,-2.063862994848519,1.2335417094407137,0.7026934171088052,-0.7011346130780125,-1.5509505230807017,0.7758195442263528,-0.2268978254658421,0.11688384142743102,0.2615928546354803,-0.6621606871543263,-0.2842295542097616,0.06638508760443448,-0.7196250588111502,0.8780235911641364,-0.22802666652189993,0.7271925618993564,0.7256165442553821,-0.4575532807486044,0.7089302077246459,-0.6938512988874783,0.4207910601684504,-1.754975910267425,-3.261862899194704,-0.1348737839709652,-1.7012836921306822,-0.4805797086030898,-0.49250296215485656,-0.4203255852421741,0.4066975070296151,-0.3141169525370756,-0.40515988677291,-1.5719099678047905,2.7570528756039927,-2.239011782089944
TCGA-3A-A9J0,0.6646387078593264,-0.538272936676046,-0.367716771810725,-0.6423860536274295,0.07363094688269954,-0.543482844898393,0.19356504036201827,-1.1986524253012345,1.6948158706818268,-0.259142918691019,-0.5528091644199554,0.44062546276679543,1.2029309468735796,0.2998006311022218,0.5324809633423339,0.38928220630520716,0.3294672167545657,1.226626577183801,1.185313262096839,-0.5926972674077939,-1.16246583210599,0.633133540489753,-0.3153920865734415,-0.10341263940232354,-0.2083958223785542,-0.6954275707209632,-0.5913409558763515,-1.1554470354938366,-0.06275367813465477,0.4238178386669684,1.5209572347797817,1.0355305656815235,0.7359705704620844,0.2681483157722229,0.469510545752771,0.0279884827684887,0.65334441749276,-1.7144913623467073,-0.925468374211846,-0.001900754538175699,-0.6931786026819327,1.4711533349399595,-0.34698227303069007,0.05279565223880943,0.05425561376844088,0.3332909946795854,0.24078209977710455,0.8571953589373451,0.2653972537988521,-0.007310190527526573
TCGA-3A-A9I7,1.2775489067304338,0.25406291416003657,-0.10368117347187757,-0.7481300325611194,0.7604584396135976,0.3196186016451882,0.08788683184465079,1.3070980888142065,-0.5330616857500282,0.6417488451153975,0.022252674672982545,-0.3918024088680453,-0.4946648071521412,0.5032189869170851,0.1145052632423064,-0.07533239237185912,1.637025341400485,-0.39939068299022606,-0.26586769468897686,-0.1532397551344077,0.86472439799793,-0.3561522082751296,-0.05823336965818799,-0.09916945058655087,-0.16526356576168116,0.3523628341594232,0.24917510385221234,0.4350894320731315,0.1298577306126136,-0.34939575957202174,-0.7781260416274756,-0.6575803231043266,-1.057776503581786,0.9112079641339175,0.2227053739704834,0.7616374299070418,0.36872989270357553,-0.484073685726475,0.16000011526724275,-0.39548441299712644,0.04960653195790141,-0.08819413606519005,-0.01591268852322075,0.28124183724834784,-0.7520412175890991,-0.8045356792960041,0.3909194757307452,-0.08377154302140381,0.0048121483966098106,1.5008730430807882
TCGA-2J-AABO,-0.8136525612723003,-0.5749700348437718,-0.02933264136160707,-0.27808666524429704,0.7349753966228467,-0.05579091534540414,0.06966610147876352,-0.40516953703901626,0.4246073018408599,0.2949268493987645,-0.41508292429420895,0.5627827900601436,-0.5716028968258157,0.5859833832294796,0.4372323453599994,0.24151334918568343,-0.43930631957613553,-0.46439187578083946,0.30941450970320106,0.8153634033502389,-1.161138645946674,-0.21469194799876481,0.039905289513146126,-0.7216531139680782,-0.599231839815176,-0.1299748453936379,-0.4115935247826946,0.7477284528208138,0.16162901421259182,-0.5256265023786795,0.10729482789115728,0.16495082604606676,-0.18497879279447704,0.3713797544529325,1.066550599113164,0.07792366472590308,0.23132258320778523,0.7598197439534399,1.0587664728622237,-0.8136399675446946,-0.3640765630421726,-0.09756526034660068,-0.3259008358905717,0.6540774457442923,-0.745201210119151,0.05189956299045694,0.3257032760922099,-0.8472906592188967,0.7114538631688669,0.178334616177285
TCGA-IB-7890,-1.5385387546916962,-0.17893500432738282,0.33659506826673,0.4687642227102743,1.2057309438060515,0.04657472012798476,-0.0017823995441355962,-0.13339612314452076,-0.7182811299674347,0.12497161134445167,-0.10677718522709145,-0.6472235133419695,-0.0838438333041236,1.2666024025639644,0.3789312402586592,-0.43455478970208333,-1.5950966417018873,0.1843496475513583,0.08970731779194266,1.1278614564599672,0.9659110110464163,0.39431490389054047,0.08319719936924497,-0.3613520728301156,-0.029934280593455816,-1.1009339140002212,-0.8109730575768103,-1.665479571463224,0.4773781719681421,1.2688968938645526,0.12268375502279552,-0.7112500210872664,-0.8551785771844569,0.7146782543298331,0.5450922514078895,-1.6827224228026456,-0.22594638876072484,0.696077049186312,-0.39368792924617796,0.1643565321836409,1.7233873532129012,-1.1804327685059792,0.39040970332898506,1.0966164459499652,-0.4600829460264971,-0.32805483037292266,1.651615138169258,-1.9828285358848263,1.126881601747925,-1.2461191554004813
TCGA-3A-A9IN,0.14521860666365735,-1.6022063505062702,-2.1623914202531602,0.4696098155964426,-0.6120551604339309,-1.592424359578108,-1.7619432978904694,-0.0801417616301243,-0.9408829091738965,-0.6749355635906242,-1.9069455168039873,-0.547719750901791,-2.1769560991272034,-0.9353818012689711,-1.451174910580561,-2.2963562830598954,-1.566811003239362,-2.466528803222344,-2.5639359625250897,2.345797202681569,-0.5710062105367889,-1.317765693694904,-1.2723162646061885,-1.6236722175721512,-1.5453990481460587,-2.2154097530215187,-2.025562620347862,-1.2128977637140874,-1.4843070515343817,-1.98784129781737,-2.9647663592356674,-2.4244586633642573,-1.6232915943958188,1.8479642105054732,-2.332819501654538,-0.5305392772262304,-1.6566040537666842,2.300581391126698,-1.6929711804803431,-2.039999004884005,-1.1829907512553466,-2.515977892980071,1.1729051466911924,-1.4383325839340453,-1.2664662617810785,0.12072271312460886,-0.5123522138954966,1.4208817876691653,0.4506141949975524,-1.4099596778206647
TCGA-HZ-7926,-0.023957799046665305,0.3262251848203702,1.64980509577207,0.13606326509427627,-0.11775191500423983,0.3673444683892001,0.5279437629293166,1.4433089799409902,-0.429359607196713,0.33620435006477967,0.3097849748521926,-1.1970370320128227,-0.33013039839442826,0.04632286422110797,1.3712410569893108,1.0040781901457587,0.25614796866247197,-0.06385593388273043,0.4659225464366908,0.309797449977313,1.730449526230031,0.5690877368255958,0.5983156449822542,0.23734337611209141,0.3829537286126342,-0.1869648404460389,0.024782326482212586,0.9747057482411805,0.9200821286396142,0.442121274080348,0.7033448826773917,-0.4262830415914781,-0.38681019529637384,-0.22828662783126297,-0.12869504964642378,-0.5584420850016161,-0.24531314397527776,-1.2122293819436882,0.6608586318980405,1.2959818242689483,1.2290535523523725,1.259781555556144,-0.17431820050655505,1.0930316039587158,0.6985316336821907,0.41412467521670115,0.38225151304212074,-0.13314274291394573,-0.936664134692024,1.2419237006670318
TCGA-3A-A9IH,0.6253159251863915,-0.6485814260310713,0.21582620813704775,0.003215175956559247,0.1321948383180386,0.916335136293676,0.2649688843207797,0.4716417854587918,1.0096605665977025,-0.16593987745294295,-0.10802429139444734,0.4847539880622117,0.16008669898109554,-0.11880501282491301,1.3021096142904778,1.1837018159372732,0.4966601423355967,-0.10068268364328671,0.9407305768350596,0.29328406855959216,1.1622606601280092,0.7399707248097593,-0.38521871970898874,-0.7669347691562028,-0.2979654273610468,0.5569826237804436,0.16425397451865761,0.5790649594255892,0.1271235280245095,-0.16138983104762641,0.7695532367075658,0.2374593028046025,-0.21295365804250416,-0.11073202650734926,0.301665762686952,1.1516865208032785,0.36013685061142914,0.5719924451325602,1.1663263065729392,0.3774890235860775,0.057170975819423916,0.6645338213037305,-0.011023868133447502,0.2778458435971776,0.011446003938602902,0.005278212331117106,-0.3928841210599203,1.0743894867297228,-0.790705602379297,0.03305926868326227
TCGA-2J-AABH,-0.174697404923457,-0.6547535706390022,0.20060644486048035,-0.1432258750668885,0.18184721691081845,-0.011514412194542632,-0.08920993894809491,0.7177082344445362,1.3088898778857119,0.17156417170882582,-0.15056972802911306,-0.19972193532295132,-0.6036192745331139,-0.12023270858215919,0.7787313900903567,0.45177392747851447,0.14087673718456167,-0.554995328888448,0.25067511778802337,0.34614434339932565,0.50254888159525,-0.26923193815589924,-0.3332279991627774,0.03790630244143162,-0.17387079224450658,-0.37512041293758336,-0.4641021643062934,0.9363047889820701,0.3373912603730409,-0.11613544818294147,-0.08802636580014797,-0.6686997158471751,0.024579109316745347,-0.3652191708634014,-0.17593956427535692,-0.11126837418917887,0.09611517572919585,0.8340240963804147,1.3637873355081804,-0.6263813858673697,0.31042285476627857,0.3782409466958634,-0.027788076959078922,0.03862381174035739,0.23522286065966053,-0.15560522244279398,-0.15458048460542534,0.2914486376522824,-1.3334760126871923,0.4013295035284323
TCGA-US-A774,0.06831887619735405,0.4635448071755629,0.4288867383372186,0.5475676167951804,0.4537077536604856,0.895898095021426,-0.01860327299276873,1.1685560834974882,0.1966477851210199,0.8621804817755502,0.6009956839860575,-0.3426752085965436,-0.4646168836598914,0.6884054851984982,0.5615588297974738,0.5346732516794634,0.8882474458213788,-0.3640313568831645,0.16513595086384122,-0.28979919640955176,0.23102514610309552,-0.054656779910397725,0.23328500347047984,0.6099751185720972,0.5599373543352041,0.5685434125816105,0.5463268058586019,0.48907909332488675,0.37076197195602195,0.04664573408160999,0.0758831741575681,-0.3188863077680067,-0.12456435811192729,0.18333098149722862,0.6337206328392441,-0.15017190379774162,-0.15318757053492366,-0.23292710754995424,1.1578237686526842,-0.3955067235739633,0.04572343898341563,0.9569900436175233,-0.8364448276421423,0.45152387619511786,0.06369103436193692,-0.7141851538740391,0.47822026299709275,0.08929957041863198,0.360641005771892,1.3339145714006344
TCGA-HZ-8001,2.386842977047899,0.9359826864678691,-0.39262748683643656,0.5428488752199719,0.8228689202510578,-0.5072265288106396,0.4782327198732128,0.9747963179264734,0.36264126597307195,0.34133759440094213,0.6078079967052397,1.2014711680184398,-0.0946482383227987,0.849131367301124,-0.13797244329424002,0.45251828156742524,0.7456712444675296,-0.508921004515971,-0.057956183698810886,0.11504800075047622,0.1271563897325458,0.18133697774915175,0.6666501160706177,0.7009051714449575,0.6081006673516737,0.28282749710648475,0.610806919728616,0.3834003633210867,0.7473372923614872,-1.5026139252889361,0.6746111813462768,1.1667238615589988,0.26020846646950835,1.6559447855083522,-0.7159891556687851,1.5268898884372657,0.5236773403318898,1.4903783415073946,1.0509863224461704,-0.16520021073115562,-0.18484941259003404,1.9985442804574243,0.273808769137044,-0.7248157946685289,0.03318514108659458,1.0278048693390995,0.3370062382902625,1.3288187676138963,-0.8841553948384896,1.13096724970317
TCGA-IB-A7M4,0.28275841459589207,0.4345476199502453,-0.21531510885589247,-0.774603077402577,-0.03667464664442589,-0.12318408954061842,0.015168801213929094,-0.7075237918078494,0.7254555557751045,-0.5019860053806786,0.0525984765465519,1.7124015200258134,1.5107582295924573,-0.39247929192578934,0.4251685500854944,0.9728307211150724,-0.02242031613228565,1.3102172258431457,0.7725440176173268,-0.9850991456380692,-0.09222754443362532,-0.2843994104161652,-0.5017622102325296,-0.2684522433507681,-0.13693864564638383,0.7558414332689334,0.35220618565064066,1.9551727921928546,-0.4691549021053795,0.3171880839128425,1.4233856350458383,1.922037215923614,2.3210686467164896,-1.1995161879283172,-0.6388669467134204,0.9862236326541622,1.1461479862658308,-0.39189205374892394,0.688355803055232,0.24766945295627601,-0.4554162149283863,0.1374119856412097,1.0315868605188674,-0.40631827252589736,-0.30416338105596785,1.2246394393472808,-0.6992401654203685,-0.4548343669791781,1.1898910371541778,-0.1715568389720592
TCGA-IB-7654,-0.45980145057798055,-0.4352294448030081,0.5460465326673173,0.08612319319337232,0.01662668220764278,0.1271719883989883,-0.31896171792726485,0.9253208077869207,-0.20203969004915062,-0.12222770183819429,-0.17221601299264677,-1.2308924801074286,-0.894731028249386,0.3664777492234617,-0.27104900802678483,-0.22452096316139092,-0.3641488416927276,-0.627908376558527,-1.2626016064596766,-0.12518423216438124,0.19891718342086817,-0.948546186709456,-0.39959089926861324,-0.22129637697759344,-0.38249789199888196,0.4570954505909142,0.032671786779984745,0.18650333335442662,-0.0016829159037685102,-0.23157546702442297,-0.7512522342464334,-0.7917527132105826,-0.3999640172592177,-0.22334732104322655,0.49352630055559094,-1.255324844771043,-0.6674118968351157,0.4501319680815563,0.039545183508557166,-0.7342604427966469,1.1383784566808952,-0.9127597978432683,-0.3360750851931006,0.9207778930272761,-0.8238465132923115,-0.5750633891533586,0.7413102042696808,-1.265757113513877,0.24621297218416147,0.20788212291458266
TCGA-H6-8124,-1.0327646480103685,-0.9590777113877095,0.2574956792367213,-0.2088479811702747,0.04305651361542417,0.6908235355107775,0.17478379287070514,-0.9334465106890507,-0.24821828374680535,-0.08143702104279672,-0.9325918933731061,0.2642766032842788,0.826649513471034,0.8198732694258937,0.3347143968345873,-0.14982488315190468,-1.0944770122899314,0.6666399224678694,1.4084500360933316,0.16767927330115978,-0.7132218077665219,1.384054970841567,-0.6046766563602289,-0.6602355867884155,-0.5532877290572126,-1.457757277438151,-1.3705271028434998,-1.2042403076264319,0.10868761711343175,0.8134869142902755,0.5974018361065876,0.7517720785205917,0.184974906394362,-0.0296005892399325,0.6387353609249249,-1.022040886651418,-0.02202267593376147,-0.39583503227465155,-0.16505456398688298,0.2823774399024399,1.1308616420548254,0.07526459934954778,0.09909575069289644,1.1271567050777962,0.03541219483383479,0.18109668812543928,1.0785567999735128,-1.357783240301446,0.4091381506370861,-1.1165304829881344
TCGA-PZ-A5RE,0.4973744514927445,0.2796708999111755,-0.3711958673678044,-0.3292299038687164,0.4094260601484918,-0.04928155997251892,0.7469815669053157,0.028031738791609216,0.6373150302278011,0.8251809264558662,0.675317818391907,0.8466754633154705,-0.3131860492465104,0.27438307280013025,0.3296526743092471,1.0260755815387368,0.4460013314899343,-0.2781522808728946,1.0274751500529227,-1.4420450657490849,0.6547406416672109,0.8498955843376892,0.21387155491291857,-0.17435388926873222,0.5019682338080433,1.1594261093868838,0.876926389093947,-0.293420161447711,0.6075612066198529,-0.545262833249781,0.2019702203758696,-0.10796372920867908,0.15872467268275917,-0.40356277118569217,0.4274859255674612,0.7290191752688133,1.135850889197785,-0.35280551765374124,0.4045741686858525,-0.19469412726005492,-0.4666032634841341,0.0897233611529187,-0.8850257839982442,-0.16085746383312216,0.6613226210128316,0.33644660794813797,-0.5540070407115699,0.7978187197948376,-0.8388990021941307,1.0226023619074065
TCGA-3A-A9I5,1.5401096280590207,-0.8999230317877438,-1.2771636364344208,0.2507658876840341,-0.7443913562893592,-0.4485972027222432,-0.607150119762149,0.6553301638252838,0.49609504621551176,0.6323383152220737,-0.7726901497118662,2.027894463760968,0.500740481367121,-0.1989820274269342,-0.931328096671978,0.07311066167488843,0.49057312224490923,0.17260844603618733,0.7721362701010865,-1.0631250997105517,-1.8806807116743884,-0.33900003113516186,-0.8327680035646167,-0.7610614652894213,-1.2760341253734244,-1.5001939512944382,-1.4936445853544076,-0.6898417475297611,-0.8285797287999529,-1.4449598706497335,0.2572198751955975,1.3962935577619107,1.3290022316864671,0.5954057868409309,-0.8657213471750745,2.3732216985338934,-0.19791104666726578,1.4088242731862308,1.1385358075150311,-1.509486450846789,-0.6731029846337154,2.4240197548469267,1.1960066394131799,-1.4486060849320672,-0.9060364809150785,1.3504586333010093,-1.733963792238353,1.7513285234215632,-0.6267740273802195,1.6261662746077852
TCGA-Z5-AAPL,-0.5847251513707985,2.7704948825822555,-0.0963888059223809,-0.7714151198747783,-0.6266685177793965,-0.5776087939796488,1.062904005133184,-2.7981754453138903,-1.5949856516287542,-1.198932966791987,1.2741597721822628,0.8175386878918568,1.8040858582305612,-0.6600862048088378,-1.5541439062277167,-1.4396883835359688,-1.6233600915865223,1.5192724599897043,-2.0427485978096,-1.6360583497594288,-1.452066315775629,-0.43097219432792677,1.5811577055094173,1.6917735742611804,1.1239196785884762,1.6209587816558169,2.2156993921520507,-1.1550839549781158,0.11648921507867924,0.9244420628449143,0.07841291933364172,1.4475740118750335,0.9708961349968893,-0.9004671473102109,-1.9521616798779922,-0.6002269534318678,-0.40258965994416684,-1.6976713477837806,-2.749285685686724,2.8555900802475516,-0.808631172182365,0.624872163672534,-0.6092542045242171,-0.5291375749388518,0.9485084990551481,0.4789878821287513,-0.3196842933922722,-0.765705694719407,-0.9924368752382531,-2.234303948456199
TCGA-2J-AABU,-0.0665564668150605,-0.3412211777807425,-0.7374899548292185,-0.3626416308330803,0.6675082465260447,0.8812933407673033,0.6710854726261762,-1.3116032034752112,-0.9297473874705812,0.007904972545949487,-0.6301788909664323,1.0169859816766689,0.7439800780910351,0.5932458940471141,0.1806676795217511,0.07859643282880008,-0.575356309927721,0.6874006183137465,1.0012335016217373,-0.7631821552764279,0.22882006870773383,0.7559374193866751,-0.15209365786214551,-0.4288752101252496,-0.47100890153139063,-0.24550343589613965,-0.2655219716757223,-0.12323556320634055,-0.08451414950043211,0.8989040701454535,-0.3861311097944339,0.4735358675389946,0.005596023798663358,0.551712855012529,0.06409583243210888,-0.043836623410044157,0.32041734578532377,-1.574282299547934,-1.121557924277826,-0.26191823693598154,0.3528262420726081,-0.039873493344457556,-0.6786293153075792,0.7655008507430877,0.04202152218652973,-0.7349848307587169,0.4007555404925697,-0.8438292598857805,0.7059253989301826,-0.6501090193512182
TCGA-HZ-A77Q,0.38337474492996065,1.1877221659907187,0.7995807397881508,0.8835691965429047,1.3364043104887589,0.636944153846702,1.135161423303314,-0.7028900819717004,-0.3678746072918337,0.7183073159008824,1.4075456673674542,-0.3014358322810356,-0.6822503049610262,1.3366586614297602,0.8672265707462822,0.2761247342208879,-0.712046481409668,-0.5617562931531157,-0.029330508234180996,-0.567109910000549,0.3309004539747131,1.352919472545943,1.4129007623367293,1.3901782014117046,1.7501099998785392,0.9079944920093054,1.3894357356333737,-0.2650460213321471,1.1882294159589335,-0.17666118199743197,-0.016557661779351997,-0.49134069081146553,-0.5323716397565614,1.6549311479539839,0.5694363878021125,-0.4765896687956963,0.8387228625823246,-1.4347839142734486,-1.59112091492674,1.1394548312044916,-0.1365380963633778,0.43908057135315787,-1.3342574161498575,0.8203413677243397,1.8029445974955798,0.3696980900365689,1.184332663371168,0.8433390030787309,0.635946041670673,0.22456259146380844
TCGA-FB-AAQ3,1.3803111150597236,-0.20182707083964527,-0.3560018325548988,0.028312786142647667,-0.8405127462391162,-0.30968145360876626,0.24290586652971324,0.5203833497787727,1.0657119164425344,0.8256332390953641,0.37788613430361606,1.9650551329110588,0.1419537438547837,-0.02932443573603251,-0.7875997301741317,1.1568336614775163,2.3901050944241216,-0.4666295460272529,0.90140051231484,-2.9027265532752087,-0.31186235139760493,-0.0637615993272036,-0.2547205095192282,-0.2544872675340623,-0.14038581066521816,1.7072532554267632,0.9928905083704926,1.0858110050679821,-0.034883939237148096,-2.656703601570285,0.7975043015543668,1.5783603316569261,-0.15072693075122626,-0.9514146711896297,-0.31171787250911615,3.2260501418513483,0.1494045753638711,-0.6278369825413266,1.4833342794824704,-0.8184959869005317,-0.5266062250105621,0.5014556955738544,-0.3181139696959074,-0.7088161474047515,-0.18817644481846757,-0.0721448496067809,-1.1352569012587113,-0.04372895228464425,-3.1772463457747335,1.0294481242458424
TCGA-XN-A8T5,-0.3026648583646583,1.2258387900051637,0.2854458723901594,0.602507797313932,1.2516121393067803,0.5735193716355655,0.9954394719080997,0.256903657436582,-0.6181641437188705,-0.027494980323849595,0.18695156314459757,-0.3539674351366992,-1.0168361819725869,0.8807633771759161,0.29513603556311163,-0.10537618070638571,-1.33052134105397,-0.9460123869811172,-1.0920330417676232,1.253222368394346,-0.4251819383877017,0.10344802259240038,1.305059282696677,0.7019239883425121,0.7711077460626597,-0.05807412745394462,0.6586155709086815,-0.46712939051194724,0.7800412232675161,-0.3306309964280267,-0.19654391186344222,-0.12117726832932688,-0.20971751823915227,2.0297795973973023,-0.03400425792457973,-0.622458779151365,0.403667229985818,0.11272378401546111,-1.213505704904666,0.6919232313644096,-0.546305905969939,1.3103462277649935,-0.7306403416882471,0.7919790490598255,1.1982030392977103,0.28701004431122673,0.9513206898041856,1.0939097263574826,1.6689151217071672,-0.5875810856023205
TCGA-YY-A8LH,-0.637409085712925,-0.6238850334214745,-1.4614479751971263,-1.1484991832840716,-1.026073741836977,-0.7062756241710025,-0.228321566025639,-0.2251875865428154,0.12867883850607367,-0.5926956739256575,-0.7744933241196666,0.7535246641831305,0.0012743619985416503,-1.6141148867848627,0.24413666930700928,0.42788469156481,0.23523533253103243,-0.08166812639033137,0.7984252752092257,-0.43473291684425497,-0.08188571290283479,0.031252918647371106,-0.7421298640544818,-0.698379829355419,-0.8570876825598018,1.1906533041950627,0.3856186370307767,-0.25664479930516654,-0.7120647125354815,-0.486610205117746,-0.08951504211869526,0.5527814356721014,1.1916697339484383,-1.2642257851743373,-0.11211300861329357,0.544616833781953,0.6505155324666867,-0.1722332660932531,0.5025525803639321,-0.3916212617142949,-0.16302177381039673,0.3843952740251723,-0.6663817967150806,-0.32847898238393647,-0.19448528125524517,0.6850002484961099,-1.697837673589395,0.022828346929849485,-0.8167333993623183,0.06151089785419477
TCGA-F2-A8YN,0.6351855365959009,-0.4416306376490265,0.7557613016384458,0.21148630434251753,0.39358040466163496,0.6213426709610834,-0.2352279136382113,0.6074398312489067,0.362383941555831,0.6877809592592902,0.03241772611159417,-0.2934477090580153,-0.14577298306825956,0.210428676660092,0.7233985627953454,0.8959823932529719,0.9584474434814211,-0.18683946467515847,1.0870644284488673,-0.4433169862209801,1.6108154071664071,-0.03139712279028099,-0.4867845192852533,-0.541796369107984,-0.22536865861915426,-0.7490881374103141,-0.7643258980610036,0.6501529511698065,-0.12315569368680541,0.021415752065103422,0.3613833637499204,-0.03134542452755757,-0.024391688698446084,-0.262420093551687,0.14516253175926605,0.864646557110766,0.5128709350108671,-0.7185788072271279,0.8212213433019996,-0.07152609842839527,0.6186808989026066,0.4177298076407227,-1.0297396982156324,-0.1687075120979767,-0.2808505582423634,-0.4877195524467653,0.009165458637517122,-0.18016800560134488,-0.06874966054489552,0.909186541127562
TCGA-F2-A44H,0.5840704200242135,0.24783540955636235,-0.12972245599223883,0.980890879061554,0.8176681095302115,-0.010620271917074221,-0.25328012888154466,-0.1814485843303255,-0.22830726976768087,0.7435956186006626,0.44157810384866164,-0.5108200715218043,-0.3996628075768945,0.768357777795191,-0.2330128199439937,0.08164231431550246,0.11179760491067717,-0.5246619217084215,0.11526691043199211,-0.11855525194679414,0.23702438464055406,0.0043802553396085344,0.1555271908936025,0.4810750605635744,0.642657523404141,-0.8904966569100534,-0.48378654717431285,-0.3554656558438999,0.36003661248203417,-0.2989772991410824,-0.026971861937139904,-0.20290349767658578,-0.04537164683274736,0.6191945798300104,0.666609107839894,0.6803758407615816,0.023117111605694372,0.3777405884142422,0.5244865035854065,-0.14443089556890243,0.23259854550253864,0.17546847924552167,-0.7216691130575673,0.16173502104052265,0.23567379601073038,0.0184370409153401,0.03329816109130804,-0.29748740926257056,1.1129443197111908,0.4486559917476137
TCGA-2J-AABV,1.7972153305879304,-0.7549765848830097,-1.1569197573948582,-0.027912639308254838,-1.7109713220069542,-0.7483529816971186,-1.3462669997312051,0.7251428401433565,0.5575261201665903,0.05117270343421363,-0.988261914777366,2.138859444775207,-0.3752027049054676,-1.0814094578740927,-0.49914126252624874,0.5701992166833643,1.7989473485307592,-0.9512830222901022,-0.067977392797772,-2.583060017346913,-0.49253095989174595,-1.1026709729465185,-0.8075182740528828,-0.7982864727681582,-1.0434365634836196,-0.7341003146952354,-0.9726833488076313,1.0760233842755622,-1.441688105228009,-3.7712326602302735,-0.3747124020347789,1.5246398033099078,2.513111235366625,0.2576223404593497,-1.0176814357665238,2.891632617716214,-0.0942507393397978,-0.38507578209573595,0.8834466485134748,-2.2012960171887053,-2.443297585111155,1.274633475984773,-0.7007989641914267,-2.161487910414985,-0.8787905624829843,2.040452169181536,-2.2468117675149073,1.0294492635041943,-1.533902689523683,1.4466357110920147
TCGA-HV-AA8X,-0.586859036302085,-1.1956968730377806,-0.30845273371846516,-0.8784783178700961,-0.793627066706687,-1.0358891828947738,-0.12928809628670845,0.46776395412694155,1.6552699299427944,-0.5570747728294051,-0.7615552807858026,0.25445434627903313,0.7712950683512182,-0.8188585581656124,-0.3843556411300341,0.23768495019965705,1.2911682421091828,0.8344321814465027,1.571776069667768,0.13332839985749131,0.5913323857544276,-0.5436383528109455,-1.1500621405146922,-1.102953727481203,-0.9686905686310869,1.311720215812732,0.38625574929306505,0.6738684640862169,-0.8341108838939436,0.09007174272840722,0.9303333897647894,0.1748796320954087,0.014842328880254838,-1.3171154954408366,0.4561171387872487,1.1216469419693817,-0.0665416009402577,-0.10128190243834567,0.906819139477982,-1.7200261422258223,0.22436183891856168,0.9916330869105046,0.3376042977328558,-0.140643200553213,-0.776309772459096,-0.01426173732249075,-0.7939717615366981,-0.1310535676291267,-0.9177166427715497,0.3434352469043152
TCGA-US-A77E,-0.44294757706444116,-0.6995707261393473,-0.038888639698199924,0.13177962292681408,0.44745685028075527,0.618128760922438,-0.15437409524651557,0.3272837345516639,0.3817385187826415,0.5265824597228311,-0.05380110919395941,-0.435292044820552,-0.5562384044701097,0.35248202258082073,0.6435067886821577,0.7301888316821146,-0.16220304712068326,-0.395448574245931,0.8741478389460186,-0.465241670528144,-0.0938094332267445,0.654318838948618,-0.5201429675648439,-0.46857349509332213,-0.30624818178444146,0.7552444272130191,0.1447186942862618,-0.2103489984628398,-0.22357466647645605,-0.13101006267754536,-0.696121269520206,-1.1680461044696158,-1.1452471048796435,-0.08770263054804603,0.9619554369185678,-0.48333523604441,0.37061082368166415,-0.3369751003809465,-0.48750923439629246,-0.20132292276421085,0.10991567685157448,-0.7350508740016796,-0.30777620697851166,0.4312379178155685,-0.08664752171436597,-1.027759780201595,-0.014603421486664145,-0.5327066616504161,0.6366194718096307,0.392566716464916
TCGA-XD-AAUH,2.390438994572594,0.9176905199730815,0.3489949557664452,0.4027451853967754,1.126917871439737,0.47928233971381395,0.4430084204626509,0.8341826923648046,0.2670369577425625,0.28055893999514125,0.44573068969934637,-0.6778489324659658,-1.4407733039042718,0.5327502590454828,-0.004952697119826034,-0.6403898813823778,0.2536594320941262,-1.3743865947995313,-1.540088977658043,1.947323411601062,0.43606486349770274,0.3938054407039891,1.384441692127674,0.8950227977699052,0.65405889125868,-0.9597934092190312,0.0070899708840802406,-1.294283623275451,1.1143688272823893,-0.7941686817325483,-0.38625031469478144,-0.6824320676418204,-0.10832124901576154,1.6862239890465431,-0.16516621942053597,-0.7291034768490338,0.40278885672977083,2.092533210391456,-0.7910792390174218,0.8208742496621335,0.09250339816452441,0.7141702361114025,-0.09880925958945853,0.5938482756572967,1.0210581431675243,-0.18611101969058955,1.4768853123820238,1.6048708188817353,0.5074262870645317,-0.1467969629758762
TCGA-2J-AAB9,0.16126583810293701,-0.09049690067745182,0.4648127386908063,1.0162171020708741,0.8233970875013827,0.6763109529016421,0.33756450142988725,0.07961585076752753,0.5828309319690339,0.7224183398974633,0.12315762401222347,-0.16688243563524927,-0.22045830400560498,0.572373649264015,0.6249191557469471,0.5801419584610136,0.3768194540800013,-0.1601275557150166,0.07580793381070415,-0.1629469136816219,0.341390786815093,0.2037279872705528,0.34493937856294454,0.22699612718326395,0.23852472298740557,-0.4472004775229939,-0.39276283125780587,0.6211324237678385,0.29825656645155435,0.10314927345784061,0.18523930064893804,0.09652850049731541,0.003999832667789407,0.3100430824853391,0.4433469770714899,0.14311468898257956,-0.03440231395093328,0.23499302230145594,0.5017279045070482,0.019934324751664782,-0.1097378266388151,0.6225659916676602,-0.39369204511562506,0.5754621214701793,0.09662385955796533,-0.22211832574874943,0.4012349086361224,0.26096938100914224,0.7681209150366195,0.5912180647659531
TCGA-2J-AAB4,0.28682960292616444,0.3775689582224001,0.5817650968346257,0.7138900203047702,0.31090779664970863,0.5520395219382431,0.8522776221143352,0.9228352171351275,1.9296880831658658,0.832618582853137,0.6173488438395268,-0.657679114844163,-0.005727926708790596,0.013029093491764437,1.0074233714701517,1.261964601036039,1.1409167499182735,0.08251613521873286,1.350253001107217,0.7395928890326425,1.1282508729926053,1.5556274017286478,0.5342311034539742,0.6022382791889357,0.6845662105009954,1.3372952647576823,1.0477919616887919,0.8116225494088923,0.8030265770031627,0.1794963164661365,1.106760255659901,-0.8358398268558116,-1.1737357338393424,-0.21410938273643493,0.4791776160471843,-0.3792706243942307,0.9163930573489605,0.9126485939173917,1.5602146898013611,0.44256724912116424,0.20428368659585633,0.5994392478017616,1.0233315131722722,0.08481970736721596,1.071942404551119,0.09002034177676561,-0.007925455105111194,1.9101629892667948,-1.4801117376969257,1.4175706666446806
TCGA-IB-A5SP,0.6906110945506573,-0.7201231122780521,-0.3838643366182395,-1.4292686843922477,-1.2364149061900567,-0.7708017132935738,-0.48629963583806024,2.037940237958216,0.9592122049014254,-0.2388403234140571,-0.29663651280244474,0.6561319533444943,0.23348232453612866,-1.5547785013052147,0.7763953071450543,1.0534994253985601,1.1811204931439525,0.24391697834712492,0.3131931293660409,-0.4325957100889616,0.8926686456568855,-1.5339983837560345,-0.8173295903989474,-0.9722147486061918,-0.7052313739533924,0.513048182544587,0.04262175783565181,1.3043570557589135,-0.967733309743805,-0.4265445281259823,0.6978901363671188,0.22737085603738694,0.6000852294036867,-0.9709298459267494,-0.6544799117566534,1.7174174220948935,0.3070928781107109,0.4516453928199882,2.6392781720090954,-0.48430188221682197,-0.2422815668961333,0.6497852779868888,0.4449779446014809,-1.3399126463021125,-1.0621936583085807,0.03999444796618437,-1.1694018339015888,0.32856142471047123,-2.771819873335253,0.7615509633307889
TCGA-2J-AABF,-0.611419793689111,0.6914159817784902,0.4820973472265838,0.6733453669337314,0.22279923040039348,0.33466443921807393,0.20281994421241326,0.11249863865713462,0.8942426184279554,0.3784329963296665,0.9138475384607795,-0.47342458415602995,0.5294443693005014,0.08173505871412029,0.07587397583409411,0.42231266748185275,-0.09449943494642324,0.8329606585546779,-0.40962902851499483,0.8129059521165645,-0.18216446673794903,-0.6712120885119266,0.2838660088010243,0.9805782878206154,0.7308137946983161,1.5576345188988103,1.279361086857148,0.6393706157876706,0.6752696564249644,1.2038135957455713,0.28025588285083447,-0.11499656142087572,0.054625111269340984,-0.3633712847536337,0.21996238087864092,-0.7172955717902997,0.02889200266498621,0.9002567948472087,0.6025210104581568,0.33855356005120574,0.2772994160430319,0.34025539919545067,0.6959353619025402,0.34013698188974045,0.2144077723755473,-0.33257003125326434,0.15418843224523765,0.5555801328155099,-1.088336686922355,0.6584603241195386
TCGA-FB-A78T,-0.7557882781424475,-0.045977183883044705,-0.4539702207185596,0.012855505887563397,-1.055263612329861,-0.320134399474719,-0.32910715145138947,0.031575789486073806,0.4289181593387057,0.14152109979417243,-0.07094501099415162,0.12602768130511388,-0.2476445140008317,-0.9550890384607452,-0.10812373880327406,0.10706583817244407,0.44525233760413185,-0.004319143484312414,-0.5715369900394016,-0.86838664125966,-0.7232339385272669,-0.6742324277866916,-0.30877800463558314,-0.17880499256605217,-0.2087178391654059,0.39861965231259683,-0.10614647026408447,0.5465951196922254,-0.31272704519063843,-0.056155309305942425,-0.6896375909248883,-0.03457388606562057,0.9029219145427826,-0.9973893374541828,0.2962906082136888,-0.29223181726309627,0.4559238895726213,-0.05523513256116397,0.741141399582064,-0.6355031810816733,-0.8379714989311428,0.3278600802498339,-0.9811593943455268,-0.3295730098570691,-0.24548279143952834,-1.0713344958565036,-0.8673917949424433,-0.9005695823336948,-1.10626365152974,0.49420534277599504
TCGA-XN-A8T3,-0.185259968530143,-0.3025818563067898,0.16092865775636273,0.9147488821302935,0.36824466399873806,0.7753110700816124,0.08416759476614964,-0.10924691571918191,-0.1819434261211616,-0.023723447495106843,-0.20161715685019688,0.2508708306452754,0.7011076155970184,0.5042053320747715,-0.08590911732635528,-0.38325376951659107,-0.32735616052401173,0.9726959249252077,0.2229989348420326,0.5979830016817796,-0.8009798040494304,0.2925904202328323,-0.20781293773957718,-0.3219630830880662,-0.19633504108328959,-0.08171375151467226,-0.1193011119114656,0.029728390502407404,-0.07056274456815775,1.2341133642448545,0.027986308638360335,0.15738384420675006,-0.2674191202691307,0.23473216655642395,0.3273882552950297,-0.24975924844821717,0.22456890366513285,0.47094242227969646,0.9929152961546134,0.7189724304919236,-0.4366752637628408,-0.22517983646453893,0.49317679098998984,0.9909323043233133,-0.38854173783274865,-0.8050994445690484,0.3194260499051454,0.04758299418008176,0.8654778865933527,-0.3306599960111658
TCGA-YH-A8SY,-0.699475592001986,-0.13470019653844176,-0.4709467344406543,0.08120961622167429,0.785787509681741,0.7712068484017571,0.6012265278850172,-1.4283468453091333,-0.21992166194655652,0.15432843121405926,-0.3302851661465046,0.43611286335760135,0.4492483244136056,1.0518486476404652,0.28132912730389914,0.5550330943175,-0.839797055025981,0.42340999083571224,0.7506647733432703,-0.7963985676445666,-1.0600095350888348,0.7417294447798205,0.12766668395707434,0.056172156324846144,0.06872100078782276,0.5480174086759625,0.3308207821513723,0.664794252429416,-0.06013749367082533,0.2964575014308418,0.3638466400884884,0.36604041580073254,0.41394548306025875,0.3147498499893517,1.6691767833533344,-0.06300876743239969,0.8646381123344198,-0.8343440228661848,-0.740903709991122,-0.7239022750067884,-0.3806469361501148,0.21677249287149125,-1.0555534168193395,0.4549898821280972,0.8589835060798824,0.808319013122309,0.0402985794123915,1.0860617421855383,1.3943845913598807,-0.7186107709781674
TCGA-2J-AABK,0.13813718962864546,-0.8279334436015796,0.28974504464397915,-0.21871011108910104,-0.956841993907548,0.046766218292901174,0.0993268499649306,0.12587268268848406,0.7728515006099048,-0.2692292024559124,-0.2267820336605367,0.46524519819367566,0.07269073876027043,-1.1724143754150682,0.7041792388575997,1.0204696627058683,0.9335541516441528,0.1186500364833638,0.06769500673130785,-0.15160227853810607,-0.03744322125376893,-0.13069991516426752,-0.34272276441723326,-0.7004004209745126,-0.8155028948800569,0.4871504473231981,-0.03740947346352872,1.7197229453754341,-0.2678587517005512,-0.5542610728497305,0.22891684866399012,0.9274374881200999,0.7201116122267932,-0.3915384086500305,-0.7108285196657153,1.0981229485643982,0.8050152855929203,1.599470999565737,1.4867109188415566,0.08287064886714478,-0.030783172303350943,0.48893635495033627,0.8904794564164009,-0.41269177451665107,-0.056216472217186834,0.921889490870901,-0.6784841039644942,1.6570850372501902,-1.8309683502842207,0.6020273072271501
TCGA-F2-A44G,0.47920365918142377,-0.19935495181883983,0.512224654024103,-0.22991220254956157,-0.13060996640195696,-0.18257201048912147,0.6390985189214482,-1.130380852503789,0.9831204574811289,0.6052759785462574,0.3020976219870151,0.16466207012742334,0.7882706512372601,0.282846825870735,0.31849541482425825,0.5838420311681797,0.39670244120896253,0.9214412706967064,0.983545442609009,-1.3662283056248838,-0.8500061132148625,1.067356332270751,0.2559623362882605,0.5588640639938649,0.5040083966582868,-0.029266274495278376,-0.032100722117148026,-0.058512040315740935,0.11559727841002049,0.7619136049688572,1.2731758837414522,0.9004504375572833,1.4840786300620843,-0.7464346932510069,0.7576753731931297,0.085230228920409,1.2719576763116869,-0.9824963931718197,-0.16886480608646373,0.44990272653835023,0.01849889190096143,-0.5597437360647851,-0.6472172956549235,0.38201570130380674,0.9242110197810038,0.531358536248495,-0.03462867791363312,0.19349544378009242,-0.12792642412355462,0.45652354422126495
TCGA-2L-AAQM,-0.5583319985329552,-1.8395404688702837,-3.489795459927834,-1.040978026806634,-2.6687843512875595,-2.9728642593528978,-3.1165545766743166,-0.20435262846998029,-2.4586767798415003,-2.4055672992618486,-2.3070660151588798,0.5885069159094745,-1.2622628313370554,-2.0374060951878135,-2.8223038743387567,-2.5311398820266713,-1.406916775844175,-2.1056884279190093,-0.31030953297569097,1.454648646235209,-0.5518566069027875,-0.18772033859451748,-2.483683331652508,-2.509339794651958,-2.8587077889064934,-2.5538067259672,-2.629528205326437,-2.720666480760565,-2.1538255234119736,-2.9102881381156758,-2.0109559613048518,-1.740060343114773,-1.4372565396755268,-0.5103673090865248,-2.71848806066321,1.404970104078114,-2.235950433894755,1.0595088667727965,-1.5268438404699984,-2.064878434468654,-1.2272474263926318,-1.9875960134789332,2.018006775644108,-1.9367754124571868,-2.7758141638151046,-0.9657392543320856,-1.8577115980142023,-0.6583356518468501,-0.4736134773755701,-2.4022167825434844
TCGA-HZ-A49G,0.984858244596339,0.6781170110310224,0.35797298035001834,1.2008872538771407,0.7276118515691887,1.3547377389619248,0.1617878690745395,0.9895811719336417,0.5634260949696979,0.6635162976604783,0.943174552854947,-1.181248875753664,-0.9250933166288632,0.3485266073017843,0.7593320622256272,0.6431214481248114,0.7616463758446609,-0.8119006141947247,-0.0037263594312638387,0.5583595301437457,-0.1301435797013451,0.7371882571666427,0.7457769447228503,0.9167368236874578,0.9864999047518873,0.5556537723644268,0.685569183404484,0.8902867659559863,0.8595115571914008,-0.01018692615196654,-0.2736444046500292,-1.4405280165830656,-0.9102484176029818,0.36916009127702654,1.0276216535647409,-0.9582084815380568,0.019919036327872574,0.6948154842348285,0.9228544831283244,0.8172982792979624,0.08034288972988392,-0.48565485916835444,-0.6955352210969686,0.2847548588771262,0.3596691137259541,-1.2145190032211965,0.43049228441159465,-0.08617251406809531,0.051580019152936744,0.7866341221171843
TCGA-HZ-7923,1.0521798474848119,1.3878702196863848,0.9361903688516794,1.2158489039929872,0.7688414061034367,0.5305979181774527,0.7488733766832939,1.3891987322006543,-0.9829212506094626,0.7825879967283116,1.2184301985455601,-2.124199230812831,-1.2383228111217581,0.8267109209634766,0.3576688656683842,-0.2251108163322975,-0.2919175595620961,-0.9976265842079622,-0.9719743772368048,1.7887812592264452,0.645176347145396,0.6964978755564928,1.5190938858235576,1.4824166466600426,1.294075220870261,-0.02500671430800065,0.6281023122251688,-0.10142549220861999,1.4836592651539504,0.03983722072460778,-1.1306111017801712,-2.140477001195207,-2.0574695666946035,1.4304148753621417,-0.10257659489723243,-2.2151977119701636,0.05035144219670694,1.1881772800868058,-0.3077139205581504,0.6843151351619277,0.6204080287587519,0.5005561105555588,0.4468446445906035,0.7687273771663424,0.8552776040772202,-1.218951724112444,1.5764654104195643,-0.23138386348412926,0.5689946303313923,0.42903743081122964
TCGA-FB-AAQ0,-1.3520364856089773,-1.068981462605231,-0.8171091429193265,-1.4373503521114948,-0.8817396195475783,-0.6827121084034938,-0.25694573084714123,-1.6686834963696584,1.3048227854381445,-0.3322997319519914,-0.8469476528925061,0.5887299153050433,0.4832077209233848,-0.637129501770657,-0.2378901125104053,0.02292495853744967,-0.06848018219643352,0.4742362886634167,0.703743650869627,-1.4284909529811394,-1.052966621358335,0.37929520985648035,-0.7435054608515004,-0.615346897512713,-1.0159848529697666,0.6140935371773392,-0.16892697466071346,-0.8543497154051357,-0.9615163564527344,0.10455401946940801,0.3629923726776729,0.6230574626195146,0.9364867630839432,-1.2364997774840625,-0.009337521039500914,0.016982106080770974,0.3398708724648664,-1.2669210356282175,-1.1863945161157512,-0.9275881466000434,-0.1371909235517384,-0.5173061922043628,-1.1831966273579424,-0.2046124251392409,-0.2617666256275349,0.355659698335341,-0.7769856451876154,-1.7212247791210165,-0.0856495303009513,-0.12181384402380209
TCGA-FB-A7DR,-0.48638932551943836,-0.2827710902455532,-0.2099151250614539,0.1369360421340986,1.3182029595838844,0.3439379868185219,0.29680644400021505,-0.6660559930523916,-0.8500918988290577,0.35339471430761676,-0.2395125219497545,-0.3362554849049619,-0.1625825798925919,0.8522827991135389,0.4069946746011726,0.11841846255656442,-0.8484277451959797,0.029668656696322217,0.16075889948456767,-0.3217202550161175,0.9694472046547706,0.2541621408578978,0.18893917889043704,0.38747602347531096,0.24175967909443102,1.3330814474087713,1.0034167802131184,0.3662364795209451,-0.1535417015738403,0.5863767776761487,-0.3000299289331746,-0.5467971966922389,-0.5725886438896005,2.6737539508959607,0.2880732935549139,0.23936715778452688,0.28221990000942654,-0.9435011995255375,-1.4886103321430835,0.7876112257454291,-0.09880623419108282,0.26804351678309224,-0.1261158780653718,0.565658536512408,0.38363035859175726,0.07876384900591497,1.0834422887008064,0.3875777203589431,1.1771728631870715,-0.3679794221855084
TCGA-F2-6880,2.484320878295636,-2.042020368275521,0.4587769406902169,-0.2605422627017377,-2.4715657029463736,-1.0868097539223567,-2.333133426188533,2.7429561463284657,-0.310468790196379,-2.088139872799931,-2.0504244715080837,-0.3535151782603998,-1.8039801539870095,-2.1311277290467787,-0.45481854606941946,-0.6984591681076547,1.6916685395757611,-2.0035290549062528,-0.8464093517722049,-0.2536424275264461,1.9895191922977893,-1.2854101137778116,-1.8988502977601025,-1.7697102554050395,-2.1378679196666397,-2.114110122343367,-2.1964080435750475,1.4609133455298122,-2.1489241776986407,-2.0038660306853067,-0.6946837939466265,-0.5535885386153839,-0.07462294879245623,-0.03919901895680498,0.08105194399746511,1.5363764212884818,-1.181444630906491,1.3705962665830285,1.4103946761553623,-1.5818584671859353,0.4769784050347661,-1.3811058816059634,0.20987733848305545,-1.5642314910819568,-1.8812022557492387,3.21940433292177,-0.5462264336935496,-0.25418324212216686,0.836344725812069,0.43484154735037667
TCGA-FB-AAPP,-0.3544872766553327,-2.3995825688214483,-0.40997361545977423,-4.664320393255757,-2.874076315222064,-2.2926264964584337,-2.224699395768688,0.30299977750950746,-0.0563106927311896,-3.472122818457663,-2.2675750740152485,1.757060198201449,2.3795505675455524,-3.216841947225603,-1.350301800878855,-0.6943673234272761,1.4817324092041524,2.2511140410089374,0.8413881152555613,-2.2282686645698324,-0.0020691407977834176,-2.6125012145704765,-2.6558356838619477,-2.70606376588937,-2.1782071857443457,-1.3505187013276085,-2.060821524414995,-2.2451143878556272,-3.25083566665461,0.4599088460694279,1.0403705703308508,1.9321444759676862,1.7481278300698448,-3.5440824262256445,-1.1097408626367005,1.988014993443635,-1.5852679737665594,-0.4568743727350819,-0.3626813414090605,0.46965065465060973,-0.26644941998446997,-1.1605375423839466,1.3413916160803678,-2.6090443379293555,-2.313418205838333,2.200193805871512,-2.580620464649503,-1.398725908790611,-1.1437779314551464,-1.459427971843787
TCGA-Q3-A5QY,1.3979737475819105,2.710034984875009,-0.1937534869168499,0.22967001972862,0.2875790817425082,0.4533793321479807,1.3511095296995832,-1.1675958619761055,-0.5121795246720101,0.025893986869425796,1.5851584233753018,0.738689605430585,0.13519550146710937,0.28598183285954043,-0.9078774025601707,-1.0672158932246425,-1.050628959744211,-0.12871222931376472,-1.77979134417827,-1.0294525109077401,-0.5170182182296066,0.29379548554850504,1.8202302690876502,1.5240661802286541,1.2949137475370354,0.4642697808075263,1.3513509024566106,-0.3118372165531736,0.47351049935135553,-0.557869158043335,-0.46394463954326054,0.2633321756819463,0.15727071766093365,0.45401857974458104,-0.6033077873999245,-0.24402634907470444,1.0422274698884515,-1.70567439395028,-2.0604767684722,1.9741802718305557,-1.8516176178838926,1.554796544532871,-1.5502487011769395,0.12916100185978016,1.4116813405038346,-0.07131555016975558,-0.16126240239732736,0.3981694403185582,0.7083583876893227,-1.0055563675924504
TCGA-HZ-A77P,1.2802939960395932,-0.33022185324799863,0.15009202041185132,-0.02916036221735842,0.9298654098423341,0.4477354439589458,-0.5817770472914542,0.423237534511364,-1.3353952354893197,0.32653544740022117,-0.35435335907762094,-0.6006036100135286,-0.6893698059478051,0.3009972695177392,0.32891200099707907,0.4852245363863847,0.6582103780440053,-0.4299805168864069,-0.5060534341347389,-0.05894443217956632,0.3587546534675301,-0.19602683123610895,-0.3085322626295289,-0.028620938423893103,-0.22806425626876486,-0.5654790946897368,-0.36041820261653207,1.0138753376971177,-0.05395378135137407,-0.281980514002337,-1.1472611070617558,-0.49299587529147687,-0.6125853480678712,3.434905286127086,-0.39795272429560696,1.1605484047424077,-1.2152388704980381,-0.29491744210329424,0.09767833276076643,0.661851183473059,-0.36990713605259923,0.12120922527704453,0.18306237115327187,-0.28510535358817407,-0.9011294854327777,-0.950089962365556,0.9941182330894552,0.10921420760297383,-0.5207521088061974,0.02983789292169494
TCGA-M8-A5N4,-1.3689225281825046,0.4508750238083996,-0.20241555126770222,-0.09350734295071181,0.901637614665402,0.7961893454383796,0.5502000693490863,-1.0265619808821396,0.9901404447519878,0.0871470817355177,0.4501455373189352,-0.315602688603305,-0.07360266968632338,0.38100180412114687,0.21353231014042648,-0.38095723873360715,-1.3296165036286718,-0.08573852937286482,0.624666727531488,-0.4476723343587054,0.09621511068287097,0.6973132986229655,0.21836434062206517,0.7443827739271551,0.9349432226153291,1.2231630289721456,1.0760575641903734,-0.7731893775470522,0.1903743249483455,0.6047609761491478,0.07649114350698766,-1.0115124074706883,-0.39494747632756316,-0.4557146002765331,0.9275126384526542,-1.32921500165387,0.547938755140129,-1.6307250028910971,-1.0428805997979063,0.20618785530173508,-0.018732784025263797,-0.7644940673278313,-1.3193399990823504,0.5244739320213906,0.7896430746985142,-0.5143622068829377,0.12357767691539506,-0.6095867432484088,0.486448629559206,-0.8323275282489018
TCGA-2J-AAB1,0.11709801690029611,-0.021213107160260595,0.02321441443265861,-0.28430991015792767,-0.18578340216994152,1.013178985263909,0.5687402328424178,0.7000521720685999,0.5318628282922155,0.5166604541491376,0.36151222406177236,0.21941227520239986,-0.3556180194922846,-0.20775520891583463,1.1232601175483468,1.2980729026469668,1.0589601925875047,-0.46650204577304394,0.016280049244133246,-0.7400768540059351,0.4076937363876182,0.03291847123562584,0.027843537144864667,0.4378261260860824,0.031532632734424235,1.0231279358004302,0.5618887844770952,1.5693618360498807,0.16790441385006669,-0.144248568171027,-0.8178097986631632,-0.7664892489191145,-0.47952175733901087,-0.20359624782591637,0.37664289247487254,0.1408670494634367,1.2010164903666873,0.024495564684062367,0.6566372167429791,-0.32545662007968906,-0.5459310367670693,-0.4516625771433489,-0.947393479924079,0.1729390940047966,0.27428416064412015,-1.223268647394888,-0.09727078833794175,-0.065639159616731,0.447645542616534,0.8128228328924586
TCGA-IB-7649,0.8594438107142675,0.7719569064462135,1.2373648794982954,0.7435209495524217,0.2956483346754306,0.437739185671886,-0.08001718531935333,1.5065855694397168,-1.043405709831186,1.0278858900322847,1.36170535008171,-0.9383938077454015,-0.8079706578248391,0.33025214322619034,0.5658297523037437,0.9123080680153514,1.4469673452735534,-0.7149810278013601,-0.20843648930144973,0.3288210586712661,1.9196318026304242,0.0253156536622018,0.9431913680298661,0.5644905965745085,0.5507746519037646,0.2897775072732746,0.4241708969026813,0.4913787003042359,1.2213174808060168,-0.5309350408228873,-0.19505777126263255,-0.2856743648565839,-0.8861352641517019,-0.43456856916243214,0.30803373448697957,0.22235568873044953,-0.9465746678399641,1.0017647914757313,1.042070664064186,0.604728098125374,1.4600147027071873,0.6336889133502961,0.3524822118607746,0.11251352637973067,-0.6937444351735503,-1.380735239437859,1.0700854522209131,-0.37323160658332516,-0.21344811664280994,1.4499437987017243
TCGA-IB-7652,-0.22029656357483896,0.17824594051853854,0.966334086841415,0.9732581515235325,0.22730587097474922,0.4028247259414696,0.4070707142061038,0.5417512947689989,-0.24111988373252846,0.337348481467551,1.0330280497502555,-1.5825698448040044,-0.8453911889484952,0.41523729346109634,0.33877622454077244,0.47116765959139173,0.5319364443532725,-0.4032337640808211,0.19678560382392704,1.3172197850216847,1.2607826960855961,0.7304662636397597,0.5211082376135197,0.31509460926811755,0.7241452417318883,-0.41949924314398923,-0.13635036289668354,0.5193285324046902,1.0799390737764873,0.4031856107365646,0.2914839500098656,-1.206645095915065,-1.2888616822206178,-0.2544640955605753,0.5225226121298435,-0.8537389037271338,-0.07472599210722937,0.5414144243230674,0.5753303648918202,-0.4056619350413985,1.4464345661223823,0.47752917902542613,0.1928262359128353,1.044710679766357,0.6549555193715453,-0.5423199970668903,0.9267441660892773,-0.20307507787582862,0.4088881139350332,0.37508564571175307
TCGA-FB-AAPQ,0.30328424625609335,-0.5605600789942125,0.7716522795620224,-0.1843431381288028,-0.5196062168047788,-0.8828366253498082,0.2713481560509361,0.4426076664747479,2.078656016529031,0.2871594741072815,-0.07483094263613596,-0.7678305684246094,-0.43772170646323255,-0.08316888236992168,0.2917468233619707,0.7202181954032744,1.4069753463682229,-0.16243072763178118,1.5376813200156219,-0.8544081075152907,1.8986217947500603,1.9243223197202164,-0.09363288955197727,-0.294979854448249,-0.2905157265747744,-0.5832671453457712,-0.5422730723707373,-1.147058254833763,0.13736467146741038,-0.4333329495400455,1.6471637612667136,-0.29685251444774013,-0.6589825582823653,-0.7052455625078213,-0.366849042786612,0.7685114532662163,0.9362296796684592,0.09504821653050889,0.6478573540459389,0.23699391519788252,0.6785119792889888,1.0115357709202841,-0.06133158514148786,-0.24274857308573472,0.7803922908782732,0.9492499647792502,-0.5408935495994446,1.2068618004345737,-2.0793436382190746,1.22416014036449
TCGA-IB-AAUT,0.020392707909426256,0.7939157583973061,0.33408875512900715,1.1808081065288647,0.3912094452861319,0.7649447443268801,0.47765336350315035,0.60958386569968,0.09267247618116223,0.8570185855224127,0.8287579221000799,-1.337652765223994,-1.6935050204087674,0.48212997488032877,0.3356045709698018,-0.08371408936884572,0.3840309539155577,-1.5509272738272224,0.12054297929447806,0.7300405513888436,0.9402814252450602,1.1877950108653474,0.8829736668950148,0.7179846022016722,0.7965280246716688,0.18851372593990431,0.49042520587767935,0.4428203413506886,0.6232567884719079,-0.5775586189559636,-0.7225673776561463,-1.696755668150146,-1.5660224152300646,0.8545169424349935,0.24723157702432524,-0.5366791169917535,0.028585000069876593,0.5095078505629371,0.020556213646249728,-0.33815599320886114,-0.01707164183277977,0.4388806868948557,-0.3580113153544776,0.40222333715600483,0.5089392042470021,-1.2722094420356285,0.23346576614434622,0.6277859012795534,0.7309928167759194,0.8024150247518292
TCGA-3A-A9IS,-3.334622927586229,-3.1729271063980553,-2.3580258254405426,-2.965665566071909,-4.074811847395726,-3.9227482141531125,-4.6698305967903835,1.1712013825749412,-3.077258758278065,-5.263026040208516,-3.908011650909726,0.3849980951226013,-0.23668294490065322,-4.13312094571885,-3.3722612702333756,-3.3978982234800825,-2.1777956312924354,-1.1035828069178644,-3.713642663506577,0.7550510864247576,-0.9986685759991768,-3.853074204278821,-4.002099490256897,-3.9677660068714973,-3.833138578106359,-3.4868983604224,-3.7032694864357625,-1.9669093158248843,-4.100884520469123,-1.479982519477281,-3.337167239288516,-1.3573758005346965,-1.6774378773692757,-2.70604862396029,-4.939833373393374,-0.08415195866596165,-4.842233999260605,1.715738749164293,-1.3729997711701039,-1.8675903874081878,0.34666163349531187,-3.8544804063667,3.366230278989891,-3.6617652427766343,-4.058459254143871,-0.5265510943521532,-2.482518033150645,-1.0050987851799094,-1.6104197715297819,-3.141442293038007
TCGA-FB-A545,-1.329229627252507,-1.297885822296002,-0.6079511409144289,-0.25172547799766776,0.38016977074197744,0.48721732604155227,0.2393625257724121,-1.0261693999081407,0.5333737270970724,-0.35684776331474494,-1.3445519172559632,0.03615157997310301,1.274813406232649,0.4381101242790451,0.7262346730052444,0.14788334991658605,-1.3172516030700374,1.2496659687897853,0.8206056559408603,0.2358518793605306,-0.11195533320114172,0.940790436013204,-0.5754511851352262,-1.104270956275844,-0.8712713419892928,-0.7656778309026386,-1.0066930157095162,-0.07236812417147385,-0.5321940039676508,1.6017415284212084,0.06826114320861118,-0.055383062003394885,0.5339110575898918,-0.27191616193262386,1.001354225743767,-2.0460386148249343,0.20372352029763918,-0.4680258592806069,-0.13170673262665375,0.5240411956645104,-0.3898385525182885,-1.079672665693572,0.6474891119361559,0.7152821274974852,0.147020173664723,-0.7287737657252333,0.3078178843280696,-2.141229987629395,1.6725079672447418,-0.9658610015276271
TCGA-IB-AAUU,0.15436056981225538,-0.05343179624680042,0.20639828521911047,-0.019973801804276117,0.26908339471303827,0.33997251212158935,0.3947737017561427,0.3935956294411215,0.670888543319244,0.5260619175954167,0.5640650306350964,-0.3131263048534152,-0.20875705807530848,-0.14231952640898557,0.23239612359792225,0.5316060874982521,0.7532368533420061,0.14393388323125644,0.6656105210877586,-0.0383127355406241,0.5097517792539978,0.37545294533449924,0.3238947934512365,0.2707996259961578,0.3268905342380291,1.0894511247729501,0.6717021979642618,0.3439209692635005,0.5650740630946485,0.4011407812677477,0.4323923922783694,-0.27177777634912675,-0.14992865847568332,-0.48624856175185194,0.8313536095559103,-0.07608090465188108,0.22239977049774995,0.2707532828022589,0.8443571219554592,0.2318956397652219,0.11463040865965964,0.33930190111895947,0.13293496596110888,0.36927972596403397,0.30027054471995807,-0.4621522438691323,-0.19062156123385957,0.29974456697090146,-1.2466687706097024,1.2219457301946695
TCGA-XD-AAUG,0.04866030284268957,-0.21771676457092262,0.6563233219178625,0.9248867422393293,0.878434627278889,-0.1119582692559161,-0.022239167126189317,0.22294479260695074,-0.8427703632701239,0.5369395707069501,-0.2755564637620804,-1.1278097120331454,-1.8197095712760318,1.2783849234613394,0.39042938042365294,-0.3894603507537456,-0.16373560470842508,-1.8150826641514988,-0.6602166437645526,1.4362762403208336,-0.7253722350510903,0.7741777050410344,0.80150210782931,0.1082384398284385,0.14233700368668203,-1.5177844813968944,-0.933733845291926,-0.5131336671615536,0.6202027455942772,-0.9295726430550876,-1.0915113988402256,-1.1327357780575316,-0.5561198384109246,1.8033788001956077,-0.129675258287643,-1.034460429259236,0.3129876217923592,1.7325236624450386,-0.3203975316822643,-0.6474627304810164,0.16327115182120672,-1.1550058206299822,-0.22936853930138806,0.8032532112894155,0.6300598070628882,0.129142079611299,1.416856016508635,1.0538137539525796,1.0248718371963565,0.2232154794839423
TCGA-HV-A5A6,-1.2149262774485057,-0.6803257981691174,-0.7704793172655499,-0.5486278877399058,-0.08617578940081039,0.11412078596485278,-0.019734623008034646,-1.9810694951811316,-0.11792922952903835,0.13950178964386045,-0.47966047586522953,0.8092159332836383,0.7532937795459282,0.21809183780176705,-0.6186138239759332,-0.3853491107275942,-1.1397152146266618,0.7681553580921885,0.3296419698370113,-1.0943964805992321,-0.7976401539109059,-0.08839351992796879,-0.5343022426880113,-0.6059248695114078,-0.3005876559036185,0.402101767470187,-0.07191666129918112,-1.1018416266984197,-0.35850534836675757,0.39248977422573045,0.13662781725786743,0.9373063532842191,0.38354758508068587,-0.6327327863108172,0.33330752183062284,0.18473133821836576,-0.036803110969943514,-1.2012853791612021,-1.4246955982706215,0.727617253203561,0.34947207865052116,-1.1287334080991158,-0.4779541419008877,0.48602584098401974,-0.043800828969795084,0.36329592408864797,-0.306890970743383,-0.27398005012346816,0.3674340597555482,-1.44719370321551
TCGA-HZ-A4BH,0.12770818896709843,0.8025682795777841,0.6812397423643608,0.32436657598416047,1.1919720333754544,0.8440510014345525,0.9209481275723039,-0.4647835328879427,1.2019903543192787,0.3584364840508786,0.9475693552241605,-0.6350274496829893,0.3280313748808905,0.5863458988742585,0.4151602779080365,0.07838486915256826,-0.7472894174000521,0.5073284347566455,-0.3816753982814723,1.6982190688120424,-0.8933079286590747,0.0928950645929645,0.9007695046415162,1.0769025282913736,0.9881612231365294,1.493971984393643,1.2914534028386477,0.40091773717528933,0.9723807465046399,1.1012008471750372,0.9411195492855612,-0.2834232892875516,0.028655620170087565,1.0048380438223523,0.4103516997996333,-1.655317648829505,0.7971337042122272,0.9426155215505896,-0.42634333230584004,1.690502844852339,-0.06412889310394537,0.22502960361790317,-0.049172361791952175,0.9293515845167526,1.2172867092140822,0.10442901365213367,0.5964306745685869,0.8939703861948354,0.7721920916626405,-0.1994312513153156
TCGA-HZ-7925,-0.9649860271776605,0.2287361701925367,0.5249463970898907,0.1664211202034053,0.9519318361049992,0.5533752947827403,0.8700964177546572,-0.02952713893872568,0.024800403394055384,0.3991541327793952,0.27690917582885805,-0.2845431552547991,0.07948355292007006,1.1710405168391633,0.42831868712880855,-0.21750769506902423,-1.152479988800699,0.25263199186524676,-0.32577046767846246,0.8301481949480815,-1.5700276830219717,0.6322910531870644,0.622050842307716,0.41691872611079916,0.8299262065818008,0.47247631766153425,0.698387908840547,-0.46702052258761834,0.6393372443881438,0.5299085401427377,0.18368257576696262,-0.07561906393547722,-0.01864971206785731,0.23484455597683582,0.9009894884519439,-0.7580067335059187,0.5165781885837126,-0.04138763479000307,-0.6083788588712324,-0.12186398306048261,0.7972167881087946,-0.5999942485309742,-0.22400515874964572,0.6853577149700428,1.2177582226883923,0.712335422734558,0.9786177490056848,0.45964465439903357,0.3710401967190498,-0.3626591964049999
TCGA-HV-A7OP,-1.0178015129761901,-1.491457147575017,-3.6952936398221814,-4.517844591075596,-2.901958880210202,-3.0085657561296664,-3.086139251111629,-1.975460090034058,-0.11767520616595557,-2.4672085924517595,-2.6464072495800885,2.9566801720358473,0.8885749390551055,-3.608148121198557,-1.3993400270655967,-0.21786568282485166,-0.09127205676587682,0.2519841762872197,-0.5270545438575437,-2.2009814730455117,-1.7995903232859132,-3.1911248647579264,-2.3910234722888264,-1.8392396812785854,-2.4945643517556837,-1.5805343838104278,-2.0676811673056674,-0.03882015432241107,-2.791542004898792,-3.003909088044022,-1.4186399389322792,1.1398924394133512,3.0690492233117825,-1.7724569697649386,-2.1327771603432715,2.6878256674866083,-1.948575313391565,-1.313456478915838,-1.536474493085793,-2.565423216762784,-4.742267157800264,1.1026966399224016,1.0353996605533105,-4.761492258169306,-2.697387773185048,0.09920414086808857,-4.687394829190239,-2.2785416730173105,-0.35341184858753705,-0.6882451483137046
TCGA-HZ-8315,-1.0534081822972456,0.4503347445266702,0.7768581872459058,0.4532178437649052,0.5405390459689421,1.452611107262902,0.872856953164495,-0.22691046546430443,-0.12538867470118498,0.4802404459982884,0.8430218162955408,-1.2955881986544509,-1.0560266195967907,0.7308796304000814,0.9081374792777377,0.4151668598933641,-0.4552654609642731,-0.6458697626304951,-0.6550422345235346,0.4365164922207539,0.12861320083128483,0.45774699079728365,0.6815488316813656,0.7874415228969416,1.1133710020190857,0.7301926161790708,0.9361507593740703,0.7352639381708358,1.0909513514625986,0.16190403291257519,-0.41222534109576936,-1.1517503411729666,-1.7569034986071113,-0.20642900779016032,1.078697729853035,-1.413262371151451,0.2017826033331633,-0.9237909228878384,0.02094176839597084,0.05164812969482924,0.974111320537938,-1.4379862103697811,-1.2892821299435053,1.5200311534800128,1.0274079592312666,-0.9459731078717472,1.0190640165829332,-0.6136418349441717,0.20275137027325651,-0.31215495728635484
TCGA-XD-AAUL,-0.1910735775673059,-0.09841228345777746,0.25411800806692336,0.5953759327025483,0.8390586669138894,1.553535758619114,0.20963635934731525,0.21905538343378214,0.1971923469356499,0.6197223142583627,0.3803039863978577,-0.389749167028677,-0.6249230597783271,0.5069915016226081,0.4834461328912459,0.11048670772826966,-0.7154942401449765,-0.5075736763149945,0.45240167915171825,-0.1470725537361468,0.11508914747363189,0.2586664969505704,0.18136215294726923,0.276481693737983,0.39579594372410665,-0.033027233667909224,-0.05300446197080301,1.4460677545652225,0.30088050577787423,0.3688982546771111,-0.76894448485099,-1.0536263481586199,-0.9848932782264156,0.14290090866662541,0.678511181470159,-0.8130378632504912,0.031694612669946075,-0.2190240235165528,0.024219336496000582,0.013103372056980834,-0.3224244625985645,-0.06347985617171263,-0.9923398568249852,0.6149954407751864,0.3748147277628145,-1.455756425650663,0.18855352168107756,-0.46673665642158857,0.3002011826228393,0.32624662768256646
TCGA-FB-A4P6,-0.2008127095498751,0.010899677489647453,0.6789211162993993,0.486091878999546,0.1854880957773315,0.7013679458618843,-0.3942944664864855,1.4817512178834833,-0.4438795859075925,0.35086812826946945,0.10146650121931185,-2.052726175108107,-1.624259349945096,0.03114440769413158,0.7080447676845714,0.264010410762436,-0.19717852575917635,-1.3874141731554623,-0.3004490395783655,0.9716962423019695,0.36557053889558905,0.09117619492471929,0.09622762944661774,0.12417474858146918,0.0108279561057305,0.4722883992486398,0.2055276130861926,1.4045900193721303,0.30574980024149284,0.13942753914276707,-1.9090830176503657,-2.6221897477285996,-1.6376684217878792,0.6345935044423474,0.0834996380638599,-2.1771202437390964,-0.733199863520513,0.43248052363261974,0.8826774406520971,-0.6573541287002007,0.056739041341649726,-0.08363360492355044,-0.5518940038659342,0.2447035281113009,-0.5193880501121023,-2.0994193249419504,0.4842370245102804,-1.114466316582606,0.2779468306406968,0.8160644349675361
TCGA-IB-7886,-1.2080218364466335,0.5326050615588593,1.104819502206317,-0.16085958398068553,0.39651597654082954,0.13615498129212358,0.659031840097094,-0.6984080839841461,0.23126008995589828,0.2780095794803327,0.8164241790469569,-0.5924007486816406,0.3337684877405492,0.5056432165004533,0.5225301619464973,0.019452063659093514,-0.6775785422434837,0.5620651672971063,-0.008530101933227077,0.17162138256293666,-0.4942009686832645,0.41097891672600156,0.6564085895133395,0.4207977224884895,0.7817172445881378,1.0759265769016277,1.0768794645560917,-0.29914300523660553,0.6676949991170843,1.0063950165182498,0.5320035532390531,0.3437773436591393,0.09318636500509639,-0.6089969218091238,0.8289420670266863,-0.305255621352022,0.11626176625765301,-0.7429234456792131,-0.7146479392328035,-0.12532820875445191,1.3621400936704273,-0.8964611167147749,-0.15585780437960225,0.921796905255217,0.970709658434732,0.42851532020152383,0.8543367887332597,-0.5522848849004603,0.014249193803837767,-0.18819545068949353
TCGA-IB-A5ST,1.2926531427958008,1.3865597615225471,0.6112844959555402,-0.1506889849417383,0.8988807479499789,0.7780397854654448,0.5936367106120277,-0.7996538670391213,-0.34500653105881923,0.5491834574817613,1.1599527929584426,0.09371201622329982,0.19069295667511935,0.5414798540657837,-0.7118668618213412,-0.5327710983128497,-0.2472001104992523,0.10350059526286184,-0.5800792950434983,-0.13070823716674007,-0.2467856564181421,-0.03870010473873419,0.8206476835004208,1.4764529342499735,0.6915963086816209,0.1385857977363404,0.6754598142713929,-0.6856948148882206,0.576364920516986,0.43465352673105634,-0.11137522176107353,0.2558683240965017,0.23227377562761267,0.6478099632279845,0.07939881175917388,-0.27494236015876117,0.004730681544467934,-1.1701880205095319,-1.6729297765281705,1.5172432966016502,-0.3693842504856953,0.9372406140918255,-0.9207767395105639,-0.1714504205057593,0.1664519837640183,0.7741256065021938,0.3397469371887485,0.5491903561134789,1.5758911969928535,-0.078701798948335
TCGA-YB-A89D,0.35489606703728704,0.36913348890022235,0.47598023511581844,0.7146147959943899,1.2665622862180843,0.5502391430050623,1.0747256354450176,0.45770105249393483,1.075552664825308,0.8939791449957922,0.7813854689415243,-0.8983216361757658,-0.9623192195905994,1.0940806054618168,0.6880179278095616,0.6639415943828871,0.7105643259507927,-1.0241015326724558,0.592797089560568,1.1268894086763341,0.2790895406429234,1.3317689331262867,0.7822614125451676,0.22524137105953146,1.0078428348883872,0.1650794633329649,0.2130598948070898,0.13871111520729223,1.3438294557630264,-0.448574406935965,0.25509047257277,-0.6695485891868573,-0.6537715105105196,0.8522277383217673,1.219735269099648,-0.2079389918624922,1.0192615725428786,1.0987798473587342,0.8179126690478076,-0.1424071561180053,0.27224137246050006,0.12053243435665076,-1.0183301978441628,0.7498202091833975,1.2830436010433153,-0.2171753970697105,0.7186050700823376,1.4629576279902856,0.9256077529458817,0.9050560672510041
TCGA-IB-AAUP,-1.4363097236987705,1.9313402805898485,-0.13414018116861304,-0.06851476921305767,0.910137444656653,0.392420005259255,0.29969895748278336,-0.8363160300882115,-1.4210694143380438,-0.13319251308467234,0.8297997565291729,-0.22795065145371304,0.7301638123191564,0.6391919358304888,-0.5760099793468579,-0.7128223951309453,-1.5946935920076795,0.7651439377457606,-1.1011011822605903,1.0007194551445195,-0.8817417473576306,-0.4231469397841637,1.0786355868230726,0.8832783956321067,0.7140383443830525,0.430064060374685,1.0513883303798603,0.14812614511784855,0.6655009673782044,1.2224378300784644,-0.6103294898588668,0.050427418682830696,-0.8337803482250541,-0.1430268337070877,0.4354514346877149,-1.4216108723888148,-0.2255560652868083,-0.6233103684434985,-1.0632002052977703,2.0386028418135105,-0.5568985851017153,-0.7482921876692181,-0.07457032450606774,0.2767222082771184,-0.1612045016996819,-0.9081882723967786,0.658961208342578,-1.7552255709530358,1.575084592271953,-1.188525577883399
TCGA-IB-A6UG,-0.29789905436628217,-0.20045246684432994,-0.018441435830091054,0.5122422697276593,-0.13874886977526837,0.6156412344818638,-0.4865332380230018,-0.17229685801546724,0.019500070546977336,-0.36190269430342115,-0.4921609224527947,0.6780786064274477,0.07758174220087011,-0.4749568686018774,0.5225421360473573,0.0453285142972659,-0.3478045771718615,0.17157723632874536,-0.4251712669141194,-0.08314199208626924,0.8730073074708232,-0.32463346233843526,-0.48849316989131075,-0.4501529037002308,-0.29501648825864885,-0.7274041673692571,-0.6468242896393075,0.7545110336959814,-0.5648333823640922,0.18534760085076307,-0.1624042099111896,0.5327716586489541,0.8691100265022355,-0.6395296770639406,0.24462021818907598,0.1961049101948421,-0.1541494618339357,-0.666999145723682,-0.0068015367427099955,-0.218003028482498,-0.4757307335879203,-0.17862464363992936,-1.0590404197097787,0.8563144512437645,-0.03992424464559853,0.348516345004563,0.012736384099644686,-0.6028993315522643,1.1369500362500389,-0.09198140818483203
TCGA-IB-AAUQ,0.1650274294731476,-0.4580791554211331,-0.14343664201548398,0.8122382524144114,0.7984569252275763,0.46477519742710877,0.15802170318841238,-0.4928551078037564,0.2820550441389817,0.8969922456108648,-0.01997905263520076,0.1904592841884779,-0.12355683751253028,0.7847151776170104,0.919587892594103,0.8652696882821229,-1.0376853766369332,-0.13924267381341301,1.4196513829746675,1.6009422210375566,-0.9477734474450566,1.101163937195526,0.18549310796470805,-0.18654380606985166,-0.2819654867672234,0.909715675496261,0.34088252856871915,0.4615703145208055,0.5178495324090626,0.1927054643107613,0.19798384273805095,0.071676039645335,-0.12332109204223723,0.5520904288929948,0.37701345593318436,-0.33208638567969934,1.0413545847455923,0.9220171276538718,0.008939157280629412,0.44577648379954543,-0.0928461598018281,0.4771124011282292,0.528779236780372,0.2945571599689067,0.16311513101153027,-0.0247228234586506,0.2671633222930578,1.0155609947333606,1.0014518390795002,0.47278881059466715
TCGA-HZ-8003,-0.3047366683464594,1.0198317651817508,1.548499638276577,0.7466916749965173,0.28577594792664424,0.3645700957428892,-0.1454951619444174,1.2245591112671461,-0.416221033580394,0.04386061579298731,1.1881558506978118,-1.7881773095638254,-0.1100551834178761,0.471553515721497,-0.10574268196200506,-0.21852498722218305,0.5105184637582738,0.30186488698104025,-1.1485227413368813,1.0098889960331325,1.234028472880332,-0.17710622686465835,0.6803153764994891,0.9698127106475586,0.9540500212777547,0.5904454631141769,0.8958642755153188,1.0130126855794699,0.6142521089632482,0.8222620492118243,0.7684237946853707,-0.4715776725245703,-0.4152056223890847,-0.03814287154663446,-0.2417194355245717,-1.2109450594606768,-0.6879036407641962,1.3944416133699806,1.011901613095884,1.8001594166863362,1.41268990249587,-0.7537199722370173,0.9529646466648866,-0.08612118555519904,-0.230714353878088,0.8241561438130471,1.002818877512153,-0.24467929891476645,-0.15812778278165632,0.2940677478420363
TCGA-3A-A9IV,-0.9460158395989483,-2.4193431874457247,-2.3338203676506026,-0.4506887846960487,-1.832661598241624,-3.063966473826832,-3.328411214710932,0.8855255508302403,-1.886720656476723,-1.1971863870130146,-2.2708234978612527,-0.7057844777646846,-0.3188167614037338,-1.0369851078392887,-1.5622999795476775,-1.7219017198332298,-0.8787700510554968,-0.6505122717301687,-0.5798349579059207,1.896347422832455,0.7316958883224807,-1.5698151407102556,-2.7535711107167087,-2.687391588180474,-2.4836375621304496,-2.7239078203880367,-2.786436322235156,-2.179584670490031,-1.944743706383235,-0.8080659306213408,-1.1505233077001336,-1.693626541858527,-1.7911829164052773,-0.49181667183074074,-3.3875315772461723,0.5884577466874826,-2.9377265823054404,1.406669497373781,-0.5943139663681684,-0.9097305172492208,1.3720027968360704,-3.624723263325917,2.489130085103598,-2.279947313905837,-3.303896594236361,1.3875582773248265,-1.0942745848597912,-0.9754641787299346,-1.403045538557713,-1.546616072988593
TCGA-FB-AAPS,0.25422226727020625,0.882799682976612,-0.6938211455976783,1.06043286867805,1.1428686663123122,0.5202345111878494,0.38805319427686336,-1.2217787587731657,-0.1466701098405499,0.4117611030584013,0.44243953745379355,-0.020309493743176373,-0.9117992116181558,1.1781623820052327,-1.1339366460000477,-1.3504698055415882,-0.6204996546554437,-1.0016690871758414,-0.7421068719356954,-0.163067456337019,-1.2838440430437104,0.49381945108239633,0.9343967853536356,0.5747593329268286,0.6785831708150488,0.45991036298226984,0.6786156408274132,0.019445374058275303,0.16279947975916798,-0.3306983772287666,-0.7634772218175108,-0.7557846153664254,-1.231982538832884,1.5927108839456363,0.7010606308958253,-0.49312296667693545,0.4074967960306761,-0.5807767577248891,-1.0951314427525862,-0.13806438091996223,-0.8366085289939877,-0.6679073349567055,-1.3579245575111818,0.25373316895568954,0.5063890372932152,-0.300468047741682,0.6104338463931933,-0.9508132593004623,2.53384545821366,-0.7722926450711308
TCGA-FB-A4P5,1.9944580149443172,1.4512598378119719,0.30899670333564483,0.9072058635922313,0.7705712307373892,0.4655850520339093,0.5212884322677037,0.2746469372730686,0.3575625547735345,0.4872770011976427,1.071401505960519,0.01586769680213763,0.2684840077937963,0.6715342457316639,0.021095698111006277,0.49849556738535183,0.4572191076752827,0.14839392766332543,-0.16410222399011284,-0.2958344427911549,-0.4535667492753494,0.09671964799912283,0.9855128576177669,1.1510986620432522,0.7770365830162566,1.0239232568764245,1.2565543011324851,1.3014826899365914,0.6611654146880588,0.20614226293894608,0.18452816604693942,0.005216379490927591,0.01814872130998416,0.8829551638507658,-0.003878372193449379,-0.3369698273463739,0.26969431469299693,1.010383617507017,0.5443569730716249,0.6505353285572161,-0.576060247603289,0.8640333639070478,-0.1962084227054167,-0.19174519178551155,0.12550583363054615,-0.3655304632205931,0.2635300499390188,0.509799209421829,0.28817449221601754,0.3875691547111079
TCGA-HZ-8002,1.1785674549029725,0.4935405640968818,1.285496288357604,0.9714720410563056,0.24839513213542005,0.5975683010014247,0.2387148372534012,1.38403265409465,-0.6634770312114355,0.42398369504844335,0.7823209614815451,-1.7523233652721115,-0.4608632542916583,0.766864729408632,0.07013482488245022,-0.38866988520395235,0.4234028559193003,-0.33740441931864346,-0.9897008487121234,1.3070537642394258,0.7978682233234723,0.19709447487669587,0.7534519701475293,0.6755909090048345,0.4819197487952446,-0.43598136062115117,0.016357594808082167,-0.7004125598291169,0.9832945360460912,0.4912097032661401,-0.2826588937891756,-0.5670640852141924,-1.0127384470021685,0.48134399151310026,-0.2276174143643738,-1.2071422183012526,-0.5946054895841559,0.7186490775455376,0.5735921011518288,0.40389487264776425,1.1732535469927747,0.0017442998448125944,0.6108876394199106,0.6167971652162434,0.08200508683064359,-0.32203931821128035,1.460667305514431,0.04995726562233604,-0.06720741423368294,0.5957764710698252
TCGA-US-A779,0.4099204452558494,-1.4306882518948618,-1.5189679476434055,-0.9100126461841025,-1.4187342529551008,-0.06618425835462405,-0.5118255188874348,1.4931112297914213,1.5960546755619978,-0.022933385461072722,-1.3442761827453682,0.9399135647609702,-0.2867252609108895,-1.781009498306905,0.27885073365772883,0.7922975302930568,1.4081575581706218,-0.4404929914937385,-0.20149639268909664,-1.195233227796698,-0.44400179338119655,-1.4287449805273955,-1.384012268690208,-1.4253469757927484,-1.3835077641859534,-0.39134528182974376,-1.1142971868696403,0.8237540296419396,-1.080562508152237,-1.2795123409839053,-0.7159315876652046,0.15727903489643694,0.9794211590224872,-0.8047954563490213,0.12348386151064666,0.9613914917174078,-0.10237933508308565,0.7449897345963762,1.8544295962262962,-1.9879333175513998,-1.4653649459060778,0.36840733958573335,0.025134844576541512,-1.4093734493625532,-0.9487476804518853,-1.1744608084119637,-1.4800563510162248,-0.5514718598145878,-1.0131474648664112,0.8086963547387479
TCGA-HZ-A4BK,-0.10689758908429604,0.23496573530696876,-0.18055725608310363,0.21083193802568118,0.3345966375344084,1.2317061239775435,0.04924788597059286,0.933241831245371,-0.8947507888488584,0.8104966044277319,0.5905115592320749,-0.35276331662577454,-0.3911372584666633,-0.11435336153222138,0.2978048846598943,0.24424855019337693,-0.15295510228409623,-0.22082882920704452,0.42006749607392013,0.05339309861853709,0.7696330602619178,-0.15114686605351116,0.1403401894429904,0.18850157611674656,0.006819509902374167,0.8913637366602027,0.5139050642552526,0.9129352032503579,0.30198914334484533,0.311636102952075,-1.4094425414783607,-1.0443082867442472,-0.7313451221531474,-0.20731282223805583,0.7773520818027152,-0.5361921494703487,0.06712465010082845,-0.6437760839951985,0.372756931446551,-0.6182049231750903,-0.3383885141809616,0.45106947950317966,-0.6122387779822688,0.3202414050156588,-0.42321171679436026,-1.6934837024168647,-0.23124590715611631,-0.7201976520451432,1.0433758669561155,0.664166451927723
TCGA-2J-AABT,1.2196239510512765,0.12871081419155878,0.0037372682112265868,-0.07760449729863722,1.4975129154499665,0.2512288003100062,-0.10085872404718929,-0.4860625542788073,-0.4424508244384627,0.0033785997529882745,-0.04555643960742653,-1.2831840161031025,-0.8660588687006343,0.2884974883595005,0.06779924176561772,-0.31958276235566946,0.4287531102039112,-0.6741933631929758,-0.6532946071553952,-0.19071530312745208,0.35006364163420894,0.3061918571867718,0.17419742461419285,0.34080761274170024,0.22594652174502125,-0.3739119498302244,-0.22161242070211382,-1.045209487999318,0.08827819808381457,0.08185755494229564,-0.9190702028215872,-1.0217827952450667,-0.6898933740413667,3.1286579209643506,0.5771520911266433,0.7336002906967724,-0.5181010193675565,-1.5771648501697337,-1.2301054618890017,1.1770291594794062,-0.42474881288097244,-0.5676534597431652,-0.38116228524057494,-0.2221641649292815,-0.16149274571761268,-1.781853696879772,1.2631664091134887,0.025707920700069952,0.9648760695772916,-0.765902469923539
TCGA-HV-A5A3,-1.059164973458621,-0.7100881264634905,-0.7788432524036211,-0.5152058821874865,0.3042254219678976,0.5373303697739615,-0.1660674122497558,-1.3891700807168714,-0.5372183578535871,0.33494281249440766,-0.5023066664719267,-0.12071536380266512,-0.5661193032783534,-0.10554180454005663,0.9188947800163602,0.8043770121033942,-1.619417633446213,-0.41595666260380104,0.9002507870504998,-0.492910883636074,0.7086625552494141,0.7957355867173393,-0.5878332102069332,-0.5861404674737296,-0.26215416031750693,-0.04081989059390152,-0.3737935589894452,2.231864287063679,-0.6467849267086235,-0.19321596185721487,-0.6029241341972076,-1.0527608847282417,0.03229565165778333,-0.20247937348346337,0.536464143753743,-1.822244164833721,0.8464229662811218,-1.484298974232819,-0.3191422426037241,0.7099004191369587,-0.05085183097925818,-1.181299796283589,-1.8819099932564356,0.21738638611858635,-0.13339861991162297,-1.2968779528458,-0.36833473559213653,-0.9875829751403371,0.5990827108218593,-0.4926267236908947
TCGA-IB-AAUO,-1.8315659945339138,0.05769580361032081,-2.1309042555418243,-0.097900310090585,-0.5032694745915821,0.3319998894875609,0.5548098537677436,-1.845672079017577,-0.701736688303709,-0.34476566875634435,-0.29736418865983416,1.9828850023581537,1.0963210118725863,-0.15168721540678407,-0.046617098009781005,0.15472797055438342,-1.1547027587268537,0.8842495213223567,0.19804251770742395,-0.706463205622757,-1.5643122550745423,-0.09929758173652238,-0.6777688805904923,0.4585760824796675,0.3639609026773993,2.338963480911801,1.568706497631126,0.5714677710083365,-0.592436782588152,0.1829745378194964,-0.39161039228978356,0.9697934074553832,0.8623660685198286,-0.5888196211761196,-0.36470242486649374,0.017893260341087788,1.1906001045096384,-0.7175103130954543,-0.9994465993746582,-0.1958899221682956,-1.6793761220645729,-0.6235963370746,-0.9824457899464131,-0.28844282979760394,0.5435386924006114,0.09574929552980915,-1.3092081593063694,-0.36704204580287536,0.4281205039936117,-0.7770312959726281
TCGA-HZ-A8P0,0.1380861773851209,-0.6661614659218879,0.19069968443742888,0.5418435135475848,0.13343226254461105,-0.3962497259289287,-0.4087243803050989,-0.38299605458473335,0.6061334077778231,0.3796941526424835,-0.1481792975633028,-0.06382750104655392,-0.6884009883658314,0.09482632948877506,0.3831193031969764,0.9831866699760945,0.7300311495449461,-0.4852305664898075,0.7654012921272513,-1.067295497928744,-0.531524349523585,-0.2693290609664037,-0.3292788711161619,-0.4191700570371413,-0.7438971712475742,-0.9285706341712797,-0.9905260486919296,0.4634497088930303,-0.2989643367527344,-0.48708949708094895,0.31528045187919285,-0.014297426052487256,0.0845371908364576,0.40818412833828666,0.8339899451062409,0.47127925279748706,0.12330748497286355,-0.6417496141788297,-0.2183217995720754,-0.4618871822016373,-0.13103051123769188,0.20614847875360032,-1.110637664062953,0.0812085791172362,-0.3901429670045875,0.18749966946344612,-0.28049516569142846,0.4125617188225991,1.1780146941992966,0.08328148460010254
TCGA-3A-A9IU,-0.9563544905856118,-0.38952727627861217,-0.22100479137115608,-0.570117129573097,0.08982769846860089,0.6290598856328005,0.3120383296962013,-0.9422570103938954,0.20783669421014647,0.2543572506339273,-0.2856714538895878,0.17611670870382873,-0.3144263709777596,0.16772025263424117,0.4113382732504639,0.506348212932267,-1.5482509822707844,-0.10921543078977439,0.48770400190837054,-0.22370398481201692,-0.8632061545773135,0.6105363558759711,-0.4663349456768085,-0.33579601985199137,-0.28003923541301784,0.41797554539413884,0.10278519652667079,1.1929628205008624,-0.10471670494597535,0.21089161989969557,-0.19967071929114488,-0.19294531098554438,-0.11332076527907027,-0.4993896559302789,0.21584791078309554,-0.6848250881531682,0.5226277314493716,-1.1273767773425258,0.29711850715265736,0.2901828355045347,0.34355961156407067,-0.6632256624602307,-1.0806399368217727,0.9467816732983347,0.278286946106234,-0.7208685148578843,-0.07676022314906253,-0.972095388684414,-0.6455894893586439,-0.7165116037567708
TCGA-HZ-7922,-1.0741601537671548,0.18238925577262355,1.157187588929239,-0.15803144261890834,0.5377485090588782,-0.007244652097931402,-0.12528519095289384,-0.020131854986958006,0.1901595039009655,0.26966197178718615,0.7668154615774784,-0.795617221672859,0.47369010617175944,0.8708402754307174,0.5888769065594123,0.07143664716197247,-0.14176376602283897,0.8406738016176302,0.42273675223280316,0.29745132148662323,0.7034493438356255,0.33923252047836133,0.4281977848039715,0.1976955637357178,0.3507687009931303,-0.6009639263683801,-0.3727850186882407,0.20821439410803202,0.5591878167957108,1.1269425797582258,0.7013104545379485,-0.03694899870554618,-0.715082129619355,-0.11008208650392873,0.5018476063699856,-1.316419998670868,-0.6700068404059766,-0.09947867848691451,0.38263659243479775,1.3288137299205758,1.5287841972308422,-0.8978587090837387,0.13736213839780184,0.8146692429253395,-0.36980524138728815,-0.2936034134218952,1.2902723712785744,-1.6863046633056067,0.4758281454328889,-0.0839427018696139
TCGA-H8-A6C1,0.0031097597514976602,0.14773757196162948,-0.07233953042280925,0.1313458472322253,-0.5238022600130353,0.13019143309114142,-0.1788658071922015,-0.5796956213374915,-0.43687184999376555,0.5340136620664669,0.1979479539761566,-0.212988087820296,0.1248869432405723,-0.15117057002238263,-0.47535464159360596,0.062151554264022676,0.01926561616627206,0.4011550441548104,0.011183081052864445,-0.5905509170963023,-1.6711475481669367,-0.9822886566362334,-0.096097083955038,0.4054047628189312,-0.16532152292477903,0.34091115411433537,0.19377479906859565,-0.14031142820524836,-0.28030772811101884,0.45779088815876345,-0.26348926936969497,0.420962446792236,0.5602949725924802,-0.7847663024287334,0.7315783499599506,0.027032305093468118,-0.2964464634546822,-0.6962771017741796,-0.08528102517165412,-1.3562850637035024,0.13428158245743502,0.2555346458361949,-0.5431967762484273,0.03261041038186933,-0.12050084281162654,-0.3457160292456256,-0.36966480123147655,-0.7805235299878794,0.07057184233814608,0.24088058786952346
TCGA-HZ-7918,-0.06337498294437038,1.5438479311571702,1.2995859129507144,0.38633478213120587,-0.5088872722562428,0.22281884870196542,-0.039962223991004846,0.9681964220913447,-0.8181229628615541,0.27024452884214234,1.57844308488397,-1.2850349719903127,0.09277774265692398,0.36474556464655766,-0.5424143630295186,-0.6739285706624795,0.4183530912273027,0.2940475387361429,-0.7368577767930743,0.20081129140042042,1.3192216893537694,-0.25633832011844954,1.24139818281681,1.3969519044788739,1.0522231181057984,0.7431329163641813,1.272286695309359,-0.12337415257677962,0.6260843899598576,0.005272379477484872,0.8861380890126704,0.03441943899735195,-0.8915623211794735,-1.04077868166906,-0.02362601005376432,-0.23937290847382994,-1.3212179041934646,0.881559456446837,0.6159098622652078,1.6259572260690094,1.738243245289467,0.005046116232854175,0.9641281336552867,-0.11401357787553769,-0.35773530594470565,0.601415351312473,0.6481600503827318,-0.6132930804670833,-0.7486770980733315,0.48548509211138635
TCGA-3A-A9IJ,-0.4599818417176388,-2.8565657673323144,-3.3188219858033134,-0.6231935670581904,-2.885476099779333,-4.254032623628567,-2.7227760143875916,0.3288372383189736,-0.93713895978643,-3.037615275015787,-3.3638029402189935,1.6986727975144122,-1.1749573446178658,-2.7257707805365063,-3.696852409696528,-3.2629955303925584,-1.459445448363546,-2.236903467656124,-2.49981858391081,2.1076419444502594,-1.2215194062989398,-2.5900163473573303,-3.1900759054745946,-3.3715387700439554,-3.19420343770329,-2.8022112442725517,-3.157878577582441,-0.1247183058558756,-3.170403888966563,-3.732318503999716,-2.7685731767259085,0.17461978176719897,-0.3591940242167945,0.20876642932270972,-3.4447340422951727,2.4604433727565382,-3.471929510774802,2.0593310522226713,-0.5622416442115871,-2.9900066299676826,-2.034138952717454,-1.3135484096704646,2.2309907076283175,-3.2447756842941873,-3.2726316888742812,-0.6133500587204741,-2.054999551023595,0.4505223570638473,-1.0119458021945025,-2.5960514658415796
TCGA-3A-A9IL,-2.2997847669574423,-1.8754165918675596,-2.443663786065917,0.015629414817780983,-1.2827676931357115,-2.6302965279519586,-2.953779820118248,-0.2927624669572965,-2.7370469818902143,-1.464192663697349,-2.5201901989433377,0.05443398996103322,-1.7894641763186518,-1.8781465061319351,-3.262319660042225,-3.1365446788929696,-2.513936305790581,-2.541507966013347,-2.9992518148760925,2.1522585163502326,-3.0049696855382892,-3.1742169144552763,-1.8376559376674835,-2.07107842068467,-2.0309654286718297,-2.3773126838402274,-2.374741080314421,-0.5259931647427537,-2.1658905877815444,-2.19599569432122,-3.9829914635721217,-2.192498413094414,-1.2899892222777305,-0.4565517105192253,-2.353022549346154,-0.3486423358681731,-2.8912454096459244,1.7961969319314022,-2.4823459982018456,-3.3487640601190742,-0.9947152103463435,-3.305473954450075,1.4631495570560342,-1.4915802337391608,-2.535322079732456,-2.202310853436832,-0.9118496402731578,-0.5675871105817378,0.5245486315599588,-2.265110833315174
TCGA-IB-7889,0.5101317730856186,1.0152566738837951,0.48716874175513347,0.6882810864919621,0.20270103533253186,0.2277545083270071,0.510476620534706,-0.31734096002097395,0.15926026571481317,0.7110207289019594,0.9430285217309009,0.9195285348667391,-0.17643836870118657,0.05226173715529683,0.43755483954189506,0.7670544388597833,0.8003542625208417,-0.4731668112259425,-0.09987855606173587,-0.63923374783142,1.1700750125627788,-0.15219128050690797,0.6930266085670297,0.43920930271214376,0.5605327537717074,0.05678783771130378,0.29154371403135804,0.469136029214575,0.6257979694822993,-1.3656021145309476,0.5287582196595573,1.2541531704538915,0.5336935442203548,-0.2135973079714108,0.11653568349484907,1.4386428090221537,0.4338252553962858,-0.4725204597224424,0.4135887964179741,0.06663563638753855,0.13996838383292784,1.1026075536895685,-1.1116382524820976,-0.2778117187500616,-0.1680341921813666,0.09177369054858364,-0.13823508821671973,0.5444251921102639,-0.9013693178357426,0.686242662379693
TCGA-FB-AAPY,0.6737925024445307,0.7707297023240107,-0.432603296795375,0.36451470818093296,0.12090746267151348,0.5935202781112117,0.3901106050504499,0.1221994832831881,0.93154622895969,1.2007849855388253,0.713298931806749,0.4871933534403482,-0.9891038157145938,0.015314488469004248,-0.03534493452048746,0.5951387591958097,0.7033894459549858,-1.0931675532066591,0.4619401835361604,-0.755680764520759,0.16428613077949702,0.278539583138095,0.5856478840797904,0.8829239900880526,0.5601722112641231,0.9167937381856961,0.8404011083970152,0.6604069542081837,0.5839985928988162,-1.2050514140090687,-0.18408902499562987,-0.44008549185769924,-0.11529686508193923,-0.18505880182061785,0.2795205722802319,0.6623923977304617,1.0281775785488827,0.16601075392592016,0.8477493520222924,-0.3421230296495297,-1.322737934187025,1.2975100604154537,-1.0338575015420495,-0.43698306527992786,0.2431356613516224,-1.052485070106846,-0.6714088228106025,0.5641924592633781,0.14373740023293644,1.2758111546209103
TCGA-HZ-7919,-0.3508358171171531,0.06565977205205414,0.8160104419680062,0.00435248873081833,0.33382130655212416,0.1686843141905556,0.929479089101061,1.043851323559737,0.5089469657360979,0.3184610356122099,0.6162093226201899,-0.7517461430489841,0.6062703276795504,0.35896413882982403,1.0244721933441068,0.679971427467597,0.7102038625783241,0.9456317260252088,0.32392502760868147,0.46290844954389865,1.3319562571720711,0.2858214700002609,0.4329983225250038,0.05514937641843248,0.46531984928002884,0.8781310204228648,0.7030739230386975,0.8380054987943953,0.8308948767120816,1.1434611627319682,0.782817167882841,0.21227068906537483,-0.3784300983274938,-0.7866870702399072,0.4648332236161312,-0.5043445566272308,0.16053036476811233,0.6508520562103474,1.4292216280584524,0.856081058482196,1.109878413903891,-0.7576197121851065,0.8721181781521905,0.8452962907578678,0.34423283623472806,-0.8594231702285189,0.8619566297972889,-0.21918684391598062,-0.7868556900328296,0.7027882979878477
TCGA-IB-7891,-0.03419575338071246,1.0259290813187458,1.4362897152434626,0.8121739994403266,0.28814704557781334,0.4198020698836494,0.12422420890494515,1.2894116978901955,-0.276824002137046,0.6942425456119264,1.369578923268771,-1.2736516533683417,-0.3376929687267256,0.6863711135624058,0.33036649109607935,0.2972895928011919,0.7683389380292411,-0.050716467603444546,-0.4686922103756803,0.9910307916615979,0.5786657960751472,-0.16291210708614023,1.1968046968859625,1.0406334913027986,1.112251815778034,0.9275968403449554,1.106553783733491,0.5849630925761293,1.0103085789100263,0.22329015491195853,0.7464869007032797,-0.008150771371768784,-0.5040904883794335,-0.061483493928418044,0.42489901169060296,-0.4198160760695097,-0.5543041068982133,0.8747170308422139,1.0214576280278314,1.2465172536278832,1.4667123251836274,0.33560596854932456,0.3988188180202989,0.5485699788266333,0.11373604783292102,0.17197598108160567,1.0521648886598125,-0.303143040157092,0.15159896792373836,1.025958879651763
TCGA-US-A77J,0.7520477414125168,1.8355674208469688,-0.24790690288712092,0.9687028254533283,0.502289322772965,0.38133354744643005,1.1055478857162533,0.13184959716801542,0.6346489246902728,0.9104671983224492,1.0505391572765352,0.8870937616027731,0.1961828573078105,0.6846960348578447,0.050547888708391636,0.020015454304104983,0.08010070452591903,-0.22124531685069268,-0.4472437231482357,-0.2988412693650609,0.10689981935874848,0.5454540396669447,1.5415882544909199,1.1325376792197288,0.809927770349781,-0.2526293086776028,0.6140727031083919,0.5205535508301325,1.06593616881271,-0.9321430250936459,-0.08183321813784122,0.47029243319864633,0.23782313297345264,1.1485340691843706,-0.41830586572911,0.4638550770801215,0.8929350058656342,0.7514794653194401,-0.1770010694488911,0.16782262194407016,-1.8825089092496259,1.7009564312118657,-0.027563448904236204,-0.4928241346958646,1.1739692375981114,0.03302911989969599,0.05883576018376709,1.215207043093312,-0.16421153268240055,0.6819853195861365
TCGA-IB-A7LX,-1.537706285853852,-0.7306056064685108,0.0722914830510676,-0.43534784501283513,-0.07995239475888002,0.4234663927343735,0.18656588728066403,-2.2267698765153514,-1.180516395831449,-0.6678934443800105,-0.9898327569010223,0.3608361908663193,1.0028564293813256,-0.136525625621784,0.4709019308072673,0.30424175590115937,-2.3777279511951406,1.0687655483384377,0.7399082789897684,0.43339379748142454,-0.8558865269616418,0.7042862592917221,-0.8471066468671823,-0.7283274020743005,-0.5397708514493078,-0.501565970697637,-0.5048125615235186,0.13762534470287469,-0.5180549450777306,1.9851715026690744,-0.4101849318348526,-0.08610624055469777,0.051992676504071696,-0.5226815090758419,0.08081866187682007,-1.623384150836606,0.1806225483286841,-1.6365303915952192,-1.081509934613064,0.07349350656298315,0.3316738135969401,-1.0046774705983392,-0.35971321069010803,1.001809027018767,-0.06016180688050479,-1.0272263756825957,0.04611759079150224,-2.5906261658041245,-0.36211551273898684,-1.513414126588025
TCGA-IB-7893,-1.145180976354057,0.22703228042262702,0.7240665863963063,-0.18473846410969696,0.7554360616460334,0.05189238695626868,0.3083696122783163,-0.22053320605654547,-0.1635414621021892,-0.2533842456484187,0.11963628043056573,-0.4290447530087265,1.4128473797816676,1.3735670445466945,-0.2497105356050122,-0.7335560197545151,-1.0287131281690383,1.4894271921901356,0.30187992493928734,0.16851717827984672,-0.22695064140796328,0.8376129903648907,0.7537256763199326,0.14668722910626408,0.6465177980090415,0.11495503700559159,0.3603090300289455,-1.714301260550736,0.6458878411458849,1.5024797633498463,1.6743005734542937,1.0766549114510071,0.5624374407484936,-0.12693967784750898,0.5394800708312938,-0.8638973626134561,-0.0401974702329195,-0.30337471093032264,-0.5855773171802299,0.3738156719745007,1.739687470810241,-0.2669213204714534,1.1273621173457764,1.269427065506765,0.576170448823607,0.9891990875029938,1.5762316420391278,-0.3677713376743146,-0.042028258675981506,-0.6347196460923565
TCGA-2J-AABA,-0.03054589062008385,-0.4054457563490812,0.31729967069055565,-0.38176678489688665,0.34993191843554483,0.675057658676053,0.22729489520051507,0.6415647385573313,-0.5686196079677313,0.1680909035803293,-0.5097191378632031,-0.40158296142779143,-0.6544921114256683,0.38497043522272456,1.0118868453717456,0.5615244344243177,-0.5177875361574157,-0.4803480588666981,-0.17332466147897202,-0.9833071373834074,-1.1783188580416306,0.0801318443506607,-0.4336155182549235,-0.5419875311357807,-0.4298002563288726,-0.8481119779921236,-0.678880458749357,-0.11807882967644365,-0.16563023537761376,0.07831928103625509,-0.8511536251429276,-0.5197263187766917,-0.2782724806406968,0.4902024256611307,0.7679494679551807,-0.5962274239233691,0.8607684214429747,-1.5257812362575272,0.06201126806359966,-0.4482486343589109,-0.13177496928686278,-0.3848487945992013,-1.5022261778792645,0.9347878348073708,0.11807047536855839,-0.22553457899156357,0.48006984204356284,0.30587627975396026,1.6673990026944252,0.08777097743351263
TCGA-US-A77G,-0.251400067306878,-1.0785620434338938,0.22015391074290677,-1.8240441976391455,-1.9039289942700492,-0.7345362531834574,-0.34626290518145425,0.33249017587587015,0.6879383915255871,-0.9910317678250503,-0.9012317877197901,-0.5345487487966174,0.2501266355041112,-2.1097418745482464,0.04868741341967641,0.42986957931605413,0.9888990977853633,0.31125159622227716,-0.04079863076193741,-1.2387405132851066,2.329057293730465,-1.1539423093668306,-1.182026066346717,-0.6396059998582504,-1.0867176871666142,0.5174384588655756,-0.2592512657614485,0.4930894055978078,-1.1653410318557293,0.26712218781755326,-0.3887043131790749,-0.7909399326843569,0.15426871548648263,-1.4779212971015194,-0.3440441193450988,-0.48066805117672173,0.21421472525301408,-0.3886724325194738,0.9094806809825874,-0.5627076679304389,-0.04794083346536451,-0.07346403399526487,-0.7254080768963411,-0.6554754025512148,-0.5049254631940595,-0.22554914678787522,-0.9623379223934255,-0.4098838983011381,-2.0744496253324876,0.7039792814621895
TCGA-HZ-A9TJ,-0.20712957800447374,-0.4742035476500653,0.14242759788008194,-0.435399572679732,-0.848671170853841,-0.14456315134624712,0.20423283260085368,0.18649110876306796,1.4975958012279784,-0.12752235564968123,-0.7358143176344438,0.3754356069241041,-0.07044400163116606,-0.7134382811992632,0.20279691736863867,0.16584117818025015,0.3626834825792805,-0.06806874073423635,-0.09746904093982282,-0.581061180307772,0.008907032074429068,-1.175496423634132,-0.6003669687048875,-0.5121430144621075,-0.6153219184223341,-0.11919621442951836,-0.363809553226863,-1.255865204095063,-0.30581151937429385,-0.12158123184536762,0.6023691042778635,0.5404273766369497,1.0384278264254265,-0.4968858915342548,-0.3979426962506891,0.19991487860764492,0.8333942618194283,-0.19417740399360267,-0.031420325635198254,-0.14983868212774454,0.2515915792730358,-0.3740759692519098,0.3483608111960963,0.08827196831900397,0.17154843670979159,1.1726998509963074,-0.7119352562715875,0.20880100053343384,-1.4747399213344277,0.2429865552884024
TCGA-3A-A9IR,-2.2888646251998495,-2.4936874370266646,-3.665258480060112,-3.3158418327869943,-3.628828616119007,-4.137890088115065,-5.371054096659292,0.16583585880561771,-3.8107674410988954,-4.568820370466244,-3.593246150799107,0.5841688343412115,-1.7786188620234715,-4.17227112964177,-3.9728725935806106,-3.683600336868901,-1.8280775459241634,-2.2911910666335276,-2.6788623287606788,2.2195601339687605,-1.8088612457057127,-4.434679596154468,-3.7191160526561102,-3.4746635988875947,-3.6212889124958614,-3.477096076336513,-3.5751906130418267,-2.5289389638879225,-3.624027272789385,-1.9600568339560347,-3.5216645065125043,-1.788589244161949,-2.785058395461294,-1.9344473968252596,-4.454069513309849,0.5365739224578352,-4.399203460920687,1.3481353543903944,-1.1047423658476823,-2.3529523465060556,-0.21013549598184214,-3.1033662317422492,2.115539952795093,-3.508905070911929,-3.830361511597339,-2.017919527096098,-2.6805524170498587,-2.331680438519628,-0.7506814528040254,-3.1772771882689206
TCGA-IB-AAUR,-0.7074765677796391,2.2881626176677337,-0.017976312342149962,0.4018111809090846,0.904341449498013,0.5320869243952993,0.9388086163044672,-1.4536420613026633,-0.957812071830289,0.15416554957647657,1.0700103672753611,-0.4183878103004664,-0.5574383676903246,0.5324962770828656,-0.5348310895102347,-1.1488767688993553,-1.9699856660002624,-0.5221863424152434,-1.9465424273821306,-0.1652203212495795,-1.6088139433239452,0.25580169430142574,1.9122104879209005,1.5289646676928916,1.1961759126172433,-0.09309356064728756,0.983504047668865,-0.8555213670156441,0.9019759841072614,-0.051188225307893125,-1.1158790852112848,-0.5479184452506367,0.3905208775887381,0.8257503270257993,-0.3971051386298326,-1.6270791896865733,0.1184484338182202,-0.836107797905102,-2.4342418500643457,1.258206343907045,-1.4488441580848304,0.028969352066614818,-1.2994023570038635,0.28737888543770507,1.3122813725944984,-0.2980190866842842,0.7217249715312446,-0.6165510563119317,1.4588175909604797,-1.4722792439110646
TCGA-HZ-8317,1.1089822914727636,-0.46186345014654395,1.8264363038659643,1.0579103727312638,0.2650586643105841,0.8462874892297035,0.14289697043495728,1.2610482378652674,0.2505662272555119,1.1493777773895986,0.4117821660599109,-1.0020134545167596,0.25557311406435584,0.6755713312616095,1.2165633766773993,0.9476645161299506,1.3097168962884909,0.39607009800102905,0.5636903096214345,-0.2611969196974135,1.7963382770774554,0.8323638402247379,0.3175956380541163,0.47650955823132,0.3044807461265751,-0.6728372512842976,-0.3991567855387234,1.6655246227536251,0.4339973407702655,0.5163975666313068,0.8145975197847728,0.18231830405771143,-0.5469936581184177,1.6344863320898548,-0.2870938015739579,0.21537588259546717,-0.3682318472917943,-0.8881191417469079,0.282178393128533,0.5496204315173107,1.3307302759714545,0.5279348395183217,-0.07382915214596923,0.5388364263058548,0.8047880963760486,0.9462823786886021,1.008506017030457,0.6002419253507916,-0.8119768158988582,1.2390756642017384
TCGA-XD-AAUI,0.5885082184704142,0.19565062650854181,0.40654416905954255,0.7233577290187114,1.0246191118732237,0.11151001139907114,0.8189918448139025,-0.14361176020990177,1.705506382571015,0.8267450422683688,0.4739113702934507,0.2401645340782446,0.36773024586831476,0.35268027218351566,0.9229667546107155,0.750350161309268,0.8072789637675118,0.44904012822351247,0.6977785258798203,0.9242509106820372,0.11287770042814846,1.282239239291621,0.6898609952744633,0.4155433646966155,0.36893102599611716,-0.46510458979448316,-0.2244429606875657,1.2566580999722463,0.6129421650716301,0.301091041818853,1.6577661123087206,0.9800803118544431,0.3988069194696529,0.7775354767552329,0.08534738619664256,0.3022409423277738,1.2500269720152168,0.6074701632580077,0.6690582754059552,1.5781809134275182,-0.32789844724953787,0.15592815711818517,0.870484910139064,0.2900305058806403,0.727983110798455,1.0302655724023155,0.13955643817611682,1.8501863357696289,0.5223020819353298,0.7182657272081683
TCGA-IB-A6UF,-0.5175923232074161,-0.9379530941621144,0.04740482498175801,0.17962411560525865,-0.5982734266790246,-0.041076428181878864,0.2264800090523958,-1.1220044953177943,-0.2647114029999844,0.041572478296503415,-0.5471255176233906,0.8677587057481662,0.23659662074205662,-0.21362214787287698,-0.08453521333369862,0.16672604649442951,-0.31533156464546197,0.3732618638294838,0.7948220870455199,-0.5628827101493138,0.2616099422929677,0.7009719217533991,-0.6345936976483385,-0.44535782711404065,-0.31965248636113397,-0.14948489852652258,-0.4346269136662871,-0.21133489303994607,-0.4193816599035464,-0.0015268466127106588,0.06514435417932309,0.6309505844785441,0.631210012994492,-0.572459158773943,-0.2648039052796044,0.3228856546858816,0.16675981593215716,-0.7780013737349505,-0.06082325830540043,-1.0251672539254684,0.27225254201337484,-0.015587134926034408,-0.4511390409296131,0.34973663484163686,0.12983957222015788,1.0588129956062444,-0.16593495059634217,-0.13238684978878446,-0.723612696150037,-0.14242573919399942
TCGA-HZ-8637,-0.35612755420920345,2.196924736751641,0.2319844203970449,-0.3677664517086384,-0.05945791042709923,-0.3158203292625822,0.2911723490807912,0.25126369684691385,-1.4055677012824908,0.1266157755748724,1.871393302150041,-0.017776920076250948,1.249716288060982,-0.03255036544317248,-1.8151173028024528,-1.219767188334678,-0.14950620240341705,1.0710805883966916,-1.1496932958029364,0.8562284440751144,0.5292691149840907,-1.0838929062227465,1.0688926905273424,2.185224339971673,1.63722889709265,1.9146816642757571,2.300310096945722,-1.7580639648992102,0.7277030639496549,1.2503006120115914,0.17847879066953057,0.5013255900764851,-0.26992484899252184,-1.3258327844209723,-0.7666671377940337,-0.1565651238860953,-0.9394443650956554,1.0842942861594163,0.09838500359362637,1.458828774426491,1.381823844901398,0.7389408320316174,1.891907051511584,-0.44423542606710337,0.0376014608421573,-0.5485257980150585,-0.15255809258063818,-0.4703287505573023,-1.0196447940061748,0.0277303571215916
TCGA-HZ-A77O,0.4343281977496881,-0.380968416620046,-0.2901639615197991,0.5302545314362069,-0.2235024759068702,-0.1603548389355225,-0.09795598981533833,0.14238608043168482,0.03981643612211611,0.15481576814149442,-0.40785362748861625,1.4426639924320903,1.6093865222038328,0.04011176054572319,0.3866223945422284,0.908173824175081,0.9186332952123161,1.428729255865263,0.9356916928157661,-1.4498412471358213,-0.26252002787705114,-0.3847168687926641,-0.5956192646135372,-0.1198618308838859,-0.3154064872094809,-0.03328225210662175,-0.18566051836925818,1.2372668854358524,-0.7814047829241366,0.5190457513145288,0.947228685308223,1.9992121998647754,1.8563759224411511,-0.6850308380834068,-0.28686941531782767,1.432718019151209,0.13170384449688388,-0.6307907764808209,1.2058986619099779,-0.8391149972573152,-0.25377440664683826,1.072975566291421,-0.20355764941643884,-0.01052729830811099,-0.5621842545598859,0.8538692013460472,-0.848707977709842,0.38700872152689303,-0.5148867449508164,0.7071682728625327
TCGA-3A-A9I9,0.8195933789459343,-0.42695812777711334,-0.4053068088235865,0.848880076647438,0.0944047328120067,0.2455052865436991,-0.22805526088891476,0.7243744278041571,0.5982370038028508,0.4634674765433622,-0.12985542740239617,0.4021155390617144,-0.8020431882398165,-0.09895570834512667,-0.07623666915692026,0.6387975908016527,0.55289267568485,-0.8094829120836812,0.010220001123158193,-0.24392756550530342,0.30324153523382963,-0.2583207132519305,-0.6999979506932965,-0.2333090353647022,-0.258676337426175,-0.3908729121046195,-0.5595805449342512,1.1771992994093259,-0.13729930175720823,-0.7932311176512876,-0.4891639082217393,-1.0116485144147325,-0.7142637594746548,0.02537613506382524,0.2818692477298421,0.6986957386945677,0.28540071884056206,0.44128666482523954,1.1575462235649745,-1.1088050132020248,-0.8940357243263983,0.6811463608372499,0.07558482432605412,-0.3253010062953194,-0.432915648032309,-0.7872916512252343,-0.4532886639130127,0.2896993735067233,-0.5996925004300724,1.1596445936476651
TCGA-IB-A5SQ,0.1794624256162727,0.3632610755429078,0.20929134556211443,0.7358047318864271,1.436049569708796,1.0991424131267584,0.6360653058201778,0.28228582037638683,0.09345170849142079,0.4424240968792355,0.34081518242081166,-0.01630221938337742,0.2729725163393495,0.9996073909805564,0.3392912206871087,-0.2585322333348908,-0.7937202006668072,0.3723302042307987,0.2979736648665039,1.7649396770975092,-0.21511498835484374,0.6097259070590224,0.7156295055032,0.5004960857133322,0.6300691712266026,-0.49372602425812767,-0.22065078950952227,-0.9603888240576919,0.803936236785612,0.3447843522972439,0.41109117215110297,0.625564462947299,-0.371226037609094,1.0526914682955468,0.8619128572986613,0.1670704180571844,0.8612120968811157,1.7246939213285826,0.049337884936489385,0.4753953420837534,0.4260643870547892,0.10052345806909552,1.0094297477139154,0.9138315496346834,0.5114034962966213,0.5149231972611227,0.7252600270745185,1.3163684207044557,1.7056203191667367,-0.2880573872460708
TCGA-HZ-7289,-0.9958198518209909,-1.5098575154916454,0.3779200150026269,-2.890732472971337,-1.9152646311905135,-0.8620450902474733,-1.4089865676905886,-0.41088063220140464,0.42703151778413434,-1.9561706300960662,-1.1670525557234164,0.9372703698694369,1.7664722901587833,-1.703536175611978,0.019305969564848955,0.31107426537866073,-0.020014495737639942,1.8355547426198253,1.7373356711937389,-1.1161519326248874,0.40435336063241983,-0.741189422121326,-1.271634267183058,-1.255269028170505,-1.138851551902597,-0.7732081197506316,-1.3047073277908534,-1.240467408985423,-1.921961423818434,-0.1916138333151383,1.1205773370142365,1.5533156625716176,1.823167944608036,-2.6251115075032456,-0.398017258729206,0.6037332377376847,-1.6249158805845614,-0.6901489111481941,0.13919257488421938,0.39706627026939795,0.4787786944966777,-0.7866690798167345,1.9579239566425544,-1.7914494707137518,-1.081586595589859,2.970125601373082,-1.353567691480659,-0.018202751690050072,-0.9241146779713121,-1.249089774653907
TCGA-2J-AABR,0.24863503701108983,0.9111500505387651,1.076611316574096,1.1626372295047451,0.4892033395736396,1.3093018276271917,1.2125406302988933,0.4002714311417915,0.3669541186401413,0.9097933832011664,1.0484965574611738,-1.036904829886206,-0.2580855123652639,0.5537321126798723,1.1489143407717564,0.7267003613329865,0.4097904317553229,-0.2590066075740219,0.0729473819498374,0.5792484310066652,0.47573847290523574,0.871490086857165,1.2750172980640455,1.070471663831403,1.1669417102697144,0.3027566929954066,0.6043603155169841,1.4985209228140752,1.2139548848386656,0.16621289253612906,0.43654967372133113,-0.3828476862683714,-0.3026693255974421,0.4342686267906968,0.3369375598802649,-0.8965875044204381,1.2035657156449984,0.7677860194733598,0.8607969562759462,1.2028927478784934,0.1379581277242887,0.883144549063613,-0.2621983418068349,0.9497441961083845,1.5924259832958585,-0.27925637079038595,0.8231189924137939,1.6647803403423356,0.8214828812221152,0.9336242106120292
TCGA-IB-8126,2.298688639724701,0.9455135208693548,1.1961675967648742,1.6264437704732795,-0.3057092716234678,0.3489518855527546,0.5465804507271133,1.7575333724937012,-0.5837300346954409,0.3962082444797201,0.8810507261299063,-1.620621180288055,-1.2331211407877345,0.39070850510201444,-0.06352389033864686,-0.31425639606787337,1.4117053584574681,-1.0659549687560825,-1.311205699564144,0.5023332162033558,1.7615973009190067,0.614666584351166,1.1354834796797302,1.1007813295431894,1.0091602221767761,-0.07852911383078959,0.41942607039234736,0.7681959322894311,0.747359624562581,-0.3793608056002052,-0.3938554441249603,-0.9978679796125689,-1.3992167626717025,0.8711894562126025,-0.29886729695406083,-0.30849729561793066,-0.10578035990095408,0.5987018896559826,0.6813643634193759,0.781164359069403,1.0916758116279788,-0.35222619352544,0.034270017156895594,0.7302153662444834,1.0446483641123534,0.7798184006622033,1.1560902425246746,0.7276684349536691,0.41898271686867694,0.8729542549006857
TCGA-HV-AA8V,-0.6479249079809669,-0.30837737054372677,-0.10221187199413846,0.8547800652789074,1.0279261834541662,1.1108551494083945,-0.12573857779458697,0.5049550462598243,0.3349811943361032,0.8055301126862883,0.021048312633384178,-0.6960635741434952,-1.1040058217217414,0.9466819105019109,0.6092951191542926,0.5764496770242947,-0.6674885715846647,-0.8681529282642746,0.3105020945221392,-0.135718393546203,-0.2851429364113043,0.37684712339323856,-0.03552569422048766,-0.15154105104399038,0.04729803567397203,0.01248203302875699,-0.12029456324512075,-0.2580835659233041,0.32199943150661975,-0.3250961436002528,-0.7712951485841095,-1.4078152275682145,-0.9747002525334785,0.48123037849296235,1.1267204375441526,-0.9887829019979008,-0.3506491140633068,-0.06860844510804968,0.21539012537807486,-0.9480434675506336,-0.299804326854521,-0.42376560930801144,-0.8795539694303485,0.22382684704512792,-0.0011301699890878386,-0.952591610064888,0.4110598537150415,-0.5967260284923595,1.2432698057145921,0.2379304181393925
TCGA-FB-AAPZ,0.44020809031779584,0.38365137218847917,0.4690980186365111,0.6867919809554527,0.6601884844923137,0.6234329335578759,0.8856561649240594,-0.5836082863184232,0.04839566769959016,0.5884409580549935,0.8674406519835622,-0.3231539678981429,0.24485080628320557,0.3826890271257508,1.024827870979427,0.891143848324047,0.2901909051803748,0.41495857517942003,0.40383870347978124,-0.34237320002097166,1.3453686631174884,1.3165550257636311,0.6189438088287711,0.608559803857306,0.825024672286522,-0.329883455417701,-0.07513763714392586,0.8576792570325981,0.9194717035824542,0.7444037829224079,0.6596488683036905,0.3931247073393439,-0.07911209916254318,0.381783235960507,0.11604530079870536,-0.5759215383736033,0.7997647519789449,-0.11708244647036749,-0.159386169963045,1.1929612889793204,0.04285858365070248,0.45879976671433154,-0.4723320188466158,0.9278620912128375,1.1522551644291108,-0.21507050957824833,0.4262291230832247,0.6651597817883927,0.4250784052002144,0.5521107714767108
TCGA-IB-AAUS,0.25659041520784404,1.4059247967479878,0.24858283702831951,0.9745886614787317,0.814212243546179,0.044242767453702724,0.6494395206519826,-0.5674097679701654,-0.46704116324878936,1.1997599711789049,1.4442402094627176,0.05943458438031064,-0.5630965844473825,0.9963734081279961,-0.2387575966686418,-0.4341460837564179,-0.42392457739440054,-0.5752124863283268,-0.14897636039202744,-0.9636131196192833,-0.08679434046243006,0.601091454597256,1.4964806996398061,1.4484008388991096,1.7269178221377637,1.1593258500862065,1.4972176839476496,-0.4416724181455073,0.8020044213635863,-0.2799120127086395,-0.10268836196148938,-0.26393106617005446,-0.2753751054626595,0.6849737515840799,0.3600635832555265,-0.04126318473556979,0.4726020536455944,-0.7658203050464232,-0.7605419372955593,0.5241955032713066,-0.5328861639983351,1.1465693576598475,-1.289338562472312,0.14808757615579216,1.0715030624522888,0.2363422246736686,0.5046582376900691,0.1431151853488916,0.499527546851848,0.4604712861626068
TCGA-2J-AABE,-0.1357477157337902,-0.41337439466065823,-0.4418609943681409,0.5477718119652343,0.5195468872953023,0.2236590393236118,0.03597504366046728,-0.31659552072419717,0.8628774374009125,0.5188261734428092,0.04913574768614798,-0.2971936185947658,-1.066005962247849,0.38610463186228283,0.25993098316317187,0.11484743216795577,-0.16253050802424507,-0.9208964221726202,0.04050978639892898,0.486780868538337,-0.12834142777611965,0.00855744176938175,-0.05997959132196262,0.14456801951681728,0.1978944291103744,-0.144217225036208,-0.19407694473750955,0.18683428909611843,0.29399150433497345,-0.19545808406262258,-0.2900414362508289,-1.285244738759124,-0.43631593672724983,-0.0059196807857132055,0.9379280984923084,-0.5669986324796484,0.9695951330881593,-0.27290492351830875,-0.12439880772897978,-0.028074637702750385,-0.1710734666064459,-0.6746617132283808,-1.4099791566780522,0.48377204494162995,0.5657310097412462,-1.6016394022113511,0.07812630737890347,-0.4613493660155301,1.470021848833459,-0.1571756291840919
TCGA-3A-A9IC,-0.7684994427837155,-0.16502073462424485,0.03378852308230401,0.0065969793484563196,0.950627342759304,0.5735818874242924,0.8829366546065054,-1.4301924485099713,0.49388081029869385,0.28025161212335997,-0.5523093221037279,0.4382272706932219,0.5053362131993031,0.8690940307494186,0.1933260683555378,0.3308929333437975,-0.55005979101908,0.619967041760835,1.176956520470915,-0.4835817088235542,-0.6801266483060892,0.6746995220704378,0.25996804185194355,-0.1762624923907078,-0.0410539871132551,-0.49625516682940657,-0.4808196966430668,-0.06286840968962533,-0.19719536218873066,0.3364895667565316,0.5680096826162884,0.033881164632598174,-0.0037023189771683315,1.4588809834566805,1.6763909601205516,-0.09241565139296912,0.8982307103107496,-1.272454912436881,-0.659582327377722,-0.2497915226918084,-0.9718269055152573,-0.005328293407784524,-0.10611593399292792,0.7650210943473763,0.9174345663819763,0.7406180719055849,0.10866531663805427,1.6868780427883174,0.9721065250640353,-0.2212657547022074
TCGA-HZ-8638,0.9759915722081871,-0.3081050637498319,1.1625741659079398,-0.6758520615309762,-0.6590378716347222,-0.02071585071526468,-0.12133259648561452,1.5606428966162447,-0.157330591675405,-0.18529002533214128,-0.03962172506790465,-0.5815917616090689,0.8430643883887782,-0.7151988554742186,0.29876682267272736,0.9285193123149129,2.6923109601063326,0.8043014600139189,0.5212553994519121,-1.184436847595779,1.0384794931355277,-0.7891734194841548,-0.3979465821665355,0.2961869997838897,-0.1584171909109807,0.41160777909155066,0.391806037714824,-0.4526264805699297,-0.555080145187798,0.9382562022431696,-0.06562569422181132,-0.17593640977570943,-1.3864273223910544,0.17758812480319003,-1.2533162256363795,0.9533317690156546,-1.3330955627201075,-1.1383820550911756,0.20016715544441033,-0.1046403155546739,1.4734451798231962,0.7103338702197128,0.8523382785616749,-0.7001933783800163,-0.08467798784196125,-0.48256640915111587,0.028756549883424704,-0.29108138381057513,-2.38989351896896,0.8609705939189789
TCGA-HZ-8519,0.6207415197551772,0.0640475849642567,0.5830348596269886,0.19203657481518713,0.07985039243893294,-0.745369343365601,-0.3311123968983244,0.3156030774802101,-1.0508805632814686,-0.1337622431050273,-0.18376802174179857,-1.204004146226536,-0.8449995040349437,0.10498840612827115,-0.556643518529936,-1.0244512559950243,-0.8055957799066557,-0.7099420799274013,-1.4218351991353695,1.9409353914783722,-0.4479138179001787,-0.700979138648527,0.09303121840292101,0.043825715701467476,-0.23137030766738806,-0.6431384109847884,-0.2668020944304588,-1.3746441853300022,0.6091700117177752,0.07226925405830406,-0.9191777920175257,-0.6871724663604414,-0.7201944163750785,1.0269281833709536,-0.7880582050154331,-0.6045656625492778,-1.2527484223346261,1.9298150415244684,-0.21420250738132196,-0.46810238284537886,1.1485128430351714,-0.2589865660756803,0.8105209923229133,-0.2583525526124798,-0.3603326581621028,-0.21204547444193955,1.1090283494264312,0.6313749249508763,-0.3598393895017924,-1.2343983844521043
TCGA-HV-A7OL,-0.12550660017118145,0.8929580707108509,-1.669114172597099,-1.4666454644679738,-0.5000979495162623,-0.447176843474194,0.32557843775750506,-1.3352070340587896,1.1848869798842028,0.17442489523474217,0.265010333905198,2.567612751568938,1.0759433269202847,-0.6429072749236386,-0.4049928294774508,1.044996729902645,0.609164728207599,0.49100565992581163,0.5434312047661071,-2.18178009505765,-2.121093807739126,-0.37936514176058,0.19027685468063282,0.17890662807917806,0.3269371979297401,1.8153964752391454,1.2975239554306357,0.6621867154262258,-0.38719668956077763,-1.8579524377481518,0.3216110768705118,1.1858658997028269,1.9874021761388723,-0.6271129900104251,-0.44992240569556924,2.012888479751489,1.5355526969647801,-0.29916467959248266,-0.15812174860713354,-0.8034693914370297,-3.130457179605913,1.0154359681072702,-0.6673601595737714,-1.7789452198191171,0.3355098680176576,0.3307668250634279,-2.067060878294513,1.1129655354063406,-1.9426706535368885,-0.029848306718388968
TCGA-Q3-AA2A,0.0953938080175116,-0.33017573853293497,-0.5577194201594071,-0.43298249295572533,-0.30240342344110666,-0.12822235365444892,0.3771037951876781,-1.0096164993765007,-0.13569656039458086,0.1432402464731792,-0.1298900242527843,0.7487527020433665,0.017007460266176725,-0.2626965967656215,0.08536622571779655,0.3745950233277104,0.13655944354426863,-0.1109047164036432,0.4002252191172894,-1.308915275560045,-0.7206484687342647,0.2518451028682824,-0.33042122333321006,-0.12456780362339141,-0.08986458510353279,-0.040819734328092425,-0.2834851438556643,-0.46043013682427736,-0.2695530499359313,-0.11071393165995193,-0.5707481270677873,0.019147186194193963,0.48569268339266947,0.13131239406276898,-0.058801562457158535,0.16449368223308547,0.9738056771604481,-1.6505847120980088,-1.2340082191328647,-0.7322398379521768,-1.094007839058571,0.11980264963430945,-0.9425051416931456,-0.11266055913616164,0.13588538344347165,-0.9555901436055334,-0.7552309802968611,-0.8056198070136894,-1.046301492409485,0.1543939199362801
TCGA-LB-A9Q5,1.0598157521081768,0.1517919627671368,0.6079490297745428,1.0857173353948442,0.34153679573053786,0.17360905456707845,0.230059183933472,1.0313997892459394,0.60879081675739,0.7241286695488357,0.4011187334306952,-0.09375197261751327,-0.7295380413759054,0.1763519090410327,0.663121222580833,0.8776079835355454,1.3765279668039896,-0.6699707126931823,0.42459384679874124,-0.19303079591867328,1.5398733780878615,0.3563396010887821,0.15820673339535846,0.3550761695129047,0.6835007171451201,-0.33448219186397676,-0.20030209494190734,1.6398683169358876,0.5441230485506139,-0.42516458232505233,0.7721792500846583,-0.05854752862998249,-0.05573177347981683,0.40161885710138434,0.27158918792670195,0.7103692818754015,0.4141697895601548,0.5294018081295504,1.196501511937757,0.2216401069232391,0.6044429547793337,1.3707452743407988,-0.7717701687968009,0.08367159139202607,0.5654266532983351,1.713571530083806,0.028352203025154232,0.880237376360985,0.5992947707013148,1.622453080900466
TCGA-2J-AAB8,-0.8273690855461574,-0.32832166418615677,0.4592449952793095,-0.3180198800346825,0.5965481484384485,-0.07126819494963677,0.09882037366349919,-1.7226952784176033,-0.0042974209803364576,-0.06195464402714551,-0.27540015187138,0.11911082902380811,0.3572345899501026,0.5968731287167651,1.0513613199813332,0.6699052827369254,-0.5531595602794785,0.5594238936033507,-0.026388044490326657,-0.9852492110258936,-1.7540708427523055,-0.09937875955825232,-0.07484085350714202,-0.3702588422091782,-0.291243715857977,0.6683304433712016,0.29577753338653073,-0.014835407045580623,-0.13275551903974314,0.5611590495817674,0.5117768485565924,0.7143258669671756,0.493786520760793,0.13916573208839164,0.8396552867448298,0.01959954053006959,0.5345553308358894,-1.6244499875918907,-1.550467781551259,-0.13923878645196497,0.4158707885449714,-0.8845643334635218,-1.0435673828267844,0.8041564267455271,0.3849339911302561,1.1360076352418833,0.36088897054775976,-0.8197023376399114,-0.10934717887522757,-0.845804831216084
TCGA-IB-7888,1.0287048662326799,1.207785802119867,1.4902787930187495,-0.11508705453829876,0.5919316409283916,-0.11333563843325781,0.3902235147552922,1.678605079730655,-0.46158873949000007,0.3463452839613804,1.3058358398236847,-0.9912261865223229,-0.47020481946681264,0.7565646661590401,0.6271781853013331,0.24026526065647436,0.37556367630192106,-0.20171801196044503,-0.39905449779262714,1.01069042298375,1.0225043165629397,0.31411998209898945,1.6223121125316002,1.3081307845942527,1.076842136960797,-0.16927059458306887,0.5022404847293881,-1.555000832660265,1.344352716244613,-0.1644638774865137,0.6644605002792306,-0.06497993362381439,-0.48953525544537524,0.5650221089108046,-0.30904072231008645,-0.2949183287526135,-0.13334822970787097,1.249227182345276,0.5401382749511777,1.2317940744086486,1.2235737791297214,0.7672864640355226,0.5151206084630453,0.40347141126638336,0.37791619698040196,0.40469761666671056,1.3253042816337754,0.8601052994454053,-0.6637833219607321,0.9163550804700331
TCGA-IB-7645,1.244792968458014,1.4602952747827747,1.588839587201283,0.8703185648626395,0.8539290643800591,0.13729206656238774,0.9215956421090025,0.6731840452353459,-0.08896251976024841,0.5826590431848112,1.526527418392264,-1.6803021085992385,-0.5261527075036856,1.0968063536738644,0.30208545718664925,-0.6213430219169017,0.17513397349210413,-0.21982888045798749,-0.8439969479439319,0.6970000895470698,0.8408412753796783,0.42880747817844145,1.7343290026253138,1.7084843934938148,1.837004422320318,-0.20145738805072308,0.7275611271740116,-1.4784677494699574,1.6410807392875573,0.21708519669766793,0.267101648784829,-0.6313040563603562,-0.4173222969988916,0.7096558168160878,0.48642308154253655,-1.0374827797546387,0.2863207562534978,0.21940005169260265,-0.436639250071243,1.169649324653944,1.4316911079159313,0.35596397758505616,-0.3119540381657637,0.9313511182559314,1.4548512841257064,-0.17309876852203743,1.6150653466214604,0.924825791485239,-0.14271982067576264,0.26103408954269636
TCGA-3E-AAAZ,0.16931334382876867,-0.9920860710847409,0.16599054948705427,-0.8557870873462298,0.5931466300079727,-0.21887243883095517,-0.3805379713320836,-1.1656430367555992,0.3109123673929187,-0.4091205382137877,-1.0141101742418852,0.44353934382731686,0.4016445152490315,0.10110008121601335,0.21207876019399519,0.3661562940533609,-0.35138006597450094,0.4807177342001305,-0.5736681262557556,-0.377903565849149,-0.4414803018370735,-0.7500763292591802,-0.5716682673132927,-0.7098544717517067,-1.1048676162161646,-1.2983757948945152,-1.2286572053601135,0.10604740777796735,-0.6474616010134382,0.6272173769660518,-0.1400055198152095,0.6967853373741425,1.062424363221284,1.7391617246487414,0.6450837592996217,0.8369943262510897,-0.33336693450901445,-1.1217559796858454,-0.7429986169563493,-0.4294133419126142,-0.4582415143672788,-0.5673734058613968,0.08092035131134624,-0.1585562992301639,-0.6710113868492469,0.00044001358745859246,0.6111368597309791,-0.27863664293893975,0.6455679561775634,-1.042702020919004
TCGA-3A-A9IX,0.10137677538592094,0.9427114615358593,0.6293142098165251,1.0629741874130947,0.7460246515255204,1.2484066344022433,0.5766310997461739,0.6587182172736078,-0.5453723187578668,0.3462143436206357,0.8187415931367343,-1.1410112336405924,-1.026495722489385,0.7330775716110396,0.36827181127956077,0.1313231222006781,-0.21861570294022792,-0.7972351217572875,-1.1242991224912258,0.756455213856495,0.0289435460480777,0.11005539367022929,1.0336115309809393,0.9080231395906022,0.8153725154777661,-0.2834517307848762,0.2643268453767474,0.661434537603763,1.0362885740946235,0.001930076330353096,-0.6624939723537818,-0.6675341315210201,-0.7717949563216067,0.4205401227660333,0.391738198062822,-0.9157653855789699,0.0012505322276848817,-0.1442132372807525,0.2495661285376259,0.4167973094624585,0.3998609459293727,-0.1377150536900753,-0.38970838670862523,0.9936625513480083,0.7747392574873141,-0.24884286498366825,1.2530110677169153,0.26073796521194476,0.386517314674147,0.30258630608696757
TCGA-RB-AA9M,-0.7524887101211201,-0.33940768711936536,0.6273349286857884,0.9454650861230184,0.4490389611765918,0.6884371010144372,0.261253051830635,0.4721411373141811,0.6392851464978229,0.26011946523025015,-0.3012781712120932,-0.18241717844293676,-0.12849300385524007,0.315144855098268,1.1001699729701588,0.42215111838433805,0.034907842439011606,0.18449203078057852,-0.1972081642724435,1.29065670736472,-0.059613885670608116,-0.09318319173722495,-0.03519482763296463,-0.23667552888230436,-0.20852033217060803,-0.5775121945515772,-0.4742477706349099,-0.4030837957410177,0.6048510447548526,0.9514770142101184,-0.07265498500430194,-0.03945707977241665,-0.7471894760907852,0.4186984202887275,0.36804464197730996,-0.4119835029364756,0.11848661497338472,1.532217702739549,0.8818654520318869,-0.11487726602871857,0.5196444139376969,-0.310297863964911,0.7553268672247144,1.1554290527948972,0.5338932758442925,-0.2407116453932566,0.6069979896778056,1.4535151433005375,-0.2187388355509912,0.13635277908050406
TCGA-IB-AAUM,0.6339710878635982,-0.3201495590967263,0.6249063718903601,0.3993115269073778,-0.47203333292838073,0.04250835451543064,-0.8552977726892297,1.2723367340227816,-0.29719557244311157,-0.04835983025016096,-0.5740366628910727,-0.7318182725435898,-1.4693064200215142,-0.43879467748177914,0.16422207276413137,-0.22151884228107976,0.9599443076541208,-1.4533641464461289,-0.820713868024494,0.08970206248647941,0.6747653094677115,-0.671200067333284,-0.5374541194028549,-0.5924165987393748,-0.667172998067718,-1.0173351344408832,-0.9460889229647156,0.7744826917389347,-0.21447849582691458,-0.808817378994462,-1.2166399035110287,-0.7404664490572702,-0.4440632725753582,0.39249980689529995,0.3107217869818642,0.18621678089356836,-0.741826031723828,0.5842423934429692,0.994671469412649,-1.137155895099553,0.061862850435122095,-0.22361553624073752,-0.39223146899063294,-0.4577586411406389,-0.8308595018431415,0.198150277043663,0.18224515164814686,-0.9302928817468309,0.8634210898934112,0.584995555313652
TCGA-IB-A5SO,-0.11949047735477529,0.5656902371146936,0.5052156887796654,0.7480211562478553,1.119145132955662,0.8547777083910995,0.8190616627706295,0.2815847771507904,0.2834402331238575,0.48755631568060076,0.4777546597562156,-0.7789889661635099,-0.6736190189960481,0.7726843879605895,0.646915851326619,0.6772696053910598,-0.7476550827368302,-0.4923201816564691,0.12287541320011354,0.8640939929077812,-0.36615967217204237,0.8585024977664549,0.8394746461578658,0.24733832282413787,0.6338967016368092,1.1393714779373634,0.9215426441449099,0.11004509621817478,0.9259607127170594,0.2822421856704187,-0.41557721777125994,-1.1704838526308547,-1.142327521832359,0.820305201308328,0.9632858715554545,-0.8943940553601482,0.8008781850031734,0.6069200717451313,-0.3896782398095705,0.06708776705810716,-0.0011889616393023106,-0.23985842278463937,-0.18939972421213652,0.5629224621586891,0.7550538338282324,-0.3814759224963659,0.7016367262832138,0.20042651640427434,0.8335704086470235,0.10303128014674016
TCGA-F2-7273,-0.16718938603109967,0.8451104340122262,1.377689376576633,1.2753478571445114,0.6345246816016489,0.3085098319647764,0.5477487396187758,0.8726385357531018,-0.80886709888118,0.6474566845552356,1.0963543019913875,-2.2161095782662676,-1.3395206779917703,0.8026230331832324,0.4455460097535401,-0.33613824592966013,-0.49086037068561245,-0.918122891435777,-0.5157984234647353,1.3102008554567375,0.9385236560273356,0.7014212021847452,1.3281397613204637,1.0196759249515368,1.2257097244794126,0.03160876584601388,0.5260069420063848,0.4471259597508281,1.1389700801074352,0.09974611007901799,-0.4135274591120143,-1.403146440833807,-1.0372357653982276,0.5277899398637121,0.021697769555424705,-1.4008697811127393,-0.33243444662802807,1.1004573378822355,0.4099270731016194,0.7838679445246493,1.1154370581291708,-0.18991006717786105,0.517034388284005,0.5472385634227921,0.6279418605837623,-0.05280113125494352,1.32020653673171,0.17295995969529301,0.395580877776234,0.6726358682449101
TCGA-RL-AAAS,1.0685761566507586,1.1317178757074104,-0.06585665529457622,0.4750740783329218,0.5451872250807348,0.6476608233410872,0.25243077041032963,-0.05767777021427221,0.34387787869869807,0.829002878160284,0.5903355242553843,0.6863062575013279,-0.5811382594186371,0.5364596891226896,-0.05750003772609859,0.31967539898845454,1.136694903282579,-0.8413369104295022,-0.08653170985199007,-0.02940217939296468,-0.6153086493752999,0.035870676737395135,0.5703609392553507,0.6298150373887258,0.12428011008484104,0.35923564636185096,0.5327011369539533,0.7166691913702828,0.5026764693872071,-1.3264102529658985,-0.30120653515242074,0.4185040632182902,-0.40864190400792844,1.0563740747817632,0.08211821115750839,1.250273111935793,-0.22055902548001335,-0.08620120553365461,0.39804084669029666,-0.5798075454836101,-1.1957251913499858,1.5723939435543386,-0.699607449305411,-0.5300936242543374,-0.1179255786653007,-0.7981730327024453,-0.14412543168064626,0.24604033035755807,0.027896959820248503,1.1205404535539105
TCGA-L1-A7W4,-0.20541887905910972,-0.9351349319517781,0.42188114931939774,-0.6695047928547265,-0.12278293854860448,0.23518305586241636,-0.20465871514310827,-1.6980978966490516,-0.05329067629731164,-1.495458593480416,-1.5182060698478574,0.947227999479272,2.5053537776100745,-0.07552119266998956,0.01103808591406448,-0.09574906572679792,-1.354739576329022,2.4791505927704685,1.361237668413932,-1.0016629742526164,-1.0379693748550018,1.2410288753101584,-0.9414497367721516,-0.9938101910531115,-0.5223836159523182,-0.986352856909513,-0.9949043199039562,0.30360562860544943,-1.2904538093786624,1.8205450989743355,1.7291181626378536,2.1634303888216135,1.472193468711685,-0.9665158237470335,-0.7470893147279751,-0.33257703379712,0.16075399753519998,-1.0666037630269858,-0.6492524051616045,1.1572077242150483,-0.09692919617124063,-1.3423781942833446,2.142628775318996,0.1973580550519402,0.41034064093494116,0.7116264317215792,0.002644559799482466,-0.7912635684864745,-0.6080613223603701,-2.7770295338061275
TCGA-2L-AAQE,0.12018794735179224,-0.2162985411281616,-1.069026165598993,-1.1650061697333651,0.14925625462383396,-0.15567928742299983,-0.18697025822788374,-0.4556650824287112,-0.34660844131599466,-0.2854789782254458,-0.5531948420983649,0.7196510328227619,0.1885486961260423,-0.3232888724911092,-0.06540508052523292,-0.35017623081177146,-0.8482601083751696,0.23333309586830162,-0.039662735269422066,-0.37772763478109417,-0.396960001284801,-0.4562998666192367,-0.6867704528911794,-0.55530175053601,-0.6532128972989238,1.271780449986734,0.5237263608861065,-0.9477355451484955,-0.5684542598032689,0.4657458831040624,-0.04624421584829589,0.046619249127339876,0.7888564534935908,-0.26824417758269686,-0.20270568480424056,0.36403369695839954,-0.09588455753307261,-1.2478256933117466,-0.2544289682181236,0.0011755175413284194,-0.46660609004092657,-1.1197536087359552,-0.776545447811212,-0.10119102224524926,-0.5630518811744593,0.21974085167354576,-0.15843168469194405,-1.5729708804401556,0.21649419895693436,-0.9424658006474868
TCGA-OE-A75W,-0.009415363966750854,0.0766038078935291,-2.0045998391923745,-0.4226203328737867,-0.4379021224810162,-0.6586043608729865,0.1277438390541738,-0.7088764483128981,0.89287244635121,0.5619876158846102,-0.38460470711999717,1.915154115539748,0.2833924308389194,-0.0739957289206627,-0.6240572749720327,0.5881535941322779,-0.028970360544368527,-0.18343405783263325,0.5670585247655633,-1.513309086589973,-1.8625122309413016,0.12854344411761423,-0.18004575457708596,-0.3761517254654347,-0.3332724763864736,0.5125745799304982,0.29562386500301463,0.35678099341162267,-0.36555436858771123,-1.8724776537506453,-0.26652966853305504,0.021841651129257258,0.937395821067427,-0.11779897893714036,0.04637171581628881,1.1924950199320585,1.1235402156989427,-0.19215855226249104,-0.5734263740445789,-1.1804344341208939,-3.1913481979207083,0.803810524042956,-1.0964290623347648,-1.2746516219295725,0.12599635629182132,-0.23550257025177504,-1.8440150638225978,0.9982851604073723,-0.9592718838995481,0.6543239193026793
TCGA-HZ-A49H,2.7248820136048013,0.83618552503063,1.0987471228683634,0.6881738394160273,0.14730162893875595,0.19533337139489024,0.6891228592671031,0.8061491297771305,0.4678604133313356,0.3441156533863942,0.6845882357653806,0.261443383271391,-0.7189989282523501,0.3513438427877304,0.08411283682913362,0.29922518555531236,1.7114373466718822,-1.046316168870569,-0.23040202261645537,-0.2711079083375891,0.543700861226095,0.514636872125152,1.0702626604604721,1.3529987514056188,0.8471483687542422,0.43323591587737986,0.7635951689471332,0.8187737729865404,0.8863682094238543,-1.458335610149258,0.34639503901183694,0.35638191634928357,0.3723332201781946,1.2054483210146303,-0.9143476767431221,0.7530480524788878,0.7259582349876357,0.5011685903952515,0.6670879632090935,0.15352708091847495,-0.24413481420540753,1.1953875073326463,0.02275461471144849,-0.24705720058604375,1.224656416815484,1.1878227472272445,0.32372386022294625,2.078725649918357,-1.2466996992991533,1.2291390311533856
TCGA-F2-7276,0.04825136174703858,0.9688926689872476,1.5591880663977244,1.4592396133950238,0.8548477354675447,0.7546659640767184,0.614503646134156,0.9448080733878087,-0.08583356327026749,0.8234425634556193,1.46256103083138,-1.6931888835484257,-1.0112060791296755,0.943131108401545,0.5804374458153299,-0.0032963071102492586,0.038658974525366555,-0.7966037385094168,-0.9074504959172358,0.8307197812990575,0.9761900633476327,0.3383793236621611,1.2975350822428857,1.3703943488991952,1.2493313087553972,-0.34845646355966375,0.378867731928314,0.6109334978560523,1.3663111403879233,0.019242091296969042,0.11872973227904832,-0.6053534460511737,-0.6665283120525348,0.6723730766030593,-0.22909866214722868,-1.019239385886332,-0.03808875499978815,1.1830021492315814,0.5816400825686789,0.6339352817519742,1.0061689453871463,0.0834291978020607,0.5344040256352016,0.9745393088486217,1.2592406461813639,0.2639042452154758,1.3844878345612832,1.3754555685510803,-0.03821502645384385,0.7466403392809992
TCGA-IB-AAUW,0.9826431286403553,0.13064993591132998,1.253097874332079,0.8047857480047215,-0.09117794315789604,0.560303495303062,0.1797663808548173,2.187677658491281,0.3305894117530332,0.3281191379641069,0.5281205422685429,-1.3806062126824261,-1.3997039982922233,-0.06947925112747082,1.1146594353619017,0.5197771673557221,1.6448382861595918,-1.298187451909131,-0.5937195092599744,0.68298589035609,0.9957895175943859,-0.09307558231071274,0.23209375811035318,0.6031041825803345,0.16387703092691255,0.37439840328469076,0.3907709934327797,1.4457677031650584,0.573790557331948,-0.6512479510263252,-0.9798818540994858,-1.1969879244645354,-0.9372870894214905,1.0841593801188667,-0.270221630732536,-0.6425890779611464,-0.33287553907058404,1.0842006033740583,1.2432890268489565,-0.9170583784634704,0.5779037901811279,0.39714854874864447,-0.1086541917793494,0.6452572223418911,0.3398634345218424,-1.127582388927314,0.959991248394903,0.3068051058452903,-0.17221852764910814,1.2055271040600555
TCGA-IB-7897,0.22531968957272377,0.9938693551688985,1.2526448810671416,0.6794959480596723,0.6333341774725137,0.45490390242557827,0.573217313168843,1.9185165345548534,-0.9690685921082375,0.12133823529073726,0.9723989170080725,-2.441260699925101,-0.5883498213785127,0.6373010800995978,-0.29984793580950114,-1.1827405394802926,-0.6257526488073984,-0.28671166642675383,-2.003139433701985,2.7762026764341425,1.1351616257680042,-0.06951521859461171,1.3328354782530007,1.0127041477036982,1.1382690520793446,0.009099388047265218,0.6513422529332134,-1.7299796372118963,1.3736213161936977,0.8172092751153269,-0.45358984760940824,-1.3958651932723198,-1.6868860574167657,0.7773605043563757,-1.015632714159827,-2.4430770450090837,-0.9996593117918134,2.039559264685275,-0.4938442153392067,1.2381432502760021,1.6288681200871937,-1.06032611576698,2.020603768862789,0.6297682360771127,0.5292329090291638,-0.7440902274025083,2.318098152138213,-0.1409340247148435,-0.40139340014180863,-0.6624278527368983
TCGA-IB-AAUV,-0.3535782669233159,0.8672738192977407,0.12248590910924351,0.8378793612862402,0.5891788821063012,-0.14813799944176737,0.04949509703075333,-0.35985199565741016,-1.8482987822977697,0.29385722061134456,0.6009284485504157,-0.8777102760804675,-1.3994807066229875,1.146688776228081,-1.7648704726506252,-2.286735372654409,-1.4047632714728415,-1.351239710385379,-1.0801656874474441,0.07372979502841502,-0.6749814724083603,0.3215667725355762,0.8010887914190032,0.8573586961280056,0.5893381884157616,-0.8171892415347228,-0.08691828562237522,-1.4557698820595588,0.22688839857419218,-0.43956006637535044,-1.328943903132499,-0.7338450577406819,-0.703338655115465,1.403996461798388,-0.4501408522193394,-0.7815655329121118,-0.1762877005678058,0.48689793782289587,-1.138629214388228,-0.336153808957865,-0.02002986572278726,-0.12875183429413106,-0.001503824466533082,0.39964211903747765,0.4069449693116064,0.0021262521069028944,1.1186693527563472,-0.578557804406867,0.4954847252837699,-0.6740976955369677
TCGA-3E-AAAY,1.0721580550874232,0.48009018177915297,-0.08252516203327474,0.7715273778927062,0.24354087953015405,0.10020375326650856,0.6793679634362685,0.29337101024529133,0.05934174021003897,0.6513842190834451,0.6446467172525809,0.09623427567692731,-0.422964650222001,0.18319289460097907,-0.012720877434840855,0.46046696481604626,0.6411496983776795,-0.7026363945731824,-0.27245708535737695,-0.3316568119250149,-0.6463782985347295,0.17846256471953614,0.5030317841716224,0.6056070955747511,0.6804822948707191,1.099054209161097,0.9400138169745622,0.9917683692576504,0.6452996026126551,-0.519959744283659,-0.14415882303497118,0.024709858822930763,-0.15262465192741093,0.6098499506073688,0.4111417602586561,0.9462634196219586,0.7600914656326143,0.14992361193925902,0.2591944508189734,-0.10362474904550158,-0.465370547041281,0.8165856571434391,-1.0507472419732302,0.22103312770837094,0.9411667898980417,-0.2227038113323159,-0.060543045217987757,1.1542124780652137,-0.06195541871402087,0.6572528964616281
TCGA-HV-A5A4,-0.4171958352855483,-0.2584271324499726,-0.7465537650324159,-0.21792866429745136,0.3236399326060382,-0.08399837607502436,-0.14775551943705575,-0.04532107807233296,-0.055430247646066313,0.1996604267384554,-0.24704405176180486,-0.460058230708127,-0.43659901632052794,0.24675058599879593,0.4608774373140356,0.5910082317887159,0.06307913466295863,-0.24486925872403115,0.12829853475276992,0.07025094423643709,-0.9367973472694269,-0.11158840822054568,-0.24463740360615974,-0.44111919858583415,-0.0015334461771018752,1.3939643904631966,0.6428387744503656,0.91743486563215,0.22504939791544154,0.33990489215827485,-1.0823617509919896,-0.7628098429460399,0.2745183188322012,-0.24305364657828518,0.968617457640233,-0.9295042849054487,0.7468048253387864,0.5387893855114771,-0.1073142462568041,-1.0517028041612462,-0.44469384726981587,-1.0532846138682894,-0.37493476136857345,0.5244059807104178,0.008289084389187565,-1.412386693975059,-0.09521057058926126,-1.3409438950756372,0.8146911596615293,-0.03976264059521157
TCGA-LB-A7SX,-0.2963001705943541,-0.6034784521070314,-0.7505517148295926,-1.2030537589296355,-0.9653427058356492,0.5906624962789485,-0.13131218586330995,-0.1819244268209775,-0.20953915302508094,-0.7068522841910938,-1.1336577625647635,0.3635917959985463,1.031315924868042,-1.008605693821973,0.06848567399793799,0.22399051519582522,0.17120919443591856,1.2001071026564523,0.07558111136532583,-0.2107903149935002,-1.044905684989073,-0.8152942421358351,-1.3857718635648792,-0.4927407564732426,-0.9576990753369167,-0.18608620536497894,-0.3579370046346332,1.7051349448826105,-1.1074063673963748,0.7560385548407282,-0.18691843912933312,0.4483924895770323,0.77980507881861,-0.7964029003313773,0.00017261602247669894,0.3570044617009631,-0.7417693172964563,-0.911662627299041,0.44456829489700306,-1.2296864653315678,-0.5205068004122406,-0.7072682271616171,0.9251873390030806,-0.30788177518603443,-0.10040268579511524,0.7620267700934704,-1.2526392078977402,-0.07061181066901132,1.0736371578750723,-0.3018902429567631
TCGA-3A-A9IO,-1.1514625745875051,-2.542791618709259,-1.3729332927282194,-1.5976565758860277,-2.637617530085888,-3.9841467470444494,-4.115747097500509,1.267852917809685,-2.302112672860425,-3.8972531479862913,-3.0109318570499957,0.013017683296433465,-1.5373121076192313,-3.192787536211135,-3.3110807878780117,-2.8710134494040793,-0.979969191352425,-2.3665192170351355,-2.9118971119537598,1.6019523010574614,-0.3216487796305021,-3.9297451744031915,-3.0691604135988806,-2.9851568919322236,-3.466800001555247,-3.33646495654684,-3.176703745702493,-0.915396124502501,-3.271208701930652,-2.2856681968546098,-2.146080867944832,-1.3352621296628742,-1.9773811806953405,-1.5004316460725862,-4.189815396305898,0.8280510916376281,-3.4384664319513636,2.1514585355431475,-0.03983648690969299,-1.9413521089487067,0.823200059205434,-2.6123953998213687,3.445847131821786,-3.37425952891784,-4.10605937693495,-0.9161954064451555,-1.6173721405540478,-1.819888099408197,-1.4417954028679554,-1.6445523035623113
TCGA-3A-A9IB,0.6192900190494105,0.04442316504197691,-0.23225511902151302,1.0124371162527133,0.9994741900023228,0.7221112668844112,0.9798914681654589,-1.1430739313514577,-0.6600302275406138,0.7270898505134442,0.27426720576534186,0.31756179512437904,0.49427169316018904,0.884457231057008,0.513345986615828,0.02140152592372809,-0.40698588689630494,0.4981667816607669,1.1424399045962204,0.22530626682272792,1.2017510827321711,1.3251729028455757,0.35074538821986156,0.5618572044592239,0.8798051848695658,0.027671495943217817,0.18055341354248022,0.6418139374093018,0.6824952273983375,1.0591104387094659,0.5225309618778302,0.570788336967552,0.10260927939378087,1.2417040821278515,0.2954554122656898,0.055631020600764504,0.7299360774859072,-0.4895666330027286,-0.3103579888201308,0.4687169176103331,0.33586366019986363,0.45829798616490036,-0.23952080629768438,1.0013412953722058,0.7240361173043641,0.8871488005623459,0.40772374527840693,0.13668338943415131,0.09219837366299123,0.238840759985699
TCGA-IB-7885,0.9050545747719828,0.731119570382643,0.57280784871314,0.7514343105629656,1.3152475807768917,1.5785632245710775,1.1128973454556874,0.24822316434633343,1.359924472200613,0.6956510959384041,0.8957266970608714,-0.056457026800800836,0.47197356879569774,0.9287762275191451,0.24511349481258235,0.24124703194169905,0.9208021808255222,0.3756624608251831,1.2153329058383506,-0.13348158983425037,1.188575910165217,0.8639970614162268,0.765721391368059,1.1100869164297398,1.1470110960353168,0.07027586769985081,0.32948895816281254,-0.7925448312724452,0.791664557664518,0.5934454565211128,1.3753325107392897,0.23823932960022434,-0.14727911315898448,0.49557116395060713,0.7993031272370373,-0.04759755938848167,0.4145272123828068,-0.8345515007317932,0.2563603525088836,0.10670154652679625,0.6776990729439321,1.3378330062929706,-0.7436538345189638,0.4338602969126004,0.8045252834754656,-0.4612900552970814,0.5125130605118626,0.417075297118668,0.43598466428234667,0.8204243365201095
TCGA-IB-AAUN,-0.7357977185142922,-0.3589306925495522,0.510473179809512,0.1760402122343463,0.1084367179482008,0.4146319778732526,0.11164227944430302,-0.4204146636601445,-0.229786130324223,-0.15057236134360252,-0.2335336310333462,0.4764043373104417,1.1266987465385405,0.3117076882653579,0.9532990485379162,0.8126189156764436,-0.12877422532758495,1.154671025106923,0.714689144633648,0.1614607434038414,-0.042021826229804035,0.5881610195923324,-0.1494103197653358,-0.3792280354460774,-0.29428539809614257,0.5758327853839064,0.3993236085993745,1.556529260341288,-0.042126175494963586,1.3661060587153804,0.5905713810859113,0.9706126576661052,0.25186436734216655,-0.4756779759249701,0.532328001401032,0.02071911462854434,0.018490661131041832,-0.07311892104697432,0.7748820301268702,-0.025578108774114747,0.27196131946752666,-0.2655161549512415,0.08261176933338847,0.7212715639832307,-0.2288902358156771,0.1409644788906613,0.2513328007629578,0.07599368477561559,0.5159935478236721,-0.28290708029950007
TCGA-3A-A9IZ,0.32730649393854,-0.5859411859690997,1.093344610922294,0.31419900188945044,-0.7303008365478142,0.13427072299363604,0.71703499873227,-0.4796591730054468,1.7152531747672224,0.1778108441851617,-0.02377023760134792,0.3547355643393688,1.7176294995368788,0.4488086869888831,0.9142064156118543,1.5363966138051683,0.3178993935539473,1.7778552466189377,1.8883875111249824,-0.44389135598125173,1.8447306840894924,2.29215690416912,0.36288687257962843,0.17248038953625888,0.29463454344348255,-0.40860273779549355,-0.339960872208091,0.2842800919455164,0.06729708959436119,0.9794823819407942,2.4155139105164665,1.0123853639294793,0.6967130085459874,-0.031064761770768216,0.03692777777352315,0.04854038067781313,1.1259350262988082,-0.8871553211608213,0.29139092100581954,0.17414376442629453,0.5193772074767309,-0.020233851834513553,0.9913352973669359,0.6139466922216285,1.441759630760124,1.7220313812370789,-0.04705552939539989,3.074580511952377,0.013547740641726242,0.4453917477545816
TCGA-FB-AAQ2,0.3893799703258181,-1.0408590715339743,-0.6496439651999246,-0.6146336342405082,-0.3888444631662304,0.14294774961018353,-0.3625823779143405,-0.5130234683410653,0.12274635313719755,-1.3587612877752964,-1.5832434050138082,1.8101525103584675,2.296539257701076,-0.45918957742720906,0.6581012306065187,0.7220239238235887,0.21886734534561825,2.0561076916300705,1.0972474441457094,0.699804448994214,-0.14231067122280605,-0.4039364161384953,-1.1853161561825294,-1.2266984108715877,-1.3688388302992038,-0.9219023181916375,-1.0628161319160363,-0.1511276995030426,-0.8738415877014972,1.4887830251132284,1.1858193279930134,2.2943464729670784,2.2968287830005103,-0.44802373674399953,-1.1728339625913342,1.0152090662872477,-0.13747280678052673,1.0300840914967226,1.0135533101654588,-0.22041971982767852,0.3191635053998087,0.6691883957498093,2.397614147586622,-0.07997967699674555,-0.9657414449594728,0.5011788662952374,-0.398266876412555,0.023981924744397573,-0.9998208549360217,-1.2321697032767245
TCGA-H6-A45N,0.08162152634580706,0.3032284667352638,0.09857833381747827,0.9088755222974023,1.1384177599265397,1.1418059083622338,0.08970492455731077,0.9256688880483377,0.008732442892748365,0.7564834467034296,0.501239119714581,-1.3296603567416465,-0.9334850607189321,0.6704797555193497,0.6523802006803794,0.3892192246810711,0.23993082268885815,-0.7207070639276645,-0.30281241368405154,1.079363131201421,-0.10316465029516171,0.4331124930708273,0.47856274070248567,0.2781091566248267,0.4100310964823727,0.18371275654413527,0.21603532917735216,0.8431317059607482,1.0700306018121097,0.44008713112549325,-0.7667061257377351,-1.5810790578414298,-1.2887907582183538,0.5579552748310145,0.5362015229025693,-1.192254337538494,0.40416778772031264,1.4687929133892657,1.0935010537229441,0.3002371453802962,0.03455353626808046,-0.4974426356494185,-0.1136178969291024,0.4836361443559229,0.21648969920305974,-1.4697989866382963,0.5596797354978366,0.257491158464637,0.9319896274372715,0.5739026199232158
TCGA-F2-6879,0.5132560638144915,-0.5257269011879954,0.724015760202262,-0.8281454258844004,-0.17530148740722076,-1.0316113111684544,0.04861737029110862,-0.2038210975970483,0.2473736528784653,0.008602004002189835,0.035783451116845104,-0.06394118229860267,0.8128196069203889,0.18548477144260858,0.3246292665976473,0.48963213542341266,0.005119305239227176,1.2524021824515015,0.18101794225855222,-0.3138420245385582,1.066792903163519,-0.5222744360760296,-0.22775172313638334,-0.19870361667113426,-0.09483919719570569,1.1471459247113769,0.5007042721975378,-0.12344455574534323,-0.09294692086324434,1.0904783828071294,0.6061743976060228,0.2760603764361377,0.18000209460379005,-1.1460146275664753,0.42439505763352825,0.1472649129384909,-0.06907963946280311,-1.1007782036058156,-0.4429822381750256,-0.015445222332501238,0.854119306244424,-0.7154336658045988,0.011619882388844106,0.46454107639026365,-0.4096896141797222,-0.19911847952051293,0.5015520745202203,-0.3822157932477312,0.2805209127253212,0.08522683674543251
TCGA-2L-AAQJ,-0.09554421713057638,0.2672579317883822,0.8106069487232015,0.09993497185309988,0.11619848759302664,-0.04022514388209639,0.6800595330833751,-0.8590476164838384,1.1072283312727709,0.43173942148098965,0.41325072113749634,-0.15764479855508062,0.028978083981059995,-0.22409461704628889,0.753483046341744,0.5185642346488463,0.3096986764540675,0.07042905430262017,0.8798621316231524,-0.7986561525749954,0.3351221036481438,0.4937626321852687,0.3686378697077289,0.2683145353753993,0.16569477844023206,-0.2531130001602046,-0.13034726872910032,-0.004553052765760549,0.25038764919962586,0.02117517033750705,0.5063790939266519,0.3679423385019887,0.3667414751383111,-0.3299381592592535,0.6486711092662522,0.35531663704881367,1.2287584816249884,-1.0179767468048422,-0.5811532816329996,0.5150167013100407,-0.2858688690356796,0.6400930026573863,-1.2103117000162906,0.5181702785736847,0.6615405806828709,-0.11013063622582786,-0.3403120195283562,0.4763994066456385,0.35023363304776906,0.5885375860004736
TCGA-2J-AAB6,-1.0522552584527425,-0.43930637427750413,-0.8049974388790384,0.6356553400780687,0.6384196038530131,-0.06510090095531032,0.2013697871696257,-1.11338860676331,1.618208981276693,0.13460900505426307,-0.368497972812123,1.6040216004650039,1.2706037887393913,0.7060575492696014,-0.18518261379063194,0.1530110610876165,-1.4508276055872584,1.2140339389024788,1.279101905402815,0.6600438467201531,-1.1848161517534652,0.8697487240577756,-0.2379498514999499,-0.5370627419785177,0.10816710338726764,0.8136153374330294,0.5178571304997395,-0.2813110863029983,0.3111652042815197,1.049808566831475,1.5416992025086764,0.8111108623349996,0.27732016141342347,0.025699167644382067,-0.28082859338879973,-0.06827123679450439,0.418438034436115,0.7989346570509396,-0.34477488128553696,0.22972587707127812,0.27635485517028463,0.24927534720992833,0.7626180348209909,0.20255484077287977,0.44805540901935376,2.092579337677274,-0.041943231354291066,-1.114253432364001,-0.09529114946759744,-1.1839608899389715
TCGA-LB-A8F3,0.18124542297511662,-1.2018766204401834,-0.9326222152492702,0.6385336864895134,-0.6370331878311991,-0.6985833491508437,-0.31396164281211447,0.5882186609864609,2.1129369983498374,1.0847469504098064,-0.6094709347331048,1.1841787217596047,-0.24976656073888312,-0.31573324047214835,-0.36418826083381134,-0.1965071294207203,0.7865208097268558,-0.4355316347363232,0.5419110120321381,-0.7068081744128761,-1.133765165063615,0.08622944710225007,-0.6202488095687698,-0.921243334318725,-0.8655292749413319,-0.4247079032803932,-0.8137548805076432,0.9737053197252388,-0.44004498175278417,-1.5284080785238645,0.3541617598480953,0.5539995289758064,0.7039875600416484,-0.05638590636852339,0.3965825686323557,1.476675068165862,0.009427753005873302,0.1770691296287469,0.9581720534734496,-1.3839462620394647,-1.1700849538804343,0.8794727835465934,-0.7976346937298002,-0.5790544667178823,0.10133716370968963,1.303701798079482,-1.57987336259679,0.4617011703144484,1.226243245836002,0.3704391698927671
TCGA-IB-7647,0.25731325071582545,1.0665417667908152,1.53075186695569,0.0989647745327201,0.5554200578340008,-0.004707340344034686,0.28177154226803836,1.7716130379847441,0.5215147531194113,0.1774761319820754,1.1241372355961743,-0.6824542208085738,1.1354978723082125,0.3075974625985242,0.6921478722949838,0.5355535947527456,0.46532220868106083,1.278123299149995,0.40016424791924726,1.2761728676079962,1.9016117952341154,0.5501753501365576,1.1484183978502598,0.37097159997160933,0.7820766658994126,0.1041398034689464,0.4646762514162659,-0.9151372222619626,0.8069870890660239,1.4998233120523692,2.1637449294428,0.7653610559150736,-0.10090364924949019,-0.1152635266120702,0.027481175537503073,-0.27275751949481347,-0.24068168720294084,0.9558910018208941,1.6389186647072453,2.4922100433453673,1.3953434270694856,0.439989335461507,1.7198035596907513,0.09156660761644454,-0.25545780130394163,1.073254456858048,0.8942087424012323,0.19461475250837,-0.729838590973567,0.17256705668061967
TCGA-HZ-7920,0.3774290049254279,0.743719620554221,1.011941032412499,0.8498266921474988,0.23548119252542565,-0.021824974709792676,0.06214594809924939,0.8428250750598102,-0.8260097139783422,0.5715475152971932,0.6224451452508244,-1.1274285444183794,-0.7865488681452172,0.45854744380969686,0.13184771659380812,-0.71133974546059,-0.7986897598262823,-0.7398798469199903,-1.2597884206175787,1.9616279418533265,0.5064958414519994,0.24765655830410932,0.9540035848468222,0.6941144099778872,0.6615284276342115,-0.8715847332823667,-0.029727152417349367,-1.0312073496270127,1.130811521601006,-0.628181359566425,0.25374889955942553,0.07723057781393236,-0.7159937782784995,0.4608424123276022,-1.1249012233414168,-0.451209179732088,-0.5620387290063019,2.2014145198605006,-0.2654954248541549,1.3586123720548664,1.691188348284541,-0.28032704301332495,1.5897891139629392,-0.04031401364565202,0.29658666253948046,0.5967200679613047,1.6737518052567213,1.0197636206993734,-0.9371829789300837,-0.20793514582480843
TCGA-FB-A5VM,1.1259404173105667,0.5033001709451419,-1.394996434480432,-0.241457546698004,0.13836262507848865,1.0522884661110226,0.5547454164874959,-2.0965052215475564,0.15243996848640845,-0.13260774021409244,-0.15958064364779198,2.740998121284216,2.2551187901017795,0.02382542412505173,-0.29417656789451185,0.46871573009176554,-1.0280299086407474,1.6777058196370394,0.3449398596125922,-0.4090750617942647,-2.304559543041487,0.4978547353339924,0.44943255030134704,0.13841276975335526,0.5106371925440503,0.7299767980616021,0.6304519837434542,1.4642360801365895,-0.08971115343321738,-0.6098683070661657,0.9916913841993865,2.5550336940201457,2.617452185194867,0.9195465685912763,-0.31949034870011955,1.7109237677758347,1.4198576634902524,0.07084705859578379,-1.6619608175647507,0.8229869675236059,-2.7701350768616932,1.8136117374891652,0.6245672977092558,-1.0546649928520266,0.6570770916742108,1.8893340274220214,-1.371441728151958,1.5933969013950007,0.497917742410487,-0.7605998871563687
TCGA-HZ-7924,1.9813358572012592,-0.20511295527584125,1.3057437777861804,-1.1610175748795368,-0.7572834301525389,-0.8448506126332119,-0.795951950056027,2.106676678109105,-1.006645812579357,-0.45521580972543846,-0.2462687252067953,-0.9024659613533065,0.9140009687319863,-1.2252247969556567,0.5900394366158871,0.8418272361856344,2.7691584686507165,1.0015059762459992,0.18373369409946863,-0.427674805714394,1.6627550368834707,-1.2765017319039118,-0.3450542603198002,-0.18764144238688016,-0.7559877786292645,-0.7051952783008292,-0.6059389791489591,-0.837551033019383,-0.32207846167340765,1.0600648662305248,-0.5908085741059925,0.10225316650224077,0.0058779209387024405,-0.6835790454684563,-0.915666476456545,0.928609649896922,-1.5753539904868654,-0.42907311251729585,0.3086535721357596,0.5868309812683288,1.212276890036419,0.26788241239682914,1.5967879110135306,-1.1545576721160553,-1.8249700516858343,-1.1622120235663178,0.24354896268965368,-1.4548549076169632,-0.5452784403067001,1.8600236115016253
TCGA-IB-7887,0.14787281515845838,0.043855347899987476,0.11925268099273886,-0.21808691102519837,-0.2396124433218751,1.0547785452810734,0.15446945789664368,0.24382555110774976,-0.3836907471693024,0.0011049442931895478,-0.2504770363449721,0.05250243588586867,-0.2950580712476243,0.5433461290256331,0.38069375175610976,0.145277102136632,0.49635450510755463,-0.228759492759789,0.9584183538051216,-0.761123086853635,0.5909099956850192,0.2381757852350127,-0.3890874898433122,0.33630798564337333,-0.02188714765738102,-0.19722632292447265,0.02673328037972216,-0.9384992918590581,-0.03537346365196981,-0.2692668916957276,0.4222942133222792,0.17169981421744515,-0.1075071273679482,-0.5974861437007252,0.14229560372253255,0.19536420275838456,-0.12572250704354068,-1.7620005794777682,0.5482204066922818,-0.756878337325232,1.0009824243791547,0.7042966397379107,-1.093743362960735,0.43238610489855045,0.02895610060398154,-0.11184388472643991,0.04062109740444291,-0.23272848784965142,-0.4403901626890303,0.6322029949898837
TCGA-HZ-8636,-1.9579207683011288,0.3857147682521515,0.5258704170433199,0.5894386155900023,0.9047400478258981,0.3793311848893792,0.6274616573395931,-0.16414237202114967,-0.22709575026005324,0.21526632744760454,0.47592383048005193,-1.2041588317185938,-0.2307368976300868,0.9391142928632029,0.0419168381290094,-0.331876395261962,-0.6340492952059618,0.12670284593640757,0.0695186306860269,1.3727734755960117,0.47117477677782854,0.4863674079217677,0.5065772228204006,0.38998285777875946,0.6863119123032916,-0.39690308575525435,-0.011427240070269776,-0.287339492865605,1.0147179146202459,0.9537709523326509,0.24751376670222894,-0.5129353330521735,-0.6637194658343449,-0.23171182290163797,1.2205760383533049,-1.8133209158936012,0.03514830396097555,0.2797597375741109,-0.23226026787522974,0.06175643840742037,1.3799320435638935,-1.3751493023084995,0.20888374219861863,1.4559596609169114,0.6961359496249535,-0.5000629316385004,1.0772051734533936,-0.7256524814639368,0.8268851862191712,-0.7244965376517153
TCGA-IB-7646,-0.8128199227236351,0.7508145120009283,0.9845841076291652,0.08034826933947849,-0.1863342567174727,-0.31841597042242675,1.6280154633069266,-1.54380768780296,-0.17544921643711872,-0.1459806259497188,0.8629776872205429,0.41757054766679147,1.873730108116413,0.8816020156492477,-0.0910983122861849,-0.19862619327592643,-1.080332904845977,1.920098115677312,0.8852778567290939,-0.42761170878327354,1.8215493855458416,1.3436033395085605,0.9623771003510352,1.1045822080718875,1.4539318909491834,1.7203449037090133,1.7293121277941825,-0.8940046180971802,0.6169567183139623,1.3559686570496365,2.0766484823384825,1.5260378075623133,0.6164700361496323,-0.7458485070782473,-0.15646321553507367,0.12377656288899183,0.8649888506783673,-1.006194791812762,-1.543286688301406,1.2234211498465521,1.744849901421788,0.855515451508154,1.8373567978669647,0.4859305094589108,1.4688594169082716,1.668321357798323,0.6426139097819267,1.0044423754679443,-1.5075931544009717,-0.8715984884770295
TCGA-FB-AAPU,-0.28291578115444105,-1.0182669391023005,0.33937081488438364,-2.1834306656333333,-1.4521778907147258,-1.0793280946221802,-0.6214711943254744,-0.08931188676564894,1.6346610972653675,-1.2207004857238593,-0.703210715556109,0.4813706438336789,1.2301421164461175,-1.5243346339251644,-0.0979827049096062,0.15419081308035543,1.0940738501814018,1.192848480842949,0.9697559713168437,-1.5264656261238927,-0.3647849819782422,0.002563565621745785,-0.940790405360882,-1.1052273373987402,-1.0351502151233862,-0.47781498102539566,-0.8681356254286646,-0.9604368256228997,-0.9592135018129047,0.398169803574111,1.0573527024511635,1.170113811719895,1.020250524402187,-1.8411701093970334,0.4004870829659199,0.9679942765065002,0.7548675749319378,0.11488240385323953,0.3321277539922631,-0.3671389739039262,-0.20702581282278554,-0.7039171954381062,0.7338583102360675,-1.2323917436427234,-0.1937262197121753,1.0248681038590797,-1.5754518349242732,-0.5470303145729627,-0.9921273366258595,-0.22588866644479763
TCGA-IB-A5SS,-0.3069820126248337,0.16143298035863535,-0.02828757266648023,0.3395964733606518,1.1183902395373704,0.9723397433873763,0.502161866947301,-0.9700912602335435,0.19104594206816156,0.34889849414380814,0.4235821768519308,0.27047912939876106,0.7623347811115054,0.9498766572688616,0.30733597293808573,-0.12057864270725627,-1.2512014852584867,0.8871968378545935,1.213679529345971,0.9781004830248874,0.5613531979257546,1.2040237191697922,0.1786213550941021,-0.2118754104786783,0.4524951010982401,0.25538199273187734,0.2578669370271585,-0.6876246249270878,0.46450108889348063,1.4415644971978758,0.8475613306445199,0.2980056920120578,0.3670183317427443,0.25143190812860367,1.454744247637132,0.00025128385296978106,0.5631445028361891,-1.1371443990356345,-0.8686889286838061,0.15987772960863522,0.29289028769807346,0.3828131796521336,-0.34154247639949625,0.9797267388485624,0.26540658113547094,1.7676721589648807,0.8385233825319596,0.8923735944293001,1.6452927555699925,-0.7479441267852911
TCGA-IB-7651,-0.09333243498323586,0.8617080890440824,0.8117358224370415,-0.29422527642158824,0.338681641191462,-0.6348999014095459,0.18651051537347194,0.368678226964241,0.5549943049276449,0.7197781870098988,1.065595649449009,-0.3625973366544966,0.18064975182801227,0.46327690621704576,0.1897235492558924,-0.05492918983955908,0.39076545168720406,0.27590600890137706,0.4889775430678696,-0.13631855766686968,1.1626498078633436,0.4061704546553887,0.4341389333958025,0.8882624631382203,0.8479639107939958,1.3950316329250019,1.4150348926267768,0.026145128428993983,0.35859001659745904,0.8378217204779046,1.3227667798643987,0.10577362711315468,0.3220910215676322,-0.4275824014609005,-0.23073712349274433,-0.2054496097955929,0.1807483420820859,-0.03779015434119236,-0.04677349607840255,1.2268106101000271,1.3223951262012952,0.2903039510451589,0.6942524384478895,0.16542828279176972,-0.229095315273039,1.3983005355643168,0.48840045385851394,-0.3735960625036109,0.48314319902649683,0.6674403714529223
TCGA-HZ-A8P1,-0.8600273533336513,-0.9962348466996424,0.13867377939491216,-1.1428874041452188,-1.7240603713384555,-1.5378760040718369,-1.1844781899726953,-0.26466502145734067,1.000081148118902,-0.9170596695232465,-0.9027160178973246,0.8415836413525697,0.647727248519691,-1.2537276459055597,-0.7997627313662447,-0.39603509216532884,1.2151895636382448,0.5045364864365607,-0.06927753005244285,-1.7848033239827301,-1.3398690674479905,-1.8069518094663304,-0.9392684119654969,-1.2189988381917602,-1.364980411036076,-0.5352614940706863,-0.8483152715777926,-0.8397891661654031,-1.2238827630887976,-0.04649803796957055,0.13051092481593252,1.0842374114793418,1.445941183297747,-1.6488467219788108,0.3175346956779424,0.8475736109759914,-0.5550723864219121,-0.3165464233224115,0.3328745580003261,-0.6763287653308921,0.14470829740735916,-0.8777599669325279,-0.8749632504463049,-1.0409114947116058,-1.2207747939309928,0.4200078249701085,-1.3283567251586372,-2.3451309180965834,-0.7229536501067312,0.03443843967552101
TCGA-S4-A8RP,-0.7123797015737634,-0.12516957611590204,-0.20274823429798505,0.3729728422401866,0.5228032683153239,0.29901798942276364,-0.41907974377378926,0.2968543347782126,-0.28697641095172605,0.2023975882472387,0.19642121295019277,-0.6991504854012355,-0.7326446842841696,0.21518340597427046,0.647706495676681,0.40059005562783206,0.3804493845382648,-0.6137621617673701,-0.4165327557260515,0.3688348742601542,-1.5806018794172536,-0.28770425430175217,-0.1580683827808008,0.13224933828065571,-0.04897849506126609,-0.08283480047359565,0.004879699899910189,0.8662091287075531,0.29278472576454934,0.15276445423663315,-1.1061347617028412,-1.00453198788331,-0.6382833535061365,0.01338772431290967,1.1941772658233856,-0.6787275478315593,-0.5485982543672175,0.7058882933084981,0.5184691851799558,-0.8773840155105267,-0.1789565068192525,-1.2692753932391017,-0.35788688213399955,0.33206919882975494,-0.42479415545159055,-1.9162703714575187,0.1664812636980277,-1.236288941137925,0.1035580256921849,0.017582319304204487
TCGA-HZ-8005,-1.5379805527282022,0.3565682126800547,-0.685362493423688,-0.6906021664019936,0.6483105396542845,0.37069822877048814,0.15927214099503234,-1.4997761538144914,-1.3632381064475836,-0.48063939472702943,-0.21901927609612268,0.5641765828845607,1.294935444260099,0.6648937975617156,-0.11598760993204164,-0.6109490382153803,-2.0554679987478215,1.2878515305206164,0.7006166007940835,0.05635782981761975,0.14408564360908677,1.2056647940687155,0.024908517721121164,0.3676728850155325,0.3482382396999893,0.3475103163853339,0.49076914616063255,-1.6435300510257935,-0.14018877918011072,1.4606294558888704,1.0055800695438968,1.186304897956524,1.480530623620727,-0.13509815689216823,0.1606862883544876,-0.9330447055569548,0.7542575804724514,-0.9962276917572906,-2.0739991849354107,1.06712741975886,0.4170928735336646,-0.23487732652701773,-0.1682701737052659,0.7271258260270693,-0.09769667797387376,1.6118760391165847,0.4333460210707508,-1.0762128809825948,0.7544371135250093,-1.4126978398107877
TCGA-US-A776,-0.42935956258390573,-1.7923374080050323,-0.4256848754754769,-3.0318955552613565,-2.633022522546516,-2.107156501475165,-1.6958827798630896,-0.14172611300490562,-0.1467546754237386,-1.8079500661296688,-2.02027990868083,1.8914800935859015,2.5449222899766704,-2.366541410409109,-1.1969715186551824,-0.5116117198690849,0.64315508849241,2.08494424144357,0.9995580965338318,-2.2469613020921626,-1.489278697884366,-1.4111534237548367,-1.9305167373513628,-2.275896177416571,-1.756137165708406,-1.0978291138489962,-1.6319916873270182,-2.1320326936454133,-2.7472341905981397,-0.13355521272410995,0.5998440232122338,2.118813474481968,1.8648142891758175,-2.271927251377262,-1.6517633601913977,0.7868768805357581,-1.4328323378580747,-0.48503734200931575,-0.5013062196668684,-0.23246216868910377,-0.7564287698930666,-1.4689288412991521,1.5600513925022477,-1.8353143327970818,-1.698245602386434,2.359687262061282,-2.5485097369818677,-0.8879645568135414,-1.4744910268294866,-1.162994867105746
TCGA-HZ-A49I,-0.5713725788757136,0.47962897454126563,0.24414201725664814,0.13919774483567926,0.5314661453312133,0.5751269884905902,0.7033019579271688,-0.6443352103892084,0.10255757274228114,0.9823026061169204,0.816147519208567,-0.31736485244503987,-1.2621600202308312,0.22938424055566115,0.6792871502694691,0.4614749422669411,-0.595168769553707,-1.1500233100991004,0.4184351135212769,0.40809439218546306,0.36911947211563484,0.44127130528567243,0.5534814585837382,0.48910448050159755,0.7976683709904886,1.1866126264842372,0.8678460313215607,-0.11571209985631739,0.7659824972141478,-0.7451837762015566,-0.6803972264710216,-1.249128355265981,-0.5198269771025752,0.36469196852569247,1.6576570843073708,-0.7572764867917811,0.7851703290851946,-0.6017023070534022,-1.1071205719922497,-0.4358631305143456,-0.6707018947016586,0.45163150714461475,-1.9643082817540574,0.7642098332191998,0.8206363678911025,-0.20168900331960624,-0.13605332579176277,0.6891607215655964,0.8249701393318342,0.6833974400019787
TCGA-S4-A8RO,0.4986918695851312,-0.3953675136799443,-0.11109676105490297,0.06862900120078871,-0.509624291314547,-0.5988510139513268,-0.5364000343933046,-0.8217867303675949,0.5320949476350145,-0.11417085108634872,-0.33672501422604495,1.1807372566365284,1.8280010746359308,-0.5724773196106738,0.06861232552037591,0.7408327097515649,0.2313962153550157,1.8285651972984207,0.50786988705945,-0.23415209853116456,-0.9681902093388121,0.038220418645775064,-0.1528589775261693,-0.5265071781995437,-0.4308688890323028,0.10080438013955116,-0.2112699206794749,-0.42477430958886025,-0.23288066977463726,0.8677102393358598,1.3590456189929745,2.730419492137896,2.834661460131847,-0.9612207098409986,0.1650356435149329,1.5300485501768735,0.34705793608340324,0.24267704525876282,0.3501610919430686,0.17978066935397038,-0.27265602846458886,0.7376490885072596,0.7468469591274328,-0.2045442850757238,-0.17143621948578086,1.4520377042758421,-0.9107339546587832,0.4422219913696062,-1.0055801565035591,-0.17762989914435678
TCGA-FB-AAQ1,0.4178950344798813,-0.3104624439247482,-0.06869899672513823,0.938079625425942,-0.22079162512573877,0.8607625311279731,-0.0905477564339226,-0.3749144430929657,0.2967529764242477,0.17737227841062436,-0.09882651897664968,1.4543537557386135,1.2444351235570634,-0.42870982453060574,0.16028619821258092,0.32019900495052506,0.2289479646597979,1.056517591519234,1.4198913472891868,0.18446712673305654,0.11016227517351766,0.06814225206321903,-0.8414114599450457,-0.2860779209680014,-0.254390947724892,0.01102011841404516,-0.37396504768225286,-0.7870365746703682,-0.277823533162675,0.7906443537417748,0.5125024919114016,0.9393073482334016,0.4629201228305248,-0.8210950724455974,-0.04380236857474409,0.4351361106526812,0.059734222923518314,0.14628311123445037,1.0348363119488568,0.04222868602136699,0.16994868690964285,1.6981672581360059,0.4508545700236146,-0.0306919134547133,-0.4199697381089829,-0.47170172799022025,-0.7539469550816955,-0.19113059590151288,-1.3084377602972639,0.40440644541324783
TCGA-IB-8127,-0.8611417299181428,0.4239708748745064,0.6178429857864373,0.47276044777645837,0.4317433574296965,0.3574875606179772,0.7603086345520993,-0.03968602924969703,-0.08898568089501137,0.7339115456293919,0.6793751420214225,-0.7388718952071216,-0.2570247935996888,0.48664144774382045,0.43095741280859984,0.12385745668709587,-0.41133484940020537,0.11932431509663442,-0.2131761454082383,0.029688179896643598,0.12269251074694357,0.18320684016821637,0.4834154302130481,0.28581097961825325,0.6066277168835846,1.3765763399587039,1.0518098195642342,0.7631583390624942,0.5756270180893048,0.6505035965263641,0.45419068614665475,-0.18157057716651762,-0.4796532503795508,-0.4039712305320955,0.8910806401659166,-0.988551787978828,0.7306795242965789,-0.4876505624668745,0.19330367112235897,1.1228489648359798,0.9690057223880209,-0.8229253011508832,-0.8874726962832741,1.4600349039436185,0.4111364604763369,-0.23335877985565298,0.5329526084889202,-0.47920336295443033,1.307773682172208,0.006323155562497924
TCGA-S4-A8RM,-1.2059256565159526,-0.37485658355208945,0.3093895134649965,-1.446991037763962,-1.1972278246074264,-1.191434696924973,-0.41650487370871997,0.11685827033483623,-0.37674752524221944,-1.011112032547615,-0.37344685694932056,-0.740980419928071,-0.7557710668325285,-1.0395631383287218,-0.10157624152988207,-0.25773756326703967,0.020712533810623577,-0.6795596106818673,-0.37576644350104915,-0.6308380044929626,-0.02071200011089775,-0.9507825336364296,-0.3010110082968001,-0.6184932838538207,-0.785349634680169,-0.5992286123392191,-0.5154636689968585,-0.5759389068005368,-0.5009397133789182,0.03142416680136765,-1.2060629450747904,-1.2793495101051091,-0.18892749429120057,-1.6030735310436581,0.34255125935507424,-0.9775677416711425,-0.5565543960547283,-0.5305367479186414,-0.07175050099035715,-0.9134274447942862,0.5808130397136111,-0.2362672842756368,-1.4163963501317296,-0.09387165853084674,-0.3380774393011191,-1.7623697350117253,-0.2730140263335258,-1.3136480351641728,-0.9838107872312783,0.10243505775001539
TCGA-F2-A7TX,1.201383322459144,0.9031328329203819,0.44331723083415125,0.3351227564394024,-0.058385772358947846,0.8472819875174997,0.8874119204089853,-0.3840251792543166,-0.4099026971292465,-0.05178108434481835,0.8244493684428107,1.1764368152428577,2.3489604628137846,-0.25000293880246577,-0.2241333951278838,0.30051829360794896,0.48636677245097043,2.350307876730597,0.23906407270214763,0.006496232597360985,-0.32774857944272956,-0.3358264112835664,0.2765051882706442,0.848238436419705,0.7277417660303895,1.6202316818181663,1.6377855414497888,0.5882565706310825,0.31385342196609706,2.0068236973520146,1.5908076592691287,2.275930532430086,1.9101245591680327,-1.4656832283650523,0.14251776091586008,1.1913988233155928,0.6139559266137632,0.04271284695610505,1.0656637987670328,2.3385024271890194,0.24903297238188488,0.8866775760738569,1.3104285247542706,0.543601632901274,0.2596896343682405,0.7739481693775994,-0.11807085085505525,-0.1250042607447264,0.467240544540546,0.13713913240118417
TCGA-2L-AAQI,1.3226204303855238,-0.3654980300348542,0.48925673551528653,0.2732265509086059,-0.19635153184979245,0.6301354570139895,0.18640917481436892,1.2709851532857133,1.0069529959517654,0.5832503150081114,0.05101817897997267,-0.6994503720585037,0.339545876109545,-0.3711853999822246,1.0687495040725392,1.5266717710382538,1.9062578927540481,0.35686892049337965,1.1405553529458576,0.2766498093815459,0.9282175854063833,0.4036573858934748,-0.3072654962398127,-0.3051854068922519,-0.38287127924320596,0.5559608079553886,0.1618702314790506,1.3932751856700154,0.2536752536496796,0.570928876368139,0.9657069351571459,0.12112214482134405,0.09898212516929075,-0.3130703084325829,0.269412668307965,0.27555340086264957,-0.04441676296264536,0.6643122337133812,2.604228429757066,0.18391690121181925,0.8816545464704663,0.6621954083533739,0.44982604327172065,-0.044906362529234585,-0.41158466822475304,0.1532225040911366,-0.03726824911618754,0.6223827491912323,-1.2431663483303856,1.3895410985078624
TCGA-2J-AABP,0.09756683507829018,1.3532224866704583,-1.3984930194211336,-0.30669163771401975,-0.6465803300812241,0.0891486372157316,0.25021110404340136,-2.4834331203096,-1.5356513176314397,-0.9006539245732813,0.35455344219149404,2.8250681600307495,3.8658392331012337,0.6576779002014113,-3.734708538350598,-3.7416230844349885,-1.0277415986327263,3.3839903589937594,0.07618567149655533,-1.3075272163233576,-2.2221627049404353,0.11401849467307601,0.4596503521595784,1.1497479161426751,1.003739012929057,-0.1749165015741458,0.604339635974965,-3.1816751156158167,-1.0352890366759542,1.2318655287805023,1.863682132741366,3.183832794888971,2.357349330780657,-0.039813924363395474,-0.3592770009095155,1.0677682227060672,-0.9854188088288705,-1.6215229876338315,-2.349959690591179,1.2730750954596244,-1.1042009634123042,0.7713144846057791,2.2694534658272785,-1.1946325440571717,0.2718068004473293,3.0691057056789472,-0.10476618145320168,1.8725394232484522,0.9728188939339599,-1.6113865130951546
TCGA-RB-A7B8,-0.20267686446802294,0.09364094908722369,-0.7668704922860996,-0.3035037375102046,0.5054442627168665,-0.5685369363047554,0.12964328294160027,-0.2010016114560702,-0.050342252296981894,0.24769661433877727,0.020758691912708373,0.37630018881547844,-0.624399752681612,0.6999917996201501,-0.30049143448487425,-0.36127072929028675,0.5965322947803879,-0.7858710071427892,0.4521026747693294,-0.4428349302920511,-0.8341352163862573,0.009407870391575902,-0.056281506945603785,0.0787305583647973,-0.15760597075374772,-0.08518616906111587,-0.1304280167337865,-1.8157046752730612,0.019797487921068176,-0.4215140165449754,-0.46498489969002943,-0.07078007086593309,-0.05775337556105938,0.530955145402372,1.0775865521579016,0.3841425507256418,0.5774777905518833,0.011592296142841144,0.2594026766588866,-1.1860712363306198,-0.5191866517081167,0.7330571993227432,-1.4496131997679467,0.387627600317931,0.04050432710906313,-0.8160370557472006,0.08689651995902356,-0.5846313363008584,1.453003184511083,0.4859960980453713
TCGA-2L-AAQA,-0.36856435354283273,-0.7368157939181599,0.1552936809475288,-0.39210805464034026,-0.4525942700749786,-0.8536510476842688,0.621448576867139,-0.6517579067045383,1.7781890901013924,-0.18140133626651694,-0.5415868560249486,0.1806454311704917,1.0357690846979886,-0.13849580281685178,0.6302437360842903,0.6457259247916081,0.35282745426069767,1.0417389147384393,0.6441407039170685,-0.9905989241581834,-0.0896112449509319,0.5373299318822202,-0.24417175637685956,-0.45969021484660927,-0.4144275770276033,-0.5758150188873864,-0.7333176878925213,0.17258017922014457,-0.17264594471769562,0.6891397237194814,1.29203765893307,0.7757529979747643,1.4478519908254988,-0.7359791078139875,0.7575578128270273,-0.10029186224467396,0.7112298398767111,-0.936012368874774,0.2465765893938276,-0.6660376950114064,-0.31411180031467933,-0.0819807198918769,-0.8448678218323389,0.562476514083958,0.7220942484024488,0.5149460423643171,-0.4874699430089484,0.9850619954198168,-0.21224080296876763,-0.1535521490361587
TCGA-FB-AAQ6,-0.016920103587516777,-0.8249490697317329,-0.7629693034700177,-0.5665147699702601,-0.5295745816839897,-0.8910669086710177,-0.4979812805324401,-0.7551650119839493,0.056956270841729544,0.00046893708487719235,-0.8706572721532798,0.9392771788693388,0.2152274371368045,-0.6302475287438699,0.049294785205028176,0.03967830514782015,0.3964057265774453,0.15962189664832138,0.7668839798577708,-0.5195747407731148,0.23897019543612255,-0.7107799228930499,-0.8486110318371453,-1.08978422142409,-1.1472339236858675,-0.21555699068291384,-0.6705802210949273,-0.9493149537560754,-0.6289323154294959,-0.6828833553102485,0.6450508937263566,1.0961626518487757,1.8880394362856996,-0.9024813956455346,0.11362453863509991,1.2630665491679613,0.7137873100097627,0.3978693903804398,0.5297167599416741,-0.9472626430889766,-0.23320875531141494,0.8858161226689159,-0.48690996160059286,-0.6379668332097312,-0.6800199454626248,1.3629049573644296,-1.2986844996797833,-0.36323095710665226,-0.43368992542727836,0.2928659225389558
TCGA-IB-7644,0.33641432514785563,-0.4043238330644331,0.2906059338399956,-0.7812399073974433,-0.15368170644507737,-0.3058713362654133,-0.041668197357021895,-0.06420172285373534,-0.7263320860300218,-0.17276990472320536,-0.20047344308824278,-0.3279183431966241,0.49647964002155187,-0.08451545897116011,0.17878859274635275,0.21410534778323217,0.9422162858797706,0.746567395708112,0.3336109493943615,-0.9399264142820967,0.9697215162492926,-0.5167635894127103,-0.08460475677782747,-0.13413439437559932,-0.19304641705700085,-0.0201603280519182,-0.2945250282279816,-0.9323323178638863,-0.009828776214516825,0.7408601732083044,-0.38387425417012316,0.1221272490680987,0.56275662846911,-0.6758271345300926,0.4725328274016053,0.04998407086506041,-0.40401476917537194,-0.8978585298096725,-0.025888540689183448,-0.4354874482723175,0.7675149285394862,-0.8621255849604431,-0.37092099102610854,0.41631415709416364,-0.25133188266535567,-0.9496784343050462,0.33019896973166524,-0.08611612282927128,-0.38159650259193484,0.2257119810836049
TCGA-HV-A5A5,0.0863540087514783,0.09391209674172701,0.48230638531421466,1.042402575702255,0.46036374655949813,0.40889253833186895,-0.24789227492224944,0.9470579679830146,-0.536190519911991,0.7163522958278139,0.6583798097387363,-0.42623457098415757,-0.7210959540347032,0.2445796474536945,0.2528981488201785,0.31252913943150906,1.0359963723927645,-0.6728866732089045,0.2594925217405858,0.9297988091434028,0.7894024972023372,-0.04337466009281053,0.3804180347063208,0.2377534232843432,0.26401702115753883,0.7822189794623374,0.48988772660691593,0.33246377239589353,0.550697443531926,-0.22077246703158637,-0.21885876206885785,-0.51763859512632,-0.5673976408053918,0.18355882064616189,0.4372993764794044,0.17264329729291678,-0.16559441613114867,1.3746845075264857,1.2722212703151576,0.07838696928716644,0.13134977093615915,1.3173756220451724,0.2270924544709586,0.15414317600425675,-0.13799017428744148,-0.8969125675675482,0.20280096700402653,0.8227516082045608,0.21139510835929884,1.1298909769091707
