patient_id,HALLMARK_ADIPOGENESIS,HALLMARK_ALLOGRAFT_REJECTION,HALLMARK_ANDROGEN_RESPONSE,HALLMARK_ANGIOGENESIS,HALLMARK_APICAL_JUNCTION,HALLMARK_APICAL_SURFACE,HALLMARK_APOPTOSIS,HALLMARK_BILE_ACID_METABOLISM,HALLMARK_CHOLESTEROL_HOMEOSTASIS,HALLMARK_COAGULATION,HALLMARK_COMPLEMENT,HALLMARK_DNA_REPAIR,HALLMARK_E2F_TARGETS,HALLMARK_EPITHELIAL_MESENCHYMAL_TRANSITION,HALLMARK_ESTROGEN_RESPONSE_EARLY,HALLMARK_ESTROGEN_RESPONSE_LATE,HALLMARK_FATTY_ACID_METABOLISM,HALLMARK_G2M_CHECKPOINT,HALLMARK_GLYCOLYSIS,HALLMARK_HEDGEHOG_SIGNALING,HALLMARK_HEME_METABOLISM,HALLMARK_HYPOXIA,HALLMARK_IL2_STAT5_SIGNALING,HALLMARK_IL6_JAK_STAT3_SIGNALING,HALLMARK_INFLAMMATORY_RESPONSE,HALLMARK_INTERFERON_ALPHA_RESPONSE,HALLMARK_INTERFERON_GAMMA_RESPONSE,HALLMARK_KRAS_SIGNALING_DN,HALLMARK_KRAS_SIGNALING_UP,HALLMARK_MITOTIC_SPINDLE,HALLMARK_MTORC1_SIGNALING,HALLMARK_MYC_TARGETS_V1,HALLMARK_MYC_TARGETS_V2,HALLMARK_MYOGENESIS,HALLMARK_NOTCH_SIGNALING,HALLMARK_OXIDATIVE_PHOSPHORYLATION,HALLMARK_P53_PATHWAY,HALLMARK_PANCREAS_BETA_CELLS,HALLMARK_PEROXISOME,HALLMARK_PI3K_AKT_MTOR_SIGNALING,HALLMARK_PROTEIN_SECRETION,HALLMARK_REACTIVE_OXYGEN_SPECIES_PATHWAY,HALLMARK_SPERMATOGENESIS,HALLMARK_TGF_BETA_SIGNALING,HALLMARK_TNFA_SIGNALING_VIA_NFKB,HALLMARK_UNFOLDED_PROTEIN_RESPONSE,HALLMARK_UV_RESPONSE_DN,HALLMARK_UV_RESPONSE_UP,HALLMARK_WNT_BETA_CATENIN_SIGNALING,HALLMARK_XENOBIOTIC_METABOLISM
TCGA-FI-A3PX,-0.6690122871454551,-1.0206675558453024,-1.2025284682149195,-2.4301537006822405,-0.8463744505798748,-0.64991084332433,-1.2801668425308703,-1.645435188540553,-0.5118458084630643,-2.167966352510478,-1.0132307629115802,1.0368502813197848,1.4460674425899522,-1.5040535597772353,-2.199840872260756,-1.929426348739763,-1.193879941062186,1.4284493808845966,-0.43777800331804634,-1.2730331972165394,0.17423390660537943,-0.6460347328507934,-1.044019969739317,-0.7537433385831851,-0.9420272439478629,1.839410511026461,0.9428703954730576,-0.3662637036135293,-1.2571529711637666,1.6641902860658586,0.4889981421278886,1.1381106157925316,1.056303372343145,-0.5644682971389228,-2.5173723734058266,0.7225791529478668,-1.4516696302104726,-0.11578316595736805,-1.8133705281756103,-1.1981033154557217,0.3896656116054402,-1.5960507882412922,1.465433047865009,-1.4342214677130913,-1.3123617574934394,1.1597211203699578,-0.9784010392550001,0.42072541873489677,-1.839853786623905,-1.3980530186065454
TCGA-BG-A221,0.787502489334188,1.4263414318085632,0.463310292636195,1.4980481658850535,1.626819438761162,1.7381353747654509,1.3055960498940933,1.0777869272740581,2.2756881877766215,1.9256433084836408,1.713863876755802,0.05935122063668327,0.17985843854239153,1.1416252232847692,0.37700876289434637,0.9825101709377227,-0.4019059873847557,0.2891255460240788,1.3169156951758876,-0.054484360006719364,1.0074543435972374,1.9408313202483558,1.2497287561948596,1.9772904235671664,1.5945432896825829,2.2464677171623695,2.2428331089234463,1.5102156076660034,1.3209372063457985,-0.027538798609752828,1.5139584739606244,0.2454035326442077,0.7386258328510706,0.6805529954354489,-0.5792922729234985,0.16224194707900846,1.6233129976221308,1.3048295629798654,0.19423376664184633,1.1611297515653516,0.08007817464382096,0.7515345703111473,-0.09924637986542999,0.8308059506855845,1.498493189239915,1.7117095188641778,0.2545357579360158,1.91341499910375,-0.05713914951504705,1.414890515266758
TCGA-EY-A1GK,0.7110231812086921,0.5791693921693379,0.9426267394984778,-0.014833690170675436,-0.6880594659162881,0.3116553631851253,-0.4373819388791659,0.07511682595519274,-0.4936938336473288,-0.9401893065418514,0.010748865220978112,0.06118954983463653,-0.17616657147961864,-0.3233181588618336,0.22530480445637954,-0.0001307684770358615,0.6230571867160772,-0.08153709618308219,-0.055475105861888356,-0.9239814909172755,-0.5605122621306654,-0.0816731519235423,0.13332385924391799,-0.3391514081431595,-0.0003210068880838165,-0.48489250099618886,-0.3134466411284511,-1.3703300735174777,-0.4286080189529994,0.2827719309920798,0.6062352472418143,0.24355597532441667,-0.23938515149415668,-0.746022974171021,-0.6289628923042156,1.1626937151629242,-1.1083801088375984,-0.43065788644632924,0.948182546946006,1.2612953128739923,1.3085036945365072,0.49699938602162663,-0.799905167767037,-0.18634965486092708,-0.5460361263914476,0.7293672093751872,-0.09848295438297826,-0.5165321247943825,-0.5433077320941461,-0.3440127873228858
TCGA-BG-A2AE,0.4856659043378218,1.0377757153083924,0.7774695085484848,-0.7515892253362656,0.20456528617510128,-0.40999586331796073,0.12492248332375118,-0.49440769769053966,-0.48489992481058014,-0.5095307693433729,0.861485192604698,-0.4103327409976371,-0.10935077839600948,-0.9425992101837153,0.7807971920899608,-0.09278497329886533,-0.6708137800172099,0.028781380348669654,0.6499666944125538,0.1253468075082836,1.2627762671783964,0.021617596912285895,0.9243542988016874,1.4689660136988683,1.0309928374344197,0.9263308362514281,1.3481219340019055,0.38182244688893197,0.7292621959250599,0.8301613251643857,0.2759691735982905,0.07113644758648813,0.5291934651385436,0.2822344582489599,1.096409477965051,-0.3170742393724314,0.7680410752171075,-0.37219374090396756,-1.0967346462438567,1.068984270482816,0.17310036302596088,0.05842939231250749,-1.1872599450558223,0.591309112555452,0.9143715890680397,-0.2447069377385351,0.1919225446468533,-0.565695871110503,-0.21592402541602135,-1.0460789368901842
TCGA-AX-A1CE,1.4162335810272597,-1.1624040046635804,0.25738758857079713,-2.233594098033581,-1.718699354249725,-2.149183644677409,-1.7781693318992116,-0.025876385738137008,-0.6022550896234796,-1.5586543375276878,-2.1824924495837057,0.5187978083183266,0.17538937775576588,-1.7398403283229231,-1.3951647313587898,-1.7655340026704236,1.2156913523667596,0.1470394510606304,-0.011403148176258853,-1.2694365883952383,0.8723129393358972,-1.5357560433787565,-2.3583035637344256,-1.9105206334554192,-1.8071700982195453,-2.4591757183638965,-2.0292611530508604,-1.721066396462856,-2.686511205880213,-0.14414658565703584,0.770988339002638,0.5798852819620032,0.041208472752586364,-0.5279720425939716,-1.8407874069204255,2.0441569319264126,-0.0965576577138104,-0.9740988831269063,0.6438536981111136,1.1570224199626258,0.8415967362282708,0.9080132745623524,-0.9265873358826519,-1.5705934936346702,-1.888362019599118,-0.40686281576580496,-0.7137163151318796,-0.6951455753273441,-0.920510944374778,-0.29959707759793314
TCGA-DI-A2QY,-1.8401879394236296,-1.2300976368634051,-1.5400730582046211,-0.9162665814458338,0.18909902047207303,-0.4418210424002304,-1.044787455815112,-0.05095789151794422,-0.6570367171849664,-0.12723003661435814,-1.1031000130651796,0.24142423319501968,-0.05044538348618779,0.08432427424535793,-0.8886379672008164,-0.8192829784326715,-1.5563334808476315,-0.30999306959380674,-0.7755761683894242,-0.25119640856119735,-0.777601549899033,-0.6436030154632891,-1.2432991087913077,-1.232689217347264,-1.378876113358791,-0.7164400104629329,-1.1648907996930709,0.3586286391424328,-0.9646840024722433,-0.5580491031075673,-1.3226273603846497,-0.6957852322134689,-0.6079915258100029,0.7249890830066995,-0.6590251445596443,-0.3996682258874387,-0.8889667345191,-0.877918411728419,-0.5238756744745671,-1.9438169233391809,-0.9665815712661303,-0.8354710266851378,0.4046678344750381,0.12455925257403018,-1.1283143658603982,-1.3855331277196938,-0.4693732569493193,-0.19888858633035283,-0.7673549265421064,-0.8170198146933807
TCGA-D1-A1O8,-1.7340297410844352,1.569654925381037,-0.9740332081908324,-0.18655439293569914,0.3830663697681557,-0.42511952131089237,0.2830821771508915,-1.6802396516519582,-0.11620943606722053,-1.455335399803663,1.1014038662919117,0.10563074740908665,0.5099795663942276,0.18779239251623722,-1.3512991472841112,-1.162694093870887,-1.4779232840369019,0.6768116176414293,-0.8784846034000867,1.307619631203334,-1.4391685126852842,-0.5447287512026197,1.07790188126422,1.1492729006342142,0.25576595728809837,1.6375053326528453,1.9312953696701327,1.0220110278031613,0.6767302038190661,0.4864188631616051,0.32103106942866555,0.049106117321131425,-0.020417999906076078,0.18182340481924525,-0.5847580134357178,-0.5461301110428695,0.34033788338100196,0.2786757150573101,-0.6412092880273581,1.338723454976588,-1.43732582435546,-0.8471066056168551,1.0363281287514037,0.3098925183341908,-0.3188601704699165,0.1140308561349525,-0.8190879339666411,0.0749985431513684,2.2350325921836656,-1.438930656941562
TCGA-EY-A3QX,-0.27530392967785383,0.11515275515176293,0.40380598684975594,-0.4231549020668461,-0.9163285361544512,-1.5039151723323998,-0.5018568949797851,-0.5144287576892264,-0.29352901161765643,-0.17500711820670134,0.596248444116526,0.5184144013874187,1.331432627982836,-0.8578539069345459,-0.4550351973925979,-0.20466202735210734,-0.2410523595734432,1.152010387034455,0.6658506856131764,-1.3528451718654062,-0.14952311378580996,-0.5810647309410925,0.4503646987246264,0.2355748016520764,0.7253962812381588,2.2037120186075008,1.5684075637945574,-0.5047889311923172,-0.022215026908516934,1.0619833078698697,0.9099510442099881,1.044658075502242,1.1646490899540949,-0.5458046250701898,-0.23047399348251713,-0.46199827753403516,0.04000958239327369,-0.6999830697929627,-0.9277622343059602,0.7762764213117012,-0.16305954787007826,-0.50324757988617,-0.41201692371130544,-1.2793840745834248,-0.26885201210074416,0.42922924336169443,-0.05259790077064424,-0.2722113415395852,-0.8512842184114294,-0.9093090943714923
TCGA-DI-A0WH,-0.9480121042351944,-0.6945026937727351,-1.544740967306588,-1.2237088632837705,-0.49366561651239854,-1.7612738365572427,0.435009024058679,-1.5797811024821242,0.6754584507893688,-1.1685001069695025,-1.1791663418418241,0.8909407365061028,-0.13704177920872146,-0.31288646666288117,-0.5300598467687335,-0.18368666627006056,-0.718495237736717,-0.1981684310120486,0.013300273695243088,0.6339630913620068,-1.4733949896402152,0.583828331260705,-0.778080099044942,-0.9993317148146511,-1.073146837080742,-0.09619702714595714,-0.5552099514173421,0.2742030930144076,-0.654128149325496,-0.8779349762781244,-0.5001093161677438,0.4567895750466993,0.8194687575359929,-0.3389490072274004,-1.8821179686383123,0.894574439970663,0.5727328231138021,-0.754285125440555,-0.18702534586767136,-0.7968004051714749,-1.4541023277426486,-0.17925621105978043,-1.4184327747903624,-0.43428017696877325,0.3520847552849071,-0.08431431224371475,-0.7817132755498205,1.3752227847723193,0.42213197120653506,-0.6044425632733867
TCGA-BK-A4ZD,-0.4154034049207945,-1.2441144861104338,0.5176626667409496,-0.38436231379256247,-1.6208897547289052,-2.236686969939569,-0.8558849324593132,0.49398811877631166,0.9103549561406993,-2.403807280745177,-2.3290993487208222,-0.8042899850289329,0.3801379475155872,-0.4946057676055275,-0.10357269194930188,-0.5538395259731447,-0.010562428346344873,0.5122932338351305,-0.7674683086138886,-0.15573048834311748,-0.2538716144890273,-0.9424043795087473,-1.7738958016142725,-1.486288065832763,-0.8671909455288382,-0.7531697378671429,-1.0767911357648565,-1.3010136099016079,-1.6723031215578894,0.7215863048259028,0.11670091216911119,0.5139407526146493,0.24170882817468245,-1.4171971627186308,-0.6007954936375246,-0.5161735841820512,-1.7535808874247323,-1.5620478039611694,-0.22496440906880663,-0.06771521444620247,1.0712544564118565,-1.5305444074976402,0.5861093990351622,-0.33524370674636833,-1.2999667419751118,0.20655230925014278,0.28610854099654337,-1.9508452292674427,0.16510947660049582,-1.941685700551485
TCGA-AX-A1CC,-1.2205875788304203,1.3812314932760592,0.5666550093961105,1.4353187946868204,2.893959282518424,1.5993982652452134,1.105235039938435,-0.09106424810074953,0.2647404920319863,0.5185604967287833,0.9041953215303198,-1.6956722814785026,-0.35442434951390756,2.0577729125016564,0.18158106288951636,-0.9596798209856935,-2.128475204175478,0.0018120056954079376,-1.3441463010343484,2.0986129849535873,-0.3564766090541892,0.4120915033655764,2.1097645615511813,1.2829009713714143,1.260776285186044,1.2105458087168182,1.41285818748433,0.8159120713036658,2.052253474297859,1.6044953075705972,-0.9175408874446409,-0.9727938933125538,-0.7767821072411446,1.5822613910651881,1.7321049979818708,-2.4593956346579864,-0.5103901857472394,0.9970120391711194,-1.717165271560781,0.4288425963193684,0.07710947839660504,-1.3752186141028053,-0.609635086717223,1.7826312954964003,1.1177091232156304,-0.9944034746208512,2.120330241003409,-0.09538270175180007,1.1879978920169827,-0.9616620642710306
TCGA-EY-A215,0.9875267646102635,0.1788274821574231,-0.1468785049148021,-0.9299776983238854,-1.244351853783548,0.4225075261062088,-1.3211746929252697,0.17166925870810099,-1.686492815223872,-1.377490632657384,-1.0630589446250784,0.5392658114828455,0.8525497639492449,-1.940761829527661,-0.5731498915794216,-0.308467209529585,0.7332940701696316,0.9486755782586191,1.1385730456085728,-1.4582218102649027,0.8714929770791128,-0.5661567411428727,-0.6461257709549867,-0.26794644839482296,-0.5775136807328553,0.16323004087061668,-0.08874258889033107,-0.22627275775371597,-1.3500720708096623,0.7627869465103403,0.8902252849696335,0.9651300484832811,1.3976413793002387,-0.5262199978848202,-1.6237627373475314,0.549765492613417,0.1529785754866721,0.012964270819879204,0.5358562262537196,2.1004575730284127,0.055878915957219305,0.7287596421865724,0.5373177745643396,-1.982224060293467,-0.8236885603669277,0.8682394991083643,-1.1383485521671803,-0.27716547607398556,-0.8304242430559948,0.3999101452478011
TCGA-AX-A2H2,-0.4817626908836399,0.7134001792810779,-1.4818669193093943,-1.0206822446405692,-0.5163194511518022,-0.07620488169849855,-0.2777695175678417,-0.19840456442004892,-0.34659997430517214,-0.31116331695122995,0.01193807154154182,1.1599531193564998,0.7678874471408823,-1.1794053364930637,-0.4212552369126894,-0.47548220868576346,-0.5161758705526677,0.6112343496344992,-0.6918923032955672,-1.4643790968846127,0.001528028015675538,-1.7118479136914395,-0.39848805754277666,0.5886166435778194,-0.14737251665364706,0.8495884945728389,0.8370074920558905,1.4302974767042769,-0.1276469143425623,-0.14571306316015,0.24620391301195935,0.8810009328662796,1.217447776582743,0.0687478708295638,-0.46477524737039855,1.0853444267224706,-0.5672749364502668,-0.3762892542995292,0.3651454900385,-0.31684152588707104,-0.9092519114026474,-0.17990861338660893,0.06638816974161117,-1.9982241180075166,-0.5330464572205775,1.4283135634656052,-1.776454423437226,0.8180920904553254,-0.40786158822441615,-0.45258726933877025
TCGA-BG-A0M8,1.6048145810869443,1.952017729067593,1.0184504421869105,2.0348342926578082,1.5395300313166633,1.8647084782951944,1.57013327495645,1.6685647266699017,0.9169945606352135,2.7678115847348357,2.543806042844303,-0.9349188137735721,-1.3870936208384328,1.9540590153801354,1.4368714104175635,1.5337055581431518,0.05749334719926453,-1.4082107106947725,0.34392875229201064,0.3756284155135568,1.450939644587461,1.7670085714232429,2.5561348197617035,2.1447361562890146,2.0608689393358985,0.8558967284801151,1.4064754688786518,0.26759947430424,1.7896278703413746,-1.3160419089183377,-0.38900111565673773,-1.5139004654450083,-0.9265479726608072,1.5048163166325266,1.648813416011257,-0.0294628510744562,0.8653720191090181,0.6541792167743866,0.34332237043680536,0.14538031446090016,-0.8974386890179034,1.2167953415005373,-0.7875632145798652,0.39500733115118863,1.4802733646969275,-0.10334958505639749,0.7483618325508753,0.7265221920136022,0.6866783385423312,2.513875577655094
TCGA-2E-A9G8,-0.6529450532097903,0.1993106541793674,-0.7110936769615196,-2.0129570524430185,-1.822500545213439,-1.947879388201181,-1.166238559720702,-0.5459858726286101,-0.6329010220506848,-1.2008143658118082,-0.7020819612866399,1.0730831689504088,1.0245240013933323,-2.045486410408667,-1.5645200972190365,-1.0590355907241684,0.06331171526524544,0.7829855944086858,0.1012800857958479,-2.0017396920499517,-0.6326773704007805,-0.9583812235986893,-0.44566977550277026,-0.3397569189195212,-0.6664314695401122,1.7314680654607195,1.1493354000153555,0.07675137289741012,-1.2700767244585485,-0.3323568743199245,0.7595588414489459,1.4111189778842768,1.314975021090052,-1.0223283110640293,-0.9745972335638026,0.5904400294299792,-0.7856555147900877,-1.5451760191627406,0.5642191219247322,-0.10251912506563468,-0.4879387640453339,-0.044616094143518636,2.14106357279407,-1.8437996449250782,-0.8864619638181984,0.7097876116804271,-1.8157666694627743,-0.22759474862160692,-1.6744358636381866,-1.2340218481460952
TCGA-AX-A1CR,1.416732994834842,0.12624920147209326,-1.1092543106803894,0.46683301711628145,0.04154351717793845,-0.844458570893758,-0.21991818778084862,-0.2513144620118145,-0.2943319389802003,0.8828569429217819,0.6897402608821123,-0.10810434324009571,0.6902348744704782,-0.2320352028495893,0.27934825305332206,0.44455543051060065,-0.5434322329674044,0.539015153225348,-0.5146702334062169,-0.2203426156325173,-0.7303391881108822,0.26965284543519996,-0.6567869409596288,0.43533379132225575,-0.24329670087221514,0.42831362444135324,0.18361572365752776,-0.03023636477637554,0.1787988098343404,0.847955021039138,-0.7701554162717432,-0.42166024071738917,-0.39442957588511485,0.3654779478885504,-1.6248116480724013,0.34564097882790695,0.09962394348791252,0.011031831942703902,-0.445982652431332,-1.0567575323937786,-0.09308771578897705,0.46269071555502833,-0.15001196499237118,-0.6520955053524289,0.2775905093646154,-0.46040720131423046,-0.068482890362537,0.6004242435309901,-1.298241633058325,-0.9121811986354971
TCGA-KJ-A3U4,-0.7754041824485074,0.7086685604592191,-0.18721750834086054,-1.5473369978045646,-1.1813658311076114,-1.1448147374916595,0.32561213940334777,-0.08245689956078524,-1.0466465096194442,-0.3581488919078337,0.5889322160061925,-0.2720390043391634,0.7528902140181851,-1.6268045534099738,-0.5545708337277478,-0.6966214217357956,-0.14293455824827264,0.8914580341762355,-1.051485415634713,-1.538702994917701,1.015524610600672,-1.3708784477539961,0.34373877140372167,0.6419056832743132,0.8581081758303104,2.2048324818544547,1.9567802305642612,-0.4539796613950945,-0.031705344261828194,1.3774765784477363,0.057865591521961,0.15889850573161513,0.052260935468777935,-0.970030708653554,-1.8085158395640162,-0.5584110004796552,0.009556429014969142,-0.3970313753002763,0.2850339965738744,-0.2709879320659197,0.8051141796282963,0.2905589251766057,1.6076651491622673,-0.009872547048448702,0.3607417168954223,-0.7665643952610789,-0.5493979116481433,-0.36873417965751165,-1.5607675362604505,-0.5058306945700994
TCGA-EO-A3KU,-0.76533802638354,-0.2479282822014598,0.06866037794017152,0.2988943290598867,-0.06178824682363544,-0.4583876540628951,0.5735576451608393,-0.8034659113050309,-0.6337087711134264,0.7471522903299344,0.4283420529049888,0.6913237206418977,0.8993266661752447,0.18754649786754413,-0.4375168551782354,-0.36966069973035204,-0.8004974757941794,0.8122562098309637,0.21213958454192217,-0.19412872669502615,-0.11045885787974835,1.1448915564130449,0.3131647785750654,0.4996357152575945,0.4366904721240064,1.2911627787584796,0.6622790108791228,0.9773862749133966,0.5610429779615265,1.167863065456828,0.7129577998301061,1.129073040786848,1.0876128379061116,0.0814545868808474,-0.24598483674422228,-0.543016211441672,0.3621302271055401,1.4549779935580047,-0.7226520808287484,0.25900018511987216,0.6626589469404841,-0.5219537443526524,0.9340540527822936,0.49709255194661844,1.412912020408945,1.2258758421630653,0.0022135276150658002,2.075851158247073,-0.7152408925733,-0.22721948272161724
TCGA-D1-A102,-0.2507975364621349,0.629947630392529,1.6925846426926419,1.2203811807951421,0.4523784883885778,-0.21707556451725912,0.22399455206880353,0.635990325057415,0.11388581593422445,0.9862470118154668,1.101693753537943,-0.531419613145922,-0.3628817851525167,1.0934438620201945,1.34373211040064,1.0509793739344147,1.1613418293352071,-0.3483988096239182,0.3312839190750904,1.5380619073803539,0.06477508016298011,-0.5301560305915337,0.9826559441714587,0.2922565616138416,0.3370364501907288,-0.017814213175269284,0.2880881644682358,0.23539319003389325,1.05543981198066,-0.04305609604372423,0.3478480025532984,0.09866677396222873,-0.378429081931068,-0.3305100204257778,0.45334214660939565,-0.24938706539850233,0.2964321235543179,0.3117067273337606,1.4423110044316463,0.28174581788185427,1.2592649130314482,0.30061702893546544,0.10467166755866984,0.547974259619298,-0.22093805461860266,0.028526361404437903,0.6341383228698234,-0.21510298542982642,2.2960647339308284,0.9610750729940695
TCGA-A5-A0GI,-0.4951669818423153,-0.4880476721821877,-0.9849113929035639,-0.4098461303893214,-0.1466768333646936,-0.2553867815399593,-0.3840947060371204,0.08037386479095424,-0.7333012138170277,0.15893064993694594,-0.7026344124333496,1.0201423542006052,0.09209844745747586,-0.07550468550314599,-0.399728980331211,-0.009479993451539135,0.7194282304030711,-0.007019889097359022,0.17180192404931183,-0.34843593520181876,-1.6614730374849254,-1.5710988193554491,-0.744235756766598,-1.3108132688384888,-1.186711136799533,-1.0646321105653405,-1.2174460998759125,0.14688682861353658,-0.9198777378934343,-0.32779692069667093,-0.666540910851709,0.09140242072231312,0.3915843983490412,-0.29062981500170826,-0.33910873228765737,0.40483892656295606,0.38279185128867577,-0.03194019936419758,1.1479605832972677,-0.5741079241606176,-1.3628779534971516,-0.13308005360355493,-1.147419313153787,-0.32983915226975336,-1.1801637371369227,-0.5357793194307247,-1.157033757116507,-0.621434214498539,1.9242829356096778,-0.1282079512968363
TCGA-B5-A0K6,-0.12298899835797808,0.2720634767328305,-1.1803139144351198,-0.14029994095404513,0.13093617761246681,-0.6989948531786256,-0.3843982239019327,-0.14174624171022487,0.06948164922303736,0.4991754214116799,0.15205372674493758,0.1557821526144319,-1.1602990515865532,-0.2200567719058456,0.6066724105670869,0.5154453933509829,-0.020992394435659884,-1.3241795649257486,0.182977004500764,-0.12754345452590518,-0.26779288314625316,-0.22985587403533883,0.05663774593988989,0.18417211923990162,-0.05533174325888268,0.20609986231342026,-0.05360660094878214,-0.17155287235002167,0.18341020991090487,-1.6394121062285791,-0.9662207369881887,-1.469112883045733,-0.30513313778633955,0.26391604982831396,0.7443776775768488,-0.2423708413535123,1.5853172559703148,0.0075015217929901125,0.20499044466711722,-0.5453014439113198,-1.8012523448493432,0.47559687533428413,-1.6728113326542706,-1.0358169595890736,0.08981055212401591,-0.3421075052263174,-1.3166855252621033,0.34520737036942345,1.6015116532949,0.669777858803028
TCGA-BG-A0W2,-0.08822274626066991,-0.07214946248360637,0.8557031745738175,1.2461831491824507,-1.1408683903682437,-1.583710987824934,0.14404614720807193,0.24299917761905818,-1.1493666438373318,-0.06526697562714638,-0.2182705972053085,-0.14857701054872513,-0.861557300350705,0.5335508262673339,-0.5366089714352658,-1.0541872042618703,0.13401723614683084,-1.0371609758699178,-0.25115941325973445,0.4814525889331482,-0.5751029314734099,-0.6488398392574471,0.1584907426691046,-0.26403199849946163,-0.24656967782552547,-0.5388981525812021,-0.38012481461671166,-1.6879867270618907,0.21207685954290623,-1.097308725813772,-0.3563613915460442,0.0895999406597893,-0.5364396996799679,-0.826277288774914,-0.28419483349898594,0.11106382135970984,-0.6207291671568935,-1.085799732880177,1.4373142627345334,0.06537520218255893,0.6049475919518742,0.2758982310717302,-0.18197189555336957,0.4031112381870066,-0.5037773778596695,0.07628472021314397,0.3757577973478457,-1.0969293281781478,1.3068426675797435,0.07281764183445383
TCGA-B5-A1MW,-0.2725324302548588,-0.8995842175566162,0.4635865316312577,-0.35590316026145896,-0.495663506252367,-0.6041602410118836,-0.005258167759866609,-1.0696045483202814,0.8107965880559606,-1.6017423037567025,-1.3546471318474347,0.6781689035630133,1.2751846809534142,-0.693556719251139,-0.12190124170540223,0.04066001095958021,-0.8005035652675082,1.371810532887301,0.5752055215106131,0.32392866545591215,-0.384285612515478,1.148040797864337,-0.982781242848784,-0.6145071547142559,-0.5153029585333866,0.5868968840112326,0.03577267759397142,0.46731689691953393,-0.8009069108364791,1.5353053946494446,1.6312331801989943,1.5851561358152262,1.602573875256768,-0.7494434500780339,-0.17102968734332602,-0.31823563466594246,1.0686905403810276,-0.12020975385419137,-0.5076463723256838,1.1428976735154572,0.28134301981324406,-0.2920493894289263,0.699070756449493,0.1065104244666207,0.5411276400307158,2.0711930984997156,-0.02784658806593294,0.5965777342249906,0.6606902625765823,-0.7284965961370186
TCGA-BG-A186,-0.17925331388558619,-0.028044149913183165,0.9730581754586128,1.1238691022168774,-0.020236550373234047,-0.16160840449566782,-0.1529965603927346,0.31343932303273814,-1.2725427488387133,0.7853592529868428,0.295773116910215,-1.0038341056618862,-1.1474981736249343,0.44503437226020104,0.8726834681380042,0.28248932826669304,0.2811229104235897,-1.2185886513961712,0.2731968993247331,0.3602887389526782,0.09265977274117324,-0.6690624960267169,-0.09949065836650849,-0.09954962709230389,0.051543233711379303,-0.47809584093427865,-0.35316923645857784,-0.9173595095806647,0.04870475882419291,-0.5775506080398244,-0.9691429860965989,-0.7717820961909065,-0.933887066739951,-0.4266782759427158,0.053136300095074966,-0.3300547862218527,-0.8274881854660374,-0.874797638787775,-0.12543151426906024,-1.0729740202712228,0.7395245184287588,-0.06329293904941304,-0.5464931816204517,0.4106253535674037,-0.48702127357204394,-0.43731756853668646,0.4453610260150391,-1.5862937202805825,0.4429631322419267,0.026143508998489457
TCGA-B5-A0JY,0.4298558054221754,-0.14855332274653923,0.31417876065793027,0.06907607882572192,1.0558440337871653,0.08481398266853894,0.5072306435630627,-0.2707408726527571,1.1392714825806793,0.20020795973121897,-0.3919545819689829,0.9165226482089103,0.498052391530109,0.9806316463038801,-0.8980106411509087,-0.4110049377649728,0.11613732940248753,0.6403725678437787,0.502125452761542,0.5390125578187864,1.1323493433991858,0.2601363498561165,0.1751943652228304,-0.22536093053560108,-0.08622818282308295,-1.238177400265437,-0.8489251390616682,0.03526901218831384,-0.1300723214906949,0.2228213535668538,1.3557251498361875,0.4395461182432669,0.33228118688093855,0.1756503079380778,1.4263419275725715,0.36923266046397385,1.255447297779431,0.12780083227925934,-0.5278758193944604,1.1106279138192134,0.48638851172938513,-0.05570517267940247,0.4786852571880013,0.7376432399832351,-0.1449091527605473,1.8027322805909987,-0.026301261092360514,0.2999907068989907,1.3714732188529788,0.29510533299645
TCGA-A5-A0G3,-0.6755175710600303,-2.1211734093450283,-2.584397871791648,-1.2052776217987382,0.8115223515785732,-0.03264084072519433,-2.8904857771505577,-1.3072905043926841,-0.026706621577942107,-0.6255867266669396,-1.9499297501188955,-0.06696581688778096,-0.251453218921281,-0.241380790106491,-0.6069309458685402,-1.7369476490667157,-1.8711782612356216,-0.27322452577415723,0.2667357688472666,1.1820105691316183,-0.062498046305528895,0.8929081844502108,-1.7691983627150405,-2.285508692645388,-2.4960781664985694,0.5540670164775588,-0.6313916456570674,2.0350465626072216,-1.8773773979869388,-0.436251174517272,-1.1439863328179336,-0.9604012785356058,0.8200487577537806,2.2860423191660293,-0.0998593914009237,-0.8012068150771285,-0.7522064553742406,0.23767018990435132,-1.7076264744408933,-2.45504814541879,-2.216017108374175,-0.4805487723673973,-0.35070022585823757,-0.49258237206992883,-1.6665451115433094,-0.8834232573122812,-0.21465813766354583,0.11355037153170353,0.3284446202039558,-1.4357617492879764
TCGA-FI-A2EX,0.8371405866035859,-0.050847295859765426,-0.3330567324689917,-0.42673729910921127,0.33094355852745116,1.319981460464637,0.39914841520920713,-0.7441599615188,1.4434947262100013,1.261650790820031,0.470927646030699,0.9064859580586954,1.1099271601113547,-0.465472877063314,-0.6316041897706116,0.22490411964491636,0.1554963396126427,1.279737509546053,0.5900819304649073,-1.2748470529616729,0.40058483791270744,0.7595621194544395,0.31880701092832875,0.33502733834400494,0.29426539177996475,0.23958022875596793,0.21415633657900837,1.6870371429824216,0.30532406964574205,1.3349336422573728,0.7175066082842024,1.0252553217649172,1.179965218474016,-0.1872471866470308,-0.2904593171386548,0.6915120945586057,0.5507559829614214,-0.016100310813489345,-0.4794279159555874,-0.8700531897623068,-0.34359912909459717,-0.061056402405353066,0.7191774308488029,-0.10527827699575916,0.47139256057165196,0.8191655293279846,-0.32554868897615097,1.195591167598275,-0.6889051458253653,0.46873948953366107
TCGA-B5-A0JS,1.286622037974447,1.0319918537013097,1.0378600994076537,0.8205633736584242,-0.3240114768181527,0.18843793189275457,1.4033556009283703,0.6001415416586018,0.31785792777896527,0.8953121883860367,1.181650575109702,-0.5722516594394013,-1.2741890794201853,0.8243829136890088,1.5881361041515325,1.07498853243305,1.1804102356424768,-1.296559279141921,1.1866316214624963,0.8445373200070256,0.7027076768377548,1.2112272956847243,1.165305529913176,0.46119717796632687,1.0108894946125797,-0.19517487717469276,0.10730374853518468,-1.3125470606293728,1.3914016076616653,-1.3636737218232735,0.11034641195091857,-0.6180467392257365,-0.7947091712471355,-0.21312563403879808,0.6517273871344949,0.5925491331041203,0.8437274679320608,-1.0270358656773284,0.8471089247624995,0.15060401015939173,0.8015113613004174,1.5396184514922546,-1.3860395158604337,0.9080457402631836,1.0699751125939023,0.24826294605616533,0.5719359234916142,-0.13805602423157645,-0.25291424718022826,0.9496671637752974
TCGA-BS-A0V6,0.04016637674410106,0.6319635951375329,0.598171505320243,-0.2434022043467632,-1.3624703320640141,-0.5322961427691758,0.7702451216902614,0.49225198219013716,-0.4657073859786117,-0.10919609851452075,1.0219966363741513,0.2740683586219498,-0.1415220988850925,-0.4964877907688148,0.7133885146304897,0.6885516101606265,0.8483006806437312,-0.20937864125095493,0.005156419075315046,-0.19125403292291634,-1.033092340168562,-0.5682769078510029,0.22256891076593688,0.7795569619680333,0.8658212602216002,2.021550706145778,1.5910464968454197,-1.4599872573358568,0.5520087853246866,-0.8919876383061468,0.13858428631690067,0.49213194270428684,-0.3472143551790964,-1.769172257942248,-0.3411843894096302,0.7218293213075799,0.44798361016191984,-0.8039627578355693,0.8939693253968808,0.14397934811873148,0.6478058712005514,0.9060549106431751,0.2726002434154671,0.03505648566913462,0.6682436853074152,0.4691735912581625,-0.08513258809200148,-0.39596529496541144,-0.6027088801371269,0.4820943720488224
TCGA-D1-A3JQ,-0.1796027865462608,0.05191094814141785,-0.6987933859079626,0.02072976371551462,0.17255151379231132,-0.41474761305846347,0.3225502319040065,0.6914148368599223,-0.7831512131522929,-0.30277427518262606,-0.05129386208689148,0.18533419903855144,0.658243563116694,-0.08538062945164686,-0.4327180683585738,-0.7535341598787572,-0.706030439924197,0.4796834910016198,-0.9357984738279139,0.013016854278051907,-0.11827096579513617,-0.5930152849719142,-0.617866435736531,-0.2169297268992926,-0.4431803342107711,0.6578039377215572,0.34851772394223124,0.9733113822843105,-0.23614346400781394,0.8391621654903944,-0.4612383020646685,0.5432114542775928,-0.00904574173047624,0.1547259746820998,0.18337053596236585,-0.3531920696616316,-0.27141529621044713,-0.6063947453509682,0.16073526414821854,-0.4621389281527378,0.09266660225804053,-0.4266250983530514,1.9607279668654758,0.1568235544078029,-0.4594496071369023,-0.21259797261193722,0.3304158633985006,0.07925358782296334,0.04233246843805752,-0.5703458761322232
TCGA-DI-A1BY,-2.106782969025201,0.6562584160109349,-0.5784004067924693,0.20716483542531175,-0.009232301960140419,0.42363571057627214,0.0326940545436631,-1.6649437311823585,-1.6474309791283888,0.39500032436739707,-0.4994421666300202,-0.42042802650832484,-0.7098071025741709,1.1745617874310896,-0.9244533394062099,-1.0921046499627776,-1.5781248314302603,-0.7479329785292218,-1.644224197886766,0.3757621433363383,-2.1739100887869447,-0.6191381348374974,0.7087698833599138,0.3781172115384063,-0.4345564198821177,0.1403473999456765,0.05822489341030381,-0.5066939397506383,0.004156188534326795,-0.5258753062732905,-1.2775234538495819,-1.3158291443644905,-0.9461223905146748,0.05545597220551733,0.4494043178601471,-1.1893812430417374,-0.5489655514107498,-0.5683580747465625,-1.2234638322740548,-1.1042437351085452,-1.848070246921283,-0.9262727481452725,-1.370971062451308,1.0856172475718768,-0.009414696372149846,-1.5050681153754348,0.4345335564972704,-0.9267281968485777,1.207420713170545,-0.6999227686053303
TCGA-B5-A11Z,0.40307224812880543,-0.8178427908286243,1.785764760200417,0.20872871418475483,0.04183128938493954,0.0011346688778394332,-0.6443491174027238,0.9640389750561772,-0.6194093651385373,0.5190807983719669,-0.17321234897771995,-1.064579779011306,-1.4394023652111807,-0.027682586699504963,0.7539345641217637,0.9476791680372932,0.3552910506706918,-1.3011082333356823,-0.22982035853752494,0.9472337874784996,0.7971472708796672,-1.0017882306978743,-0.6498425507147612,-1.0869663752874466,-1.1069747986103187,-1.2970825610706993,-1.3116325526830848,1.2277816429770918,0.714792353481924,-0.908099359888812,-0.7840460624865758,-0.6895965085047326,-0.7660578237960429,-0.0745241677897262,0.3872016646174194,-0.6104753404288951,0.6042685476227602,3.175264151936025,0.8892717844436718,-0.27613170883941063,1.221888400020431,-0.6899017061123002,0.4213008188477645,0.8420444781099936,-1.0979588748344782,-0.2727356972580121,0.7286643180414768,-0.8258371831785982,2.2337824037812437,0.7499205132497482
TCGA-D1-A16O,0.5040019675064722,-1.146970843308048,0.8475811551577185,0.5009497953006109,-0.5443957042451159,-0.2870288670229757,-0.5905549211442812,0.747275894907473,0.4349820486913529,0.029919041769086073,-0.875999316453662,-0.48226971157335297,-1.3954966068324028,0.03653207727299249,0.40454514261227525,0.1765666258221112,-0.033510179437962764,-1.363652555015343,0.10968579441660352,0.7070476980522135,-0.36756980465916034,-1.1926884631617616,-0.9669767224914861,-2.1263916364855624,-0.9277114622228788,-1.3609967291234832,-1.4379133114834926,-0.9958856443560148,-0.6907241888061044,-0.7569885404623908,-0.38341088831834197,-0.7417262778755233,-0.9273285487234811,-1.0498103755536097,1.3835012003679408,0.16640245104559334,0.014421812171437872,-0.09344481154998012,0.35448843355131826,-0.2936064500327065,1.0542351073367113,-0.14804396294693647,-1.3135247409661586,0.3465310439711457,-1.3037908194456014,0.6653507246714606,0.5942533321190632,-2.1013398456924772,0.14286434563127212,0.19493204109714876
TCGA-AX-A06B,1.6019972231780977,0.49964034602467644,1.807787183209129,1.0436250082298015,0.8650245413626145,0.6606741291721782,0.6057458918713713,1.1185232582492082,0.8808452230073088,1.0390578103424288,0.6746323809446056,-0.19700765683185012,0.42566850709367826,1.4051617685802473,0.642604229064822,1.4598179131656104,1.1849163434394094,0.4356551427927059,0.9403898560147023,0.4783092175987925,0.5427274825792743,0.5135410521894138,0.7154224831848139,0.39819629940779144,0.4288567463856762,0.6229159013108392,0.5171770864735485,0.5672852729911372,1.0896775153085632,0.038082385514720485,1.160259430584835,0.8576875951430348,0.4414610481232367,0.8027380509824806,-0.5756388399141208,0.7261230859740802,0.3313111690603676,1.7218665191275164,1.2004884649896512,0.9966720873781745,0.832912292722315,0.20537467893088204,1.0159832020534296,0.762613325211163,-0.26824830316198645,1.0908563265221258,0.8824081881674567,1.7915282507493855,-0.4407587331499909,1.2530251625725093
TCGA-BG-A0YU,0.6404396458575737,-0.9546896543052877,0.32552688296171306,0.325153332317633,-0.7617342160890938,-0.30645654434894437,-1.2248775360122162,2.0466683287974448,-0.6614922748219882,-0.6769227065412542,-1.1678416754017058,-0.5950341373333456,-1.0719802741860454,-0.3957727387574477,1.197359793489448,0.6872067873525831,0.8037123551669669,-1.1611893902234929,-0.13094817996429722,-0.1576911442293579,-0.0375207958359437,-0.503951305006244,-1.0750713248717743,-1.461051554426288,-1.267554641768887,-1.3936853096953812,-1.492351450938274,-0.23584570966793575,-1.1119592237495262,-0.7624283557323759,-0.6269642552308069,-0.2689644786518979,-0.1332060660444655,-0.4031887532389276,0.44959660218544034,0.3746363822150499,-0.9442794484878831,-0.7756897145268773,1.8675962853705108,-0.8134915136874961,0.3765384442491463,-0.09910148622111525,1.209266611028289,-0.6082396570075431,-1.0406976183542418,-0.19227678926806407,0.19991816311756203,-1.598469719654559,-0.06217868092641434,0.6173361044796838
TCGA-FI-A2F4,0.6282936857748945,0.9054317855811286,0.9438751352726004,-0.6916811784820012,-0.7235513336927473,1.5761381207257377,-0.38656831825826166,0.11993167990033216,0.6861584032749503,-0.46710020505128486,0.7419366318094274,0.07445896515523201,0.3441078438606302,-1.1256075293494314,0.16101004514287282,0.7081761978517792,0.9700352445547735,0.555139023222413,0.563717204915565,-0.5455947137297699,-0.5468656670579071,-0.8820369199320722,0.2846641084612327,0.7498666934828214,0.7075955770897518,1.295817564839877,1.3713672947299556,-0.7323354797231488,-0.29561419219326995,0.6877378074821161,0.5873382511881095,0.3043702100428566,0.5999064447040748,-1.1953390102009795,-0.6779480703912406,0.47858960152889607,-0.2560241836369959,-0.7011421314744013,0.41394378112609387,0.9471442563719764,0.968639105317492,0.4215988732106631,-0.10845417779728092,-0.656404921809814,-0.04398041613652173,0.5544390570615991,-1.1009083110223792,-0.026251303352687466,-0.7321986743066244,0.15666023194452725
TCGA-A5-A0G2,-0.3627248469150661,0.6988688326376515,-1.4290671667407355,-0.7544464146021898,-1.1762965215415822,-1.303048415028851,-0.3433079350697469,-2.937225573579489,0.2632615674094606,-0.8633103621152654,-0.35935621069275003,1.0587749222106473,1.0313683393128847,-0.5836630541716415,-2.004377154724026,-2.076903859767786,-0.6610528468755581,1.038922541408741,-0.35212758623285056,-1.5660461242192099,-1.2104082625450345,-0.48211028116140237,0.02285984798292036,0.36464401754960823,0.42748391084711923,-0.46241624143755017,0.06406601244371345,-3.096108318605989,-0.9951204314341113,0.44444583228033446,0.8976068274345947,1.328253902192886,1.8587454135344472,-0.5526355527220949,-0.03462425948505773,0.6806732458747228,-0.9220875216545236,-1.0132421262762166,-2.399725030752778,0.5493765906850564,-0.0532427541356539,0.1553794638247631,-0.5983618753628259,-0.33020384994880997,0.17314620251459142,0.05711844937370704,-0.7010913607976615,0.06056322876081203,-1.3004950606161512,-1.174927541808278
TCGA-A5-A0GX,0.009312919842710534,-0.167398304577535,-0.608030611613913,1.1304767258262698,1.7738812956712287,0.5439094002641209,-0.4838213640785861,1.2271167661626448,-0.2881803803972525,1.2656844252952502,0.7585025906169339,-1.225175647158083,-2.1783813974192974,1.346716246956854,1.5656581268033076,1.4830665632805649,-0.08688974366433606,-2.261859027370152,-0.31673436875732897,1.5895732296663239,-0.048950840614590464,0.09014285645642468,0.5069289327387897,-0.5905899809499288,0.014742647591153542,-0.7150710059096314,-0.45063539758537624,1.289261952941498,0.9666854718991442,-2.1819099820739667,-1.778366600681857,-2.7861916089275005,-0.6301048986763259,1.968030838318385,1.8706950712748573,-1.2372957658082382,0.846116937702097,2.4760651369537183,0.840428757071455,-1.1921129079191422,-2.860735096952844,0.4157881198228179,-1.1577266969712396,0.06572711174337191,0.1206316369744355,-1.1215390238049858,0.24234036217872115,0.6219805090601553,2.7813446257821397,1.6655148752434925
TCGA-E6-A2P9,-0.028687432164048583,0.1584592902292306,1.1815722347119066,-1.5507589306851721,-0.9861414969015119,-0.8062268751762517,-1.68814144973047,0.2647053113946567,-0.4328669698428977,-2.4501480482400293,-1.3434001956250203,-0.17703616841222544,0.25193976390688766,-1.5507208456756725,-0.41218426297946803,-0.8348736838862387,0.3923253889505601,0.3496815113707905,0.03974114535447267,-0.5179686993521715,-0.15794807574194916,-1.3273800058682195,-1.035707674908952,-1.0134721021156363,-0.7820490665077955,-1.5249047103834543,-1.2524535517208568,-1.0747804059196484,-0.8040680546782675,1.0962498326779235,0.21949290816685488,0.2579691288360729,0.05203049630540681,-1.3838130841614258,-1.2118610466066486,-0.14422122355613057,-1.8418636443896454,0.20376326788719676,0.9776366691234109,1.5811464691921482,1.079235331135531,-0.021103496079174888,-0.7233460025168291,-1.0046030759663216,-1.4250436249261487,0.2564077957215159,-0.4648987328156011,-1.7092274517602741,-0.29691767426133203,-0.3781329441278581
TCGA-AJ-A3OL,-0.1724947985296571,-2.2060348126838516,-0.022086315843174668,-0.6848867784702457,-0.18331602430644367,0.6824312709066007,-0.6453932141215094,-0.2937132831872201,0.28804538576535726,-1.242096168490705,-1.5947314632138427,0.3113538447451858,0.8661669058942992,-0.19030856414747394,-0.2523197328382537,0.19275990968679493,0.2817341218202734,0.9440581058779156,0.9488806912622649,1.6385582745854894,-0.15797809771219667,1.8651966951906283,-1.3236257172798895,-1.7542982713388322,-1.7041480982057708,-0.13995285829469611,-0.7841943632591315,1.3764702171618315,-1.2642969130312296,0.9077753315808361,0.5127197201707079,0.8091975029610929,-0.21750905005038035,-0.30770809033506125,-0.06130284884056808,-0.1889304784710899,0.44124044735315976,3.0459517190382828,0.9553701258096634,0.42388006721713783,0.3805299576224666,-0.2535886939763637,0.6470616618396124,0.9153502385830927,0.1594572819047031,0.9323931423888144,0.3922726738254469,1.27918660422503,0.2873798235470753,-0.8108680388480565
TCGA-D1-A3DA,0.6567517059437704,-0.43868681698636175,1.154099459582925,0.7555110373486695,0.5121885998421991,-0.8298438911511926,0.39497132532481205,0.3846723766449862,0.6763182819459072,1.2817787215839163,1.1344237591704318,-0.5460404773715348,-0.6801292105006562,0.07256651273844873,0.08567848107526119,0.7693009433347703,0.5387893369683678,-0.6726843201256495,1.1887510398138597,0.11762395592991055,1.2553947671096146,1.1780072221452926,0.2661505211397109,1.086079144704756,1.0846871977571746,-0.38854364514977174,-0.07304385879428912,0.12922872624515078,1.3650112571796482,-0.740642342411375,0.5416797870323028,-0.14452325151470538,-0.3529464282990331,-0.09483564652993438,0.25779700504670505,0.42868863021127024,2.12662036600037,0.33154535785170725,0.8110864314457673,0.3901606134848638,1.1911598550072104,0.6554912371191302,-1.86083643500684,0.7726567039791066,1.4623340807552967,0.015952314391256463,0.4193393106244834,0.7810634653414552,-1.3351296279093683,0.6397508128531437
TCGA-QF-A5YT,0.4820444772010024,-0.6649215655622537,-0.1294241963747852,0.7394334653617405,-0.0837808474591501,0.16965360763524287,0.24745956598947869,-0.5701290975503277,0.6459272757493366,-0.027194546456053376,-0.6076377996166411,1.3471643685610197,0.7387622858541046,0.40040578395160165,0.6652096193563409,0.8834063961074683,0.9013474324618724,0.6138587978067439,0.4740836690710424,1.3166979268361643,-0.2223703424826613,-0.2803720189005481,-0.11912154330832185,-0.7986442502482303,-0.422102075697327,-0.7072257330750273,-0.8432815553401751,0.48903774611407674,-0.33440306840311873,-0.47275366853678386,0.4815755866729749,1.1489161806832475,0.8936057139561288,0.11108985510854318,0.3546345564437228,0.9274415764710932,-0.5229689782144167,-0.32466214591696957,1.1751680296326357,0.9905584307111973,-0.2780871849853392,-0.14587444462904098,1.0314019860776602,0.22659817641420035,-0.7002507534802473,0.3523242043825848,-0.3853459854545423,0.28433192607852226,1.754758071743503,-0.19078626794850298
TCGA-AP-A052,-0.8476920278442759,0.2510155440462724,-1.5035716115677946,0.38189885168954985,0.7727730406097357,0.5097293833164672,1.2768363464561274,-0.5650420258606212,1.0107322034835833,0.6975703738939729,0.8942450143572981,0.7521140494490512,0.6422406466948664,1.3440358650157602,-0.0790180466175996,0.027915705680749133,-0.8856614051855923,0.6538075795152648,0.714856051347407,0.6320813342765452,-0.5947095950824777,0.7765470986186895,0.5148570035621499,1.2852611126963462,0.9671857251275331,1.903253763746585,1.3879583089046819,0.130347992354044,0.530917151268548,0.10236133181128763,0.47585249784550343,0.5196487512373545,0.8370527047906116,0.17945456513915253,0.22005394589840346,0.2214704268621513,0.6318586236533607,-0.8243761659204006,-0.5783109538372178,-1.3832872170377275,-0.7588582047559833,-0.22085998045277783,-0.48402236260316667,0.19271406210850164,1.405405711869497,1.0619480564289812,-0.09432932853803076,1.7755834679294014,-0.05585128508140608,0.05334158907820744
TCGA-AJ-A3BG,1.5356647479285561,-0.4611617093310699,-0.295916605090237,-1.1806239449155544,-1.357571865962165,0.5510815685985216,-1.4925925052402227,1.055081847195629,-1.2321623277269784,-1.0233598751278576,-0.49997733031514885,0.6710972293703735,0.3631417046308152,-2.2167956540015976,-0.028798084206492876,0.5852000200867024,1.9920302344593175,0.3053674189257924,0.8447780934508596,-0.47174643414273,-0.2428361219966637,-0.6765391952416575,-1.3871216684865066,-0.3889670737689084,-0.5332647554426513,0.04356476884442069,-0.20755017728396147,-1.5257569118988048,-1.3088567206188328,-0.7231458829339313,0.9337376581906175,0.48320572937821105,1.05435974174288,-1.406158107353325,-1.016858585582933,1.0593650311965523,-0.031851683719326826,1.4219306668431995,1.427364582503001,-0.11072405018729722,0.8217501279521532,1.8859116917997338,-1.3708378385770463,-2.521847972444077,-1.0309694945288401,1.7112782887341775,-1.576753125005349,0.043947419690928705,-1.179475695739392,1.5731640443805477
TCGA-A5-A0G9,1.236856946807016,-0.4480291988671318,-0.5866079946603042,0.3667311418839952,-0.26872216914114666,-0.623918041758937,-0.19957244913471636,1.1159097576398223,0.47528011906270273,0.8910528931603985,0.5813161497008104,0.3266869403527187,-0.7197765226340217,-0.02183097951130081,0.5484768113029638,1.0008573270487622,1.5685342361570962,-0.8060312005177819,1.3216338481781105,0.4524075916441373,1.085481751845846,0.4611651846357729,-0.46614069474547665,-0.1848434315546208,-0.3487474551044959,-0.2474375958515174,-0.15240240410381384,-0.17672208847874854,0.17344562521615897,-1.292112157746995,0.3212706310737504,-0.286865790181936,0.3616656971799759,0.08666740817858012,-0.3995769332372568,0.8450305229052597,0.6768913752649368,1.6006560434170591,1.7032752651742091,-0.6516097866903936,-0.6917211340303361,1.652387020518526,-0.9709376098565022,-0.8770023111933587,-0.4675246492056391,0.620769136781116,-0.7505623905873212,0.6904250999932008,0.5512920571521392,1.4388285360564714
TCGA-EO-A1Y8,-1.2905543503718355,-0.564479811255575,-1.1922779130991006,0.5548275483298315,0.21639678906039703,-0.17937203663290188,0.2772553203464992,-0.9038300961151036,0.6875284907981556,0.396689771001288,-0.47764114154184123,0.002295893828102824,0.4909236554191732,0.3752661905783325,-0.40375169848748677,-1.003903267049179,-1.1477597084360698,0.5823703739081633,-0.2554128594463097,0.4657574479025014,-0.008729250283087964,0.2517656210162435,-0.3316301763389505,-0.35876724539821375,-0.37425504063228343,0.28099067675802,0.13988732634272436,0.3579179140386128,-0.3010484749300803,0.6333717800307108,-0.29753438339299726,0.28729083715280657,0.5540962548685688,0.5783929145219145,0.5666332974221464,-0.7480934753408356,-0.5450220844311677,-0.1534637324416586,-1.4285255705400342,-0.6398920249564173,-0.39561225874818096,-0.27134636635414355,0.6858510333707731,0.8278673115758263,0.2747486758344612,-0.10729859317054907,0.2989957554324969,0.8361577886389817,0.901517571254453,-1.1080969492861994
TCGA-A5-A1OH,-1.392084636839653,-1.9853537718443304,-0.302308599250305,1.3055411807168373,1.4994542083538736,0.47716524301508906,-1.6779201755177484,-1.6038776233898575,-0.8862936364855907,-0.8950963403957513,-2.086192872550227,0.5675551328949917,1.1254917170216652,1.331763136634486,-1.4895716273719652,-1.719664057253827,-1.0361834217998929,1.294225987680362,-0.46957463456355075,2.097932328721988,-1.5687143543836806,-0.01460625363193074,-1.6035352455127827,-1.8393220807218615,-2.0955958476630503,-2.205156983639968,-2.520698671095643,2.760529193962189,-0.5927522194698422,1.0117721844580396,-0.05826386405061746,1.1269872323616337,0.7236266132497954,3.2176286924084825,1.035226554010396,-0.37929781504497584,-2.043065645108236,1.865531003161697,-0.9371387946418397,-0.7274485502053178,0.06009903230018957,-2.07441693144237,2.7101893486456134,0.6976639492879234,-1.8714715809325377,0.08111774699895366,1.073598502731416,0.8861313610647762,0.9854688821388132,-1.7239688771289345
TCGA-A5-AB3J,0.882858800371617,0.1330632730230329,2.182162994831407,1.405808200604269,1.951658477487841,0.9957084361197229,0.5798900662968529,1.841218756615676,-0.4610255700696169,0.8357072472234897,0.7465566411558973,-1.5796441024234915,-1.5574809650520105,1.5103492076651601,1.148298249994415,1.0083781258018332,0.33864164876527353,-1.4060183649200066,-0.8609977729513092,1.1144022324489102,1.1010648734187267,0.7379171644376846,1.2903109748317947,0.029411174054352694,0.24211496840171667,-0.3223601253749181,-0.03705987113043655,0.719126034285265,1.6885583723054274,-0.7159690651021017,-1.1375716052499272,-1.2568290958234871,-1.8278084177817162,1.787759193692218,1.388477296638241,-1.0303754662915239,0.25663870559520185,0.8862304540251954,0.024764721003038864,-0.1011413295833269,0.8052387994349115,-0.9491439555595305,-0.40472941987972544,1.9469392791627913,0.63145314275105,-0.872146439081707,2.1170675023518406,0.0032780105233895583,2.383783897044528,0.07451692542425445
TCGA-5B-A90C,-1.1503499897598735,-0.3047586893430833,0.20409456472434154,-0.0012292487022723929,0.18919509949035967,0.36528536354042174,-0.49711119955050936,-0.5585176465984322,0.9167361762804213,-0.07310164604806553,-0.6147407958347378,0.3810900485510654,1.4051365126720312,0.38808397559982505,-0.8184335100717011,-0.8847898538816305,-0.1247795947633863,1.380624655805142,0.35024567319015315,-0.3082238394239289,-0.7006878526459116,-0.9338522912489303,0.39616621362060794,0.2746039113859504,-0.020504389948480146,0.7956732847154603,0.3459675782516412,-0.314732434014233,0.35028236215102515,1.5756941324318738,1.1152269543625526,1.1961330040166338,1.0427388449502935,-0.6892845700186125,-0.6112949504495482,-0.8182202262955421,-1.1704167232683562,-0.7204223761030174,-0.34051904201445216,-0.8778999932673348,0.5563600030416448,-0.7999299350914458,-0.001379548062321427,0.10552069803456837,-0.49452805807040773,0.6601977814750243,0.10810464267730369,-0.5227476510781973,-0.5530680886446516,-0.8291680158719938
TCGA-BS-A0UL,1.0662730418560846,1.3670569205174028,1.157292014016306,0.9189388219400831,2.086976552479197,1.5667475415633503,1.5649681944171705,0.4859283026787605,0.5378622288631164,0.8264930936154454,1.0486278292640492,-0.5574063405846604,-0.39686192917663776,1.4733681394027647,1.1602874748947514,1.070269091903124,0.5140346177412404,-0.26781688212890553,-0.38176489727276136,0.46331587700944327,0.4514884022620648,1.1549518713329663,2.1182418219332075,1.3023763505460744,1.1621242717571996,0.8689361082307695,1.1516672362544536,0.2774503552655003,1.341888124509868,0.15642238572536815,-0.3896810446112307,-0.6025675073626826,-1.0295832750638645,2.001178099849034,1.5341891007933914,-0.054777742349996474,0.3701817143477757,0.21909397554809087,0.10011268399467477,1.113556983220823,0.05682905467986899,0.36046681731934693,-0.6650775168764173,1.7396012579740545,1.8426651249506576,-0.46714774216626515,2.0407271060052716,0.7881988218371657,0.23419022470593784,0.2889059571097557
TCGA-A5-A0GE,1.0368443448697389,-0.15405018457943875,0.18706358616981292,0.5147668203173418,-0.07104489836995243,0.4022953748227343,0.07628411814462124,0.8849815059636782,-0.9457852003937995,0.13962966463080323,-0.49955042966385665,0.4708931719144119,-0.058486905841532065,0.8527027383996083,0.5948165348714832,0.5506082784615783,0.8086498630198141,-0.16152217280853673,0.054853474829420074,0.3417166913852363,-0.1965116325300142,-0.017863852700498832,-0.07675898925970487,-0.13919310072138477,-0.5864253474837763,-0.7779594292709135,-0.6895358789141416,-1.019271663592531,-0.5150036056162383,-0.3136290374953294,-0.1197536525373596,0.822960033140358,0.9839635292253531,-0.019445525633840888,0.5258909490798009,1.1862388792870113,-0.3741137036981802,-0.40443292110681023,0.99445291600649,0.030710172662005118,-0.5495167896479904,0.8491991639981173,0.21988180584212302,0.006326803262994629,-0.7128733359438968,0.35127426383946553,0.28272048883403894,-0.5375215032109394,-0.016601556036511974,0.42963878639794667
TCGA-A5-A0GW,0.7288551559450508,1.791751388800252,0.8825518576188911,1.602517929838466,0.7203079428797988,0.9558952763763577,1.2559872294745587,-1.2269960152451564,1.4153580625716191,0.623595583054467,1.1513677631677248,0.5273316957773415,0.6042445704943717,1.682726913536268,-0.42070060071507165,0.014634629466947923,1.143486783491959,0.6728963457105266,0.7215300256574407,0.6504333957992613,1.0418043236479382,1.1741388994492419,2.1284997787604416,1.2985548137147327,1.3493795743748678,0.312235855964775,0.9232708343170677,0.07348413523217238,0.8891228169815347,0.27422675259509255,1.4573588194935643,1.0821352099897352,0.7001333724382723,0.24148701891281232,1.4006137176242908,0.7804425317196503,1.3823295896437955,-0.29609143192571813,-0.24555394649821638,1.4414606835690666,-0.2644105914420213,1.7124855458905563,0.010577549752756307,0.8617281427945129,1.039409174544919,0.7810199381629188,0.6376594435428348,1.464111199466323,1.9842511052379128,1.66106134037599
TCGA-BS-A0U5,-0.7196203539163734,-0.6632652927018622,0.6887724537298163,0.4653446327326193,-0.7187450747895252,-1.1115914432158471,0.1819705706763665,0.20052339676118003,-1.273541989577002,0.1536321473091318,-0.5269192763723173,0.13353083866134885,-0.4828683909810184,0.025860148967446817,0.25604728291888107,0.1298944263919665,0.7477686851220822,-0.5421496421619441,0.40699103380261137,1.4699874462296547,0.27126094015926483,0.5005438052452867,-0.20640307638113817,-0.4990350064133226,-0.6095471532940959,-0.5198587606452175,-0.475129708004024,0.2797932502601736,-0.5383428180583336,-0.41365637494125324,-0.18694687886972164,0.15646282293098038,-0.5919693224027385,-0.23128731844834607,0.12054018517805659,0.060749375516027354,-0.11185749203202595,0.33852611573464925,0.6150782993565194,-0.38344087637426266,0.3864365664086849,-0.17864431570015762,1.2994353886121213,0.9915238995772688,-0.38697987066119494,-0.029608648910405037,0.5628269760496591,-1.3859715979117868,0.0662406238423316,0.3861375885638411
TCGA-BK-A26L,-1.6907597366296678,-0.28863518173195335,0.8715778377126386,1.1670205639684021,1.802630530684428,0.2916564979583754,0.1869249181475102,0.13943096496637203,-0.1715650881673857,1.0549917372795168,0.639203101805536,-1.6091726212245283,0.1849648034486978,1.5944791993486072,-0.07478927971622004,-0.5955819120853671,-1.5381549774347352,0.6627143791220581,-0.3935311736139525,1.962300682927622,0.19917629251010427,-0.022287978249309198,0.5869001462095373,-0.034352907217569124,0.296678803691726,-0.6371385852034515,-0.457499165534471,1.07503315571337,1.4028139086900362,2.025487335566975,0.14827671283037594,-0.14597680927601248,-0.7200957932486954,0.8402172153786025,0.7379809509699102,-1.8916786507205348,-1.1535073547483303,0.715237654215621,-1.5441778469060081,-0.050127387276619445,1.0401888580146461,-2.392601771701361,1.9094691527476744,1.4348357782492476,-0.282825798360934,-0.32189825660429733,1.524295096545467,-0.7129523641319296,-0.2486027535119823,-1.0446649192161563
TCGA-BK-A0CA,-1.672204818922606,-0.6361723176057996,1.2913520222973942,-0.8179452523294066,-1.1175136831435877,-0.38991942639766025,-0.7085131011016192,0.5218323703513298,-1.0383718717723303,-0.6786236119147834,-0.1800364637889779,-1.4507167833385772,0.21413851207891824,-0.8157967165208468,0.24746866444572216,-0.31699284666944383,-0.7293679760590454,0.43536539413053554,-0.6622744541165474,0.26562846848524857,-0.38692693698880853,-1.9649791133350178,-0.5494212667787498,-0.1742432570493999,0.18831990566193624,-0.5534279653206505,-0.5060446247632135,-0.8343883111051437,0.11587113513772956,1.5667501679863756,-0.28456286302619976,-0.1127733716558696,-0.9723554033512571,-2.092666769568023,-0.12402830495482121,-1.5947627503996011,-0.6339734347381657,-0.6631510033147351,0.43738721016442506,0.13308593172721417,1.1798839788807578,-1.2378995795973258,0.8506760997333054,-0.09807825022594101,-0.4763348353437215,-0.7259182977449541,0.5692996364013284,-2.576661208421875,-0.6195549736768908,-0.35411200799114556
TCGA-BG-A0M2,0.6813440578715222,-0.025451806008025372,1.6428796851600591,1.1519080298081497,-0.8955913087504783,-0.43065747273301425,0.7109487867627499,0.7574208712499704,-0.9060040595044787,-4.126514788436817e-05,-0.045094521805844764,-0.45528629267103604,-0.3932747176480017,-0.05772989100582595,0.5549744332321269,0.5682809647615633,0.648187417825151,-0.5217343267984434,0.823007640756382,-0.22191080085076845,-0.2079259019707238,0.8039026073442939,0.4752810929328687,0.09663949091706753,0.16766511028015674,-0.1443860260190729,-0.09054833094424847,-0.6737041746534729,-0.16101843674057434,-0.16344950488547483,0.5161333199989352,-0.17936629211061925,0.014751622312476474,0.05981691019880052,0.07975411109553442,0.5657394173330665,0.6971017766316592,0.5228842087670323,0.9074042700186205,1.3055548428527504,0.40609776804954795,0.8463422360967044,0.3294113935271982,0.34513162718918206,0.6526084515288976,0.7864723392743513,-0.05694669007893073,0.4152503905402934,-0.2888724633027085,0.7860360506402629
TCGA-D1-A1NS,-0.2973177317095801,-0.3269957938953563,-0.021626407196276162,0.19630063968061917,-0.847158840830451,-0.5617830925460264,0.179577051880046,-0.6683992382527176,-0.17166049076217896,0.21142881207967884,0.20874406649317678,0.07468502494309874,-0.7379507298119665,-0.4927933407078776,1.2418628792333446,0.6680357055051759,0.3369771133299149,-0.6734948685362168,1.0566811784190462,0.16340332380777867,0.20642257668957434,0.8201876225711185,0.27994898514004124,0.04658651468782285,0.5821925082162976,-0.3183130041017043,-0.23205682687094947,-1.2422815639707512,0.09168884998931162,-0.4015741655283968,0.18565951470815878,-0.4692935014062197,-0.5736534944608921,-1.2612413448626711,0.6614225066516342,0.20780284268206436,0.6604108920888123,-0.9277871218819506,0.09512470467904195,0.34882308673539897,0.403391348538345,0.6537711436703776,-0.9148877942787136,0.29209721389754767,0.45268213089614673,-0.07495982989401577,-0.09467681120205614,-0.4975777674651984,-0.595046343092572,0.42731852108064383
TCGA-D1-A16J,-1.124718963682216,0.7838189815220579,-1.249161788163225,-1.2553132808308647,1.2284732353021108,1.8110819707368964,-0.3173229418600942,0.8487450594778253,0.8663025863736518,-0.21111354434843133,0.8347355572276839,-0.07353250080800762,0.4616098539052784,-0.44407093705734607,0.8089799994673507,0.7286012619041461,-0.28156328976424483,0.2913958304959208,0.4048327131358395,-0.6297645919947011,0.2994761196793032,-0.6696362662741587,0.08593040707186489,1.149219571608343,0.7621695437499904,1.0080614552565466,1.0929979409468826,2.02835969831026,0.30742505912575113,0.1960046764680317,-0.8477894642093798,-1.695186800635612,-0.39186731536107683,0.5862199408874821,1.1558699293461026,-1.5568548071586932,0.793125755621326,-0.978451947211135,-0.9825777327562112,-1.1073595181299996,-2.728990988615735,-0.05622393387156824,-0.35254444642890537,-0.807138026429131,0.6087381864697461,-1.9214142886917223,-0.7891748692587237,0.4747727091801482,-0.016975491828330483,0.33763665909671153
TCGA-AW-A1PO,0.03352937407260301,-1.5395433346682725,0.43509835428935323,-1.9497077989085687,-1.282183893422776,-0.1329739854166733,-1.7982600676280889,1.0821282211753818,1.2264563290720798,-2.6054304768261156,-1.8389422429130904,1.0479485208117276,1.3487361926638388,-1.2993776864010542,-0.4473584849867747,0.3547124922815695,-0.2928555040674981,1.277162459625997,-0.1833163762233196,0.1661546349628377,-0.012947016007053603,-0.40398492823994747,-0.9871811553009785,-1.137003458201874,-0.9887972560490742,1.277824930289898,0.5607831017989884,0.7121603738481391,-1.3066350005082081,0.8618439914258652,0.22045551898058627,0.21384674117309382,0.15457439164415276,-0.3108982827463715,-0.12514174641418876,-0.5771842462551919,-1.1415948936413078,-0.5042829691593562,-0.013506962593915607,1.1554713126449585,-0.038273422183672696,-1.1961220647635715,1.3767579554627631,-0.9573002604048676,-1.0897236251709312,0.292011829081352,-0.5778347352648948,0.7389665848519102,-0.5502845938807341,-0.35579621828825475
TCGA-B5-A1MS,-2.4301394536464644,-0.82602334604691,-0.8595127898502823,-0.4907335839887061,0.2856023685221908,-0.2980825877307453,-0.9992794946282857,-0.8652819875418535,-0.9853100848249065,0.48503290246627834,-0.6081624572569863,-0.3275488305350662,0.5373871722086047,-0.11552612592894893,-0.7906737764418772,-1.2782446367920866,-1.7576868758299629,0.6276494175265881,-1.0575759573363528,0.07308789803296213,0.21636186000603505,-1.170129391823839,-1.358743780587211,-0.7032997040401281,-0.8682452357141749,-0.6025251688919654,-0.7311482637112335,1.3233508733293369,-0.6362825016278888,0.8329497091263491,-1.1556859099947727,0.08880850343189137,0.0050913237446614515,0.004430102423627468,-0.06845979682968639,-1.485103829421,-0.7519246322991812,0.5938461428747362,-1.3188747362248476,-1.3688628095088473,0.4230297203817581,-1.9073425001817934,0.9631016860148781,0.2037520896828121,-0.8280386316565058,-0.8461559315037783,0.2204050083573811,-0.1771093948216912,0.20228237208471686,-1.3721687723838443
TCGA-EY-A1GU,0.1810481173597951,0.01467912070342735,1.3912253812233797,0.7320348369033256,0.21187805302875035,-0.10488938680600128,0.4718967076273358,0.3612134186706285,1.0044522196134942,0.8235033569055247,0.7449873564259474,-1.4847124752776568,-1.1224794287906426,-0.17728752787018295,0.8575459041178708,0.914503664539078,-0.061625395127526315,-0.8788148595258617,0.8473430520625479,0.45119706440905266,1.4249854064492,0.7386181188083031,0.4323300805757646,0.9146883839741187,1.2304221980270211,-0.05188518683915679,0.22216926120312763,-0.40342898149742396,1.1187504023783412,-0.251690783576293,-0.38528851831751004,-1.1624348873999115,-0.8419068489213947,-0.90984209176843,0.6525408372747908,-1.0407801428858001,1.4435421628904204,-0.626204227019043,0.07584092861679277,0.1860739034361478,1.4318852772984876,-0.2695897796324238,-2.519870725409733,0.48092874510175965,1.5902346654169819,0.3218310842323436,0.513274526287044,-0.10718457105414603,-0.28531455520469706,0.1549138462732799
TCGA-AJ-A3NH,-1.0477425368870115,-1.3050945845401893,-0.25489622705882137,-0.07941482166607863,0.47156762335446123,0.8373693536016827,-1.0263044287918022,0.4213905055866214,0.396278418647382,-0.52102059596929,-0.9697283197180019,-0.2697242274053013,0.6462298887019597,0.3981435048041301,-0.44140574770352636,-0.46460776399091414,-1.316917764329038,0.612153106826492,0.43449890421805737,0.2813821674264516,-1.3809716440364646,0.12928505740882204,-1.0379827468319052,-0.9117178202454024,-1.1689629974300177,0.06369890985119449,-0.499130745285705,1.7473785414982335,-0.11694321003363957,1.0116252610637204,0.26886569113864084,0.27724681092479114,2.545576766434595e-06,0.4012629825448887,-1.6470497014047325,-0.47638651991346953,-1.3074358942476298,1.2970712919065408,0.3937613565799426,-0.5569369990163124,0.6118756186341816,-0.9720244930099904,1.6985385409747813,0.39622663479193637,-0.9813616471124771,-0.05505643701538647,0.0017427824816237895,0.3275101156115084,0.26449467601504145,-1.0966325846538716
TCGA-B5-A0JN,-0.7992246387248093,-1.0625017465964994,-0.6427842051581971,-0.5629213388734233,-0.0568211601962591,0.345017190754724,-0.7221992483907745,-0.6339949317717122,-0.31873192080218826,-0.5748034528924609,-0.6987384209037953,0.7631028196058987,0.9081077177454391,-0.8557236041351837,-0.6875625878933429,-0.5206949298654974,-0.3898406917499899,0.8943794322791712,0.13565218024320538,-0.5038327521129226,-1.3896508607444453,-1.14736670054446,-1.1671938554641343,-1.2262615638262424,-1.0771423629464454,-0.15419189362678182,-0.5597526742932525,0.5508006660114995,-0.824983073278697,0.9479785708761291,0.33676175818034926,1.0387055910713938,1.1550094880790125,-0.5047416936692521,0.29647534677353543,0.31325771363661126,-1.6121935090322639,-0.9801716212155892,0.22522365879472137,-0.6221285496446676,0.1816659256805115,-0.5501344819229116,1.0959930682124162,-0.397143211202121,-1.2320039545190036,0.03523847650561041,-0.34884720187433743,-0.5761738496582489,-0.8921240065494495,-0.7818613861480604
TCGA-D1-A0ZN,0.8545537009139452,-0.05988938157667101,1.497922302847467,0.7595927712649404,1.0136617043903873,1.2347000417062888,0.27070119359768535,0.8144740545913212,0.0012652606911724915,0.3254545011549656,0.3896626341628704,-0.7406859733198993,-0.7356725515339393,0.745673154739478,0.590668594921288,0.5528260448068198,0.8982825236861995,-0.5733835300068462,0.25715533714022354,1.3301933797625431,0.8171786473439105,-0.5870471881894225,0.41252187785558925,-0.607679379761297,0.1636915832098462,-0.4631357037017863,-0.33759661339604763,0.8262690163424454,1.123281648552675,0.06369164543191348,-0.23916155486663704,-0.7218889321520269,-1.1679491332655578,-0.11765800719336307,1.7181746481618743,-0.5137898492101487,0.9499925784459893,0.07925623172789141,0.5199728030582326,-0.08655140379285749,1.1834296025361557,-0.46150301460122933,-0.2519278717659624,1.025601658825212,-0.41892797290238876,-0.5064075631668439,0.8614414285848556,-1.2366906503649602,2.0925949628983234,0.353591457324321
TCGA-AP-A0LS,-0.0892418162696849,0.07774414114930085,0.7797893127501699,-0.4265317725552853,-0.7179742061618942,-0.08281588447807338,0.7415022089807298,-1.2078556767878603,1.1069744858792179,-1.2568381578744312,-0.41248906144549324,0.8482754999904428,0.9875504075662667,0.25300405141932947,0.09196589025733991,0.02959837959579996,0.11364515698928479,1.0642855942248082,1.897227914577346,0.06396143032629523,-0.7043536334731622,1.5458358351175994,0.37995694744875946,-0.020447697121858573,-0.2006386575570737,-1.5788271464403656,-0.9468851122683295,-1.3687762613796954,-0.462695660218656,1.0611176371360311,1.666228230152598,0.9007838335477256,0.024180003771729065,-1.2254275833332338,0.48296037982426626,1.2748007434592525,0.531036622073764,-0.5757643935751141,-0.9263402633638398,1.0072973630952142,0.37413149510572324,-0.06109318700324058,-1.2112660583980999,0.6661379467105794,0.5499502606905282,0.6854119809330828,0.18578898737435365,-0.16010087916660878,-0.59748765330198,-0.32417447161291474
TCGA-A5-A0GV,-1.0594531550125712,-1.2032701490524322,0.37998316883812183,-0.9004555798361749,-0.7563645301987673,0.04156886711146906,-1.3852607064988929,-0.59682982445559,-1.2175949597047613,-1.0888313156468894,-1.475910272331125,-0.6582383492236856,-0.12565663500131907,-0.9494134835296067,-0.5466669889478888,-0.5365786556226126,-0.8001333192685245,0.004955848993908708,0.22186770042867954,-1.3856631759493843,-0.34614708051645243,-0.380442583442337,-1.0518670281983586,-1.1829538869096505,-1.0789829989279076,-1.1118470451901052,-1.2189421812604893,0.0848975577867736,-0.8464932624886558,0.16398000012688124,-0.3640049211648185,-1.171446595398431,-0.8899423240968424,-0.9861273392143396,0.36404721166351733,-0.792697109675829,-0.5686534409090096,-0.04917939574936037,0.0487095900344447,0.2229423220400015,-0.10537617615296341,-1.3054791248574995,0.16989130888438958,-0.7622542333017035,-1.0823815929811964,-0.7691935385208635,-0.29322372236265004,-1.5328192932320996,1.1801571638910384,-0.770102059601043
TCGA-D1-A1NU,-0.34000646249818134,0.028144652971489787,-0.540013759646053,-1.1552291590779948,-0.43547703442144997,-1.0478388469058593,-0.3016246760721597,-0.7545397510407249,0.8570419888692716,-0.6831817930329973,-0.35508164565134737,1.0927580551826683,1.3159881817175456,-0.8915090726851286,-0.16717753068265626,-0.2508996555702966,-1.0157221287072393,1.2690093091570862,-0.640824803984476,-1.510019214216628,0.08262741221897774,-0.9342992020372379,-0.28408421885638,0.36115977785590225,0.21865308269670616,1.5210839639975113,0.961698895352107,-0.32490947880509197,-0.7673143898237946,1.1922137756611348,0.5728181340143286,1.1734712113319046,1.3576990495086332,-0.0794282593530342,-0.9468825681417865,0.4999405761200908,-0.2792814745994071,-0.5340954537005305,-0.3905269634568482,0.283550171883482,0.11019287944624985,-0.5727357565962596,1.022848080679102,-0.9361518825885767,-0.18641136690535437,0.5173926713412295,-1.0932869095542248,0.9070102828428316,-0.6784934435041127,-1.4361817531269412
TCGA-PG-A7D5,-0.9989094762511648,-0.9220316354360686,-0.5536906587971324,-0.8872216404937953,0.4668169073465674,0.6052210268308742,-1.1482617852478787,0.5653348469940715,0.29716574371542287,-0.4478256626793937,-0.9191139919307818,1.0724061499488107,0.8393865392004657,0.1122714362830894,-0.5282838483807272,-0.4430738050689477,-0.9937639222784541,0.6455430954396959,-0.18985119124963545,-0.18507605379620967,-0.4055093610122515,-0.4007614767968775,-1.324914032035341,-1.1589971493135123,-1.0104832671098174,-0.3630193088296148,-0.5687480251912232,2.1800174468939906,-0.636262127619442,0.4160544452495579,-0.3476902032792588,0.7202002522770848,0.1850378803408158,0.008593586154959223,0.005773320055924267,0.07288399178200713,-0.42751322607160863,1.4225330762735284,0.5002333154688265,-0.04863353373789352,0.043508972898716775,-0.37191175945927746,1.816702430560038,-0.07913386892884204,-0.9886285355758617,0.3641175010482133,-0.3159105916265215,0.5532113397568398,-0.4480924036945844,-0.8742904086576295
TCGA-AP-A0LE,-0.9860766104174413,-0.5398988904154978,-2.0149988770297678,-0.6824164862821541,-0.28268806605467806,-0.2981287858058234,-0.7406132407458264,-0.848456370619608,-0.06320819988554041,-0.5467659781145431,-1.4528073364076544,1.6606766740758083,0.7475772899281903,-0.4086650964399676,-1.7339275010709216,-1.2489667714516275,-0.6091732489658728,0.45030087217186987,-0.3641701160879005,-1.8910924346906217,-1.8879217805851272,-1.1668129989627585,-0.9316937537635486,-0.9289965984176202,-0.9746960633914893,-1.301744827488008,-1.302140426286138,-1.657707669713039,-1.350895654506624,-0.21928332741899265,-0.6942623683791418,0.014719922174840158,0.8136896199576285,-0.3970375844797593,-0.5779510946181378,0.11231192085502506,-0.37296388106667405,-0.6023230067935619,-0.5807230259902052,-0.8437692970677875,-1.9135756445208758,-0.324423572514953,-0.5556003379037636,-0.9153815153125034,-0.852694741052345,-0.6477467943040714,-1.3547332567540582,-1.0405220220541143,1.0704692415483807,-0.8898921059054966
TCGA-B5-A11L,1.1244751762980119,1.1251700697645477,1.0324992425512876,1.2376611265165223,1.178353291597714,1.4944360952507143,2.299824546900947,-0.17181214568766687,1.5109320548050171,1.1614237603132984,1.6154187063543584,-0.8297100765180434,-0.7656806836772633,0.9904699118165814,1.8418254691257232,1.8658859763363163,-0.08961723568420722,-0.5746942495945545,1.2221067344865586,0.24628215498409678,0.7748746720136819,2.216251029539664,1.434869093901471,1.5072411703609678,2.075381848580361,0.2576274804847058,0.9109356849743637,0.3820429009441236,1.9879105707959206,-0.2813449016003534,0.9048789209104212,-0.6653617240433511,-0.7377089374260596,0.6536444954162955,1.420589953142151,0.026332005230466644,2.381409813883216,-1.3905819193531583,0.1307716299459315,1.4644872729757539,0.6979773331512876,0.6951926921985921,-1.4958759760176124,1.3412680680968045,2.398816998259555,0.2690836261079283,0.7254365470161926,0.8408189431001919,-0.45239022157409464,0.6862392233646809
TCGA-AP-A1E3,1.1167925659314648,-0.17770168562791003,1.2287593914533768,1.1499068033428597,0.9388666260351454,0.1258552297640341,0.8317357662424035,0.12000993805423815,0.6905742759135926,0.6197418342768297,-0.043460623651540665,-0.30166086520593294,-0.0948764038608944,1.8286834494419426,0.929420023600168,1.2070438924613713,0.5245767236092317,-0.026366265119936252,0.5414430502225702,1.360197409583798,-0.6605714504339939,1.3624617306198108,0.7273253448904126,0.14853221936203187,-0.16024179416438675,-0.6076885388384171,-0.40177104097426386,-0.013188477403913467,0.5784383680502255,0.14530041274042094,0.26152225093195713,0.07399745406101134,-0.23633937273556602,1.3062178496478412,1.3459312428958194,0.6942098878948202,0.6958572006508599,1.21220474018035,0.06062668446087643,1.205434938348792,0.30561201176691644,-0.2475772255060832,0.4231244717090156,1.1782226022501368,0.41058501393212365,0.5865651428531409,0.7546764959748051,0.5724941940669616,0.37743387923234445,0.8441130644359938
TCGA-BS-A0TE,1.076266559129444,0.40928959649773994,0.06672685269694584,-0.5193259150166252,-0.20262699611519439,-1.2132899485141997,0.2908196240413232,0.5469005386444993,2.4006464860172056,1.204469127041789,1.3845027284102678,1.0187662300416709,1.156229575743796,-0.449184387141201,0.689248229391254,1.4793710943657656,1.2470722346527288,1.0116743391071419,1.4149610354376305,-0.34150661527810017,0.12905145319018851,-0.44975122365582,0.39124169667252995,0.721130213236619,0.48106140448343276,0.6964765578268994,0.6024219611732848,-0.45754502189210033,0.6370494253422513,-0.14493814978147926,1.9853443846213477,1.575216096914466,1.6811145617567378,-0.911117162414206,0.8243897377214771,1.829991636283274,1.0148706394356999,3.3510516746157,1.594511695581457,-0.1627471394484809,0.4536655938589631,1.7246568395374269,0.14466666277701526,-0.9868221429635414,0.3999899463113406,1.5960104775014055,-1.0862524062129408,1.7715195544544269,-1.1620472379331863,2.865371561485533
TCGA-FI-A2F9,-1.646556401063329,-2.078480276234547,-0.8333066281165594,-0.31135253243730326,0.8004446639415398,-0.04007997787893952,-1.223073533783188,-2.1296080175072123,-1.7830809031383632,-0.5139420509113214,-1.3373459644485663,-0.06995422939039084,0.2007072207999992,0.9350479428081379,-1.453923233144172,-2.1486960748017054,-2.510687668019473,0.068612559999767,0.09544568821491885,0.979496298834376,-0.9790085995942255,1.3965446010204443,-1.7050741780095495,-1.583334960655783,-1.7862922756236772,-2.8853948183807687,-2.701600791767362,1.1509128251613543,-1.0917942590750467,1.2688647222328022,-1.2596199755324922,-0.4723867978439664,0.054710552464050384,1.3671803221425902,0.4138049886245714,-1.692571253635152,-1.2956541590619235,0.7363019242274296,-2.1992841510570567,-0.4219540691999375,-0.4947805448584943,-1.88557404332447,0.4910443094230939,0.4763872145748942,-0.6400449389499805,-0.8380994211278208,0.9067042889448855,0.21572614408142135,-0.051563991967130865,-1.7479202907022464
TCGA-D1-A1NY,0.0884334265753014,0.15639709379976816,-0.09954726019960974,1.2723198843488983,1.0143407251924508,0.6325246723347201,1.0486623184649817,-0.4342000604054875,0.5762627598078685,0.8572631391275595,0.27184538091753985,-0.028123572998800944,0.5222125083071725,1.143929841914241,1.025376489109271,1.3738799672337978,-0.4654386655329361,0.7133051346287197,0.8299582659662726,0.26847734961352754,0.10264158940191268,0.9473880436491274,0.3787478653080351,0.3033613733920083,0.4231520538296179,1.1325708986312015,1.0679223666210258,-0.007806959342920881,0.39459244386703574,0.9108023396450686,0.3216454009589691,0.17498699705327656,0.16564102945227172,-0.009670330066136953,-0.0821932498410995,-0.36192104238691225,0.5188218548936571,-0.8578506215672416,-0.24846050476711135,0.4663599467625458,0.33783495382295087,0.44944204866148474,-0.3999073576042769,1.4277795526911776,0.5009527756502524,0.47602593301116697,0.596342388349137,0.15138273843923314,0.13905414837729457,0.22821331575073114
TCGA-D1-A16S,-1.5614530032337928,-1.1277328794232562,-2.54252460192361,-0.7296563526011559,1.1528194829410667,1.1570618615052328,-1.1896138447207887,-1.1167754371846732,-1.0657828905614637,0.7092384610056438,-0.8568901728867019,0.3890901565538922,-0.20191847526720963,-0.1535147769742548,-0.8637317993488252,-0.41923243853966646,-1.4343768633911635,-0.325811351349877,-0.8706869043166843,0.07750373301264019,-1.663191778574477,-1.3883570402240122,-1.8804637307934071,-1.401034849360639,-1.6902737383600237,0.3176647605249469,-0.390795289906458,2.4054583533131426,-1.1516283812890438,-0.22611157275827803,-1.6316465323839895,-1.1923497908534624,0.20964984592299687,1.5525662231558437,0.48723966883839115,-0.2594371042559771,-0.19501276738165896,0.050476048064201876,-1.4468719881442536,-1.8881248280570238,-1.9534426193825962,-1.4260715509086825,1.4683747029260896,-0.5386674195152391,-1.7991441506824024,-1.5823343721735081,-1.2861254432404008,-0.33757095100658147,-0.31878007939075464,-0.06628874632943008
TCGA-A5-A0R9,0.45455448385654,0.29317826741046255,0.6436707711748869,0.9387370071974199,-0.15619473551975677,-0.06857935929048653,-0.05912301850157786,-0.6438726699285947,-0.1290976708044903,-0.025230510143889016,-0.1295932977923617,0.4952488660606502,-0.7162919496803928,0.818136031094481,0.15364045080227426,-0.2677961335452916,0.4399789027652767,-0.8226245979181572,-0.16008519352884368,0.6796425005922468,-1.0032829299855983,-0.22540054589906564,0.49369084684931136,0.12012166640059473,-0.05995966642342717,-0.04058391262203773,0.002025874971318729,-1.2848419514587792,-0.011108039699635459,-1.2585449047494235,-0.2718855412486921,0.03589490645638778,0.04171555043996873,0.04876500791574172,-0.21511072939275197,0.777924672330428,-0.606402690236857,-0.7989436277380273,0.918311386879916,0.026830890412604492,-0.22950949046063995,0.6688743681110468,-1.2428669906642835,0.3022050913526705,-0.6238568946258092,0.4311406159376416,0.11615268666381016,-0.7835214065302487,1.1187923489525813,0.31528602165265474
TCGA-BG-A2L7,-1.2864420501905645,0.8395658675253999,0.981925305111046,-0.2924191897406073,-0.1905858962714389,-1.0062025180667276,0.5299876716484756,-0.603973364882582,-1.1917350154035447,-0.8087071753467988,0.15110827509482802,-0.7065513083694777,-0.652926567530189,0.37395194132266807,0.08319130803823913,-0.9706984854521196,-1.0419784466789603,-0.4866187753568307,-0.39275250950023666,1.5298233357368214,0.005038875387050303,-0.37089925941125024,0.6579669875735705,0.6675864245413772,0.4286601329003314,1.2941613785854884,1.3654071934705236,-0.7427995587298302,0.33919926546843304,0.18410910451903623,-0.6115629510730928,-0.7586089088485712,-1.3303839548126897,-0.5550550744251195,-0.05246098774823447,-0.8044209282014703,-0.6556516287993764,1.0769178795135264,-0.9716556189115033,-0.3530246441440557,0.6381477441029169,-0.43282376237725645,-1.673692968860731,1.4654759212492816,-0.07740963005922528,-0.2783098240297235,0.8873768569636991,-0.870196640421353,0.8555044505452348,-0.6429011873853036
TCGA-A5-A0GB,1.6625153321380062,-0.25790196184733577,1.1872215841098073,-0.7496798242398864,-1.0446048479784016,-1.5365857274616335,-0.4168868882402332,-0.7267440520801046,1.4627367268135592,-1.7290181343864623,-1.1593187822756656,1.131786302398109,1.3910566942165181,-0.8974718111997443,0.436342356154195,0.7472157026467529,1.4396749299512062,1.4978014359124077,1.6963706269427878,0.34385493624143587,0.31352693754411115,0.6201407388306767,-0.37483207292744786,-0.38082160053583625,-0.6025964293700956,-1.5175811652938758,-1.3504076954733415,-0.40564836693615947,-0.9985595689900884,1.368851840367221,2.0230287981672115,1.7302217389266181,1.4741619344994454,-0.7906671608082889,-1.0112183222993414,1.9038638571362925,-0.9347127201041191,-0.25516457499704875,1.1230951213594764,1.235265023207608,0.7275038598696413,0.5262664850226496,1.0751576193462924,-0.4777539793120289,-0.7478019463313383,1.9371213202162345,-0.438805553225195,1.0249924228523735,-0.314062385742726,-0.17200754278996325
TCGA-BG-A222,0.5076096948585715,0.1520899290436229,0.6360445830192216,-0.2715910219524974,1.0313336358601084,0.0026229957472700496,0.08069015987703267,-0.05636154155249643,0.5382704134878502,-0.86909578604868,0.06924034521179664,-0.2971513218228346,0.20288023155044052,-0.5332706544007098,0.15656433613162676,0.1603192333064264,-1.0848503026411027,0.41419326699226505,0.4151959985992152,-0.8454603926792504,1.337488931938693,1.0098394925849026,0.26429351213982344,0.5163437309174198,0.6820572156818167,0.8307040828926388,0.8287197028209062,0.19271350048143082,-0.14731593787782218,0.8357077497561906,0.8399215900452497,-0.2113177906892253,-0.3947812035636768,-0.44315655236510904,-1.415978441888455,-0.672016517423971,0.8230184328760078,-0.019380292119882632,-0.45516260200405273,1.3228957248931161,1.192197557800537,0.2614239644869094,0.3488293294916894,0.7592690886145907,0.4629241718139252,0.9933453029887923,-0.039974032654054366,0.22848881233055113,-0.4189039402173693,0.2516900931674666
TCGA-DF-A2KZ,0.9452691134441791,0.6379352432682268,0.35240406624210346,1.3719408089784437,0.8943411462855411,0.30519040433643607,1.5157869891447742,-0.3640919886114326,1.8239808353220344,1.8016625198060987,0.9857317043176562,0.029655563403251192,-1.0894813079123968,1.2984014278712304,-0.12691119677494372,-0.07379757647510962,0.626214319377516,-1.1857099094864427,1.0978758451141817,-0.07999307280541262,0.3376642023127723,1.227658766187539,0.6560371965468759,0.9787419423680773,1.514924591716047,0.9466402474960657,1.1394259289408037,-0.9872927403106746,1.102112561632707,-1.6771168490336754,0.8731339719454657,-0.328301726236201,-0.154472331619106,0.5716809061208572,-0.018212140272150852,0.7816626330360813,1.8230139970564656,-0.42926739477655657,0.23598973982114807,0.0054198335775629625,0.10735079638839909,1.4498876384952564,-2.2937680692445475,1.4971883215243105,1.2948166849952734,0.8223571946533925,-0.023570318534873957,0.13484095009246683,0.12180764313325403,1.1270476023145894
TCGA-BK-A0CC,-1.545183709947081,-0.6204045158019713,0.9650481743731971,0.7977000053044283,0.5947431484513922,2.1929297406411368,0.3991209636876331,-1.0802321394144756,1.024255119341749,0.8607099054481943,0.7341463386271941,-1.6459615434360033,0.6095397951859287,1.0809663615403484,-0.4275332968761963,-0.5753470832733152,-2.0681087646032736,0.9169778754356992,-0.44106556809112707,0.9264557536897641,-0.5579674853719867,1.4682350595632234,0.3109378004164877,0.2480463039573234,1.1174729749890082,-1.7049131719707002,-1.130678886511046,0.19647253793183714,0.7924921621922081,2.558010482005211,0.4345647407156213,-0.3498005255868003,0.13850674222259662,0.003255543406190154,-0.04353224483792297,-2.310810672441688,-0.2198993848079212,0.1856466509275156,-2.626063948020732,1.8596072414922844,0.7268580072607186,-2.3171931575606033,1.2714551056948138,1.5067333844596347,2.431260185822459,0.5409822010560459,1.4099148131113428,0.01845001180109471,-1.284387015026476,-1.4737169005202126
TCGA-A5-A0GH,-0.8788792577717274,-1.0665537676276458,-0.6568122333918011,-0.9351255873645165,0.818952745676092,0.6258078489958663,-0.35157939871277816,-0.40030821444145936,1.0631344979176247,0.47332175474877336,-1.1314441187704205,1.0011663917398248,1.3950318759477573,-0.3949009207283857,-0.5593678746327212,-0.17581549964426316,-0.7097851015938955,1.569477994538631,1.0065756693249448,-0.35394306492114674,-0.26039969549742487,1.0934508960326483,-0.4659324683518083,-1.1657842203939774,-1.0577534917544262,-1.6769218735199392,-1.7480020414988244,1.0123404255126123,-0.33815421955575403,1.8398706384975008,0.3584408888841156,1.123856758132618,0.7032838240422646,-0.007515208045852274,0.6900142624059004,-0.08013636045486958,0.37472808353326625,1.865984830680373,0.09025391019331813,0.6326121080550413,-0.2416584265334618,-1.1318772630910032,0.5512077057165862,0.9398925626900527,-0.15102667347481635,0.40378672658894,-0.03439588534570605,0.40384591492167216,-0.28542539463124006,-0.4377810836945354
TCGA-JU-AAVI,-0.5951302802539763,1.7006075253016069,-0.5878610896001655,-0.20052521223495778,0.4418009218584884,0.6872093798876423,1.730758757000502,-1.3715049469335991,0.11980449232434291,0.5010185988034473,1.4529287645362527,1.2665248973905938,0.33548243014682266,0.37494829389525547,-0.04350084279669144,-0.16872079971535547,-0.748231702563462,0.2832641923100161,0.0730420849046205,-0.9812829121989464,-1.0366330323497062,0.5117286014641559,1.5251968950776675,1.2524546501193232,0.9729675164684023,1.263593509598307,1.5904614696392694,-0.6137217746230297,0.783862629694927,-0.17306502956694994,0.18896963858823684,0.865837331870755,1.380541909802754,-0.17422844383921585,-0.0892297990153556,1.068199644498775,1.3503121597696102,0.421447756968717,-0.9888381043443983,0.6267565246036081,-0.5767193497332234,1.3485230866223095,-0.7703839500637292,0.5266833815068417,1.573523443227813,0.7158465594742276,-0.25995196495012435,1.65122871598505,-1.112203087567404,-0.7272247020315399
TCGA-AX-A1CA,-0.7482038480920988,0.1475214976450079,-2.029030645584444,-0.8058141597580185,0.25281136163417506,1.472164464048887,-1.3622508659011494,0.5209452743066308,-1.3314768268748378,1.8970370624792894,0.4189618624240769,0.9496641782974118,-0.16002824038555677,-0.48339336501891594,-0.9822428945411816,-0.1946420089059886,-0.8798390715401276,-0.2742075461583129,-1.0042848986097372,-0.2128147803410213,-0.3811167669550649,-1.1829447401849285,-0.5283185517021768,0.15224193139807632,-1.0570218768515307,0.5765688597415031,0.005470928225530426,2.3955751962940295,-0.5242463865676212,-0.41059636646647835,-1.6575325317461695,-0.8063266097162162,0.6951344251795436,1.2515191866606046,-0.9897197428066495,-0.23660637360082268,-0.4712346895780662,0.24942311297013695,-0.7413461584662282,-1.687129327044539,-1.6806423308260414,-0.9417337511381566,0.18660953807594916,-1.1823177857556377,-0.9132957114475309,-1.4054397331494282,-1.6142654237244696,1.092565275996642,-0.6073708043037506,0.7995613367033503
TCGA-D1-A179,-0.4260678320574226,-1.0972208488264443,-1.551937945852215,-0.48654258516637877,-0.27789554056603666,0.8416918819973617,-2.174431245355285,-0.12485261342199173,-0.9703483875887073,-0.27562830528255133,-1.2407887083920284,0.22455978566611284,0.6362447883363482,-0.6684599828669153,-0.7582651783252472,-1.0456027954623013,-0.8195008603624374,0.6478463994640828,-0.30554573785047,-0.5972541174728705,1.357019763561925,-0.7242741520103169,-0.9277604203545214,-0.46450582079496694,-1.3245723866091785,-1.2093915349940745,-1.0971506310841128,-0.10079955371683319,-1.5282032653947528,1.1122215027029057,-0.14716264934679948,0.03490200251343493,0.6460557464165639,-0.35114742015827877,1.5754298555396866,-0.0914962149084562,-0.8919227613206697,-1.5503513166070766,-1.7384987092981417,0.01916571992293635,-0.29406628557363373,-0.46338591162309384,-1.0505011320914424,-0.4629073190929743,-0.8270519910942216,-0.7048301405000011,-0.7098070422192637,0.07499486658949332,-0.268595173335151,-1.3370988807211521
TCGA-AX-A064,0.2232085915633647,-0.6060247269733678,-0.424777334473574,0.1109491717829175,-0.03405860019810597,0.7428488904876086,-0.4611344590437503,0.004828340013289894,-0.27297552198141034,0.22516156627786407,0.12942685604184045,0.09104046478930032,0.25725794741012037,0.15920054176186185,0.0881097598793486,0.2941621872994033,0.5019598427675832,0.3707881686169087,0.022940502376703868,-1.682811895967848,-1.3419983670385323,-0.34900392814532233,-0.8749170605694097,-0.10796013528052213,0.07389434190129038,-0.5046308224614299,-0.8134800371154159,-1.0568590033481422,0.22906323775980253,0.1568918291100837,0.03601464473280753,0.09857965128962015,0.38244882728767887,-0.7129229207267833,0.018964485459079288,0.09772819154321642,-0.16082835273461346,-0.24291574180795245,0.1604220313407316,-0.03284338856258291,-0.06515409583684353,-0.24952411142764472,-0.07124302376856181,-0.1575788802046073,-0.10693519460070774,-0.09821634978383156,-0.15297613236305174,-0.9734378142496848,-0.47002177281049945,0.5001322345973571
TCGA-EO-A1Y5,-0.23994230902439348,1.1501384553204315,-0.3410798407152092,-0.29436362158693746,0.8227500230951043,1.2776980784092755,-0.2801884023099944,-0.21356636175847274,1.203862486650048,0.4971610953171164,0.6729940393740264,0.863433592133284,1.427670587128098,-0.4149302050439419,-0.29276236030245567,0.007287983364724895,-0.07156807308602214,1.4935279313289502,-0.19507837318491658,-0.13738611290227318,0.2891363674603922,0.2529627132075906,0.5445110276816805,1.0069336326373253,0.8265336183107763,1.5722999754978109,1.4294394789139646,2.20786984833773,0.28791032357759744,0.8145365227672614,0.8050604266694096,1.2486218400412354,0.7190310028735202,0.8656598929653317,-1.259045142198303,1.3014020919698028,0.1638242572564166,-0.5731353327928012,0.36026614569269605,-0.2897521105996521,-0.4802816453884622,-0.034500556405887645,0.6851931068973638,-0.5198067420367802,0.2052616899924328,0.6425482009917085,-1.1947310515020713,0.9848112123510229,-0.9613819950061712,-0.6328512828829586
TCGA-BG-A0LW,-0.07554440958960604,-0.5106260058353057,1.4210945840029625,0.25477426897930383,0.0633277551602474,-1.1008023807017608,-0.4392477624279937,-0.05205048491120999,-0.23184758922179863,-0.41806611453908005,0.051365976318201986,-0.9426242702553712,-1.7288820120560195,-0.0400762571472829,0.5324318453837226,-0.046879569641868124,1.0167190842883713,-1.696520960446563,-0.008601462943243909,0.31803145133642163,1.007804693483567,-0.9260192554303884,0.1527412958641138,-0.16823799768144768,-0.44129735842793155,-0.46495215457447486,-0.33749233322643,-0.9486645352932571,0.4449222280000971,-1.3814412298826444,-0.4003924453258019,-0.9085464503233774,-1.3151902074180108,-0.8363566215002438,0.4222424397879705,-0.2582109345354794,0.44561650489109517,-0.2010350920263849,1.5059765214998886,0.35331369102250704,0.5927071692737812,-0.3974184506922653,-0.528711066192278,0.09229994128702972,-0.8750442543364084,-0.38156012679703855,-0.05571271237458912,-0.937281676870651,2.034692553670262,1.0832191475465058
TCGA-AJ-A3QS,-0.6783377037615647,1.2321518278541972,-0.24510651350615792,-0.7664253443440633,-0.25669683478841937,-0.26717066709007176,-0.29716012025164545,0.041652990787385505,1.1713396232558955,0.16610500817099433,0.9869281927618294,0.2985662078126301,0.908874755959763,-0.842099564148323,-0.9177910571338623,-0.45451602884836084,0.0361399277633245,0.9396526951406232,-0.8048328334705055,-0.5533952394340161,0.6359789073656689,-1.2984334088617737,0.4863978611151254,0.8166837222824045,1.1381110492220867,1.5233744612839808,1.4683792690415292,0.1224433334771207,0.627728781960145,1.0559654787258164,0.7093791115987267,0.9048262363704681,0.5862721499976427,-0.7126226862131777,-0.9057520315837185,-0.19421980142376297,-1.5118180429599521,-0.25769509050458816,0.1699478122246204,-0.011682677127618305,1.0451893594164345,-0.9310248578529512,0.7522662086178639,-0.5934512863893644,-0.17731654098993307,0.2740682206385862,-0.025639877052485917,-0.6762155338700375,-1.1639201295657604,-0.4397945914681338
TCGA-AJ-A8CT,-0.5358713738996447,1.1753383675087559,-0.11242196427339615,0.21606512240441317,-0.4093159109101108,0.15323381672946107,-0.10527545793144635,2.1803573242576557,-1.6493889846038552,0.4585278617265989,0.8091087943028767,-1.5840366908403853,-2.0825309995109462,-0.3321531541741213,0.8644397158935154,-0.17884722862110272,-0.688455867178359,-2.169786427044972,-1.5434766604023138,0.16032995236576403,0.33991361326438185,-1.4682630852049163,0.4290668709692452,0.7887197894946812,0.23147566313073986,1.3080168914038908,1.1622165132044906,-0.4052442278155921,0.5805478367237296,-1.7824749969020115,-1.9892305421881558,-2.3942146513426548,-2.806175429636501,0.2083421455453845,-0.22969819488718088,-1.4299550062671984,-0.3739950008300862,-0.36988535823779395,0.4190978163323259,-0.5781028612321348,-0.7559174218527555,-0.1636965162839219,0.695731768037436,-0.4116884007166859,-0.7847571312978546,-2.139865037494723,0.22356630785111156,-1.8274438383879312,-0.6597179728909329,0.867340480940827
TCGA-EO-A22S,0.2399834334317455,-0.8650961534290097,0.3169606527384682,-0.6338883293316514,-0.3177796194019571,-0.5337224500408888,-0.3034526323522773,-0.8997016518916587,1.5834615695831455,-1.4577029082595672,-1.5190482355959423,1.274896389934165,1.6706070427994668,-0.2589176851374209,-0.313373022690554,-0.20404206766613453,0.2869309752199063,1.7510468575235143,1.5817707336629796,-0.7487170424907287,0.40119718933785814,0.45822478132140726,-0.7927358314758232,-0.9639557737502576,-0.7980281965398428,-1.7816787330028387,-1.4947992682407367,-0.006313188635027142,-1.3463511886457529,1.6111874874411758,1.9526347169305167,1.7395123495221267,1.5152442414484626,-0.7856541023300185,-0.35800192181528534,-0.04779754283408316,0.060497078253101313,0.08648888646763919,-0.006312614601758465,1.0110631164757093,0.2385291229118208,-0.13896594921097752,0.7548376008059903,-0.8148825730979613,-0.33074775535762674,1.7477643343746594,-0.5972628661433483,0.5662511777889919,0.47309341756412393,-0.4367183710739899
TCGA-AJ-A3IA,0.1520502160477662,0.6575719954321586,-0.05313197187137145,1.1832125914153844,1.3597327156142602,1.078176956803525,0.6161543775556688,0.6196065964938048,-0.09009544406194304,1.6062911623930534,0.8395103824952991,0.04232371292007965,0.6105581765669407,1.2822203126986509,-0.9383013110552608,-0.21617887127125143,-0.41492437584675,0.6432680324746323,-0.7798617016846618,0.10765981364335973,0.0037736440341354857,-0.910406632733728,0.3140704726137413,0.9880443660283464,0.5499883806074912,0.7948669615041477,0.7626120813748134,-0.010645358543999024,0.6867157387924043,1.3480043383599887,-0.22553361704480482,0.18241963610563922,0.2863561384891196,0.4310010305854171,0.6868949989868314,-0.49450779872158324,-0.5264944088149129,0.2569007385412489,-0.5205976425648436,-0.23670323783159838,0.11423904960025548,0.22185989751928242,0.2572798290549962,1.1356909579574472,0.08828876330257253,0.2958806335076342,0.6434327370057787,-0.3980154130104668,0.08299535247422847,0.3696363794793094
TCGA-D1-A17D,0.05943960915779626,-0.13766374170594348,-0.8325668523280206,-0.18016281646689558,-0.0789796742186898,0.7203163074216816,-0.8752737243658208,0.4919159823954036,0.18582302327040306,-0.2839393015070442,0.2505332083600886,0.03022055536531668,-0.7991707225596075,-0.2984715792500521,0.3756897519886466,0.18318182350375156,0.9650521605970619,-0.8474595708265344,0.7122521205021588,0.13499444657062115,0.06537837832321632,-0.2534972238784623,-0.660712288275674,0.08624772131520352,0.27640400185440517,-0.11622218833209189,-0.20415388520629157,-0.5850080695853076,-0.6169490143046775,-0.940468170446543,-0.5609022145167385,-1.1467716047101364,0.26884279628769436,-0.00866562780311983,0.21499635483099178,-0.2737099456056221,0.09455980061247579,-0.23287577082342414,1.1854980772310095,-1.4797248783812667,-1.735268414616805,0.5591102664784546,-0.7467335661727278,-0.6823499852049989,-0.04607702329130934,-0.3709655687224469,-0.8011283040563093,-0.10939003753918018,0.14595187059221826,1.3053230539678833
TCGA-D1-A16Q,-0.8504550402043285,0.33217718467652757,-1.3456015686933702,1.4837051831535666,0.3919437960248958,0.23555413436715622,-0.2868886907799301,-0.5648219277419573,-1.519226356516297,0.7677485164269211,0.10828544792190826,0.22230629246238043,-0.6521279021753045,0.6568021834341785,-0.7520862697794563,-0.2848584145200271,-0.5580869012897252,-0.8644622126921458,-0.7035752234042894,0.26387046529678904,-0.7649049905609053,-0.7769286035659552,0.35474729839365865,0.18948199891942966,-0.2750794125696735,-0.3845153434841737,-0.31823370588170125,0.16102313247015282,0.4151476631983225,-0.8797874217451361,-1.488664403944201,-1.0862881186024897,-0.21683553245348233,0.10526919556930052,0.3041299250319925,-0.45808688241488366,-0.05381523800250035,-0.712179228855473,-0.11733407475816901,-0.9017700401263713,-1.87172147123695,0.16576552305875647,-0.6893854236017367,0.06776955658443164,-0.5709899869059636,-1.1075994521244357,-0.23946318985615836,-1.3815779158984545,1.9173104793360296,0.49965839350424807
TCGA-D1-A16V,1.2852653405963645,0.5797496178420081,1.374360944549447,-0.039962877238565314,-0.5399196894050442,0.4534235666479865,-0.4202950547529929,1.3871217274410224,0.8759206248695226,-0.19041101371616947,0.747739579132387,0.13030064678737321,0.3834456129906009,-0.3493358994340696,1.4904755507343004,1.8160263669574028,1.2532093919196172,0.27936716133646583,1.2770574434755415,0.6306023328132184,0.9843441997527816,0.5472589603634594,0.06917659418672109,0.31631790355064215,0.3097509624294871,0.6903590252481371,0.7951591240018985,0.1362282776919304,0.07383599889738898,0.49960051006124706,1.1174604488442825,0.32385951462198487,0.2450202328765662,-0.49123954445612883,-1.047072994502942,0.42981028672638755,-0.7165012938341234,0.26824665279020893,2.127945008046211,0.7573866688483257,0.2600339292637637,0.9369660258804752,-0.10513660071341663,-0.966140835891453,-0.3555391906021973,0.34218120895036863,0.12733474239799558,0.7673554019285069,-0.4462746126678682,0.7220771506185488
TCGA-AX-A3FT,-0.4067216457508585,2.2838375133324806,-0.7203733667792803,0.7809172904913543,0.8236571878490443,1.3106882663197725,1.6503276917616132,-1.2287417296887773,0.330939164591915,1.0349733837407389,1.5004985141833505,0.8200154513875311,0.6438135334795153,0.575887083223315,-1.2408025649600496,0.10638335672426397,-0.6450316909772899,0.46051098575260374,-0.0408121441025693,-1.0521904262734987,-0.36196094102689663,0.31540354116325436,1.5363987307148934,1.7205886519963844,1.1816592524962217,0.6155154010579936,1.1521448316143077,-0.8429389596459691,1.4211583574727182,0.2965271836400962,0.18908785516347842,0.6666053276158089,0.3243591745808625,-0.8165619894087577,-0.09781713332497456,0.2136597332145748,1.4075354891023097,0.40133617318103987,-0.30748261108239316,0.6699765227050395,-0.036520294698353516,0.48240614031098966,-1.1496047077741762,0.9503061395597056,1.2736667044693142,-0.4930993079106693,0.33874250144178725,0.6198728200206044,-0.29981949149869036,-0.7017478794895755
TCGA-D1-A169,0.5856546639339892,0.5944436413492442,-0.1005609627880613,0.1392761091872092,0.9647295424270731,0.8937566045728881,-0.31728886111233684,1.496532923733636,0.887224486213315,0.7264602693447537,0.7158072972958915,-0.3685815615059013,-0.9656582428386229,0.7558361716616739,2.435071212323433,2.1485427069506926,0.8317222751443551,-0.8992320580956198,0.8782540152304059,1.5184859141494398,-0.1732903487825419,1.2814742878860386,0.2934808557088545,0.6256831819593032,1.1713660926277116,0.3262466157939805,0.6166997232197061,0.8946900247297492,0.06790548452982836,-1.0007839064589068,-0.3184879080959558,-1.7728992529856349,0.17208443956970548,1.4376737619548408,1.8601727436886104,-0.6768443354382895,0.42723791586668114,1.079771194993002,0.7525279747965048,-0.7403316655450415,-2.268228734585992,0.8153842566565472,-0.19434942015688414,-0.6946742799756181,0.552457990697015,-0.39189568325834545,-0.0853303710987812,0.9527747613551475,0.1370467767611811,1.3551530135329095
TCGA-AP-A0L8,-1.5398662402953165,-1.4180862864852375,-1.0461966204885085,-1.218577260155675,-0.5549481925180075,-1.9774800645844401,-1.1559530629520898,-0.8186840868506395,-0.7711977327345476,-1.0431624548009035,-2.0364577539265487,0.9159509018904414,1.3320857252420932,0.21472779226534616,-1.1630811572619053,-1.6485282750231247,-2.728446173769413,1.09088323744969,-0.24452013636959535,-0.6910098362017462,-1.3229844059118094,-1.1591088408241257,-1.3602591741471075,-1.5226470251732698,-1.7243819519818304,-2.000346727364156,-2.1285655369980416,-0.795895539790429,-1.535737430153914,0.9438040642106599,-0.3819980575513921,0.6850458866323192,0.49385338171007015,-0.3235499102207848,0.3096074153662072,-0.6238983845025899,-1.5743252970657362,-0.7126569168036953,-1.38173464072368,-0.3613549409341228,-0.5342753160000098,-1.2433799141714164,0.6919830871328059,0.8235710244041364,-1.2347447933752063,0.1517317608219913,-0.4363855263401613,0.10997281256111154,-0.011630731583776458,-1.6914302038374598
TCGA-AX-A3FS,-1.016056861972894,-0.0527408277496942,0.38891173002573465,1.0787732648395054,0.9479748377491866,-1.0303495175466038,-0.9246431000857191,-2.146160054628294,-0.8858248768293585,-1.25370941098726,-1.1229416068745883,1.219362545599476,1.6803985846348781,0.7717428853996322,-2.8313594631565335,-2.5289515976069423,-0.9978215395966916,1.8734562428167156,-1.2827488413081014,-0.6962550122025748,-1.3370481237369278,-1.4483073641899802,-1.3426906669583833,-0.3156047950990637,-0.7446172576355549,0.48923515200820594,0.29873818164746213,-0.08486150989896059,-1.1095289983720085,1.4365406065017097,0.6718283610426635,1.9542467027767043,1.8020646048137443,-0.4576226064295546,-0.501278234985406,0.32351726946948234,0.10538910717813403,0.34422538853744833,-2.0338418101015208,1.1792508360215137,0.24971589136488312,-1.0367422485159332,0.06275170291691966,0.08584721893725153,-0.9970378044091056,1.6575651546713646,0.2077080332166701,-0.4073096604148806,-0.1874965019760582,-1.5243569628900138
TCGA-EY-A72D,-0.6499811913225352,-0.9773905854599809,0.05097960468034048,0.38356915009062026,-0.6154822633527568,-0.9719539699562036,-0.24456301701815547,-1.028111308807868,1.4066423808448532,-1.4362312297157294,-1.2870699254705749,0.02481339135672117,0.6748708923791565,-0.24887150203231748,-0.5874260881358274,-0.6942355497078,-0.5171465746485716,0.7040125881453512,0.40201391349409843,1.0302568538986003,-0.2498236584542129,-0.06683915604770224,-0.12385054819100343,-0.5306352862027051,-0.4167470448740156,-1.308796225963262,-1.036585291388197,-0.6456730339437852,-0.13281500322066947,0.32164104136731336,1.119257189091308,0.8900371541973218,0.6835341759384077,-0.5325522351734486,0.9986613600519594,-0.050360157037208364,-0.7877447853205991,-1.1148229274947536,-0.6181299037911505,-0.19390475713020705,0.5781829169494795,-0.36910455246315266,-0.4436731275802377,0.656993188086027,0.15563966738885035,0.9783114062260783,-0.1344196311915872,-0.025104361184311072,0.12495268216940948,-0.5882984452217825
TCGA-EY-A1GE,0.8698162513900012,0.19357825702132458,1.9699095715818962,-0.09666203868002533,-0.21312382201965596,-0.26442680807799307,0.20845063016130225,2.414636459554537,-0.05234665112510219,0.0410397211156757,0.501897043349247,-2.1290442917915855,-2.3106569865007116,-0.09555664438313749,1.0642495496468354,0.6926810600172908,0.23642416141277248,-2.2231406353226366,-0.3707030565083824,-0.13509787291523045,2.047544985972784,0.969054903773614,0.609584828517507,0.21056044011311956,0.6366282385110358,-0.7004976705598949,-0.3248971008211159,0.779867907270644,0.3864951090164021,-1.3668069575006594,-1.209531078776048,-2.3073569141082406,-2.1289517839916394,-0.14115744124667312,0.9005189191240556,-0.8960906213586165,-0.14024040752601621,-0.7081627802807938,1.0583339404090812,-0.1499438420634148,1.10983788052472,-0.5608026950027885,0.5784650783913869,0.35095077555892124,0.8845317156253223,-0.575897046683403,0.9589544061212775,-1.0938210521373537,0.014490840345863084,1.2735000002254404
TCGA-BG-A0LX,0.6770119997647053,0.3974544567846128,0.14497563783305673,0.3111780186662214,0.9433060002759914,0.3455353412006477,0.9096773356716055,0.20249777766015326,-0.24617808118265191,0.49416177804159633,-0.09330930793955987,-0.14315309542384053,0.24894809466646983,1.1748095790739557,0.17898310870853987,-0.03614212551561602,0.7818386875562989,0.40493379205085106,1.1250274201018968,0.22628073381641206,-0.8431718691746333,1.0014552974548243,0.10777081478925794,0.20081419678877,0.10467076264258855,-0.8632266316430629,-0.5223453149830296,-0.21220283728265965,0.2529932007249149,1.2218268816702738,0.46722538508367584,0.22217029652758044,-0.36169616452632863,0.6825339079745028,0.16965458042998946,0.7737388107976684,-0.09285332176113155,-0.32835621844743323,0.11130924186322798,0.6499717998159991,0.29821736489411754,0.18599743273487007,-0.20465395467424277,1.1336719310894214,-0.5537419931137975,-0.09982129775285203,0.6569984101534532,0.43547611716867946,0.46752670235478133,0.43083344448191596
TCGA-BG-A3PP,0.4315487066284168,-0.7327671012485856,0.1926107154339159,0.5872624322199864,-0.19119564698732722,-0.7953192717895712,-0.8894138337814322,-0.6544229360912981,0.605341521028152,-0.9435652863138204,-0.8935666248238048,0.6093443843647837,1.0375411280900264,0.831447278538669,-0.5583579985275179,-0.12092337596650682,-0.20276977807002147,1.1283964872406669,1.0646069799632611,-0.18637252460296413,-0.5641033701978565,0.710391378806196,-0.6240068622073233,-1.1752395335864265,-0.8577975866796695,-1.1670792624841384,-1.0316944231385485,-0.46229822468293547,-0.7692643777544095,0.26346411658003605,1.5414138826409294,1.503122381322805,1.1233475350977637,0.39655497486720315,-0.9643470702241532,0.5591906163910547,-0.40135186658871985,-0.5061394901295961,0.08383777577910283,-0.4637725452348363,0.5915292668495159,0.5139570854254303,0.6525002300776307,0.3576712420744761,-1.0402020501991924,0.7709167247450068,0.26345140867934,0.6277917455764822,-0.5684837960934742,-1.158915939433874
TCGA-AP-A5FX,-0.8776016747023464,0.2907822835690878,-0.37359538667749054,-0.6085413187256744,-1.613537255322137,-2.1406889667082534,-0.49054048362593583,0.5898638936000428,-0.25620303418259344,-1.6163872062076419,-0.5818048634788865,-0.6363013272110979,0.24919417365731805,-0.9326280908036779,-0.9946701272384033,-0.9377222804745433,-0.21563996795857376,0.34059872739925406,-0.732177216645743,0.029579522123672986,0.5554392485600321,-1.370023785106738,-0.2741771703044171,-0.38824556356407225,-0.6835058430803919,0.3587943979401091,0.25195758975443466,-0.33811710299438963,-1.2293606035613347,0.3462569331210731,-0.2692181041586459,-0.816063642423179,-0.7375004390624454,-0.5489484445897894,-1.3776059524215694,-0.6542072130191015,-1.0601106935111324,0.25073801746055924,1.1112292711755671,0.384161528757592,-0.3917294635778586,0.7747753947786375,2.022688116443798,-1.0322226937256962,-1.0901707818111408,-1.2851189764274982,-0.003519435951054206,-0.1444131012156796,-0.9731815427398801,0.061804174678465724
TCGA-AP-A1DQ,-1.0901779527597353,-0.23153288757718657,0.3014730451764822,-0.4855646082319792,0.38307143897975754,1.1178373145301885,0.025542917157886064,0.6161769242744448,-0.8830891942367943,-0.3989899833775173,-0.4782978407603315,-1.0021528375539983,0.11870293538066995,0.3485322672961423,0.4003994325969709,0.14046316687928181,-1.0819231712259234,0.21322997981800135,-0.7933277218233308,1.3848173831384445,-0.16225827870232729,-0.19647081602868385,-0.34457766563431397,-0.31172529187774367,-0.29284350379733615,0.6894872796137395,0.14660573725699003,1.1089336817559785,0.17873861776561653,0.996120669888775,-0.9159261164685972,-0.012240305496144502,-0.12747498951076763,0.08037121512756462,0.13846228262556556,-0.387799381538162,-0.12800902277195075,-0.04798662949301542,0.6230923295484964,-0.8760826906764374,0.6791711650533996,-0.47994923276346246,-0.1364460566410157,1.550802201211327,0.1409697626896639,-0.5594862081152792,0.7395921490399631,0.03282450494831985,0.4592477462275062,-0.4753682808618844
TCGA-B5-A11Q,-1.2809050475210586,-1.344789213374055,-0.4440724015326314,-1.405949640726315,-1.4933335211308136,-0.3969025166240326,-3.1189002771216785,-0.8063641026745716,-1.9081136861295436,-1.428130239552102,-2.059464755893269,-0.47291979377480703,-0.22660299492454955,-2.377165551969295,-1.0390195023838784,-1.2217504227693627,-0.987138797847146,-0.1673584941242941,-1.0838402976459742,-0.6462331157327231,-0.7098208854985879,-2.282779039280106,-2.2382327059844447,-2.3745306621928535,-2.0235278274603203,-1.6434468416355055,-2.243505702502819,-1.0960540671853043,-1.6707770549544163,-0.3309958812957642,-1.941848835903392,-1.5983649981929164,-0.8262343100482935,-1.064316652524692,-0.5193609902539048,-0.7309427291430459,-1.4087707323449996,-0.2486647830141714,-1.0488299067930238,-0.03968967858741659,-0.43570739728024055,-1.3202335718368372,0.49067198283182023,-1.5721813856169444,-1.9749089819469514,-2.6866420276854686,-1.1361787731478703,-2.3133384331631035,-0.7445606469409436,-1.8681005624568792
TCGA-AX-A2H4,-0.7570426120220055,2.7362841896656453,-1.1415772207731316,0.5485879510107106,0.9686729443300246,1.455788696348361,2.6259238394957576,-1.4933913327806065,1.7674704130811185,1.633175482657973,2.5384230491187805,-0.03359823321412334,0.22693263334219788,0.2136869516380988,-0.40504529130661693,-0.19201079688154268,-1.691974709984624,0.19689971121211985,-0.6449315037733216,-0.2279080184386984,1.687983455648538,1.4886565400064187,2.552522019700251,3.0311527175945114,3.1987938516836656,1.429428286305468,2.199804550520846,-0.1436130867218721,1.7082700981510202,0.789890017864425,0.8655244642774019,0.0010910096839792933,0.701594473405798,0.36473435826284967,-0.9746141239344979,-0.9828454163131136,2.023533221881299,0.22227746735174686,-1.5617708953084293,1.276351404799273,-0.21116722137201688,0.3160557701332059,-0.5020986230046611,0.718374410737758,2.9033806456597264,0.611432275587577,0.5705908093504729,1.587148975863537,-0.9345602212681438,0.10410583679642472
TCGA-BG-A0MI,0.0077484139411853285,0.13392443006967972,-0.32327892225842153,0.4311007497936249,0.5480727899821514,-0.22400627207608004,0.37941361588691574,0.1546131444024565,-0.42679973214028455,0.5959477672451116,0.48328625597151387,0.2795241441089429,-0.025332097560149813,-0.38533638602073683,1.0345912616669177,1.1957290138942283,0.2587881905372893,0.12976735698204414,0.28658431574090665,-0.23701288646352595,-0.513121011875166,-0.957033001454107,0.3581791964121926,0.1487509791439174,0.40745676808127135,0.5719583348890326,0.5684216591061545,0.3598402334327708,0.15643432604847823,-0.15208073593377702,0.3081017744519339,0.39279175201142613,0.6596862866865213,-0.6909430797892487,0.49129592934759475,-0.24973402423634045,1.8262288789583252,-0.052982916677657525,0.07796081625301751,0.3070429814110935,-0.6265416893873315,0.3949285720503943,0.35230332704170925,-0.16951823991311463,0.015586910881663384,0.8253824160446536,-0.3358839117925887,-0.10765704062582625,1.9955780177568578,0.8681105570132156
TCGA-AX-A3GB,-0.0938098690948911,0.3371238862517218,0.7648599531327976,0.675140003307761,-0.5433515616241714,-0.680708156747407,0.06294055246016436,1.4648033707948556,-0.8434606798400857,0.9272027283465898,0.47229750313235386,-0.29307013027036305,-1.8944678503070365,0.08451696374720687,0.5007961422578161,0.023168861572665407,0.5870181752972697,-2.1197702942384242,-1.0938483566029642,0.1093124728055875,0.22444872756769552,-0.6076911407973306,0.5919130547362524,0.17679107176530445,-0.03218632123737501,0.04636301361558761,0.0199239070393389,0.08239402631649587,0.7186788582624718,-2.6027196272387862,-1.3235504494148727,-1.3540137988325909,-1.4962987819916784,0.044326529603894264,0.1358855203534632,-0.01640633042739341,0.40215978227185883,1.7689596197959119,1.2466125207240706,-1.0453543742440685,-0.17460897377649276,0.6916465392553136,-0.4171272019785972,-0.1912386144472824,-0.2981044568855378,-1.4087013488663076,0.261764529483687,-1.3861850125737738,1.4393109204770846,0.42293435115742156
TCGA-A5-A0RA,-0.6669791945842956,-0.08490859056135604,0.2224123967815153,-0.7328489650816798,-1.12464977676,-0.8061931556134413,0.43422636348911586,0.7698488663526678,-1.1489301543009531,-0.06053751017733085,0.03126134678111233,0.051722968440999065,0.0012154983347561973,-0.5607265134837405,0.7425083769875062,0.5261875636737208,1.0472450857207856,-0.10288715018713024,0.02710034644512643,-0.5826079048434899,-0.331897903520542,-0.8386886588071416,-0.5763755816880723,0.22939113641431,-0.10230116695211042,1.3412370844427504,0.7368136742046835,0.04180353690878592,-0.5795642823572993,-0.6471557183749459,0.2600705321325034,0.523974806570017,-0.3514388196187614,-0.9451151729093824,-0.24283668442592696,0.6752434131098067,0.4437781438679143,-0.1633522377125463,1.694780440781102,-0.07857942456951217,0.5552624003529802,0.6819988581188454,1.0416748827875963,-0.48749441987785413,0.04752958914501077,0.258120230491664,-0.639471622758024,-0.5539289319515417,-1.7360541857250351,1.2206664277345394
TCGA-AP-A05A,-1.145460480605499,-1.6362248365957066,-2.1217818859400315,-0.8831793140184562,0.3032902061107791,0.05545522149105818,-0.40979027622281144,-2.186338928954582,1.020754713838981,0.1880085739119129,-1.6917876025040741,0.04356300035754574,0.23865720959813727,0.10248611077799262,-0.3864105382614017,-0.24716181269593923,-1.3555379320627283,0.45420236573965567,-0.4541344425885304,1.3877231034867732,-1.8973063715181382,-0.45269559574199775,-1.046580359999128,-1.0808514810745289,-1.8498226086703724,-0.8879506854592165,-1.1207873682436693,0.30094296074347265,-0.7048911931135515,0.280439533985683,0.10944282623613187,0.1488132751684726,1.322455263713636,0.08261978260970522,0.46230382902167033,0.013704455650348809,-0.9269933685624941,-0.5491959964981662,-1.724461129644469,-0.6196232276139965,-1.4613489240488728,-0.6152107256753926,-1.1520023111338318,0.5396331211089901,-0.8521136507416194,-0.24649713114225727,-0.3259157492943763,-0.009356830667189207,-0.1704558788010481,-1.2698744999666582
TCGA-A5-A2K4,0.013776881022403136,0.3996263196956129,-0.009623004399444357,0.8922729123473937,1.1975301237760252,0.14729270929896973,1.5883514903229592,-0.46280365030400333,0.09184045444896652,2.2556136244783587,1.0721812019148464,-0.9818046815861541,0.48259388810710563,1.375457260631886,0.30848361247607,0.5902650179097184,-0.685066323684934,0.514086815130943,0.1880430556375884,0.5882079679956137,0.865096722712823,1.4430082532611215,1.2465431244899807,1.010379384635716,1.2850378982188255,0.8271485212455894,0.7849660820266171,1.209717350168296,1.668648073115648,1.2220846835873653,0.11299857652060268,-0.031117175361666617,0.13642686780232888,0.10029065431901832,0.5245974684839108,-1.4030856743603357,0.9515852751423332,1.194022182862948,-0.3903557801376708,0.9423074417638468,1.0318049816965373,-0.33316431898720555,1.0265001247301582,1.4215893042245713,2.194569967523467,1.0459662558621299,0.8473915765309156,1.2690097512639615,-0.4317778580312454,0.4795289610669574
TCGA-D1-A17Q,0.08690464176293115,-1.4475406341696266,-0.4849389853957052,-0.17628214516473728,1.117365639835082,0.6934405478847545,-1.1185864227477853,0.019970862686418126,0.2470920590258034,-0.36156320815241455,-1.2059233928627722,-0.2616579330623363,-0.3613272138840874,0.10320659146554284,1.8066978486298877,1.308811327490731,0.38215142877595604,-0.11189368237607296,0.396611563495455,0.9555243828229302,-0.042341913801192906,-0.8306705522131042,-0.9725201145075996,-1.5269124424818952,-1.150313181671967,-1.175548278987288,-1.5365768612198025,0.7522131961535692,-0.9749568792496967,0.7153504111820146,-0.8877332163519857,-1.0851060755696693,-0.023778184229564396,-0.0009421723250726623,1.5383793404146096,-0.741509248577658,-0.23866189276115507,-1.0285907209617773,0.5822386030247347,0.15567402920579704,-0.8441216277812382,-0.6666103323844242,-1.0488383287502085,-0.31662653967678206,-1.2522703902870667,-0.7005290439116877,0.19901111133322466,-0.44022298013754546,0.5954018224957885,0.7936726305651333
TCGA-BG-A0VT,0.976700429786447,-0.11504093704027406,1.3650902436316072,1.588388480271263,0.4534967167029529,-0.009093732510694046,0.18890711379826108,0.6465888591597838,-0.716029217200882,0.8096488363246855,0.5494503147122085,-0.7465555339013482,-0.8291460296705556,1.0913366489509637,0.9493733470652159,0.9040812745645196,0.13763240570991594,-0.8270499920825652,0.01056522955079055,0.807943413806504,1.0381830318837004,0.3972573187594189,0.8899051607368909,-0.5192558533000995,0.0009011891578630343,-0.9165822205201737,-0.6921201078857793,-0.4949842986768327,1.7358746991526857,-1.0482310762105422,-0.21346480422960973,-0.06592382071082346,-0.7440966075237697,-0.05585784267101476,1.5443243914936078,0.42248366350185584,0.060558796668551865,0.8929699317597304,-0.002138026743999351,0.12759501451298583,1.1217381786043403,0.07138432849974898,-0.9374822893482166,1.5855252607499954,0.2085991666541405,0.4883951905797478,1.1614383930601224,0.09165917783254832,2.4574843793113272,-0.27616490531988575
TCGA-A5-A0GQ,-0.2897334785016957,1.1235319803386838,0.08034407930932627,0.22073349049823032,-0.6956999264167187,-0.6298535384979195,0.4214648479987067,-0.6107824951245977,-0.34812499363579746,0.7142947644103028,1.3568993857587166,0.22865350750212185,-0.7599950507497838,-0.5866086190903472,0.38607313004544436,0.7478183868377039,0.44700544254768765,-0.7814462601956902,-0.15263979607626812,-0.31156853487324654,-0.648816277609221,-0.4933727611856205,1.2723746394671258,1.7544939523743754,1.789216035478193,0.5412548706596608,0.826598038647376,-0.6060772182053116,0.8963755028395364,-1.1753128675185676,-0.12917043345152535,-0.2244758878524126,-0.34338426128016314,-1.097459905242618,-0.06360286329769735,0.44959314885497964,0.7084122157640095,-2.1905881426780343,0.1162882387955664,0.009150986583392823,-0.25166516039229475,0.8980050403156651,0.0001290519311353431,-0.30452584519503495,1.2090368648517802,0.21988845770011697,-0.5530140079284575,-0.7645753435431959,-0.932396166691281,1.1776994003042756
TCGA-AX-A060,1.7423342639261632,-1.3449726852922108,0.6005303643994561,-1.0399091211693177,-1.4136894617504716,-1.2933362087956741,-0.7358407018012396,-0.3289998168076526,1.7579525415508868,-0.25909130674408776,-0.5483846046453024,1.0654682909093647,-0.0055886723772602094,-0.9336796023484814,0.398301008016798,1.166708305217654,1.9369817014674988,0.014377339225719273,1.9061392367584016,-0.791021875903976,0.8878658334070233,0.7124205128602366,-1.0160104153615515,-1.5764527324576536,-0.684522138122085,-1.4333936634673228,-1.6649229458411972,-2.3156171302560487,-0.2094103181239535,-1.346521229377327,1.181644388104695,0.4991503787468738,1.0487223049902825,-1.062992878082967,0.02616687610910396,1.8952101780988557,0.9209463853024101,1.0711320511928946,0.745636879831499,-0.7734045651772246,0.2738290641097709,1.2842795606678385,-1.4856423621527466,-1.1504811331322427,-0.013145780251130968,1.880234275154563,-1.0577894213143477,0.5462021241434944,-0.39293350181265907,0.9551945833806701
TCGA-D1-A1NW,0.11041043631705144,0.21208751212973154,-1.1898752010708502,-0.5551585522429683,0.21070220582540014,1.3996990715665816,-0.7590393046096485,0.10008987123422323,-0.7886067375177996,0.948700897029833,0.3857065087810015,0.5574837997295173,0.2349989346906395,-0.6151626865496291,0.007946163039675005,0.14662419347904887,-0.19211182446764416,0.05119541947981541,-0.6356075477268979,-0.3605136678419109,-0.2710415708478877,-1.1450959122916904,-0.49332331969100296,-0.13126882371627535,-0.9834642308975192,0.6312475868541383,0.18443126708275215,1.1607993832251922,-0.2089077311648256,-0.18204207627551153,-1.0751698681178095,0.1118675449089414,0.44210550742253,0.4805134049438114,-0.3176209574431719,0.5182082932137566,-0.031433477603746485,0.9192432222083357,-0.21333406399298774,-0.3197183015087827,0.013548351284001779,-0.47786338210682167,0.018923150375763278,-0.43803492715659786,-1.2776887891832804,-0.5719344869154671,-0.8971805356127867,-0.0016314598533676214,-0.3860522951552856,-0.009708508311892999
TCGA-E6-A2P8,-0.04761747839478556,1.0753821012664873,0.3546538748116485,-0.22135545581805022,1.3314228708260873,0.6126359669707518,0.6148829570711308,-0.48474772423525625,0.9956656591349613,0.18575045794509595,0.8991458847741762,0.4342347852908516,0.8209208809657587,0.7564894899225009,-0.4196235654188985,-0.026628658770216633,-0.9304649335327743,1.041573565754173,0.5634828282477519,-1.2226329949546195,-0.24281164453045986,0.691895725427882,0.9555779856355894,0.5130868306390036,0.7409254069653974,-0.4420541271772771,0.3846787679603418,0.7770367987441336,0.33867777371054214,1.0382489240612305,1.0824692238423383,0.9446596393416202,0.8412970179346784,0.5882648325329076,0.019825663698325006,-0.6222798276879521,0.7682125164902411,-0.5036609308253659,-0.2550662461293366,1.1183251090324107,0.6463957331184881,-0.41193418330891673,-0.3287594814142564,0.8418587435331,0.730430154855413,0.704498825940428,0.41971243989808077,0.9440030560717109,-0.34465106103764137,-0.43217307198926175
TCGA-D1-A0ZU,1.018095800294971,-0.8835268565378412,1.223297896820578,1.232790426902276,1.108862568452401,1.1011105865472004,0.36559375221707635,0.8447845500343407,-0.037216721093951494,0.47165676885533925,-0.4671528541031771,-0.36769787715950847,-0.30250416413229947,0.7869215675767225,1.1458181143171804,1.258904346608981,0.8880360587432437,-0.30592369733456054,0.3847704867321687,0.8467323207185594,1.0753876198881935,0.012350264166041043,-0.0806786059961673,-1.074111932100886,-0.5921126713955519,-1.4216582089064413,-1.20147894764911,1.5744078809082003,0.37438454347399847,0.3533878935136724,-0.07513686010384679,0.01783017691630777,-0.06897437995676925,0.6459171706784199,1.0935031165340785,-0.13004526883842443,0.79645962678728,-0.0031830660306359625,0.8733474960325741,0.16876442111017553,0.6002197246415073,-0.5432427833034871,0.2221459063395132,0.9497439353459117,-0.6410038283364831,0.4082262883793092,0.753912999176106,-0.19459120328859097,1.6846599091096655,0.7969147868118839
TCGA-AP-A054,-1.5792119218703824,-1.0871119375482718,-0.44384671886780036,-0.9687166456993312,0.6160975087074109,0.10407485307973129,-1.2111365172368262,-0.062410792238590244,1.4849014772724862,-2.2593837963452037,-1.643096620062888,1.185812318999717,2.225487991008429,-0.2771112168368438,-1.2994985949724538,-0.6473090704573677,-0.6105521804991814,2.2446912160922747,0.6065022724751171,2.092101375382246,-0.005292114984423331,-0.21366148195002002,-2.002675368632859,-1.836637394275229,-2.277807824058731,-1.7081376198527227,-1.7827603466809328,2.0163818586773825,-1.6714086803277113,2.202213295848098,0.8625688452711617,1.4966172058482878,0.10914732538750258,-0.11928515045032517,-0.6169168096160457,-0.014232817654682633,-0.15179776592812763,4.153901294439808,0.0798110248429604,1.1969349545052461,-0.5801324916655859,-1.1088330946149978,3.045260035877621,-0.4128607178888409,-2.021294831951194,-0.2972864969560443,-0.2909135150369241,1.6674089636194773,0.257458349102175,-1.6155568584632929
TCGA-BG-A0YV,-1.0350959690951902,-0.7841654663136497,-0.09627854933866521,-0.16580320486210806,0.20002396555696814,-0.0713481887846593,-0.8513948703820813,0.08912469068434443,-0.38094896907614495,0.2671700229073989,-0.5065297970033699,-0.11889653039985983,0.3442819382926395,0.18130768340311137,-0.8503369103691368,-0.8077073170582675,-0.16694929565605465,0.0875389409420701,0.7326779220828733,-0.09430053360848129,-0.2412186606210281,0.5394595134449234,-1.2993402645592962,-0.6734398220264807,-0.7354791867832262,0.8168595489739537,0.12954096037332055,1.4546023972532742,-0.6822585102434618,0.852340520982014,0.1652245192491921,-0.15951013551486315,-0.30973891021600214,0.01561607692074782,-0.6639820586948443,-0.32284259672693383,-0.7163208513350142,0.8238010483128958,0.5413740204869839,-1.0911136477523093,0.34548953933222737,-1.5364664959320025,1.5357394972664509,0.06171265816749073,-1.0741369805661867,0.016011780522565064,-0.09718388988940291,-0.3005455378820965,-1.0586484425105553,-0.3103533385898387
TCGA-QF-A5YS,-0.6471310324028803,0.38633655670665734,-0.3711529093578923,0.17837790066985132,-0.5552591688805487,-1.1940792195633383,0.6172699564917373,0.018841205083190718,0.23814869075782388,0.13284624487312874,0.3240553387944316,1.372677619757416,0.007201892961912259,-0.7477681178197885,0.09753984042947711,0.3138436987490198,0.616013435643627,-0.5930196951259402,0.4326332046927363,0.20355561721731444,-0.20188255233692728,-0.18246918331617648,0.6108286962178214,0.4490346762349698,0.15440817962649317,0.8707544364299907,0.5819450149568327,0.031958224913038416,0.1139605041914357,-1.4488182879496234,0.06727383658207613,0.49460394182130213,0.20917386451365869,-0.18050226552820242,-0.9974375930409892,0.34754784495346214,0.838399076554295,-0.33907220438557195,-0.06145983328987433,-0.31219218395151194,-0.4865743049992004,1.1550014006179246,0.20471478018999392,-0.7174541816084038,0.5943054033575601,0.20539980382069453,-0.8809429151310599,0.5586900062508485,0.2906234049141746,0.5154930519900586
TCGA-AX-A0IW,-1.5343210271436345,-0.7155779484882714,-2.570437345237802,-1.3815981046538381,0.3591243668926168,0.6116600162208495,-1.093257269256442,-1.2304204349149845,-0.9383717117113143,0.34060995690055285,-1.0026689493054126,0.9961930323381503,0.439126427012454,-0.3327524989851992,-0.8081180228508269,-0.9860446196067881,-1.840860228486847,0.26990716340840143,-0.4569205587124713,-0.21853776931203736,-1.4316649024654422,-0.7762413561892362,-0.9540155379093451,-0.6851036092719264,-0.9000645903366941,1.01575080203494,0.12113126916579899,1.7069751982190928,-0.2128077519337584,-0.0896430787410326,-1.1785113413503512,-0.03256590624816035,0.889811961141785,1.2324246028292465,1.3663753377405357,-0.2834964531576322,-0.8798632494071856,0.756297866725607,-1.3691109817373588,-2.47019505048747,-2.6170521125176553,-1.2160013084459724,0.725678176124247,-0.6179640903265932,-0.8538194015158008,-0.40091576936034307,-1.485028805370631,0.9314212063808113,0.3509240776763806,-1.2807823006975503
TCGA-AJ-A2QK,0.6332369659432102,1.3347003719846466,1.881805899056322,0.9767565505544721,0.335399930251037,0.3640495862629193,1.3484180080404635,0.7111139605820841,0.7294547884597042,0.24112994141525274,0.9806743278331108,-0.1692814108300969,0.12517151278973884,0.9679102515203315,1.6481088152107983,1.5205112489649408,0.1083201149449081,0.36469909803633294,0.30414210664692576,0.5836179432313819,1.075936744886974,1.3369999072644045,1.5799077772776897,1.1030976978048381,1.148557899171509,0.6876039809362082,1.0520268571314404,0.6300285733846068,0.8540232752568375,0.42285820232613835,0.4674198082895271,-0.05327591087053453,0.0700512287976105,0.37311025675878157,0.3789567156458718,-0.002166918027911218,0.4847891267282185,0.41496391094999213,0.13784958563416724,1.466952126108474,0.39081111246120187,0.4548977669645006,0.7013918339343881,0.8910861618617834,1.302369908166474,1.0634497272676988,0.8856629792131561,1.503811813361029,0.5209017919716307,0.312477871759482
TCGA-AJ-A2QN,1.0935029775366463,-0.6862782140585505,1.6174935803007944,0.7471654108296673,0.8669528879117009,0.4749995218668553,0.2134538078153449,1.7605862138128494,0.2809649838192241,-0.07743825703080871,-0.28254742117473175,-0.16416205159618688,-0.1368377197704618,0.5269993992786877,1.4904426722736324,0.9070402250101762,0.6160381948875411,-0.08695653199612775,0.8905837243452357,-0.1346533782439326,0.21488936456507607,0.4175377200030122,-0.43599189909291786,-0.8138452536978524,-0.48975419890959015,-0.9559676442000572,-0.82739421013761,0.543101641742343,-0.5026586324629368,0.1895557043211733,0.21322655156991951,0.02960700599567398,-0.5359587263184322,0.5737198101826116,-0.29211880353858877,0.014521818309356739,-0.18775224005807004,0.6107599375844351,1.824135179876234,0.42699439039664305,0.9747352374328203,-0.18061167741274914,1.2468560537190727,0.5701521538912241,-0.25325329822303094,0.07492816385997127,0.43707132350412553,0.7967644063340904,-0.2013787149868722,0.6739647927226161
TCGA-AX-A05U,0.26261399147890285,-1.0671347493808045,1.2747854396780542,1.3439101254889283,-0.4005045587561992,-1.2804875397979074,-0.09969954429033469,0.05381342555242581,0.2006990380299373,0.26547503060911976,-0.3311325131729983,-0.7555348682176147,-0.16079493718217203,0.5139576301535507,0.588847984101595,0.11029044673104772,0.5234785063135649,-0.1512313017954415,1.1840326966656278,0.4233954212739532,-0.5652698583590533,1.7680671677864885,-0.36455753210683856,-0.2254962256116826,-0.09991606295746262,-1.2894456979230253,-1.1072510555038346,-1.2272643006986899,0.017111438170027405,0.3347934213558013,0.49425582308185556,0.0821993333825184,-0.2581189511559855,-0.6928104106278463,-0.01775701264255762,-0.6498009230103933,-0.8770937528762635,1.2168663852929882,1.0249965591830827,0.012854865735747224,1.2215259402270766,0.1399534953610546,0.5966309505331681,0.500195676002038,0.25945229009456167,1.2195867094453032,0.8706676635943171,-0.31920674541747696,0.5264199660704542,0.04432684240116281
TCGA-EY-A1GV,0.7326292876200192,0.30066032320312214,-0.5756751031161959,1.5636443980079735,0.8831424881332695,1.2394966882749265,0.8458521599892475,-1.2628038830553003,0.19132985594286706,1.8397331584311178,1.1143914953820622,-0.9762819777600019,-1.226236013587426,1.1608352357638922,-0.27259818452278917,-0.3011482555974645,-0.5091712544664707,-1.1371242383782774,2.020985413563415,0.052653616272510695,0.8791477011503117,3.3060659650035964,0.835303196708043,1.392790704151194,1.1783885737379625,0.4680971628236163,0.5168345669320596,1.1249334498107693,0.9126791953838713,-0.6146901333596622,0.1186097900425621,-1.6171466448988472,-0.939328748467719,1.103831452508036,0.579428881845924,-0.7883363371340647,1.6983910514145004,-0.4148214530634976,-0.2421299913743417,-0.3394824607343553,0.30709612382239504,1.1398787642684842,-0.41081391094596814,1.7601349078894888,1.3743164373522554,0.3095653727412725,0.3082007886553344,1.5385073375066267,-1.208832804203184,0.9726828021976117
TCGA-D1-A1O5,-0.5453738769880441,-0.2866380759284669,0.46886750680170697,-0.22483205256157734,0.09780010278188978,-0.46455066012520296,-0.34646604872251874,0.3011691332329333,0.06222872476225477,0.27640935568570724,0.10286936179226547,0.07869862969862233,-0.9211851841315628,-0.18519499021727961,0.3857388718140992,0.33211008550102405,0.4337271590309617,-0.8657601867066993,-0.3986293813353786,0.4546777535557006,-0.6092757353727328,0.04858018558562251,-0.3626923064002313,-0.13317138183149213,0.056105263789568253,-0.037289205421933355,-0.1981332013384566,0.18317750888113504,-0.4383046613670668,-0.726232405558614,-0.5470343600099131,-0.6949792321157845,-0.44643170145359495,-0.9837019052848015,0.0008532495809917376,0.325458121303466,1.3589194931718447,-0.06398694150831408,0.34539998606724015,-0.5392998489136149,-0.327041517985723,-0.39734779368162965,-0.021442135449351453,-0.2759888872087652,-0.3531458908031139,-0.8613713979330955,-0.22141171290750292,-0.20442211610151118,0.28852757482379937,0.6562442078072815
TCGA-B5-A3FC,1.2759914443081912,1.219374961322114,0.39321169575654297,0.17997473803860622,-0.8753345658302109,-1.3122110277532193,1.2302046315369022,0.12648301011706156,-0.7814950005888294,0.07568958422491802,0.8632099245005167,1.306064088045944,0.6693566771985487,-0.03078008079388461,-0.83354260755006,-0.301336478148356,1.024039275786271,0.4856110471556499,-0.35119033280670686,0.0797510860060907,0.9501405065633921,-0.9854804562462436,0.3802674148544593,0.4582613874458842,0.03596775073313264,-0.3098205248069003,0.2090767908993851,-1.049307668030373,0.11570961315018091,-0.2712518219910735,0.21394897441891075,1.263826927039727,0.5211167664500619,-0.28396214613330845,-0.13747538338906454,1.5447755531703165,-0.3508824594746065,0.508608097756844,-0.05518292298971959,1.7092000279284025,0.3984130409502777,1.3015838005748066,0.28287935483513094,-0.47895155606383727,-0.33764840446426764,-0.014558248261977843,-0.280329726678001,0.7684357198919591,-0.5237664941431673,0.24746329544169646
TCGA-BG-A0VZ,-0.6155886010854474,0.7012875424944188,0.8297533727330195,0.9761994161872185,0.5708465364788482,0.732194317204212,0.2626133544495177,0.7982433825459483,-0.2594651190836547,0.0702674065488485,0.29510951177421435,0.055952784022307876,0.2237472474764089,0.16220515156867016,0.623870337806484,0.4571853705761434,0.6253776178718793,0.3754803160753694,0.20297864105983315,0.9651786224683855,0.08713043361166485,0.9929701310765288,0.4480441449622019,0.3493708215379698,0.4270856860110029,0.389927025205382,0.4213717478030493,0.2003330759525913,-0.01759413119969886,0.5109536032417057,0.53592095037067,0.179187944375834,-0.47241311583517476,0.03782414814880786,-0.5730429123662545,0.2978507888420077,0.22820071130610534,0.43240412723564187,0.4775436548009971,0.9070038482937861,0.606169905057626,-0.4095165253426784,0.7926149000581773,0.24718742150673326,-0.20414415148315868,0.4445196637052192,0.332906847006032,-0.21735867949319448,0.4049501646484282,0.4568694224890744
TCGA-AX-A06L,-0.725034383004426,0.7383064737944871,0.14040406194022528,1.2990360778832146,0.6097248147192601,0.5642654375702464,0.4181613275793905,0.47222599866535986,-1.0543931760598797,0.8849855507975881,0.7139170083514819,-0.6777894437695152,-0.6937830567882143,0.9384091190716349,-0.16045819185261337,-0.40731634026727687,-0.9195465469575864,-0.5897327200430442,-0.8295171439326102,0.7191136360157316,-0.41808042248192234,0.15768104074553455,0.8585660553939016,0.47927697232286454,0.20989393842601117,0.17550725972104503,0.03654360758058443,0.9136030540926715,0.3307494742336878,-0.24915755548684715,-0.737395399624104,-1.165257876055345,-0.7586015065360093,0.6565722697283185,-0.08801544128387859,-0.97818828605441,-0.47665155582739527,0.8040040353540072,0.061904659900545105,-0.4435711768976482,-1.0360304753427372,0.34481062531049633,1.5259699898204904,0.8299360240427214,-0.14469467996727572,-1.8985547421963105,0.6658401153461618,-0.5099829036674723,0.7852452562182625,0.5806492183784773
TCGA-B5-A3FD,-0.221473736656683,-0.5499207092850266,-0.8230301814811865,0.18706449256789398,-0.8320688415706607,-0.5141138230511746,-1.0082058004518375,1.1576147133573558,0.0646008940668392,-0.02582384368867762,-0.32611345304150985,1.2371957778719547,0.9481742097730168,-0.12134455360886905,-0.04985399718986028,0.3043318073850716,0.052796910425852286,0.6817853497283675,0.09391736894551979,-0.13500858888332778,-1.1468022053207496,-0.5624310139908725,-0.6997158398072963,-0.6728554849489763,-0.7743497323300658,-0.5790433649676396,-0.8127567253405271,-0.6670502300316562,-1.2276314865852251,-0.06811066214705254,-0.0808509195573786,0.7811683785085366,0.851792711281479,-0.37607291224187495,-0.4663555676473118,0.29458620203237174,-1.3810951634570743,0.47590335696160835,1.2683509077688775,-0.347240416575474,-0.7090885154255839,0.9090468357190162,0.9465059137252729,-0.6374936920486681,-1.3903451535816027,-0.3677956002802857,-0.3998787210663996,0.1601926004506852,-0.14407560202392428,0.13476016637378566
TCGA-BS-A0U8,0.48197785018058303,-0.009423818681804877,0.0033488907781420614,1.1253907194138517,-0.0725844859070957,0.1730696504762545,0.7656066423548855,-0.12395107108040551,-0.28106037499238284,0.881696138826489,-0.3218847758554156,1.0766839002875621,0.2251646113694635,0.6666301492215753,0.008171281255186808,0.3719434278337819,0.0029120206570288154,0.10737349455240919,0.3963913227395284,-0.5009780976208498,-0.521625107799604,0.08490156029656315,-0.20279379677560003,-0.07767433301568948,-0.13873864517356602,-0.9140115646678351,-1.011165865405676,-0.10888412717274198,-0.023324778822949293,-0.10166861136122744,0.3572712455590966,0.5440757319852043,0.49735194761174095,0.006708537839139124,0.42143239219059486,0.17160122668538905,0.26993650349512593,0.3650727657912592,-0.19618481784395736,0.7376584465994387,-0.10169443376648941,-0.34834532201227275,0.09708349270123576,0.8037137990753777,0.47164557784824324,0.9510684139477547,0.14486605869046115,0.11658282966883719,0.7628785959108092,-0.05333474503618073
TCGA-B5-A11X,1.0651362994004545,0.9242918220169625,0.4526179831132638,-0.2894694958897924,-0.2772175766259148,-0.8313983990016803,-0.07933527450695521,-0.7402828149101041,0.417376222852152,-1.8102654393079471,0.25706259035750295,0.40204879913898317,1.2390212159670375,0.9911108725670549,-1.9740532422440447,-1.8220053986567664,0.21525449727254822,1.0297520687242379,-0.8006104144413388,1.9238085536333802,-0.8480531941593686,-1.0446482668199157,0.16980604210403727,0.04909492034842724,-0.238273766416296,0.18111269136843883,0.6275184628957526,-0.9491860108827392,-0.3326372978526719,0.5673583015008443,1.4258777889396737,1.5295041118624657,1.7539290401445284,0.20750050247754465,0.2233176634250241,1.676681597130185,0.7429456792132321,0.8087290270560482,-0.7296031547946025,0.4081828805403196,-0.35162994898833444,0.2697311501953263,1.0362893037416985,-0.05910404956036212,-0.5013021009250466,1.3023207361629499,-0.47349547490296773,0.5574014336762645,1.0582458598095574,-0.13367052152503436
TCGA-EY-A2OP,-0.06559960213506978,-0.5692139788049351,-0.26275221410718186,-0.523683748081928,-0.511354983986925,-0.6126964686999306,-0.1689998014501138,-0.34098492739251923,1.7047420680719445,-0.4074033824892437,-0.5311766993674023,0.4977802035187148,1.0686743159275403,-0.5136523289077767,-0.3968058155023485,-0.1368721331769551,-0.029658313506689373,1.0316271398188657,0.7824460757091093,-0.35546987734516344,-0.5805342638144346,0.06082783631925484,-0.4345082538108592,0.024884826072257435,-0.1929206085831311,0.9149822535868354,0.6338702201101182,0.03226912293806212,-0.8157349359732479,1.0281298479093335,1.2439326451906572,1.1743026655455282,1.434512110667305,-1.085731351998133,-1.4316368712529117,0.46354217564414124,0.813859578899195,-0.3992929830412195,-0.11778079720145208,0.4718284605551419,0.07331902862899531,0.23512211784221898,0.2707996826219548,-0.8629778514421692,0.06263577551080504,1.4492738331901185,-0.4901508558376505,0.07355005502691843,0.7238691417096444,-0.38215264599661686
TCGA-BG-A0MA,0.250672584603542,-0.052237934344280944,0.5840536705398598,0.9634593017035646,-0.008067171668193174,-0.866681611723682,1.164603864798966,0.43617308137021277,-0.08524154869032635,1.0214206697801325,0.5486923055794306,0.4587161916314518,-0.08559851935388339,0.9702994693077797,0.8262105570300183,0.6690305756139187,0.6376175544315116,-0.21934931824160556,-0.08015713997600715,0.9981923749096742,-0.8610074801733333,0.5337322366933399,0.2882852347108509,0.08605191557198275,0.20227073888477948,-0.7781986033520599,-0.5408919050243483,0.2807862917813506,0.4150811250927706,-0.348557249313146,0.15637836452099402,0.3776205340746875,0.6631641306401757,0.5181958152490524,-0.3432361545615006,0.0991136072813583,0.9786000786798711,0.6964665830790625,1.2744185314847005,-0.08770626264903963,-0.3663978801843903,0.48816929373179907,0.15044190940732385,0.5742358824511652,1.6027444501270303,0.9740624294792912,0.008700930305139335,1.2394535435246885,1.3731303617607815,0.8654796677751214
TCGA-BG-A18A,0.129055590419992,-0.3952374212973874,-0.8153207231016438,0.20835235973932034,1.728767376143493,2.3808440664681427,-0.3236989916428814,1.067216588181661,-0.041938598004927594,0.26265365449399586,-0.09181316914774079,-1.1485229565403972,-1.1835324082444088,0.712540992922955,2.3012259903059005,1.9042797054990614,0.3355542658974082,-1.1373639670013513,0.017263941868341712,1.8941326020880587,-0.39063455021119803,0.2906689056752619,0.04448402028130205,-0.32170515312503467,-0.09211478843438102,0.11235075219452892,0.05273321771079982,1.2793399853016074,0.36480996817277234,-0.836255706502938,-1.4469893645994503,-2.0247367282722117,-0.27676053524779354,1.9039102291570058,2.1995629544080377,-1.4386461693600079,0.5009510624072382,1.0101602752395347,0.8842216184278228,-1.348620444606193,-2.3528738932646687,0.3612897899263269,-0.8147009786872579,0.007254097422123201,-0.14882622890931915,-1.416919654543619,0.4711124951768167,0.4776829477513152,0.9453040997628102,0.9616236653846549
TCGA-E6-A1M0,-1.4565998523485966,0.05417161270419609,0.18884366490726745,-0.6288630204152124,-1.3175257918845666,-1.6707591340582582,-0.7096313827514283,-2.8228615518072027,-0.9621563815231238,-1.7572956530880957,-1.3472425204289995,1.7018656932559084,1.6763603816571733,-0.5113601773148185,-1.352591308271317,-1.7970041805879606,-0.7030210081965224,1.5664607347576058,-0.06317584419065583,0.6885676762320052,-2.931437398159127,-0.7755087096778914,-1.1193822304485652,-0.8179139766836673,-0.6220923001304967,-0.6882828420510841,-0.4532981190975946,-1.5087591441357542,-1.4318729685801603,1.1914486775397943,1.870182749295684,2.381257957032852,2.2424873000254193,-1.382049771852359,-0.9233349743367457,1.2344419411686693,-0.5581473742389178,0.1633428684429225,-1.5901812861503788,1.0095086615421478,0.10131494849803659,-1.0375186083554369,-0.6765028400816686,-0.6839332836777182,-1.0163577718596015,1.645978315102841,-0.581737238328903,-0.24999686344287458,-0.08532526701093308,-1.7305622132349752
TCGA-AX-A3G8,0.8886699623626118,-1.3123790344256232,-0.2302110693838588,-1.3094817597190103,-0.6921439074448762,-0.5125147767767356,-1.3152424256593087,0.11269099537527401,1.6840164178902604,-0.26012394784686843,-0.8384771050838111,1.1579853421957462,0.4116293882358883,-1.4542554794946227,-0.4942649635127018,1.1222770906342125,0.24989766986553877,0.2467322727292711,0.9340823011833495,-1.517482950657827,0.2912263616244212,0.46713063004412025,-0.9688789262107778,-1.1613496214190755,-0.9544085593025157,-0.5947712418253134,-1.132044704478997,0.346670623289499,-0.28800775387786276,-1.1800351896020094,0.5670111091536713,0.2801069091210085,0.5276354193148552,0.100529270742004,-0.3985236145087026,1.4649304897967326,-0.005065121273904516,1.028176628681311,1.0848023206331572,-0.4104511200105188,-1.1981410532405614,0.4685701995894168,-0.42492130319155735,-1.2534386424802326,-0.6508666492352495,-1.0724841522873483,-1.5936884890171632,-0.23063332784278273,-1.1223193881554463,-0.92186855665988
TCGA-BS-A0V4,-0.6079281560659964,-0.9179378024789223,-1.5442558139896911,-0.5997995175382018,-0.5621059692885579,-0.999344281842807,-1.3203700068021371,-2.748694082125823,-1.4575299360051084,0.2914611847938855,-1.637649431723775,-0.3893608206403743,-1.6872266724686147,-0.4090199913698736,-0.7810215454107898,-0.3468389623865543,-0.646037000946067,-1.8282841911721446,-0.7832366847288051,-1.8047837325909,-2.1995569640428685,-1.4376757135959919,-0.5131929362844859,-1.389354207310804,-0.23950623790434683,-0.6516780897696661,-1.179853719127703,-1.9262633936502151,-0.8072423627960867,-3.1934955495656547,-1.91187376281462,-2.17287406708226,-0.30792617468679595,0.07554717221613917,0.8002352813764956,0.2839339835186054,-0.6761777400525405,-1.5946316357398802,-2.682640450691895,-1.8194899372382565,-3.3752599664460297,0.027188690592189937,-3.341816647018351,-1.1719655169265348,-0.7092162587846189,-3.0450617769675636,-1.8145720613615932,-2.129024734883104,-0.7955851203801749,-1.0620790892893222
TCGA-AX-A3FV,-0.20760449847226214,-1.1339164481720103,-0.1505340267055418,-2.5160941091447504,-1.737879007660005,-0.6808458994333324,-1.4780204431999415,-0.992594942091063,0.08269236224428454,-2.5687992161587743,-1.1082080789315818,1.5435314293212794,2.118847474188487,-2.2434673280764286,-1.0733895642282607,-0.07592055982773979,0.01873282066837639,1.7165527217265146,0.4553674750050848,-1.512440718171385,0.580908244747378,-1.1432063206681102,-1.8033694277739154,-0.4650045800036859,-1.9128206248700774,-1.4931827392268657,-1.3625694899117242,0.40743511310901875,-2.130399004898566,1.3539168292574348,1.7621770174444988,1.6931708348878127,1.236455292053029,-1.2717858477593051,-2.4062186635029414,1.4468540394474925,-0.11937799556850891,0.3163980682702724,-0.5500937288832253,0.4490494937830393,0.4362777281294235,0.9378956248642861,2.463791081784585,-2.7846974791021823,-1.4812065077404812,0.8797463609246234,-1.826805116453979,1.210254411663472,-1.4047479835401404,-0.854821238745807
TCGA-DF-A2KN,0.5878507278468745,1.6233174957915304,0.6244187832504599,1.3837563976579903,0.966866450834531,0.0685170342114042,1.4767116682065913,0.8595039108881449,0.7250395871642991,2.129412306146635,1.448908811738029,0.600452667590328,0.5390199582110882,0.3754689451448626,0.4683928043071713,0.5509570570407445,0.6970795802553938,0.6380765679754071,0.808044164804084,-0.36170996593021504,0.9588029893698463,0.8366007891586879,1.3754344465844437,1.9152367960067216,1.8163975016230172,0.4311322811698801,0.9979801450767698,-0.38701699212949137,1.5098525761689359,0.36227574920931804,1.0855941547690082,0.4686208903511607,-0.2358743221334835,0.17122197511875029,0.7848887545489585,0.283384583961328,1.0178889376285998,0.6074292102498116,0.8883718173079083,2.3776558447813976,0.44142375404221407,1.1091779632337533,-0.9628151997915614,0.007317336997116173,1.441476369692919,0.34849372528806233,-0.31490476612110535,1.457935161668939,-1.066618747896144,1.8815741556431067
TCGA-A5-A2K7,-0.2933298983385297,0.02714373131235738,-0.9636898684176042,0.3041496204512597,0.3792449720104261,-0.05951659134970974,0.7022303612354035,-0.8975147841987715,0.923249467827161,-0.1123401454470131,-0.12209464405101193,1.565280618184669,1.4989579447787276,0.6394988920148997,-1.0066637760468147,0.3228256374649281,-0.6122480116747886,1.1559350218137991,0.1984551177588849,-1.4209607287673593,-0.644598196517529,0.8279483972149855,0.09673126580004485,0.6797450861654278,0.5146394682717308,0.9321286483020346,0.7218045627189331,-1.1450525969303968,-0.1604750447017519,0.46111839503221697,0.6279537523225477,1.3817268597878705,1.288757520253182,-0.07379238031970455,-2.1342570375702126,0.523350330968044,0.47719685648566285,-1.5412965369920644,-0.6627198904519532,1.1159036375191158,-0.5619172619810472,0.497676624693362,-0.3175520914884526,0.291575252989609,1.5348977553838252,1.2849188162261396,-0.2921560195026308,0.9224143658757195,-1.200673313839947,-0.12615358355662354
TCGA-BS-A0TA,-0.060124283476065674,3.0369786895316917,-0.6926039840982419,-0.4417995189556269,0.03350806044439754,1.04912195113967,1.594988045183099,-0.6403520949470589,-0.31869558660325853,0.38357300499353936,1.932709934352563,1.0215555495004909,0.4569024231132649,-0.13227098078030883,-1.3375329042123045,-0.46976973180125176,0.014348101606681403,0.3535228002592681,-0.16090095966670387,-1.9776559653572825,-0.47553452524071793,-0.04045630664431459,2.013433839792972,1.8615659689793496,1.439404517311607,2.148043645670529,2.62697704232772,-0.26709142629769317,0.834638653225879,0.08866428147952757,0.7585299354908598,0.7578519331098209,0.8455395181095235,-0.38026768937931027,-1.2548535812248274,1.2444231091128224,1.243811802990129,-0.6719319669561723,-0.7970986330018505,2.732569248583781,-0.46426339188608473,1.3344537347301197,0.5830454336930105,-0.016663429566520824,1.3191102105541754,-0.011518466036168495,-0.9274761427116228,0.9344797994947486,-1.4434606999572477,-0.31007882094503986
TCGA-D1-A16F,0.5830660090320765,-0.061736058871345874,0.8656843462475126,1.5984426919873305,1.3480322561766616,2.2107364530257687,0.9440473285743254,-0.11052289186185117,0.6690887047505114,1.5021892324121935,0.8836392703720689,-0.7712441288528222,-0.997644479332079,1.0037426686013453,2.289306297337208,1.7679125334981114,0.46219278761814003,-0.7625021354641464,0.5853927188972154,0.346862133397002,1.3222514382891637,0.3977533542792961,0.4823043462518059,0.6755504533059078,0.7797570637062544,-0.2784355679614624,-0.009582679821829759,0.6169260634996782,1.174031376198078,-0.10932793294614788,-0.07439395862972904,-0.6767481522732269,-0.360281845246823,0.7833950392829051,1.4537306842092939,-0.5288556417588619,2.1763263794111953,-0.9771913308287845,0.45676937239836823,0.6247045276005613,-0.18674061238809256,0.6415508079567477,-0.9918996460647638,0.8700878523533222,0.8508580741057234,-0.2944422998992106,1.0194333271265195,-0.023368649185012705,0.7221541858484422,0.8940808781576278
TCGA-B5-A3FH,-0.1926678450591798,0.13051832735204125,1.484026080177963,0.1255770323836642,-1.0212973417087436,-0.5400646031849302,0.1996591588772499,0.5148194743886315,0.27287853022643616,-0.6870311225884042,0.26744424430679564,-0.7566936703903281,-0.46973348805160453,-0.5588704899267484,1.0403975941026966,0.6128010081794796,0.8926367836834457,-0.20303109717077894,0.6950204822116817,1.593927177935524,0.9522398124162048,1.2115745184372675,0.5469795789031596,0.7463586857911023,0.45410777077962017,-0.6454667810902398,-0.19424848397081004,-0.10300916829494318,0.20427233378866202,-0.2197728503639036,0.39419976138066354,-0.44794221292150277,-1.0444313909628014,-0.8278105756078106,0.27788479252684356,-0.0717833834162695,0.22471755857041675,-0.228210922036142,1.5663483890552268,1.1588583621185429,1.017158301641396,1.026444814139017,0.6068973993140379,0.3158208819876915,0.7407213118017814,-0.11503121399611821,0.5837493634320122,0.2236462733131731,-0.0714514236264044,0.20091987346217666
TCGA-BG-A0M4,1.4506389684749634,-0.5420236369595925,-0.40620270219518384,0.6481780704939025,0.9435141910729603,-0.35682050745289157,-0.02605089717438645,0.38117195420915895,1.215062867286639,0.12888262133435097,-0.047096967240925755,-0.6073915972794924,-1.0844728969934558,0.17728107760703976,0.08615994513306637,0.07130760977568124,0.8298549867485477,-1.1655798320400568,0.751851875474153,-1.2250215984514654,1.1287790863607015,0.6103532838308589,-0.07691730619378934,0.05209652838962985,0.29215831355720856,-0.5201166994679908,-0.44140233312169036,-1.0113515715874282,0.4122137528497116,-0.7204499470709943,0.2642355822597977,-1.0043433512169226,-0.0598636738748983,-0.038830589543435746,0.8211632646720217,0.31840015349534573,1.2569190403189117,0.13600650672124523,0.24421410050082365,-0.9019493348675702,-0.03764275158922396,1.7621247279135523,-1.5216438816368667,0.31992966463006506,0.32015367455128274,-0.11237715952938417,0.1010363986256206,-0.34946396626830906,-0.44924746590736764,1.298481765814116
TCGA-BK-A6W4,0.6642834167943391,-0.3907540919013686,1.9192375252948135,1.0711716707271333,0.9752334299774884,1.886906143270064,0.3677937245634059,0.884017330328866,-0.48458509512126074,0.17401175360250312,0.4823321106212317,-0.9313688953650977,-0.30621309983290956,0.6377958426426312,1.0660973698498126,0.9192436859967638,0.10043895138661538,-0.1522588631256186,-0.3535643447714868,0.44627445718984626,1.3208855542489646,0.28379460044297883,0.37499266652363883,-0.4066229076455665,0.1397322466818658,-0.5732912262865826,-0.489199435502406,1.1089571472661934,0.6567038946588393,0.7771662206959968,-0.10863875226288312,0.22416276808563598,0.2572837123012222,1.1164828188415277,0.13162239583289478,-0.7710056479325718,0.07534357943498184,1.143589199253821,0.18109071213615285,0.5249495890655475,0.951197917985031,-0.4588368046048998,-0.2625437147095329,0.9011976061636694,0.07768329588662527,0.3350734530007026,1.6790947749940646,-0.19840616365163158,0.5225619785243227,0.08624574371644841
TCGA-E6-A1LZ,1.7312904499098332,0.41050933282160085,-1.0514328569773121,-0.8054339196820797,-0.6340550772843312,0.8698600615761957,-0.6283434224165425,0.0748885939602229,0.524338378015807,0.5831034920131618,0.9550830865150592,0.8551578400645115,0.6312127264651717,-1.2655376343929445,-0.9119083278845488,0.4093271375339719,1.4379052489527553,0.5575287452364857,0.42978545018217,-1.3151200120606266,0.5594525382216424,0.4711265779961752,0.029049027173258007,0.8448762673842597,-0.04965082666706936,0.265548904173705,0.4704198321505885,0.09758129497455939,-0.4617637907353393,-0.07081111651952324,0.3856454171453708,0.4914080112389572,0.3843881542612727,0.0469070427695262,-1.5007193921687094,1.2465912607161203,0.7061861277345792,1.378059289150977,0.5059293643905323,0.4159954954163679,-0.11529438467172665,1.3827418790286683,1.0596119813020293,-1.5904529908396443,0.14581012964920695,0.5429279417037507,-1.144610571503976,0.955516591857507,-1.3951977378433098,1.626383135086759
TCGA-D1-A17N,-0.25357741796964706,0.5332318612826388,-2.059502521300122,0.8738936655367843,1.2846291293172343,0.614559854747598,-0.5996128105536254,0.7593160191899688,-0.5841901820359758,1.5181239672117295,0.4366137155238276,-0.808849980331436,-1.9047923035470617,0.9927116839056421,0.7309878615190233,0.5955631353617467,-0.25656026881671984,-2.1739479660796532,-0.7193865051240419,1.1155713564835061,-0.4337486156457273,-0.200858409130013,0.7461446193397031,0.3586162287545086,0.10168953040565691,-0.05927774460534057,0.06320408076205913,0.7079678430922094,1.0367873936213177,-2.197820185904644,-2.323585247156601,-2.7536013899208203,-0.713355635992059,1.9017216406912554,1.6547083602383326,-1.215643612799667,0.369548232714142,0.3494012684596522,0.4693116104278897,-1.7648540699439057,-3.328073707187443,0.13070890585656583,-0.6538296346515778,-0.5509797855026102,-0.1920462141235476,-2.03779758517573,-0.17571106929736502,-0.24858481646001093,2.4753261955008545,1.3815512115078241
TCGA-AP-A056,1.23529699895933,1.0387067679755222,0.35992141999591254,1.6190669162065134,1.7333999353405458,-1.4554981781271767,0.9912239921092149,-0.1885904703315007,0.7533676072109233,0.698279157020235,0.9032420493381237,0.5133668763916738,0.7771798537753765,1.7949852734675793,0.7301527556168851,1.0601907167234623,0.6481145028070837,0.7853764871196629,0.858963333326776,1.918310439934729,0.3969741383545525,0.6169776144387037,0.7229093739968706,1.2203351784769472,1.3147015507654491,-0.5730981470243219,0.05227398218965504,-0.5716692503356001,1.1164494589986573,0.5647918791448134,1.5281481878436123,1.2080657297753556,0.7209231782092371,0.10892598513295028,1.593187775278474,0.9823147731459909,2.083463240276574,-0.15682833179133537,-0.13143417139986982,1.060437533819978,0.5674779047227417,-0.2543394673663629,-1.1633445367163477,0.5298413204022694,0.8956721416351417,0.8573183281029823,0.4508974262137031,1.1666837882148775,-0.2175286152368374,0.4035378032829761
TCGA-DI-A1BU,0.3508337032888452,0.16008143559635238,0.21743782930825295,0.12171691921544685,0.24415117612240592,-0.685219297186023,0.03117360681295935,2.9992661295101968,1.1941837951685745,1.8155521514075401,-0.045880116729961874,0.9970750641857181,0.6571141812735856,-0.2047587565858917,-0.20638934933523512,0.09263160917113693,1.193213050036815,0.6205134767719794,0.20446796692065497,-0.5599788585011124,1.4890134788723477,-1.007356738806197,-0.08669921074767041,-0.9309947446637425,-0.540232278085538,-1.0297939617362777,-0.8823159524600745,-0.4383483014837463,-0.45978797157982104,-0.22731109376498196,0.7746998427306996,0.984339199276367,0.6318811225204951,-0.03814476536897167,0.5103605271522591,0.9779108423287391,-0.25403014343651875,0.38951963645219645,1.2637683864677423,0.7633257365680055,0.9691595564308524,1.4524660553964306,-1.160893706907785,-0.2937852740571536,-0.9448168446650487,1.0527739416123048,-0.5069844459529195,-0.36055072650865916,-0.0636991310775187,1.6959388874712837
TCGA-AJ-A2QO,2.299206732979445,-0.3827253262511414,0.4666945521271997,-0.36076840105452557,-0.317359003312576,0.6249246567420981,0.515880008666007,1.0554617597667009,0.5877899268433217,0.20969583091988964,-0.04143097795630013,0.1958880266376007,0.28395517527427555,-1.007206009891171,1.4403770691492614,1.5508486022250816,2.5994091898883203,0.4814050075491994,1.6411399224271102,0.3363112274113578,0.9786229222692571,0.22393894541646375,-0.5049875994981079,-0.0110964212935414,-0.3029637798934997,-1.0724562757958893,-0.8652605114445316,0.7688541425431222,-0.5217904160517207,0.4377764376900018,1.3536264673382596,0.443551355608382,0.402619256545864,-0.12283829692451079,0.2023484820431215,1.7186892707548196,1.4904749831882969,-0.30568575076906673,1.2185394729812882,0.8737884772976966,0.7059250687257793,1.5805747726168216,-0.1517425585998213,-0.42375613392257055,-0.12044759299060473,0.6003339658144148,-0.8119734736604939,1.3714637924066886,-1.425181733287925,1.942419455207318
TCGA-B5-A3S1,-1.3243995294811595,0.469170561110509,0.5234659081569086,0.4901892300830721,0.5802444539754934,0.705926542154768,1.0966724122970022,-0.6763018812548547,0.5499925364509921,0.29120745650032015,0.7273265498204239,-0.16401137438488828,0.5965746835237717,0.6804835089564505,0.06409818522615776,-0.39409898302090873,-1.100327459774079,0.5432535268675976,0.23699286929113392,0.7932545383824038,-0.47232219837866507,0.9410203879949202,0.272928779248804,0.713251285524829,0.688624163525804,0.9249405270890969,0.900860601284556,0.611060933069506,0.7241488128876239,0.8309989944845045,0.8651236509302532,1.0912161767152797,1.2128843287339552,-0.6181246550824254,-0.09903880243340211,-0.3099931983689591,0.04834072908199222,0.45176706833064384,-0.959002609656927,0.01592136967432621,0.8478839164457488,-0.603776765207814,0.2836258700291633,0.44735133858392334,1.5111652941829825,1.7445388405695463,0.3533714290673839,0.8064901868206621,-0.8536268379649815,-0.7187694290860657
TCGA-B5-A1MR,0.16008255227543602,2.679331035964255,-0.7550321225719383,0.37068413813205936,-0.39825046288144644,0.5483321555652481,0.6037503992596596,-0.7832747631485523,0.1549726103946845,0.3478758440206511,2.037379742421297,0.9605019118113354,0.27593612855238575,0.6168635731731793,-1.802345431409824,-1.3511815937811102,-0.6016807883815698,0.2507676149686201,0.5111916078143253,-0.7031114922077831,-0.46146705080790906,1.3434159692670686,1.6618371856487435,1.9116962271252618,1.829367047956351,0.3102807390936577,1.3512007178499539,-1.357457161749257,1.3459924354038961,-0.053127506405798476,0.9780219942899119,0.49295629962497656,0.611482732715966,-0.35064587404276015,-0.8109760377103529,0.4199325373832921,0.4444462754340472,0.8392116631451725,-1.833246162523857,2.06258645212243,-0.18160267508279454,1.2335505906799018,0.19913114224820697,-0.899816118110563,0.7105599857297233,1.0299961021666717,-0.5120276506712084,1.2283191199503052,-0.25025970243904605,-0.008667806431724061
TCGA-AJ-A3BH,-0.5099518181268045,0.5306978962797159,0.1316925866257884,0.6809102292928383,2.103197717393987,1.0068950250053155,1.4386952950128427,-0.27951066869483976,1.3816734434978661,1.169867577518846,0.5263699512973299,-0.659285255274876,-0.0920151591791155,0.8993382316520863,0.46309774427628453,0.04650058313557724,-0.8435624137264691,0.036653583270675014,0.32378493594420127,0.016783730789095112,0.044619867138897054,0.825685239108328,1.0476103740498348,0.6808942461791496,0.988813204031104,-0.5453247065335588,-0.1388459727048811,0.1391970379355888,1.2042097273134678,1.1294166586088332,0.2935097129830161,0.021883581293015757,0.07063785616264566,0.1659779614523127,0.7636177450260556,-1.123205775351,0.8299819117232088,0.8499810159122427,-0.5049485054848827,0.6409633077189228,0.42997847334305844,-0.46879033571920786,-1.143420299711103,1.378052623776928,0.979552392514983,-0.7236976297673955,0.977535473117933,-0.9093897003974036,-0.2177841305397899,-0.28647502287311993
TCGA-B5-A1MV,-0.13860997544072878,-0.24319097821434602,0.8841224429159997,0.6846730066637922,0.5302570511315933,-0.018083985573612987,0.08197642288022713,-0.6172885350417971,0.3785417683462975,-0.33090215146095264,-0.14386204308502115,-0.10272853151868604,0.27436376491762293,0.16167846185398224,1.2320485658904279,0.9563142650781439,0.5228735658011417,0.41623541764793337,0.6677897954344781,0.5325512652123033,-0.16128989101042185,0.5535406318971916,-0.012304552064454443,0.002666153926321872,0.46795535370457925,-0.8220932303703341,-0.4972792472867195,-0.148938099771099,0.3863091956381188,0.808962451508212,0.470950712670192,0.35340143561999116,-0.03181587843827618,-0.375600709285586,1.141540087120298,-0.03508710798465366,-0.17624285682063884,-1.3158301618558914,0.11719295456760041,0.7909867659937564,0.6266737996978518,0.07936236426560113,0.28296106377104796,0.7002951162004429,0.16147478027770426,0.21384590195410585,0.5480499247889069,-0.7603423506501239,-0.17638976716569094,0.29821061948673694
TCGA-AX-A3GI,-2.368801786107626,-1.23701787478985,-0.35828830421932734,-2.6132274411521883,-1.3126523166244708,-0.8813756725311033,-2.351478418268226,-1.1675743840776998,-0.7729214195243715,-2.42240652245795,-1.5478162096886048,-0.08969859273782414,1.2922975059365436,-2.6414604515502105,-1.0662140569344691,-1.7937130512517463,-1.0466760567262596,1.3737235989874075,-0.9084156640149885,-0.5355023278485656,0.10586729834825702,-2.3187028054897705,-2.235168089399396,-0.8083182982034384,-1.5710043289378952,0.9172627485010719,0.11177260801489378,-0.2140195389177454,-2.3193782155375215,1.790588208499908,-0.18170948658114416,0.8413873742625676,1.277956719249164,-1.8379407830708085,-1.6593635184180426,-1.442825886678004,-1.7398901606551733,-1.0309606743678945,-0.7637935312671789,-0.290860761516943,0.5449846906498845,-1.5105220440933491,1.3305845344840954,-2.169072052461208,-1.768140032243861,0.15401373356467143,-1.1836206923397614,-1.5855252831901006,-0.4901667422166808,-1.8857887105044577
TCGA-BG-A0W1,0.05002747988566095,-0.7545050802041311,-0.8586256011530387,-0.539745692568047,-1.5913203560916331,-1.3991419380417227,-1.28419743703064,0.3181681022708935,-1.5933607246063148,-0.3041573513733498,-1.1009040182488137,-0.40821424412244445,-1.3199808688749863,-1.1360400928762573,-0.0958685024018457,0.27191186483536195,0.45008085740692066,-1.402775549121269,-0.9385121064479768,-1.438617066639354,-1.3834478602989893,-1.6740355645813692,-1.6230118230632065,-1.0277619790146333,-1.286678237961094,-0.2865789055138121,-0.7198242967308922,-0.6696116310382634,-1.0530540050672306,-1.1572833787393997,-1.454952003856036,-1.0785318919001101,-0.576780958328197,-0.17318757519511221,-0.7276812207934789,0.2821891951751265,-0.8353149044132114,0.3775681718722948,0.33336313663776007,-1.3710843534346917,0.017290053456705732,-0.022044274648205676,-0.3203010155044041,-0.950810831234012,-1.5025787601164686,-0.9978868771569155,-0.9195894025061476,-0.8832923317874247,-0.8683640522727755,0.23111793874982436
TCGA-BK-A6W3,-0.32203125771694907,1.2634459788553267,1.1285101092056862,0.7415662205168049,0.36219983540256506,0.43814755989613446,1.5371826994264162,0.19438196004033753,1.1741451676985677,0.04636936757421853,1.4881448266083959,-0.5848856509198049,0.21164510525024335,0.2337105421075447,1.7108831397563118,1.2983161531319385,0.781666964923208,0.3031649334123606,1.1263760799730749,0.6703883746658249,0.16807945602414437,0.7820072787037472,1.4376976741184082,1.3782351581975743,1.6727610744031096,1.5800581418479094,1.7458075361557224,-0.4063239051435884,0.6773537462824162,0.8992865694098799,0.8988057736299689,-0.10791488852283751,-0.9675812378244113,-0.732640496586075,0.2779623514460312,-0.5120268045398408,0.9186526600282964,0.6842121156888945,-0.17318090039861006,1.5045035327945524,0.8935255181701588,0.4950927973676325,-0.5369159587345242,0.857000335994095,1.3326357893727787,0.6043839879703352,0.8502868702776617,0.07251379688580546,-0.13166036028528508,0.2955486942939725
TCGA-EY-A5W2,1.6697122034493068,0.2858198419894308,-0.2950631544953549,-0.2689687749766193,-0.09423824897719218,0.7742409854908909,0.39540787560224866,0.23809154881119762,1.2096853545535073,0.6342598547422271,-0.07463260057648985,1.9998157854683403,0.9081843009124636,-0.2842007409067607,-1.0325842301468604,0.5253849140649889,0.9047851565710037,0.59429416660263,0.31215082446630477,-2.5306624995994924,-0.2367074501600429,-1.349045409836008,-0.39139260853122265,-0.3178701893321592,-0.008366797843633207,-0.6318677386089756,-0.6336390996564372,-0.021375962934666776,-0.15375663523964614,-1.0963293400956073,0.6450590771826565,1.0017861377309296,1.1552604247361797,1.3396970771504662,-1.416101109551341,1.6513457032461452,-0.26487258467223196,-0.4460634581684378,0.39026024969914364,-0.4138884846703932,-0.2501737083099284,0.9297995280766854,-0.32244886544305296,-1.1788235746311289,-0.3714357914822313,0.8406122606888564,-1.7209449744228966,0.23207908535186303,-1.1241592940532525,0.0635472174768322
TCGA-B5-A0K7,-0.09414032452802946,0.9588923010023809,0.43922522555874954,0.4893800424759792,-0.6296921806380589,-0.34055176626667377,0.2623859126032398,-0.5384849395963319,-0.2766262391386319,0.4980171497383807,0.904702702234042,-0.47602214118073727,-1.0920902449434053,0.06204150546356954,0.8197867005447299,0.41688849351984886,0.05841999194168116,-1.0651755032868984,-0.29122742985304867,0.032937237237906626,-0.17248647246324883,-0.5015714681503827,0.7085488057161745,0.3180683014486824,0.3511025699505008,0.2282483988847712,0.4330428154564452,0.18440235304012387,0.4283003862214781,-1.3539484884390203,-0.36005119577612155,-0.4094086481446647,-0.5501343945850146,-0.7065541346277087,-0.06935870405989211,-0.06829737832567606,-0.11218193210165245,0.6227321450488643,0.2163778255541188,-0.25895240254460555,0.12457237443371126,0.5519564719382284,-0.9067284211311409,0.3594949889624244,-0.1533216798340622,0.5813564369059158,-0.20924287112193893,-1.0413758550716052,1.5714229859688935,0.22770126943866045
TCGA-A5-A1OF,1.3542736683179102,1.931072504060741,-1.1935389718997158,-0.22685766025468526,-0.6346075671767418,-1.1071178217241544,0.13750902730965495,0.33160575587613667,0.10032210818261994,0.4846418345393736,1.342142350523366,0.8206615825149273,0.4515844961267628,-1.3869028630097007,-0.37733397622225767,-0.21830461806484794,1.4523099176326304,0.31032913634874193,0.5311090374640128,-0.9372681316585286,1.259776202989262,-0.06348393605822455,0.9800592780807128,1.737308657572426,1.1749068757799657,1.970996977934812,2.1549485188229256,0.21905434008580515,-0.14378050618581162,0.36735509313512726,1.2801741871721433,0.22881476268095663,0.744978723065,-0.4117777582996589,-0.9483086097777942,1.3839297159739858,0.5930692177251919,0.15203697969265717,0.11911388759199444,1.0904885478117514,-0.3175217041673409,2.548443176730933,0.2019284172440367,-1.4402200052691025,0.560506727100833,0.8036470510879912,-1.1255915652081834,0.6663842870342874,-1.1739413436729482,0.8342802124352247
TCGA-AX-A1CF,0.8481019715588644,-0.45954219487168285,-0.3715357336676799,-1.704665879202613,0.1233834048494522,0.1733203276033026,-1.077341280559803,1.058829762859867,0.7322280799215874,-0.20157251932904846,-0.2905581214825281,0.18458085342234826,0.6091954003432825,-0.5093028451714631,0.8148586214270147,1.1864348869913408,-0.02139557760117935,0.5432925807622285,0.5308746510575404,-0.1519335467572315,1.4267271447255916,0.029347397897364316,-1.410280426300881,-0.4219695696617998,-0.5823571133811869,0.12962938943085928,0.0384381644488856,2.231436172918606,-1.283265691713543,-0.06696964522594537,0.6278397390058578,-0.15177961467449028,-0.08596124629470886,0.7773389967444977,0.3287339097682872,0.12448685941907675,0.26357457711276866,-0.39151443275286,0.8733845337060996,0.15037248988636484,-0.4227768522957477,-0.33813022060505654,1.580842270236819,-0.47530109707750384,-0.7333096918443897,-0.07070751839735037,-0.6251824089607013,1.4598068874985544,-1.0907582046434214,0.27046717152027644
TCGA-B5-A11E,0.4590150109158199,-0.47138525367353645,1.211807205805577,0.0833655137655728,0.6013189577112642,0.310105218035073,-0.5138507596285841,-0.9050312504324567,0.1938510230411066,-1.630413301899056,-0.9987650047463204,0.08830246858410942,0.8420189592022609,0.18395398808905025,-0.2999816251381258,-0.6536040998529252,-0.2373107535902345,1.00206581352572,1.2274850102657917,0.6422362811892527,0.8765139868001014,1.003772434821899,-0.33648733545944826,-0.5074300512026387,-0.40922988034023083,-1.5245272374422585,-1.2044604918889072,0.5689736777904729,-1.0044218609988544,1.403509654801379,0.9551487243007485,0.6551974954869749,0.6606467555720636,-0.4045087161653346,-0.058712771579698064,0.4456929042157543,0.6091800873114334,1.040967804126889,-0.16835339343383401,1.0382697005682386,0.36080356653781326,-0.012702155707058755,0.31406407376594553,-0.1832687615107173,-0.17950047763385135,0.8171998182584714,0.126095938933182,0.6420289176579227,0.7847470604762841,-0.7011135882931072
TCGA-AX-A3FW,0.2235944848871915,-0.8103057622513902,-0.326650737268221,-1.860435180272997,-2.520069293090139,-0.513360037000992,-1.6037589936983103,-0.47605567708551005,-0.643113578647207,-2.008021829674717,-1.3944958179069564,0.6375619550790852,0.8429141439613514,-2.067040621902938,-1.0209640316267368,-0.5067910556407702,1.0252657400243415,0.8657279360329776,-0.07148520782492992,-2.142727378844133,-0.287520169608138,-2.071546477632641,-1.0928595636077503,-1.0625819501999514,-1.0377342781889562,0.19829017387434894,-0.2222054638697749,-1.2335358882125294,-1.5619684102832248,0.08097767771525545,0.06420885224888441,1.0413000123804175,0.8065028278497145,-1.8587326518813005,-1.097138923307949,1.2388952476285573,-1.7699237958979244,-0.21534067902623397,0.4764205576901527,0.2316948953727982,0.14451830284741268,0.26434748355021026,-0.24193903716531992,-1.1974531052572706,-1.0069097272626646,0.3839692127576044,-0.8478439494913148,-1.020327670168228,-1.5530437411544311,0.2427990863613727
TCGA-B5-A0JV,0.520446076076937,-0.5095435446284877,-0.019688507306619314,-0.525601050879689,-1.15371686810138,-1.7011450668285766,0.253394794816061,0.6653804173341183,-0.004639042556695246,0.1245264821862739,-0.7529661653038321,1.2503542371207137,0.5350886735873838,-0.6052869344873615,0.01836345896706673,0.21129921375463315,0.5849081928226896,0.5501454249398948,0.5951597222910996,-0.8662758215889885,0.04652918957429561,-0.37245211746578993,-0.883808569494621,-0.9078358912835727,-0.4043755317758527,0.17843230651873518,-0.20569926470685806,-0.4766515912391698,-0.7007147908848598,0.054690941437253456,0.41435974662963326,1.0345578994722435,0.9938896369106995,-0.5440501079248801,-0.9876475698972124,0.25931773523611146,0.2641042054941811,1.1590286930450873,0.6495324952192371,-0.4186199928807507,0.1142846807270197,0.3345123421575926,-0.6577172881556584,-0.3753925680950494,-0.3043792714598217,0.9839608147393548,-1.3817033210344223,0.2800839254357082,-0.13106497163344488,0.19102036866132535
TCGA-DF-A2KR,0.28303456232341523,0.22528954374667196,0.20095189282127368,-0.5092274020174553,-0.847322736592774,0.3289071463839659,-0.6614945599452566,1.4368570555972333,-0.20904132016379295,0.6654005115229852,0.7832110536977192,-0.088005351009288,-0.6911737822353142,-1.7843185862492497,1.5781338436481747,0.638016781023696,0.30715329017372617,-0.6799757938464757,0.5240424640696361,-1.2858253582961192,1.3994183708222399,0.1872089385771772,-0.07340002135014231,0.9639628732259335,0.6697781966341216,0.49765954511184884,0.6106815019184635,-0.12198791638784894,-0.21375409706553233,-1.1379871232567904,0.07448237389697292,-0.5154984521028331,-0.31964290440026133,-0.30873250110314987,-1.1554464248103793,0.17846804115598497,-0.2636096481942889,-0.6780929995561974,0.3484915228741958,-0.2796495091391744,0.7680708664538374,0.4952998665509426,-1.5656153793676277,-0.9622912658030037,0.20828331914847473,0.48259870164791774,-0.8891621192285974,0.47882647724447375,-1.1861596785906645,1.3741415744334728
TCGA-AJ-A3EL,-0.8801087167510246,1.3153525878840147,-0.08608005984818415,0.320489964617474,-1.0028908017721554,-1.2731458983308765,1.7422209126828347,-1.0741055255340637,-0.09113135600273725,-0.6145966848304594,0.33642404683999744,1.3356002155641138,1.5191743510197995,0.5189166966118504,-0.694874400012099,-0.47737014134332667,-0.5626979081906174,1.2133550921650471,0.02386658743550275,-0.8367801556074513,-1.419616553918882,0.13129018564541853,1.078849573786918,0.7784114931011548,0.5708597803659721,1.976743366068314,1.8324985705025973,-1.6590032507048804,0.2373489906117517,0.3898765009971258,1.7237155909225215,1.2921885555527899,0.35335208751191166,-0.05217868796930464,-1.1801623394810539,0.34736058536521275,0.22134721703000873,-1.2244544422681665,-1.07328082539132,1.3210465572939778,0.025045948145640522,1.2753205586675065,0.9703303382128285,0.4734693416260633,0.7134144664771918,2.499189066214651,-0.03837585841065892,0.7324064221841161,-0.7320554789839864,-0.6843072753199689
TCGA-D1-A167,-1.5530571153038288,-0.9030673959499902,-0.8945075112600274,-1.3027033124943008,-1.5496727826795922,-2.104460932295318,-1.0171645786538919,-2.0210612738770135,0.055464646356613134,-1.9109759859439095,-1.8649486891787248,0.570821133414405,0.8031173230160212,-1.5050621024794226,-0.3288121897947247,-0.5186295717409295,-0.8696165103662892,0.7575434477922376,-0.3895476730152374,-0.89758829813943,-0.01910635316501223,-1.221018142913858,-1.2442996269283955,-0.9869892907652601,-1.1775436210573123,-0.18458359491795115,-0.4509499918849647,-1.3161916500241337,-1.2351434209838321,1.1835266362120942,0.09512702604045133,1.3185604438964464,1.3295567624367997,-2.2230021400690148,-0.32350237455901065,0.04894992693369429,-0.32000131145504107,-2.3860645377555842,-0.9378080887285762,0.2331947018970605,0.5538569314249419,-1.0931478061247466,-2.305501008924052,-0.557484781437824,-0.16648009039857078,-0.28276054564188535,-0.428280220783983,-1.2352512360260652,-0.8263138240231075,-3.076233424678031
TCGA-AJ-A6NU,0.5704725146386197,1.1613545714131606,1.4820856300836354,0.8846265931513704,0.801959558804198,1.2791452859117372,0.9350022009731072,2.7471901500265377,0.9518303486745383,2.0502744664460772,2.315382738490164,-1.645703760978099,-0.0299744852942849,0.13506994827085958,1.3384965181811492,1.1530466619414204,1.1606462450273596,0.15881531007091515,0.4716852993070906,1.565470452714204,2.4299575908682725,0.3552355937602061,1.4566234330963828,1.5482276343668546,1.9457004797700324,2.051380403654762,1.8345266803190932,1.054421154066268,2.2916927995337346,1.0633676270159624,0.608308228009155,-0.36286840511363583,-0.02013495685729594,-0.21148396941949665,0.3758975176746425,-1.5111507395496766,0.3906658836983245,2.0253818116769917,0.1799932902855813,1.4197676232521876,1.6738708477512336,0.8583771209926853,0.49642002060310325,-0.2473811722936115,1.0960999803403986,0.6741917389377774,0.9808219215016226,-0.0037464772621587043,-0.49894690861847035,1.9161475113138555
TCGA-EY-A547,-0.015845723166302138,-1.4403290080317706,-1.7422279895140058,-2.484533486543907,-1.464593351583557,-1.122857789848504,-2.5360541959915066,-1.4333531083088829,-1.5642458571133782,-3.068371505334731,-2.2349105940143508,1.4517086400792476,0.9287045572176928,-1.6463703500530185,-0.3474638689107999,-0.16969537090626896,0.3608770254525813,0.592334898026389,0.033552167026108616,-1.7989575364697372,-1.0223086370879262,-1.6123600898571202,-1.5768433671277364,-1.9562453590659723,-1.454295956127129,-1.1953201322401965,-1.6996596866927098,-0.3548358703496362,-2.783881799098593,-1.725583970400392,-0.80498698400589,0.4451262625094857,1.0156229068171956,-0.32394528835677566,-1.308653395197315,1.7698778075323536,-1.6233088959825746,-0.12655349866822538,-0.0994679732126391,-2.5930212938354136,-3.0526551673618587,0.22931615722138432,1.3728577539253561,-2.358523190065787,-2.168234806465129,-1.2089930210338964,-2.150636286539796,1.233648050973114,-1.041402646426619,-2.01488250587487
TCGA-AP-A0LT,0.6310044855504945,-0.30736799204685544,-0.44046686976104027,-1.2555188314172143,-1.1782603578109425,0.23415038789045667,-0.5188549892053228,0.25230779055413444,-0.13027621470705056,-1.2721334018689858,-1.0029366824832013,1.859441246111665,1.450608096807305,-1.2740989999483665,-0.25133626053346425,0.29598355322450653,1.0596691451350084,1.3912590809930065,1.2411508785732166,-2.0031217193224555,0.6062167624000178,-0.24376632470159987,-0.6928830126036364,-0.6602696348263125,-0.40580671617513064,-1.3734015865259257,-1.2301007919916904,-0.5096369257023494,-1.2698293290434246,0.3268553301572948,0.9048322454557097,1.5498322992970592,1.4607255938666825,-0.8512877839932647,-0.639225557979682,1.4483126916195996,-0.7389913963535747,-0.5265748771906369,0.6441707029923263,0.5028824937444852,-0.11271085012766739,0.3953877937770343,0.3695100496129199,-1.871368496926938,-0.30608296196263407,1.3617690497138193,-1.7094784373781118,-0.6304243288283845,-0.8335410158520594,0.6103575101391323
TCGA-EO-A3AS,-1.0717500521394356,0.09754768328258466,0.5451432002887135,1.4978754643455021,1.2646186044617098,0.6262617894603538,0.8239312979658914,0.47999146894210454,1.4097832165761741,0.27246017231408703,0.3937802123349018,-1.426013779972206,-0.36846251647365313,1.5448572155244118,1.2184052814868374,0.9481877810787919,-1.090111640054643,-0.30539466526122955,0.20911753634309865,0.9295633296493359,0.5748804865577619,0.49223242218833235,0.7050203282400131,-0.011471232418433881,0.7523053223407357,0.3813455190606258,0.4125921557793549,0.14154353507008194,1.2202691090594593,0.036773786067902194,0.08904564245981038,-0.6289276425351774,-0.6787761083954534,0.32849349368300723,0.6692740449236763,-1.381717270023582,-0.49052306855937855,0.24710443361471884,-0.2587151391774361,0.7931695643735962,0.8523299150520123,0.4435731184937528,-0.5941907705442191,0.7327065830166994,0.448302715579268,0.5650347870008001,0.8465189779013266,0.8835419512796736,0.36847625162524555,-0.6551583892959882
TCGA-BS-A0T9,-0.6396804846423654,0.23491750620430343,-0.15683690889788626,1.2871365588691102,2.0913594014519092,2.2084324666636426,0.8851498092239101,-0.6892167377957821,-0.21791159978835364,0.9643883768518196,0.39874758490628076,-0.47066008790475883,-1.8227577028669977,1.7036784140566332,0.32998041740059575,0.4610763153775549,-0.8558235131798833,-1.678130080144422,-0.26014901767596416,0.7609123435165144,-0.06154827028026797,0.28372681963160057,0.6714973769358453,0.20421281035930963,0.30206537984161597,-0.2856647878931539,-0.08764794853200294,1.8049920925659175,0.8862144675284369,-1.406516428766984,-0.9035695475335401,-1.5582653904620678,-1.247487977847724,1.5645318892635167,1.0092576616894697,-0.22821234602296345,1.6642158077348101,0.44017776022390886,0.2814277364045437,-0.6350848951569751,-1.0630319499171161,-0.4483665209707953,-0.9371587267676579,1.2573407383812603,0.49426372071426883,-0.6161467932017745,0.3372847264924829,0.8971910396595846,2.360704471692265,0.6132585416769469
TCGA-AX-A1C4,-0.5543217513187264,-1.5627811617313576,0.13701200552839246,-0.7190129045782936,-0.49432935055246646,0.0014950010000989687,-0.8614452585588305,-0.7595281593403712,1.6298768975083577,-0.8448858930743901,-2.1661184886519975,1.062755437682151,1.4855189955455101,-0.7522973495445209,0.07723014304873793,-0.07543539156713128,-0.3509109847475215,1.5877849021924872,1.3953299968143122,0.21799326857940346,-1.3715469215713152,0.313349336065361,-0.7483006122853433,-1.5071636652974236,-1.1661101842603583,-1.8373261435419412,-1.8330975559832197,-1.3205921860204444,-0.913406928681549,1.2859362004344619,1.4365109913461573,1.284308355585932,1.2544837632993342,-1.6914658936831761,1.022545851479406,0.5275113601132385,-0.16590289066554847,-0.045512424530694755,0.08661737183665072,0.6981778175125137,0.487403674540811,-0.8470866296791566,-0.6111848444351494,-0.036430408643469345,-0.10014759935366041,1.402221445229268,-0.2689409395146031,-0.7018065376973651,-0.1853131311397224,-0.849187096498843
TCGA-A5-A0G5,0.40906216435938453,2.443974640867811,-1.7331607783859957,1.1146723307980102,0.6210663192106579,-0.7938993169441172,0.3219853475761607,-2.417760190017682,1.7852454970592058,-0.3600023635581936,1.5781650105393783,-0.3266100311738576,-0.036591621915308646,0.3107960999411035,-1.1956327258337038,-1.5793856361352296,-1.2392978941495425,-0.06718669755750149,-0.4331391674304671,-1.2298968814022553,0.5856342598243475,0.5354395347257869,1.648291294853962,2.1815711877948765,1.648835462171768,0.8443581495637239,1.8249392881498088,-0.8323214300347651,0.5426990185236877,0.12197514908157979,0.47081155250794554,-0.7714640383516181,-0.7066229854389744,0.24600576206409674,-0.3816849074092655,0.9679218581677861,0.3913804350099941,-2.367661361927979,-1.758152378412665,0.026829591055022885,-0.25135167776362916,0.5562632530045463,-1.5421686630883455,-0.9714605435720634,1.0004646374637447,0.32144668071205695,-0.2667469419523626,0.5331915748176478,-0.7013025256683835,-0.6368097026320794
TCGA-BK-A0CB,0.7164891951587625,0.11600782541397706,-0.4027189857085474,1.9327305021596362,2.495106929470776,0.5944114469116861,0.5701653102663001,0.1098011657951018,-0.07293971898475014,1.947126142351009,1.152303586805488,-0.3009902173787017,-1.4443998434156886,2.0787982898438044,0.6752285849008959,0.8133316294006102,0.028283598051150726,-1.587892998475588,0.3087355078154595,0.9877994464272973,0.34927188106355045,0.9021315873223104,0.8596702129069792,0.00038684992677103707,0.5783477197295825,-0.695888620739096,-0.5805710059949162,0.4698313162959577,1.3646275498867957,-1.2925659431614458,-0.914195828662665,-1.4835319172308592,-0.8794799145678331,1.5453308876723841,1.6787314969081455,-0.12858077715446853,1.8381118203836557,0.23307621027033507,0.03850489327220177,-0.6590094063886074,-0.9870417093522059,0.20732021549800675,-1.3202918473948342,0.9104783481509258,0.2922758177552408,-1.1642396967492419,0.6048906365625891,0.3108927964874421,2.187060577182567,0.6679777505358622
TCGA-AX-A2HC,-1.667941609784428,-1.7350365065084739,-0.7574100469457323,-1.2950436374033754,-2.2920281052367892,-3.2153696217659418,-2.4827613693065276,-1.9446654797862504,-2.506062341976936,-3.3692555079362068,-2.3497211565499336,1.0392449977027036,1.9229286354197612,-1.138362959810783,-4.088955434546032,-4.415136738229496,-0.7152195836890651,2.090286336710317,-0.9049629052713837,0.26919681151186575,-2.4691075960432345,-2.9502255004039677,-2.5890433298803925,-1.0158825309521957,-2.1594260747991947,-1.5015549971699822,-1.5768519781606083,-2.7889008612693296,-2.750995243093337,1.9943507848680575,0.8020884101026254,1.8539229049698234,1.2227079247327313,-2.62225938392366,-0.7164290441756398,-0.5011645006964912,-2.5519222547026765,-0.7936685951207185,-1.3357624721855703,-0.3747799507764302,0.3127195505048125,-0.18474978210326387,-0.5766396266177232,-0.09755626557790557,-2.2667453744804673,0.8642719274420716,-0.5110323570764675,-1.0232870484545957,0.5468045332897287,-1.1841039953920323
TCGA-AP-A05O,1.4343101814889656,0.746002539561786,0.06035580829121731,0.10827439824552647,-0.5005314644644931,-0.706095574889871,0.22191547326019795,1.2663423268418115,0.23334319027634712,0.3844152452829197,0.21702441780117968,0.719183181230908,0.3644210874024127,-0.9401394463885115,0.7033757810129146,0.8550301071318667,1.625825187106098,0.3801503064666269,0.720730491159355,-1.9557803729127792,-0.06486771651912066,-0.8519472159719823,-0.39070794486114846,0.5882091965438401,0.08202970417378203,0.690625367445259,0.6469915092982517,0.026705615450648482,-0.6743834484428604,-0.04523205339235039,0.8038152678286781,0.858114907050353,0.5074216418935775,-0.38356700805897886,-1.84051856085811,1.785333779279318,0.31344452370983744,1.0463410918010774,2.0352207396387696,0.4849661520729983,0.47042854541141554,1.3187902986797833,2.0390663919237335,-1.711805611017985,-0.5414060159953542,0.4371580258116153,-1.0244263568970047,0.9082392586591788,-0.45953472326031664,1.247017728241678
TCGA-A5-A1OG,-1.4235472923476822,0.5116650514324667,-1.857228974576259,-1.1283916883908267,-0.06961953156346237,-0.00910459214146712,-0.31552690393234606,-0.947977349143571,-0.27228059504152696,-0.8322730848752163,-0.06554303681994082,0.857004952003346,1.2196670309313908,-0.9979563875224258,-1.3707005878849157,-1.3045126673021086,-1.147545566973642,1.1155012786715686,-1.109859517265352,-0.055423680399659385,-1.9403232319367492,-1.0662642913787812,-0.6080952307331067,0.3387765438255128,-0.3054618255832317,1.1944013096603914,0.9918007182124247,1.1198327083000288,-0.5904426446725767,1.5892794505710013,-0.4448440553550003,0.5065337656864557,0.6123518699679366,0.20270459984784683,-0.860737403125195,0.47826524031817574,-0.867080218845543,-1.163173043070778,-1.0903617281853175,-0.8912051558946149,-0.7681216792605778,-1.0568330109775566,0.8529428953761496,-0.9218327528381015,-0.13917091273654703,-0.2956779998371618,-0.9200744171649063,0.8910204641293424,-0.7373124863769192,-1.2758374906607668
TCGA-B5-A1MY,0.042100444581625075,-0.36231362493184494,0.5183711924961792,1.8042594279927766,1.5600456826511488,2.459888449289703,0.07939301134030102,1.296768529715462,0.5201282254615807,2.917708618351678,0.3734554639816328,-0.5780905815394941,-0.14381600242975218,2.001126410732682,0.9973031253584447,1.5270804706089862,0.15787016155584332,-0.16971766519401194,1.573805459162332,1.834569011795658,0.06544348138959123,2.8336602940203357,0.28409546819644377,0.0005787504217049965,0.21198941869467847,0.5999872071015511,0.09293038548407778,3.2513822454763917,1.5857732553702046,0.555499235686457,-0.018371475998528227,-0.8116773316961153,-0.7725316969842512,1.814451795385585,1.404835204466278,-0.5970339638821238,0.2575671354784305,4.329829160177236,0.23610562897471368,0.7034201854202596,0.28030071871359374,-0.9808702396638436,1.9313890905103404,1.5221681271869438,0.08043799079151025,0.19404614757770394,1.118442924365897,2.2168599923492844,0.40481765341130743,1.8858126102296267
TCGA-D1-A16I,-1.6538639611601769,-0.9873424375600693,-2.9102001300348896,-0.6745215389227579,1.1434508842565458,0.535603790052456,-2.1734121646054763,0.35381643925153433,-0.34393058204542737,0.9849965789214329,-0.8562767920753016,-0.01612702231822001,0.07031015254198758,-0.40775639208700243,-0.5372300677815168,-0.5572149726377759,-1.409470054963291,0.026403882918455794,-0.6691271087930831,0.9575466455202455,0.40927604760435654,-0.4031917174722983,-1.516135386952381,-0.6686969445226876,-1.046169997826676,-0.8817302645859205,-1.2047119793649896,3.0962653956628627,-1.0661036936671973,-0.7508354233541956,-1.2240912727778739,-1.0613744495499957,0.7051094419585556,1.3348257770699998,1.4539902923784402,-1.4760419702576921,-1.2377135583695793,1.3079103974319077,-0.8299695638073589,-2.6366124798829254,-3.5876157340393546,-0.963923645711947,0.8161480622194781,-1.1425212953148245,-1.2873901309722975,-2.166576647766423,-1.0589593856551782,0.33075496218307576,0.4644341813703807,-0.5906360358865755
TCGA-BG-A18B,0.5134194229450275,0.6436272575232487,0.09712373432925477,-0.5442582825438478,-1.5539923131071818,-1.1095911940553922,-0.36214962253359284,-0.1462482356956991,-1.2576474767949746,-0.5298919217706424,-0.3556556370081253,0.2691403366268505,-0.11353431983449627,-0.899549851654838,0.43795868885969597,-0.064697216350626,0.7261033066011796,-0.1053148771958422,0.4434186426146597,0.33819099878244463,-0.351762681658254,-0.5580513772175422,0.015430699741472827,-0.13744312633359415,-0.08813896740450936,-1.1138807792329903,-0.6105462163418087,-1.4138307202911158,-0.8415577351666578,0.10342639062525423,0.3693909932491372,0.4253738033577946,-0.004123062285688537,-1.692134171456702,-0.19027070936219462,0.8276686088506697,-1.0952921705917031,-1.4185834557771473,0.2869430077386021,0.3049591158645112,0.5169161324206398,0.22839545987593932,-0.10069141789627623,-0.7047894769412172,-0.8222976165378142,0.6380492996673663,-0.564918204195231,-1.355132376843006,-0.3413452360469223,0.29916914379659204
TCGA-AJ-A23N,-1.5545221479725326,0.4715561532654739,0.04039192746739036,1.093790487589961,2.075957201728788,0.09295848954730986,0.8531308110051081,-1.0535756408567145,0.7957590849021664,0.6126733702256046,0.6285694679902563,-0.3445443467842957,0.886109139931629,1.988411827408097,-0.3393891614483995,-0.9852632391307006,-1.462945992860997,1.0714867192663837,0.011193908880240194,1.9792076508625573,-1.1566328491061253,0.897557340357153,0.6388986835374284,0.503575379106718,1.117244668202463,-0.022441955867928406,0.20806037535065994,0.45081952846893286,1.1797099206318569,2.0393588516686387,0.38972342430343876,0.14363081658444793,-0.19341136618312935,0.4892884074611452,1.1252300282496188,-1.7119934400367138,-0.3472725797987108,-0.2994955412747215,-1.3463183775899497,1.2278464285496924,0.38873629254755676,-1.6349658642565787,0.6421097246397526,1.2054571784659402,0.9840534790180089,0.5984309748779569,0.9186153136249186,1.0374328515890465,0.05976417583774384,-0.7197337465527709
TCGA-QS-A5YR,0.9782955203629851,0.7127633778009407,-0.36831724874769317,0.11699387177083102,-0.4320682368793775,-0.6172164629214787,0.35347067616524674,1.265710910722861,-0.5230452201722862,0.7047396855262618,0.8178486901877806,1.1598883560071669,0.014500465821795667,-0.11423765574870677,0.031975668862296545,0.4479500913333271,1.4160315845639186,-0.11731578772950685,0.11376305179210697,-0.4405845442546801,0.9312317186943914,-0.6294839157459274,0.3838556242805186,0.5822466170006431,0.3462535888719491,0.460281139380702,0.426198782168152,0.1804770119086438,0.33796592500622896,-1.2035546131432098,0.2775410386316096,0.34028942768546555,-0.09953477898850402,-0.29801306245542936,0.689026064579495,0.9249115159212792,0.28486425547356575,0.26364616982536765,1.1725125679930657,-0.34969764589708324,-1.0061516464929512,1.9163202423323389,1.1487037167176126,-0.8569939974164431,-0.3142062787558585,-0.42295310427717225,-1.1665674778781245,0.4577720171747883,-0.9192958658671652,1.8380756181023026
TCGA-BG-A18C,-0.46878060322362897,-0.12099474055497259,-0.2377881265545246,0.8076360553029401,-0.26023388773647554,-0.3322590282935051,1.0948911083382324,0.2375975105604288,0.19676124505382495,-0.1941546103913222,0.43314513974766644,0.5612693700397966,0.831221782511489,0.03344016234716811,1.0743254757114034,1.2150630023924847,-0.41275034048798476,0.8708546987138124,0.766243299916622,0.9511476188373031,0.8533227728354221,0.7295555405288523,0.6532108092899024,0.6120919822795416,0.38144370199973143,1.2374982075383367,0.9731234836138148,0.30820014398156154,0.18515802976368656,0.6219291522058893,0.46101880411884305,0.13343411359702476,-0.49345343461731395,-0.12945663430321439,0.9840774399489164,-0.4300663663504527,0.6309098980756183,-0.3710897378177808,0.9655393013258481,1.5076473900938328,0.11271998976402012,0.03456127326142772,0.8183123158677681,-0.2051413639999455,0.47002924584331457,0.24411659668100702,0.23205627605823234,1.6631006102397523,0.6062546619196663,-0.10424694991332215
TCGA-BS-A0U9,-0.8035433135652181,-1.081706647517635,-0.7007561071779141,-1.6008885304219715,-0.8718325438856053,1.7802844593658722,-0.6656319291842597,-1.2044971423838953,0.8583647467719924,-1.0140688463348637,-0.6523706328373153,1.4759956323565033,1.2356910009140616,-0.9968078650632364,-0.3939148929257063,0.9046247610511189,-0.3216304898251678,1.0559348752608952,-0.0022281342917073936,0.30299501231806464,1.442868602754626,0.13771626103383464,-1.2983785973483561,-0.28638972768028714,-0.8438144584850615,1.1694949760893802,0.33032822520652755,0.8067123051832743,-1.2468430725338389,0.9145513040328404,0.266236459875842,0.8394718523469479,0.533113135948868,0.3696696675544153,-0.6019834046377043,-0.2129934706093041,0.14890087306309435,-0.282038577126712,-0.3944236366567288,-0.2867903628214444,-0.9874613733043647,0.13389180258179262,0.5517258727221698,-0.5407579872474181,0.043206322143057765,-0.5761571249305036,-0.8978318921461783,1.4668339081458692,0.0005883534815954894,0.06614205621849073
TCGA-D1-A17R,0.5868618437414479,-0.8576937273614715,-0.4429975907723651,1.5368043526895383,1.8024297771807436,1.7027241326133034,0.3986992307638544,0.866794151398435,0.8894192715563443,0.9745422559235711,0.019861647012164987,-0.8945731634789956,-0.5586561706995975,1.1797835065940918,1.848297913181776,1.8536846120850463,0.4156383010605014,-0.47019469732493707,1.3202083227208719,1.1736588830588044,1.0557734307599487,0.9268893338863408,0.23090726160232786,-0.7737325234551216,0.5279711824096589,-0.9493833396480467,-0.8219289385496358,1.7183360816063011,0.6835466681209306,-0.20974608877088624,-0.4232440991373689,-1.4887834442378312,-0.014184140995890047,1.1158152017881702,2.0584749929185486,-1.5031666008175246,1.4033939844925525,0.251176804078612,0.7741425437503109,-1.079542948958027,-1.8812178478195223,-0.1987252921927982,0.09968127376127857,0.42642067128220007,0.44684952899741853,-0.8481839082061042,0.323443135895735,0.5805255301930621,2.7118054347406177,0.9174388779269812
TCGA-B5-A1MZ,-0.5791164036296962,1.2500286350729033,2.4058530215155964,1.2527255041070589,0.021453658525345618,0.3494974776415234,2.483817126666162,-0.24640547504822116,1.4908474521175388,0.7514317099340918,1.4995719431242758,-1.174036203907511,-1.2766975769108444,1.337156803873955,0.7696431327209587,0.7374202935669939,0.4953662380793553,-1.1281174340652174,1.4391287541855355,1.0484635290883493,0.6601904605314778,2.5548920690110957,2.009996104667215,1.4143025259307076,2.323758338233004,-0.08729994026601136,0.49919450956970224,-1.0885552658946283,1.8995308915002274,-1.1678426990885558,0.7729120538112229,-0.5352348358306808,-0.5526576219094691,-0.19650768807269325,0.5668822775151866,-0.8578619475073113,1.370445752059469,0.9677027786175877,0.1273436196361058,0.6617702606114867,1.5790168011459456,0.2738775017090108,-0.3162317949009894,1.7436871965824745,2.8233518016571417,1.5991882874264232,1.0511841072203656,1.3494748716690332,0.8599674110321452,0.4816608315297675
TCGA-FI-A2D6,-0.9145614960126944,0.8050025900783141,-2.3148488475574256,-1.5218292223483125,-0.6457608965436452,0.24171612991473668,-1.7803015801021262,-1.2091694901981749,-0.7056614527368958,-1.3662682577238672,-0.6538312733715337,1.6958083660115366,1.7679650664077358,-0.9273176808941009,-4.325905146003653,-3.2430196866415115,-1.3297896219927805,1.8699349626767041,-1.0660218722238775,1.3804409451736446,-0.3833291526192201,-1.4009847464704652,-1.07437923120583,-0.15558615935978307,-0.5933165245895761,-1.1100190576999975,-0.5318586564784968,-0.2018818991397851,-1.204863852549041,1.528857667866929,0.489796510935021,1.5880337652527177,1.1203015542691235,-0.9675724103553607,0.5558019925377412,0.33515220345286123,-0.7491305789778216,1.368119652888085,-1.7050396199620959,0.5755565158210628,-0.9158294998277096,-1.255757044281248,2.1701917702359332,-1.0729384820961194,-1.5814650729123432,0.13723922424189877,-0.8870045298650834,-0.4735226854510149,-0.5001963941242075,-1.2531653428195202
TCGA-AX-A2HK,-1.0399241527215226,-1.0499930480105861,-0.5425482718869936,-0.039421319121958384,-0.2620261440928293,1.041410320514823,-0.9416654952680559,-0.9895863855886398,-0.3354213022885714,-0.01022510201310179,-0.5295667022289932,0.21923336181016528,1.1853170937053608,0.3497578345845334,-1.5594093101714561,-2.010687654829222,-0.45342086275724747,1.1700761725638291,0.8237370355669147,0.3445472081744671,-0.8785716774364127,1.9478246137475403,-0.3007468776606752,-0.5072705878281516,-0.4197323338057777,1.256228992560104,0.3693455160071565,0.8534149692831724,-0.27909649720303376,1.8820031174011456,0.3286704165240431,0.797811682980654,0.340888196955845,0.06902376428230629,0.02673597708574207,-0.04088855328541872,-1.6723204180025326,2.402393109883732,-1.3203329647900972,-0.5830457281664825,0.4823575901504209,-1.5172981111379251,1.7403549263619171,0.3410098700023445,-0.5019547455273544,0.3472565561185999,0.47649532548071577,0.25663468214620966,-0.2609698459845861,-1.2925001445112243
TCGA-AX-A2HG,0.33803590232924985,0.651726642969206,-0.884068863966908,0.3334302007209656,0.3675997417779105,0.9079413828195054,0.8343877041150725,-0.746216129010409,1.6540285424861234,0.8558833139047854,-0.02192914153771149,1.085254769779627,1.1686309279608138,0.21360359820410274,-0.8941086827073798,0.6281944284434009,0.22681948239671654,1.0675967398354433,0.8238538453828125,-1.2424875593342886,-0.9572773348538991,0.6100759362070571,0.3645755255298381,0.23206944521788467,-0.01703151309837627,-0.8983903491953267,-0.5451300604504875,-0.20081047792174903,0.48323621227290803,0.8978447354047528,1.1433493673787531,1.3204191614787668,1.2118510705332664,-0.32507969483472854,0.5100654885361741,1.4282563400077208,0.5104315614596862,2.0412836736562503,0.04725194192164392,1.364465156660036,-0.21689721617862587,0.18900904484004952,-0.43745971274634043,0.11948089788865104,0.515246962428705,0.663052066483261,-0.9042372456395034,0.8794364927874999,0.0033191706113132303,-0.6366182921816086
TCGA-5S-A9Q8,-0.5108962937911924,-0.6874119879204345,0.9018380864402809,0.2476056717555933,-0.1583315975710213,-1.2228425383114438,-0.154705599979127,-0.7478895449734548,-0.33456362846732224,-0.8339083479056075,-0.825044431984845,0.18939102001376085,-0.7225089172288407,-0.3009955283914238,-0.827793872157911,-0.8533252514965219,0.22998021703816834,-0.7046352812108017,-0.44896210431634187,-0.1988567408930551,-0.42115779177271323,-0.7111770779560845,-0.48986452491005733,-0.7565610179162416,-0.873877096079172,-0.5286587146424147,-0.5831317306838169,-0.3866810679244009,-0.20119899576423725,-1.0807178400391557,-0.5866021786439554,-0.7330262830344656,-0.5129679158446727,-0.6943258657126729,0.22180630703180546,-0.2777169343646917,0.6187975148144879,-0.5917173410591268,-0.0676589346299194,-0.4158315914501243,-0.5648596339895281,-0.6396544549447993,-1.2856095524070388,-0.7448025314147193,-0.38884398740281356,-0.9247955997513247,-0.5843809025223882,-1.1278697499851436,2.3957886013312044,0.4779924357368041
TCGA-DF-A2KU,-0.7097692978711798,1.300429302260591,-0.7449302235370452,-2.0140838981339697,-2.150073688398209,-1.6335583425904767,-0.3730673053496354,-0.43353911306892495,-0.19122324052837886,-1.1300264323679774,-0.08650128922442103,2.05122503887391,1.0118550437227591,-1.6598179184414024,-2.4995877085158433,-1.0067452608455636,0.5861032793864449,0.8062978646264957,-1.418268047692032,-1.2644843575876623,-1.5123970943524792,-2.585906159021232,-0.602327136689421,0.5305453367286642,-0.016288219302279316,-0.26243755060258184,0.1562370690915476,-0.6403074619010442,-1.3607354956080628,-0.9524648340984521,0.4094653780815468,1.0098000073028157,1.20806015029017,-0.6228442875097542,-2.0958325349453557,1.6194928145536238,-0.34889157567162693,-0.5393802263223254,-0.5053923113864986,0.14348322646178022,-1.7162479910625372,0.7808400351007849,1.0805214236020784,-2.741245091300139,-1.4883719184051396,0.03072689976672263,-2.624288347350785,0.013067906254431967,-0.9949743454655069,0.04245379697682992
TCGA-EO-A3AU,-0.26500191386372834,0.9277771916621034,0.9424871037031053,1.342566063774187,1.2506671106383564,2.0426135066137814,2.4958277359049594,0.34977873765903467,1.5612600040474953,1.3120395105475058,1.4465952622211478,-0.45182943848162527,0.5773506287755541,1.3243569933666681,1.2056866126080268,2.0110722073166416,-0.13412933341667366,0.7710095837116088,1.2608346022156702,0.6083051974410462,0.015392700545127421,1.9931627633177362,1.4184381113339606,0.9320765405333679,1.677746115780422,1.4174629563710373,1.5141774011785873,1.147573251810068,1.8826599339973253,0.9441464768124637,1.437451625646663,0.4337664560196355,0.06209388902531039,-0.5571505135530589,0.4775123793275735,-1.308278946511389,2.0173227671615597,1.3335176200851993,0.9771151098258388,1.6321584079531004,1.0031546131146603,-0.06388431968512194,-0.9272298779519679,1.8073184493738432,2.2380867441243453,1.2186818283429663,0.900031846395538,1.1412783826351922,1.2199443543914856,0.8661148831178317
TCGA-AX-A2H7,-0.006672986340678826,-1.0789315132349813,-0.5456539403356394,-0.7967771036224838,-1.4641343320169966,-1.9941815437926538,-1.4855552576055333,-0.5535080525821063,-1.26879393605027,-0.48454605083910285,-1.4208858757026073,0.7737177700531243,0.2708480030409357,-1.005080017721494,-0.9642229687695097,-0.9054301683686042,0.1603848497491788,0.2568082455672793,-0.4324153445215033,0.8138447310251264,0.4040316116637418,-1.0099802424637008,-1.1352376314146526,-1.3338051518812788,-1.3733957923783977,-0.8395695637324934,-1.004055548053749,0.32331068708966404,-1.4771453159568735,-0.1521340350786662,-0.5311708624583736,0.6168526681993138,0.5224213803905454,-0.5350832885160284,-1.9632641937504316,0.6929823638523237,-1.3565600014999295,0.7397242156933691,0.23953795333892916,-0.43219535363087763,-0.06933853438601713,0.5624545907889221,0.48128112507567256,-0.5367676137359909,-1.7643085699056777,0.3155750240375564,-0.6716828926025554,0.07744027866598868,-0.13679133092217927,-0.463940559939984
TCGA-D1-A101,0.6897560891584933,1.4063862220425782,0.4423432500257913,1.4618008595687246,1.594712108993472,2.0014091181801814,1.1369092930652624,0.2901365391026192,0.27425201209425243,1.2501395811451321,1.1824554341792781,-0.08958781156196512,-0.059530312250833516,1.298348063736372,0.9378452362609924,1.1345246257418127,0.24410796537280618,-0.010712375030369396,-0.011792556170482383,0.8492528064590805,0.08393977016789679,0.09979584617411262,1.3071616605459642,1.5021367624513002,0.7752311647674545,1.186064075253643,1.2327330173982312,1.4907989599844453,1.179709631102352,0.31403953786492217,-0.024688953680087344,-0.11601727778540177,-0.7242094426322264,1.1530638397827717,0.7751800431401035,0.18219603710383167,0.3489578469780243,0.19896432959502175,0.18937113941182757,1.1403115600744693,-0.17009195575934835,0.3661945381489423,-0.7616728328969107,0.7877074531977661,0.28116051263833974,-0.843315458695365,0.8097113170631651,-0.26929669717517624,0.2700030438304266,0.05638393271113452
TCGA-BS-A0UM,0.107688104263662,1.2633194256932037,0.8216148585901076,-0.46471459055867387,-0.5375758906175069,-0.2216784209442357,0.024934910467671736,1.0595282769708354,0.562158644534568,-0.1178006731730786,0.9542966894335354,0.324649703927305,0.25045600763954,-0.8140966797036664,0.43480251980392626,0.651614071117833,1.0013035755789168,0.30229994172364616,0.3011878027919077,-0.2762070373723597,0.45063530152711756,-0.757580005451498,0.6557944210042552,0.5584474257446511,0.5221565966363172,1.319172076508532,1.3648028621513288,0.046192418078481505,0.2469566545716529,0.11929778544413544,0.5899585658453046,-0.23426054008711408,-0.29906052358538554,-0.6053735438719619,-0.04858873718988552,0.164051980033716,0.5060369964116012,-0.24197606025980867,1.844310248301997,1.076992107306467,-0.07044421925910452,1.1162123466035654,-0.2406708059286984,-1.4037169841807071,-0.1667422285543038,0.10902534784149139,-0.93190988418751,0.26739661607061177,1.3464648929243976,1.8219044449758939
TCGA-BS-A0UV,-0.49819879033450193,-0.204810595354187,-0.5174882728875292,-0.007573426756811568,-0.00045788855958380344,-0.48965351840045207,-0.25357829193520776,-0.6818345014821333,1.2822048720728028,-0.4809761510118778,-0.7327657362451314,1.1623818844618137,1.5352629790010373,-0.5106604091478858,-0.6083003513383455,0.24728002705487218,-0.09635544715946366,1.3441221702831596,0.20286412693029793,0.1847531550126645,-0.8172157801401336,-0.15070849159231767,-0.9756034008980559,-0.3407529260026611,-0.5483050394731992,-0.8947002377045158,-0.778207716601453,1.1075529765741585,-1.1154687884574352,1.2459438890511085,1.2530891342624102,1.1774430354297025,0.317953271438561,0.599463185750054,-0.5591673465945688,0.7021865369523966,0.05457638357954811,0.21849398273892393,0.09284642897697215,1.500320187818877,-0.6311613185476936,0.19507250460820225,2.328872179369241,-1.321568938140742,-0.9301265128004059,0.14744514219842214,-0.9751629304664707,1.4672655092896911,-0.6365082366570668,0.30071384919011307
TCGA-PG-A917,0.015639300688219337,1.1697745653562073,0.08805080569865995,0.02331679195330814,-0.577038399594633,-1.7137163741636947,0.34832497007314195,-0.20046038043380712,0.0557209999995535,-0.8043225147701014,0.2536947517189942,0.01333301761839015,-0.3489637408047822,-0.7495845037619268,0.05374937799677396,-1.0398544145760367,0.2936290023404662,-0.28024150922353375,-0.005041234875524139,-0.544259022933255,-0.11299221702425419,-0.4358380068840999,0.618911572383348,0.7596145639526729,0.31974794890937897,1.4258534461557757,1.4912486250956607,-1.6126418293917095,0.24600953040844628,-0.7509433585494308,0.5606881678243589,0.6101394234757186,-0.08980100290927338,-0.22374239967905493,-1.6789139851935846,0.4933057388793521,-0.387624317927269,0.1711813192104731,-0.5246582710261042,0.5674120270880263,0.8211576252800553,0.5300240637186591,-1.0393759741398152,-0.4925148431074606,-0.2579944039589763,0.5838986005370841,-0.30419491709762303,0.5523728253105938,-0.6201173389040897,-0.24110324099024652
TCGA-D1-A15Z,-0.5998996409386115,-0.7823950692146724,0.8035760949319664,0.04723264887718185,0.6039949869584393,-1.1199393455567939,0.2773084292971745,-0.6346348779706955,-0.7062366509375791,-0.5605969817021145,-0.1939759961253329,-0.6368107257210012,-0.2402618192411181,0.17486836440565137,0.7872363126761571,0.1687061423104635,0.11160652229528985,-0.08821369290093906,-0.11861255329441041,1.0928643874868185,0.8783667452752766,-0.13497321630361578,0.5013512483469149,-0.4143788967415526,-0.43060717480378224,-1.0758243296806305,-0.8836040402148908,-0.421949242397527,0.3512068891443031,0.6956862867511908,-0.007268186016644335,-0.11927880815230386,-0.3117773453035599,-0.8382464863641869,0.36059043480658215,-0.6218242432394092,-0.013759136112686343,-0.5331679428310934,1.1166400783022035,0.9956420666243126,0.8279229916177973,-0.6353815105466064,-0.15840913693704337,1.4071667500088545,-0.20002569670949036,-0.7088022956973037,0.7475255844875011,-0.6381378984100213,2.7968575422856934,-0.3775640739785981
TCGA-AX-A2H5,-1.3946808206291752,-0.28751780289766976,-0.5455919340310262,-1.4754841293921117,-0.36838408201642603,-0.8742435852619556,-0.583891964864089,-0.10503617237010662,-1.0233911093342927,-0.07917799634606343,-1.083125804213728,-0.6508077788267096,0.14682903726009144,-1.6478643975527776,-1.0154394516202612,-1.2690972033027408,-1.622524659563418,0.24378107313267353,-0.3603521806899267,-0.8139476307042616,0.5929692403386252,-0.40788629490789885,-0.8810943472595605,-0.7145881527450667,-0.6683642057718845,0.3357045513200756,0.24004682219419204,1.9364393391736767,-1.2090683505089508,0.12936409879424488,-0.8126374083296615,-0.1226416687385165,-0.5112619958247164,-0.386779143894476,0.19728671718120208,-0.5096062213322919,0.2770064492157937,0.75775960689592,-1.0588732087425,-0.017116632121585523,0.49097981326536116,-0.6170080632070479,1.0956335697571302,-0.3679715726049699,-0.34652107466497045,-0.15695989000952038,-1.0183638088041445,0.12810947503609063,-0.87564675555433,-1.5536854324670792
TCGA-AJ-A3NC,-0.1931838978556636,-0.25919837359408615,1.3067971960070064,0.8432602946254246,-0.2675903628922366,-0.8966870424569757,-0.13374125705232898,0.08524829515767751,-0.6487609978720092,0.11486783777141236,0.6432742685172727,-0.9817580588833709,-0.7328923968186722,-0.13209410435697924,0.40037325180078176,0.045147141688666265,1.2178563399547435,-0.6411702747644471,0.33496799001727867,-0.23839464863078946,0.9383913606491018,0.08240804384830719,0.4207008781059296,0.10966426669458997,0.40698407943988707,-0.2776001452629273,-0.18993470418630626,-0.027988476304035136,0.8811811238902391,-0.5996253063090206,0.0015087337212680934,-0.09526139330411872,-0.5897190013352368,-0.8634289819357712,0.2793901935155895,-0.3654541076253918,-0.2359988639177938,0.672251494746388,1.058441874211654,0.9648580628744511,1.1990409431936742,-0.1321040011343237,0.16248754893001915,0.22991451532756413,0.14165396214460046,-0.018140040479424697,0.4862856386767057,-1.1505668235212656,1.892055079008643,0.57010580604925
TCGA-AP-A0LG,0.6170462486252664,-0.6142115025248269,0.6096846773507416,0.7632381635212939,-0.07867092461818827,0.7353604385764375,0.5926579693800175,-0.9662042018695358,1.2747123007091374,-0.894552187723766,-0.5309109574586585,0.45813385649459776,0.9014590962153316,-0.5194200544203634,0.2732927712254043,0.8511180017058918,1.3659608273981734,1.0197078980286394,1.2652987869910264,-0.5449662607338939,1.5936303702088965,0.5393698094277064,0.37183870317921847,-0.29526421300376093,-0.20864075026972953,-0.7701984001014417,-0.6777717469679332,-0.3321244432878984,-0.17454523349655993,0.8308348405670756,0.8801998196414645,0.8168530227607834,0.42821289938274115,-1.2486979035212864,-0.6755372280678955,0.43995304595992096,0.3160916764779386,-0.5828830628069543,0.8799549877645522,0.49473233678907497,1.3653029803205694,0.017849688708979534,-0.5622311284637961,-0.012518369411303586,0.4866426166240769,0.565268178242396,0.2439482017903548,0.3906897714193411,1.1893390798609254,0.0922114781607179
TCGA-B5-A5OE,1.0050898307888658,-0.534252599011002,-1.402114974405641,-0.4334905992445466,0.228915751316505,1.132912311440831,0.15470623216488488,-1.5143391480777233,0.9892414945371257,1.0363890523595125,0.4776320761740525,0.916748192903767,0.8150586787961589,-0.786975367280044,-0.5366521752895392,0.5382901402055358,0.7424873483223285,0.7525135740091359,0.7173471185871226,-1.480612788381333,0.3404340499180039,1.7092590331657758,-0.02953281646323657,0.0750320748426533,0.2531847557850275,-0.5757358754540494,-0.5901029989806632,1.7972076021011747,-0.411998261031536,0.057067050912998865,-0.0022666573524991605,0.4354726531183202,0.8992879324931046,0.6334970769984063,-0.30061032868445003,0.310553625861567,1.0921096737729763,0.4503133097762964,-0.9469649551849002,-0.5631097683739238,-1.0586299539234176,0.14883777586867072,1.8855567337744892,-0.6729467945329072,0.513410647705054,0.6022934391532249,-0.8388972785490776,1.166227723907205,-0.8382050277090771,0.28249124364170414
TCGA-D1-A175,0.5936122629225,-1.1070236557443607,1.498353654814406,-0.640905661495926,-0.6045284697085422,-1.2838200686684884,-0.9653121016318215,0.1405832785586014,0.07993424150389375,-1.5354969750926715,-1.7223183717413397,0.025261316799470617,0.5385095761046247,-0.22520204594976112,-0.1828995077442372,-0.3285829515416933,0.7072735121208598,0.6846677227214444,0.130528801815239,-0.5304900323233412,-0.4247181719548777,-0.8677453230349771,-1.5836746128484704,-1.4224795909293821,-1.5727488963052898,-1.5647369262001602,-1.4811156667661707,-1.2845657944216833,-1.619614195625578,1.051327054104864,0.21505672823019534,0.39708334113003074,0.38185106479168107,-0.9524176859582762,0.2619265425275395,0.4024641473326297,-1.726286933648685,-0.9872005659271538,0.831289885085163,0.6935868431279549,1.0700237552125895,-0.5167305673485276,-0.8817252406184143,-0.8528646809070421,-1.4909545636485049,0.8780695356134268,0.056969654550587445,-1.5442088591625243,-0.2621540825202858,-0.4829261607269692
TCGA-PG-A915,-1.5780060258754587,-0.5679628470294348,-0.5869607568190713,-1.0512585437503659,-0.30088914317069243,0.3134954535214721,-1.366779372628944,-0.7436324969985983,0.039831592379153354,-1.9734645883069086,-1.296904734984599,0.578500128642995,0.9691741818942871,-1.1689205171058301,-0.7078357225839403,-1.4177797587915353,-1.5317230993980084,0.9394629875271342,-0.6798036429786758,-0.13186266877363645,-0.10587013135647594,-1.2145976707294628,-1.2779803869000554,-0.9259871448073159,-1.0731991006439423,0.7473776099024743,0.11062082877839742,0.46894042368230365,-1.0093848310080498,1.3122629629496867,-0.18155777669450285,0.9648104509525156,1.007422380807869,-0.016816068895313858,-1.4189377926764541,-0.39703389907002234,-1.1404222916454383,-1.1082100361827325,-0.6096711683833173,-0.3533279104505182,0.641870181313414,-1.5210619153749285,2.0749082909263588,-0.8651657995803549,-1.168920343118173,0.6409313914909571,-0.6744137941450378,-0.7563476409429012,-0.04178547193236973,-2.1302560220397178
TCGA-EC-A1QX,0.7402582962807079,1.3267342282845749,0.27165595302556256,1.8665719479227945,1.3185823616624028,1.899754767777292,1.7224101331345392,0.7273381260561517,1.3669945570835076,2.4253769890518333,1.7427689404925102,-0.024433185457664035,0.4587111611228209,1.1930426240860612,0.6075294819066982,1.3519331485682375,0.4997305438529202,0.6086354070577541,1.7288248631186691,-0.04170130456926422,1.2221921499556805,1.959832300152428,1.4600443213389693,1.8172407201622875,1.6982752169925632,1.0647973231848855,1.3213178013093219,1.062481164732714,1.7671596066188116,0.8210770230515314,0.8104412623428673,0.08333361727163198,0.017952915883728122,0.3842926599250574,1.2007770660691994,-0.33495109805263296,1.0642996610683637,0.9374240321780714,0.37908048658971716,0.621157036589381,0.47432629301733764,0.8929340816832688,0.33394162449400144,0.8055339609742194,1.2480203520409314,0.7069830079213597,0.2935241025212537,1.182037939604484,-0.1615432879964107,1.3585589072169135
TCGA-EY-A1GW,1.835487045605285,-1.0898758943250162,0.5050847395910916,-0.4434513578544704,-1.9060380090348479,-0.5572858685158972,-1.6160100059502922,-0.07589307778239628,-0.6798745275366455,-1.1729583504969991,-0.84456959890902,0.33817611449042045,-1.2072315149762807,-1.30313479649416,0.3221932926171846,0.5024950613609505,1.270542037965417,-1.2850182774811578,0.5587022322919887,-2.3714097664145988,2.2151869239991613,0.11235598419349133,-1.4438238935407948,-1.7786532383504412,-0.9519186300459418,-0.03835753350204331,-0.471222414213512,0.3393627113538176,-1.508571813254837,-2.019369725564489,0.2681903057640998,-0.8133930175143779,-0.5882261920377043,-0.19718588147478197,-1.39030400736657,1.804305828649478,-1.1661572175096864,0.10625759398159851,0.4095998416565742,-0.6202363733669928,1.1446147322769176,0.19387019772224887,0.32288674671865575,-1.1993922674319455,-1.5279825021806057,0.027697608916262394,-0.4142349433159023,0.10909207838565861,-1.7037491357201078,-0.0869145616443436
TCGA-B5-A1MU,-0.6255090837285505,1.5721146942834083,-0.019267353840174233,0.8167937296286043,1.7486462125584206,-0.08886832982859476,1.8560174273215495,0.4602551305279684,0.07950410474976258,1.589965888189272,1.7339926764626468,0.11632249880646786,0.5796880462708417,2.0618943945086707,-0.4016421579013832,-0.6663170756750758,-0.866509544661806,0.6403821046753129,0.2530106106294957,0.21461887081104042,0.25948486284316613,1.8624392240472705,2.0904472227299555,2.406519241453781,2.536185825918588,1.8242877407408917,2.01205728700923,0.49619394048320886,2.002571289415463,1.2172321700354853,0.4465893987642633,0.6838082802232516,0.8173687762908446,0.8594834435047537,0.7094045190937305,-0.8716984321839363,0.44186878192715123,0.6725554172340027,-0.9616572393537441,-0.8827408859462426,-0.36411158050139314,0.10937761636524758,1.0910825033252032,1.3598222121176056,2.4088307265202786,0.5203264793468879,1.016286910552037,0.7811975270576422,0.42024058366873107,0.23785456884048672
TCGA-DI-A2QT,1.018413719750959,-0.4689978375261659,-1.785878854520681,-1.1240786912833116,-0.08388926386725573,0.04753404124740566,-0.65785779789208,0.15912154404926754,-0.3411580544453214,0.9115346060679099,-0.0921751221053656,0.7671459471017528,0.5248008546240073,-0.9548213203388565,-1.1256842078334988,-0.17441400730269566,1.2606475909921029,0.468796338492665,0.6823448294200489,-1.0481598610502834,-0.025789720715812047,0.7792194268523757,-0.42492894655744806,-0.09420901157470604,-0.4833327305682845,1.2559060243365026,0.6799418296030963,1.9613941718405372,-0.39585461000710764,-0.24454335271373842,0.49106748489381413,0.8251799968665574,1.3398793286185846,-0.03683588887524761,-2.169630659274521,1.4396723214684448,-0.4800408102608434,0.3377170526265161,-0.17484646093891582,-1.2088810333690416,0.1517312552843787,0.3980058383083586,0.9983165762058751,-0.41974333510970474,-0.7876379460615632,1.002433244790769,-0.6046388596322847,0.7128980854392926,-1.3770371967552157,1.4712962956754445
TCGA-AX-A1CI,-0.002964276525773757,-0.7506746610047815,0.12118798915675014,-0.7855433609398045,-1.3312143432520702,-1.3308044078020063,-0.7240591660560236,-0.20553580900731125,-0.931010731186171,0.31041010699783617,-0.33254298668068877,-0.3630675494529266,-0.5507030948605393,-1.3708646108916422,-0.2587198861753039,0.08879270550449005,0.6097314203099169,-0.5593942311764901,-0.16350033030544922,-0.5906738988292273,-0.6739016967008145,-0.7838723376957327,-1.0358371109027218,-0.7400802858568267,-0.7760532642965344,-0.939397744632949,-1.0915557296104281,0.3918686831381475,-1.002218417737839,-0.8692876523476292,-0.5931190444307123,-0.7672215369703834,-0.4976922719634117,-0.6701537962561137,-0.5241488285047827,-0.08464863617285644,-0.5258128181825084,0.051163205339511915,0.05693694837010226,-0.4883379154157527,-0.01414198437347386,0.13757390824254997,0.45791597852067234,-0.6274610446204019,-0.5701494012156505,-0.38623062459088653,-0.9266217767559621,-1.4369944276294027,1.4739239110007285,0.5274047341921289
TCGA-B5-A11M,-0.23578391062014264,-0.5522288802663831,0.937441482730986,1.2305755220456815,1.045530189299609,0.7215805298929736,-0.15296876357587683,1.7590140727281058,-0.9703894180441114,0.22748689463309524,-0.274621222993835,-1.461518851207154,-1.5040052416213792,1.369400428212411,0.9628893402767306,0.6759456628092004,-0.14732373977646668,-1.3275279475528472,-0.6650983468897276,2.288524700014576,0.44818031371941613,-0.10091381780552917,0.13649278034610127,-0.9173902670881303,-0.5161966213822345,-0.9413968204607384,-0.8982834620873157,0.27297948224531154,0.5009833143595573,-0.144535937794259,-1.8674228305516,-1.5323640413879165,-1.4906640920709229,0.5730620324056561,2.8751144749991306,-1.487730991813976,-1.1933225022280014,1.1309946885916282,0.7597938423074144,-1.381249542117194,0.3567349947665151,-1.018084196807325,0.3064972659146227,0.9146398801021864,-0.9322019911863826,-1.038918182016382,1.942065334984611,-1.9425193403240646,1.3045140084065359,0.12515153764285009
TCGA-BS-A0TJ,1.3392275409250536,-0.15392249090444965,1.1794504849510232,0.8180757805276323,1.0167568317661195,-0.14228697621597772,1.08078999498715,0.5662457919686713,1.0624408414953361,0.6285184910722132,-0.5918246464958874,0.5363764402945715,0.8101914680175175,1.0770166350153927,0.06102615672206698,0.8898533456634959,1.0600130733606572,1.0811138544406453,0.9329891500781695,1.4239720834160108,-0.3233057180406782,1.5840055442483492,0.04375699727714696,-0.2037566465652142,-0.1832895732787349,-1.4854986280051936,-1.003310424289538,1.2041392896443153,0.2601945745063989,1.203346960452153,1.0337174647717668,0.8854975319017219,0.13783834625696467,1.1100689537196256,0.7184694511169389,1.261550192437858,0.8085095741955154,0.5335664320042178,0.3500777750510958,0.848106741311262,0.16810777653368345,0.09380530378081504,-0.07864199738689087,1.7982597088063137,0.7470087747120563,0.5379420512364754,0.3237730073311208,1.5617758125472525,0.56326513932323,-0.09429146752618628
TCGA-EO-A3KX,0.13749374776635367,-0.6362578371941465,0.31714027330926003,0.2587031341997847,-0.3458421285013325,-0.4893938542963775,0.27858198629642517,-0.665092032264797,0.33643443922713995,-0.5487607440073848,-1.346270409427587,0.9465642247028644,0.7753008796423122,-0.1310030769205279,-0.4337591629754492,0.4434270933458585,0.6749950401566567,0.8052191638596068,0.8865861729077928,0.09452647817866079,-0.8360327324936826,0.9718629630254414,-0.8414337405788119,-0.8702086721200946,-0.8678514570814807,-1.2667603456836254,-1.1771605708770396,0.659214252590185,-0.6474236826841632,0.718617519060607,0.7696163509682777,0.7317892031178549,-0.18782694780262632,-0.5702268652961168,0.2722590222510234,0.47043204723130433,0.5179730343334902,0.7825379409518295,0.32341859992697247,1.3659372967732195,0.5415925888417907,-0.4353876859327239,0.3295538499726326,0.22816501489522195,0.041329197579876645,0.40876801997568263,0.07848437705774299,0.5360231622315333,0.3460370125782397,-0.9024011662727167
TCGA-PG-A914,-0.7278509341229805,0.4122504873231371,-1.2001115680483632,-1.1958394311224951,-0.3985407579302849,-0.3102804037576593,-0.6481925912877123,-0.4751850273540753,0.54744527678569,-0.2202826923803545,-0.2998490643200915,0.9202722016018782,0.23676856832609422,-0.946907317611038,-0.767828751917041,-1.2518397331415827,-0.5252790214147058,0.1282682389229973,-0.5851023682091306,-1.386570316503929,1.1108645147139937,-0.3305133736628072,-0.2541433287197782,0.41062916419589957,0.17780875708846636,1.1469643782467638,0.926601405816054,0.42736315379970075,-0.726617730256344,-0.12258533747621005,-0.0010382385029175081,0.5872652210766274,1.0510300596401894,0.02636859208228967,-0.16873800535555333,-0.4262240041798837,-0.3717384103779839,-2.0517700950379316,-0.3159894867951344,-0.4807438137745856,-0.11618941554833057,-1.027131737837063,0.18469573328353842,-0.8789521742830227,0.16577338702509486,-0.5527771172881305,-0.7080810485603772,0.6869392525649088,-0.624477992999083,-1.5171454416298966
TCGA-BS-A0UJ,-1.6244942715675925,0.4640900036323145,-1.9336457114160284,-0.9560244760558547,-0.7569810399015111,-1.5896255188419077,-0.834558255119375,-1.4955967347405652,-2.174244541387939,0.0793054851499622,-0.22311440812187602,0.2525930466755557,-1.7925099504078048,-0.9965207685149506,-1.5680635964084428,-1.8909904355469225,-0.1636125292277353,-2.0774824253504316,-1.46374317553309,-0.7389191428471337,-0.6124825487748887,-1.524270293063946,-0.573568535244825,0.2157175240462067,-0.36381111024672624,0.6801731837515339,0.5017462924343566,-0.6989239613961313,-0.17487732338196926,-2.2054468601596393,-1.690070146565264,-1.7357394838335574,-0.5516722856334606,-0.6722884637063136,-1.3515592765618416,-0.14654976888584306,0.4348302508702229,-2.034078377442172,-0.5678512803395925,-1.4720479263378297,-1.7038380697928484,0.5257854605247345,-1.527496725335579,-0.8355132471718454,-0.5265653689248966,-1.461226744208136,-1.2179053080599647,-2.002618193784174,0.3542596013907877,0.5201515067922737
TCGA-D1-A17L,0.004012465804427634,0.38211503367670213,-1.5403041793223224,-1.4216370499147228,-0.6578492849763001,0.44113582724830036,-1.3612783058079758,-0.21529814169304645,-1.4625804864712895,0.9793687679288607,0.20453496825729775,-0.4580143125604018,-2.089532682824594,-1.0966506922720647,0.03543533057674683,0.24038404280063658,0.08280618479233466,-2.2465055252630313,-1.2044970387714045,-0.9387382461840055,-0.5212275403202571,-1.745038753747201,-0.7818639891001545,0.018140441093022968,-0.12544133443680341,-0.19652673133081722,-0.12067117185344098,-1.1162281333339594,-0.4895499239195066,-1.7702564433088464,-2.09916427124514,-1.9359353744203722,-0.29966409074829015,-0.6195180194563022,-0.6685812274158146,0.03830228995734546,-0.12199467467383246,-1.1706589421213618,-1.0480943731157142,-1.5115911924259875,-0.9264584002494688,0.26764766710955545,-1.822861906699822,-1.0647954375147344,-0.7642370637797147,-1.9083053792693256,-1.1315948074300872,-1.84994167243302,-0.5969599898568361,0.14627102481798
TCGA-B5-A11G,0.0825031113719226,0.33438318502314807,-1.0943537150999247,0.039037320221427516,-0.7935901602108943,-1.7312981391163274,-0.012998460226153547,2.0769597507007216,-1.3118958410622388,0.9449285912216195,-0.2867377045428419,0.36707380747212637,-0.4494787844365086,-0.880327538062522,0.3659405740405997,0.5658610130995134,0.12256517029155267,-0.4503714755269222,-0.7307535192780815,-1.1384911858204743,-0.1764886181505933,-0.848674084711213,-0.66620158503754,-0.29459919589844696,-0.805178287463403,1.3338797879669886,0.6346934731853282,0.5796394757358444,-1.6170749515374456,-0.891020022814748,-1.0045185162495562,-1.1130734472048156,-0.5736422265524104,0.27921991592798184,-0.9278067623277118,-0.04598096489004199,-0.6481966883879338,-0.12100867933502589,1.1455882181140422,-1.1388902544797423,-1.292165394704702,-0.0522538131378958,1.6140808792424657,-1.089932513091605,-1.2232742671040042,-0.9752104436124734,-1.4631205341850537,-0.230343259093332,-0.9129869216881135,1.1085038557881282
TCGA-AX-A05T,-0.7444817966313881,-0.4632589278725715,1.073998780354357,1.2563880755392032,-1.2732684220466453,-0.9027455554951818,0.05532433352070202,0.4050658852383624,-0.3326087741251229,-0.09971944060533802,-0.1369414021299169,-0.4529089415534708,0.05182945365654933,0.2592693367285987,0.7031842725792266,0.4197512695083016,0.9070449440232,-0.01700414605572655,0.003053381890303667,-0.36794052229787066,-1.1229580950526907,0.0724780378423098,0.3322779917837067,-0.23497266794786617,0.1199716593729716,-0.3467873788415025,-0.22024123026353964,-1.8223234224966574,0.41905336668559845,-0.3609856474821024,0.6687150637184467,0.580068982668722,-0.5413528389205683,-1.492232870914565,-0.44765673111428084,0.1302326102125608,-0.38094676985334464,-0.3770616921180494,1.6001231030549292,0.5582958201100165,1.3370261124408163,-0.3819242499384076,0.7186237035295163,-0.015217307855879185,-0.12421200790728608,-0.25397568039434915,0.6716541322766164,-1.0060045639442035,1.134171153327152,0.5149831925374863
TCGA-EY-A1GI,-0.5784910468287439,0.2733938671712444,2.0795352421478497,0.8286837141243463,-0.9941590897482301,-1.2281259788788461,-0.04865779157761744,-0.6427897185703121,1.2562372534512947,-0.4262694639221254,0.04418753592988548,-0.6287395912890272,0.9392353357087821,0.4544953775799318,0.09314924062830711,-0.1939408299504864,0.22760218108575203,1.0868574196419247,0.9099198239431725,0.043806479745746814,-1.0922756666178062,0.5772403706728857,0.0898837133128781,-0.10487266441606703,0.5290351857977212,-0.88682432507167,-0.2847661667734957,-2.23164728533916,0.017524043546922018,1.0781372665709512,1.588417557257202,1.0349660835212622,-0.05228788434122751,-1.8290375647206285,-0.010771242944982957,-0.3854470888001679,-1.2255216891983904,-1.3561561173237693,-0.6365278317613505,1.1365702856957638,1.9370515460451687,-0.611344155916198,-0.07621702954735603,-0.004787803228525906,-0.21245122458134574,1.4027188378811333,1.0271480298134532,-1.9987775893572644,0.43128018236286686,-1.5589390854304104
TCGA-D1-A160,1.5426850605382192,0.8499865780299517,-0.27584582904981975,0.2871551154899872,-0.25061733267589215,1.2891340966104508,0.37538306617314343,0.10798545190652588,0.021166901997752216,0.8577683190226666,1.075703132568293,0.7018233398111184,0.2507272275972476,-0.23878408006184818,0.06325326750327212,0.6091493377760357,1.167836085608934,0.211956385725985,0.5462095065595086,-1.213079379690604,0.45817478657225624,-0.03929306139799057,0.37759511316395467,0.7566144074632644,0.642521432313298,0.07146992042131733,0.2163876422150277,-0.7432408219865093,0.7150896462014594,-0.07338839114174119,0.4246318676843211,0.6634486382963952,0.6523701203638373,-0.2060421351451264,-0.8335766582864655,1.1890961953958201,-0.2181166031557141,0.4910851117342492,1.0123495219863905,0.06135009063502598,0.3544264532298281,1.207649117520104,-0.6432451008938704,-0.22190716698322907,0.678287903182701,0.5478719820039072,-0.4741596112194859,0.8069245325661185,-0.742442668360557,0.5207615631461439
TCGA-A5-A0R7,0.29001740524288255,0.9088533429819686,-0.16048051817911968,1.2939206212189678,0.9135572653300923,0.6313117231277761,0.5656649324686062,-0.3931809656205012,0.4813584112277178,0.5712802487616848,0.13250951572287986,-0.24564069414645828,-0.051670617650569725,1.5820727477330752,-0.1420352304576917,0.010025666685335935,-0.1749497481546731,-0.026058128873246978,-0.04458426401857559,0.3130386675098744,0.01646789195116244,0.34087360679663764,1.3906769118957272,0.3160741056622782,0.7990726550384228,0.5032498866530078,0.4249666941018999,-0.4843654716513513,0.592570340985462,0.1522582152889677,0.07123082266355724,-0.2297762351177534,-0.048981087515933136,0.5912948562811738,1.3122054401365404,-0.06098867312204866,-0.4106210862247514,-1.0311958870840594,0.12314160436774324,0.592328352955943,-0.5494932547000356,-0.5438518772408389,-0.6758169461583742,0.8972560279757553,0.18895482371078995,-0.20426838248982968,0.747535676545611,0.33551331859500527,0.4220451061205035,-0.3688868566536875
TCGA-D1-A16X,-0.4709350274841835,1.0948401111463275,-0.522827572720528,0.5051898015194036,0.5864392001815095,1.098953504390279,-0.1536200358295339,0.8738289403713914,0.7971620772406837,0.6821241766584056,1.4009723829507008,-0.7325165579466737,-0.8594327636784779,0.17594107357027747,1.762845333816957,1.4264852806517736,0.5001202972046641,-0.7563565360197947,0.7715251315372287,0.8242325727463001,1.1479101982404343,0.5867257614494797,1.031850027611278,1.2127213542082762,1.2859914185414618,1.103310849194846,1.3282984487596734,1.5652546388056114,0.5828006605376179,-0.47849634637376215,-0.3021722418153469,-1.6651907005175413,-0.16609476712468718,0.5273797037807608,1.0132054263616201,-1.503304447934316,0.5840713020121171,0.1578102995329674,0.5508950248172138,-0.0716988380725934,-1.790610923615177,0.8248243465704039,0.16619341478124466,-0.44442665097423695,0.5560085508993126,-0.415539119299946,-0.2841089755829978,0.22452369363673688,1.5835576834754712,1.3618659509613833
TCGA-A5-A0GJ,-0.011112041729754447,0.4449488794644307,-2.204517159888466,-0.7634465369850785,-0.2837694736472522,-0.7688451587901309,-0.5028390168544488,0.5519483745265383,-0.8085697188043999,-0.0799777004680958,-0.2097358955437826,0.24466952317020338,-0.7840557987772795,0.023133671806169685,0.10234651820252236,-0.05798282152259132,-0.5766068961697725,-1.0255176567839048,-0.40650758457326924,-0.7761837781958234,0.010513677668461351,-0.6978665540730152,0.4029511257589946,-0.13153401986062474,-0.3193528388366804,0.14304069581614814,-0.06939511123893312,-1.1133394257813942,-0.21435685810489438,-1.5250920898289604,-1.7969866417262896,-1.7621869872633593,-0.3793501621062797,0.543186982781229,0.908731651278625,-0.09743982871342113,-0.7774465335572991,-2.041495469202556,-0.7036009463789435,-1.877808397447662,-2.95932419146292,-0.8525259108137524,-0.7911039571109514,-0.7429461356256087,-0.6666597492372904,-1.6991613438302058,-1.0247605919200293,-0.3762243820071611,0.3500565496660517,-0.3598505183904118
TCGA-B5-A11Y,1.2784296738800767,1.8305688368005566,1.1521335726883082,1.4371917946226942,0.31772112163708516,0.8573658649909356,1.2994979397623727,1.2439526721053156,-0.2920022665451358,1.8070510736822065,2.204918102074024,-0.39264713819225583,-0.921562908913731,-0.21670854967137104,1.1047981380975496,1.00531575032825,1.3594257180234233,-0.9993891412743044,1.1592984344670936,-0.270438673858293,2.4818008623591017,0.5892400845639607,1.4565026656975786,2.2498010038625296,2.012702360667666,1.8887518251839956,2.1906727604321383,0.4568502983905513,1.3266620796972628,-0.41283881714810106,0.26047630617475026,-0.7894997611258456,-1.26219071386288,0.1557934239911382,0.2880832283053909,0.3926996139000621,1.6193960807315708,0.5578534638582181,0.30697150833219045,1.518867505026209,0.9722623542136503,1.0541631698126448,-0.9021797117911157,0.08084010028059006,1.23310288011095,-0.07257133644454199,0.38184825464237593,0.7405001429203667,-1.0987234082889834,1.919931573826942
TCGA-AX-A3G7,1.0779185129885003,0.5011969906311202,0.27536469262039937,-0.3888681255032302,-0.26962678979322546,-1.6446337914813272,0.7125730054921369,0.0854417253537333,1.2628920915305462,1.1729531492173955,0.7971589365251688,-0.251240796329632,0.04975360210503206,-0.6517293456445906,0.605815775353623,0.5514710139435866,0.6649722089980921,0.04498672883178645,-0.5492018896432276,-0.033563222184482905,0.5607309733582819,-0.54384698948579,0.20134088037689316,0.6080113518605775,0.341024884820355,1.9950222750390336,1.6889715842154507,0.14743487444789002,-0.03082253835586756,-0.367029702397449,0.729783794227169,0.060855599888779026,0.040778516448058084,0.21769629235879948,-0.8642945775959812,0.6955096730021589,-0.05047380649052314,0.7453760436825887,0.32111238989396823,0.5476898829772434,-0.013266887591312972,0.5188767861755407,0.4911556059093469,-0.4034201258024212,0.15650472285632924,0.3783199104739991,-0.26353961126221115,1.180922144519399,-1.2265971226033352,0.3826391331576142
TCGA-D1-A17T,-0.9667346924833443,0.0791357529408213,-0.5469837825137819,0.056835121109783365,-0.035157302171235416,-0.2626218345067823,0.016039739119173804,-0.6606784236200802,-0.6404603484021646,0.3876136055860874,0.24283037361465318,0.24123183191202496,-0.5139458701932661,-0.3099648981062667,0.5340517515064154,0.8448050481198036,0.4489085013821634,-0.6077769005996579,0.20464408783804958,0.0030821198678680057,-1.1538862708492423,-0.12351715188249736,0.030615489945258135,0.3504851848668421,-0.025547638284720574,0.6042811574271626,0.3656494197245033,0.17503505546688006,-0.010675055475132462,-0.6817061247554765,-0.49583228011228764,-0.3333314533142446,0.35335271865721335,-0.6711006568130486,0.04488186568332618,-0.08299170988467089,0.986970076083451,1.5955734034252667,0.8868099681381048,-0.45113053657632113,-0.9915406753191893,0.07672249747365101,-0.5047527685624869,-0.20136993459004118,0.025603165869383094,0.03456819589450888,-0.7579313605506365,0.0795538126110238,1.5696391753836048,0.6051443002360437
TCGA-EO-A3B1,-0.6064075573181434,1.0178209680379113,-0.7707973703805212,0.7687827453600998,1.2068266859505143,0.22462541420869317,0.43987993438063117,-1.1118633474626312,-0.6507994275939675,-0.20348305737264652,0.5154043279069874,0.008432295376090965,0.8122344008952527,0.8831070413283085,-0.8490633159919841,-0.9529479125024628,-1.1141533927812861,0.616882578888628,-0.2687656099598043,-0.9618666165506004,1.1788381316166587,-0.8680295620447432,0.22305333187749618,1.07961578355138,1.0368999701826576,-0.06510748169176872,0.2956139104594529,-0.7470799953424524,0.5479256579010472,1.541486527373772,-0.24426850812215178,0.12200117830650116,-0.13761661102718975,0.012398695282940233,-0.20484966018823786,-0.8211280151498012,-0.6318655095084931,-1.0189493027559446,-1.596201914569266,-0.9132956843628552,0.48394811462419046,-0.9925109738199569,-0.15079870054690964,0.20987834103375502,0.2396580259273846,-0.0653917490693731,0.03568998380285639,0.6706981033017776,0.189412874724082,-0.9066223739596816
TCGA-EY-A2OQ,-2.381784261032139,0.16198395983017652,-0.4170934576434716,0.6274689356052989,-0.4922531338090218,-1.6376252276690602,0.3567751822628856,-0.3325755694057308,-0.7680497376388586,-1.5255209402147638,-1.1668511532354349,-0.17664224057794287,0.7287762787947464,0.4443473363346855,-0.0936678495824427,-0.9486102503437858,-2.375317861834189,0.789979634113959,-0.31914390506678797,1.0744447160078767,-1.8823776221091355,0.12813637368106015,0.3120661810671308,-0.2138139076549431,0.05603510744478138,-0.6208517951762678,-0.46107940496297556,-0.3462029844854936,0.03837750392225192,1.2081210153590662,0.26178188150654746,0.49088311898442777,1.2216046758046308,0.20187028848988864,0.10115322400025965,-1.6328108980509604,-0.3515844793573941,-1.2708961456782863,-1.9658065745428717,-0.10051979894380014,0.044041375091380085,-0.9064758077787424,0.12641345674955853,0.6888654306404617,0.15679339789708996,0.9933764192030752,0.3947007020045371,0.010756493607726968,0.759703557942885,-2.0730961975674354
TCGA-BG-A0MU,1.54249585611717,0.268598023769246,1.1698731676985752,-0.5141038484123354,-0.3939171573776607,-0.9600360725092881,-0.6108406773198479,0.061431509628486675,0.24155022782859203,0.5503899825109491,0.9388105066221702,-0.13984379884021803,-0.818133200131624,-0.5188827325906068,0.66694302190978,1.0806392299977927,1.8199495486182196,-0.801507890334134,0.7813341868740789,-1.1386990196204834,0.3190134178024302,-0.266059096286117,0.3205669695170039,0.05591524942483883,0.09696915360764753,-0.2571541666362796,-0.019775788873733578,-0.7854600910017647,0.7137969988887132,-1.2040151184521959,0.08466752531684904,-0.42337710998256606,-0.42476574675415424,-0.5207042620410219,-0.7430788147176788,0.8722440886168173,0.6673552681160909,-1.1807851888376348,0.5637998838183385,-0.21851649425957487,0.2738562274155245,0.6671842975127923,-2.0368220470501313,-1.0891487168451657,-0.061150291640407674,0.25940808533253057,-0.5678521279519467,-0.29428236701190263,1.9166546100104902,1.0719757393752565
TCGA-B5-A11O,-0.05945431941530682,0.4076644070535766,0.08667651875754377,1.3690167538148024,0.7797540690024077,1.2866512388619835,1.3438026483943208,-0.05120196591884981,-0.7824914192068011,1.1799608108706143,0.9708917489244924,0.15843370183344016,-0.20801593011267183,1.0003868690369397,1.0033724715984302,1.1935429095650931,0.502528015399267,-0.19113607677578043,0.47402789536348533,1.6193819290285185,-0.5800448201948413,0.14158588364558086,0.9069039788451725,0.888969477796531,0.8451754352884154,-0.11484859894310667,0.14998268451093005,0.15484501102883302,1.1430895334517166,0.09705078776613381,-0.08527373034680386,0.15713941196115802,-0.5223768099521494,-0.2707982957402209,2.580147122262447,0.13574887227463706,1.3612319027744946,0.6646377750878378,1.0934353241531845,0.47435921948736004,0.15997442510383167,0.6621506047249569,0.02908672556680673,0.5684752794809483,0.5109482694405258,-0.5154247911076626,0.48400082888491247,-0.221765758952109,0.2832214662617679,0.5843424605952666
TCGA-EO-A22U,0.31544014014666566,-0.41601252223361296,0.29379232542829653,-1.8228784524004753,-1.0246916281344596,-2.066696440662128,-0.6692158004523091,-1.1496912670787804,-0.09713802509157694,-1.694960229607679,-1.4829592088603047,0.784127728492406,1.2029661647111483,-1.2000985474037886,1.162239517833904,1.2621807146311113,0.34051173167262144,1.1540912958800453,0.8231760594458563,-0.8438392991669688,-0.4507617646013142,-0.16171460448421832,-0.9545753865053483,-0.9503355445944842,-0.9440549034671859,-1.9609977681715611,-1.5374248687890755,-0.2857940660475419,-1.5261837333128128,0.49514575457158017,1.4463152701196573,1.4515572675879154,0.9729315398677194,-0.17714678715522547,0.4627445082020612,0.7903035552433826,0.16066383050609392,-0.4041852871279954,-0.8865193106726046,1.212215981973258,1.1500015228746776,0.006335327270230364,-0.2815366007771587,-0.8209029401585106,-1.095495051251332,2.475846505525638,-0.7071757235311386,0.6569532668671139,-0.15019328554968134,-0.10933091353619603
TCGA-B5-A11U,-0.24494562550044074,0.2546734327735056,0.9079582710706515,2.2591110206246365,1.6937058653222743,-0.09234911191630683,1.5880833173970825,-0.971353761757788,-0.10719384746112513,0.3805418249991502,0.8117233681726832,0.07632386203060793,0.4081649193361897,2.4842792835023215,-0.2858312183142897,-0.16747677143646963,-0.9098497018237325,0.45762760981694184,-0.04882514670478584,2.347656717875899,0.43168059351845545,1.5931749511440825,1.2233165495832723,0.41896791275611656,0.8298320017003314,-0.5874772162327567,-0.05238864257831066,0.05187387951734405,1.567674746280211,0.9571021027339528,0.48796764647144897,0.550106559752041,-0.4974800000306846,0.9792742185111182,1.3688687151683887,-0.3751919227520662,0.24837423928882046,-0.29512654314142256,-0.25943952003227433,0.8561617742405023,0.7958669673935918,-0.5891845587467387,-0.08362545557454679,2.1408030167306658,0.6901319231081549,0.7090473651134785,1.8518362572611908,1.0157204812260519,1.9488589780867194,-0.5702800631514618
TCGA-QS-A5YQ,-0.22588821549595914,0.6060245604864091,-0.49702568604354735,0.15442017563036506,-1.5028281125258185,-1.5057944603161593,-0.759355045878247,0.6062415883109471,-1.0435010984315183,-0.10032932326894696,-0.07651253361101072,0.6608795002359714,-0.605688006584926,-0.9205665603993277,-0.10372818120755758,-0.4559624617673286,0.5212165645757033,-0.8620319454275349,-0.27049969048725353,-0.5306589443861099,-0.6842542917925789,-1.0196659691369712,-0.12812288092594915,0.23112899237369458,-0.13681369169932173,0.515569174411096,0.3462585841231674,-0.8795613064838308,-0.3360211254774652,-1.970901740579612,-0.48285470673682185,-0.13203509027131538,-0.3343329802918376,-0.48156472478068457,-0.5729584516712176,0.5803309926366895,-0.6178653063285643,-1.3067866223360007,0.9055696198913202,-0.9610165151821616,-0.6790256251327446,0.5438822946407363,0.24104868115725142,-1.2850085511463103,-0.9192294453081603,-0.3080809508513983,-1.3977718479931618,-1.037747670738369,0.15945074739084036,-0.2390099875663666
TCGA-EO-A2CH,0.8354051603097689,-0.4425067104269063,-0.6775276988855098,-0.8654687716047678,-1.0191727077815653,-1.1436675771137987,-1.1064234586099104,-0.5035701891661036,-0.33962821258217807,-1.3881973771079072,-1.327575674125773,0.13845360818518618,0.635738629210482,-1.521773886188701,-0.05630984870238429,-0.06889721265825609,0.25276321255434,0.6598381719426796,0.0818180386851236,0.18804826957141912,0.15964588246674472,-0.3292913743339057,-1.576391838267071,-0.5981694318049486,-1.0280050671216512,0.3068828460586633,-0.06395918339547985,0.38025853111241087,-1.5271313318635344,0.47946422746962036,0.667515229563866,1.257193893369038,1.3234865163818788,-0.12822082043138439,-2.104166241217731,1.3139365099029248,-0.4564717296433913,-1.821531179690213,-0.14308674753276138,-0.5085728643256591,0.12446205451194127,1.0426889429865716,-0.04006571949339171,-0.5279367952727985,-0.7599851071914364,0.5833862702699487,-1.3416892352512952,0.42205001847596824,-1.1700678670554578,-0.9479105540476309
TCGA-D1-A17H,1.9402825257577085,0.3392643962263474,0.9924011501872959,0.9252594202180509,1.4873183173516928,0.7186796444142188,0.8762794532531001,-0.15559384424211306,0.8080692674129211,1.1433280810891244,0.5111616224398885,-0.5805617882857476,-1.1879476254636423,1.1093521350961824,1.2153495412824658,1.6877559611204904,1.7951983734359922,-1.028711064196825,0.7653877442444359,0.4263961857768387,0.682823595010777,0.29588894655389647,0.6480926514241916,0.5899427273814151,0.5187467672986253,0.9730840805980894,0.9586812067133559,0.8918587127987755,0.7185801688922325,-1.2032809293844113,0.21279681917152937,-1.0577621680901492,-0.787866251422278,1.3352680558277794,1.3671665603831906,1.2535158218469622,1.5186497539757435,-0.37604730391093544,-0.29770866288181086,-0.06459520654947055,0.10160784112233609,0.7339108227178059,-1.7113665099432345,0.0633262656893691,0.1864625944759588,0.000678771278916235,0.6321423197291768,0.1569704250589626,-0.15705698004344698,1.2259785573707778
TCGA-K6-A3WQ,-1.2430905076366343,-0.6948952091349767,-0.7006780399905925,0.9552275803026478,0.09881736729945616,-0.8860403706967338,-0.3667231892480249,-0.837792701004722,-0.059321359787430215,0.2758995732206205,0.03049618565256587,0.2209576946229997,0.0746447610345081,0.4341757441708238,-0.9420881728196433,-0.7377079166045063,-1.3233770828079607,-0.06230271834378485,0.2577697115947211,-0.8704801353163512,-0.7234280625728687,0.4237538384706391,-0.7102904543057215,0.04698207042334859,-0.6005578976289638,1.1470690646443873,0.5775146033678431,0.9203893781751573,-0.37590616509202074,-0.7585841631577925,0.14847075039593238,0.22257033332138615,-0.15219293277097562,0.5295386816520632,-0.08367585297813583,-0.518481228944716,-0.7577534880712681,-1.0715788175429455,-1.1407422865504675,-1.339418625546904,0.2570684853039095,-1.43900705402096,0.10352594060397613,-0.2033357012020382,-0.4777972048416597,0.8427649290065536,0.032492106746808726,0.02058924964185766,-0.4403459186254798,-0.3305616916434899
TCGA-AP-A0LM,0.6671903021812537,1.8012382083413845,0.08423179034823818,1.591943812250871,1.7582317936543992,1.3275785102337796,2.0813225556877453,-0.06605711271456813,-0.548569694293601,1.6033993539211462,1.4739765487578558,-0.23140382348457658,-0.5541428089456674,1.9323429475236618,0.4961021624008241,0.6621686161410824,-0.6770980194957981,-0.4715747433093326,-0.7333927191870785,-0.21130741789541843,0.8977903393788489,1.239029240310412,2.4649071442680026,1.4623958747496442,1.2181229595138576,-0.0749649475561753,0.5328800211901001,-0.7141713342544935,1.4052211626714504,-0.29241026710485535,-0.2976625852341756,-0.571403504412811,-0.9211639110489014,2.3365546648637565,1.3501317321566364,0.16646895256905672,1.3711073752445784,0.6246571230499813,-0.9571548713398546,1.9376552362724324,-0.22478862154572857,0.7664396629833673,-0.6826691300649468,1.8492012176237538,1.6866728975662868,-0.39512656819497016,1.3344310698549504,0.7220889964588353,-0.17195568156522775,0.8670187231951457
TCGA-AX-A2IO,0.7123321417752443,-0.2803202045462208,-0.3818775507713555,1.0684725516818387,1.6483469946125322,0.46726585243034346,0.5805192167473363,0.4781802569792497,0.5222695153621474,0.7660406730095081,-0.06862590170097853,0.24729896880296862,0.5252459295281464,0.862396711820057,0.47417817723037364,0.6479314398330431,-0.8499645046125175,0.4990579903089005,-0.6005933260848766,0.822981715832489,0.25011140958900946,0.394272418370987,0.34062561844225586,-0.24088998926708913,-0.2048601776900459,-0.11518382842882724,-0.06825688515954292,2.311730087035624,0.046090485209037295,0.37137317470958237,-0.3617925864204455,0.474666512908861,-0.006873407029749553,2.156362192451739,0.3806488350624412,0.4046611476867287,-0.5107624729813264,1.1738561109837924,-0.2136320472235387,0.1430669359899982,-0.09381489633133258,-0.07571557530884683,1.519538872844224,0.7453960951844844,0.43192999146563865,-0.5680854737163057,0.8373186656756819,1.6937193844950191,-0.3767340157338598,-0.4041310930169603
TCGA-B5-A11J,0.9876882341755401,0.12067554037398984,0.9616543223717747,-0.21568187799065602,-0.010015881866188897,-0.1347074604032336,-0.07266802667169034,0.8885564822314489,0.3948359360050124,0.1129976115229085,0.3968434394909435,-0.053605283599792865,0.026776777651157282,-0.2929215125013153,1.4005771181804425,1.3410786011089804,1.1314981285933927,0.07400374467073637,1.5505476564451535,0.5319171707214517,0.0473002712126638,-0.21284402480924178,-0.17029638727340476,-0.19330407706876251,0.592789945428773,1.0895128517771004,0.8045038417470565,-0.6848177293532173,-0.16619678501335042,0.5903243721755695,0.9094262350338851,0.6152907076340202,0.4932828052057029,-1.0535588733126597,0.19995377074051074,1.1511162872006566,0.09048028803806782,-0.9721946123024544,0.7113650916404741,1.1632256636634026,1.0080598664480338,0.5569182040148652,-0.7225536658358052,-0.013468130879890043,-0.16522201631997271,0.5852733539458157,0.3061058932158645,-0.03837168843973645,-0.5187685532798649,0.2537792909251405
TCGA-AX-A0IZ,-0.5085725985362245,1.5079602563200363,-0.277534873423059,0.9806079579377723,1.0949788738815205,1.0975678336586168,2.2184968808537424,-0.11535249076119419,0.2547237206689849,1.202963411976785,1.3850002989136887,0.190872678150712,0.11411459380713211,1.2429845731329454,-0.37806102294656674,0.7568441893883361,-0.6327731239175338,-0.03955063663384205,-0.36231953588839017,-0.528839200004224,0.15896567842067727,-0.1789685203067075,1.3553735734254013,0.9374812967026379,0.9802221075810543,1.4351310910511352,1.6688157554676444,0.2697637787490175,1.169176799370299,-0.19116417991063864,0.060525193594992116,-0.05495833479783006,-0.4963131619029331,0.35299044044055977,0.3289160045784417,0.06834858529727039,1.13034647867322,-0.22326497780309365,-0.3668011361637585,1.1057916352411372,-0.4529500823129458,-0.08568328902038341,-0.5267485302677416,1.4675697664092073,0.9194465093505004,-0.3251441461915871,0.4166378772107688,-0.1022028891359251,1.5525527640844088,-0.1380488145318903
TCGA-EO-A3AZ,-0.4417118642308071,2.484424133243612,-2.621414905937289,-0.6469647944401427,1.486674263510997,0.9857308059827053,0.4917117862710349,-0.33160432313817445,-0.7431300766808682,2.1560218650221126,1.5567130739050157,0.7585149775795605,-0.15210386290567968,0.5136888480210107,-1.1151396039602688,-0.3395554531125764,-1.0315720227169434,-0.5699248580308707,-0.296154504967403,-1.5844561170559306,-0.5182076675426524,0.6163043862214934,1.782172454083308,1.5736272366968913,1.4978615285323387,0.9682704430441644,1.2003820670731074,-0.2896351011797001,1.105226354406209,-2.08271000757307,-0.5224296665524054,-0.49652641593287006,1.2319392137750826,0.9656661979562853,-0.699171262799506,0.8201762863958929,0.6787761974758434,1.2601116962424448,-1.5799982700723438,-0.7680713107600942,-2.845118224810368,1.473241830853542,0.16048274772865462,-0.7533768888357494,0.5172404990076445,-1.2662933779152465,-1.617529163537244,0.250506000112237,-1.3673929254161543,-0.40608456257697195
TCGA-A5-A0VQ,0.3106112695659213,0.1973623565408517,-0.10197293825362633,0.8195679676754738,0.5655906665060466,1.3726515516464048,1.0838753252952338,0.00868760126219504,-0.025146450725827347,0.8524646143959442,0.5894610357958361,-0.05675480109304598,-1.0472927253302111,0.250021593286393,-0.030240143733427465,0.22099963646157456,0.218257442524838,-1.1590196707938631,0.45312210205249087,0.05307038637717648,-0.23173628457092005,0.9060598113455056,0.7430052013717894,0.46898264903030756,0.5487360320279099,-0.3266990215821194,-0.1410876519612773,-0.20375751671069411,0.6135691910629266,-1.0456400178581402,-0.523681740500358,-0.8486752298383403,-0.6383403723790386,-0.23326312516689057,0.7065919299799117,-0.40146775821595027,1.633345396594558,-0.6014531227811237,-0.3675369876882295,0.2864608942184131,-0.13744676669632155,-0.08783081029832909,-1.003159314644122,0.7819023515441135,1.6337008588914017,-0.1105075082802975,-0.04367025661173226,0.17172399962053728,1.255223885726152,0.49004575699083924
TCGA-BS-A0V8,-0.4325855849030011,0.46843121775587654,-0.22901671482699532,-0.018851306993688033,0.2520003370457965,-0.9623476055301283,0.7186269209547397,-0.566243489908813,-0.7351940077814859,1.014236020516495,0.23953669248993278,-0.402988935449424,0.1217868541554079,0.3797111889159807,-0.29165676984270034,0.18399813459158157,-0.8616383008122162,0.3707630598825191,-1.0178998989522587,-0.6022742975623966,-1.7055612725969067,0.0428772905359227,0.455803849357587,-0.05799308949753685,-0.07166947973945847,-0.6796981569497176,-0.4458508385525711,-0.3130578707978065,0.6150728428492346,0.30870427616245016,-0.7922986609455275,-0.47510404979737786,-0.08612010281109933,0.46584402209719317,0.467204978948104,-0.4186272076871552,-0.24369175487131212,0.0008838705592139955,-0.8479267684787041,-0.4337708785905082,-0.9794610651664664,-1.3956746202110744,0.3731626947091343,1.010808568902382,1.0611022247107211,-0.6718454662515101,0.6275255245346756,-0.2164546181518889,-0.37977369928639937,-0.06145950066376099
TCGA-AJ-A8CW,-0.4078008521904257,0.44362677185930177,0.8342940443453616,0.39675358498011004,-0.5976579524233275,-0.8378941636262024,0.19093773381050577,-0.3134502838760556,-0.2729177371393282,-0.1272800354080288,-0.1828452047757844,0.7197183770001565,0.6185681344509874,-0.42256941609898424,-0.06802950686791819,-0.3715961206385962,0.33070504736971423,0.69127669977141,-0.35922891704855575,-0.09773950739805282,-0.7381868862500901,-1.8355099176188792,-0.27691110576786115,-0.07550336022940603,0.06326779064771572,0.06248478516649864,0.018417377430078853,-0.8179715633974378,-0.22808962527571908,0.5208718193781425,-0.0549423112872494,1.2606346405970752,1.1421714079741634,-0.9650803381964737,-0.5110213450090103,0.016148457208850657,-0.2823485871020501,0.039918940245017014,-0.39330920186382295,-0.2272503306509394,0.630012411307245,-0.8084032551690407,-0.2125538100655169,-0.5884449749488408,-0.5027120233007504,0.488170478308501,-0.5484192569853633,-0.33575869862328717,1.225740308084448,-0.38452708984265455
TCGA-DI-A1C3,-0.7677587408792587,0.9959196826310633,-0.47263076607865506,0.8444768180669385,0.48903779039715717,0.7309784426026475,0.6453979272868604,0.08266601084290548,-1.6213724146444446,1.0023012451470275,0.831410004958824,-0.676335349756163,-1.2742685873927928,1.528397533376702,0.18396775726230744,-0.015745256043312127,-0.9026834188645791,-1.3216931691900216,-1.6385037003651945,1.0184083583023484,-0.26513286280653253,0.002788153630865036,0.991274108039939,0.4956573159262339,0.32738223967911323,-0.1913734375174391,-0.02487503130689876,0.25584060145748283,1.1325762823207073,-1.4183105535150704,-1.8547368422972264,-1.5558119454893213,-0.9409352188524173,0.6865066141247526,0.9472421386765729,-0.7333333979608099,-0.022362851910668516,0.31980151823405756,-0.569649426411314,-0.834058240534676,-1.2857406569497323,-0.282892751718289,-0.11889986530655618,0.907340496506265,0.39332877596187105,-1.6623742243665014,0.8329963047478398,-0.5888468250935712,1.7652231333316661,-0.3292203605801253
TCGA-D1-A0ZZ,-1.538353735277702,-1.6518037673004489,-1.8504800162538195,-0.9130613764597859,-0.4623445550507908,0.2944270967388651,-2.5863281028345964,-1.0719838370898709,-1.2410870268182455,0.03305799856381368,-1.6438915567876198,0.198725101822694,0.26390501449536097,-1.3413857212731826,-1.0195778608276187,-0.8846240519966698,-1.0363806156664364,0.31497470880507794,-0.5567852436363322,0.6722312808295825,-0.21986227835352218,-1.7895109353422445,-1.678933694021955,-1.6449846076355519,-1.2578290228950202,-1.2348860712946825,-1.5455823448140793,0.9774326694371508,-0.7169048121890221,0.36777977970513187,-1.0073175341288967,0.0900493547401825,1.0801893625388033,-0.4617159004577402,1.476403457711731,-0.007499177059162956,-1.043220189034624,1.2922375388117615,-1.3507046402233853,0.1089062809533377,0.5327638171035541,-1.7674405925527343,0.6912589997898775,-0.027334690030231937,-1.344931787594923,-0.37250135183257066,-0.7131161810814679,-1.2290132290146012,-0.35595635831482747,-0.8119390268860204
TCGA-BG-A0M9,0.9066209708024985,-1.0290087709772977,0.3570309320979079,-0.2039211427864359,-0.379286795618803,-0.7313457139504316,-0.2623058754268673,0.8620294853205356,0.18565208997673321,-0.023388073695822083,-0.4775948784654767,-0.13614786311577431,-0.8841646450348697,-0.009990661775604237,0.436335376563686,0.46962783865505753,0.6536040270576666,-1.0657313603749288,0.6734515293388992,0.5381551953581081,-0.3435964228486024,0.2905329555210482,-0.865014961015842,-0.7456703166970619,-0.5638702820575643,-0.9165492157878362,-0.9390489333811374,-0.8245360550295759,-0.9188758899383358,-1.1836389732773949,-0.085292699934573,-0.3358545264449213,-0.08841828466806842,0.09166120126016024,-0.44349533738135793,1.0957713214140876,0.11206562365822513,-1.2255626656899081,1.3063195962732232,-0.5811622442808089,-0.5014551473596032,0.8065413225110285,0.7445717223328198,-0.5840958394136179,-0.6117521500976525,0.051535811062444155,-0.3653642409893915,-0.6877932126463404,-0.08603658067700357,0.9994507618889948
TCGA-FI-A2D2,-0.45837987665453517,-0.18050482338961366,0.7145165898187111,1.044966542126112,1.1198679658852326,0.6038328077600263,0.9435257884966359,0.8361531618005393,0.9269205781484556,0.25758539011093357,0.16791593593972032,-1.5068889800837921,-0.3652159620361501,0.4819241802787641,0.8485079136035608,0.3200640418619326,-0.6494655617212013,-0.05921104797612188,0.6225177779994902,1.4321599744767013,1.7429929722810333,1.0886819167139672,0.05236875914186159,0.1768143876465281,0.2591140105136993,0.34318118101076617,0.24835491888714048,1.1609260216557773,0.5590070586808428,0.9387942695051381,0.48593038092702556,-0.6207717998325748,-0.4873888039202104,0.5393597240857487,0.14959891182672136,-1.2334937876445609,0.41203118543515116,-0.5269444912590658,-0.8740504563833208,0.5673413483919505,1.4169189624558327,-0.76172317057468,0.6712518394275362,0.9701785110226124,0.27876108794039645,0.14211782785296437,0.6826085159013304,0.5511547282197239,-0.022562825208220935,-0.6887934996444036
TCGA-QS-A8F1,-0.6585926973558127,-1.2652087542666284,-2.412183737971697,-1.0863386232864936,0.1506262033220639,-0.33037720022387423,-1.8531791022243618,-0.7949497483427794,-0.5512290521453521,0.6635632734832387,-1.209378008634674,0.07878320056211344,-0.5475443280097838,-0.2552106596113531,-0.7107931555366266,-0.053076470242147546,-1.5840333031492972,-0.7211133375067555,-1.223706949804521,-0.401533467335324,-0.7155979787709088,-0.5751207713122064,-0.6209642646013216,-1.0931246873533702,-1.4002831938144706,-1.5537453356934994,-1.8551003368564773,1.3566003725917501,-0.5762661555648377,-2.3026614692517438,-1.9316705371460152,-1.301022624943699,-0.10636115883701208,1.9621695656119433,-0.20002141319879155,0.2171018897658738,-1.904894382288234,0.2714095041542266,-2.1166142589173584,-3.1061641270455302,-3.042988628141173,-0.9698826280475058,-0.45005198601688284,-0.5340419153685715,-1.4036635956365706,-2.0671622041803754,-1.2061234868337516,-0.04758408768758258,-1.1890889442025463,-0.9821074428676908
TCGA-AJ-A3BI,0.21948481946654505,0.8241987770680367,-1.653778091567513,-0.8625394281869565,-1.2764621839405859,-0.5662278844523704,-0.6197920627722276,0.09352996801403089,0.11639166857288155,-0.33636451687624186,-0.26363553366971604,1.1091221737832795,0.44410691366716454,-1.1986484369978514,-0.7269881432817152,-0.406174359941003,0.47958807929541014,0.2206312680738813,-0.3894944565081629,-1.514739483919735,-0.4172020549546728,-1.083849120558455,0.008073444982512097,-0.38582098014101146,-0.39668339894146787,0.5158200678771317,0.1921876715143723,0.08808193443521077,-1.3022189980555847,-1.9195523423397254,-0.06305834261978492,0.06982620429795529,0.8680801423808826,0.06994179050746194,-0.9740203671338549,1.3519731583624925,-1.604575727095808,1.2334360823795858,-0.011493006891453555,-0.06567639880580256,-1.9100357756753643,0.8080620677044408,1.4770962803264585,-2.4685838180482484,-1.5463113466979745,-0.39261878574314274,-2.3405924774617266,-0.43727811993043214,-1.5296853764814975,0.28253641827624293
TCGA-FI-A2D4,1.0488316040122367,-0.79728740586652,0.3922999118045669,-0.2061171113831056,-0.7465894264982941,-0.44572533492461497,0.14806416690852736,-0.2639598472927624,0.6800261437810198,-1.5369437903052787,-1.032883409361189,1.6816212184870554,1.1681671846121167,0.30151352992445296,0.05087903430751557,0.31364102961118745,0.8967103308944702,1.0134252273133142,1.6675574604793009,0.5015669415436278,-0.26291785354466546,0.5131071575936885,-0.7251680177508845,-1.2550682480706228,-0.8156839410680518,-1.9003500727089249,-1.7650833590384394,-1.305716632888282,-1.0648381914828398,0.18496750043560425,1.5816034411329067,1.883173707601301,2.353758625277005,-0.7438504554639316,0.41881080674923743,1.7237257839680282,0.9733202846057477,-1.030055666376951,0.9432309364830371,-0.8887677519231232,-0.5007344169755523,1.0115455609739312,-0.7942094145675329,-0.7507730540284778,-0.40380803147883404,1.0648753345726671,-0.3373976171833513,0.8524133395796278,1.2353563467796695,0.14695358657542182
TCGA-D1-A17K,0.7038665081115818,-0.47275009614998187,-0.20680808323146338,-0.8119744553450191,-1.2020837961014579,0.0875748707605262,-0.8574294627857075,0.22200259586314172,0.1928037252140029,-0.5133536279261531,-0.09976874950865477,0.5724810378109046,0.7493521486059371,-1.3577881980995528,0.7997725221360664,1.3089237813237349,1.3967455250404561,0.759424573966883,1.3411283923842243,-0.08487721227373933,-0.22742503102626555,-0.012311859820106975,-0.9535785894897859,-0.08501136445380615,-0.6909008309246647,0.951063445960596,0.4397517867005392,0.3663400701681768,-1.0427449606404908,0.22947339026187585,1.0035780689597529,1.0031699268481602,1.663188340121494,-0.17174063150073524,-1.3458252491497296,1.7953799373404602,0.038475156244717,0.5020055814456389,1.3630650881208917,-0.7175021398816851,-0.809381988976891,1.4087214270433637,1.100670293257405,-1.7216295456989479,-0.6095204632721618,0.6107182829688608,-1.2680565444025977,1.1931383250484353,-1.0661917655766193,0.3823125172960361
TCGA-EO-A3B0,1.2470633117528402,0.18951081232532407,0.4901441431903258,-0.3770759213136306,-0.4141504911442552,0.6416500678406379,0.013248959980440993,-0.8555804563289034,1.558673788766544,-0.11247350423474473,-0.4634113358879142,1.7375145401328569,1.6210810218079466,0.1563805945179284,-0.20853114076965748,0.0977042210474852,1.648849794390551,1.6343043643730402,0.25193650808498896,0.0740737822477666,-1.0231113059240435,-1.732858088410134,-0.8331729315937468,-0.8315527390129999,-0.8414755255774338,-0.7723039769279687,-0.6440593516424864,0.7492603071302398,-1.1627347055011374,1.0015935115293106,1.5459018989316038,1.4202781020783088,1.428449278923655,0.0556497074382465,-0.7618630650229459,0.5947685235738114,-0.4235933826304969,-0.004837460275242729,0.028989205395040914,1.297877189982135,-0.0064857833100997915,-0.4760757954966372,1.0677886621805623,-1.0454780102291104,-1.8645705594349324,0.8381545758389385,-0.6748412876702138,-0.38454177823125635,0.41776586705687935,-0.5454478688597808
TCGA-BG-A0VV,0.4222169498196693,-0.20773332737580538,0.05833728984012722,-0.19890391361881746,-0.7758876710677771,-0.03228343865062314,-0.4425290429923161,0.6351169047217131,-0.5990805658883152,0.14346672761773638,0.33036245105815215,-0.25210464575967745,-0.3415575230119718,-0.21072315000839917,0.8090689793801179,0.8746886454136931,0.5685438280912024,-0.35247646111570274,0.2114912085208175,0.3518846516815106,-1.0671083465958033,-0.41974696087820446,-0.37097376174619906,-0.35574010160382313,-0.23165476521516631,-0.20940217789955204,-0.18984955730643907,-1.3846972015375005,0.016866035017060868,-0.6312326017721058,-0.3668877830835762,-0.06570810618991035,-0.17944047590082277,-0.7515656035429035,0.27941440690010727,0.3852292931213629,-0.7353681246545797,-0.5304258580702204,1.5239333337212337,-1.019457786551157,0.34128579088568745,0.7533910755776603,-0.09907146202212061,0.053028762032209166,-0.41522080343810713,-3.876619171042529e-06,-0.11774433779563388,-0.5254745185841643,-0.40909403595946653,0.6214837661893449
TCGA-AP-A0LV,0.22803850865852687,-0.13288613519806844,0.12420678526557777,0.4660444561704036,0.48995804763604195,0.12203313574700554,0.4061490248913605,-0.009749783307872436,-0.19570395369751972,0.2501922424063257,0.04119417072695016,0.8411903273645313,0.16935998795287116,1.275401662114761,0.6661114985737301,0.5141669662793883,0.662226679124916,0.12212082772577595,0.20813460383962715,0.9423723953689963,-1.860982702062721,-0.19092438770645279,-0.06596486700662892,-0.4210057073562362,-0.20401625899461878,-0.5315221835194316,-0.4228705197111267,-0.4923985333375255,0.43133846766597805,-0.004800264387001571,0.16017922041043914,0.7029241526281813,0.15116490522668063,0.1944767470880294,0.7393094987319411,0.43128412119394316,0.490915981305582,-0.2654430005695278,1.622103348194866,-0.22093542441872888,-0.5182602756653344,-0.041486232788935845,-0.2696170989127962,0.7077569003147544,-0.20669638794737002,0.5396302457683458,0.5781071222351021,0.08606643860871394,1.9379016401468325,0.25219691003408606
TCGA-A5-A0GA,0.3799738901892993,-0.033815304805842314,-0.34593177199001685,1.0000981239419502,-0.20353655509152246,1.1078069163827755,0.3672662264272936,-1.1992137133919223,1.2682633211334131,-0.20059788439071716,0.017086115423676707,1.2797279233992689,0.95977073287688,0.24437417478082055,-0.3759133816634939,0.8258488280912692,-0.24286745872586493,1.0213176013587475,0.2766456811524044,-1.0601519105562944,-0.38943274952736706,-0.33038818189160735,0.06913387588318982,0.07483275343271048,0.40813889770130635,0.19152796468694397,0.3728038419367822,-1.1352204641535673,0.2839361085362541,0.7044626823649989,1.1845791073478535,1.2911486772658871,1.4076306118525665,-0.5995283854204834,-0.6022789594164527,0.5628439803677611,1.285625579482252,-0.8967493115124467,0.014084363221729656,0.5451736265012606,0.09965986813663714,0.5605465823047269,-1.3495050310096126,0.18669448472611958,0.5153806294165921,1.1704051029917333,-0.7290804946788463,0.8362783191810697,-0.5561276600789411,-0.49652666192084516
TCGA-FI-A2F8,0.21493450555191898,-0.021095982271271355,0.16154351224300764,0.5721643402958321,1.2039211217368553,0.904245632210042,0.8220466769793828,0.1715772996316696,1.8549078107153916,0.45729998524511367,0.5276302843115557,0.06551779319383878,0.5654678194064954,0.7194449563096407,0.5604345443395674,0.6081436896464485,-0.1781319290979443,0.650953118218359,0.366187117055346,0.3452094059347332,0.6694074458655842,1.161410289563089,0.9990624662151796,0.8127823629433114,0.4860884163469426,1.4869071534681044,1.0505781003354022,1.3342284321286213,0.5679497265576943,1.115327398169357,0.3340233277635767,0.050069192863304406,0.1957307232067501,0.9662797134543084,1.04045399623163,-0.366786658736133,0.4201334383385908,0.2467898540652913,0.6666543344874984,0.34425947427006814,-0.20562304721562166,0.08147803798396996,0.8577975385184313,0.9289191500763984,1.0181486139472566,-0.29361603255122115,0.6953488827008095,1.4678779830752888,0.491550400157586,-0.10064003437743449
TCGA-BG-A0MO,2.063487221417442,0.6898914306175237,0.8123260108068343,-1.1260229597740676,-1.2568386384723258,-1.0725827134921366,-1.125188075421045,0.09937081076728457,0.36552425093707863,0.02437257238610741,0.6767602761605427,-0.16790973246225382,-1.3462736279779535,-1.0144735891002623,0.2795424946057373,0.3006548501168907,1.9655583652423156,-1.325512434535524,1.397863508753119,-1.7018963588285678,0.4055359875789223,-0.08358593753420702,0.3327554031066814,0.5175266209589766,0.7791858773074349,0.5661299628604605,0.7524355610318108,-1.362156147078957,0.5486370791513507,-1.7767750412021583,0.4114632148446048,-0.3559345787653706,-0.5292514519431893,-1.0490575874244725,-0.7835013414231211,1.3632973037026412,-0.30023635193295223,-1.1974695479967934,1.0555124641177391,0.15542475948648937,0.7123314755945811,1.4336606236884772,-1.7134027713187119,-0.6789687166117503,-0.2633539183363459,0.4641927942798971,-0.6416400841770066,0.13949517048027568,0.8423856303252681,0.25057062795204804
TCGA-EY-A54A,-0.5857252037899774,0.8871402087074322,0.4851936715284265,1.1647699448598707,0.8550459926004923,0.21251876938414643,1.6322546764959776,0.14127895572977126,0.7316643685790527,0.9426474644293933,1.423110365020243,-0.3123457299430437,0.9612831677487867,0.7845436693998468,-0.6517763704258174,-0.7489681148866146,0.34372463964725786,1.0940015432768193,0.02231601347720519,0.1378439017031876,-0.42428260371434745,0.5864345243119312,0.8689202961788577,0.893801465770401,1.104019371513365,0.5153864311464263,0.7203190808281876,0.31015244818096027,1.9055344786760866,1.5258652982833354,0.6520570256748828,0.7229579291554107,-0.6199311145220047,0.2835909095476463,-0.1277716924425353,-0.21722290739529773,-0.48374000692810964,1.3410442855940214,0.6975509622343593,1.3002577763430503,1.3490574579138574,-0.3532262752607505,0.809532473591869,0.9372815656901539,1.3757981433173603,0.21583393608920023,0.5436545682620927,1.2974822390403529,-0.8987220380274697,-0.27130732275808517
TCGA-BG-A0VX,0.4798543016669899,1.0389598962647366,0.8548520156738495,1.6149179549762371,0.3803189807140618,0.7205095372827603,1.2496355416973288,0.49621121479806796,1.0277524532213724,0.26071619414286923,1.1115318596082366,-0.12332508995102114,-0.2013380113146874,0.9486570000434988,0.8121947137734774,0.6668236149842814,0.9560418771569127,-0.1683097935696853,0.3960507914534127,1.5773647402466533,-0.18608460323644618,0.5024320290111295,1.2716509839951642,1.087540758901349,0.9036746150108398,0.4059185566357281,0.8298353673841434,-0.5830835322250688,1.6781668397067886,-0.02516012482818469,0.7613612069277682,0.4415281201283615,0.030273294976257907,-0.2775243025717181,1.61021673238754,0.10234298217780666,1.239022410468446,0.11108105747309467,1.4391845680288582,1.030216086203306,0.47714220129953105,0.9662663230502954,-0.3977239493781389,0.9097020835976908,0.8319069150234625,0.616217556474266,0.7206914368242515,0.4511685336151237,2.6005465247136006,0.5942305735207386
TCGA-A5-A2K2,0.11461587161989757,-0.4621128095720426,-0.7193390632782369,-1.11320055040362,-0.6614605614946532,-0.8345171679861181,-1.0278299508853326,-1.301437276130705,1.1673138107038774,-0.1858443615912535,-0.5147073672043282,0.04532206567433948,0.864816341270688,-1.287502954351113,-0.9524059056981636,-0.9889178607049653,-0.06121389591973572,1.0401420040499498,0.47898418114296815,-1.276033489177688,0.8540464218402957,0.5332522369570586,-0.038663010493443076,-0.233411612204111,0.0009875196765339338,0.8255394568630496,0.59700884458015,-0.47748718651746364,-0.5056038263986616,1.1727790800711613,0.3494712281270643,0.6388132961013853,1.3096972761594705,-1.0155158328520206,-2.1623612972617923,-0.4903804699718131,-0.22397713521397705,0.4483605297509719,-0.8764599300423371,-0.28628033666857494,0.7211837309467555,0.1817793889923359,0.09595337555038688,-0.4706382210473987,0.2880005707357611,0.315556219547736,-0.17612824051063117,0.1642712637366285,-1.363365064951387,-0.22818168621405507
TCGA-BS-A0TC,0.27748302477211645,-0.3082879426780096,-0.12270471565829484,-0.6352568617963203,-1.2870923168433055,-0.2876500403854101,-0.12023833738941814,0.04481443643155268,0.45561774146279155,0.21300282261125147,0.4056282943168492,-0.06918873793834844,-1.0224040164226689,-0.7546215899115258,0.9049629221307058,0.15958850234812322,0.8106388790145401,-1.2273699393128104,1.4592304144517787,-0.3908272720049948,0.4094987932791635,0.2665369171405037,-0.43467007686720005,0.5205994926339211,0.19420243371150828,-0.08477004237040286,-0.10887754826497024,-0.5864513907113242,-0.6536563553084024,-1.890511564159167,0.1999104351098696,-0.5775807757625007,-0.18011139855954567,-1.503676666297554,0.6329311550346165,0.8706543315311915,0.7137550860861985,-0.3394732446250895,-0.1446269996055467,-0.9919500843646739,-0.05757646868055338,0.8295620488518565,-1.0539583844987304,-0.7078680189135659,0.36581986182695925,0.26590984514596266,-0.6765683268526893,-0.4032077991111633,-0.5712192530080566,0.9183629101896322
TCGA-D1-A3DH,0.08908582963464244,-1.1886811525216894,-1.3689836006217881,-0.48834963610530513,-0.4992973692646756,-0.6553497499448571,-0.9356725174082252,-0.6426309484518872,0.3055406548781008,-0.5153525296013394,-1.068300895711183,0.3212908478438719,0.8771010547426031,0.01182544300597317,-1.7865747401815624,-1.198868926519633,-0.40409348430235703,0.4520376982568154,0.8355769312726476,-1.0212318998601042,0.16912820658496283,0.400741082192026,-1.2401185408402586,-0.7045150274003799,-1.1020483956194345,0.07379027035129469,-0.4021324733672582,0.7206497291030559,-1.1417631436481788,0.46368651873586414,0.36275219116999946,0.6093369775595168,0.6648751551100414,0.057215665691716426,-2.1690823926174514,-0.4848447097858314,-1.5523944594497499,-0.1034516601473828,-0.7438047878764372,-0.9977113445208134,-0.07358249667409623,-0.4009373747564874,0.42000857859307833,0.16572580966349765,-0.4000669804549195,0.37504004492694054,-0.6653826226309867,1.063955173742285,-0.47748964264890986,-0.42891499531906807
TCGA-AX-A05W,-0.29540117533935256,0.7572241785649315,-1.0752275657128472,-0.09376110027355948,-0.6694406528498502,-0.4343468234702273,0.7215569929105728,-0.6156938546949076,-1.404019815163969,0.77764491054594,1.1249550342732644,0.24548121207297502,-0.13993942051316696,-0.8841293877852529,0.3347684321134751,0.6944653626431477,0.14954304969503995,-0.2910024520050933,0.5062260757593281,-0.2812021665633848,-0.8539106336504775,-0.062019605198267554,0.29084988907586373,0.4331826089695899,0.46572266289362624,0.8104788293815476,0.7117126622726838,-0.06298307164216609,0.43123791405560497,-1.0149662058065776,0.570525423972293,-0.2149400649801892,0.32831520574756196,-0.7373575168096783,0.12382085256784976,0.5287573304082125,1.5147732170258676,-0.8249503848326063,0.6269101494712562,-0.409884220938632,-1.0169241179912938,2.4426281335868807,-0.33694222233595117,-0.9369265723734036,0.5642019743849098,-0.21973101866537553,-1.1200164518877938,-0.09605085798651894,-0.7518285210729564,2.0631096392069677
TCGA-AJ-A2QL,-0.018388657242886602,0.5691850064129701,1.174831999453167,-0.2459171736447394,-1.7053144557950473,-1.3698331328594984,0.4764342921020626,0.8232869261756786,-1.3638528520887014,-0.9142707343387538,0.08524466923049191,-0.5328944708416015,-0.01917493961452956,-0.7262195958507552,1.2320385403765357,0.7359428701764068,0.2005621550763074,0.05176765878951932,-0.13247454938103,1.1031731701121519,-0.26848129344675686,-0.16307674518653698,0.5389984872079666,0.36194867075809295,0.33610726434151794,-0.34367192752277015,0.0548869645111186,-2.0585482021400106,0.08539955843373033,0.007685842630513975,0.27602136089360735,0.11410789788852131,-0.68036465960413,-1.1194808579859628,-0.09994639403141745,0.5115955273499609,-0.16492819710303597,-0.7762673809147232,0.6434031888014173,0.3306810819868674,1.181122043509291,0.7150444961399627,0.3243497922428731,0.36904923022170955,-0.2445651693619499,0.09620250299040539,0.11815709314423666,-0.4201821279979706,-0.24533394292412217,0.31974173818067964
TCGA-BG-A0M0,0.96774003031338,-1.835469138938194,-0.059791072115815254,-0.38859896710769914,-1.0405270639598843,-1.1502689150945538,-0.8710417960267315,-0.1294557572172541,-1.1388245114602236,-0.722769982527911,-1.6927734837749524,0.3834251464927465,-0.12368811056981328,-1.0387953421582894,0.32730322844633924,0.4712306668536428,1.335551804690273,-0.15676091187023747,0.527429792327432,0.12733574877741638,-0.8426670745428494,0.04763837652919475,-1.7242693269060008,-1.7193910212901773,-1.9745899565038516,-0.9839442624986834,-1.445629980909286,-0.5540990016967929,-2.0571877185847884,-0.6218893810932082,-0.3252411901657336,0.1338880952471496,0.1585441235652777,-0.2904811694219228,-0.969667153283809,1.05718199967267,-0.15278909604415045,-0.21679957129904204,1.6010888137082724,-1.5510301421241228,-0.31571448622629894,-0.0019049168774178476,0.052971946844402915,-0.5803620918034107,-1.2749430054533852,0.4845598376908914,-1.1702632636984216,0.22402985801636022,-0.6388088907483472,0.24733521826717736
TCGA-A5-A3LP,0.8672836691448406,0.3517248010622487,0.45106412518126576,0.10890080513534091,0.7103833035666123,0.8744701337217671,0.43927495963308477,1.3239521562177252,1.1674188463361388,0.5504259167862973,1.0055927276485637,-1.2447479903540775,0.10109444432670503,0.15942467882578368,0.8239452800029659,1.1542451915603151,0.1339814811668788,0.2607026031480972,1.540727936694667,-0.3354319902270289,3.2135984200423273,2.269821203688212,0.2261321091644037,1.2188901643311134,0.998043764474088,-0.10315921262323059,0.31416762526980446,1.574192097104343,0.6681174837176991,-0.011864515232043052,1.4041383228407451,-0.026244115845626845,-0.4167163532193769,0.607368065620816,0.4970384865058045,-0.4341453758070105,0.7261300395863263,0.6368798371205043,0.3334203850950676,0.4653271255610337,1.2490175866019328,0.8557712866862995,0.4286357126140081,0.5164076997973309,1.0733816805406102,0.4187941163315477,0.5208307261026252,1.6680002269949101,-0.5851845339201389,1.3577730836184332
TCGA-BG-A0MG,-0.5185354362898782,-0.0011204697951564422,0.0714011965995076,0.17516510204794025,-0.3137593461780778,0.3780501671533893,0.5885756248399465,-1.0723918403318098,0.16480170968536492,-0.653705687261977,-0.12620258914219734,0.4147607410612769,0.7569197442245648,-0.8076763167825837,0.43106950389331883,0.7186936778005016,0.015880356029292067,0.7430717396734449,1.1795754442089414,-0.007887783000175005,-0.6612181209764969,1.518478750891124,0.12418427562813798,0.7517100449961638,0.8180923531678941,0.13587507207548113,0.30681500915553367,-0.6590879745354449,-0.05066623270491628,1.3296426787475,0.8862567749754529,0.7161433752655847,0.9295190780201767,-0.6967667445475116,-0.06565855433047664,0.292762108662813,1.264041053986668,-0.45127709904102964,0.004338962305425557,0.5409094626717664,0.09054995026409925,0.12340283453228287,-0.8826814140923063,-0.40983191256244345,1.4764448349419368,0.9000607019159736,-0.378877993369231,1.224570566242614,-0.274860767438777,0.5621037940318876
TCGA-A5-A0GN,0.19798746406470602,1.0888031843437762,-0.376709256090484,0.8103547726821538,0.5506772283379232,-0.43626775307298427,1.2629208687505342,-1.1896279952301683,-0.4318710725227989,1.7630464394222507,1.4942762176387623,-0.5231942562567105,-1.3266553845307765,0.5364180756894005,0.016697179239672198,0.25697953454919303,-0.37810507114811287,-1.261531111428082,0.6582881524325053,1.077520626745314,-0.08391900237168869,1.8103391531597024,1.7943477877521259,0.6981253320643945,1.1817536517052687,0.23339944887387593,0.5031486523384004,0.11151682264087878,1.8205824360685678,-0.9860644730003478,-0.28850978052049914,-1.083052001016529,-0.6663327081345649,0.6484581026017104,0.6248556703357137,-0.36830669336523725,1.3741623688216593,0.598060949146481,-0.5445560856008995,0.6333613434808067,-0.6197776914667962,0.41657104899622555,-0.6804256403288916,1.2509358890425244,1.2273080742268936,-0.7461363814560171,0.5787810555412867,-0.30400581498667445,2.4556812778259887,0.16879061533003392
TCGA-B5-A3FA,0.3468837959847879,0.042968336661478465,-0.4975685463494943,0.15181602800259864,0.08595830296842205,-0.39126706703379727,0.5580570553845939,-0.238790840214215,0.17189136763855892,0.28931640891753,0.20455510224011092,0.6918698574028589,0.06727641231680401,-0.31010171738491205,-0.4712780020973665,-0.07423580264204799,-0.5572277884397165,0.14790840347315093,0.6480603976840064,-0.4314770409394771,0.4354623140361241,0.1976715238913206,0.151604464424513,0.5245623713025142,0.23648963796520095,1.4672248439069446,1.1055592844344735,0.058845822524732035,0.029587521845029913,-0.5222231625026315,1.0745910387518118,0.4111003444923475,0.4606201474218381,0.17388680170413998,-0.2783881603464399,0.5634888886027271,0.8915649909423904,0.9974558343100114,0.06798187083766867,1.3859882041929037,0.41337213797508254,1.6288754901289928,-0.18769405200871703,0.54287732199804,0.2836976897243663,1.6187798402792262,-0.4553014796211643,1.252334114868464,-0.7154691473911658,0.6673986377490868
TCGA-AP-A0LO,1.4681866164620565,-0.6121559643744482,0.30409847034081394,-1.1064840583792137,-1.6584530806580484,0.09369889996209854,0.6014334223547013,-0.6722371284627437,0.3220943527664134,-0.8534310501968466,-0.5313934886979638,1.0659774108762947,0.2182201727663025,-0.34708417219204357,0.43866608158708703,0.581362131979964,2.153346604203251,0.107896339667803,-0.20417253046891512,-0.6156242650829379,-0.36019394996423076,0.03325830608610202,-0.30185648815249083,-0.4459676489380977,-0.363002738397745,-0.8987762472973119,-0.8321490175765379,-2.6297989509597257,-0.5316702172002113,-0.5967315625863572,0.6144755123674617,1.4974710165562284,1.956908558960962,-0.5335688910292278,-0.9852608673128999,1.8510776595037886,1.055204607552715,0.9754373173064272,0.9186634977081379,-0.4600130131563104,-0.12189351947484599,0.5739110380872494,-1.2669699211789094,-0.6521450865970646,1.1356292271796231,1.714502221488722,-0.2071250029341742,0.9212614567147981,0.08999616882619817,0.5735372449544562
TCGA-B5-A5OC,0.6337064103104819,1.9212153353701358,1.5642715850074844,1.5223780692662088,0.8877669649726668,1.008581396809592,1.8759544281655416,2.129165702263596,0.5932519007233236,2.937345399375413,2.564678261771211,-0.6678807720693597,-0.21268648730972028,1.384913359442503,0.2039900656850588,0.6622856797792017,0.7062120826932576,-0.12991261682643251,-0.4614728760224527,-0.1334647647526163,0.02870620232124831,-0.010474707434485427,1.9949345870596944,1.8106445770289812,1.8683091471865831,2.0158856500392943,2.4576068052300806,0.018807125779471082,2.239173545368997,-0.12505591436628194,0.5833932019994044,-0.027410401757385756,-0.9775748045327111,0.18918735524145128,-0.6650547096256181,-0.47993722554978385,0.263788229956637,0.6770093148524279,1.0777404768238994,1.6168839679562301,1.6077943514585469,0.46038568183049117,-0.3842437294759413,1.2471420033898681,1.406064749480614,0.3571940832556051,0.8617148856411776,0.17259273649075896,0.08664518679909007,1.621957722132938
TCGA-AP-A0LJ,0.16112900248324247,0.20089526367896585,-0.82441066244012,-0.261856215882379,-0.5550784166358632,-0.2132451541090034,-0.09412136870091328,0.16646178651640714,-0.24065222409083317,0.3999352772888955,0.3310975638918945,-0.015455038742647382,-1.2583201158102852,0.09895427162773594,0.8003216050989225,0.5857166591560459,0.9285783842957915,-1.4278167474625505,0.3033840789228434,0.2743094210613416,-0.13461589649428699,-0.5299584230988724,0.20064108953306214,-0.14706351519401237,-0.21759723624897495,0.13709397438453075,0.15978502753499485,-0.960697812614093,0.03279456401777105,-1.9345061272611104,-0.7728812251004566,-0.9622567505364812,-0.34836353694776667,-0.16641150903725593,0.2649049515980914,0.3907345610499559,1.1459251478267263,-0.8861090438149847,1.3588595477269063,-0.7502604210543123,-1.5857866021471485,1.6414001008943016,-0.18359203128540624,-1.1728289307261552,0.06627594287131958,-0.4973971522562031,-0.7844202357666875,-0.34654593150486657,1.3605412362329177,1.1086023034524373
TCGA-B5-A0JR,-0.08268301470189383,0.41975949638864135,-0.4676219380022599,-0.44756631339679154,-0.8811109224402721,-0.36163500511707014,-0.7291934615278067,-1.4230692485807737,-0.09098467296790287,-1.190259232712226,-0.49106762296358564,1.1449813445858152,0.9444901537553198,-0.12522099631186007,-1.5080409043817224,-1.175966453899437,-0.28000771344873154,0.9747399945505384,0.05187949374479916,-1.7565277083443862,-0.527824081899599,-1.280990377907118,-0.6790109863649609,-0.2698596788655387,-0.3612845040182008,-0.8665422220434142,-0.5869193950400738,-1.1750302862204216,-0.688979996705678,0.39873111961339974,0.5348323340750255,0.6681222681577351,0.5840494125311234,-0.5280624810267102,-1.0382997854599227,0.2576428319941478,-1.3660960087271636,-1.3770377612800129,-0.6960957225102282,0.6929466003405083,0.8027334179264729,-0.34015847644434355,-0.1255352001957847,-0.6024861668024044,-0.9157010198500211,1.0432097862599892,-0.6238860684498365,-0.7249301384393613,-0.6322894971274147,-1.0386569843601283
TCGA-AX-A06J,-0.07838621242638422,0.023649487996957166,-1.1336845451403392,-2.500805599147215,-0.8663151556881186,-0.6159628753118288,-1.4439502546305285,0.6525728400167546,-0.5502972043358696,-1.1804065634691272,-0.7121904368174129,-0.5685733120776797,-1.3470020273781074,-1.8374414013185538,0.9522164760736151,0.1812312693758543,0.10168216957988213,-1.4635934906970425,0.19442758524880951,0.04291617279892071,0.683352375438301,0.3150927150200943,-0.892101212465515,-0.43826035550882,-0.15194455973562793,-0.558835973886031,-0.2961002168960645,-0.22614191155339947,-1.4373579880800913,-1.0322936195519685,-0.7908905389135926,-1.5021086684155371,-0.07029220575846706,-0.9716947390779922,-0.14039382633042252,-0.1279876573918588,0.8109765653872185,-0.8148904683292907,0.1944272821085294,-0.24557670557479472,-1.8822156968844566,0.9952014593331561,-1.3182853117731883,-0.7659021139231196,0.3248482683362712,-0.8483437385069612,-1.147105334992112,-0.07797558543216748,-0.12090596397605584,0.649036824597339
TCGA-EY-A1GX,1.7605339029921623,-2.885087140052188,-0.04540166849977948,-3.047382378084394,-2.203140335657126,-2.2075895908239547,-3.574619625536554,0.2567164062948328,-1.6785774481077558,-3.2280764582419006,-2.537965569634186,0.4470296625747804,-0.062049465231644556,-3.0369651022981965,-0.58173543095849,-0.6502250116156458,1.1407854335549745,-0.2158138837121581,-0.3199132492476923,-2.1132384800140884,0.7155175980112723,-1.201421726102567,-3.247948632341656,-2.8241483461503893,-2.8346052762248344,-2.476644924959627,-2.5158325435217606,-1.274672561759917,-3.160270476171871,-0.0038922634776283544,-0.16752756741819444,0.20855706274295593,0.1434889132322866,-1.53499987254036,-3.2197766821113456,1.4632338682147308,-0.650884093506508,-1.5639881362647476,0.9308315289153329,-0.6545976578249633,0.6848667660837578,-0.3789710884152664,-0.04542522859979477,-1.8270365028653324,-1.908508258454059,0.13057730098791506,-1.3474648904519495,-0.30899899704548583,-0.28338167082995336,-0.7415004201249202
TCGA-AX-A1C8,1.1638834182994338,-1.1323801291054998,-0.21300181891910186,0.27124153046696947,0.6887421318911602,1.016086478987294,-0.6097234903955872,-0.010527626068549298,-0.019174782113569953,1.445698504550356,-0.23915515528837156,-0.3426807884883582,0.5330017352931344,0.057908616469296334,-0.53000762617675,-0.1242147537894398,0.9233633848747131,0.6608666456978368,0.46502487523347574,1.0595896536944482,1.1121832187202498,0.6389685472567402,-0.46287294601792534,-0.5604053679813651,-1.1299159436144208,-0.1958666770580514,-0.5559990909525413,1.4795759880110582,-0.13810446113051078,0.5204666094478196,0.17720123148994346,0.46738408046957375,-0.3611897502495591,0.6076939703586721,0.7506691602051151,0.9980999439657999,0.25272497950576506,2.198589724781427,0.02543378979998292,0.18933874343072796,0.48167457192204627,-0.4034639614232659,1.9213555625410261,0.45897925565574643,-0.555683698184876,0.6301832276053415,-0.11606083011704807,1.7176754640247784,-0.2637432940738078,-0.06516103406216307
TCGA-B5-A11N,1.075079350691518,2.4092601061319563,1.8988375962249342,1.11281441478581,0.6690661348678387,0.5416691112268902,1.883937317720012,0.8165100600398193,1.0397551533614369,0.7001758303162224,2.089241095426362,-1.2777811600201856,-1.6437310819966873,0.3149125702277147,1.3950348829218642,0.9321516643770706,1.2119214519427857,-1.33911480596326,0.3064797123770316,-0.5380705411912907,2.2920348621113673,0.9587270424971172,2.275889887397306,1.8997169203660242,2.5098671536352106,1.8986043922381841,2.4495233490713706,-0.13765855666393753,1.853658927924545,-1.0916956974461343,0.4932924753293445,-1.095826980179952,-1.2206608512998112,-0.23314064454570138,1.2131335861359918,0.9615134020925422,1.2864438390305897,0.7960391152960112,-0.3355236906818965,1.2983602977521558,0.8852555845901711,0.9838320303791082,-0.8007778625774687,0.4653407169054907,2.341223070179825,0.729123753416201,0.4569366093538324,1.007954607444315,-0.13540713211590705,1.014129929958562
TCGA-BS-A0V7,-2.254213585486515,0.7808841167908137,-2.9516266389568435,-0.4980180372920308,-0.31596433440041666,0.8071020435128935,-1.3372022927743952,-3.0876659938818576,-3.6806318469064547,-0.384851911018462,-0.462655437665386,-1.3210829310027243,-2.794342714190183,0.4048380106848264,-1.7074300096838184,-2.006277727748522,-3.1400972556735356,-2.7563913757663667,-3.6180348641768822,0.6132942283560816,-3.4055025251055806,-1.292623940574888,-0.007190313967577042,-0.16940078007995485,-0.7650046728939569,-0.5450460920240984,-0.6462278724626005,-0.681396365517648,-0.05607910484728229,-2.8636152660062653,-4.278695710648231,-3.7947616670938142,-1.5597030905327478,0.7094073154574652,0.7463252647545976,-1.8646402929225407,-1.211477092032997,-0.9884675532591942,-4.150874227796704,-2.658768688235228,-4.3020399535258065,-1.6632128681606977,-2.988046292094912,0.28149435413436563,-0.5081644881260196,-4.7965865885301895,-0.2931415027498145,-2.5832341191032726,1.100320120923456,-2.145333509119766
TCGA-AP-A0LL,-0.7454411941122217,-0.412806425066038,-0.9323470700623134,0.2057847334937089,0.013214784013769548,-0.8236434324920023,-1.2781748781687672,-0.4748906707838792,-1.0374166118931971,-0.05879314209891965,-0.8588406398372116,-0.7789787653026202,-1.7169183284930987,0.2230046193253534,-0.27365808454045304,-0.24785984423680896,-0.7343710360702352,-1.7995779185445515,-0.7703447444458589,-0.6162081544412544,-1.657973338962966,-0.9070289217002299,-0.7316771332321866,-1.2790811692821027,-1.3829807618724996,-0.6766213508360962,-0.7899748475047612,0.34424947087701036,-0.21427338783151112,-1.8323289845026898,-2.1252660629784548,-2.3999928663670276,-0.9125740576307176,0.5951186952212042,0.2242235299525322,-0.9802169878639485,-0.10542201097167636,-0.6288121242079603,-0.5818340397540143,-1.4485902952998302,-1.908221961225602,-0.9041652245693604,-0.13066046130692616,-0.4272682685665151,-1.008555780569541,-1.997619461203246,-0.5322539493044478,-1.0316855294160563,2.2486702243880927,-0.32981313512785315
TCGA-KP-A3W0,-1.3169065118676067,0.9696746317009162,-0.1439875565573927,0.6112645023956266,0.3569467282258779,-1.0463586864427397,1.3006477800096874,-0.0817564154512463,0.8042498127682202,0.5807589286490198,0.41685818228115673,0.06984717031464982,0.0368428857586079,0.004207189890193714,-0.23980799253093918,-0.4314344144831086,-1.2068415824590062,0.07927664143733848,-1.0265142452487375,0.0979050835775709,0.4686208611008056,-0.30147507073060403,0.9286616445180207,0.6355908529489501,0.7285312896624374,0.3134873226247558,0.5176277772744525,0.92225684947759,1.067183340714427,0.24972804726002779,-0.09630438764634942,0.4405622020901761,-0.019452739920910605,0.5178185273795967,0.23412825460733583,-1.0286798727295636,-0.3067711493550784,-0.4737341987500038,-0.6832369266294177,-0.7496404049223846,0.4000918602573763,-0.6830577826525811,1.1356216379466988,0.6175524381439909,1.1039437212584435,0.19077259861767565,-0.14370025700096753,0.9010433849519653,0.38135934366726887,-0.9557420127787688
TCGA-EO-A3AV,0.15157895236487348,2.4309402592524085,0.11117589545253155,0.5530933206295493,0.016086976910260783,0.9302712904524891,1.922669187787621,-0.6514127346833378,1.673131986399036,0.7263871239762252,2.3207272068225753,1.0090558108420518,0.6437264611707907,0.42306984393273933,0.159801542637443,0.5912979631631019,-0.28524880626169025,0.6162833862395167,0.5348617578875294,-1.495139099230913,0.478485589222783,1.4621240271279035,1.293902913789355,3.2849748449578318,2.230360620526146,2.677074436479684,2.9823425619049977,-1.2618858821310786,1.6893345023578117,-0.041108571524166415,1.2043908313801432,0.4095042464875724,0.4530130427816178,-0.1848855304417326,0.441539633977763,0.3005025661399275,2.3504004885857186,0.8711304149637582,-0.6381592462060499,1.2936628375938535,0.27797654583796544,1.265681824183806,-0.7985741715949333,-0.39303048243299377,2.576773650062496,1.1692043579838178,-0.5289274876831562,1.3145513125576826,-1.2268321089578063,1.0516007478932043
TCGA-AJ-A23M,-1.063217877594448,-0.7350771755809516,-0.5244071557695269,-0.8793100995236655,0.8681159932557628,0.7705356027970669,-0.935879968323462,-0.6881507960201568,-0.8056697213005826,-0.3522733440173332,-0.8058600741567705,-0.6340341878745304,0.35705016313681576,0.05585389252535587,0.17826834835084887,-0.600851469572334,-1.8702253228368202,0.5167452516879497,-0.9338761680181682,0.8848369657016325,-0.3848345602039568,0.019406366233891227,-0.5047721153083748,-0.40481275534069816,-0.5154143505345344,-0.4946240996708903,-0.7199646659170635,2.221233257102495,0.07445147469043943,1.199121825269133,-0.5275431368587493,0.23149555973861088,0.08043933163942446,0.9031072953982574,1.0990155433463946,-0.9538062747101734,-1.1570053935716995,1.0906054072521179,-1.9162303703124592,0.1479698039583587,-0.18002828720369307,-1.16396490518,0.9373175922544915,0.6510943994870703,-0.557989812675864,-0.48276541501153897,-0.009349686637807752,0.5106734058366408,0.262669477015645,-1.470417732180557
TCGA-BS-A0TI,0.6355365619788668,0.44382059136442686,-0.571784204352593,0.6070020903016611,-0.1180139374941153,-0.40119667244724894,0.7835571863981051,0.4444638616077899,0.24612524439564665,0.12127424786059195,-0.057931542586875176,0.841474717392675,0.40581707722359717,0.4265714478328242,-0.3330525131779076,0.6076377927225196,0.18145714095080848,0.20046205512239454,0.4472480906564935,-0.8734304074706527,-1.0735446078178765,-0.40554277188701526,0.5649762040921655,0.4054220898837732,0.3811969640679753,1.5175057054016066,1.1840150266609604,-0.5163165810546858,0.36692217888129885,-0.13411019646239644,0.44696155212333927,-0.06886747271915587,0.5569568558720781,-0.1938708132581698,-0.12119626746981883,0.6063473294579346,0.38876930558555517,0.5715803423204885,0.44152314625373323,-0.38508790143949695,-0.845030450741484,1.098278743607068,-0.28000349356624094,-0.8284071679683447,0.05450418942017651,0.5743571331147657,-0.6788494660006308,0.3543368869340293,0.5238321844276257,0.6309779492331063
TCGA-A5-A7WK,-0.16208796806154346,-0.4247275879032246,-0.8383312408990825,0.20628722135456057,-0.34714374366186496,-0.6628714629624098,0.21515991692062306,0.23221933421746133,0.5643638865561242,0.07418407204382269,0.27505019622828525,-0.11038813495043565,0.6760600729611634,0.03981583306614896,0.06263334045283979,0.00735292639243753,0.010586307121731737,0.6747556917536841,1.0195808181593897,0.5835311305024856,0.01215932810872458,1.5211780362717273,0.027957390569535983,-0.14796685258975187,0.010838774510127814,0.3344775492838595,0.3143327405465416,0.10632555459357197,0.16498694162040706,0.5219643366007277,0.4994951643821185,0.43567238988187673,0.4715478801270982,-0.09310070831815159,-0.7247050912240492,-0.3117252855563939,-0.4287607374228597,-0.42435872416262266,-0.5885453237317103,-0.06848511263615446,0.532257593545655,-0.22595411590604644,0.5455533998160488,0.3874755465546033,0.20158104905855742,0.5996474100228887,-0.20390641668853812,0.24368395353171843,0.21103659604017014,-0.6721131990058046
TCGA-BS-A0WQ,-0.472219479077839,-0.7024116700342427,-0.648093702521797,0.336404779741051,-0.5609353835179215,-0.9046763545559116,-0.6376691505825047,-0.6380712894889455,-1.6013197647666009,-0.023154904138160785,-0.6720554685872339,-0.017362016410847322,-1.3066442733575148,-0.29544598310445186,0.1687576682966731,-0.24994255646558683,0.3737481008089458,-1.3523526632643426,-0.49464159264807994,0.4131296882398872,0.01651129843192864,-0.3281017563377921,-0.6089059903604455,-0.5837856340869502,-0.8676179995526339,-0.6015187553796272,-0.79030696738711,0.23932938473699258,-0.4762559834255801,-1.3665422259430622,-0.9878123080238745,-0.5240995577546769,-0.7619738201534975,-0.42264848718578674,0.23332074056656035,0.10501549254196234,0.4366490170496786,0.23499956781196665,-0.030952119742354647,-0.19502099979455162,0.5628921079378495,-0.3337839575943718,-0.25717873003084424,0.47359567512944917,-0.3011972061141048,0.009404286781624138,-0.06403003376557344,-1.2445084824545813,2.131306637313551,0.22281573617130299
TCGA-B5-A11H,1.2230479339556122,1.0680861494556004,1.3408704051114382,-0.05244201134648251,-0.21450187530913203,0.5134862625324825,1.2238892880541297,0.746967194575635,0.23009585001383473,0.5186989965924371,1.2455657260535695,0.5061539287635596,0.21515849868861012,0.21333568685274193,0.3441664594704203,0.6404385042036449,1.670302014723244,0.107412919948539,1.327578000391504,-0.9016196597358422,-0.16250447493189457,0.8180143012735288,0.7969438430671373,0.9677382081969798,1.0584968211368686,0.814238339832638,1.0533284600671238,1.1079827881618018,0.5861867594766799,0.05570876773664748,1.2412408725512662,0.3241149279588036,0.42597185207413624,-0.26550717257263173,-0.6012390239896148,0.9850040191306202,0.7035412383319465,0.6304350086963887,1.13465970623031,1.2003224609043286,0.937927482760471,0.3633201433979808,0.37899642185838833,-0.4543912439001365,0.29528439235335774,1.3839705269533011,-0.5658323067236419,0.8900319168003765,-0.9393742030175942,1.6072943826120065
TCGA-EY-A1GT,0.15827816983679874,-0.5927654257440831,0.583840496949075,2.1105392153168214,1.3386124530669516,1.3822288164689271,0.49830018308889323,-0.20832720377572603,-0.12026963849272235,1.6409325618912498,0.8076759531825495,-1.0914139527615538,-0.9756226132517096,1.4937155517878722,0.7493378118066467,0.35724638813441123,-0.5474613264195543,-0.7068496565334994,0.7035117716823579,0.9750965470587206,1.5921488982348522,1.3332674124891348,0.7229635034371306,0.16800383439278746,0.7339537357464074,-0.3731856618505662,-0.5488573120321776,1.3727986348163523,1.4496340983581524,0.04472947409665174,-0.7849489907701703,-1.2597143399982862,-1.4244144843407651,1.1313073206781654,1.698286799033227,-1.2181671990248986,1.77543517386008,0.13869727287481173,-0.11548088167853553,-0.14940510151212663,0.6497510418226591,-0.20496253342127224,-0.492430355226163,1.8966298560409807,1.369522872353745,-1.040146186382772,0.7146728637078946,0.31653370176179646,0.4315525126011842,-0.15493561199824862
TCGA-AJ-A3I9,0.39105435423616536,-0.9669071628727841,0.5187672686687128,-1.7586377956938648,-2.7279545271626144,-1.4264643727731012,-1.1584830421019956,1.0414013639301403,-0.21039632879650585,-2.3927482247564,-1.2991184587652658,1.473004299572696,1.3673587268537302,-1.4620036165332444,-1.0918863584581469,-0.4099286341101388,1.8005508665582681,1.2080428430682153,0.12287730458987701,-1.4707513050413037,-0.8539194976549492,-1.701607499825578,-1.5394214562080328,-1.9535914771072473,-1.663470234237841,-0.755095269666787,-0.9459551826187086,-2.2117788205399904,-2.525101554412077,-0.13892902767344095,0.9229182217409884,1.8768365843638826,1.9293499054952306,-1.6641116428392448,-0.8372029927579462,1.9290291756154123,-2.040694398896249,-0.9355339078092872,1.8356673458887978,0.5496349178508326,0.505265944004907,0.9445732885143221,1.0771054800105375,-1.6867005504134243,-2.104585232322331,1.2045428427135472,-0.7176262327709451,-0.014449063991812684,-1.4304184984537582,0.39887245951881456
TCGA-AP-A0LI,0.1463556069658844,1.7481553892012105,-1.9716503062461337,-0.3247130928343956,1.0880148501647389,1.4816669007312102,0.6423349500881239,-0.46778466780124506,0.2586045047757205,1.1072322834247241,0.9178958357395012,0.4138613327346199,0.5484344849480293,-0.026141841583463023,-0.707901571235322,0.2446843714264426,-0.749911206663358,0.48707679512533814,-0.2535910412112555,-0.9562489363764598,0.3134344332774066,-0.42454766366440305,1.4706784479741992,1.6533807567321284,0.8080138467755095,0.8936049542992132,1.2194721064354794,0.35245081650663906,0.5788397460464205,0.041421520004082085,-0.08714368743785782,-0.10742910457376051,0.3784268609959694,0.9334191896039185,-0.6246019307616685,0.6999408550481956,0.6020636331350333,-0.8988669475093197,-1.2966719539040954,-0.3171774825589684,-1.4837686638169547,-0.1302127061621745,-0.22726622174627586,-0.6418797439569707,0.3446045291003144,0.3312781218612214,-0.9572222463436384,1.2065197963139829,-0.5287651219660473,0.37899468485876303
TCGA-BS-A0UT,-1.4193619452226833,-1.3194926727582157,-2.037781366511076,0.7554865745268081,0.27467800166384165,-0.9465531818858774,0.1286354659876492,-1.767178544111178,-1.188306465172457,0.1535571268301535,-0.7644943218785484,-0.22494767324025403,-0.7248881426201935,1.1463413565999294,-0.40757032236054763,-0.28854067385975923,-1.8723474934334217,-0.888022757469096,-1.1421695974316775,1.0862377281607225,-1.1936044770044039,-0.3501602623318476,0.17486469781179007,-0.6977863624922945,-1.017188394372041,-0.7506003101592408,-0.8197730652103307,0.43213659039908925,-0.23278706256164647,-0.707924666602325,-1.3410110092327485,-1.1119061649702584,-0.6947335800085652,0.4628565488622523,0.8063292889913662,-0.9308332110380181,0.8660637530069281,-0.4302448129995775,-1.3593590208507473,-1.391744294348389,-1.493921748914278,-0.4175348502442994,-2.0381921435031667,1.0632360401934433,0.5285506485281035,-1.6586177310911427,0.07744765944553082,-1.03692835949713,2.1859403644595434,-0.8812147370383628
TCGA-AX-A06H,0.9399729558936011,2.5076667638560024,1.2931668211515797,0.9841564496738796,0.6655925214921065,1.0587400221298777,2.3461103144960935,0.20911232276054506,0.26321696695398045,1.562000744355615,1.8847561946018132,0.0338644026871303,0.19203071928793639,1.400645203437935,0.7079956109174658,0.8960489617657561,0.853893022070776,0.16252135872125417,0.508412735695237,0.5586337572457225,0.7358300470117068,1.1826664965620843,2.281235238597598,2.0201578203831434,1.8293974172808172,0.3201444220654666,0.9994862573235899,0.2029130130633231,2.0474115830173067,-0.1062935097589721,0.7197328839617109,0.19705065206540548,-0.4861509607462837,0.14760151571402397,0.796572376205465,0.9528191718182236,0.46115628909243955,0.9826762830503855,0.15233489887769366,1.6939483368707688,0.1181445509379123,1.4327027780662032,0.9874150125567317,1.1008681545211152,1.6618965847796008,-0.3812056416449475,0.9100594251019555,0.4496837369418201,-0.3976100884914585,1.1574240586588096
TCGA-AX-A3G6,-1.5058796493907123,-0.0910891374099757,-1.157869911629689,-1.571721288967536,-1.9273928826733215,-1.0867050434009513,-0.6746886608132566,-1.2229215489135123,0.15944814403458424,-1.5594128368159659,-0.3392733039602353,0.7766787060367192,1.4545245090606995,-1.7170970284756857,-1.7650263484670639,-1.1948995374782398,-1.5446237541301,1.66424126536313,-0.36225517603261964,-1.752448403769105,1.2473370698094488,-1.125831617589732,-0.5099457961157357,0.3818050755804016,-0.13010860128091903,1.197351239960514,0.8557032135079187,-0.905587179059031,-0.7111950554725353,1.4995270716699443,-0.0191418727576223,0.8091646540357159,0.5486075259572155,-1.7195353159772981,-1.1654429600223781,-0.3641148573565023,-0.5705667665128517,-1.6633756538672198,-1.0845073627943675,0.040948529250084215,-0.5856756359488893,-0.31221090224862214,-0.4789868109332933,-0.45284306380290457,0.2330277115607471,0.6857030468367907,-1.0116518850210243,-0.23350463871914762,-0.6410027232361858,-0.7976357108171727
TCGA-D1-A177,0.31920530741720676,-1.8513599023060945,-0.510534352912375,-2.0537354136743944,-1.066058731622712,1.2300611129857963,-1.4959058624357857,0.3239189575483548,1.289426134366617,-0.2628345768148061,-1.8133585268458334,1.3468391980637178,1.4442219882491778,-1.3238897572580972,-0.7020207180509409,0.12950924520379684,0.7411183879638203,1.490806382468649,0.8739575944015854,-0.6124108925286214,-0.1385179032602718,-0.6973931274185318,-1.8717394991992509,-2.107985461544062,-1.9420457861363503,-1.965010949201902,-2.148632119735402,-1.7042803416820111,-1.827566849323274,1.0229394331223711,1.394253316051742,0.8573723460043208,1.0445108207086486,-0.9896167793698027,-0.5463884709868249,0.641549368055429,-0.3093135618406309,-0.5543390639044148,0.1099138077339969,1.1690348088870774,-0.04748314337518274,-0.19194912449885354,-0.9100001800366809,-0.7841796017843485,-1.6639319579149097,1.575152458714088,-0.9409279323891288,-0.5608448134075139,-0.9148886700853236,-0.36603702808534555
TCGA-PG-A6IB,0.38526591272008165,2.0820934282236077,-0.35329078346983134,-0.7927032223458534,-0.349155563610992,-0.5436916517512425,-0.06335443544996275,0.13965105101906072,0.7511769736293034,-0.4460925759782131,0.721294333464676,2.196710724182618,1.6373890860482743,-0.5729019492439477,-2.8408644042672826,-1.0735700981757383,0.7288155898671564,1.4749204687124329,-0.6002815568931125,-1.7003236885657056,-0.509663896166746,-1.969393962129246,0.9197699083669717,1.177233003485672,0.6690524944143379,0.5647781455866027,1.014504258274928,0.07897855431244968,-0.35339066073702546,-0.1053850249262594,1.2377601237390434,1.80456817316287,1.7009715394219298,-0.270912120793973,-0.3176079568274809,1.6432253703252764,-0.23948134251380288,0.41276428297560286,0.04113077086893819,0.820207792134004,-1.1024472228391613,0.5158172282569113,0.8708911289320244,-1.6806887830508128,-0.4034076470409003,0.546606159857344,-1.2330876932129422,1.0064465274557854,-0.7631162130047794,-0.28256222900833383
TCGA-D1-A17B,0.3087875603106099,1.2779085916834065,0.2786928363643292,1.2741555171508934,1.1474377999634255,1.1412159296338078,0.43259834944951364,0.9546435737647307,-0.1009554953243783,1.578774049041344,2.2652242753419336,-1.634769753221338,-1.6190991019799585,1.0516849984291348,2.1575071028581365,1.4158939054390358,0.9304612413162253,-1.3563824347192974,0.7387766670920798,1.9874780654983595,1.0087401191578975,0.8468410555364823,1.6030920188330249,2.0267580538711587,2.260266238926683,0.7278226383312607,1.365670398445682,0.6191037911431567,1.6414614489026826,-0.6928313798842717,-0.8333937776367005,-2.6017285146194826,-0.8801517808285835,0.793748007958772,1.7903476191834105,-1.707459341163245,1.2637149285992864,0.7883193780691994,0.5008315655245691,0.07303987543635225,-1.3224799943407637,1.0307485007294264,-1.1897086193603306,0.1691777094339513,1.721429718152219,-0.8071221512984339,0.13084125043510536,0.6085246688833266,0.5170855377083667,2.0698698593315163
TCGA-D1-A15V,-0.7508068816903383,0.17505853296550689,0.0024106636152372027,-0.14510444566144762,0.27612904311424624,0.7160230257023275,-0.19228665404080905,-1.951272669147867,0.8583482236344268,-0.5927345254167399,0.20383144557203145,0.4739533471135684,0.7268983819795786,-0.3329026947833579,-0.4231379949076815,-0.18488784912039272,-0.9617291961040074,0.8324419980471349,0.7489427169330085,-0.39364557187026283,-0.17221218658133963,0.29961146568237923,-0.040128280688381986,0.25325531363034204,0.40090392893828625,0.14538940618557444,0.22592617956404248,-0.017642435435011566,0.5873330306977972,1.755115975570633,1.008321885336196,0.8669934707028845,1.0117831896395975,-0.9463189724162052,0.34077776966414086,-0.4633554586367044,-0.5063242942606822,-0.45959995983765484,-0.5255224792233235,0.3104457003023108,1.0341504889587936,-0.2979358391265641,0.34787254391142575,-0.37345974044093866,0.23269361269035835,1.4459269878634806,0.11604998945372315,0.43703261168552016,-0.4228615733569978,-0.7015241778596758
TCGA-BK-A139,-3.3946092381768844,-1.0941253394054875,2.2303353995405133,-0.37687145614528833,-3.9229460786374935,-4.012714822225629,-2.42613388879727,-0.7450439447001067,-3.0474139010796537,-1.9638183634078699,-0.28887093513319395,-6.2329327026664245,0.019442994628033027,-1.3031283100135185,-2.3271837638520005,-3.497440077911169,-1.9430255727620225,0.66089644678076,-2.5038002968651027,-0.8764258254504005,-0.44167830701866306,-2.0332139458018847,-1.0871082908827032,-0.42150190630093676,0.5756436312764208,-0.42168893390663326,-0.06573220453236403,-1.9124048886674307,-0.07357842168384672,0.6590698890671436,-0.6974020536835234,-2.5518483547539192,-4.215025659059595,-3.7353462891749114,-1.9720012026979972,-4.131575024548595,-4.549651361873992,0.9171521227992503,-2.9916795601517268,-1.933317954363653,2.2060500640229495,-4.041273692192576,1.7486005021180697,-1.5783081140413557,-0.8609068788707359,-3.5182414992304545,1.8553807556074362,-5.705152341805431,-3.3207116379412156,-2.690904751278191
TCGA-A5-A0GM,-0.1071329707786157,-0.7142486959316695,0.27251502574829556,0.8031982567791881,0.42316302667276234,0.4947610708877067,0.35399204071546886,-0.5859949527731809,0.04931476437109945,0.8291141763046385,-0.15250412091272475,0.3714483994649148,0.18365584792312725,0.7393410054268018,0.2685229105121752,0.4334218410410687,0.5920210076116923,0.2185454019566892,0.6657096492273634,0.4905926573587963,-1.127921315260815,0.7796866656867477,-0.20224238380595194,-0.30804577209527334,-0.5288168200612142,-0.4399326659269032,-0.6734382402481256,0.43750111046266094,-0.4282307197151894,0.28189790208777155,0.28970143062607945,0.3603608399201615,0.3079684512695388,0.8793530947320648,0.5326340808490038,0.5307040076113881,-0.10765458340369059,0.49432324302503,0.17244021360091583,-0.3161956311487394,-0.6302814498400143,-0.21359166939568758,1.1308990678723152,0.5645636664598457,-0.5747485792063913,0.6155259269158397,0.012032415429280333,0.01891211421403473,1.09415221524654,0.3942412061885119
TCGA-BG-A0MH,2.2729517711791747,1.2786547477701222,0.9777189926642585,0.6854075977028479,1.3888064819132628,1.4813007673280136,1.2941052905655333,0.6116135980050321,1.2737439062607063,1.5557355671458857,1.6693651247451042,-0.3915937538636123,-0.1747292518254737,1.6192232747725381,2.09594631289621,2.2180602046142077,0.5602153946613765,-0.018196752730366875,0.7352061176106778,0.7734822309450642,0.46736476954279765,1.1331698159011103,1.596622891730581,1.4409225732059787,1.3832973055157785,0.5166972854733778,0.9850244630051118,1.2831866860778733,1.4939723347384217,0.014995230982131857,0.5129635878110603,0.24765167433242335,0.2068385253394804,1.688333421639976,0.8787833264959147,0.4160883469980966,1.483460321539843,-0.3847493439612017,0.893443454525201,0.9371971120177228,-0.2260777427482678,1.5312035885500166,-0.2554595954204934,0.31421045847305407,1.0375355191827602,0.3302473518680582,0.8074190119511926,0.9450799436747092,-0.503704743244266,0.6384543257679469
TCGA-EO-A3AY,-0.24732987913855048,1.149726497767001,-1.2928215789321762,-0.7603245582520376,-0.141712099608587,1.2802103179161437,0.5054965600096155,-1.7074249292364814,1.840934681744634,0.061307426540989314,0.31544956645704153,1.8643160603654294,0.7614534237923009,-0.09765015650593033,-0.2668094999088177,0.8232185455558051,0.3472384297318761,0.5114511967519941,0.33595001800992347,-1.1213830202245896,-2.819685008791533,0.2531939619073047,0.807228124417046,1.3234731111186833,0.7480057193362418,1.385342932596759,1.3752347135572693,-0.26783507296021486,0.00846430940748913,-1.1742746833815254,0.771642762685351,0.6015262026577748,1.569079897728281,0.0496253695917843,-0.19897611603759863,1.1779051033112842,1.1697779204844287,-0.42949997926294436,-0.8496919894878627,0.5936067501491585,-2.3110971146595616,1.1903380515712456,-1.04471189622386,-1.5213443765035868,0.730448090457872,0.4151307246418784,-1.5418982205273741,0.3004321293552727,-1.1996812735930074,-0.33515360139708994
TCGA-AP-A3K1,0.5916093391285968,-0.28175971839963293,-0.8856338802478386,0.8621850688499872,0.41893207306965263,-1.241940923642878,1.7097210112393542,-1.121364880320389,0.9411243147271816,0.5151673738982349,0.18608610967372058,0.5668878074124921,0.4192352758009873,0.8419308163525434,-0.9939152663472833,-0.23288779406722607,0.3787320316875156,0.3673332869587388,0.9428990897745576,-0.507860986231359,-0.36847467239310056,1.565934162402121,0.1884544178439156,0.5126733465829076,0.5451302828841118,-0.9371522288488155,-0.5956815382314048,-0.2789747802298439,0.3986451016309639,0.19162017222002084,0.8582649388441079,0.5599088108524666,0.5147841581252917,-0.516159726071737,1.1501929492830414,0.849086485241063,0.5753705471134922,0.20874160260645738,-0.27016218486782634,-0.039436445024474784,0.1099869181764235,1.1097348345078515,1.2667495256194734,0.8863973302597238,1.4887536869225952,0.7360634662364665,-0.25556930336892375,1.209008556173804,-0.28005731895429203,0.6545782013093172
TCGA-FI-A2D5,1.3586018934753097,-0.2714846881156616,1.617689304817065,-0.18882004395334487,0.739329682920397,0.7777865552360708,-0.434447587813694,0.3356565095532562,0.5839946623186075,-1.4304381602371896,-1.0433084304381914,0.1417124305193698,0.7214012146728119,0.7241053722457264,-0.534812323774388,-0.6545338589591503,0.2544978837768383,0.8729092432657913,0.6311375747964724,0.38589292772914807,1.7768403329371556,0.27837102892304294,-0.9450564989302233,-0.7257635730094846,-0.44508675375101686,-2.0976219836226004,-1.4159410919369266,-0.7173928361751022,-0.7430813532031336,1.2457119308047206,1.5022717139750619,0.4395722296929685,-0.12010339775432,0.3609043116655513,0.1433697062671031,0.919846810795591,1.300139358985478,-0.2606008718755382,-0.382791043738972,1.1352324348694471,0.9747589014113541,0.18901704322702945,-0.8484242387118136,0.38312179735780094,-0.750846368188238,0.6684003374871523,0.6128458452138333,-0.07468507731129409,0.5843526741672057,-0.22726754785159367
TCGA-B5-A11W,-0.38312165380294955,-0.4849900542609701,0.35291490709154383,0.16780375489922636,-0.3415534403324929,0.3895258563883695,0.17086688583626203,-0.1168277623020507,-0.1346232248979426,-0.10374749798522931,-0.2622021584580527,-0.5859214393505103,-0.678763156417399,0.48723738933491756,0.30102553455958764,0.1449160881409129,-0.6971833397969763,-0.7217319773721848,-0.18943267246472825,0.8571943993782457,0.6192883854900167,0.11264880368309232,0.06585129086004551,-0.6204437871975763,0.049035271689925435,-0.8051051084424399,-0.8534177812310869,-0.9678579122095515,-0.16267307577017148,-0.5477122504122798,-0.2857573448130618,-0.8280697192022484,-0.6764445993173759,-0.8606026101183597,1.07150099789579,-0.4183714812301883,-0.028381835727970494,-0.6907535529606732,0.06279621460737483,-0.12146007426134126,-0.3992105685028221,-0.046878833838943396,0.20206550561705947,0.1525122436200969,0.5030112856444264,-0.44527266850131486,0.312141798834699,-0.03630780067027306,-0.20060140024688958,0.05364262375639546
TCGA-D1-A0ZO,1.1743039735327558,0.42695541182879926,0.9530006991182433,0.5551429621464407,0.7050749754468559,0.7965317571730317,0.506137197272522,2.2948146581792863,-0.8534414605180527,0.2299409148508353,0.015854878794567814,-1.0643128354100897,-1.2463234010625595,0.5934730253540551,1.7018982851527886,1.388594215232256,1.3052164798323482,-1.1061508522163983,-0.354542813180934,0.5055191038964539,0.9157252397197296,-0.335820695575521,0.18019011077389402,0.24208002694251907,0.17446967307783326,1.1638038580524508,0.9959270731979809,0.6219719321482362,0.24629124531969945,-0.36785661885681925,-0.9822272065375912,-1.240123470392972,-1.7010329802685025,0.7993171226255181,1.3117977805448144,-0.1175236217482137,0.039758489804742926,-0.17135850999568325,1.4285630810270016,0.7044675082472697,0.38417708982827065,-0.18098808986412732,-0.4679418100509885,0.8657872007990579,-0.1953855149767492,-1.4433102316169517,0.5763616570155361,-0.8844031960364052,-0.15530408572650237,0.3705899171984043
TCGA-BG-A2AD,0.11259047925021394,-1.6654109206558534,-0.4632658247096349,0.6925144211985215,0.5852235648090791,-0.7806645683919615,-0.06520902787346118,0.37579372325553373,-1.5989538289837368,-0.13067320738609473,-1.3890361967615383,0.38450481223733896,0.7395539408899169,0.2881794468677664,-0.20632481190805607,-0.5062432136947046,-1.1710611917645446,0.7952372509851503,0.5366168004734022,0.7207202942800851,1.251320685272502,0.5593610116152098,-0.6182608129747722,-1.1987713107855382,-1.210846328146273,-2.192213124851356,-2.017223405441984,0.6822064347346775,-0.7925042669731355,1.3459676806590923,0.5692483818716113,0.4664210874004674,0.2983028520047463,0.15094123246912555,0.4099830357313713,-0.2409433358436016,1.1493423672650447,0.513223148870379,-1.0556044026789124,1.4894729061670104,0.9826510753554365,-1.014001812927894,0.8462683004736249,0.5313408429106599,-0.3512034944444494,-0.2682490119629359,-0.28631391240866855,0.37891292556056344,-0.3145434670423932,-0.5623316280855596
TCGA-AP-A051,0.8415652274033116,0.24482141067206284,1.8128583933695048,-0.04626013864253135,-0.9518168309088331,-0.38757552853665805,-0.1726178910160288,0.39813936531522465,1.8870004196653856,-0.4732783148844329,0.13197273612633223,0.4045839750172917,0.6857628998098051,-0.5393631513095846,-0.10365594034292201,0.05362736701376684,0.9046532444708263,0.9893494405017449,-0.0432928226469847,-1.036408820859051,1.2407053406073778,-0.7582895547889965,0.3339413394099357,-0.06788477333755151,0.2033985763247887,-1.2045786794527746,-0.6251277708925583,-1.1593350477066033,0.32548298616489857,0.7595575588690684,1.6310707315918498,1.0700780049363985,1.0007464396211965,-0.5988362853901493,-1.2518517784841332,0.3237615399352614,0.14804438436952527,0.47528179836396905,1.0281523329628348,1.4547182884241858,1.3518731303519818,-0.27533135824863797,1.3931797714847862,-0.44954790139864703,-0.3420346223223481,1.9372954997669045,-0.20758165091116726,0.45926259366973576,0.22074797427663692,0.7236253096048708
TCGA-FI-A2CX,1.4328979530188921,4.146166225601265,-0.010279021979733356,0.0551792697904017,-1.0195996686644253,-0.03649256089784659,1.6138429752813341,3.9605333674699956,1.0248864670428373,3.546963545701845,4.913187496908503,-0.6901191347364152,-0.4838911872365071,-1.5617489246661156,-2.8116100680034615,-2.71023893156606,1.4427680401154952,-0.49429612432402853,-0.9667839428371934,-0.6846662272914722,2.9781811815498487,0.7756863254847418,3.4538523240742354,4.188987779379067,3.89002284098949,1.66452940314762,3.1192260241440177,0.19371447137255252,1.861963834880351,-0.123455746655516,0.8828989247060334,-0.31970477592518237,-0.20311608342820886,-0.7085841199259857,-0.5126233721366735,0.5697983530896293,0.6721789703788352,1.4926738773549633,0.8808373898553363,2.2399969633667864,0.6848464863135926,2.881681859440756,0.6932639616292808,-1.8620943763309021,1.8562393911641963,1.0235823104055843,-0.49475719366124193,0.2486505993245952,-1.2383232095760475,4.404111068374452
TCGA-AP-A053,-0.7075549681635753,-0.4537782328296845,-0.056750621872963376,0.069351659337117,-0.5328903766493618,-0.09148551049406023,0.23033032619111177,-0.007188526819985606,1.679100265619204,-0.783601803253191,-1.2028174206452815,0.36321648268474294,1.3935732115266808,-0.043027403991643634,-0.363258049025763,-0.08116473763989737,-1.075014089534444,1.382355745232979,0.6407512661995841,0.49008967108653845,0.15849465450713981,0.371449641020453,-0.4818808616330744,0.03438858470945427,-0.13567505099642366,-0.4121533459524207,-0.41178459644714194,0.21097705267647515,-0.32642544660474077,1.647586517080758,1.1659777719304698,1.1681838854905315,1.4461986274951129,-0.07755813497726438,-0.7121066457444262,0.027933472044980645,0.33673108213457786,0.32110810341814183,-0.8988057317218715,1.2925812403027304,0.7493450014027613,0.22456926420416337,1.8140914162858923,0.26587547881172374,0.09000019526029998,1.7421673655189975,0.0278183543267039,0.962142273311578,-0.8000568151179089,-0.7926255508232019
TCGA-AX-A3G3,0.3304071351581716,2.081318751308148,-1.0936052940397887,0.31410739003177657,1.2525949200619966,0.7623873927871081,0.5596787157436751,-0.23048661350371993,1.3483878358305992,0.8579810189171745,1.4412513247245589,0.7632691389751267,0.5361835085409352,0.2637959114632603,-0.5225511528286307,-0.39203049328189304,-1.1049225136286782,0.41542476733399075,0.4213443743061083,-0.583198533196669,0.9993714735590659,0.5020286832714947,1.1351433078653412,2.1633303382533295,1.7673256045775607,2.4649743847738943,2.5283767221536264,2.0557407331266546,0.887421580065343,-0.1439979900060436,0.26591019257969656,-0.043900178719476574,0.32227563637721796,1.0278475031248224,-1.1373836822571863,-0.28341084509313963,0.9612659659629795,0.7183640427441412,-0.7919966947299223,-0.19853585798264586,-0.597033005784505,0.0030160499714132517,1.0605619720025479,-1.02614986439315,0.8718223543346781,0.11126556318551918,-0.3304939829626205,1.519888608836168,-1.1367145012727773,0.26983670965805645
TCGA-B5-A0KB,-0.14964413593607323,0.8313949915764279,0.088563457480381,0.5590468211862257,0.18357782929496216,0.5768316089631902,0.49119522848866587,-0.38930358646966046,1.1003378689727068,-0.12628076140864924,1.1102045207411224,0.3601756017248236,0.9829584001359947,0.7905407541165221,-0.15384021269418183,-0.23758612453549066,-0.5283393332223468,1.0075054693979306,0.65396268482941,0.028211704796160423,-0.5505922617837558,0.8192675779751583,1.1301454148774412,1.577608942360765,1.7248866389020185,1.7958878700129715,1.5874254801865055,-1.2723475774534845,0.3186909439157987,1.7416790877214763,0.6943590056762486,0.5087116203298508,0.6310269156817621,-0.8782411170881367,0.33697598879655843,-0.1484751977603632,-0.5698812311990097,-0.4470541474992717,-0.5065269392212108,1.3460856541974302,-0.22015357470524755,0.7756274801522238,-0.21444054813533703,0.17365508669714075,1.176387827881126,0.7574449549592831,0.40129544384969384,0.26948762331770343,0.2958350780690723,-0.39366738892157904
TCGA-D1-A3JP,0.6874637323798924,1.2214391873038062,0.7902630788274834,0.9249227813666611,1.5883798604373558,1.548843504675076,1.1088079199387624,1.7888350075359618,-1.666823517996558,2.676185827402679,2.362098353283599,-0.6335815227053058,-0.724114942514268,0.4397025362986234,0.853621029067458,0.6762092253313312,0.7310347547668802,-0.748595739839416,0.4832089592375283,0.6410919870148614,1.4835862549668937,0.48821512976587095,1.556798811984942,1.024702812817356,1.377407666866033,0.8513081148763423,0.5998450949868499,1.2024157240892699,2.6595268808983406,-0.26185450732545745,0.14038021497370198,-0.27345398585913894,-0.614645630417221,0.3189031472721988,0.7328448234002766,-0.6031968592383407,1.5178294639544243,2.573174914695349,0.8725941980726655,0.3672538512433519,1.261157103399401,1.8236488081532278,-0.6901672915313537,0.7576187310655736,0.9658122711456596,-0.052408609660247685,0.6533212415044823,0.2175152527159935,-1.074966203122537,1.9630485445797021
TCGA-EY-A1GR,-0.043160787586963775,0.13762063572418018,-0.25184071694017224,-0.555206460168881,-1.1006459829867334,-0.37843421592776744,-1.3651427092720159,-0.9263391248864963,0.3743598252753876,-1.119787261073789,0.44089299388388187,1.2719955787339716,1.163823548181937,-0.35510860442493297,0.015266562148906046,0.169479434048199,-0.7860237235514527,1.1919119630327855,-0.0056393960918281055,-0.34186140745707383,-0.14266824128341388,-0.11217318759121105,0.11073105014490352,-0.15076768180674066,-0.03906530412425202,0.8896073519871911,0.5495063701836171,-0.7016426250481316,-0.1595109234258625,0.6855694795203241,0.20485372386308268,1.1726210675006996,0.881250241828688,-0.697099266138229,-2.240964870813308,0.8601544279553871,-0.9426943445786327,-0.20295147667112956,-0.713055564901432,0.3561406646270173,0.1248840628077253,0.1946607941368552,1.3638365771598313,0.3955029196172017,-0.9854809949423013,0.7178860011656789,-0.018390813837396453,0.864920195384251,0.37163410271593533,-0.9802379160178218
TCGA-EY-A1GL,0.5798340350360933,-0.11068844684836887,0.5350870462558507,1.2553703973967274,0.5750866282635603,0.8766249963144633,2.2200530175052573,0.1637767003170015,1.1827470027151887,0.7782805211469347,0.516336954949116,-0.9116909584832651,-1.5447939863000761,1.611956487078027,1.5077054371470333,1.3216492887233076,0.10990478043998393,-1.5702682223583224,0.20918681312004614,0.7548870122812669,1.1987169342205206,1.637610808320321,1.1320998985453912,0.5765033015479831,1.052421911908148,-1.3017806319510423,-0.6723935635162177,1.0722564571282718,1.015599269805159,-1.5498178294067049,0.1474239459087345,-0.5809598639314477,-0.97464307898661,0.6796707177508298,0.8395416891911882,-0.3047143646715079,2.048114936949103,-0.47414904038574723,0.07310172369664385,0.290970929339599,0.2750101452018067,-0.15026841676970804,-1.5412301581922856,1.0800903548856955,2.5732364730251196,0.7210356966904792,0.7868758161907335,0.8983816784361666,2.145843712916173,0.2247875132822705
TCGA-AX-A1C5,0.6515151504006114,-0.7776080830120669,0.2054485503780764,-0.06433458073856617,-0.6387998216736943,-0.20451737450080051,0.1831569821522135,-0.6729819898815528,1.7777939294551823,-0.7274130809365502,-0.8777381566729661,0.6097570760984806,0.610465909950763,-0.3321247626446241,1.2463568291164886,0.7293319732755621,0.22767703402709297,0.7374371135293442,0.8809853571967762,0.7902714863707128,-0.08966566471610593,1.2857959227704263,-0.7249577499054585,-0.3186026370691878,-0.32398386280522,-0.4642902892398753,-0.4814084035078917,-0.7175997035913947,-0.9782539078067557,0.8945015324864108,1.10477444271566,0.7528927628295661,0.8664385466310888,-0.5345431506389222,-0.13876740990031927,0.5933375115603543,0.8384016913225188,-1.384009721210153,0.3834125582107611,-0.19314397987925008,-0.0009434160588551654,0.5227636663031655,-0.13441238577599476,0.25003908168631184,-0.08163158451594546,0.8724230259505024,-0.08081613837526565,-0.45707213394689594,-0.40575328914292685,-0.3539829460851385
TCGA-BG-A0MS,0.5005236004101153,0.054173172104225266,0.9137812292489171,1.221317663856391,0.44345803820465685,0.3854446726739246,0.4093203873219468,0.0474885379001638,0.33385613257153784,0.7851544466312409,0.8124196608835094,0.014796700662197475,-0.11046451839251004,0.618125345721711,0.5079928713157508,0.4793946456588897,1.1349995185833412,-0.11299528607919511,0.6376501044530224,-0.03418505442914569,0.4144347934743535,0.1686325116263314,0.5780020519901261,0.2678949508016711,0.12264138886460002,0.3006311970748102,0.38505683140965735,0.28960680302939545,0.7375257778775851,0.06314673417606896,0.23816910183086065,0.18301390872678022,0.062319846565205325,-0.49623948386169975,0.8804662131300707,0.21852240029250833,0.6663469172280748,-0.3311377127381811,1.2323895537133704,0.0076903350252057615,0.27659736247584893,0.9445612983080743,-0.24536659801775015,0.5676931766392223,0.43510599516921805,0.12212279118452964,0.4053805447211884,0.24448259232847439,1.7386333308324209,0.4736699092297837
TCGA-EY-A1G7,-1.8091486349402868,-1.5756129577590887,0.1255568868621912,-0.7316949926722579,-0.7239559625037426,0.419542469801487,-0.770608510435256,-1.1142514077339036,-0.8342900319804171,-0.3227051714220754,-0.8366670874522237,0.19467633039570068,0.8434442607023751,-0.6060493263360792,-0.8683489027211223,-0.7307432044403143,-1.2055496469655942,0.9701575630139705,0.13051118542178736,-0.021095646143038174,-0.8666334327569125,-1.153481885574003,-1.053857689195641,-0.9820930724661122,-0.6507679656851365,-1.0078054308929039,-0.9622775617448085,0.022877436087360942,-0.454707962258777,1.6169769279394064,0.042540471576456455,0.6378592166491067,0.20023896643209527,-0.8397257926873651,0.7574193662240101,-0.9225330971860436,-0.8877250316399342,-1.4684661200788194,-1.2680542327567457,-1.1217269617498848,0.8326618992262216,-0.7757081707451862,0.34041937547594914,0.2610011475306784,-0.30396093570063637,-0.6516015984783207,0.015762623791393267,-0.9148711226118826,-0.37988931573622786,-1.5758519716083914
TCGA-AX-A2HF,-2.735808933021764,-0.0007022671317012054,-1.4727832579934181,-1.7502311271035322,-0.7516027802108016,-0.23904908102034417,-1.4216798256713175,-1.1805453953001015,-2.194004844182766,-1.30530802852537,-1.1661664711808215,0.2645330821844473,0.5384411457316128,-1.2511753954790477,-1.9210287209801187,-2.1060127841015435,-3.2403843369485075,0.44318037154182477,-0.8107449000230307,-0.8521631039169085,-0.6128928145405727,-0.6463781940142491,-1.2652773905920902,-0.03182587666596409,-1.2626066022700242,-0.9872942275498837,-0.747456112076834,0.8784182183316859,-1.0246476961254762,0.7824959821837228,-0.3625463400460513,0.08826406672716164,0.8396711363794007,-0.8900563154766923,-0.015211513442365886,-1.3185637192691648,-0.7184571634264433,-1.573825694314144,-1.3580852252237954,-1.3672304467434278,-0.3690119490529459,-1.5273184273056786,1.3757236299553464,0.06943080524121031,-0.924333856060682,-0.3873585079000297,-0.8512082489128258,-0.829788106506241,1.7417231024569966,-2.018395377694802
TCGA-EY-A1G8,-0.2052882099440328,-1.6760008528907655,-0.28763222433256297,-0.09706399472138681,-0.9671448384271569,-0.9717332200065912,-0.5151610918391734,-0.4244259498265434,1.0831063464775128,-0.9091986907239064,-0.6630137500578143,2.0365382128985283,1.418992347683596,-0.7744748412363454,-0.5737539759058627,1.0679142809245832,1.092966003062699,1.1792440761474448,1.4558656690308645,-0.5047648681414953,0.1681802619804716,0.49988079707460664,-1.4675812491522229,-2.012842657995555,-1.1992161128344778,-0.5085767148030161,-0.81378478920152,-1.6640884607883006,-0.7656975571903806,0.2060095716646935,0.9880398448440091,1.3674272103461944,0.9342155262806296,-0.6385997589312906,-1.3356670990512218,1.2905557102254004,-0.039053006230793115,-0.317293150992371,1.1875450445054225,-0.10536254840450442,-0.36164793088597263,0.6755788767476844,0.2568427627189054,-0.44409505792206566,-1.0075014752628366,0.6228983322094136,-0.6335182239864502,1.1155199522272885,-0.3090131294675876,-0.1992230975150192
TCGA-AP-A05D,-1.0034435547653004,0.6164952763746318,-2.15568651573106,-0.45728362866234246,0.9232555545405828,1.339601514485673,-0.18770892157486208,-1.0543251690663404,0.2687438353027969,0.01423608833691642,0.5719497505741555,0.5882263635431763,0.40737437937438575,0.041020041238897915,-0.018294766269064726,0.05725608286594044,-1.6584756773361802,0.4231701702360012,-0.4224799319743576,0.155134242388658,-1.2893890497239857,-0.5179573732674847,0.17797878237308792,0.8703713548884926,0.5563318719029797,1.587339877499995,1.2847874170042817,-0.0011113710334898054,0.1639120193920498,0.24839039733957177,-0.26871069836854294,-0.5047730662452826,0.44473882940775367,1.0496194143268374,0.07363845485472445,-0.3346374943035913,0.15394287099196807,-0.9588674372532083,-1.5066527629827258,-0.4134871126217443,-1.8876983060197339,0.9637335398903333,-0.2415805548618153,-0.10359077830299093,0.18362236171475646,-0.4220297745507087,-1.0559866865947667,0.6758826284461525,-0.6129834021249884,-0.32875047500582644
TCGA-A5-A0VO,0.5661669995691035,0.08839419709887117,0.5561653862170446,1.0309683460395784,0.06700717004497227,-0.3716696084785771,0.6665924880744266,0.3823245240895173,-0.7730916283941328,0.5016466348567227,-0.13384411690639522,0.4171282083211832,0.15220749959983712,0.8416742079770807,0.6285657551741611,0.42046968858721673,1.2201887730830245,0.032823145910821576,0.6785732882074699,0.19285189989096774,-0.26491247449392213,0.44850902513279395,0.5718380714132317,-0.4194547472701587,0.14906068892361085,-0.18555365710695362,-0.17072709809481315,-0.20604978516428274,0.2903309783243182,-0.16060370138783858,0.35527496801954445,0.8640619319199867,0.65102323503042,-0.21172016146970946,-0.1650445201422653,1.123937533610841,0.22534649014400696,0.288848661164614,1.1210309466527766,0.357422224744904,0.39689660525687903,0.7208569165747677,0.04925838303860091,0.6311528648840752,0.11688992840396412,0.6412100531752769,0.381182613379461,0.05515891592005993,0.47820942194233174,1.0527449483491012
TCGA-SL-A6J9,0.7450923248738952,1.9037265534132957,-1.2821707366213235,-1.8723685275023456,-0.8925619243943622,0.2791958653021999,-0.12127266758715513,-0.45518619861737664,0.6416400644144874,-0.39015040508251847,1.3348194706110443,1.9073011719989164,0.9140541582497262,-1.8837201411991138,-1.1968055024633764,-0.5340822374558015,0.4814676934910648,0.6190164352189157,-0.37581138973776534,-1.2750078971989929,0.5095716290946356,-1.1479022941596626,-0.15515377423896864,1.167571515914132,1.0392990006708018,2.4136713011149626,2.3056024051684556,-0.11518179383436036,-0.32134707703590715,-0.8850487786751037,0.4221241162138638,1.0371739313647572,1.3504183590702235,-0.6692965515493282,-2.079593000812666,1.36736991998038,-0.05347843409113026,-0.5679213995509828,0.8764541559470531,0.3197419803799295,-0.7157161076090505,1.0984112947307763,1.0135861741685603,-2.646193634571585,-0.28804535466914793,0.26311632485040054,-2.2358368171459286,0.14820596038333037,-1.9292429222215797,-0.522829353103975
TCGA-EO-A3KW,0.09689040319981018,0.9151305823565292,0.33691015840993277,-0.12835087811248888,-0.4806396924067671,-0.24868497068503995,0.8159278527168216,-0.1935780904313084,0.7345108391107206,0.644324493931106,1.194770733861229,0.09562679728108436,1.270033558926621,-0.4071013438412858,-0.11291015285901139,-0.024665252505790713,0.5238674962138258,1.2030323717673381,0.43126236285734626,-1.127708117780728,0.6497722099558628,0.009298308274570186,0.804538710002984,1.4180907633132742,1.1602383213579497,1.3271200180307063,1.131764555209114,0.1956597513831113,0.8470095313007551,0.7972355883286991,1.0099631549662325,0.8547665862105427,0.5095975637853537,-0.7715457845325304,-1.413042726334093,0.43030211990186196,-0.10678331991229337,0.3928022714568416,0.14085744089656585,0.24432673052225867,0.9704909112182863,1.4955628797192932,0.37443470135652884,-0.9868709291610536,0.8797505115781764,0.7979395443327291,-0.6920461011749279,1.1538653481145984,-1.9880759865134165,-0.20561469717482322
TCGA-FI-A2D0,-1.1694992659384031,0.16433199223898812,0.46480848301419264,0.7644367521735471,1.0638603850851074,-0.40295182204033814,2.0040396003766987,-0.26143889508424506,1.3074888793185548,1.008466896530899,0.3612732845644456,0.3977291229874211,0.9833383266431969,1.1809220074863895,0.8634977727492195,0.47544880792768107,-1.2896600256250172,0.9013083432391347,0.7730510612231192,0.0988647278816935,0.5741752904592989,1.5874397011453054,1.243826523479868,0.8076441543802709,0.9298430383988993,0.8591061532805782,0.7432557519274834,0.08145495244835405,0.7385767183682405,1.6181556100775694,0.3412766940056528,0.4321509284682233,0.37706859331715914,-0.1286852561006116,1.1252732873287556,-1.0882835046934463,0.9442376210497747,-0.9502244678505886,-0.9289112396259067,1.2578623375582945,0.09528517868305955,-0.18051440331029792,-0.0647844473288628,1.8005937430025596,1.6853925212497476,0.593214370898249,0.8528273272374067,1.4748884466108112,0.5305734656187778,-0.33515012268448763
TCGA-B5-A0JX,-0.4077601572036333,0.8972397096443305,0.6498168071717763,0.6408904306917004,0.4820446085845681,0.2832311261642441,0.655472481230557,-0.06358922844810695,-1.146755825446545,-0.0376420154683968,0.3626731754178516,0.14067620758278487,0.5308491092808402,0.34016134935586356,0.27126002657302156,0.1715465665227114,-0.6170783007130559,0.6501121762911117,0.3369727683002422,0.6841932120834174,-1.1490557239690617,0.7098962897770763,0.976647159963437,1.2409555060101123,0.8792762863752434,1.3829909057075387,1.2907957756057244,-0.15188072115381135,0.47293999578356244,0.913866470128884,0.32643582649486935,0.41062133075703494,0.21347841889378558,-0.3514320408179611,0.4857932064682764,-0.6181812836745765,-0.026686808978354373,0.2676617400386853,0.5227232606139265,0.8117716012078766,0.2834967934887782,-0.2418210890794529,0.8465051625771838,0.7027355425803616,0.6544217076065935,0.22878310595733944,0.42870141578859433,-0.24786103663070375,-0.08836477098417549,-0.29685459750000354
TCGA-D1-A16G,1.543525917193085,0.22926559785309858,0.7563687545603197,-1.2049476968787713,-0.1882711719859672,1.091579955664866,-0.17892990874142328,2.630573715546237,1.227633638140606,1.197511573352127,0.5414848103441118,-0.1053144046992558,0.06974148271001468,-1.371086843448163,1.3255826809675448,1.5286314512449213,2.2840115032321706,-0.009508906269122984,1.506003288444427,-0.9046238167624697,0.7276160871254286,-0.44159586029594233,-0.08044973196357055,0.8039100752733235,0.6088918701732873,0.5588663926251523,0.453347602896321,0.8544873257427873,0.5537579725286078,0.0288260121927208,0.5769955210146029,0.4083182345322661,1.295433535684508,-0.22544457936830817,0.5890221714684011,0.927849606568467,1.148271250944053,0.8146504365436209,2.3984600017496893,0.1971000057627404,0.30546856214607127,1.1559869769885773,-0.2076184305022836,-0.9139150160322355,0.39567832237609746,0.42989476211870054,-0.4170323591109169,0.3397660447443778,-0.9488426656635784,2.2537638526868773
TCGA-D1-A1NX,0.12608515947152338,-0.34588914422537625,-0.7829431047570232,0.18911520134629076,0.20049269648380966,0.04474989289957429,-0.7667276452816615,0.014266463903914258,-0.18199520520945411,0.2928152409728357,-0.34500420803662035,0.7164487501568685,0.9765735289751057,-0.4220355186218817,-0.7864530216154586,-0.43077562889733373,-0.3264443725118044,0.7565910761353167,-0.11751135946350447,-0.2366452763644614,0.5565844089753558,-0.7358014062480092,-1.1910293804993173,-0.11853995510203488,-0.5894869158799529,0.8052690144750411,0.4380338569832028,2.0336770753447153,-0.3701281734359043,0.53318156675368,-0.2886382826440782,0.6299294314455495,0.43840938094093485,0.6974035637796803,0.1838191995386274,0.7661153304011621,-0.577385279956971,0.2580060035752575,-0.33730057903572785,-0.03650438182786591,-0.4863789628019894,-0.248644252440389,2.1124540637181632,-0.5656541013295115,-1.0233309775893242,-0.4344897075828558,-0.5429885175076551,0.8347673370613016,-0.03436527234530601,-0.27506631343417737
TCGA-D1-A0ZR,-1.4661185760516346,-1.4640742298538607,-0.5349940765700453,-1.3873615683101674,-1.3091487161767328,0.021881495845341502,-1.330362853904219,1.4658794379389983,-0.8775204355651544,-0.583912529019802,-0.7685373354753905,-0.7063958279202,-0.8267090111467019,-1.0008489474196423,0.13647644848793164,-0.7269905959917128,-0.3723607486452526,-0.8225523888902914,-0.6027978308828781,-0.19964096921910868,-0.4620569622068171,-2.1216647609195975,-1.5458061784411823,-1.194807679103495,-1.2757308858546648,-1.4782048032253878,-1.6773811974580397,-0.27039655399261886,-1.1239042591538848,-0.24137361436309238,-1.385898345865442,-1.2323503204662671,-1.4545011835360722,-1.0531047035937242,-0.4647719579014005,-0.7434693132578761,-1.1070439544431503,-0.39844820563964,2.2377183170344805,-0.7096487283922449,-0.12696424509122187,-0.8891694207468193,1.1730845099793834,-0.9856084414721639,-1.600897507371102,-2.079975647032433,-0.11246079294092161,-1.6750302011499043,-0.27318810029246776,-0.5845428508167383
TCGA-D1-A16Y,-1.9090189197299117,-1.4589858191629024,-2.793768967352908,-0.28178402870372976,0.6269354518592494,1.2408728491687804,-1.7055757716799538,-1.7368768795444391,0.35796916527144934,-0.34450666333230445,-1.7168675105261388,0.4878473914605619,-0.0368638152378778,0.41238731866645834,-0.18917251015021713,-0.295419565340641,-1.2624363379147285,-0.309963074277609,0.525980004940397,-0.15926227030528634,-2.723655792428394,0.19123930154962926,-1.3257040715011954,-1.3430943142754381,-1.3573764981290104,-1.167201388956749,-1.428277163791601,0.26051766666813536,-1.1101640615297026,-0.8221692067568662,-1.1265836162600928,-1.2119887666976201,0.8207799483901678,0.4140206520252491,1.555723275938294,-1.602187425137241,-0.6336267968753099,-0.12452596916298923,-0.8768419580639824,-1.8303064241792992,-3.64821231107959,-1.0149571678545803,-0.42803824920611927,0.22738282663558362,-0.9205380434908045,-1.326977684851711,-0.7245288095227612,-0.36831401156687016,2.0646011291559456,-0.364226362328954
TCGA-SJ-A6ZI,-0.053388823930290076,1.677579560982489,1.0302671148870999,0.6744737064185403,0.4807298270762129,-0.12482669714452503,1.7386484322068012,0.35100084562132217,0.8665243876717469,0.8452656096983503,1.9227230201333931,-0.9767244774704219,-0.0399322078865558,0.2351452547894056,1.0995629573420997,0.5673485435084529,0.8031792432999934,0.2260535328037786,1.4483752089560291,0.439175000708272,1.237208315870108,1.5418683167616263,1.5642451757041833,2.0061535542709152,2.117069343002661,1.1030331257283665,1.557535394923346,-0.1629250106933416,1.9167718302896124,0.9510035947485824,0.8275586767664004,-0.33874447864171,-1.0661984067366805,-0.8323554416869678,0.9123427971875451,-0.006696165895853521,0.6941071173635884,0.23140014190076078,-0.08964589874264688,1.7661202999374146,1.262291158147378,-0.2775657591618922,-0.13849017732163066,0.4684076441269478,1.801621813893529,-0.36103078247773834,0.5667539989303874,0.22143720017989568,-0.6030834003024954,0.7351189262442501
TCGA-BS-A0TG,0.16385309243232365,0.9759475469213527,0.2869965909429618,1.2506941101892222,1.564530342779356,2.4917338709320465,2.2990478095303053,-0.3212571619503486,1.5494577674684107,1.739164642970404,1.492788889161398,-0.5195722187679906,-1.2180455740059883,2.2460230038195634,1.2152555789688353,1.375796794666865,-0.5964008605659428,-1.1727479901461166,0.9502191993897781,1.1969769702486166,-0.18570778927610992,1.9240205873826275,2.0848556409180707,1.470306894459371,1.7972687356746597,1.1993448548513843,1.0734326332889867,1.3486031519514785,1.839669500052856,-1.1650950907293607,0.24112644888514348,-0.683929434927863,-0.5104585530674349,0.5230638204786242,2.2129990795060825,-0.2669737663098594,2.9326423668603043,0.9123688432687096,0.0799273847825799,0.6083524041721258,-0.5808588226317916,0.24551489734801069,-1.6940044276896449,1.8013041934830256,2.427338945720752,-0.21635079907945218,0.8438414126456356,1.040757350690797,2.0950714469882716,0.1630360546454293
TCGA-EY-A2OM,0.4967105110880773,-0.13566977577647965,1.622655287695709,1.938920463717977,1.231743561123066,1.397188051969088,1.8429340242459087,0.08188200856222877,1.3318103373540682,0.3824384246480179,0.5154289099877526,-1.253417643563395,-0.4799105479324297,2.127249379302392,1.526294989923287,1.1460833563049813,0.35775046764791085,-0.05175621098811405,1.5037838254340135,1.3113451008710388,1.7035579232487343,3.5193894839552704,1.1849833330009663,1.244006929420234,1.6159645912238099,-0.6225461906811683,-0.08898617122989551,1.8111280025033876,2.1235660663022107,0.5476753760167191,0.6920074574756706,-0.5852661646314035,-0.8680468029820614,0.6377965629587169,0.422592163103445,-0.6326086689195715,2.1646871385762814,0.8716278953427515,0.741817230718596,0.7778528797076021,0.830468076332927,-0.4461434827669881,0.21221446947983558,2.0713449173247405,2.769944491177425,0.19382529379032898,1.5777494506717242,1.6023219647310196,0.22602070866944882,0.6913985429725805
TCGA-BG-A187,0.11731954037206627,-0.25572862836700117,-0.585089949238912,0.07661783600541698,0.04350201487748892,-0.089042112705117,-0.6603022497055805,-0.180400538223734,-0.29806045133976533,-0.09966586845098367,-0.47983766030133995,-0.40324412010626726,-0.6234567874191368,-0.03236522764346846,0.855489139181481,-0.05558886316190176,0.7132833298248775,-0.6303512792862037,0.2054748751824651,1.352370855075638,0.32694118381402815,-0.6673328177818398,-0.37345230466726737,-0.4587779397464319,-0.14032705468566797,-0.46028017392225246,-0.35389423228311856,-0.7134930324621143,-0.4444632812967206,-0.2020357933420844,-0.5925431925764916,-0.7868541402567137,0.9258579326731254,-0.2675157738774547,0.8709284100187795,-0.6730621929855913,0.1622747970909041,-1.533153547482973,0.6952422041030946,-1.2521578808132476,-1.276908608242419,0.16275128096191246,-1.3148310635175593,-0.3436926529173367,-0.09051397135254882,-0.6666418848594998,0.059866257577262015,-0.20011413006653753,1.3846702130595612,0.6255231577676114
TCGA-AP-A0LH,1.2781185824665662,-0.4559621065056584,1.0942774848955097,-1.2706641079176333,-1.2532747996097064,-0.5456944305477364,-0.6502477818527753,1.287187258895024,1.1608568449573369,0.8476954121040811,0.2150809945841823,0.5056030098039013,0.8576154099340977,-1.3352582140811018,0.08125771894707705,0.42527124942654015,3.1403319291444283,0.8948308502398309,0.9690675934028644,-1.1835832930356451,0.21835025004445657,-1.1424266342082092,-0.897506399887477,-0.06344227165607569,-0.3142139816428133,0.7080736951255034,0.14495878813237817,-1.0745129704312393,-0.27048463458666744,0.07227430351683774,1.0159267738420386,1.2565033691583094,1.555187675640956,-1.2298977214646756,-0.32464052650019976,1.9315604807038074,-0.045727921222579786,2.3242330119742443,1.659292010790814,0.015300802872773956,1.1050646694373014,0.749537987235325,-0.5826155840853813,-1.8358199282176284,-0.8018686870697288,0.8021734488480681,-0.5493065819910118,-0.07052923325926529,-1.0760342974262025,1.8145057887604357
TCGA-EO-A22X,-0.8242153325420887,0.29024731677212173,-0.5545690112028113,0.8557931298315774,0.11782872669175777,-0.5805840848786099,0.6598399274899139,-1.5645004360136288,-0.08095644483997022,-0.17333185520671449,-0.7296516803175379,1.4383253078721863,1.4146728204799366,1.4383033810903987,-0.8374564091446636,-0.987359662235953,-0.868307072276827,1.441857582029645,0.5638644888437749,0.33108632118995196,-1.3501122396224283,0.43799614676691534,-0.1133851227933642,-0.21026092252650347,0.2651176434923925,-1.6943956184327627,-0.7999860460240634,-1.0274605324757022,0.4625073309470074,0.7981931400496679,1.5512397375394154,1.7357680672691478,1.6508463454145623,-0.4700115748529091,-0.5349432976939743,-0.09735589520826987,0.4444509746837953,0.6738709572290853,-1.8272967956015982,1.1588957835604594,0.11209118510326059,-0.02197589165426503,0.9970612787005387,0.8283423645833813,-0.05976851211422932,1.6874429450210848,0.035284771417222666,0.6527471820225386,0.7423378645156251,-1.1530635896734802
TCGA-DF-A2KY,0.9127174271550549,1.0405713166890755,-1.4691511808427786,-1.2524527492781845,-0.2959677805258428,-1.2608705684024508,-0.6422754980920128,-0.8042962913417359,0.7696785528725077,-0.8519132268957755,-0.002222437156454986,1.5061408656991475,0.7978934687349889,-1.1790813423243158,-1.962004314924479,-0.7616440874321244,-0.04910555708082903,0.6652362682673375,-0.17082434572336583,-1.147982624539762,-1.253680473800661,-0.900207621564066,-0.011601927238389967,1.0805293526617623,0.15584490764648065,1.1626390089290424,1.2005935285695901,-0.5196712686559425,-0.8494505292648963,-0.8628820396080182,0.7496322017942799,1.171133497341871,1.7057458952652136,-0.2704486070921532,-1.3502462545094929,1.7972665255439557,0.16685010833328476,0.22878176018096533,-0.5376132373017873,0.01150981829047,-1.2438590021185325,0.2610371647865541,0.32129924638733215,-1.9819755899599896,-0.3518538001360757,1.3578197332283009,-1.5914303328311274,1.6920180176597812,-1.378458587962763,-0.7805830401355329
TCGA-D1-A15X,-0.28965508782408506,1.8116829428171606,-0.5385203692934051,-0.9315144975455198,-0.239730348776088,1.9412162880397439,0.7482317844178145,-2.8017258903303004,0.4124870475637287,-0.6075644469669326,0.9047665941031471,0.34877669673385936,0.5757205785961307,-1.4711352422184887,-0.1886716761714705,0.30801270703511313,-0.3993657956932275,0.47820747825086873,-0.23637740271610838,-2.801192701067158,0.431239730459829,-0.8952246553155093,1.0285799665130868,1.9777242812914846,1.4762745062323746,2.3859552520960534,2.595477096152007,-1.5477900455296336,-0.016480861515542004,0.47047522619964005,0.640499058562365,0.6159609122336347,0.9863080000252623,-1.680490062772512,0.236120485868171,0.05645064366088347,1.8115035603739658,-2.392454719059477,-1.496564159367152,0.6644471172344605,-0.039502484455272324,0.04200686351025557,-2.209586800204978,0.5613517161899467,1.7821296807677793,0.2875706844750667,-0.7792516910515116,-0.8214357050431693,-0.6282058682233669,-0.8180783346200676
TCGA-BS-A0U7,2.1967038653752624,0.5617255972255875,1.8873953521176807,0.5029796081588641,0.7006041565489997,1.3623332805561907,0.8543318923827588,1.152541376564757,2.0702076765673114,0.13766580620418684,0.7853416558231389,-0.8088855779785297,-0.2788250365118116,0.6981938343989302,1.7322750701044207,1.9662968639504232,2.1194107484123803,-0.18617436027106096,0.8568186747191188,-0.456032699908037,1.014002034319078,1.034630739457695,0.9896118663333174,0.7210863139483982,0.8665284472459988,-0.40866957161055334,0.10288798652582577,0.03674327860093087,0.5706923724719299,0.3375230562340821,0.8809228638007344,-0.6690384578677223,-0.5735849621772984,1.1723508155430127,0.7606710503142889,0.4192048726588104,0.7290307177771668,-0.15067627711913525,0.9045344231379077,0.8076731603860223,0.8009980634811654,1.8378908414198203,-0.2785465949113538,-0.40904999760306593,1.059302375684407,0.13869310441985375,0.4562179893667533,0.40344788494570405,-0.278517426271363,2.4817834757251114
TCGA-AX-A0IS,1.3360084626304405,-0.19354645758319305,1.9530772993815462,0.9641984910860754,-0.5830444786518272,-0.8817810899390235,1.250913103824745,0.1511132467110736,1.4636639091609958,0.3873714445261363,0.7625749523752106,-0.09264909711211537,-0.06571067692200545,0.8936938429439559,0.560903214578082,1.0056806740473285,1.8445763048520256,-0.08884623963741295,1.359910852918431,0.024875538407309727,0.019989528070777085,1.5174372004302146,0.8673672909538788,-0.23960922620745037,0.15315375192144898,-0.3406076017310922,-0.2286391507672061,-1.063886810292757,1.351959005993331,-0.855596246702053,1.048764161513374,0.6633232276440161,-0.28978019370342545,-0.6473805263852703,-0.13105717161400052,1.1015442983307364,0.8172553327612873,0.3493882394038205,1.797342919840715,-0.25279959108818545,1.1640131330370147,0.7746713298022069,-0.18610656622225252,0.5672768025514685,1.534637561997593,1.1468293338772002,0.38280408995800064,0.4685867636779185,1.4182926541054082,0.051700874795925986
TCGA-D1-A17F,-0.9234625862919768,0.9998077476881959,-0.6706903357431508,0.18192692888628234,-0.7448023078908633,-0.5074925928043931,0.06911811121315885,0.20104389556160426,-0.5670885859476446,1.035043213556138,0.6922635388232704,0.005981572554989308,-1.022901274467053,-0.8498174171083265,-0.053115331111915035,-0.0947081587372764,-0.06777918203410213,-1.0304128017919596,-0.46310237647104757,-0.881414786847112,0.4959584102757073,-1.122253179542553,-0.028244859358473547,0.9278414488522883,0.6267209047409013,0.5926747790182205,0.4559673946380099,-0.09859090304229862,0.5238395966855294,-1.1517686519812071,-0.8361293512945059,-1.219449087115582,-1.165382515103232,-0.6950579030149043,0.11843260041687652,-0.07277106330467291,0.1660598800455954,-0.17094620786940484,0.17367774078420634,-0.45759397061002366,-0.7161814008513921,0.508745632336621,0.48650093935697364,-0.5787765886491639,0.0907594298811847,-1.497612934133371,-0.7320147954692388,-0.9445011435755174,-1.0430181108454406,1.2243595207485367
TCGA-SL-A6JA,1.4301526196615482,-1.458438217713313,0.5138470380961683,-1.626768984454408,-1.2937725825005923,0.3665674752386807,-0.676824233524898,2.39628533220571,1.648547826265974,-0.09516640117517614,-1.07316885015863,0.7300402953172466,-0.345145151867473,-2.102440097748022,1.0494223074316473,1.2161036079537404,0.7462597356707811,-0.6628333001914872,0.7482413147253651,-2.819927496303407,0.1605005017866243,0.01936447112139039,-1.1891925307877542,-2.098930107316779,-0.9806849640492347,-1.7897192916453968,-1.800501311508574,-0.09805923547594352,-1.0679831748150153,-1.4759238715146332,0.06177273187343555,-0.13027729863538667,-0.29613418499670424,-0.7518164461845583,-0.7411131278809407,1.2994488728913267,1.2088752016598663,0.06393715801246887,1.1509529087710082,-0.37014045742675744,0.529847576340965,-0.8132564730044598,-0.0952036547019038,-1.1524751841905139,-0.21069784060877988,0.24589052522036267,-1.187654013477891,0.8888460263415232,-1.2040729459041992,0.5045919733871922
TCGA-A5-A3LO,-0.4708838743653652,-0.2501363733235128,0.8894561363767978,-0.001603640892176118,-0.3316631882428173,0.2632981999328826,1.111745020621201,-0.2172716947858813,1.3860103761287195,-0.5985049819654366,0.43734988045635254,0.31643976606167934,1.3199435741336,0.4033732753891444,1.5698277620368957,1.7973510007987177,0.2508759671908082,1.295638899096318,1.2201268187996057,0.32226651155555414,-0.690162310241077,0.2762416846124621,0.1621466846965837,0.08945895036816245,0.5931468189476123,2.108794800346714,1.3141889147851888,1.0295974821501659,0.4210082756011771,1.0159690014756948,1.942324590103473,0.8982545370689375,0.1602228546951828,-0.18188085108039087,-0.5698964926583562,-0.40056597142650163,-0.3112406267239816,-0.5761644478920217,0.15498033843536643,1.2808405785275097,0.8409338091860822,0.10162946354921956,0.5139482825945868,0.22944008804088742,0.6024637806018558,0.3263045435585712,0.334072615894357,0.10064261742315632,-0.6071521255491938,0.1911908205349987
TCGA-AX-A2HJ,0.30407903592177843,0.04418612755185904,0.30742116075852693,1.0363371855169023,0.6163498543461584,-0.48531014840499476,-0.6594727907811396,0.27837044909472825,-0.43923339401063793,-0.4201640671578065,-0.4721272529328869,0.5154016641985989,0.59776382387894,1.1183637727506248,-0.07503369891724346,-0.5822761853655181,0.17166912584917624,0.6850770370245742,0.2292771466046454,1.7363870490442368,0.569283366876175,-0.5295035357024693,-0.20576516394420158,-0.5135573365580467,-0.6811235246082026,-1.1750580800836026,-1.0282614298125454,-1.0012218844075533,-0.33136030009934225,1.0335928189002113,0.308836723550093,0.7844496733972213,0.09834136609294251,0.05544798399857886,0.6600702282551678,0.40756533717265125,-1.0829351326180785,0.24201612893356741,-0.14220088934259262,0.3310550568549658,0.06380924763077313,-0.8550544637439188,-0.10353779183442821,0.321506923988402,-0.9916791103488687,-0.15339779453791114,0.5465888469274492,-0.24788358513481407,0.8679117424813578,-0.29894635709377654
TCGA-AP-A059,0.05791955280936772,2.5523389025880645,-0.0240042716888808,-0.7438946391795602,0.36031288338840106,-0.5272965393032679,1.3085418671444662,0.08769222141862228,0.1872125977559234,0.31732209109878773,1.9176468347376692,1.0082952716241538,0.9201293446457692,-0.5058044772042967,0.003003668855815366,0.2842300019760084,0.14182947256634792,0.78619141867806,-0.5408482289366663,-1.3767441888069267,-0.061531112023674644,-1.3655845419034476,1.6084944066173263,2.342583226593598,1.7529402994547763,2.247255225638714,2.717169310614564,-0.1300459893669029,0.9850546026270337,0.6198100364835663,0.7140353809640275,1.2449425125437257,0.9539262206881317,-0.23319370108442627,0.024263064102745643,1.2698271004600181,0.2833362139315173,1.2308247666747019,-0.3359318593843026,1.535119430658073,0.25644310988090097,1.1969146724091506,-0.5198839967245384,-0.8819550040741645,0.6853611942549493,-0.01601607942652296,-0.625849361732439,0.14516634651323493,-0.7833583401444284,-0.13896470886828674
TCGA-AJ-A3BF,-1.295771276293592,-0.6730835066349451,-0.6135672672005151,-0.26665663868536044,-0.11066694224932691,0.24387202744979433,-0.8473789647729096,-0.8733290016768289,-1.8213438575764624,-0.42900404387219904,-0.37152186805568455,1.156112830754333,0.9295195711750613,-0.6482495935253161,-0.5375111271667043,-0.3683559801215213,-1.6479970927619898,0.9186010811060165,-0.3534066471847637,-0.3620944837635022,-0.42917700471833614,-0.6641919300547693,-0.8243376609743647,-0.6498454125283182,-0.74156479171021,0.7023270129783798,0.00934033367137345,1.6253491605951738,-0.2315614310949541,0.5560588249508095,0.3037109767550458,1.2287897571695559,1.9323570490189403,0.08383561321794619,0.7125282004056493,-0.2708593959157834,0.14488414779520195,-0.6612997774108913,-0.6537804398595862,-0.8130840494780811,-0.506058610328888,0.1591766025289918,1.1472958878485309,-0.5882992450097375,-0.5573127968672824,1.3868616635829654,-0.7427691364241353,0.2573035663914663,0.04062399828659414,-0.8862377896170134
TCGA-AJ-A8CV,0.7184365498068519,0.7042341804747252,-0.053429140943250915,0.38766140151409856,-0.7266850271328361,0.11468556970736105,0.529060617091766,0.6316258972110601,0.3348627957543257,-0.060650052318356164,0.4830664774568045,0.55715186276146,0.07860925121344799,-0.49189273868966843,0.3685141708575882,0.40537882817462767,1.9894468130564098,0.12771646520125773,0.5871928543937658,-0.4956294203607304,-0.12672491276489928,-0.914193649131698,0.10010968738590202,0.6033927561737037,0.27105174445755575,1.0085075954970335,0.8906009111919484,-0.6908202327056553,-0.030398993091636548,-0.2203421178535819,0.8315776449938225,0.4947845980992271,-0.07118649599391104,-0.600779804591011,-0.5775994334315706,0.787762641788464,0.17638774076411504,-0.5774653757727661,0.8490967041775441,0.38629686637165156,0.242512321888118,2.125992632380097,0.3812788200956384,-0.7110053294427453,-0.5309943138330725,0.0958072470025846,-0.486795398597361,-0.5283918155988887,-0.5511133050303214,1.86770716045219
TCGA-AJ-A3BK,0.5044157681523818,1.0760846606156114,-0.49682374187992606,-0.04939467713712632,-0.6183431342706175,0.23536117023373962,0.29521099375906457,-0.4896178857704095,-0.6501026783145967,0.13142048285628302,1.0443771875999712,1.656100094436131,0.6604907704053511,-0.6788393021440896,-0.04204870500765382,0.575677055933956,0.5030921638077176,0.5061969799560349,0.013671132615686145,-0.3079638430546933,-1.6585655775697974,-0.9577758736411729,0.4335313677427292,0.7602401697258448,0.4751833867625239,1.118117955298988,0.9818673519184528,-0.7371806271272737,-0.26931613562730333,-0.42121002139749525,0.2801656899209396,0.7844038312341371,1.1241949656803716,-0.5331796455247438,-1.4197933388730275,0.999641937950414,0.22797186064330485,-0.7545381035758717,0.07433221796257927,0.2672814423446523,-1.2647773101370139,1.1398477677751693,-0.0030795639013428858,-0.6523562524855672,-0.024370353388566558,0.7461935130517108,-1.119231001821905,0.37068050929714835,-0.25110034052423275,0.43945620411120573
TCGA-AX-A3FZ,-1.528002276752025,-2.0187557940835497,-1.7419450890805876,-0.9510506572074393,-1.5861794009685843,-0.8513561571641484,-2.1907688143325412,-1.8519683906437956,-2.203694147841426,-3.289475491038067,-2.042422578309103,0.9114057029728844,1.6845391290740903,0.05340384378196405,-4.556129391379104,-4.928591059130252,-0.4878759223382954,1.702247343934069,-0.66404229673822,0.9581612898549086,-1.7414757182666454,-1.2687250771387415,-1.7914287458586455,-2.140624877478114,-2.4819375012077547,-2.3078625179910786,-2.3722853732203997,-1.9640774456524077,-2.343927385020972,1.3430415573151897,0.31161675588472215,1.1961887072035704,0.15281293286830855,-1.158069672255246,-1.161379304350213,-0.055265221577552225,-2.844861343590933,-1.0424825324018843,-1.6270501905039523,-1.2987753591221025,-0.4713351409772936,-2.1448804967466817,1.182904017154535,-0.12988400729575195,-2.2996273338884583,-0.39913677153198823,0.14122106043007268,-0.5801825130249022,1.7394792560310897,-1.7121299089257755
TCGA-D1-A2G5,-0.370538564258679,-1.2818767310119177,0.704967477226902,-1.27592880201043,-0.6506452959030528,-0.17551989302054538,-2.023707581655287,1.3358430289710215,-0.014448872444440543,-0.8620928053544133,-1.420847700580655,-0.602089572454894,-0.3587922826362604,-1.0864153657858029,-0.19786310390734596,-0.6157617707746823,-0.23263838255934946,-0.26006657515196213,-0.39173165043344355,-0.5150554026987749,0.961059570740955,-0.95900965271251,-1.5345527771551526,-1.4098097098095603,-1.2305996730371749,-0.8805200282174558,-1.1290802364210817,0.4788860929615911,-1.719769861939634,0.5839306497371467,-0.4791422419957499,-0.3982633975271994,-0.30913930572972564,-0.6351663431607693,-0.7211021298085589,-1.0235089519797538,-0.9909243974548704,-0.09438208831967498,1.3648342065784183,-0.6699957331449103,0.28988025660757266,-0.12579186921807683,0.41031820032856314,-0.43012491329120056,-1.4011527923320974,-0.6634627698552823,-0.11992003837231964,-1.2332753655578872,0.37002410095501526,-0.16058261082312347
TCGA-AX-A1C7,-1.2362540601741752,-1.2478760062363943,-2.1493175545247882,-2.9078446723090847,-0.6709405468261613,-0.5581278702148277,-1.6211418259293953,-2.3277157780487414,-0.7836536150566127,-0.6091649151603425,-1.5628136465047682,0.9356162569136541,0.33650934937788857,-1.3906001758078803,-1.0786895288273113,-0.8772725489511692,-1.7054720071190597,-0.017245775178376156,-1.4243314187365372,-0.2028530047878358,-2.8582974950192583,-1.9015308899922398,-1.6779357456013297,-1.0497299748747206,-1.5824968810158766,0.1359278049047228,-0.6760892525880534,0.6753442741665553,-1.9867444017289688,-1.8329148464554472,-1.0515884753822025,0.09534668640734147,1.249912461255522,0.6438952877440965,0.005659364906223102,1.0188281538621888,-0.9813870409286732,-0.23329843989876217,-2.550487111088934,-2.9939969245801357,-3.1280188463820813,-0.9504692982266306,-0.22707630062032452,-1.9569778378787637,-1.3313852168600941,-0.3085486238151713,-2.442366209145426,-0.38458056811481395,-1.3238818954152307,-1.4674832743365498
TCGA-AP-A1E1,-0.7153286001681172,0.5806378833596705,0.9198290677769272,0.1658296158753045,-0.7159113790896072,-0.1097244765672601,-0.05431344354019853,-0.4584709743302748,1.5190575337994143,0.04297373042065293,0.3351067565473089,-0.4052016565837214,-0.004006254377754256,-0.5008960830660014,-0.08980921286273501,-0.3158427131540083,0.2897807712880953,0.2239229440583618,0.3723935336374724,-0.2931801597902563,-0.28391737098802544,-0.01700950227232208,0.05039681626522436,0.20456532987730502,0.24347567955241808,1.3595442886364328,1.1298046661306596,-1.407820279954741,-0.6189247100471007,0.3073260485889805,0.727373369326551,0.0532476125954276,-0.24928871066483835,-1.5412503154335815,-0.2572947688108265,-0.4587222945136905,0.055007553382335296,-0.7675410252037964,0.7201352416451229,0.8537546491682965,0.8621371775523045,-0.19400082471291072,-1.3245447618433916,0.03756397306726082,0.15828603187279627,0.8407621844419535,-0.23898984602755857,-1.058929693596884,1.2523653261634842,-0.615395230769956
TCGA-A5-A2K5,-0.5648599701020497,-0.09820295971300175,-1.1236477488125511,-1.4749132415900266,-1.1186554239120603,-0.6844748188035595,-1.1725888723639757,-1.2436168096407696,-0.008373674367517275,-0.8022326589203435,-0.8489478510672712,2.2013566726760043,0.6428296066008602,-0.4481372418166849,-1.2246919209182396,-0.878957308919945,0.14521027681920634,0.23574558396079573,-0.3300693978289536,-1.4243111068525995,-2.4127988038489745,-1.2009909553402174,-1.1623789101020259,-0.9057992943470862,-1.130688542817221,-1.3008902020770758,-1.3002639555160254,-0.33856656055324186,-1.6426608408436434,-1.5599661091289392,0.5799501193596187,0.6838848202553408,1.2948485473376838,-0.2545676907298962,-1.8314095841981135,1.7009941153722168,-0.284488182021046,0.614467484180099,-1.0165575815073291,-0.39047464443123836,-1.8065137552349382,0.48584401933811866,-0.3733246632563443,-1.9490195260424585,-1.6988452656510844,0.3875339237681562,-1.7471307268133656,-0.24925370980789563,0.21971130931803132,0.06773404882947638
TCGA-EY-A1GC,1.286550181095981,1.1030991143606503,-0.035824266591801476,-1.447888673553922,-1.4705325657633643,-0.8703099288161164,-0.3958868232624101,0.30681233976123434,-1.2296290622780426,-0.846772553215448,0.6640149648875181,1.0769994090896085,0.17294451641427921,-1.8867409414114822,0.028458148401707475,0.3701575997619507,1.7143572751198275,-0.06521610458111994,0.028250059983806326,-0.9110774410298217,2.0224455507434866,-1.0818799701656605,0.03957262853221335,0.8281538126808649,0.11822578951975343,0.7524857132884418,0.9927602607888057,-0.14483920734082875,-0.797326124104217,-1.1545331582543534,0.24656686994333976,0.9291169853878218,0.8126804514000258,-0.03143227147520928,-2.2074254634552886,2.1916646192575655,0.11507476600417153,0.7624866061467251,0.8444408094216181,-0.1872455665765936,-0.3250241843303658,1.6513591959695182,0.31012256297690144,-2.180192477615191,-1.0444683978960303,0.6815180724367478,-2.1782220740285854,1.6318206520233005,-0.2828006466810982,0.6892355562140184
TCGA-KP-A3W4,-0.6111110659033431,0.25794191522669413,0.6677905634816311,1.549003815299827,1.0942335753306314,-0.9711964366644082,1.146133453141176,-0.3227174687578634,-0.06734677410597469,0.7459614080332876,0.7642782574243944,-0.692874499980233,0.050038809035750684,1.3270533321632785,-0.6665088803074584,-0.553748988016625,-0.8174525978113132,0.14731812056591168,-0.6914521035057285,0.7269520650429827,-0.4217562247715533,-0.004423604562075931,1.1320828392992455,0.6831259049374274,0.7442316409067877,2.083828138032919,1.516387121569317,0.622781506890604,1.3393843869510733,0.8176327289805133,-0.24865472115075457,-0.26925838283724546,-1.4510335951564703,0.17482605996590747,0.18628329152623513,-0.49981772735367874,-0.18514552926350855,0.23229582937464516,-0.6584320919637899,0.3930242183784485,1.1664639119572364,-0.47323601441794577,0.9625513527799,1.805079761329228,1.159605115101001,-0.3936374827253737,1.2501328966932492,0.5373923805476623,-0.20221691005916306,-0.5466568473154834
TCGA-AX-A063,0.646299372316118,1.5361727528710822,0.28044772705302445,-0.2202191466496151,0.4199927850001288,1.1587818824354914,0.47277004073027784,1.3506171010386303,0.13413422138565906,1.098552653743582,0.9725512337304831,-0.5236050794874573,-0.598955280353976,0.22736494372190308,-0.2569322433172492,-0.10463559682694594,0.7398780202658606,-0.563190773337143,-0.3845321522564597,-0.2655232455585177,0.3284602942072751,-0.521670038584636,0.7549070034945152,0.8246386763925646,0.8798822357747728,-0.04799735584365293,0.3766256545533085,-0.5472775961452905,0.6925345856263427,-0.15717868597307774,-0.2490810506168875,-0.7320106422248518,-0.4634086911908817,-0.055964990270628116,-0.020900974122140484,-0.35547888051983445,0.3755854598644751,-0.6595491792469586,0.29994562957646925,1.1683751542453866,0.4798617866154356,0.40331642651232147,-0.3645940188358806,0.23168326112270685,0.04631843534566119,-0.6291603370709083,0.1388498254474575,-0.1217363094645479,-0.05187717889222206,1.1305579346151537
TCGA-AX-A3G1,-0.31068171871010986,0.9956648757502943,1.2428470698680296,-0.3355288523786209,-1.5004388249448521,-0.46415981504866244,0.36848152927280553,-0.013562865438516043,1.187581273375235,-0.6540865009572988,0.8898861992278317,0.2848226197443208,1.125418066532879,-0.4483101749921224,0.3235803347726426,0.6963514728094155,0.4416750063100671,1.1127087482288625,0.25300776661908086,-0.32689587486722166,0.47679639005462215,-0.026793991174372787,0.6933539616236967,1.2059831528878457,1.023328394232261,2.0321368012360166,1.8908204985997545,-0.46843755174955504,0.44999828096671357,0.6817437639589026,1.2200248136223577,0.7985100566075021,-0.010026948464981353,-1.167415603498587,-1.175874186269576,-0.037418373915014486,-0.34846048436207827,-0.08291470958168186,0.6956193889814452,1.4051294712686677,0.592801009882917,0.6854749216461151,1.9191699016866537,-0.7801840826245389,0.3941294993137815,1.858761194956726,-0.24576804850490128,1.022852967265715,-0.9141480948818428,-0.35972960869162784
TCGA-FI-A2CY,-0.8064798052454177,1.887913347046851,0.0721414804492409,-1.2350086983396489,-0.3743525579947756,-0.6371893303460686,0.9203794570288087,-0.18789308447129455,-0.18466310820283535,-0.4838272850128867,0.9757981925676307,0.4582089643841295,1.3348428838323074,-1.0130732254011414,-0.5918348941221907,-1.1001752971069203,-1.2530576006257093,1.5832590247172926,-1.155756306321219,-1.3783539868762287,0.29733711498699483,-0.9097647613774267,1.0606469357969563,1.9859195259056397,2.119856329045916,1.7972373566107578,2.0032184157882003,-0.9730671570596827,0.9079870510522544,1.9899796538247099,0.5795644902748217,0.9921391713032658,0.8813366900097547,-0.8096006619383119,-0.3309995111799103,-0.05601107861333715,-0.3023140964525989,-1.6970788619434856,-1.0383433189787172,0.6801048731625071,0.3608037592264576,-0.7288113711384496,0.07478205470165145,-0.17836436487967783,1.2410171799569523,0.8986630989038809,-0.21941345856385802,0.0725514782574438,-1.4035522937243696,-1.6976036826297562
TCGA-EY-A210,-0.4654097436444442,1.1945950164832067,-2.2715208163688505,-2.0041952207315363,0.22881471040056828,-0.2697531462236902,0.20796735943118588,-0.6191521860692543,-0.5223713782619186,-1.228251970684997,0.1711200377409599,1.1055212921869342,0.29943983003698726,-1.2666041787397644,-1.576298330410553,-0.9521781877931781,-0.8762797978543444,0.08599527459230923,-0.881321281381009,-0.09109583958121878,0.7059890588520781,-0.4784802186806333,0.2890127456256176,1.3202956867625817,0.21799501630283066,1.8577224158660095,1.6708851149339483,0.847700341254548,-0.18480697268824822,-0.5977023738425651,-0.3184379574932519,0.4372847824100164,0.27542181903845664,0.36441272103892725,-0.7218464700610674,0.2315458116753767,0.7926293556904025,1.448250625609361,-0.7306163076116192,1.3055420706210976,-0.9665545900714713,0.6207252164378013,0.9765456189929013,-1.214017130873173,-0.07571239760635991,-0.5933291740744051,-1.5468575896680068,1.0950808405260448,-0.8145164880535566,-0.634254878432769
TCGA-AP-A1DK,-1.210572483657749,0.5706836131524555,-0.17168132137778203,-0.42410078038165344,-0.10789848430067438,0.46370009730094935,-0.06775273049611905,-0.5971932067073528,-1.551638002149752,-0.6643413620985621,-0.6610499337184236,0.383755421956301,0.17307886300043362,0.212403894828355,-1.2432481054930078,-0.5800486815167929,-1.3757738591764515,0.3178862729893563,-0.6284773208760015,-0.5903346568957789,-1.026010942025466,-0.9174181685292336,-0.09883981958161576,0.27896322864285117,-0.871910638609056,-0.6615566474583859,-0.3249621830548408,0.8222732080974783,-0.383492999848114,0.3045715533511063,-0.6171804636841494,-0.3640228004989136,-0.8308058385587627,0.472848111984282,0.7312331450907151,-0.2284765249981243,-0.3481141490263798,1.2875327235116132,-0.6906106788254799,0.9657844325838462,-0.7175008970144608,-0.5983739401685942,1.1438253750316507,0.3956760056901896,-0.8289125037968493,-1.0054368032988004,-0.27087101794275803,-0.781979709441255,-0.062254489480810506,-0.5378800009924072
TCGA-DF-A2KS,-0.4103398403045395,0.6969612919695286,-0.6528300921311285,-1.4282717993178573,-1.6188596049189437,-1.1310067797409333,-1.07297027129377,-0.06740139273205528,0.35726909779352156,-2.2868137159113866,-0.575055464924346,1.0297843829923543,1.3824024697981092,-1.4107714603633676,-0.2834128248895583,0.061584729001001204,-0.5493006698030029,1.366113428868289,0.5359535633573836,-1.1346885183616684,-1.154323603509027,-0.6867025907175234,-0.1971906042951007,-0.1498914767604338,0.16504607347713005,0.8365252434337286,1.0222182673393503,0.2601642034025985,-1.249134321329459,1.0451522338356538,1.1754793500400313,1.2447840783120636,1.6167123147774476,-1.0403895059448056,0.4836392987221044,0.5948684179778198,0.5961133566737988,-2.325306811553672,-0.26603656572742596,1.2155388630619035,-0.224611058920706,0.15585610084255128,0.725116490629118,-2.663093069661804,-0.4893289684769138,1.13985021759941,-0.8325873279381163,-0.15441640933772785,-0.9940688698587782,-0.08339546589358822
TCGA-BG-A0VW,0.32191420512464586,0.8944283025591254,-0.12418285545438823,0.3340232443572012,0.5435313935163555,1.5317136211394389,0.9624455107689133,0.016578307877410596,0.5820389445104709,0.5631499769001221,0.4302704869713936,-0.015803631096526743,-0.4476176300197494,0.38565383747830556,1.058296353764538,1.4334932665951186,0.33800992286449716,-0.3972021430552463,0.47223542784769035,0.17385530212757805,-0.3221144281950354,0.17356556855700758,0.6322580368794543,0.6582918162888647,0.6516822880925185,0.5125440159949657,0.4057982477904983,0.27326935817000525,0.6372231604870048,-0.38487843644803216,0.08888869361272528,-0.6857078719593594,-0.7855213562000183,-0.04870776681550803,0.27824158520595077,0.26039678081316275,0.5845217557898383,0.41590386239852145,0.7865467932646169,0.6321988379223664,-0.415613790403175,0.5754523041214454,0.23497406867101867,0.030999209731565527,0.3664183484963245,-0.7099371850417404,-0.15797357648146534,-0.2315541730498556,-0.5138640255116371,0.791483427966766
TCGA-EO-A22R,-0.19705634285590512,0.1522964073077626,0.718897245312893,0.7330852495354941,-0.06336835906912888,0.13688433287170254,0.6062117807853558,-0.07617704532779324,1.433700610304191,-0.4027116478169735,-0.5837312025383103,-0.5978248951815347,0.42937010203360937,-0.21356950324493468,-0.3111443784690766,-1.3157198428884738,0.26353254002988935,0.7051479638957249,-0.12559470646147264,-0.3448703868587771,0.5776638631216748,-1.0100591834868482,0.21885798411521432,-0.2982782475354374,0.1611428393613997,-1.305591297889521,-0.9426000675191548,-1.0021849653143766,-0.23425515119651447,1.4619819056936216,1.3528932771497202,0.3321554447431482,0.3207194400201808,-0.36130243712301663,0.12048740681942963,-0.58397647753958,0.8826568537077475,1.8114984876582019,0.05238785086708549,1.7809870405772417,0.7075472203058063,-0.01043131043357371,0.5637702503713943,0.513609590225662,-0.257609267493042,1.4327742190060366,0.26998839132693003,-0.5577750597349955,0.657449576974051,0.28048148936981254
TCGA-B5-A11R,-0.13219608713965908,0.14254281592154167,0.882276651217894,-0.11964411845342665,-1.6452990216446182,-0.6588652981942247,-0.10121376734775611,0.7121629996477065,-0.5400614086594935,-0.9548058737599563,0.04029717440841631,0.466106487124241,0.365846932056102,-0.4849964383133215,0.5708892015135024,0.885563432999396,0.29724380787157256,0.41151115768896346,0.19376839209469454,-0.9017071441431843,0.9415324192021582,0.20588341102722899,-0.6249900231116645,-0.08764480679173312,-0.48344098523856327,0.10021738030018253,0.13565507013989542,-0.4369880495494034,-0.842509520567225,0.2883113395076325,0.5371631259830116,0.8537329709918197,0.27991730169934326,-0.8118122304234872,-1.696088997040769,0.09436666501076933,0.23546262422578526,-0.7850536697952676,1.306511707228109,0.3308637319648749,0.3876580495341765,0.9590009017595441,1.080762953691618,-0.09194718607690353,0.13131594153509352,0.7083613517042603,-0.029170322206899964,0.846848182142463,-0.23303784356216897,0.16444158585191349
TCGA-A5-A1OK,0.19158276418034118,-0.4188973829498038,1.3373226902571629,0.23017161268236613,0.023267578572728508,-0.7543694317795369,-0.25532074731433674,1.3633553095815103,0.415747694650778,-0.6312287679694609,-0.4809975310324402,-0.7927985493334202,-0.863528321051283,0.3425799533139515,0.48628890261299496,-0.19676486882890573,0.0863164951728615,-0.8749647425431129,-0.040048219595074326,0.4564019817690113,0.2547642090071458,-0.03912294140801999,-0.6840695215914798,-0.71259037458264,-0.33132323894543353,-0.5017551892082399,-0.322137059566406,-0.5150570798480787,0.11888800099090395,-0.24225573852107168,-0.24960613777278387,-0.5337405712271028,-0.5239616400277826,0.4546140929957775,-0.37573458906016627,-0.6036627501420528,-0.7482260564880127,-0.7137248385866689,1.2504389105807145,-0.9285717229837805,0.9881399169492004,0.5108470469048121,-0.672792967774114,0.5181982683998705,-0.5028673626085882,-0.20270966423281092,0.852407643499664,-0.7258259790583674,0.31777604394164133,-0.3206073691164289
TCGA-AX-A05Y,-0.05921797957904064,-1.148863929806468,-0.4236347802479897,-0.14894408081393373,0.42408435181242304,-0.5754644911812202,-0.47410097710206306,0.3591236511138244,0.8413608485543079,-0.5104939301096025,-0.6386059266614106,0.06245378193093142,0.0713396328935423,-0.20000632882703995,1.3703760228326995,1.5094540358974897,0.25290691111131863,0.06418689438229222,1.5576083534211742,1.3759308962586843,-0.9010287713798806,1.32341832500564,-0.7179841937268147,-0.5722127577172211,-0.5281380522880892,-0.06742585703733588,-0.4266808624956181,1.5776035896785254,-1.320277882157009,-0.19811123938712297,0.12943140968480807,-0.5162207283405297,0.3254009434995157,0.8105246432808744,-1.1800826086573475,-0.581028745244241,0.3141114303382561,1.4236461324021383,0.37622796142969445,-0.44869680354316166,-1.4492509803378144,0.8312320632690996,0.9484778542864271,-0.25705888153868295,-0.05557633308081893,1.047081686616986,-0.7592275012495244,2.1973956751949224,0.4202449480687821,0.44818429267029825
TCGA-B5-A11S,0.510963669253688,-0.2760230588056394,1.7562970608607003,-0.09493213256251992,-0.5845477608770512,-0.13880279848124258,0.15979301024525844,0.44875491757148916,0.013533446940953247,-0.5779238927701241,-0.10783856157407117,-0.4686450655808336,-0.10124190782235555,0.3195564568598336,0.5653244277239079,0.2876280551100071,1.1230294190690167,-0.02372889801954385,0.21325626653375881,0.7642940843723978,0.010033977356984209,0.6468060971219749,0.020983213411616693,-0.1995840933604236,0.1408649199358858,-0.7825183753633639,-0.4765772440712338,-2.96984799930096,0.2484970110447474,0.28842862360083177,0.49150204984520324,0.44164427765345,0.03246009155517397,-0.8423672687027857,-0.48032576350446116,0.03314126514962863,-0.2741424619970339,-0.8528259201659095,1.0136299131028892,0.08069424932210646,1.5083162357064743,0.5629941788069351,-0.833714874849958,0.5173408690076334,0.4466528339989988,0.9851823039396554,0.535538620864526,-0.2252043289073738,-0.4110971759337628,0.09358955643805492
TCGA-A5-A0R6,0.31769179002844317,-0.29824182225182444,-1.3645054639214718,-0.06493772649833669,0.9312439353909496,0.0677625688610648,0.48721370846930895,-0.16598678019770718,0.2674920953825504,0.8428892448197289,-0.4296463453436089,1.0295027285637053,0.22854963600188355,0.7850820184374563,0.5795918480376686,1.041064576828764,-0.3781935135556346,0.025051794632540883,-0.08731958374118327,0.669923136247434,-0.45811718585404204,-0.2655512133375327,0.09467460979331672,-0.6763717041466881,-0.5774435379078132,0.5029819510039233,0.010301088766334872,0.8661688699125933,0.005638942823806516,0.20031233129417722,-0.22727601045660198,0.18648840308051734,1.337439438612924,0.7556348583260922,0.46110498795874305,0.10599040721785669,0.5702815374311128,-0.2506750149645687,0.3388633755851646,-0.25672032689221824,-1.0023525945118892,0.20731801829220012,-0.0016824575695195284,0.11116498458709916,-0.019712892874081796,-0.11296551732005587,0.011857053954297488,0.44872759452648814,0.12353062795974132,-0.004144261388518409
TCGA-AX-A3G9,0.1603838521387925,-1.0126890921113407,0.11849214892092795,-0.08537718862109057,-1.2297175834182485,-0.7969707048282882,0.44831329110054313,-0.9591923755767711,0.5000169438097432,-1.0094784476819543,-1.5080420711307698,1.1426525644555938,0.8302832454200093,-0.3469248604450515,-0.742227548001896,0.06068006291562014,0.3797335550929324,0.6620035681195486,0.6469988254384904,-1.3755264659162678,-0.3595558218514006,-0.24959951629212193,-0.3856117143597924,-1.6821106006419129,-0.9841551745356354,-1.3136092728051256,-1.2539047037719218,-2.1682532778951438,-0.01698102099447736,-0.14039930484844612,0.913730351952684,1.3111610552577515,0.3137429744014535,-1.1352319794454901,-0.3219427236480643,1.632360414725372,0.337611325622081,-0.2533723090947687,0.3984743070844286,0.025616065059816766,1.0196208215935452,0.3607027034975486,-0.8604367404466609,0.43108028950719496,-0.09689928416605868,0.34949186956668005,-0.06505437927045304,-0.5007019871587066,-1.152408525370461,-0.5347364371487349
TCGA-B5-A3F9,0.10970629070013296,0.06413241788010227,0.8821104372636469,0.7788312130766197,-1.115944110651062,-0.8387904229705713,0.5787272052572139,0.4526084375744784,-0.7802366687136082,0.2955511399520509,0.550162147096439,-0.057801257237258825,-0.10640136236045171,0.4695617801580564,0.5612496042687011,0.1838060327525952,0.3558154708291058,-0.18598607407447082,-0.14220267241318665,1.2356725807822129,-0.43863278129218564,-0.017352830505444714,0.3222038152420074,0.10755425034898124,0.007654381164527771,-0.07831730328860394,0.05229065720277593,-1.056493525894074,0.6715338370261354,-0.7305747436849209,-0.07417925362459042,0.5904716722404656,0.03779429079845145,-0.615597482573496,0.49930463343720616,0.09550939856969069,-0.9309910827495722,0.0894696233832896,1.4386729974136563,-0.01348679005430727,0.808446006482669,0.4900365985457349,0.31235499024858604,0.6341690136317903,0.32957947266459514,0.6522953751993864,0.46457047399745743,-0.15608107311868,0.7935253006816888,0.2664505797690305
TCGA-EY-A1GS,2.031667901561848,-0.35758541532124144,-0.999447740925188,-0.6711239136224934,-0.7687227882146647,0.5697607337464804,-0.9230158230358236,1.6296904087332458,1.9114939066970635,1.2855647987442906,1.0755713089227974,-0.4336976262508063,0.022828299728533202,-1.4779367462052677,-0.323950037684475,-0.2589921382866576,2.0689089561171508,-0.22295551382322185,0.8282092082856789,0.16164537949695684,1.8209293792181729,0.6611284470161214,-0.3158084720419764,-0.03436498438337868,-0.31079951040352566,0.6303269716649258,0.35178885817568256,0.47141483689936303,0.10937543548820718,-0.12673905541822592,0.4025232672537247,-0.03108898209088671,0.21593562352855983,0.4376321675646919,-0.9776010450844672,1.7977067736099437,0.06000663271552427,1.7618365535459186,0.3572073591579774,-1.011774100278719,0.1337421432036863,0.9595995542029008,-0.35257447921992846,-1.9199832628905187,-0.2279635766352548,-0.5758432256609815,-0.8964894110928942,1.184989800932617,-1.2204300024459023,2.8626205505346474
TCGA-B5-A0JU,0.04278759833044344,-0.9165274665904573,0.9977659147664981,0.035494098068487016,-0.8608105348913113,-0.7946768385027753,0.6894012927331998,-0.037517114545768455,0.7241364194321958,-0.775418430716527,-0.7655157122610602,0.15420938797260392,0.6403272330601203,-0.5056281238358111,0.003055120382128205,0.27408307981866536,0.3927711664196852,0.7220556110906787,1.1384183963063632,0.2412716196224745,0.5938590415975153,1.1237026035727522,-0.28493277339576645,-0.7127452972448866,-0.12086190047357688,0.34046006773754756,0.11715832984344993,-0.9646572373320974,-0.3270897690858996,0.7787786747936232,0.9935828048995324,0.6761004224609193,0.14392846946441093,-1.0333169622506952,-0.5077256002211745,-0.2685994652321388,0.29636184541538096,-0.19571486799757637,-0.2734632547310449,0.8617257033712679,0.781209283632171,-0.059884474677578146,0.2462942192207926,0.35807995745757804,1.212274214565089,1.5475440513989782,0.07710998916004852,0.5195580140790731,0.27271446598914373,-0.721205728166926
TCGA-AP-A05P,-0.0787539444906262,-0.16726430229470982,0.18732695029706292,0.4695328210917074,0.4632091789642227,1.5015165627976368,0.9188802554849891,0.6279502120822865,-0.6742628040827225,0.6740903415679386,0.7386184688568724,-0.40249462572434147,-0.8078361391754778,0.7208415948418953,0.49945450828475524,0.45868866705574546,-0.010185711088902668,-0.7094181875655495,-0.1755237391312446,1.9487679928212247,0.1136520750141832,0.6450782055657321,0.6286686541812759,-0.2023756283890636,-0.06021082616110765,-0.4881437698565733,-0.3917723856387724,-0.036202937706436976,1.3647075421203951,-0.4395235300284938,-0.745046296377985,-0.246962836458115,-0.7204112810991042,0.07292174642890217,2.286650807157511,-0.15359201149642368,0.06223342078347807,1.1595156833798406,0.7533654754248397,-0.061649722392592074,1.0975440953943705,-0.07258371624242166,-0.31617855585807697,1.4992309622460014,0.8230497067417285,-0.7434894851955696,1.1281427275125662,-0.10503570372267723,0.3793309656001417,-0.9687764432852062
TCGA-AP-A0L9,-0.8439694453713125,-0.9865755840541095,-1.6420122909553279,-1.9802472628050907,0.03953126480363862,-0.9387251844937657,-1.1430150238280634,-1.7637017831560406,-0.4881029833258479,-1.2031755751164774,-0.8781918217302903,0.9686408466368694,0.8492580793434273,-1.0975162079237828,-2.198612107891748,-1.685225131717973,-1.5767472743808713,0.7841538562897105,-0.14076940651609335,-1.0856152523497702,-1.2074993158370486,-0.11263349642863699,-1.4922039914015037,-0.45991754064800916,-0.8016985597382952,1.2752960636551176,0.539215718677481,0.7498448956056291,-1.5335280151288306,0.6654437166113817,0.13771723977729644,0.657958090653872,0.7980186907947757,0.28127656700351805,-0.5819905371985066,-0.020900531590234084,-0.7474713517167499,-0.8115092933347803,-1.1403795626951965,-0.021719610508627054,-0.2703989440158422,-0.9961635393544702,1.4752533968406722,-0.4569212613735455,-0.6724745877134521,0.6963943344289396,-1.4957531826868558,0.5793300511450158,-0.8256016628649879,-1.4544939049657248
TCGA-BG-A0RY,0.19427344145122447,0.03127731511797841,-0.3083534309657699,-0.16349377165558795,-0.11790502795722159,0.39476487960532636,0.4243942686960406,0.22655434518437445,0.6535505696657912,-0.19119094149143254,-0.10151646331821812,-0.96823864118524,-1.0209078224336028,-0.3659457589095192,0.669485913654424,0.4090919832028777,-0.2890469572910834,-0.9077876361909409,0.615454422672765,-0.1463130763393843,0.26690222488203447,0.23229679449664387,-0.4157709472123945,0.14808166385676497,0.5362361432228243,-0.12924422480782152,0.0036444405835466794,-0.8012468005315945,0.8015514002983984,-0.43210215493694165,0.23089127992561323,-0.9066211743227386,-0.7089950268959977,-0.37061396514177924,-1.1654674764103155,0.11133338419211862,0.2943568160550578,-2.4351215970107156,1.1288501355253016,-0.01967345580030011,0.5374042408036883,0.2695614540525493,-1.2011490946818582,-0.07492245852529818,0.37215366774397046,-0.27131558893593494,-0.175260147387046,-0.21100182813871468,-1.000579935531452,-0.08410052577487002
TCGA-A5-A0GU,0.622341880112495,0.37101619345638825,1.8218695495555106,0.4794983592159799,-0.22198737648574726,0.17911469931211077,0.8902180469010214,0.4906177489272015,0.3769523116969292,0.3544016786367985,0.7831074717421641,-0.7710895250466175,-0.6784969333541593,0.21197192157282382,1.2430262882810694,0.8418479508300035,1.2087971550799925,-0.6602577729970052,0.4272418407195297,0.1452776851535155,0.4551324800790872,0.9020635284100545,0.6992890962576497,0.39931536864386946,0.7498756622731507,0.5040670638549948,0.6535672196759232,-0.45131741598074654,0.62873542400522,-0.4692282183464275,0.4737790762636592,-0.09102854413216846,-0.4832757590830959,-0.8040298753639328,-0.6966469410161235,-0.11146396803462681,0.4222410300933268,0.057770480660132566,1.0329613089304237,0.6076284313140247,1.316354327326493,0.35122685854538815,-0.8039241553250137,1.0670095260865042,1.341829002446587,1.1370759571299935,0.3886549100273067,0.2161550967922474,0.7703221027970836,0.8055497308337007
TCGA-AP-A1DP,-0.20501869431156905,-0.814074587375468,0.5329634617790932,-0.7539088561125922,-1.2941004156894398,-0.3199480477464302,-0.37255406539368957,0.9957205526522362,0.009317081721829485,-0.3300650927640601,-0.8355103214814726,-0.32870356732722084,-0.946704618029058,-1.214807885143057,-0.530715404575346,-0.6111479435977957,0.0668687589907615,-1.020521379907268,-0.09585530331188191,-1.1610039330844129,1.621035660462593,-0.47604858512892434,-1.2832100638150539,-1.325666131158119,-0.8945173641711067,-1.2190713043583163,-1.331631274831336,-0.02217788035939741,-0.7785532135700566,-1.3491054273401066,-0.5180675903251146,-1.153372597878726,-1.2568987681694461,-0.5471314170284403,-0.36477293902022867,0.15341021143974018,-0.046449293386554694,0.2426488491458681,0.8110157866279722,-0.005670542504819804,0.6865402465604293,-0.30268887361271785,1.3927342446955118,-0.39787586616229814,-0.26162642843716616,-0.7131991225398935,-0.43647999948529065,-1.1543589177077034,-1.1342827838086766,0.023621315793355534
TCGA-BG-A3EW,-0.12070381855674632,-0.5144754549217192,1.0925062146537012,0.7732020555504939,-0.4288491216792313,-0.6964064586605885,0.2453628474089304,-0.16231987835465783,0.9384896840026835,-0.4431828836930322,0.01747820796106297,-0.6047824194018433,0.43260722456982476,0.07968549612459937,0.2662319370245754,0.3903418235322603,0.17756891496386862,0.5157863214468035,1.5577531168531285,-0.28555336483942867,0.9819041105839798,1.2181352638354381,-0.4711669367668725,0.1169458256545324,0.3553407591790448,0.12429520339609655,0.19070926792079415,-0.038735593905559716,0.4978332563910171,0.7675661643451962,1.3280269850199127,0.501452575796978,0.17568992457038632,-0.6768620811935558,-0.2722588284819141,-0.6375459901677605,0.4703334901563676,-0.074411053896138,-0.14038136653405575,0.7886420441504061,1.2576783471868371,0.7538662250739795,-0.6214113814606149,0.3517582819057016,0.5187560266505438,1.7397852353113124,0.6077148517979984,0.11450571616224883,-0.26762592456537304,0.09586660878436766
TCGA-B5-A11F,-0.672959092788464,-0.5114011250642517,0.8522900869885522,0.8796072943880803,0.23647999600593564,-0.5846593738777038,0.4560822432791947,0.27557720061518254,-1.4783876675856455,-0.25802009864626524,-0.6391428164026673,-0.11767519932205814,-0.20362251104383644,0.8095148216857925,1.3102408198374966,0.3362935603740995,0.27305242805145413,-0.17222968061653307,0.33288791164313175,1.1840210341965023,0.10830901820967505,0.22951322610129143,0.42225953226648155,-0.5356944520817547,-0.06354930347323455,-0.6373943878410563,-0.6436041281789843,-0.6759606364372238,-0.013255289277261918,0.2607628590682922,-0.04784683891847144,0.27787451468636376,0.16202184564546246,-0.4060158184542565,0.47044279172493325,0.0017823534806212188,-0.33525964307694045,0.20424165585817056,0.430335105838731,0.3200025740161582,0.5561660188001762,0.009380344230930628,-0.29209736350695553,0.6700294261398393,0.2872420637962041,0.4314167575406801,0.5632107341030261,-0.20866384549113676,2.1410256105336805,-0.07055435108134182
TCGA-B5-A121,-0.08171788012743678,-0.6403417882999627,1.0322776437757049,-0.4204913017346216,-1.1906790553462032,-0.6073884742301872,-0.35188622654062074,1.7389355891178069,-0.2786736600394218,-0.5662993233674211,-0.6361466703432852,-0.14456039658144085,-0.3741026933172393,-0.5007037678548717,1.0778213624620834,0.8714810008495762,1.1974778154735368,-0.3782192928191791,-0.1818804850886982,0.3398426496322676,1.0471156205674235,-0.8879109290699835,-0.6919836615231025,-1.0105578924541898,-0.8742991052837424,-0.2502761230316694,-0.4482834798968609,-0.9329012755488991,-0.2911655457567157,-0.5360952035036275,-0.025861010771511216,0.18862593799604177,-0.6218981559259263,-0.8182578844028063,0.14511756963186942,0.23313057813996818,-0.5737105550685055,-0.7346609173629286,1.3311837943095584,0.1533941104202842,0.9057733936148541,0.3699361076298717,0.15241912213666461,-0.14505336834374466,-1.1731489618193172,0.07489275034742436,0.33168395909086146,-1.2015677278847472,0.6361191967938163,0.5709882488682937
TCGA-AP-A1DR,0.5934415728076862,0.010505457138522287,0.7881845749683883,0.1410519413986598,-0.3202521702322622,0.477860180093651,2.0230255929228282,-1.8496255649214928,0.35793894997639486,-0.20399752037067923,-0.29535021679349366,0.6534926973958131,0.8380216929752792,0.2583743358433589,0.8074240913348146,0.8320997017985651,0.3491320913979098,0.819321493069593,1.4252108631736373,-1.467087889073517,-0.8241089827913555,1.9470065156827896,0.8887263446270162,0.17278988973907683,0.46308766275913477,-1.1861416153418183,-0.6983357586098428,-2.0744042141036636,0.6345778996609438,0.6107768109529921,0.7675260700456434,0.9628092812115735,-0.06666892462993189,-1.2711860777129171,-0.07175083609513548,1.2298934248063476,0.9673046005456464,-0.8472969464280925,-0.5089057701536394,1.9249487416034452,0.8564869620690546,0.1922573786368512,-1.4488933565184592,1.5028672098180735,2.037691946657568,0.4469900353538811,0.11197492965157499,0.8615113567184931,-0.5364058192978147,0.1259940651589088
TCGA-BS-A0UF,0.0016207222542297724,1.0978222173255558,0.1796449277695381,0.12547651624952677,-0.20080952510344555,-0.31462115242176153,-0.059603479222100256,-0.5787637762609439,-0.346009760231758,-0.720181618422604,0.28556723918678883,0.10163537421155718,0.7211833167335809,0.06599103402692337,-0.7597488129549838,-0.9236186824691601,0.7528697129761174,0.7673832511848422,0.07181514153229378,1.2898059320540156,0.49895797837221195,-0.7668647414304904,0.3861433600689007,0.9711955829920857,0.38952406371213544,0.5490583579181743,1.0808379536397794,-0.5913702514450744,-0.13740764112808723,0.8540036730172045,0.8532320290181099,0.5813300087791723,-0.061389294194007876,-0.43789994643251706,-0.3600111331483903,0.3935630308142057,-0.3831119833055854,0.2619973720407038,-0.7067569629129444,1.3530329212699779,0.03872994156136425,0.5085895303922228,-0.6700505970160677,-0.885186035638663,-0.691549959925699,0.6288279830754658,-0.23631780371774358,0.4111799795055646,0.2993503497303699,0.5688714530322493
TCGA-AX-A06F,0.765501857277584,0.9155028543753986,0.07636891237408618,-0.34918400063067384,-0.3566290268527585,-0.3117825943987124,0.14650633762696347,-0.4147874433304498,0.887868465421749,-0.20802689879871444,-0.08486139601005699,0.440310125061298,0.9004992709357851,-0.4265775993856341,-1.3334778717481837,-1.33415895220821,0.6355478930336997,0.8410393027395602,0.6870031079821578,-1.625482056994948,-1.5349004320410469,0.11711333254611912,-0.32217295845087995,0.4474879651723625,0.20447459080204214,-0.8400866676703471,-0.1836297977808756,-0.10305065844228176,-0.4548330775830781,0.411811202007369,1.622734494577605,0.8942886081735072,0.8630952723516458,-0.2734235927195234,-0.5591302529453853,0.9839551033592911,-0.5817354512523675,-0.4810127879547557,-1.0245248383053978,1.2205504546472723,-0.26486967988857224,-0.7959400709393483,-0.11806574526124707,-1.1125841771019795,-0.7851728405018159,1.563854538060483,-0.8704377986251322,-0.13018592637250712,-0.7807783556242628,-0.0323788922908537
TCGA-AP-A1E4,-1.382685798574499,-2.2213688903758992,-1.6136602184687625,-1.8734992659556426,0.09970647249584733,-1.368977290120364,-2.107530683225682,-1.1550663215495016,-1.4339355830974638,-1.2181968405087307,-2.6809602722384516,0.6302222438204815,-0.06227406492042458,0.10749959610494768,-1.773641862361854,-2.5790777643973755,-1.9211127813741193,-0.1350927505536201,-0.6439609000366757,0.10441168781790816,-1.603699691653983,-1.408807714996644,-2.2827035558203725,-2.967427800752812,-3.1126492588417745,-2.283907035213369,-2.6959670282408577,-0.17206463042884634,-1.8363562917047351,0.07529722894041954,-0.8888663663982888,0.27207903370643916,0.3922827785478489,0.9440863064831495,-0.5992079244049261,-0.3871300633056219,-1.752498586993249,-0.6243617621879911,-1.5013327994899164,-1.7796211833276727,-0.37082241411999317,-0.5839677912516315,0.1834149464872553,0.8906781824730201,-2.53300232671688,-0.8747388695292238,0.17569798192352779,-1.633709667675934,-0.5633681511973571,-2.3603254933017896
TCGA-AX-A06D,-0.051780061934470385,-0.8834204327270209,-0.846057663591276,-1.782799788024023,-0.7147024318589668,1.214507293606537,-1.534023645777783,0.8395144043802448,-0.9062329260603015,-0.18966958788884816,-0.7536101744260301,-0.33328109792537736,-1.4219462831664276,-1.758583316332011,-1.187130743795226,-1.0327273693673813,-1.2723149966747418,-1.56508305239451,-0.49683207680490515,-0.4279731940958718,1.3327889609845138,-0.8579973780748003,-0.7929219448977253,-0.1191147385607403,-0.745058852593166,-0.832217620389022,-1.0464531544304598,1.0824413695234603,-1.172804255259849,-1.5962080297027628,-0.6612506788021866,-1.6309174683688363,-1.302115764643753,-0.6299311629505051,0.6167320265474036,0.06428167364913909,0.10662891956038306,-0.35391711520065344,-0.2521644598305558,-0.11158012137256368,-0.24059312419566678,-0.652823162180308,0.45615521138613857,-0.9396310334932492,-1.0307954518142752,-1.279517005971271,-0.630158870937823,-1.7339970154821525,-0.5877013367670624,-0.47380362854350483
TCGA-DF-A2L0,-0.1167320869366505,-0.18672514264803383,-1.8382493891806349,-2.551054695103459,-1.94607275059528,-1.5395759337763013,-1.601568956142504,-0.8367061112679398,-0.5289691467348887,-1.5713857571372098,-0.7097367660925112,0.9514300360066049,0.12080988977956159,-1.1458904867403663,-0.93820735755378,-0.652888631236053,0.17646657877440064,-0.15814733102768225,-0.5762629157029149,-1.8137194556210607,-2.561284730167829,-2.1125080351049235,-0.9589741170054648,-0.9226122420018761,-0.6913123860290635,0.6421608518912543,0.10230260912104779,-3.016764727020947,-1.7230806300747847,-2.4811998959666397,0.061448172804717115,-0.2658700120985262,1.5487051272543955,-1.0095332079388244,-2.058178689571652,1.3626152667079858,-1.7602082081010064,0.3593284809147126,0.3346619410214657,-0.9526244286316294,-2.5195438160964847,0.9374243712203051,-0.5047288725759841,-2.683909423256819,-1.755319891933142,-0.4029556688514134,-2.680336187429215,-0.20638860359138722,-1.7834337233908348,-0.4934645740618202
TCGA-AX-A062,-0.5131465511410851,-1.1405854261369663,0.5806078870596122,0.6058572652249957,-0.2323263447144233,-0.5088553948492167,0.5662077919050653,-1.0449567357777698,0.028983711576208666,-0.32723795931488986,-0.6602928639189805,0.08207878671373861,0.9335326208936567,0.9463650738768422,0.5358135974499437,0.8547571322851637,-0.33652021805018234,1.1425766625447817,0.32067570693331826,1.3987893513938403,-1.4282778851030653,0.6442157227261186,-0.5882423932308417,-0.8126431287590354,-0.618486392811473,-1.1903287804309808,-1.18148636303432,-0.6937650364197765,0.5865680538044831,0.5628594222130375,0.6565477563250928,0.8695035331459664,-0.11442310513090798,-0.8908657254628224,1.1701753837041973,-0.266214115166551,-0.21450703474072239,-0.5882728397266483,0.4781594869055754,0.054606583431580986,0.9819190677385388,-1.11233501012001,0.9462353732307962,1.4860498972177385,0.0010301146227890356,0.13460799177380342,1.3229638824358543,-0.609086995202974,1.5949452717535109,-0.43367265757085716
TCGA-AX-A2H8,-1.2115396252643797,0.16300849850594745,0.0731787426744855,0.1476991042411711,0.530816191464837,0.39044511622591843,0.22013567668382802,0.630561160944933,0.3946043176965789,-0.09367471568998224,0.09504417243002683,-0.7173855539265975,0.36058814282650087,-0.27067012048196426,1.0323214422980638,-0.07133575962314666,-1.6837159901485235,0.36755940125152003,0.5614949105444244,1.277407669566072,1.0644423800685507,1.3576574185041759,0.23745342078714576,0.8462610794104874,0.6708166192266368,1.128037777918591,0.8614584730203235,1.9751683789308019,0.016443956924469205,0.6554555461767142,0.32016735215394204,0.14629163123490624,0.5078057913796072,-0.0355704983338925,0.19405351832436762,-0.9599566412283423,-0.36299641155257695,0.2984161235066888,-0.8234075908804185,0.19588541193908968,0.3926872248160159,-0.711062060292442,0.5969543862983784,0.4363833172785887,0.5387544403118069,0.2966559623535969,0.4368035021109523,0.27549550070199524,-0.3788343705764212,-0.5558201127069494
TCGA-D1-A163,-0.09658475046474674,0.3773536846520613,0.26105063608630014,1.2341248683659478,1.4887365346036237,1.6665724018604602,1.463291899679951,-0.3701814021241424,1.3303986203231741,1.023248576052245,0.23039587519004134,-0.0774770247548734,0.4069792880297388,1.3184832629309626,0.4216008816781061,0.6419186004265399,0.18089099015419272,0.5942813701988642,1.1573886685082095,-0.2058210749815973,-0.051925399657597404,1.5253504687929342,1.1578783150140126,0.39351715249647673,1.1605603905572737,-0.9773895708112277,-0.27043520204461446,-1.0179026864780647,1.3116718853439835,1.3216136523171396,0.4375658259835232,-0.023300082857718247,-0.29472305899879925,-0.5416326841592729,1.5748303676678865,-0.7638428271318585,0.929955232316065,0.5490801525103944,-0.24062506958185972,0.7804331055260547,0.4574696612198691,-0.2785858713061369,-0.7308943861675822,1.6613938599781661,1.6209954178797572,0.05097481100063149,0.8111860472244646,-0.24925440114423092,0.6833093389785065,0.07047978121798901
TCGA-EY-A1H0,0.13692901425204476,-0.8632495569613516,-0.04324351071477353,-0.8856227365387334,-1.1096000917899025,-1.2842352801314063,-0.10049415480709295,0.42545512385380246,0.26577632159045483,-0.5076205324333141,-0.7548878625207355,0.15164497549974007,0.07665099296206448,-1.036861953097206,0.9481064425571991,0.26139541152057477,0.8506574592074386,0.03905622255663747,0.760564228352849,0.006189128781633941,0.00804796457707929,-0.08403521738268366,-0.3290910932149978,-0.45383065776490256,-0.4925350172296942,-0.6786914137217325,-0.8429673745830629,-0.5399960195145992,-1.6279296602679383,-0.149626217024357,0.8753994070482881,0.5387275449322448,0.6213401813840396,-0.7799621919238519,-0.6661343565551208,0.7089650845904163,0.9949822387547587,-0.779974345750652,1.1760077227565884,0.4986647080367769,-0.30687426574632176,2.2383553715401536,0.09152871164119256,-0.308447421935247,0.6180173221944731,0.18207127767871725,-0.80430109791781,0.6150265149480298,-0.44577968634694676,2.1366528321665306
TCGA-FI-A2EY,-1.7285322800587368,-1.430702358416492,-2.583529747294074,-0.9739297514198741,-0.46832205892727624,-0.6262883261763713,-1.2824078665108056,-1.2845210699213994,-0.7376751519971719,0.7908692880077898,-1.1979179007951632,1.018771893802712,0.22147358469843956,-1.331302760257407,-2.026956765651046,-0.9294278937543243,-1.1003393577371796,0.11301308272834991,-0.9096930728822142,-1.7202648981004542,-1.861121016376902,-0.7873026674715066,-1.788450426335056,-0.8443159321409479,-1.8672372963848884,-0.4779891779822276,-1.0316791254232667,0.08343902952386999,-1.4483929953876256,-0.4939976337837411,-1.0038520667016053,-0.07913001345787854,1.320219334383023,0.2597762911106866,-1.1712550490936136,0.12250112583007554,-1.2113952358983782,-0.85094495848878,-1.1998750749978606,-3.3646352540134923,-2.4095767473072365,-1.3919793553710977,-0.0857958799378,-1.6711580858607047,-1.0693553189398142,-1.2122612660183043,-1.5241465078727745,-0.6172579602313283,-1.3803365650638268,-0.5619115948856364
TCGA-AJ-A3EK,-0.026479441886623496,1.1685492085584728,0.9748885863195563,1.2444865790290538,0.18306485321453947,0.8126616258898949,0.8670653608603469,0.5090760870995349,0.43523622480072305,0.6860082412360068,0.7356089230565904,0.009355006322308079,1.2450542781916205,0.6485864863669418,-0.02188690851800226,0.07886077725113577,1.099768388190226,1.3183935111716893,0.5681342439123513,-0.015181364412542208,0.8701027474086617,0.08661785260106572,0.8198675721525365,0.6699057020922301,1.1227920686242578,-0.7144810167794811,0.04449367269369783,-0.26014667894418614,0.685078809689171,1.3348124809543616,1.9183648280144925,0.9978220284243124,0.33918353551379865,-0.19710226614804238,-0.7206892380914646,-0.5073871430273514,0.19752173046221727,1.5652675054586882,-0.03162272094316135,1.7423160533602944,1.5680646355632206,1.2910675958729079,-0.5325667775059161,-0.05733531411005396,-0.028851860299014032,1.1771139567162563,0.23685998331996216,-0.4782740414070309,-0.1823202335144173,1.5013013115948761
TCGA-B5-A1N2,-0.40889844620186677,-0.3636103809977418,-0.46087644067072214,-0.4211427369657455,1.39817097286887,0.8145334815981505,-1.0326904158243313,-0.2529850628331361,-0.0738929355729008,-0.29190205890846777,-0.769314385594526,0.15862417088062797,0.9399036488889787,0.2917600441202625,-0.7682983279249282,-1.17247314816475,-1.0282824008843845,0.827205701868697,-0.7378417251881275,0.9580404858808222,-0.9896322248526315,-0.7123904589055011,-0.45512812519746476,-0.42433764524219897,-0.41119695974805254,0.39270927949169915,-0.07402276576782249,1.4149887152250806,-0.3017534822051074,1.495063904814476,-0.40957444771709944,0.3261972625681972,-0.049217420418803885,1.325723919716234,0.6519738235196337,-0.23888441157167203,-1.0438279046401318,-0.08038195607107317,-0.043554113717923705,-0.14493728617922363,-0.29783896547611216,-2.0788047165202554,0.25332670502314397,-0.22041140977485324,-0.8657989810144958,-0.7498304404558538,0.39277494682365555,-0.571130870253763,0.05894705052120986,-1.4746295557271147
TCGA-BS-A0UA,1.4642006029044268,1.0281521322851628,0.8093763992213463,0.7993065114760446,0.9374379115674276,0.6509267969950576,0.4022983592026689,1.2030919672118852,0.028191688478260913,1.2644929139810275,0.9671942368657928,-0.10748016884317425,-0.9144902494301463,0.7917080160553376,0.8022061428796923,1.0962308914425334,0.6600236800728744,-0.8975421862813385,-0.1940322992564779,0.9002369082001747,1.4736182411444727,-0.21810602696562073,1.1430826818071849,0.7916991736644206,0.8830150790567026,-0.3173855500280956,-0.013108668528980594,0.06940218807565299,1.351591691482319,-0.7131612211676852,-0.33335153895629227,-0.5540372909854823,-0.3763196532353683,0.11375373370322056,0.4601538564024563,0.4384444986800421,0.4020566427937933,0.15222619634496581,0.9008655493972357,0.24516783051124766,0.351456169160595,0.7545884203729887,-0.6250489163107632,0.08127564157056186,0.23530620572252442,-0.06653982671630519,0.4153609854106805,-0.3612264550772932,0.24331014965155395,1.1651488379576957
TCGA-AJ-A3NE,-0.5918006414152441,0.9314673808314091,0.9965794749778908,0.6321742458203367,0.8209761405767938,1.2977168210919905,1.8812936148145094,0.42223319271961995,1.2433089163315216,1.176248619863397,1.7544419484318705,0.10343842858301698,0.8941168674316216,0.4584304399768121,1.3580841244216573,1.9697073217423005,0.17788546745491438,0.8041738458572582,0.6924984788990122,-0.2179292305405517,0.10638821333777498,0.5065412386124122,1.044055028745605,1.0220603260667445,1.5428955235637793,1.2011782137783333,1.4647639320859218,1.065108978152951,1.1081491495310523,1.1078675722664861,1.2769849225786358,0.8682816661670377,0.547896287849105,-0.5157841069040042,0.0060219309934714,-0.7827402180961658,1.6062025810831142,-0.23848503334705445,0.2592353287430135,1.4458707424781092,1.0836118798884251,-0.5749116671882999,0.36868816046008596,1.0139575432047394,1.709383177510692,1.3794116834479262,0.29960050435947294,0.9050459845125576,0.08726984718469097,0.6586516000421153
TCGA-EY-A1GD,-0.9620959426633012,-0.5953834923044555,1.4621380624981144,0.12298928914801349,-0.6628752394355755,-0.5537589186455313,0.8206965154473377,-0.3104606534658636,2.0042899805067096,-1.4118950877543246,-0.7137783591878782,-0.4862346820627657,0.2693313501157996,-0.4743837373013477,1.4200518789202266,0.866629441314609,0.40261975967894587,0.4033416198051269,0.13486151466462656,-0.3595590477631948,0.8049031934380612,0.06210382985454325,0.5527263985737452,-0.5689685561160691,-0.10290593007382152,-0.5482933767308827,-0.3189856734085622,-0.6707436485177306,-0.17318867908722446,0.613597229912048,0.20705815453959006,-0.47631277870740735,-0.9274539825492512,-0.630746184168493,1.0758492614108464,-0.8800013462398225,0.5051426670347355,-1.728042470396086,0.6602909109528959,-0.053030545504602886,1.1470050810968682,-1.0823946976754273,-0.9813114855641781,0.39802806624960385,0.6740592055054281,-0.015393186482281765,0.4567049532353666,-0.2608373782811619,2.255725845162998,-0.8205486379238597
TCGA-D1-A16E,0.08896098331377464,0.12145053245494784,0.5237432592698604,-0.689216699197579,0.22102390023499577,1.0878188992959545,0.20587288949285046,0.9508838247424289,0.1543571750430371,0.1296891484786231,0.4857844366388236,-0.2633325813130094,-0.6316602454480942,-0.4351884573923838,1.0872147286375264,1.0901814892852169,0.1274648857435751,-0.5392195333985234,0.43350081782294686,0.44372927908659265,0.20532052445480842,-0.4818638357951609,-0.24894063622795035,0.32224802254258866,0.42049062558042194,0.67920446911051,0.4953840026056482,-0.4022909787995219,0.36998032024088745,-0.25954351796299713,-0.2556087841140731,-0.6668877436027628,-0.4515901327660749,-0.45508976420468744,0.6254846628030037,-0.13800873310903602,1.0109529706737972,-1.1279275541012102,0.5070432617090448,0.07746908992106537,0.18102026084168504,0.3972861158044919,-1.4127135925981897,-0.16536174390833683,-0.10525191337686865,-0.5815946765379248,-0.016109588154951452,-0.3544726276198369,-0.27262098467879803,0.6465556022347555
TCGA-AP-A1DO,0.30402971145438334,-0.7201791215946294,0.3099524558817785,-1.8785285733948034,-1.619956959348866,-1.2304696691617412,-0.2918849004439703,-1.0464637025018582,1.8336793155832638,-1.1884354337026968,-1.256548329259213,1.1541849112729412,0.41934984911243234,-2.077554501350362,0.11771055937683504,0.3197527308683835,0.6036998851069663,0.5247493088411891,1.360603610712585,-0.38982211411218376,0.12114975987992065,-0.0811550582043527,-0.7736998682122185,-1.4901370361205737,-0.9767450309202683,-1.179814392101377,-1.2148553115672038,-0.5129436833360768,-0.9710445610918681,-0.14193460933721722,1.0276623818929382,0.7891750888210823,0.5070756459643351,-1.4737368973427518,-0.213919196862439,1.7709665624655084,0.36495176624727954,3.891942324826777,0.9432294299228705,0.8438623497444151,0.6643314898904676,0.308854222378787,-0.27635689277084013,-0.7808056230235574,-0.1380053550499981,0.3791261203981996,-1.1958275102975913,-0.391450598429338,-0.521468798105656,-0.679516159872488
TCGA-AJ-A3OK,0.8364042499660086,0.9096516012194646,1.5018934119706897,1.2276449595105112,0.6227352255550015,0.5945046696128953,0.6214372033467019,2.428307639705743,-1.018934309324777,1.0432642427386707,0.6591205463573413,-1.5353049047556362,-2.2242835744100193,1.3105949041281435,1.083366214399551,0.7358180781985731,-0.006487960010685043,-2.223680897284789,-1.4005065379860622,0.33574535290454977,0.7712870663608324,-0.3677492784158452,0.9105495751362521,0.5014941420070379,0.3521183324589803,-0.16881061236593756,-0.05404678624885213,-0.005090151842260457,1.4964675464968922,-1.638912529685486,-1.6642741571732436,-2.2697624831981127,-2.547578545541765,0.6360878247779199,0.4785597988019686,-0.711814637599652,-0.24833496142501604,0.12579756861148825,0.7471076065068549,0.04379967711623591,0.5960373272442808,0.009280553109540951,-0.04969716956300457,1.1806979984379977,-0.4074241641715631,-2.034440209438886,1.6917358812247019,-1.1597445679141638,0.5436747289195623,0.6493191644082195
TCGA-BG-A0M7,0.47766331718515775,0.22293884260721375,-0.18675717980158202,-0.013580823684090653,-0.1669375914987913,1.339978661746979,0.09867138878461147,0.7077701940280788,-0.21822068097471128,0.1825088211800672,0.375883116022668,0.2739978427368702,-0.5545968007921775,0.08464176555738073,1.0895567487866427,0.6008385863173271,0.5827157194327344,-0.5391656175394132,1.065575372537559,-0.18482241880682868,-0.8628675661745043,1.01275245925156,0.1742767063215899,0.42244640373327397,0.7399751933929064,0.5657524103662726,0.6370087678335509,-0.46182812250819527,0.10970679073853803,-0.621585586290599,-0.12421338955670039,-0.5223118381864992,0.008800983787607504,-0.0693947685214562,1.0627074024376821,0.41564075105229287,0.0956186328866754,-1.3856136592257817,-0.04756470387766852,-0.5134065047506118,-0.7038254963659246,0.8936501082148339,-1.5811022465752815,-0.2250170958262373,0.3228104874997689,0.049441995437407245,-0.15450179597771443,-0.24031311761981927,-0.5185518590221453,0.9521760535490181
TCGA-BG-A0M6,-0.9080155621181799,-1.9587974200672915,-0.09175378471895906,-0.23612260607839713,1.1583620498688183,-0.38490211411138003,-1.0452817744891012,-1.6489670282704323,-0.978389150701612,-1.1365091072461686,-1.7048614412938743,-0.7259770670616894,0.326079915180857,0.4622253412896731,0.4635499239532095,-0.29862552069696824,-1.5867628091023418,0.5387465479697544,0.9313458403842525,1.9448576115258345,-1.4632000801149967,0.3439337738460764,-0.8040405250678545,-1.9626649467714894,-1.6693707286078951,-1.6538314246843964,-1.824167558120773,0.6461938933128456,-0.7619700861270485,1.5524637353978428,-0.047535827750893524,-0.3265129930574198,-0.15686532293245387,0.6071820230416074,0.28860347164717715,-0.8080710242567553,-0.6048589691128894,-0.5244508810063455,-0.8606900203419977,-0.7251103755070405,0.4684684626316713,-1.4882257343089778,-0.14632730207376812,0.5697012980801125,-1.3778309283931336,-0.1691573993230224,0.8559322917725681,0.15935551359513445,0.2625638282192847,-2.296127189420323
TCGA-AP-A0LP,0.17742929905733915,0.35088087086116376,-1.1905993037462204,-0.3591856889871128,-0.3831874474000764,0.14503074971919985,-0.14041190561936362,-0.20421952793897466,-0.6892693986407574,-0.15408841168903303,0.07602183356156557,0.3446397617119316,-0.76286200105449,-0.7463353785937265,-0.09741458861128491,0.25751156190254804,0.4576242993690358,-1.005187198403464,0.06924448297932592,-0.2379294628359399,-0.36600437348731296,-0.9418229527381599,-0.6982512795124073,0.23159120850074172,-0.2805748681290465,0.5793664605559579,0.36278315865238975,-0.36770605136106393,-0.9762375689116264,-1.248245822820896,-0.7931950847008686,-0.5164548409465297,-0.3971772330649005,-0.6166201519750558,-0.6835407131546674,0.9683757210951714,0.40859475116039806,0.02817051618789236,0.685644674232914,-0.5056656995706645,-0.9230072910987843,0.6147311780715665,-0.5271192093454529,-1.133678199609035,-0.7842129711591733,-0.9103200112156767,-1.073241492467296,-0.6227623227682381,-0.3971438131035647,0.8258232543197064
TCGA-AX-A1C9,-1.3594392592746858,0.4209966990550998,-0.034631328387952735,0.18363098346999385,-0.3393937605918724,0.029522890193073286,-0.259317390334503,-0.19686060746504208,-0.7784990663303913,-0.303096370457064,0.398364864754025,-0.2559247485996858,0.753059447856987,-0.4923230780541132,-0.6600645609365126,-0.7528804187112894,-0.7487754063622961,0.6982454959645926,-0.17029236446057797,0.2017913931561349,-0.5448637033599287,-1.2279138606772317,0.16506200564588452,0.3991647848685263,-0.10048268381420632,0.8367511753779168,0.7080350278019439,-0.1884884599483848,-0.12299174930880837,0.9324698206961551,0.23382038684440784,0.5454052359467498,0.0026293895270217997,-0.8809882521541347,-0.16353279646368546,-0.2606848952509043,-1.6765604766555833,-0.6900606750707093,0.3423197467959969,-0.4013234715456074,0.670796964543072,-1.0191540406128943,-0.020850906408344923,-0.13991564614802854,-0.9286013789410122,-0.07927196001834477,-0.07798192616918562,-1.5486258841381007,0.16386529626904914,-1.5914009355265488
TCGA-AP-A1DV,0.06684342945223264,-0.4973028904872242,-0.5349387637166919,-1.1542212546808641,-0.7204206576097701,-1.5667449197747714,0.477600131760969,0.1732517895863187,-1.1535758471637887,0.018893554117834645,-0.8265227486649261,0.3750797982617166,-0.02846494969717417,-1.1293821841821452,-0.3863538105813641,-0.16699584854551175,0.8080082600776692,-0.04667080594118666,-0.1348950913648731,-1.7725495747876812,0.07722726946764083,-0.7982503607191522,-0.6822284520283607,-0.7493468530393714,-0.6437911065629662,-1.9424324456615747,-1.7170662199665716,-0.061216358770815923,-1.3756730246968834,-0.23898852167759613,0.022304247642886424,0.3400238081393707,-0.010625920153352933,0.1344004593876381,-0.296757756645065,0.9697118089779612,1.1240396210333283,-0.13222895640774152,-0.18827149838085308,0.42543788818426104,1.054067819992257,0.707552040913616,-0.037599237955730815,-0.5122453005839772,-0.09768453389480063,-0.2570801898405043,-1.1402452052884327,-0.20302040871697874,-0.39327724791719926,0.15189370610319766
TCGA-AJ-A3EM,0.5788009081425208,-1.751205354856429,-0.6676095153747073,-1.7894333367110964,-0.6316871805135655,0.0904390767614158,-1.1696123761963406,-0.5873003524254204,3.18867593981324,-1.2142746350125073,-1.6982470254519293,1.0428112981318627,2.040565824857495,-0.34795608751454155,-0.49610193980913664,-0.029567123292319426,0.6573902568374016,1.9904302346623912,0.2453038708298084,-1.1231033546406426,0.027338355564405916,-0.45399716853537536,-1.5812671197883275,-2.033863048602008,-1.7529669327917055,-0.520838897762799,-1.0801032115210119,0.3432508418835677,-1.7115883522956448,1.4899488838730817,1.1132412314503246,1.509538055792552,1.8995388524418495,0.0918081269247959,-0.6174667199425452,1.1068754534565302,-1.7999733868143788,0.11858013634492387,0.8020330678303308,-0.05945895339510996,-0.39698145922274886,0.2555198011486068,1.46283374877147,-1.6586060641958753,-1.5562352748027422,1.209902436347818,-0.42660115297128465,0.37731967816963885,-0.24729330323714854,-1.2265256988631053
TCGA-EY-A3L3,-1.8071003868125597,-1.295971157050996,-1.967442465595253,-2.1743631517742688,-1.3167724278420696,-0.6707977888370897,-2.9302523172719885,-0.5410459368036592,-1.8292396627589982,-1.9480681868773753,-2.077663515944327,0.846840293942023,1.1727968619385072,-1.7577996871913544,-2.510833286994561,-3.048114771906218,-1.547965526364866,0.8795864940080251,-1.3101249417716976,-0.5511030877313658,-0.36325417236500707,-2.127113384698053,-2.3872538577270017,-1.9934708190628703,-2.3858547815403464,-1.0007889194595425,-1.5116899752199509,-0.15251165645291342,-1.3889229351598635,0.7628547268272001,-0.37053511078077594,0.9909167738083583,0.44520873107415637,-0.8524887153777135,-0.9112925674712028,-0.2498621443337387,-2.808524819419392,1.4424717896731742,-0.08269463092729826,-1.4582180100328181,1.0759040233728374,-2.3257595968796565,1.967711188861767,-0.8444709366471891,-2.7085268301644905,-0.09626203101531339,-0.5678781360395038,-1.1334177997299626,-1.2066700129219319,-2.29713384419853
TCGA-D1-A2G0,0.4079462425333544,0.41527846995071394,-1.1973552354660268,-1.7382600053247919,-1.8480302301933897,0.2088630184745661,-0.9444534499741114,-0.20751487397828972,1.301158350282033,-0.5990066754608289,-0.5389428789960419,2.3336037267128167,1.5643082382735483,-2.251806255846317,-1.585336241085048,-0.1283519170738348,1.4219171933414396,1.4607135007486713,0.34331136590394423,-2.1494280098041876,-0.6909520009586245,-0.9063652015884767,-0.7529273958308715,-0.8296941665982216,-1.0220753364738515,-0.7681656065470861,-0.777835146525928,-0.429068308771878,-1.6083002351114,0.25031970405586434,1.6264369033599329,2.423291135394583,2.7763714751745883,-1.5531153459329945,-1.0050929869640415,2.4966747591294225,0.4039504966078419,-0.45659125691120905,-0.39895233887905246,0.1779896049387845,-0.35570687789692385,-0.018308532259295105,0.22551059297192613,-2.53156907995333,-0.8711641429604658,1.3297287770013393,-2.185026214268919,0.7306400881430838,-1.6166898824881124,0.16769841471292798
TCGA-EY-A2OO,-0.7210928342572529,-1.3576723341393284,-0.28121313415489174,-0.23668993958502807,1.1232080012473096,1.103667849493869,-0.6052021343405839,-0.2860590712968962,-0.6106274315798251,0.49955716028911606,0.008672096533714698,-1.2621936354415384,-1.0209327024458785,-0.17742243599954713,0.3435119312123804,0.5749397192097876,-1.3211817805208235,-0.8755676305222885,-0.06701428243829444,1.8695376764168594,1.3779099676152755,0.005739176407486013,-0.7994412189750189,-0.759716651652757,-0.7314655549527664,-0.547815498980382,-0.7911812244700515,1.9176758073966609,0.1453818639182189,0.05437789767249246,-1.2752836555391591,-1.502949805089139,-1.3192877429955514,1.2282106477890091,1.1273544280931302,-1.5570197700030013,0.5479838715826564,1.3480214762271232,-0.5996462107372846,-0.9519085804107483,0.557740020371242,-0.7683452373028594,-0.013256737578614279,1.076854162023281,-0.47055314878983723,-1.2129017793394876,0.4884327628769171,-0.3010372944421729,0.49031653860407587,-0.2503373709509181
TCGA-EC-A1NJ,0.34978309995448015,1.0810650290665034,1.7151584549792196,0.7159779663351291,-0.42170439360836115,-0.4036842971650008,0.0763244258532206,0.97825993475714,-0.4015084840732117,0.06679272692218212,0.8918726499258525,-0.15199748539485347,0.06443783416066722,0.474511177090756,0.5772426085075103,-0.10984586493358689,1.2301505807106632,0.030576990586257426,-0.015563257098913505,0.28348488171682107,-0.267054758043714,-0.7508361358928091,1.0172051655362147,0.8189177658765806,0.910161280203705,1.5210627407985435,1.468174297926736,-1.1064927358984162,0.8871833276324279,-0.08964554379478464,0.523134950547523,0.2720912592791115,-0.9684777050426492,-0.38061568121082034,-0.32729967391486625,0.625377320061473,-1.228664916743848,2.374153355954671,-0.31435803410040686,0.38663951613563097,1.2654356855976145,0.5180243762258795,0.1424768262580882,0.12816296932950835,-0.5279114335966195,0.10557108711155719,0.7317348563900308,-0.7143276485750406,-0.6397626577124812,0.5959152420338425
TCGA-AP-A05N,0.9766091962045172,-0.41975641704323274,0.8560417745172931,1.5059277214860984,0.7373370043369314,0.1436397455065862,0.6683237253248795,0.46223636009534436,0.5693632932522379,1.2304704533142954,0.4107796923939726,0.2910363690208735,0.20385443982376908,1.0127534044145676,0.0037723703392289116,0.42537652868035486,1.2413576791078251,0.14213809078205894,0.9977126839306638,0.8626274557590138,1.073274243662513,1.0110008732552447,0.17322842784159792,-0.38253715832680446,-0.08039051186919652,-0.3652065904321978,-0.5186591405875954,0.17463416894498213,0.9615459004206472,-0.216823156782604,0.8530353609538214,0.7806296044395237,0.29033507973312983,0.2784446894817579,0.4733308570836736,0.11315055473946892,0.6894544953936932,0.9751622635578086,0.9722089648611503,0.43684342962880296,0.7978532109137384,-0.691693971419061,0.4138977548476678,0.8467286585846879,0.1975174730722116,0.794726614315677,0.5715476379149972,0.2917573836409425,1.3723768802756338,1.1663253993598637
TCGA-A5-A0GD,0.6672731190302629,0.16145850296861958,-0.3395593567805743,-0.8654627061845157,-1.4425313748413688,-0.7988262227195091,-0.6503526516132014,0.5601251249930903,-0.45717705467400394,-0.2771394965560351,-0.41529336071404516,0.9046561077502872,0.5400784087384024,-1.8145187380083754,-0.1761803915505163,0.44818839178976283,1.2472553964784936,0.5357157295975469,0.6288619062775622,-1.5133212609336104,0.0763028904340539,-1.4594476476071419,-0.9003787775945062,0.2810126383793085,0.006552914290680745,0.751783257053623,0.5207323098893993,-0.5795737044572898,-0.6017574982932418,0.3052445109536604,0.5363113431248439,0.7985956663813001,0.5390289499461104,-1.0430418337111529,-0.1891765441176374,1.4024953259313406,-0.35282841920748037,0.7128612864721774,0.6328443880006096,0.3399007869453653,0.2683345237382558,0.8460685874580106,0.9352583452593611,-1.3773719473746617,-0.5912613619364226,0.4089223176510005,-1.291725264047858,-0.3477785671433393,-1.2699142857123116,0.9561511728267763
TCGA-B5-A0K8,-0.0901602942082859,0.4592739831858782,-0.6428855474773573,-0.5119247314385522,0.6787982133379431,0.9106043220197315,0.09914130659492251,0.678549448207697,-1.128473548453931,0.12383708437856916,-0.012337611536866726,-0.28617589860152504,-0.23461094268391833,-0.5611240491788145,0.36984212664366867,0.025072124369904313,-0.8880533931423049,-0.09367192716303047,-0.7687448856427728,1.1953494425969564,0.21772876297816052,-0.989307992024264,-0.24269607774618268,-0.2466112644860508,-0.2153314231690219,0.9501583927192003,0.544652038916372,1.0771904407453616,-0.0748179463395472,0.4978819613073237,-1.4365172736235008,-0.06996760285046849,0.341031405553091,0.1477606898039548,0.3828050534717448,-0.36347122644100627,-0.2609114671950431,-1.597499990635393,-0.4175433636698877,0.6103765955701852,0.18508828389667703,-1.0372743209483228,0.18880441584390734,0.21368231595065734,-0.5448354667197303,-1.1371287077174077,0.16680673432684706,0.12114204947563977,0.5632815971515902,-0.364176261496804
TCGA-A5-A0R8,0.4164435640555664,0.6693821158050418,-0.42731407114796016,0.397336339703969,-0.34295845499025035,0.3859059538118684,0.7906927877380714,0.3596098962617797,-0.6690924376616069,0.9921321310106935,1.022824197412949,0.3914925534633459,-0.5563487599259771,0.09669395610639911,0.3837760121926069,0.7654242783974426,0.46386119883007615,-0.6618800362227807,0.36725133291755024,-0.808991931364303,0.01875299627162285,-0.07141508665886216,0.5874876363558635,1.118964621271396,0.6446486381210981,0.5234862947424661,0.5781485602160099,0.7247636769431461,0.35485665742639605,-1.068002579560314,-0.08991562769423776,-0.48934018776024246,-0.4566353098710377,0.5407417421518332,-0.010847104269002952,0.6115742639820622,1.1298258430504742,0.15541326577011388,0.8375445571352274,-0.17318928145611096,-0.8923244044315711,1.936523899180306,1.4457696731748164,-0.0970071074851863,0.05951586819437581,-0.6635064570045947,-0.3703403805357061,0.05001132207428847,-0.709245198830515,2.009139367224582
TCGA-EY-A1GH,-0.2091350399526325,-0.07086589740825339,1.0441501232647983,-0.689076993093113,-1.4158716504969286,-0.4786708627901369,0.21154718822880508,0.1273754838585778,-0.7568742160636187,-1.0763687273971012,-0.011011994924283666,0.13788796065552422,0.90312349648173,-0.6569219315087539,0.4190898539926037,0.2531072150183716,0.23598233713207073,0.9143542894950253,0.034676042328211976,-0.21422984753387161,0.047060891183944874,-1.4192690526019143,-0.46690049171384823,-0.21600865910754685,0.3992665520637867,0.19327763864925634,0.19424770056022594,-1.8445275061709476,-0.2137513554195177,1.0388769463328027,0.9050280402904963,1.1476079700113142,0.05506344831033275,-1.8865985896215014,0.06003149752861444,0.5890657079506146,-0.6078029198558138,-2.110039934491529,0.09227680247388144,0.9232872921618922,1.6717128587548127,0.041940092688753865,-0.015394696846588863,-0.30446124904101696,0.11317776737943795,0.5290366900471518,0.24084961615940365,-0.7787594790596554,-1.497149947326789,-0.38659014072420955
TCGA-4E-A92E,-1.0166735409396632,1.0109150777118863,1.5394478483956346,1.619425322041856,0.24471306463116937,0.09958845251611503,1.25662352782059,0.591678251302591,-0.19335013411880506,1.0104166531574967,1.1479520344444283,-1.4077797435057722,-0.6565375424234191,0.939560821053887,0.6392121058363044,0.26015071255223393,-0.11721128367877921,-0.47135787288889386,0.41133452381898616,1.4899943215255265,0.5248514176615777,0.38496587538118676,1.3711097127408447,1.1260600511145185,1.3380897193331436,1.3783546860594627,1.560081375894338,0.4651522174747359,1.6063774263075055,0.387604112288421,0.1894579099908558,-0.6549014649810662,-1.0737951448342717,-0.5152468696379814,-0.005190122231894031,-2.067300281016983,0.4788586672205068,0.944463196523552,0.21773311657291028,0.6110933101115615,1.172496779316267,-0.5849710071746967,-0.24966536959472063,0.9661284200621156,0.9614600839540349,0.7335903854529264,0.7954250495351717,-0.1931390924704834,1.5483886031848826,0.4760242579840932
TCGA-AX-A3G4,1.0598694855975301,-0.9860492425540321,-0.15105306386975856,0.7571548595324472,1.1422136959906795,0.3802623768464502,0.09911211050033429,-0.325597176095815,0.6085275227731158,0.2956033041536273,-0.9635217062781224,0.13704492890354644,0.7232011703876771,1.4504539439887576,-0.3283978585998408,0.09781592619480416,0.020716988331772827,0.7840811704719934,-0.18968047196695217,0.3151125183346779,-1.029640557561159,-0.49632021027825757,-0.5452342209316307,-0.8948380983984167,-0.8570520545767504,-0.698360835186192,-0.8065285060768059,0.08322594923274518,-0.6495093844788734,1.075376023403595,-0.2666087981744109,0.1394168513322103,0.4824599908368851,1.2492397738647083,0.8904089598209121,-0.038102575143119696,-1.0367266625961218,0.03300431894928339,-0.4513318956982772,-0.4002424363532384,-0.9009212198665192,-1.0085481858661196,1.0122674435376204,0.4138982060586881,-1.023271040021523,-0.4463736647956862,0.9920394763217955,-0.14219230984306647,-0.03131606925561471,-0.1966914166917117
TCGA-AP-A0LF,-2.235080507494657,2.0733624630245346,-1.0621024287924723,-1.1505519398068638,-0.7491653844265176,0.21675980211691068,0.28523428685758334,-1.4200430781834295,2.0441853923326496,-0.7050396501996953,1.0903256713519711,0.3037976402304679,0.3078463384285117,-1.160102335346309,-2.1206858864596962,-0.7644512581781835,-1.590387420127215,0.22614542353222664,-1.2517388659038702,-2.5753008696624184,0.6032405072153585,0.09606658595575625,1.0786940057912535,1.6160817166852097,1.0217416285377667,0.24102669602483767,0.9600079892344543,-0.7436839061510815,-0.19161738233542927,0.3037755572001003,0.028584871630914933,-0.6957135814492491,0.12279622335045963,0.05718126564521531,-3.0168850284510094,-0.7286546100134736,1.084900874070145,-1.485383860290547,-1.8742425440845631,-0.17308619475034287,-1.1264377093321862,-0.748226027131728,0.14514160738485035,-1.2100755148174567,0.9739803377125879,0.9158010836073593,-1.1146991471469878,0.6848878380996721,-0.6875912174157496,-0.4238135591455986
TCGA-AJ-A2QM,-0.752994988695665,-1.535786699377208,-0.11263263050928843,-0.06569832012104283,-0.04008834455329151,0.4929498853153058,-1.142556726342141,-0.4585308634331064,0.3405452033986858,-0.7984490086539914,-0.8621862804692467,-0.7816847154338844,0.7262121282892083,0.3202542786794622,-0.33371671027291383,-0.3383230982880157,-0.6481204651896931,0.8317002001466824,0.7637783348565587,0.5316510854280687,0.7108569984028078,0.37488049329683615,-1.0266250936894061,-0.7888934355951465,-1.0083633537210475,0.5743787623031631,-0.20932951455568505,0.886972713803047,-0.8101974112542598,1.0713175443773286,-0.2868794382350316,-0.04091547913044761,-0.31675251481862765,0.1446400020818141,-1.5591263377461837,-1.395784047183253,-0.2862214144232704,-1.023275094472334,-0.5764644459645846,0.21804219513683273,0.5219918813611472,-0.5338961180622499,0.7744715928262604,0.0077005140737619404,-0.6795379034352865,-0.3012365022641167,0.22122876331376734,0.022411055647060783,0.1314194937916819,-0.5609650958135819
TCGA-E6-A8L9,-1.0979212488201737,0.4990980307171077,-1.2494589238562395,-0.11718015195308801,0.23459322958114168,0.34514603486612294,0.6457835346782989,-0.9635994473483573,-1.8149973769010415,1.0227810638900885,0.4455598303149791,0.0962476505979565,-0.10331632758798612,0.7400078706533093,-1.3714087643024715,-1.3751809538318993,-1.8536823118199681,-0.014536643958483964,-0.9565394186514314,0.016885548382726243,0.05511098822547488,-0.4314145522676882,0.3750919199673691,0.26294936366056043,0.12455389035508309,1.1500061433036879,0.8476483001790305,0.8712270730475232,0.8991618603889568,-0.21267259025443555,-0.3641361342110944,0.4028691226170235,0.4032339915380128,0.4631304976470368,0.6832234103905449,-0.9028415665776287,-0.7493256263869094,1.3322350730028238,-0.8647363964849464,0.03343679870223204,-0.3258796602120754,-0.9433061326823313,1.3672803260079125,0.9561145347669221,-0.3548828224457815,-0.36628846916122076,0.010244497662134353,-0.2788517371565877,0.44853846825314314,-1.188170768048892
TCGA-EY-A1GF,-0.3571609585698742,-0.02987794676951213,1.802727956308208,-0.2708501314846556,-1.918761061600044,-2.2935586735952613,0.10559309550809486,1.0624029322667026,-0.22484889225333035,-1.0416827615890103,-0.5230557116572047,-0.36666893359220654,0.03093680612625741,-0.16851876841128974,0.2364297868939815,-0.19163902708105265,0.9263430614194516,-0.02276435997782826,0.48028504968969454,-0.7711026750366813,1.3200145669368002,0.1502310650235916,-0.11480804853667886,-0.6691456664412625,0.04433155243671606,-1.206711623384235,-0.8624048752655322,-1.4957049927826225,-0.3479695921402186,-0.07461785089953123,0.7718693065517535,0.5520494791528748,-0.3422409169962188,-1.6569278764896866,-0.7065195256021188,-0.032069672756304665,-1.3616200073237124,-1.4237659623257843,1.0628447538784949,-0.5694483210565301,2.01288568956767,-0.4180985448669194,0.07540911202837673,-0.25242315725579484,0.32841093253514536,0.6805309326250544,0.38666376883819287,-0.7354250885738111,-0.9520169243802273,-0.30097111799934034
TCGA-AJ-A5DV,-0.2900155826560168,0.2741347867512154,0.383370320724219,-0.09082010479688027,-1.8356272781601484,-0.4034048323489161,0.7096369515453645,0.4916572542465353,-0.906562082622724,-0.26686301511544414,0.8913066621776791,-0.2724412240577164,0.2595163236618721,-0.9140281042285604,0.5695296183071068,0.5336159180683554,1.1698675168330421,0.2426482006691975,0.9345929110187391,-0.5501492959228839,0.8024831280676453,0.4240122850375678,0.08306496767956092,0.648882738429941,1.0577795622735338,0.33091955859703154,0.3785412339162624,-0.8135597092368828,0.08020667916676116,0.199658111473333,0.8043613266229319,0.44906134816183313,-0.46217677953870234,-1.8596857800739262,-0.5942399381270186,-0.35831041572218464,0.03694933590969659,-0.8367690731811488,0.8892400567176888,0.5854284722325255,1.525563551042031,1.3915837441438716,0.9953523253178987,-0.42774099443522734,0.950876605427659,0.4558795949883623,-0.06155875631549839,-0.1814147194493478,-0.7846969038526922,1.654308548277052
TCGA-AP-A1E0,-0.3567789008581445,-0.1650266137579253,0.7908079904499156,0.8686156291887728,0.05108379068425003,0.07591971289623275,1.0338823114691227,-0.8316285087645681,0.5514544489454644,-0.004825459385119293,-0.48236583308228065,0.7997379008712587,1.3730334907961852,0.9730181374374771,0.3079283389367405,0.5292712812980687,-0.3562437204603508,1.3089653596901878,1.00583093395408,0.6411066098511209,-0.9065352096746289,0.25366511368045935,0.5509740749656703,-0.40724792268606186,0.04964938323121621,-0.40740065393328834,-0.2577862396629192,-0.25581513616762647,-0.2260348356264494,1.1519595666232032,1.6262686109167572,1.4401429357766218,0.8329335901682362,-0.45600811249393325,1.173323261101399,0.14831548945259604,0.9954096380210002,0.823829795457562,0.0423979173601326,1.111745139334915,0.23790812495527677,-0.38467503952294246,0.6685604561851175,0.19005949285991663,0.032023395191693595,0.4681235056042063,0.16697272123335818,0.768003485138492,1.3429770748313872,-0.24885336420190934
TCGA-QS-A744,-1.2261089106469365,-1.3513672130521412,-0.05632593823412207,0.8298720437793966,0.31241293737868675,-0.9292247387291941,0.24385923879864235,-0.9152770298050382,0.7947755095318022,-0.13979613261325535,-1.111937874568381,-0.24212826867919812,0.6952420576762409,0.9781321554611014,-0.05770012199236129,0.015649801115384707,-1.3031272568720547,0.9632579915962796,0.2823939699176391,1.2343630407237207,-0.1851656538349657,1.0566116418911864,-0.5722424512467154,-0.7021784263521106,-0.21527202070760593,-1.3975332710476904,-1.3962908630252646,0.5987774611274539,-0.08911030691345893,1.3809044179837957,0.5897950477430526,0.5803004249665987,0.2709995800158924,0.11803425682914065,-0.056393396198373434,-1.4103679639027245,0.3148613876901458,-0.3504032661795897,-0.015739942827065177,0.24028104421441593,0.22551000799035817,-1.879480128342187,0.18664245375134467,1.7280292353917077,0.11032150272312302,0.5135024185334254,0.7260110105019392,-0.2670925964007162,1.1853404970845318,-1.2707267222116674
TCGA-D1-A161,-0.6190544129823172,-0.07921111206545381,0.4396990545030817,-0.439324617298952,-1.0111377046879784,-0.485112362613743,-0.8572265652894868,-0.21692931585011138,-0.3169008142736323,-0.5754361301232971,-0.15929184663446722,0.007532517580615625,-0.3635024047316795,-0.6575328266724728,0.32923081249512587,0.04015955683912289,0.48598227679857203,-0.2956310655805849,-0.4036877937935092,-0.4957959327885536,-0.9086995460950287,-1.3035978345590442,-0.8214870915020882,-0.06219921608505867,-0.5570279836364193,-0.06897799987509522,-0.11297391026194087,-1.2462176210676954,-0.812645097425892,-0.12417450377080891,-0.9222275341443363,-0.25691373202555806,-0.2542113391032955,-0.8343379731919405,0.3227110808289257,0.14731522042963138,-0.7896969810422871,0.9861812443650544,0.13121115887579757,-0.1768870852994569,0.48611369720514547,0.23132787165587587,-0.6454802938119752,-0.49273086000420707,-0.4789918257159834,-0.44039451703957344,0.05494637727775676,-1.3752493042983471,0.1759306499771248,0.266349197097936
TCGA-B5-A0K9,1.0584942628247906,0.3409308761505667,0.9512986076353359,0.09558226360868806,-0.29464178395790497,0.6755636521882283,0.32806963733451217,0.5051810195829941,0.0696452003495383,0.4237281115371261,0.7806518595830904,0.2294889152716509,0.2650547163242384,0.12061583721224213,0.9537692055793909,1.3457665765330202,0.6893033352834501,0.452885942773067,1.7657911314335724,-1.2651895341813277,0.9875783359855661,0.8834422597876141,-0.22054383311531686,0.5557724774584032,0.8751164321961061,0.29101344334044543,0.22216904903072804,-0.6074471418303956,0.31830507529951846,0.5016466747596227,1.1979233609240727,0.44083647432996415,0.26995121642910413,-0.2311494609055037,-0.9430095543784579,0.24754665736536344,0.45966679609614663,-0.8904478136550107,0.6146122026331784,1.3103360239352833,0.8146160558056988,0.2613013700295023,-0.5972455217155024,-0.7015566524265701,0.8141611256649466,0.8117323725466864,-1.1117226893106844,1.027584809680435,-1.5136390582108292,0.6254358941492868
TCGA-EY-A2ON,0.785353679806362,0.21976540323699714,-0.6031905872846828,-0.20366865901388678,0.10064197683208957,-0.1422325343821483,0.1409628663319207,-0.7347321688115246,0.720851010830776,0.9166674987976244,0.4346935729422165,0.10233878866772311,0.3535033478535366,-0.8918791877847343,-0.7277138310777209,-0.6449463682052189,0.7192688983096075,0.33109369454323384,0.792116773465404,-2.4173780644975285,0.9275373077814008,0.7013131220896154,0.12730486772490043,0.5063538268411218,0.4397432693533825,1.818288950039123,1.1958684239804118,0.28752776384631384,-0.06446997562605805,0.5904391062688809,0.4993359327842808,0.164025836581814,0.8710278505262309,-0.2912272127303776,-2.7444901093539165,0.09761902159952206,0.2177128630092644,0.6678004076181442,-0.14474205674094337,-0.5308256328681031,0.501016024739603,-0.25179410599807506,0.8909437763653826,-1.0345520961918755,-0.20400853445505673,1.3465208094389027,-0.3086586993878573,0.407194067944529,-1.6695258378736137,0.9586404163952972
TCGA-AX-A2HD,-0.9950271913511887,-0.19436463302091814,0.0043600938163768045,0.27732788583676854,0.5724457875321864,-0.46114069969644966,0.7115603698468115,0.48348946352543387,0.9321870717860847,-0.5610374928165084,-0.33754220127733564,-0.2721023835149687,0.5681965180820473,-0.23495962364399328,0.6773047289569418,-0.4692932220012429,-0.5299781385592148,0.8330373928430843,0.043111753208811644,0.753496163259961,0.4129928798016404,0.8182626307859212,-0.23789574180438303,0.03791284471709124,-0.022129737635417764,-0.42401213398802096,-0.3046428505941994,-0.185309353333166,-0.4453783705118038,1.4094878200219971,0.7809043410022293,-0.1224874841211638,0.030760780841271356,0.012779057761343651,-0.8712918030140536,-1.5396526469129552,0.9151193401470339,-0.19327289574614082,-0.1945986187404578,0.9176607927591651,0.03892235267771625,-1.0727072473134869,0.8901676167530973,1.0707948585865408,0.2978767316664059,0.8068046824239089,0.07193759357400119,0.7609404095080292,0.4072417276413004,0.3977188393563597
TCGA-EC-A24G,1.2363815128547284,0.6626556773964551,1.5825387862042946,1.357853363598912,0.9459542113225717,0.6718799710971637,0.9149668320258189,1.4079990054133116,0.9943839923079878,0.9092041755728566,0.813389117221512,-0.7034309765431949,-0.4518961022571058,1.0810057321979034,1.2541860908465696,1.0488877536528538,0.9901559699269278,-0.1371321991275817,1.4226571255763254,0.40012654690181454,0.3250332293825176,1.0371760511409205,0.9280901421639777,0.4232900377456266,0.4220935436269747,-0.09068391138163724,0.12921362319060695,-0.5374516197729545,0.5960432652264231,0.35002131840173845,0.890769051548768,-0.40127654805240576,-0.6667513705548598,0.27539671706570007,1.2116138879113616,0.28939011854049834,0.4521662231337128,-0.25579613065725004,0.6786731700157478,0.5243201039936558,1.0301003211653632,0.8691485116552671,0.5099340035037836,0.7099987661541952,0.3373129270751438,0.24667773044641828,0.6755449509161303,0.2504483283984914,0.10250885798279553,0.7772550392230648
TCGA-D1-A1NZ,-0.13115999172304393,0.49544168726896515,-0.15947584418049912,-0.2837356577175299,-0.626390164529225,0.08311751273169209,-0.6944625214679562,1.013210098637272,0.09991219744247994,0.07879310834033121,0.19081551236510066,-0.21760849187247358,-0.26377810445010447,-0.7019098151594263,-0.08475307185863101,0.07193121624311445,1.0608143280760625,-0.23027005140750473,-0.14655635519552004,-0.2453648467142486,-0.4222273068599986,-1.3074297585724461,-0.1810621095977584,0.21262232811781165,0.21702487844352475,0.8939968172345654,0.6084423917135138,-0.8212700924678336,0.06536921937851695,0.14318354992095647,-0.4263838199717317,-0.4046187790172731,-0.6439303633586257,-0.9634751911673421,0.36733716263111665,0.38590164521861836,-0.5098024556438288,-1.1836578168041332,1.612359286672798,0.20771657424204662,0.08950615748654508,0.4637449074010693,-0.10978253028741028,-0.718247832600283,-0.5030053638117743,-1.0519545463318496,-0.27324174292049497,-0.8279781537663986,-0.5349814491375664,0.7398011156373863
TCGA-A5-A7WJ,0.19308035915583066,-0.9290875201289431,0.6814131147549698,-1.1837574453038353,-1.1127768818380932,0.8246164352517878,-1.3132797877702926,0.1592562860760104,0.5611195416478144,-0.1824707467879985,-0.5144180543939441,0.3466665977612265,1.0972701049766223,-1.5698086594765768,-0.4254751948252788,0.4192396606699956,1.2930472054576692,1.2539887478791072,1.4781887466247385,-0.33206241072147114,0.496659201314863,-0.610065100751332,-0.7877961963540986,-1.0047608600349018,-0.6659960997576639,0.17790517642774903,-0.41639603286724897,0.6351210253216784,-0.38017009818460457,1.2338797639836268,1.1112694485013888,0.7128990997406871,0.2973126536336245,-1.782216586448081,-1.273514446634625,0.12138825892660651,-0.9133856065799885,1.2746500548002755,0.8041288189072189,0.07104945637543734,1.240674517595439,-0.16864512192369566,0.1640365165897505,-1.5404682518308521,-0.7027522065636091,1.0427154338902294,-0.9068926594886723,-0.23290487444985578,-0.14224020885379957,0.8690735397170617
TCGA-PG-A5BC,-0.606456374456176,-0.5588030486121187,0.7171181375377818,1.7393993479228782,0.6080994736124231,1.031791293153214,0.9565878292017009,-0.47100317941820413,1.4595791297909262,1.0420396321455427,0.6107167742405425,-0.45954208410751823,0.6477283016132716,1.492032513440214,0.49849934930533263,0.5097225493644029,-1.277138054277281,0.8927874730750172,0.2538951083015225,1.4044512251926082,0.19883023541614564,1.6442612510981551,0.8443328142463827,0.2973015942978407,0.12273258823315064,-0.7814995607763496,-0.6463352500292832,0.8125608149470047,0.7433096352613391,1.2227829603260811,0.48925004721952836,0.42387370087628723,-0.18595834589265522,0.9140133886797437,1.3484575567944013,-0.7253678061191203,-0.2121778524214919,-0.11877926543739524,-0.18313562170697864,0.4447616578257451,0.8953917824468627,-0.4593095855011374,1.2337067995515907,1.4236379251922051,1.6780899369578721,0.2045867156573029,1.1198054683635645,0.6055649671492461,-0.19368409671465078,-0.5649855323091763
TCGA-AJ-A3NG,-1.349817481081478,-1.4122759541320522,1.2546852146399563,-0.23887468082506375,-0.0666103951239698,-0.6517662526808009,-0.7870569945942939,-0.526111407225633,0.7676894876368305,-1.030301987316576,-1.375695351333037,0.15174731730296448,1.287456603240996,-0.019466015622954382,-0.01915398142039503,-0.2636219758423336,-0.00281960477063041,1.4992117997262135,0.07443918648442953,0.7739448687225067,-0.11559544651689664,0.06746673930099217,-1.0639361598123216,-1.6386584439638328,-1.1501568965791078,-1.6059531536764544,-1.6212768405094626,0.6573127825869006,-0.537557838586513,2.270576884088699,0.6997845056334736,0.9033817078462061,0.1772398055238121,-0.1032994675333349,-0.3139624745804562,-0.7644295678628639,-1.0956565206117033,2.2486867918181463,-0.12343618489921726,-0.022483413841337264,0.8946603207560541,-0.6128563764264964,1.8921550796835285,0.5042244981012084,-1.0220277849733657,0.2534009799959283,1.1203878507549296,0.03447084867334894,-0.11025951878364774,-1.184961551750936
TCGA-A5-A2K3,0.2556063629523183,3.986935928674471,-0.8062131605614117,0.23604272686687724,-0.47899394432066567,0.2840023021297514,1.9778314265274537,-0.8750010543790309,0.7962502077084773,0.3239661903055966,2.812580729195953,1.0084906779227414,0.49570615626769476,-0.5536353416293502,-1.539603351072528,-0.48277975887352004,-0.1684281894511205,0.11151490370350382,-0.3247534132373386,-1.5228872483289295,-0.25507440152371713,0.27181235636035617,3.3607291472714578,2.824352364598747,2.5575312270115695,1.7288117297857488,2.8065885774735415,-0.459517784763893,1.7117848395609794,-1.3890535591329005,0.69819951383426,0.5962227233513854,0.8629656363183511,-0.663853854736013,-0.14990264826555577,1.3686493669798092,0.7966115828772022,0.7765456273208399,-1.0013018600691086,1.3797772752708388,-0.993010969875213,2.2861210020357596,-0.9829295780874499,-0.984926519758136,1.3761970418462768,1.1312362699922054,-1.061576529471734,1.3765745144049206,-1.2014755830318136,-0.38835963633318366
TCGA-EY-A1GP,-1.156441333505393,0.03336082352036814,-0.21337815431438178,1.4779245862526444,1.3074058433008897,0.770236401236841,0.340613365940692,-1.0557609774488521,-0.7812605669808638,0.07605714432635509,0.43444822541692263,-0.4222641599755232,-0.16637396976031632,1.3601322607098385,-1.0027173996797032,-0.7360551247090495,-1.052924693636432,-0.13763342956203622,-0.5325655552363335,3.4538468512070937,0.6388752794968122,-0.049747443802229514,0.706990251175796,-0.1544548594839683,-0.08811239820631067,0.7491413045551517,0.6202689303000464,1.6658772417194283,1.297749520663333,0.15043775641481774,-0.3342065821468686,-0.3392370695570329,-0.6117044581082608,0.9442849733023068,0.5559943021453004,-1.3076102286174016,-0.01900507091020786,0.6851134665654666,-0.5722214351392044,-0.3413800810558604,0.24114308021384598,-0.9165877204136068,0.08364008435945461,1.5307296510692678,-0.5521390077131954,-0.4297949320209147,0.48287056639389214,0.07089711767402891,3.0201472929938404,-0.4210568737057132
TCGA-EY-A4KR,-0.7760703801576504,2.024382281666944,-0.10493217551290394,0.05340292806137951,0.9237159394065372,1.3879531192188856,1.095808392006425,-1.1521612450326766,-0.31013710101142017,0.6861472986445554,1.6553617754049224,0.24309456766375007,0.8237312078710504,0.7324847238402581,-0.1864917901202874,-0.141496015079616,-1.5076923537044258,0.9181853356588079,0.36757744511512547,-0.022865991040317783,-0.23068862475623964,0.631335065971252,1.4157709057114285,2.204227877101506,2.1769899248960534,1.2577572700715307,1.6549660515608011,-0.0960793513970695,1.3206149000656162,0.7185522256638097,0.5576373842299946,0.9467309653983854,0.6337469435274554,-0.4293548736721485,0.47639577070087824,-0.7605275773534,0.5075896189577566,-0.2187908246342362,-0.9595551304073324,0.952131642060244,0.8507065499970712,0.27298346789085853,0.17102761096905567,0.6592354543778363,1.382137079274703,1.1290016125224303,0.3358845187691982,0.6098978134527905,-1.2347972390083326,-0.5827610658477186
TCGA-AP-A05H,-0.8800180898521951,-2.006393524739352,-2.103727178339597,-1.6497746968541103,0.673500870620247,1.4303939799979917,-0.8924926933677807,-2.9803468589293627,1.5282424936771197,-0.37911225802208337,-1.7480446226749817,0.22856631885125256,-0.05378757398843256,1.0909727502220188,-0.3704776368921063,0.4475640257116987,-1.8975109212850716,-0.17663841430366234,0.3456076141329621,-0.6938414415166332,-2.0456745708322237,0.4193211301194391,-2.0597342950141355,-1.515134791417111,-1.940155686398941,0.12891553090299113,-0.6605355693118626,0.5167048516078694,-1.2342934957498266,-0.5368156892078481,-0.03855417494564637,-0.06643798383757275,1.0025577898559772,2.4019910658677373,-0.7904022785777693,-0.17184187256876485,0.592998299995471,-0.7908464410969146,-1.6704811642810329,-2.0473599715044406,-2.376691627930189,-0.3927364875090918,-0.37456441730208684,0.037622133279741454,-1.1209653924043406,0.2527264405239701,-0.9140562093379999,0.7259466867698531,0.46567898337810115,-1.3654278924792815
TCGA-B5-A0K2,1.2471537460644297,1.6958137617453632,1.0110686666011275,0.8681673951567425,-0.04292484156221964,0.6775818101903092,1.2890489155484917,1.1029162592329895,-0.024744664172912018,0.6940859759260614,1.6379342181427736,0.41794235423384835,-0.7251156477517021,0.379948584756562,0.9218563088667956,1.3300209385577808,1.6136274434060567,-0.8285884165569994,0.8191898952907465,-0.19829804815187071,-0.12469691644899189,0.43838444980014885,1.38056637336809,1.3234619228858824,1.4177778330947812,0.8673959406549658,1.0403228253232384,-0.8041952361760165,1.328526230335485,-1.9323749997871478,0.5989424493725386,0.19290144159648914,-0.9678290545219433,-0.6271317925754232,-0.06032967470193925,1.7415070531862251,0.8335699086167427,-0.25620036754191033,1.0576422659958173,0.2978184666543028,0.4917960668997096,1.5574914360576237,-0.787428591719176,-0.0736984541352267,0.5782594547959342,-0.09172073520224665,-0.20202632508508728,0.36016394520510175,-1.1665721172367352,0.8930007343952522
TCGA-BK-A56F,-0.39685333522666855,-0.05520400745629701,1.7746099126310098,1.6510620510708451,-0.03930861615610765,0.5648897396786533,0.15690553066548668,0.7499080398236643,-0.3643504212742951,0.19098149697989095,0.26233506805417917,-0.88011877125123,-0.3472593404108526,0.9124065945729937,0.7984684118074704,0.36979380117038896,-0.011488051829845242,-0.21446579757932002,-0.6782482265034773,1.108562522777366,-0.7856070439687398,-0.6396940886020481,0.01124856667379712,-0.2182317038785074,0.11062732195333243,-0.7539775570056685,-0.6314120157950442,0.2932350412537074,0.13412978738509534,0.32564282114267173,-0.37032500914870053,0.036486077509616376,-0.7787687302452653,-0.035310004160750516,-0.5030902433909079,-1.1219073685740746,-1.240295985439429,-0.06368325110378255,0.6298594549777067,0.17655216831590972,0.938969475937032,-0.6055289554918882,-0.06784429574446381,0.7076071985406172,-0.27234014492440706,-0.10524010147557958,0.9658208162237574,-1.4742464659155863,1.2509707646586503,-0.27336913448999745
TCGA-EY-A212,-0.8557300076355118,-0.5112003309789368,-0.5205048259870285,-0.7125436871712291,0.2348408473888199,0.9619694173072055,0.10245057492912395,-0.38045488361951046,0.11412329989510298,-0.23014103620916343,-0.6857550270164231,-0.018678415956254902,0.667216111419339,-0.6595433560624394,0.09400607030379712,-0.40351385500467335,-0.9325941891835058,0.8351632499623733,-0.0691012725498659,0.05271829275900098,0.921499697939988,0.09652820225526693,-0.5593150149923349,0.05828016926336931,-0.04459029041969137,0.47418467991273505,0.11274170570001298,1.3872036640283236,-0.4968899259397368,1.3899892401187384,-0.1421036535704307,0.6637570095575636,1.2153225135957297,-0.015883528853255995,0.18707252507630692,-0.4645021163742643,-0.2881858764584131,-0.5785606822856718,-0.40442574488534805,-1.1498387262187901,-0.11699492444945703,-1.0790299557035112,1.1914214083792372,0.28107460197605283,0.5303797598535679,0.1394284478757445,-0.18643843430887072,0.5888646229852781,-0.5406196252138896,-0.9914696440284657
TCGA-AJ-A23O,-0.04520731544010399,1.144863129529084,0.6697982056412307,1.4560152109519309,0.5373104959333693,0.33728376162689233,0.6321017645354109,0.2253921015739546,0.23915844592927768,0.6838457988276165,0.7449096734326505,0.00331765123182254,-0.07790309652713462,0.3331539559478045,-0.16721306697363883,0.3456297245762331,-0.7996426292443345,-0.0435459209553901,0.26165144002774166,-0.29092280349631944,0.23699456781871872,0.20321112584832132,0.5643189968543728,0.7168021432862063,0.7249067916732107,1.2423818371166453,1.2907957833648258,0.7315600814426736,0.7958106135905272,-0.1262775231894629,-0.0020841047605102123,-0.3790127547450441,-0.6046169151483248,0.39061263124276485,0.4768200763168913,-0.422654387955648,-0.05149327368235532,1.2627481691774587,0.8400028242908498,0.9432200274727943,0.19828394988970263,0.17996061228333576,-0.14156819475099033,0.4522673755892621,0.047133696434597985,0.31946878657543193,-0.32340738739186525,0.20941923116320532,0.09679609257815369,0.2215797597343311
TCGA-EY-A214,0.9232784485185025,0.5190702808779104,0.8748970806389882,0.703740286544435,0.35450858606876645,0.6824746712584165,0.9048497194197174,1.321768433676385,0.3459015810521962,0.8370209110609672,1.3887727309177522,-0.6524980501174635,-0.37421598411313467,0.053070631303623376,1.1857718832109587,0.7777158456629347,-0.13617632669077062,-0.2478224825214418,0.16479834544370625,-1.020304893936916,0.7786055373244768,0.4645772131922258,0.8600637629796917,1.327475767117165,1.5985231616535418,1.0833219252819326,1.0913988045422949,0.4267241776519385,0.8853155560943101,0.15982896125332566,-0.29349811989048075,-0.9057673435175866,-0.9262476044376254,-0.1009157911193824,1.274316435200889,-0.8047215729601428,-0.4071620897628922,-0.35773691627105575,0.7420920387362758,0.5406197036738435,0.7785399934455335,0.41036805904169793,0.12774977237135476,-0.07360899505893789,1.0411105725583145,-0.12369290913822671,-0.044245259158938774,-0.4619753313218939,-0.6914965505284866,0.5325984499901192
TCGA-B5-A0K0,-0.2825781532489279,0.9755470477811811,0.6902646649789826,1.4372431844576556,1.6264955828853025,0.3229569623974886,0.9466735331357274,0.6727779583201745,-0.07002726225392955,0.8929588407727351,1.4658526786424013,-1.1696102209552928,-1.109773987514007,1.3069849864761909,0.35897822174563754,0.29976167317213903,-0.10978940990982218,-0.9425027674901139,-0.8694552146389769,2.2918061526424336,-0.2648133924742683,-0.4510290479896711,1.6171759211603545,0.7443935433985281,0.8579749765690785,0.1964761205101337,0.579698441232679,0.6673982960443182,2.234345654147633,-0.5337158235510607,-0.5199604481249026,-0.8007844358030521,-1.3655433632108904,0.03821223438846578,1.7586559817796108,-0.9451355803895642,0.9485620582152541,1.685805491649255,0.46281782776105507,0.6551753185755874,0.7869781005255391,-0.8453221097913592,-0.21880064236174754,1.806018144111561,0.22578028719762866,-0.9199975385159915,1.0262966651545185,-0.5921604611345846,3.195955384874404,0.4828880155931517
TCGA-KP-A3W3,-0.357783244186149,0.8979079966729988,-0.9277721821208513,-0.6506198021605645,0.17795119839793616,0.30147657500603003,-0.04906665522573236,-0.12219715152929538,-0.7072811800134743,0.07352842480129923,0.19980262033928065,0.6404776607031425,0.2845001569527906,0.09229389974584108,-1.0533225230106558,-0.7714086708315904,-0.32738890092924433,0.17066657573802607,-0.597276237356574,-0.7467515205019415,-0.1188126911294766,-0.9091117033015724,-0.1112401175863415,0.9046881824816703,0.4392388838526497,1.8332142546401695,1.3182586199582655,0.7945105252456885,0.12576883556892368,-0.2728824854477757,-0.2752745587579339,0.5532419303508596,0.2232076441580972,-0.0281240092581754,-1.8465658190593361,0.33077159052786376,-0.44386732648844507,0.29589832698711305,0.3899245288671267,-0.5470758645853626,-0.013428943248639422,0.07979392435938494,0.2974222940065488,-0.23170033986787725,-0.5232114353586281,-0.4607579188374424,0.009778667594984768,0.39260529273680467,-1.2136032939210406,-0.48834120806196446
TCGA-D1-A16D,1.618259466844974,0.32597091231139996,1.2543521319227031,1.4762822445008474,0.5396392311609186,2.0485997295016167,0.7045282656754925,1.426250143046398,0.16348625110346157,2.180955511313648,1.6938424519277842,-0.8225386977627623,-1.6355540121944192,0.43564769964733085,1.8421665474778024,1.789341516359605,1.2895388661031244,-1.5636875407752653,0.875468144581011,0.21455095437060406,2.3691290025890317,0.7087289667695021,0.5625250117021395,0.7449990932140751,1.5024695435853326,0.09909696766246788,0.40135129426052935,1.1905414748061487,1.1404429387018318,-1.3363906456556416,-0.2148663994438524,-1.0508576774768807,-1.1279973323713612,-0.0774194431957366,0.9512626259442808,0.3724690884813745,1.7607274533763444,0.6269426671813076,1.0683108634058522,-0.18055102670806208,0.8890557078021477,1.1869709384093752,-0.8520846735922614,0.5322319069454083,0.7616363540056663,-0.636080592570427,0.5479185522279334,-0.16060963544883222,-0.3325992173411597,2.100455736354267
TCGA-B5-A0JZ,0.8081332496577197,1.7914051987062145,0.2718958053137753,-0.3288845931078348,0.3003301576390601,2.0489785553562103,0.4274621428528497,-0.07657881737891487,-0.4273997234101024,0.649156654022562,0.6953810234747286,0.824002151386189,0.5212732338129819,-0.23897372478943613,-0.8488918755983244,-0.2222929711131722,1.1940129844344562,0.43091504360192884,0.10885248832738023,-1.1998052175252827,-0.3880470228590043,-1.2161678753737328,0.8784052570485353,0.7019222240662931,0.5060266076199362,-0.0528164832767036,0.41511214720751144,0.11654625307693604,0.006911355127530218,0.2881928547257282,0.5618408594943708,0.3714891338792893,0.07326244848535,-0.2704635731135242,0.1587231688712044,0.41173598888457813,-0.5361586760759642,0.47097851273930064,0.06557901887924415,0.9914911014098242,0.07644396531155254,0.5387787862240315,0.17286878999775904,-0.7107890296312082,-0.634936042053887,0.1531771434104107,-0.9434694670607982,-0.30071281430365365,-0.658959681569553,0.7856824595406621
TCGA-AJ-A3EJ,0.2584337899464994,0.2856493316950615,-0.15165357144455538,0.7105856533943852,1.1703114044044562,0.5748619747501097,1.0518730074196863,-0.23213048231130842,-0.0670162724805382,1.1914341058005147,1.3626098326846474,-0.12600162188389286,0.31961893758291865,1.3828736395000651,0.6112132166099314,0.5652444069093613,-1.097554134827867,0.12260398385083192,0.9043470559655181,1.3182573559334951,1.3084090796666574,1.495002961574913,0.6829642784889104,0.34408420072791457,0.9978923042764903,1.5392779658307234,1.1981182000888215,0.6909556627621146,1.52607384350697,0.1834641620752311,0.28566794151903996,0.08499763649507285,0.23893863305698396,1.1934266392498125,0.7069352259747733,-0.8628823208181274,0.3579215509723813,-0.0005565198254683042,-0.749023517932249,1.037760052278511,0.8770690681484555,0.7058802540084007,0.22095117525333216,1.1796532580925811,0.3247861725281961,0.09302038001476041,0.9737323149091744,0.3309174160347858,-1.0901036731456395,-0.09373655322029469
TCGA-AJ-A3TW,-0.22296464135166014,1.5805189740100536,-1.3912321739242448,-1.2812578037113262,-1.0322138926995004,-2.1136948765657673,0.04416243622862192,-1.5464898219201073,0.41331921151972023,-1.0473245987714033,0.7549375127970618,1.8130426096817132,1.3663071561805678,-1.9201381814736111,-2.4050706210891346,-1.638856094852639,-0.9101288898130064,1.1834448441071619,-0.7569739585326128,-2.490375482579658,-1.3507356387770573,-1.3183511477430556,0.3232011950314165,1.5281019202444226,1.0476718155666158,0.6656103869519532,1.1227590176015463,-0.9457740926448424,-0.4300535017267633,0.07348055992098403,0.6643184593549453,1.5898087955024216,1.7728223260674283,-0.9136068221561243,-2.212994318835946,0.7877215028297958,-0.6859608885961048,-2.787554233561835,-1.1420424177255235,-0.29272300436282434,0.338821166944359,0.027973728784439218,1.2865892834147858,-1.3966651715127074,0.2908986859333762,1.1620041360193503,-1.8344140354729241,0.6751313419074678,-1.9926939200682694,-1.348787447380225
TCGA-D1-A3DG,-0.6236254096424549,-1.5773743163815874,-1.493058393019491,-0.6367002006914022,-0.2953584460439202,-0.0219849381046458,-1.4886511548176171,-0.1913532433605458,0.0721210625825647,-1.1957301023799447,-1.19725644505126,1.4221065020360495,1.3657163655127247,-0.5012744156515113,-0.41420804462595073,0.3846968532047025,-0.31320123458852084,1.1848278972648378,-0.1469919141104217,0.07953020252793853,-0.3742029540379446,-0.7326801671765566,-1.260857418254073,-1.1661153619443454,-1.2624552214772786,-0.46027436147818473,-0.9002644226521207,0.5759256489583442,-0.6657682215346244,0.9377773960116093,0.11973333733532088,0.8251015331874688,0.36886624418434527,-0.22762406442599925,-0.838670833108241,0.33428481333996707,0.25346530168641507,3.7915242647655294,0.685195853531562,0.04905160617349741,-0.5352812971322195,0.436304733222049,1.4042973450812055,-0.600111503158544,-1.4229528217528036,0.0884063317942301,-0.6346968552914157,0.736426419676181,0.28601029464680905,-0.3019325486154816
TCGA-EY-A1GO,-1.9294134594628642,-1.529073028078543,-0.07283321268425481,-1.6964328754916365,0.04961083613411479,-1.0149479841540467,-1.4083555777236114,-1.9422651669333486,0.41053591181788657,-1.6123338609617315,-1.442842903547032,0.9479962909214326,0.9948299491367565,-0.8509205413806554,-1.1033388283704404,-1.3010717927520214,-0.18144806337838681,0.9376566258702441,0.14151018826005196,0.07369956436809824,-1.0136314072930437,-1.3291978141904537,-1.6119785176755146,-1.7959140084808949,-1.5788625584554838,-1.4661650784812643,-1.52901780491304,0.11188426174261,-0.4630039292186285,0.858803798189451,0.2993898755567929,1.0254818766609568,0.5854004105984485,-0.2731778004978786,1.1707233510360988,0.1545999738860246,-1.1363904627208725,0.5101582538879464,-0.9797761454399551,0.5127585021100988,0.23105151986637987,-0.211385143230592,0.03569045326596417,0.11315097832647925,-0.9872210697568323,-0.27534085821315624,-0.9308668985801436,-0.5520817269142123,-0.33067608979619734,-2.050100683398269
TCGA-D1-A17S,-2.1110763599238047,-0.929859012397983,-1.6208959405170378,-1.1094987625564552,-1.7694660943447216,-2.463180594361052,-2.233502814715352,0.3040086007983016,-3.3653900913909385,-0.27881756393366613,-1.5303633459967352,-0.3666916196023906,-1.4301770487573477,-1.5017550125845187,-1.0076925875177607,-1.4597642772533592,-0.7192907829648287,-1.5308372929743856,-1.847078091756537,-0.3376441549694519,-3.0900376684794466,-2.76821185372188,-1.9280632671856228,-1.294294973177917,-1.967853289526297,-0.22919195128357905,-0.7771140039519797,-1.1811023616635663,-1.5055908646663814,-1.1555313494712844,-2.7658347828542595,-2.4491056928490766,-0.9652835040877411,-0.995880087937494,-2.2025093158537485,-1.516400456033377,-2.0689796912837934,-1.811867154783727,-0.3457993270243883,-2.355501757622321,-2.0204579503061346,-0.8492255692181003,-0.18898354153113,-1.4463551645966932,-2.0690980942282864,-2.215468415971963,-1.097797867512645,-3.1848123630408076,-0.20391260186740717,-0.16797531975431007
TCGA-D1-A17M,0.3929473854896402,0.010377924870322892,-0.028345341505876764,-0.15431788104910443,0.7149445242811273,1.003780149752507,1.1222802103449045,-0.30988148950796784,1.248288963412288,0.35243115668494585,0.8121475959225062,0.36940191699644553,0.3366082747509083,0.12766646393824382,0.9155155807162357,1.519835079438356,0.38750236980736036,0.35332895287565363,0.430380947153086,-0.8997161244864585,-0.3710262789625008,0.08096552333985162,0.703219308320858,0.24097534056813114,0.5922100261469968,0.8827552337046173,0.6977378934584644,-0.4154284797468701,0.5840396985533926,0.1536296064374825,0.5510880089737429,0.34527173099523667,0.11576808121765589,-0.7883303683184004,0.27173399012012095,0.14548268309684168,1.3949276202286556,-1.2533802321294345,0.5992896533176304,0.4920959350215662,0.040624080907916124,0.3675331452961454,-1.4069106986974127,0.42194370854581303,1.2971427122484596,0.18195994869142218,-0.12408094723607126,0.47756415300567734,1.201243273684835,0.0852623721866827
TCGA-D1-A0ZS,-0.16626063983683248,-0.7184478777682324,-0.2933934231262213,0.6974261342332855,1.0481437457081677,1.9560919331639186,0.2783411551833802,-0.35038172713781096,-0.3279062652748363,0.19564064483377264,-0.45673057238233056,0.3371926957150293,1.2895448145727861,0.6415403038064271,-1.0115879421491454,-0.6787003863211997,-0.6800687838417047,1.436753660030123,-0.12601588668931474,-0.7381468678281371,-1.7629272857098737,0.04472205297562136,-0.43493991514531544,-0.5090866038005718,-0.2062305562194946,-1.0578566004579046,-1.130078708693103,0.165771746404171,-0.54211011977502,1.43362633302586,0.6827965143009943,1.3414937204173658,0.7751060530652814,0.4496795229724647,-0.10393990512365983,-0.07321258057781115,1.9557249303222985,-0.883363840136215,0.6106677393638354,0.5362459579159435,0.16431022197133624,-0.18099864620822534,-0.5508685744714689,0.8082671772354347,-0.019219872370146995,0.36310496013518667,-0.0770368803228004,0.030445973429157325,0.10928219121710564,-1.0653145144493004
TCGA-AX-A3FX,0.34850150730506363,0.21320737254312,-0.25569605590398004,-0.4321094779265054,-0.5093096065490171,-0.9876870989931256,0.3193139450433591,0.06302302038383623,0.0820478291950901,-0.25374726840978257,-0.07983305542001207,0.5964021828146703,0.6855482427591898,0.22832002355252845,-0.934762142206052,-0.7165900113342492,0.5165663011060248,0.7343843926534026,-0.3250107957640171,-1.2543917460158274,-1.0429967509905893,0.16713493370098462,-0.11900983662161375,0.4296605931972874,-0.19620305324312387,-0.05481237043662958,-0.1851995762058355,0.24291273497768484,-0.4741464533397313,0.5062343443870843,0.05896034440020143,0.031535643326203684,0.2092688568980972,0.2980085253737891,-0.4191793086184814,0.19758819813755463,-0.6592270416343277,0.0005659268591317536,0.10274647879635415,0.5510155502215051,-1.1557707596470388,0.6075628586104969,1.312372151535824,0.2512856654309217,0.09556919894998586,-0.28920097162840613,-0.06474246479501473,1.2736876333734837,-0.6739661134004383,0.588252392572717
TCGA-D1-A17C,0.17441349351689564,0.07787716363441805,-0.8260023873723041,1.3122250699264508,2.363025445112223,1.692556101775971,0.21058046205333372,0.36613324329551555,-0.11247432675639754,1.14795510454892,0.34074325725178933,-0.9554770485385752,-1.7545768641094919,1.935150150772839,1.3863235720709612,1.3483631584202556,-0.3856070572706369,-1.7519419264571043,-0.341432414554054,1.551986858340814,0.3346743767483098,0.578248285263581,0.9578639891057291,0.22502288281834945,0.39458641334590294,-0.42024345780051536,-0.21246987770480313,1.2756038284645281,1.4002058129826225,-1.6256940260112527,-1.6523949289963764,-2.2545360619282198,-0.7348086881589521,1.999174683202098,2.386699899398507,-1.1967430953487432,0.9014846741571368,0.5632618121006655,-0.16463002121863793,-1.5876261926708233,-2.469427865517368,0.26216137817559565,-1.3915889115254532,0.6693872467230473,0.5953006703776708,-1.3308731298367869,0.6979889391820476,0.5542880533672266,2.593382132190308,1.1676085129350557
TCGA-D1-A174,-0.26220850721772876,1.2787651569131882,-1.4843126841725502,-0.7609067094858468,0.8631717534471078,1.9715306581733003,-0.0730954934409354,0.7928093697801801,-0.08602349853732666,0.16656005616396113,0.30456991477643025,0.08732496453083778,-0.7666697360492354,0.5210832168995098,1.2041847720565737,1.0189773376908504,0.2612040835291305,-0.8370704917035244,-0.31782895533476835,0.33075445470747056,-1.0263106663365171,-1.160251795807541,0.1784821827345249,0.3539278192572483,0.4715765659617951,0.09970538077583566,0.3611388718568713,0.1958072213629561,-0.11503516454213754,-1.0422256512516832,-1.488303658706762,-1.6257067192955346,0.16914006820794525,0.5732593801694466,1.4842305856302598,-0.1385673663557054,-0.3423836374502819,-0.6760945403640687,0.3494342546449754,-0.9318858866286366,-2.5832535810606183,0.5569638490056978,-2.3218824003733918,-1.4649384155641565,-0.6845277971576996,-1.242532536041876,-0.9848267070371564,-0.4554995015037381,0.9961131650678546,0.8956555365603173
TCGA-DF-A2KV,-0.626707602040583,0.5894806577186393,-0.9202309805560265,-0.5473794406325025,-0.9454625642548777,0.48939971376374525,-0.044350967173328384,-0.025054163138611217,-0.1735713712549814,-0.8025503929176664,0.01454141863210129,1.0779809408520575,0.3127875665433568,-1.067731152685228,-0.5761166576759786,-0.11348639649131505,0.3503521292155927,0.19862455644372534,0.4504142422407447,-1.3378312334175035,-2.0317758801066046,-0.43486916099375056,-0.35615462390176283,0.9679626606503378,1.0219991117822416,0.7124733609199165,0.6399029932308784,-1.3186111565555236,-0.5106432675498377,-0.952819766784923,0.35547599486495046,0.3808695286043406,0.35775693245132256,-1.168215650393343,-0.057305330198018596,0.9444288558224982,0.3320542276690822,-1.299860908995998,-0.26172843674878904,-0.501297385422513,-0.9444862694209132,0.783108608583757,-0.828753049624493,-1.4427562548224369,0.5325602407158849,-0.028644078048682246,-1.4552360594673348,0.8677253438305857,-1.5836556311617682,0.18188077537173084
TCGA-D1-A17A,1.7080701468099435,0.03151191386766464,0.10181468847772583,0.8067975992608516,0.8062749399904567,-0.29347422592988726,1.164228804249429,0.007147364637181834,1.3540703675364518,1.0386854363190623,0.13414418811995538,0.11575632971756628,-1.666123834733915,0.6023185690956147,0.7659898252379509,0.7685135502692124,-0.11619993310734288,-1.5746701197973705,0.7698070202862144,-0.538612275218282,0.8963973662434347,1.4022845987109391,0.5481925852485535,0.6447835379870881,0.6206806546987684,0.29485552308534185,0.2569459671900792,0.36962384771385925,0.5485908629461729,-1.637520095700347,0.23568091659432922,-0.8750449395993718,-0.2975203898256183,1.114806499008857,-0.43249328498513345,0.920250727843026,2.2056804085315465,0.34632084613790853,0.6083989659458413,-0.27803325999167483,-0.0065189694946541235,0.9951802895757642,-1.2695636665229142,-0.10092435425077406,1.4042438957953067,0.952150815622259,-0.11246603487424361,1.6085899510561714,-0.2182200445728582,1.1872013026263046
TCGA-PG-A916,0.6029889315495999,-0.25167218678268605,0.7062640432881537,0.33357303871775423,-1.564952557955914,-1.214205572585754,-0.1673278837254519,1.207455584182162,-0.1390700417489779,-0.4415377247361068,0.054285441661061036,-0.42525706453981454,-0.6460839396477704,-0.3642931229088296,1.115229674669819,0.9294520601944402,0.4378430633551288,-0.6667675659136775,0.2940734583952071,-0.048161036160900846,0.10728973203233051,0.7358137974581987,0.04281311175043241,-0.42162203749479044,-0.06017414212900419,-0.16177002608610833,-0.22260439017245884,-1.1554047978738327,-0.42901584093850853,-0.8172394577891052,0.3753330690767833,-0.35148981996278,-1.0775078828006197,-0.8952147718296604,-1.1176747347283684,0.37534373820287165,-0.4259260749410874,-1.0894999010677178,0.7128147192657858,0.5951213684230233,0.7568842594362863,0.2398926678815013,1.0386637979082325,-0.033315717564871526,0.41461178359193746,0.5958406103675151,0.0820053333821643,-0.3230142859968472,-0.8475663574058956,0.39445897899212584
TCGA-D1-A0ZP,-0.6469108723383062,-0.33505118545195883,0.34923525054392235,-0.0005941064908737683,1.1245341164396634,1.7408064060593784,-0.058559714373385544,-0.03348656417183139,-0.022221716320655796,0.9019139546402095,0.27845845621518184,-0.559051343360616,0.8044889363470933,0.5060176224350759,0.7613084778609606,0.35625281569331596,-0.43772107146248135,1.0206527318442091,-0.032407528273118776,2.1590708204174147,-0.373603530656681,-0.3148676992239195,0.3854578650847392,-0.46279881424798147,0.017514676153410198,0.14594178660060544,-0.21445808245065695,1.3699080158290395,0.7597465017304614,1.897668594702499,0.004454956521410126,0.5349269095173946,1.0479709390020127,0.3928979537849703,0.47150932560840764,-0.742678106713876,-0.42154217283539586,0.7433825121177897,0.11056149892719162,-0.17198315833867092,0.03179524826801481,-0.8757269505062549,2.1061576649659477,1.0133095615579195,-0.08046892728642567,0.295365272773029,0.39320726595362865,0.6004827575268613,-0.2270540714564251,0.2385005234871511
TCGA-BG-A0M3,-0.04213862263527117,-0.811661468213303,-0.6430355556488955,-1.062428845657319,-1.096387627646179,0.42099078685836544,-1.401201344773357,-0.15532620660272262,-0.751993485370815,-0.8666834663583989,-0.7395380504398938,0.6799045309665223,0.11424091612600962,-1.4227701382976943,-0.38172815918688796,-0.03233275589368024,0.7846814973175374,-0.024597056114473288,0.5492369565395792,-1.1568597464423769,-0.6292318914024838,-1.4185734353728776,-0.6517352592602933,-1.0329790065214515,-0.839249382505919,-0.6393613795936498,-0.9058075235804596,-0.9788482260588529,-1.2054144733858658,-0.26486859348621455,-0.2653019699950263,0.17353060645725144,0.22053020353768346,-1.528979036208515,-0.38959294830108027,0.5957823391973123,-0.5900949232781348,-1.165893052470058,0.48223874156691054,-0.940308067117768,-0.16728976442716453,-0.2578232586536045,-0.7000580335631247,-0.7953726659003564,-0.742309352029874,0.45279229390611525,-0.7156055765979565,-1.1989524822904647,0.3044947383925647,-0.47563980308356496
TCGA-B5-A3FB,-0.7984178601353348,0.18999573564022904,-0.10933452525644012,-0.8944282358181741,-0.9467601324693322,-0.6702919846255389,-0.27322925075860227,0.417945034545738,-0.44325176586411524,-1.6849349325376053,-0.6759945243064073,0.706495635279059,0.5494646138517432,-1.3290232678971934,0.20913066487230156,-0.12119343029701142,0.007939339706593045,0.40805678644143417,0.21955497390907308,-0.8666218129278336,-0.6831732931850358,-0.3019980666972956,-0.24378889201429066,0.09992717455086585,0.23135988706558244,-0.10157442888064375,-0.05643674210012272,-0.3590055487806918,-0.644926364926593,0.27661922097475417,0.6366155385233295,1.1378183911207984,1.2410917788203006,-0.9621212809640057,-0.8435592452563907,0.38299154851683154,0.2630209400390422,-0.6555113334471837,0.6420032073605266,0.4199778910457133,0.09389345152922332,0.44009456385549245,-0.024215078900107753,-0.7205094730938604,0.06342833349049784,1.3117301733547377,-0.39739053228186727,0.24900536260155337,0.21856495592042094,-0.8983936030686938
TCGA-B5-A11V,0.7210650637911213,-0.6638391436747524,0.9358165135719385,1.252541467698907,0.739425678517614,0.35925965273321114,-0.18879323320623087,0.15869857993226746,-0.7350061505081928,0.8071462958756505,0.24292453917341864,0.13754215285799296,-0.5022642248087973,0.6905929436456474,1.0429651356326977,0.7226969426167323,0.6811681728154967,-0.5341402008226782,1.0040267455831482,0.9949724957403674,0.5046950239487475,0.3257846720791304,0.28031122143329634,-0.8554625140186635,-0.30915520522917134,-1.1351060243217606,-0.9181550711293522,1.0158968396191583,-0.0425825114296387,-0.6826467541470397,0.2515698621885265,0.1979265050736407,0.31749116374174147,-0.12835321724657933,1.0013539242533718,0.36890122098524075,1.0871460899024004,0.4775841652769663,0.6996490781459918,0.829618697645534,0.25835522579837206,-0.15467991878008586,0.21066496030594162,0.498715119239401,-0.21249786948306038,0.696842724845805,0.25943355296290127,-0.08894452887715071,2.1403475500882716,0.4346752475681949
TCGA-AP-A1DH,-0.17581902990162054,1.423746115137233,-0.658387039592579,-0.9149737716593943,-0.2861296003804998,-1.0849881195280004,-0.011202013308835917,-0.3696695109618053,-0.5099122884773946,-0.37533002415490896,-0.47598734569258594,1.3992833928591077,0.9134401281674105,-0.5991925717560679,-1.3517781475600703,-0.8838268004623623,-0.7819038110486372,0.8971335555191009,0.14087490403783987,-0.26014129495907024,-0.9207187403792563,-0.30263716863757845,0.20331607532090967,0.497478998938461,0.33392884559322744,-0.37562218394158825,0.12800281197934743,-0.4464112364496384,-0.7315450902660153,0.3659790480101858,0.6395981435465715,0.6715432155258524,0.48582659011962254,-0.5195515068451864,-0.7712360311193011,0.8315205641479174,-0.4389169173538015,-0.23476492456433376,-0.4173561052493434,1.4155403458561848,-1.0395493491618621,0.2098246131778787,-0.19993272276361965,-0.7106850763749365,-0.13727105342476176,-0.3016587482079799,-1.1936522943478756,-0.3576464138963594,-0.6396481656471373,-0.10105459241389374
TCGA-A5-A0GG,1.4072753291919011,0.17911534634176493,-0.08542981868654076,0.3860390877791299,1.2190286280714144,1.2845992413665768,0.34173484010739164,1.0320022263625195,0.12320236248522426,0.6362737906324913,0.08670487599089188,0.7233058094317281,0.5347724388688807,0.49795341718861963,-0.281505569229688,0.21376409734776264,0.6666144655986215,0.5337824473157641,-0.01804794176134773,0.20642930845339236,-0.6378834348250071,-0.6919633110899689,0.13197433059255076,0.00652122149721061,-0.4148372161081182,0.24058873143737372,0.047332583441319145,0.708311716969423,0.03948971629068214,0.751749803066155,0.18774393147273194,0.44777031624350394,0.3341517490666392,1.080009122655611,0.44796445050094746,1.1009590059199326,0.2639522130516773,0.9886750534064402,1.1409719926282613,-0.040712099148040436,-0.5028948418262321,0.2533275162593041,1.5616213891685111,0.06570517858050193,-0.7383005177856908,-0.26835255960874893,-0.15244273660208602,1.0710857936214127,-0.035011831523471135,0.5749402663025138
TCGA-AX-A2HA,0.41562848703844946,0.7493290289477633,2.1132457541948533,0.8437817477049919,-0.3607402237562844,0.36484746895780873,2.0024999656978464,0.37947272345203664,2.6948584517515646,0.3946843772075377,0.8204867218055865,-0.8814274143086221,-0.344436942325229,-0.20411455342839088,1.4295355335525572,1.6095380630404987,0.4428224854077662,-0.07677629028005438,0.7045143952652064,1.163310581141748,0.8852370841119481,1.6360536387534592,1.4759251283047738,1.275375506148427,1.294892036238329,0.7903202493130875,0.9854840524228212,0.7725435033378256,0.4747784954807506,-0.24483546681329182,1.2403785351194254,-0.40080818518412437,-0.1842814969878523,-0.2973841139473712,0.5293903993916911,0.006876901498751825,1.5849461580090376,1.672154581473156,0.3321967854678681,1.4152469103822711,0.20812156339216742,0.16551451843664203,0.981204731199015,1.0446537955256354,2.4849997746924215,1.0895203625919467,0.11224253173405917,1.818356972101652,0.4507548795614194,0.5229390795767036
TCGA-AP-A1DM,0.39103384278362635,-0.3016649870338685,0.12944736317114347,1.0281961184082256,0.3439782077473456,1.2317604989520154,0.6958076149450102,-0.5954020873632224,1.1720368353340698,0.3207595730734703,-0.8709142071181565,0.26051405501235253,0.33678740465099327,0.6914659573323294,0.23650450818543708,0.3371524324135478,0.07889771936335652,0.3290248179629255,1.4376641312444143,0.08493942956564898,-0.23824573253485076,1.528490944976225,0.24920459554801924,-0.6734794208102188,-0.03961463942240363,-1.3662803390619533,-1.0535535702967023,-0.028392576292563185,0.3510440068940076,0.13764038243236082,0.2733158873003244,0.294273628210611,0.33218505365255113,0.39655777116680563,0.26672916170727534,0.4100674461487749,0.6902077619062756,0.5979975278035241,-0.3003567991816225,0.5983265877480584,-0.3185453435244534,0.3931224581682387,-0.5887012349389211,0.8045960712528205,0.42823894915530064,0.5483895664566778,0.020975525132723757,0.25084048755341504,0.49757013516806364,0.47290276791688146
TCGA-B5-A0K4,3.0936028196673124,-1.194249321402382,-1.3888575163642085,-0.14528675440295605,-0.6732132799088067,-0.350352741418652,-0.7346448853832475,1.6034646596728435,1.606638832632752,-0.9966414568597021,-0.7692801798247406,0.7968712728418268,-0.847843371577836,-0.8771898187908368,-0.11388062211686534,-0.04451979623199272,2.2420937599761435,-1.0518489833563494,0.5283693508209486,-0.8787997054083003,1.9516578482114177,0.7702569261346676,-1.1565687301792966,-1.5856152235578649,-1.0279015766630926,-0.08772548711672616,-0.4434614079732974,-0.9054129149413636,-0.88284444185723,-1.6049093935949512,-0.06713309369388225,-0.6930753309873334,-0.09555287562191606,1.2275198363855746,-1.261938095761349,1.5627689064958672,-0.16978870003381566,-1.0189487423086045,1.6271810820627317,-1.4988310531428721,-1.0675914781384757,1.702288970392584,-0.3658013158558893,-0.8849646166736606,-0.7771582476260036,0.1003788412913479,-0.9375956594991269,1.3900186215387125,0.4275770482942751,0.8812234447776295
TCGA-D1-A0ZQ,1.436071117924111,-0.6402795678518124,1.1925112447106059,1.0377545997160027,1.0055303868905923,0.7961539218330824,-0.3153977906734021,1.3970499773647256,0.16195937885489667,0.30332911434827436,-0.29112544741936547,-0.2793268562575653,0.09076077543421386,0.8281089861556116,0.5005689755084134,0.5171300070936261,0.7031242544452024,0.0799808488677875,0.059918911439114944,-0.0975737362522298,0.6841092614448842,-0.24745051782238933,-0.17378083824622864,-0.7134073767153705,-0.6320118303954163,-0.9900630518443522,-0.8584501241586397,-0.11778123601499425,0.2772875489463902,0.7532624260719287,-0.12357941067908844,-0.4909834530836369,-0.4012966451068784,1.3796685599313867,0.7065330053081106,0.3167988525397498,-0.6459875597505604,0.8769359304563532,0.7080777387832973,-0.6609646098971286,0.6859613506181568,0.5260066795216739,0.6171179797602728,0.45213483072316263,-0.6736052199955415,-0.30348722918034976,1.0133699823746538,0.05451094399337091,0.15567076808569635,0.5755647715768498
TCGA-AX-A1CN,-0.08247142116379824,-1.0889395063514056,0.692825905431818,0.42590609208151164,0.6428167134707194,-0.2561866412920687,0.3721534647662224,-0.7578477151956194,0.7263423564303453,-1.4576717218601767,-0.37682152108983835,-0.3088106421758125,1.1025652925474432,0.828060835964026,0.2548662468130499,0.06668353149643656,-0.7285982704213784,1.1563955175406433,0.3770719681208715,0.8889405767707371,-0.25067563526849806,0.3888908911693613,0.24316562511333734,-0.7951615389799495,-0.5864766999158798,-0.8189215619989715,-1.023694157796386,0.7674504467296069,0.9962351554823933,1.3380086614629267,0.950741227848602,0.9409392428476284,0.5936731392046009,-0.8130507318746062,1.8465820419146601,0.05712196667684972,0.9691867418428743,1.1710537833478742,-0.6592853723728535,0.7740385102166818,0.50191485969205,-1.2336583764730684,1.0553007496371478,1.1240399477181053,0.30322194434623606,0.5648577706934124,0.15626913075655513,1.0588414942805526,1.9725033792117646,-0.5947691102078578
TCGA-B5-A11I,-0.028714476663771932,1.5668251726856914,-0.4262042848787084,-1.3896922923916932,-0.15042919959790937,-0.43846772467369494,0.42338211315669333,-0.5887453075851207,-0.9454879593355678,0.06177088085375357,1.180331981160065,0.5509974546600501,1.0500118958911906,-0.9944627414186917,-0.25534718868502104,-0.9496955835176524,-0.8541855867337889,0.8648454260010516,-0.8886824535091691,-0.6733682642128003,0.8330332189237332,-1.0544319745097972,0.23917666938094978,1.4877383565428253,1.596942410463696,2.2068740178611335,2.153314830596453,0.45411653766808846,0.8015535482802213,1.1448413325820346,0.25072606060441255,1.0993742149821304,1.218637446757093,-0.73509249461376,-1.383770718971156,-0.13545675631617005,-0.3206494168108776,-0.7465991885178921,-0.42388188559821877,0.2663289491659448,0.4725512245452215,0.026506296379239996,0.11523316427565118,-0.481333605739927,0.5555422293400457,0.5471920271380373,-0.9314909091970359,0.38394626159192674,-1.2035189019843724,-0.4206573791898156
TCGA-KP-A3VZ,-1.4511050789631734,-1.505423141987203,-0.6260836328669166,-2.268434945172533,-0.9784292266314409,-0.7902862702845284,-1.035178052855174,-0.8385020965546807,-1.7991400070816217,-0.8478580659956665,-1.3222813235512783,1.4199180997222678,1.6125346875350859,-1.2057749733523502,-1.69529604595363,-0.7993359373803081,-0.9293078077351431,1.2335594155941634,-0.9833517637263308,0.20416222881573112,-0.14271840726013732,-0.8322209018718982,-1.6286966701034544,-1.2111030214950003,-1.394412356060686,-0.26227487368737956,-0.8994475286974849,1.478498778522603,-1.4045477629814678,1.1275246143591375,-0.22849812449550455,1.597115337326432,1.5079489151690433,-0.09873536619184947,-0.20428513189375233,0.2967332158478201,-1.0978602362322196,-0.16405514736715343,-0.5429803234029269,-1.0054765396439114,-0.6262273305394748,-1.3093781205546358,2.3985686814649827,-0.935878071781078,-0.9031097883719145,0.1774908382272227,-0.7082331166998949,0.10995041910381352,-1.0627146689891769,-1.154956053784322
TCGA-D1-A17U,0.8414796798703678,0.057920309386299634,0.7181354244365323,0.1741727173908062,0.12877867327296358,0.685461193615358,1.1802943329882791,0.521215459822239,0.5223005948876469,0.6893932531880622,0.35255283690875744,-0.304108299633429,-0.4017494292695132,0.5840299414898161,1.8213797546561044,1.4469509344700502,1.6979316381695448,-0.2642780460941329,1.6286829657691093,0.46162137720731233,1.2015251415603116,1.0812502282307748,0.34281113185662837,-0.1491631839378972,0.36463806029724055,-0.9329662374789847,-0.6661649438423011,0.053950109197896313,0.5363047145378479,-0.15363053506905464,0.9323675318741174,-0.1737963929416288,0.24556584447008878,-0.001963103434928908,0.5783965345846881,0.2559424807065246,1.5692701366157402,0.21941193932980121,0.8753644752124352,0.5711545732154651,0.40857420860781896,1.9248796832759418,-0.8636890001051403,0.4242099225333918,0.8155730587160455,0.693061976015996,0.25500144808395175,0.5919096846077438,0.5517819349727975,2.6875089899260685
TCGA-BK-A13C,1.6918714654167277,-1.6710037115518253,1.0306571675001566,-0.266613243459238,-1.577216576964584,-1.5649500649847783,-1.5361801027113429,0.8371586490066361,0.250674690195572,-1.9352116574661902,-1.3198800519921043,-0.7238319911562927,-0.841135902838847,-1.252918282334254,-0.4248720375879021,-0.9377539293208494,0.2719473184053132,-0.8831101998764784,-0.9140442372668772,-1.4344196488597123,0.25107599205778974,-0.8922844693834028,-2.1198291026180263,-1.7778426632628077,-1.7109659483243043,-1.2908617643821494,-1.3211958605794116,-2.289343054371064,-1.388040525507219,-0.06510744843085671,-0.7236693821902088,-0.8325626469904758,-0.9711952370821144,-0.7999974858117984,-0.8886129600131686,0.2661694357266171,-1.5564561258759007,-2.180006172377136,1.5753356475750395,-1.5890483942076865,0.41590282282584967,0.24435426721690262,0.1946385138571205,-1.0757313303842513,-1.6477854771682023,-1.6848604650655408,0.006596640932820934,-0.9774104908011813,0.23265594824919159,-0.3629130098567742
TCGA-BS-A0TD,-0.13968612168408853,-0.06552700761199601,-0.9404569701798008,0.060655025159737905,-0.6748585660643074,0.33470403971242874,0.6886517013977035,-0.40291202270368437,0.36396549365054875,0.47580215478391447,0.114455673904765,0.3926775082157163,-0.24902994392713065,-0.1672811776852833,0.25570374865171647,0.40473010536770904,0.10779842488050392,-0.36689367032598263,0.4803320512766034,0.044627217172195414,0.2158778773519039,0.1488684143342691,0.669788004652496,0.7776716982070481,0.5565782470756067,0.396459327965427,0.47475567741650765,-0.6055865902462182,0.28725910822065975,-0.569508426386391,-0.166681133578408,-0.3991434686053388,-0.45511505911892425,-0.5029191539397597,0.7757909548518724,0.5801767583271522,1.4279573014839442,-0.5608811433464427,0.3228187983768573,-0.3718384574981393,-0.9272739702226266,0.5676053626774071,0.3024622280735979,0.03270408393200056,1.3704903858627207,0.21219923411423103,-0.64280975690819,0.2553882999721066,-0.8694483744545299,0.9011964711228648
TCGA-EO-A3L0,-0.36808503300067713,-0.5810394593636463,0.767166812494608,-0.33832597303735384,0.08396308449392635,-0.3724369066312375,0.3628620665071266,0.12041049135216658,0.2679934963428084,-0.8614249048005085,-0.38999256022931933,0.46612908122557684,0.8861139835211237,0.26900808070082627,0.5788639101486773,0.9459519587264184,0.23358481530753528,0.9115786966717201,0.1977389347570765,0.353996351524737,-1.095943144966189,-0.40316769895722954,-0.045305807558194,0.10621784145870893,-0.18801900924187376,0.701755433962996,0.3572104550944764,-0.4819549976118053,-0.9502213962901007,0.21775005889900348,0.5417474916585676,0.7469468371600186,0.07223539132110844,-0.037699776906430095,-0.7460774036538853,0.3413926910673248,-0.8245337033892148,0.828752240892834,0.5006414812850174,0.6648034241584222,0.09459236019087694,0.25837677911771834,0.4931374753914224,-0.016100708011331562,-0.31814698830478855,0.4016255867859824,-0.2959654564115064,1.3457220044365872,-0.35081801270730895,-0.14385375213337087
TCGA-AX-A05S,0.8305035796778796,0.376608941337523,0.10156211218353554,1.497454569122207,0.6192079996657045,0.9982644932634885,0.8615702809919575,0.27215678477210575,0.3640403856700298,1.1230240849509978,0.8822190033439279,-0.7189051170896797,-0.6377977945034288,0.7450341672664604,0.7182870983332922,0.9513909535446883,0.5690147381917376,-0.5276673333574445,0.9947105040400315,0.22434168755412903,0.1927370802539026,1.6915426329101328,0.4584496849312201,1.134634657675508,1.2379797093054972,0.825472360393799,0.8468959650519268,0.2854509274249299,1.5616337269690208,-0.15480066332041248,0.1308980747840095,-0.6251222696102245,-0.26634307920612593,0.06899125678259999,-0.30797859188242876,0.16874107947302058,1.4580826318820577,-0.499046054134628,0.6880722730522851,0.39622260986490154,-0.12818049180057,0.6860614189186377,-0.928742462048398,0.9300211924674331,0.8932464139310355,0.14619304651504386,0.2929840582159518,0.31621506787953274,-0.009616665025010842,0.8473258948215445
TCGA-B5-A5OD,-0.47827380541442466,0.3068911843494383,-1.0288957525851066,-0.8539805941092424,0.4239502333130507,0.4853944790466326,-0.8044012634187949,-0.14514934581687094,-0.14193389608343696,-0.4394993251594141,-0.2570114777072424,0.7559259861943096,-0.040691760266098886,-0.48919372510905657,-0.8400436246266461,-0.880488591200793,-0.834906369433023,-0.2330304625348562,-1.3746573470826198,-0.740582893445256,-0.8178805748461597,-1.548143563969819,-0.49763504597805797,0.11553171974815207,0.07875135204893803,-1.002328338017296,-0.6605873919574216,1.1563779553123124,-0.013913876784967133,-0.9279101969381638,-1.2910900411288162,0.2931708483147934,0.385676184212667,0.17543949605776535,0.44575156245207675,0.36249410349411176,-0.9899104740046004,-0.6532091832817702,-0.5541815329840141,-0.4806775592805199,-0.8820953709037028,0.1832276840679204,0.15229211934562198,-0.6851966183154439,-0.5454763537556243,-1.413493374658788,-0.8637191411054895,-0.020600576552673455,-0.8431732774085535,-0.8700544136468329
TCGA-D1-A2G7,-0.6087650033050123,-1.1313860433503964,0.15781372576616634,-0.5421826487833273,0.6625488337433345,0.854201877480186,-1.3157469024810462,0.23314757553712995,0.48707827496260037,-0.3326325817593327,-0.6713935089872576,-0.4308149897674349,0.1911886064510729,-0.03981536553535529,-0.15198954274224424,-0.0617036331856552,-0.5188033337570404,0.1291692857701984,-0.6523360087287582,0.7837853042660632,-1.0052415616613317,-0.6441183616554063,-0.869464488747148,-0.9194842306836145,-0.9738200307687102,0.4194477945737783,-0.2326191624847399,0.8027987915342134,-0.5992941250461074,0.5136244291575215,-0.24940637712304622,0.21067865397053434,-0.07844822942625983,0.327401902011272,-0.4635150903949286,-0.4534503614552636,-0.8849383890922721,0.3149927047457602,0.4141495654239838,-1.1128344073999807,0.41291567257691814,-1.4578753965234617,0.5118698508545834,0.1851055850036266,-1.0715192529890776,-0.06439399538420794,0.21755205969644742,0.2780441128841176,-0.673735492772051,-1.0958482133910405
TCGA-EY-A1GQ,1.4184162335847508,-0.8723907754064406,0.05914295836311526,0.4020362669832037,0.268626979271376,0.5848298301753503,-0.39222300800492105,-0.24378069015737258,0.47563473843079995,-1.263655923881255,-1.3474023293379667,0.8082994009553102,0.5075875264273172,0.07463031795947109,-0.6394952470989745,0.31846162164228453,0.6150998073027617,0.5960421552554792,-0.9856781530881618,-1.3835560883635112,-0.5607209791350501,-0.7788291756347927,-0.8824434136299762,-1.3795596350212107,-1.2395563614503367,-1.3391698399984204,-1.3845484579613323,-1.3722108879126265,-0.779147467148481,0.3903359554287031,-0.15121647636856098,0.6123016063270995,0.3068501025258215,1.1459223243237369,-0.7179114514566299,0.9170146195357495,-0.8026683851654624,-1.374872711642335,0.5035638065135066,-0.3725809629070158,-0.522569334943356,0.4437523503875018,-0.1703885732527386,-0.15202348657627937,-1.0966333452684196,-0.3506791833298017,0.37675796833529823,-0.32883810793438867,-0.44276131731135504,-0.5449616066365781
TCGA-D1-A0ZV,0.6062939961375298,1.0373883322411266,0.6999045432056298,0.34471842750286225,0.20389175233321727,1.7624788590321856,0.5523222349860312,1.4649314929358934,-0.6884941186013334,1.1376296248805247,1.5163967771291296,-0.828133217654135,-1.406813717279161,0.01844107830301794,0.8506189156940507,0.8095321422217834,0.9817221481391976,-1.402033376613514,0.12971118999836698,0.5894056568464845,0.21899292204487783,-0.22553655970032385,0.37803943191886036,1.1679933938642506,1.0171132522118462,0.9377439894334626,0.9987390348036053,1.0926717465832623,0.9042195011427273,-1.1379057687419052,-0.6121882853764351,-1.0179541189622,-1.264593230790523,-0.01627755948877353,0.18512965076820617,0.2614158167565361,0.8309893316127352,0.5936786895214071,0.5890579330862709,-0.1937661756546015,0.029154605701691556,0.765381537177198,-0.8335925170314895,-0.14044516404460153,-0.026554152230750323,-0.8515484138277616,0.14792242067785083,-0.39670565662300655,-0.43203583813684326,1.6407495698608838
TCGA-B5-A0K1,-0.4719071307224002,-0.8107429147385659,0.32743957125841266,-0.2330217172236457,-0.40374697065562487,0.15079474609136928,-0.019344952460850297,0.6132595775863008,-0.22231617522781896,-0.4013952550723972,-0.749294678526262,0.07739402912778565,0.08358140358494787,-0.3585167969719943,0.25165923639295096,-0.053513706904552906,-0.10910845569648608,0.12597210083042426,0.8927129023629372,0.7551766681688192,-0.04934832401351332,0.7564656438061498,-0.5413018341473177,-0.30488255516176677,-0.14906506337705103,-0.8135456261449451,-1.075280166558003,0.011687100680409918,-0.6488737475282558,0.41900461961269314,0.05490478601490012,0.2312843543914039,0.06179140150237495,-0.844789252855702,0.26413314376122404,-0.21615913134724768,-0.3064555096418541,0.23688749958016547,0.4932771315378713,-0.4124874686961829,0.13221732096568792,-0.2111687248863634,1.0892262212638637,0.4597491784248931,0.21407838327364598,0.17892398575159663,0.1131656121951296,-0.622664522263935,-0.5355462269387535,0.4769680380693423
TCGA-A5-A0VP,1.005618019799791,-0.06137995034301648,1.6259822124546817,0.20984182328960516,-0.7517972271775475,-0.8042553102094752,0.23092836170618972,0.6438430846565059,0.2416312956046255,-0.758553970077893,-0.03504865952085256,0.2209110589024544,0.21732764652608075,-0.5457031258245021,1.2468101963332638,1.07232601240022,0.7387197300019274,0.16583210163041148,0.9818883524896963,0.11988263183820795,0.4789693656252085,1.0372156121276532,0.28895833403970295,0.38656200809957686,0.38782363539838777,0.001499773798508028,0.19889089585102052,0.5963365248981298,-0.4585563970249281,0.4087814060714335,0.7208376892327583,-0.01937409079180903,-0.6659163972986345,-0.5030851405498765,0.2924262848175143,0.6620293114414021,0.9222987922414,-0.5833838918637033,0.6884882641313194,1.5743700730406331,0.6244279918497404,0.991406404606919,0.7374984659266545,0.7123879840841775,0.5635461239747811,0.34075499057187086,0.21658316590464813,0.5049452187922161,-0.20095875819845613,0.8541483110784235
TCGA-KP-A3W1,-0.28294929183516987,2.344372060369663,-0.7204001411138705,0.1546962138666635,0.7806683890640023,0.5812637694609061,1.4362329352544108,-0.14155663233964227,1.0139713107521433,0.9844685799948458,2.195862653312708,0.4666010408462347,0.6180356488598827,0.4730439731335378,-1.0895352557465823,-0.21439518068497654,-0.41228336610371397,0.5240110598478186,-0.6195097186436946,-0.3714052078128211,-0.39940552836879,-0.09806201818630261,1.69139934600737,2.1234561831095697,2.0434409140958585,1.6841095264779962,2.352658050666571,-0.7427146508860383,1.4810030577589048,0.5709727218015596,0.5078597697443468,0.32898000988343823,0.809259123155584,-0.30536535801324194,-0.1750306507769622,-0.4376905337750698,0.4526121617353948,-0.36701605033458223,-0.9017341415704047,0.04595077980682999,0.059365760727456904,0.9700872422590515,-0.9408353581346817,0.4677540721473946,1.6333437118042569,0.8389567340817445,0.24009194745193216,0.753722510334604,-1.1363926629530698,0.32733516243808725
TCGA-B5-A11P,0.1849457912986966,-1.5989998536979382,0.24140396489992552,-0.09286208908466709,-1.1627397277960532,-1.7010788131142744,-0.6592590738700527,-0.7025629895727311,0.23024418035390817,-0.6993931277748499,-0.6946145080645081,-0.6087885663035143,-0.2315771995499688,-0.9561718329834944,0.07775495883351438,0.5193526627209254,-0.0075067222401359384,-0.26856814027499515,0.8836116276439424,-0.24182284700916945,0.34594511371514447,1.094785787640854,-0.4725314549454848,-0.3773293044829009,-0.357552050828924,-0.715282378581605,-0.6825214064335171,-0.7095453612518383,-0.558544655365844,0.15320229277807082,0.16849221715594428,-0.1685278257521969,-0.20316728080802127,-0.05855156175486184,-1.3815259750429973,0.3739940515629609,-0.14667914486629485,-1.4771076446638025,0.3485685627301145,0.3582848487386843,-0.025464543686059226,0.5883710719319433,0.21078520107509388,-0.17391012792523095,0.22516677379399375,0.6210638036292694,0.36861700832109867,-0.05485391404472205,0.02842816610271251,-0.9918600422667383
TCGA-D1-A2G6,0.9846858288377667,-0.36578552313926543,0.30064635927320255,0.7423776862283207,1.3760243738597493,1.9083667247630107,0.3382615450502057,0.6008082075094999,1.208653653727021,-0.06413780726898738,-0.4762363920120437,-0.5603588987340563,-0.944326685543806,1.3285324520061557,0.34388332332664107,0.10071593712121626,-0.4641494679803169,-0.7972167265712435,0.684055933873357,0.7655130705345294,0.5878854570495793,1.707766205716376,0.15733113939600316,-0.13549360716618253,0.18591448959617052,-0.7439716775770145,-0.4722081361858739,0.7921479900469902,0.2916359867466699,-0.8675654179366755,0.3834368001441579,-0.06525404390330507,0.4831149456069786,1.6839656487861459,-0.3785637367270798,-0.1543027359476152,1.3020412286593306,-0.8111705674198286,0.44554530555991634,0.8150782905938826,-0.29247759519016214,1.0576475428871406,-1.3733433408957638,1.362272279056052,0.5253390162599356,0.14146213394434803,0.8270743615910204,0.43479259616460175,0.6594158705226527,0.014266116312056624
TCGA-DI-A2QU,0.6827606661759589,-0.8621050033566835,-0.22213699700642098,-0.3469768770932043,-0.9272784071150239,-0.6454462251182508,-1.405831151051858,-0.0615433302031581,0.17644569085092174,-0.6969915475035384,-1.3977914691299513,0.5168545828390128,0.7098290581350496,-1.0940787691405316,-0.48684732750579607,-0.3498180405927704,0.5879661640624001,0.8034265098716477,0.19947932216371606,1.3315759255313508,0.2866359101245343,-0.3049952346754901,-0.9627655940530028,-1.0463339241094747,-1.4787362663160575,-1.0278920555602236,-1.1122551822533047,1.274405217835473,-1.5534216896930133,0.018411958159796474,0.007886787976425643,0.6831129712213676,0.9769151894004806,0.2827492356265734,-0.5466185150189208,1.8758393715672532,-1.0792610835880072,0.9136544334602692,0.6917941617206206,-0.0867424533494046,-1.159119989450727,0.21534469401615158,1.9599926597555628,-1.1229840511653264,-1.5689464336424008,-0.292963617213606,-0.6878927994228888,0.5362381127595468,0.2175835374813352,0.2872184945988498
TCGA-BG-A0MK,0.7785431121348274,-0.4361190259529001,0.02729627989910251,0.5411081071175462,-0.504939102304229,-0.6422962090673451,-0.0025313774500005807,2.3806630026766555,-0.6577387692352052,0.40815886698867343,0.08922446603909787,-1.4039298039644694,-2.006567076472262,-0.024712946299249295,1.9928837623607927,1.0871739632332122,1.176290841429062,-2.0692009912969236,0.10318517086749332,0.941614319889515,1.0577969139828662,-0.47345612446644436,-0.014599747213729832,-0.538559810309134,-0.45686494993063964,-0.2509513041612068,-0.45840756695540813,0.310408528492806,-0.08665121799067559,-1.683342589388887,-0.8733415237047444,-1.9941171692912887,-2.1452347052974585,-0.020662608647070604,0.6819659085337303,-0.6654630010468178,0.029723601107737557,0.1724950659047285,1.4738217592044984,-0.623608672840685,0.4213335631846205,1.0378707992713239,0.26926241996083417,-0.3440154979718586,-0.6300819674627993,-1.1129004201153774,0.2742170192262095,-1.4948584539372534,-0.4783943776472118,2.0087425319872616
TCGA-SJ-A6ZJ,0.3211648655296794,-0.41917657652857876,-0.43266872595231315,0.6534795846470879,-0.5718275955037562,-1.0545653159059503,-0.12292228164283585,0.6975780840715003,-0.6366775655228063,0.25969823089678745,-0.4573752753735115,1.066750273483361,-0.12280200390480321,0.15900086717482495,-0.17312858488693278,0.05343317618925625,0.44724237422623736,-0.4148395306234685,0.08749342763360285,0.05562259354128613,0.03693647259569609,-0.10663172168811288,-0.48454472008998123,-0.586402034738928,-0.7590838668531535,-0.6974786960428847,-0.8343902862316576,-0.5883888283450881,-0.3492914628605115,-1.1875943990900333,-0.5752346446763954,0.4017304390259107,0.22823445720375007,0.6220778775757891,-0.879894202596978,0.869308413267418,-0.29408476766141795,0.23985640769581218,1.453915691477645,-0.8735524132060989,-0.7044077556040552,1.1527930801208064,0.6375025681904674,-0.2515834640028551,-0.3220919120605265,0.1787325789966502,-0.37733474162504776,-0.22751957642741247,0.5624632374781005,0.2446537298659797
TCGA-D1-A15W,0.19114814959328327,0.3615870634852802,1.3613739658860555,1.1781662142742362,0.6540390746866312,0.7671148398871052,1.1459914421873403,0.9035515711011186,0.2127413751705696,1.319518490067858,1.3628800006914834,-1.3153317493672436,-1.254723299240413,0.8021551151312876,1.718418153723893,1.4070118893997874,0.530030802075726,-0.9910351611428044,1.3916545110758136,1.0720412735533742,1.1909120091316008,1.6102144263018048,1.165025258395143,1.072204553432077,1.5609608138750877,0.28716146153710725,0.5558477480689458,0.09845391557012247,1.8246186074564674,-0.1256611444397333,0.009429867023866837,-1.004669593648521,-1.0839728195653464,-0.4619772522707299,1.3396684004068085,-0.6889488539463023,1.4780795521853782,0.1965298194521813,0.19418202610658572,0.5108679680446336,1.292377523352467,0.4746924572092618,-1.3418258749063166,1.1767513787990953,1.3242574065050061,-0.40372375861490284,1.0953319434889484,-0.18786646889223457,-0.11794900934326244,1.0469313533877287
TCGA-FI-A2EU,0.15288010758600973,-1.1517230990717091,-0.24799654696574272,-1.3044344029917594,-0.41710753714613125,-1.0688725714618044,-1.5447527542721435,-0.6741594097083833,0.9948746155611513,-0.7520360827840367,-1.16498168947533,-0.11787085906109213,0.812215369524372,-1.3558698008928323,-0.8007397773183453,-0.8084606402373681,-0.22235020475216863,0.9841059251386385,0.6147212371096866,-0.3016360261157259,0.171553032012759,-0.2976054939576967,-1.4807101334455528,-0.8391894460641451,-0.9956059980998491,0.46895816720905104,-0.25933586920641943,0.8040152994388176,-1.1740690269934875,1.0399293672464258,0.1295343565635676,0.4648423344269427,0.25988240720631545,-0.8656048047596542,-0.9231668226794532,0.21920836171452882,-0.5290541611163065,1.1289406433669102,-0.8517752719147228,0.6215886943886867,0.936224080621691,-1.423305218818784,1.2209448802599094,-0.7091375046905807,-1.0124154962439564,0.9479953528784044,-0.3840129830236834,-0.052080113321607654,-0.9901725424940089,-1.4453317110453356
TCGA-DI-A1NO,-0.30883508613612665,-1.5415286893711455,-0.6162090085713305,-2.197247721938082,-1.3436857880531956,-1.7771357208339458,-1.1363501523891553,-1.100200588273818,1.3711127434724126,-0.8966024147290809,-1.8064381210274876,1.2694742999928936,1.4046774536756867,-1.4200555368836112,-1.9071320473488884,-2.0927447666142602,-0.4789084279548715,1.0493600557996825,-0.9743566817686956,-1.3602371166594511,0.3024415220376427,-1.0281222376579515,-1.951505022413773,-1.6801365932367722,-1.9422609325277165,-0.5143607891218898,-1.0457047003383024,0.4519311421471309,-2.1896222706610957,0.35454974241836573,0.12330327880120251,1.5230877999953003,2.0070740226938844,-0.35620681046725267,-0.9039749107534315,1.2732669048985594,-0.4147211469973061,0.892452878538828,-0.08515570866728098,-2.007686809941395,-0.48480618170313133,-0.23868193803178966,1.6853522957475289,-1.3496729831263654,-1.1879688408841997,0.21482682922747284,-1.3360369884326122,0.17717739686634415,-1.0975077509863376,-1.9309352731740455
TCGA-A5-A1OJ,1.1942887573094425,0.7008209812628046,0.4602987468006048,2.475289604566558,1.610264633546803,1.1904499196328182,1.2534753443362043,1.7205295370725993,-0.32001104891171384,2.155717421568264,1.3541147839220409,-1.6438659884914109,-2.3509801273543465,2.171177440511301,0.5265960264785512,0.2929120154273488,0.0925489358352023,-2.3129831907858196,-0.4409644380216171,1.1046697945412118,2.432407399452306,1.6847103659750444,1.6836712532464067,1.3073716183459243,1.5431142106927476,0.105833136136126,0.5940233875471397,0.41897204074693156,1.8384810997992358,-1.20336248874305,-1.8045329791575802,-2.6527215266550614,-2.602207621643085,1.3345839754527753,1.9263118371760934,-0.7709914446915568,1.1150946736522085,-0.4356811873499746,0.08888271366349877,-0.054044221228272224,-0.1401408330454673,0.4442983940577487,-1.0927102170698613,1.989650743463043,1.4395398232987242,-1.6930257900400583,1.8462075221305547,-0.5001654700642336,0.3734416214541814,1.6823627505860594
TCGA-B5-A0JT,0.8980553332848475,-0.2334982187173811,0.9981890580133695,0.4341534583764524,-0.7133733792367067,-0.6711885047273135,0.1491872712519476,1.264897109560409,-0.06309529739186227,-0.18013252624519957,0.1170655587505294,-0.6020095264697768,0.06915612587012779,-0.16141584361131472,1.2164228857510728,0.11986326388169306,1.3995123877907205,0.21586853077610846,0.7268929762481439,0.015729790159573032,0.9704862901411282,-0.41272897397911157,0.02176178648711822,-0.15951681741001647,0.036545728952549796,-0.0720587958338835,-0.08691508164437425,-0.8585218917741847,-0.045388167827351646,0.8238969697227423,0.6900380377471952,0.3512636042311042,-0.00777081648318049,-0.7498386403751072,0.8139858282448635,-0.31126370468013703,-0.04699572372364331,-0.11517782237443473,1.331430411275816,0.6123589930614635,1.0405846096868097,1.573057309495379,0.5850041325220424,0.1050665703525284,-0.6447527508391196,0.5444186433279625,0.3365051772107465,-1.049368433476351,0.777518693359623,1.6279510798078392
TCGA-D1-A168,-0.5645199059465257,-1.4016814563062912,-0.46134044781686295,0.586237092267202,2.2400285699561966,3.202029194805057,-0.37039885060840644,-1.7875111304370574,0.44612155256408326,0.23860815349711037,-0.5130740649866424,-0.8166955347918607,-1.1240272553334418,1.749545919780728,1.850011330668565,1.3947274034041237,-1.517389377796255,-1.0584450227575957,0.6928105644841738,0.1523639910250678,-0.23824014594317208,1.6653764649510678,-0.38175937700766144,-0.7365562826249193,0.24475554231957483,-1.6064820730891265,-1.5589193529136958,1.6982471661326128,0.1464265596601656,-0.693094791478922,-1.148541377124281,-1.9160183490217177,-0.08449675411729206,1.5261679508654395,2.889789455013281,-1.2395208960447892,2.35968464312402,-1.586459335903014,-1.942479036456007,-1.9671738493059854,-2.4693362977721796,-0.004284437149164693,-1.5843330843496382,0.9297729133474801,0.9583623965584439,-0.6605308694774731,0.39750588449123586,0.127192964645109,0.9702192363932031,0.6070892920369945
TCGA-AP-A0LD,-1.374176171185604,-1.0727409986929624,-2.3927302334413656,-0.8053415740684089,-0.14675483255656302,-0.7078202288872395,-1.3873104370249212,-2.101730820200884,0.029369857300557148,-0.8297349332585455,-1.589170072616992,0.5527899211584327,0.30145680707384387,0.05054913012299237,-1.9710319109924963,-1.7148330590143213,-1.8753436795999623,0.4819823539958954,0.048929090050097955,0.7178271991465386,-1.918967438758181,0.1945129036166744,-0.9267131201658622,-1.2606842417666881,-1.319857403271238,0.418630768291157,-0.27104597663257696,0.9154683229895939,-1.3425688000658669,-0.22473668977725064,-0.486422920468172,-0.4903323459123222,0.25593670709902283,0.9079271739164771,0.529669023489859,-0.003329834278440337,-0.449369053034218,-0.7409223483116684,-1.348413985193366,-1.2969024246934637,-2.414499179939746,-0.33852683922919347,0.14446574879781474,-0.1226789176673845,-1.0534110722220802,-0.5761528782060001,-0.9483814587177981,-0.45062384484962525,-0.08670759266653454,-1.1944076669727521
TCGA-D1-A16B,0.17235900047786662,0.4215009983584445,1.1794947888385476,1.196004098166892,0.971732449477866,1.1564216940056338,0.9877324124101318,-0.07123596411459938,0.3722150062886284,0.8308888581691298,1.1555068462545803,-0.7579444506062795,-0.5440367555469123,1.0837212403817027,1.358057336135752,1.2072725470629293,0.4218091022799395,-0.3442917098808809,0.3457787212721178,1.2252896785308685,-0.09913215937977231,0.5390326812191613,1.3854152077612216,0.46595565993825827,0.7323405064747991,-0.36226107674472136,0.13100684625237458,1.359924552300588,1.1886465522074736,0.0006380214153418585,0.43045074398837424,0.07496673227519061,-0.15392828253438964,-0.16050726005061486,0.9682927647759949,-0.3663223072861973,1.7738600999486873,0.04337117869354948,0.4401694588542266,0.6478885271158593,0.5830693941499036,-0.03889052046123209,-0.0033550041103523245,1.171036369472592,0.5974122529800419,0.3310703435072657,0.64894083090804,0.1930129119421675,2.201368261559617,0.5827126192349757
TCGA-D1-A1O0,-0.45745697962209614,-0.9179307898572494,-0.06047794682201017,-1.4921740549533418,-0.8377617370228375,-0.5143114024851225,-1.0301410529692354,0.246543707173235,0.9287692607012216,-1.2396477444298761,-0.7000052350715759,0.7826809836890758,1.277233373724913,-0.9775732329362048,-1.0859991899949633,-0.4792709743216978,-0.45571161543909305,1.1046453392528546,-0.31357570182216404,-0.37969486645632106,-1.4745330541900055,-1.8357342870511948,-1.5001792875115827,-0.9585716849253786,-1.3754636052348512,0.9749475796021801,0.31930908935358376,0.6225706193701751,-2.0833640000187814,1.2592492193618714,-0.3145062377293962,0.03809414395692537,0.498074554241559,-0.154738384911021,-1.0776815838175775,0.19626445848182492,-1.6457023456825743,-0.17289928971729543,0.2723979579329762,-1.324704685680463,-1.3607733206046346,-0.8138235914421766,1.2800365487644088,-1.7290646259848284,-1.5180618239966575,-0.5364562478084671,-1.1375336007772816,1.0138686508963437,-0.038667016613686,-0.7198683597134158
TCGA-FI-A2EW,-0.6250747645658192,-0.7638280493555182,-1.9511029495824828,-0.10568700065041388,-0.4255695187737938,0.2630550075123707,-1.2713264336594827,-1.1083365325187715,0.010709577562201896,0.15653239848631884,-1.267484871320393,0.6839080042256805,0.5262402731877742,-0.8995137802889916,-2.1557862167652635,-1.4495937979718716,-0.7690432440962502,0.6124652341945099,-0.9111567971325467,-1.5789482882648094,0.47287762408541806,-0.49243677065434976,-0.8417145370239406,-0.6862359874644758,-1.2720820520229095,0.1352561371336237,-0.25557093540121584,1.8178999994759444,-1.6497215831901246,0.401358058799303,-1.054297482021242,-0.6890685647654256,0.11612026345702975,0.14532198182549422,-2.0436251639265275,-0.4469512350179419,-0.3103775492463296,0.9545373085127586,-1.433411213789967,-1.341209998352406,-1.7859279088391629,-0.48311935898748326,1.7020642599551197,-0.5190204324808565,-0.5147839502090716,-1.0427156972255511,-0.7955622003494214,0.15500016558004376,-0.8438386407828319,0.2917222041546048
TCGA-BG-A0MQ,1.468494267944064,-1.0849864213255767,0.6259255937224216,-0.20989615587354005,-0.4963349877031651,0.4515474935658886,-0.42723984604702425,0.410532745187862,1.0665214462472192,0.35702388417321257,-0.6698824051069165,0.29540486541517363,-0.08983526655271767,-0.9366493786354129,-0.6555345748298823,0.02518001349707563,1.2571206517706461,-0.0424352743433654,1.3451680876699441,-0.25526109607275793,1.0179989187513563,0.8508805185774596,-1.107997480765559,-1.2722178212367876,-0.8162239748507335,-1.1812734576142636,-1.3139055428937918,-0.41101379236719715,-0.18646410395736882,-0.2592034411868221,0.31370764233329856,0.48987460697183,0.5377442931558071,-0.0566993400820107,-0.8368578541540345,0.5320805147527053,-0.08053422946554713,1.4496282873232087,0.5539362344808719,0.34621649867865445,0.47481500290546946,0.49176441893523254,0.25909852665570393,-0.4847709515497816,-0.535619556145558,0.8444155565932647,-0.3239169812092928,-0.15314008796189507,-0.08780478741787862,0.19826609527553415
TCGA-BG-A220,-0.3603434242216515,-1.1476166092620113,0.3448977402332218,0.520567602521652,-0.8450842627736063,0.014711933626103185,0.34290169052959757,-0.3326222211220417,0.513965847906221,-0.8398946782273643,-1.01026884264583,0.3227596945205934,0.9799002341411603,-0.13288210977883044,0.46678025623950714,0.5926245210244787,-1.003313031860844,0.9791304086060787,1.1831406596983831,0.6668598528511683,0.8404179301380686,1.8991754858579721,-0.33140768676011706,-0.36685197684116183,-0.4787097145891573,-0.4890287433021938,-0.6348908076660109,-0.3689183443853604,-0.27127557265825336,0.6246402878322507,1.3630187103962503,1.459225610562198,1.213728471556602,-0.5562707026377062,-1.5840966169303599,0.41832501549206846,-0.41100506079216736,0.31689106090302244,-0.6351264896095766,1.619162321949199,0.8856263498566086,0.32031335262119953,-0.383243367693957,0.9772317153937632,0.15983553829788466,1.0261670422444464,-0.06765471088734899,0.6751428423969296,0.2247967927217533,-0.7596124200850245
TCGA-A5-A0G1,-0.36176196225768015,3.2223492467065893,-2.073387348310411,-0.8595598004283006,-0.36993389660793197,-0.2002733224582382,1.5690314601846342,-2.0761153650607986,-1.346384308148961,0.13660520311256372,1.9457449014077812,0.4909288484847565,-0.2786641646438504,-1.3842625501604777,-0.40508156327076306,-0.2880431608903065,-1.2748098725041903,-0.38200959215578223,-1.16058603517745,-1.558789391888402,-0.20244118257197635,-1.7354128071981811,2.00269626060252,2.5370140302174633,2.0013540960862817,2.5314752086816648,3.010687804921976,-1.2404569976261248,0.5431692428893518,-0.2712595316280596,-0.7985749736951896,-0.13115735315860227,0.1966012883544778,-1.0733170496708857,-0.18213754790540232,0.7095132055036688,2.6972270063203214,-1.2105719828250234,-2.591296757561924,1.395537009820069,-0.6089021560410924,0.5868810784564831,-2.246229709740915,-0.45966021988017364,1.2802057994158433,-0.9204598561439428,-0.7727865853399911,-0.7548239257548626,-1.3273061145901304,-1.340539942375178
TCGA-D1-A16N,-0.5089979367884344,-0.6261521164279598,0.02794903020636266,-0.08424713103504303,1.066653333882098,0.043956036384987886,-0.8302261844195236,0.3447112683313232,2.096882025583206,-0.9387695058108543,-0.2096454457145839,-0.10070385249377119,0.5814486161468116,0.25482994052720126,0.9151964765419107,0.617807069136135,0.1005548601775718,0.7084649943318695,1.2301128123058993,1.491293510249766,0.25072264746335204,0.28136176725719225,-0.30883335295508957,-0.16598503568078551,0.3348743584036371,0.7483629822180814,0.2614739662823433,0.5320772007231263,-0.486108112448908,0.5837789445135128,0.20439479891976495,-0.7604006746194027,0.3275265783383383,0.6832577435707226,0.7590946240427455,-1.6325270220047712,-0.6771837783248148,-1.5686184714100326,0.36531481243882613,-0.4153350442827502,-1.9340424703146006,0.03163658913375714,0.04217259724710171,-0.49972089480827125,-0.7412192505903107,-0.7189442339247363,0.021308421082252723,0.18692755875618425,1.4376313022143183,-0.41849304567274115
TCGA-EO-A22T,1.0296560493991835,0.8137479308758964,0.7998583294791504,0.5054491632155559,1.1259100758247707,1.866910658223933,1.4693092826633218,0.8688207706663849,1.0132089080672815,0.6282224544490033,0.7968811667617436,0.0904783301706738,1.3700784406019024,0.43964627138187506,0.7479617910940486,1.297574356545956,1.0235781289157322,1.5956441496182026,1.2009183208362875,-0.002227275149908478,1.9641039044905733,1.2919324746834353,1.2515475731169614,0.8058191645136458,0.8502753083465067,0.08660622261108526,0.4046544538853086,0.8514479006048911,1.1580703519675037,1.8138497641855809,1.716022727676761,1.0306788805091527,0.6048137157015355,0.5406213256166866,0.5210285931992877,0.24897037575276032,1.7532219849110535,0.9400753097466757,-0.559679920906596,2.742708834849318,0.6149921994212093,1.2362616223904672,0.38767193382526716,0.8206195653703247,0.9816273545257362,0.6170055302024225,0.4205546812097539,1.6933225042933897,-1.0302394422693137,1.7964334706320164
TCGA-AX-A05Z,-0.8600646725267669,2.2725890595406195,-0.6914131483068213,0.6790529541858923,0.32953811755518775,-0.5063422639646201,1.3971387530816073,0.09736509039158095,1.6203339063106421,0.841229680760807,1.5292973969958812,0.8671284241537623,-0.15467668482094887,0.3788020137391551,0.9179663031733768,1.4626378270227425,0.22157944980398747,-0.30217572033676326,0.8387633419312092,-0.9819716892631046,0.597611877623716,0.4268264700036828,1.650462522920798,2.055856318293201,1.8616661411441473,1.6820003642459136,2.1574503398069034,-1.213790136409533,0.607241421249266,-0.9316746157462674,0.7748400848114411,-0.5153610159179972,0.3169778400630208,0.3515075564249105,0.5026405176169029,0.24033783761915314,2.379013685254954,-1.1899794204177039,0.02520821361660722,1.2025252311072492,-1.509884456765091,1.1580128055192453,-1.4176105397806447,-0.5454403364695124,1.9821234366032152,0.8296493575772033,-0.9771709581539804,0.6920465783591393,0.9285133166814014,0.4139334596972071
TCGA-B5-A0K3,0.3602806327829001,-0.34970067475941596,-1.2972120386419588,-1.8920322039847262,-0.18475050671878535,0.045820300340314826,-0.8358863298957157,-0.8730057291348952,1.152344170258325,0.4465273735405203,-0.21457088588900203,0.8420933241640687,0.5442535862540683,-1.2538468601370087,0.11196514314113036,-0.059412180806570854,0.1095708631611546,0.4460094320587565,0.9645020024701874,-0.6672360684492501,0.509004295437217,-0.19415621376461417,-0.9092814027617593,-0.5402849954427086,-0.1514908359740562,0.33831005855389334,0.07659930596048621,0.7439232640207817,-1.0296165475834917,0.5099005168891364,0.24031993766088047,0.409675538080355,1.3548424687900196,-0.2786888040783764,-0.5472833698049792,0.46526126590132677,0.4735917452903566,-0.19506005751337405,-0.17102214849085656,-0.6586984070857554,-0.7033854744804673,1.312124320924678,0.4548226900584699,-1.382566340248857,-0.4452709353113459,0.5010443984444332,-1.4081507811029226,0.6659592629812947,-0.8947770911262423,-0.22671102789744724
TCGA-EO-A1Y7,-0.09705496499266769,-0.2810498130184941,-0.10642534537545625,-2.3535718679432676,-2.7191583984424974,-2.0849169782041534,-1.8230518189506717,0.1471371442836189,0.32065055550813043,-2.2156145119939676,-1.302626913044419,0.934162121692455,0.8382269126166976,-2.271959471875827,-0.9749781572029808,-0.4561724256859546,0.36008623829523895,0.8863508910687264,0.3340329261358816,-1.7935322824861692,-1.0748625660878972,-0.7084950031006984,-1.5240668804999755,-0.7376847297105805,-1.2487946512563295,-0.2441607048401777,-0.31205376173592747,-0.7826065356751553,-2.510770849326406,-0.12397462146538403,0.7198059008924772,0.9359077108806397,1.065027927855218,-1.2333178478231241,-1.5657979687387311,1.5152646887833414,-0.8264034557403006,1.5647585640833923,0.16636153520482294,0.6716098197170104,-0.5653694663864848,0.401642182567361,2.0539112170058806,-2.275396738024706,-1.231306683236976,0.8304220453817828,-1.5590183711741823,1.0012600070233764,-1.388863604530827,0.18474746243211176
TCGA-AX-A0J1,1.5405165762565012,0.1981267393157107,1.0323819212928664,-0.19519200162590286,-0.555901587123405,0.12106183409187803,-0.1461868434170994,0.1439743860578015,1.0779670091203517,0.016087831651592898,-0.21095159758554152,1.0640480290188197,0.6389593973403228,0.10353862359964139,0.044183824533261355,0.4150837627311139,1.3789425860947224,0.7421861880506058,1.7118709974424346,-1.2286144705944577,-0.21311191823330217,1.1803174540475865,0.07032807791004483,-0.39717332379337533,0.03056280819396814,-1.1775896018959093,-0.8722814565955629,-1.2046896410344423,0.008229062945497394,0.12547742298494727,1.469016269131501,1.2259402782768243,0.5489859844080933,-0.1203681513174158,-0.8187068000084368,1.3749667669445476,-0.08277875064332274,0.8596771786657266,0.9175141639866241,1.333556113214347,0.9215744442207845,0.5507094543322987,-0.5168916529368638,0.2396291832023434,-0.4942741371153698,1.6938963003607872,-0.3022926274231847,1.0905132736966723,-0.09496374458707904,0.7513861112168095
TCGA-BK-A13B,1.7454855546271042,0.1836005945168051,1.7602353730937679,-0.7878182893790632,-0.4614612038334395,0.13963457308817365,1.1840037337280798,1.3635464922808413,2.655589790028499,0.08122530595196323,0.7711682239657927,0.3228700698772077,-0.3248800479167706,-0.6189217787252304,0.6084084418045786,1.2278287462099928,2.1335849754853298,-0.34917709302450445,1.0626210362873583,-1.4254050567116359,1.599703995745392,1.4182928924807363,0.4187736071212419,0.14561971544782112,1.0867638890578424,-0.1598852472730847,-0.009506984847246346,-0.5169545922753815,0.9978980255404482,-1.413846582792246,1.1982365657747722,0.2920202012332714,-0.3112243336225676,-1.0475962252276776,-1.3769360492021305,0.9409408490910659,1.9307251615957004,0.42257213302560676,2.0853625063314025,1.1450010826114339,1.4163423158228203,0.9714472650245517,-0.8796167838955055,-0.3405868296826435,1.8242151435975262,1.6796112830984353,-0.5176667777376743,1.0270960792326553,0.4975289857063818,0.8620319154332948
TCGA-BS-A0VI,0.17618569781937593,-0.31146164975440704,-0.8003540313128968,1.3426455637345678,0.9224356008783688,-0.2923413877542572,0.44873790527769053,-1.8053109174503472,-0.4590954067544893,1.0395604865482981,-0.06564162104027087,-0.08834768488006983,-1.0939002684537629,1.3623512047625557,-0.0908378085485144,0.2634315948008763,-1.2696634574845462,-0.9885722694878465,0.6237343622696224,-0.5394421099035192,-0.3121782383381355,1.8240642870150665,0.6341809557866603,-0.5436799107296496,-0.08270862805777011,-0.5098600008355971,-0.6037329080389022,-0.6521974048511766,1.0087196232638032,-1.6208827712224694,-0.5235902662729933,-0.9064959465449393,-0.9148058087647679,1.0525888766335152,0.08600861886707391,0.24982862023633493,1.1778766087410235,0.00029009581279014745,-0.8289053393377084,-0.2628629640990212,-1.0431977082798836,0.24909101134997952,-2.0304877271212756,1.185624282706219,0.35837630122017755,-1.0462020686413842,0.19953005755612496,-0.4249288540369907,1.3487037641418698,-0.2620264785316562
TCGA-D1-A176,0.41229888389674485,-0.23934887130258795,0.7347188698428315,0.0834125844763341,-0.5126059277093357,-0.5327813957627708,-0.4012222454375445,0.5074387112918548,0.6220989449961392,0.8344402516871394,0.18445606945347773,-0.5664638852277097,-0.7257231968926294,-0.8741620846333559,0.8703801092642962,0.9531366056502999,1.4150337153854322,-0.4279744843573958,1.1156516834432249,0.17193004726572902,0.07342474237313108,-0.3465223064412768,-0.49777253402381627,-0.1559158401507254,-0.15218829953946658,0.18978104652233838,0.09637281863585849,0.10624717946316599,-0.275603936423375,-0.18982141743798295,-0.2681813921673271,-0.9810811029002563,-0.4168338259273263,-0.725211835144061,0.5460622420972012,-0.029188015684926683,0.7079649529126911,0.6282044403589687,1.5958507725736184,-0.5765078252015271,-0.3258015204988158,0.9139699886165489,-1.870550873867216,-0.7834840886971045,-0.5878335678230802,-0.09444322744182898,-0.5286086481223182,-0.0028993985370382416,0.4260578589204827,1.5512860787962137
TCGA-AX-A1CP,-0.733765751707227,-0.32865775609736253,0.39165090327973934,0.07475513947547593,0.30677726736173044,0.07725071594367292,0.7922583159229677,-0.641313118336701,-0.17244631202216917,0.03657732220774787,-0.3304394256925096,-0.6220508601567163,0.2654200364291586,0.9814118297633723,-0.38757092129026643,-0.2546607897535215,-1.1619902128424715,0.16489348547298213,-0.5976425971451994,0.21136663067626454,-0.17192208828448627,0.8064356949480231,0.36544252433765245,0.27653879719314967,0.14579260439284433,0.16758560151688118,0.027129419440042945,0.3488684720456067,0.6317684535067561,0.8105162080782189,-0.48406570671772653,0.0553569425696579,-1.1634005272089258,0.25470138617667765,-0.10980018244115992,-0.6073687308896133,-0.26923400052718094,-0.4799257383353463,0.023833730939286372,-0.4779983558111655,0.20198355776374774,-0.6252937913023922,1.4520267431086442,1.7180927861902733,0.929916615898706,-0.5757369805150954,1.084195723910947,0.32616293390775314,-0.4737207312902035,-0.6848986252634542
TCGA-BG-A0MC,-0.6456259103735453,0.3363064897307735,-1.8922393912842639,-0.4203720457694648,-0.11409262532852404,0.055004970387421345,-0.23200068985729472,1.0436679647193756,-1.017575223648839,0.8569941530283396,0.6625898685163953,-0.4231455317707478,-1.6930158798543302,-0.03951751408155319,1.117557434800776,0.8902725201810598,0.08514425453332167,-1.9571068939091965,-0.4154490555501827,0.1538430184736853,-0.6734919030866333,-0.8403510577306678,0.08423832615687264,0.4993915975736219,-0.1489809032072377,-0.23729526317128224,-0.1326424394825912,0.6432356012713647,0.21027105392310377,-2.0972212753520627,-1.8606267471751854,-2.2407374121528836,-1.0228970537638995,-0.13238759938950795,1.6960267459884715,-0.40295593053915585,0.745124315823498,-0.48410285968770855,1.2804332772519325,-1.7305684526937952,-2.5056143575755785,0.46776754569934187,-0.6562389574936626,-0.9899366215933209,0.033152818281068634,-2.079765825466168,-0.5841581711662358,-1.0701716106972166,0.009148728837820612,1.0854460650032711
TCGA-D1-A165,0.8593348877528687,-0.8381733568721699,1.3566763069631278,0.6970003371359719,0.3872512630474702,-0.9733253699674216,0.5295926314902126,0.5390113493386413,0.9224053018935378,0.7407030983256905,-0.3743123449820269,-0.20861784552825993,-0.18289415981424795,0.7129899276751543,1.4306198689809868,0.9860887084026259,1.2753857676847615,-0.10730529073126828,0.421592779881662,0.8199171825673455,0.11054095837345573,0.8815645745962102,-0.03144135890703455,-0.5287500402200993,-0.3730065592201792,-1.2139164438757515,-1.165221192313391,-0.7546954059451624,-0.31435920964851316,0.062289093342475545,0.33667870873926237,0.22350620495104045,0.07572671967271952,0.0019483288439101183,0.06599186444204787,0.4830212187242579,0.36758712413143085,-0.4582280005214201,1.5553148268172878,-0.2939798942760923,0.7227150671910066,0.630262996022608,-0.4528954322911242,0.26817508043108385,0.5785182643941861,0.29216070061514576,0.5805052462863822,0.09463971634234772,0.899933735085395,0.7207088742465916
TCGA-EY-A548,1.2632257889166865,0.26804673442114163,0.46687874146411407,-0.4100406567585381,-1.389865863157915,-3.0013749941488093,-0.2906285672101077,1.1527935586566769,-1.4585298620022027,-0.3004837094753464,-0.10668736794005411,0.3801861435712057,-0.7273171204158005,-0.8901687818423769,0.2240655219448372,-0.3440915204103041,1.3046215374103625,-0.7679775695284129,-0.2658452666184321,-0.2170276386858285,0.7873378431809744,-1.1254689581839519,-0.4602372381942737,-0.264318871850524,-0.35178006778590154,0.1966094697960756,0.09736885988461243,-1.5618722242588219,-0.38192317014949173,-1.735556200570858,-0.2837278902804357,0.32669701054677264,-0.05641133460911768,-0.9653422002740976,-1.1235751066422384,1.3680525619139756,-0.823842587543972,-0.7536284190908747,0.5533883075019879,-0.26923509046158367,0.637754270280846,-0.22939833239317342,-0.7204523771859863,-0.5892109615205622,-0.824270935380003,0.27688561138438034,-0.6083779292306989,-0.8025577889374812,-0.5249403848217945,0.1820016143393073
TCGA-AX-A1CK,-0.5525942752536952,-1.4701768200353267,-0.7288168431321056,-1.8995747170849526,-1.1843467030452721,-1.5405327421169097,-1.4271671898330163,-0.5807634245008437,-0.8346338946513406,-0.46474823955685596,-1.8422289673899643,0.814568227522424,0.2588576410052698,-1.0949547510429025,-0.986755154074005,-0.8307871069780293,0.41542078380677266,-0.08593820327236436,-0.14173604721073058,-2.200758214655175,-0.3008249062269048,-1.5380266965599152,-1.808606186702275,-2.3774811444126964,-2.3022437513661607,-1.5822495126856728,-1.6583028517743441,-0.21893305410921943,-2.2086656560208855,-0.839400291946244,-0.9797784701486488,-0.2383756951929641,0.4260876201561473,-0.991629954385449,-1.7564321927359425,0.4017731609596032,-1.1424387877795834,-1.2682787846801347,-0.050343982201119304,-1.56559741083815,-1.0287027635909514,-0.98541611557522,0.36197814162334224,-1.6131384089020189,-1.828785491480527,-0.6894070072773326,-1.3620204106478802,-1.1087638307162462,0.2981635794748481,-0.11580348784593962
TCGA-D1-A16R,0.6758940189609614,0.5312283451542671,0.6826984309345618,1.1622620949850573,0.8823421505784121,0.535212740605527,0.5547799241277838,0.1519336622697843,-0.05398686026367148,0.6741609270998831,0.5554513121986949,-0.3244207198252252,-0.6601606291215124,1.0023657684719898,0.4603581419582977,0.5277439695930654,0.80810005957277,-0.668426711985399,0.5333597200529239,0.8847608935842407,0.42583333726908523,-0.22185981685346748,0.8402891147956923,0.2850232195181549,0.32722887997135036,0.33695059958445245,0.5072649990413037,0.03634265571435385,0.6326236185786343,-0.30364405910053655,-0.18300618802897567,-0.7042243204792806,-0.27073217766154495,0.11715863512617278,1.2612130878638748,-0.0809225220498255,0.3324096107188199,-0.7512653608947952,0.8482323358883208,0.6954071824065523,-0.26479898471956237,-0.16680308648891012,-0.8549867472310403,0.4287696864148008,-0.07379028993529163,0.004669232341200446,0.2993304434217171,-0.20446347579783766,2.1378055938599325,1.2602929187016965
TCGA-D1-A162,0.028067472155903894,-0.6239980552590689,1.1306524509036584,-0.21345557499227982,-0.4981323482972701,-0.6140399577833778,-0.3851762021781792,-0.13397965750732374,-0.026975421160838484,-0.3778961507327175,0.18873967588840723,-0.6327845043773092,-0.005557348091094625,-0.3875779077202726,0.9568992080523541,0.5904856405995476,0.33481952958706307,0.2291483719399108,0.5785351436110775,0.9250359116500759,0.5554115841867641,-0.31390737666325297,-0.45516478404801414,-0.06851711393359776,0.1621301558632774,-0.1891548115969426,-0.17323773120376168,-0.36054117920564305,-0.1589123259501789,0.4183765253800001,-0.10189146255220466,-0.04324095009680577,-0.193153556707035,-0.3811899596101959,-0.7619693660047713,0.06998652464571338,-0.6809748868263994,0.5836553602330053,0.5188720035983477,0.22293281546964328,0.9351453486389965,0.5149064232236698,0.372860783432625,-0.25291934103111957,-0.3837219471337593,0.24852248786394368,0.04142074295772267,0.09396597409790505,0.4451654362505537,-0.3050242818888381
TCGA-A5-A0GR,1.264807416836889,1.5476288691890445,-0.6532837573470206,0.05008038010721891,-0.14589623863080042,1.0578824299202558,0.38982280288445464,-0.1880013553807349,-0.6735431626553702,0.4773691480397856,1.406661680774795,-0.6480973755956867,-1.4115345063139397,-0.6146607722702561,-1.1924527957325475,-0.140053701265384,0.16918248893312138,-1.6592733576315764,-1.6078931972502013,-0.8991124824614457,1.9941255338995387,-1.0509226345863052,1.4558218072152478,1.1176686637613542,0.5574931037979143,0.15708117729082885,0.873727112561223,-0.5828987866316898,1.0449456216508932,-1.6123555814823127,-1.0474221890669313,-1.2111839336006354,-1.1190292931629968,-0.5388520057556553,-0.811254579574314,0.3119538674866818,1.1913366805224277,0.28457976503633814,0.15266855385428635,0.37546728996649054,0.32190954869074423,1.7607056011429707,-1.4228282780720285,-0.5332333744947476,-0.2204101823497632,-0.8129907937196647,-0.15245245667611348,-0.03637374389489789,-0.7908186707982606,0.871510910930835
TCGA-AX-A1CJ,-0.5294570799859629,0.3794620451479355,-0.3447146950958772,-0.41659849611857436,-1.5570777950780983,-1.290722449275398,-0.9533362183130031,0.5104013787602054,-0.5360031974831797,0.204177388608702,0.1547972531031169,0.23917427327907398,-0.8394509502159134,-0.918955533972455,-0.40597827363116035,-0.5066171657636394,0.40423465103128536,-0.9242174480282435,-0.32890904753472955,-0.2138327871126686,-0.858568116075352,-0.8195220759880514,-0.5473773701133564,-0.22553131198603224,-0.4139296054012416,-0.1325407934202345,-0.14648995938676349,-1.6159469562273434,-0.7381091042824012,-1.4564910698232167,-0.8592822804018158,-0.7755818548579361,-0.42381777755188554,-0.6007151827298036,-2.0389361389773315,0.50291731093402,-0.6293717732229854,-0.33656298057866796,1.050786792519912,-0.8004007634941329,-0.4849148368514438,1.498417127096301,-0.30158588792867175,-1.2135464662610393,-1.0939626940607836,-0.770801731968418,-0.8652474810871171,-1.2060507129316804,-0.7669958256904964,0.3041419782486808
TCGA-EO-A22Y,-0.6266405502283713,-0.8660129213654332,0.7108411487115727,-0.17320194206608525,0.3156030294761225,-1.056257276706154,-0.16912435319703606,-0.3251756340842495,-0.40422575237679254,-0.31190742100152585,-0.8900949721471145,-0.29967390070663946,-0.027456334707250327,0.2682655651392479,0.8200537928570734,1.0314033079180203,0.09129899353519329,0.05095337388852955,0.35543702445137515,0.45879006381374376,0.0650639512819956,0.567288780890816,-0.6409159496226492,-0.1908826612916505,-0.4412970883076866,-1.1858133331457934,-1.1440014759009898,-0.6565533996990962,-0.5969833664605647,0.28154352044505065,-0.012311292710068245,0.1834747481483169,-0.21105666002097068,0.5542128255120309,-0.7792812870215311,-0.7429813689552948,-0.5515478498534909,-0.6163841495095884,0.7666868217137889,-0.6875685537894239,0.7858586052716169,0.6090747272905203,1.2154292135479734,0.2607850546019653,-0.13997854707584242,0.10946481327936292,0.15729451468430647,0.18286509373725077,-0.13671987193098456,-0.3118806295258263
TCGA-B5-A1MX,0.5847141877970312,0.24618708851071913,0.7948511868178556,-0.5784570381006967,-0.9906509477123795,-1.8751640183411389,-0.05752353158374135,-0.5739274678601418,-0.1592268755954853,-0.09580301739302892,-0.2549034241700959,1.2976614576945278,1.0166413075602871,-0.5750572398465742,0.20232859866871925,-0.02648313430402495,1.217217187130259,0.937834981561097,0.3028667605184988,-1.4402566353163726,-1.1240445920741617,-0.8550497494222185,-0.8424095987962265,-0.5416274080131502,-0.2487244059676261,0.1423454507483967,0.2060975752156771,-0.3562567557842625,-1.0532622274062018,0.453666979491562,0.9387631761754094,1.432842753413059,1.0080509021401425,-0.40963763995547825,-1.1136872499355173,1.7609599161804375,-0.6923655225535326,-0.6114798599948543,-0.4690296377089628,0.9029545382497031,0.5626125747934918,0.0780392724590008,-0.4333533277990646,-0.9453446033042892,-1.4183116542437113,1.000683947771122,-1.0555264401205933,-0.8194713478618956,-1.0412479258693428,0.04889062167788189
TCGA-AX-A0J0,-1.4100686416693304,-0.5809701580491382,0.30909157596794107,-1.2197165575092286,-0.841072937766486,-1.4399051895114863,-0.5802639195565065,-1.0686873269444337,-1.1154721852269447,-2.2710738609059478,-1.6854181385656124,0.915385081744056,1.403693706528764,-0.3890576183189887,-1.0006947218997437,-1.64383790551821,-0.28362355508581216,1.5182890925043033,0.8684080492578736,-1.012947206260889,-1.4846180340120483,0.9668143938052682,-0.7825678652357282,-0.9833776055700773,-1.234414093376866,-1.506086051905613,-1.1723267263110315,-0.776927581018214,-1.6892750108775818,1.7056966710024246,1.723467662031076,1.4419882964135315,0.8241870097897336,-0.9067199319037903,-0.7296528182666037,0.26750136370549055,-0.42392090357492,-1.0530462987953813,-0.39567382341078583,1.856049979236388,0.445253394894124,0.06155317179132995,0.5033936627240067,-0.12539115852856725,-0.959775732809875,1.3899537990838309,-0.12944905817038038,0.18672752306216828,0.33034401448946676,-0.7447433299476245
TCGA-AJ-A3OJ,0.7066864138640105,0.5196162468706469,-0.07365508067847769,1.007804844724032,-0.13537638509817052,0.1760090099159793,0.9034125572633699,-0.6947542415784304,-0.3310677771727137,0.7664927600962016,0.5806007265038119,0.44304336919302134,0.3801030927452685,0.5354658844552421,-0.24384370102459751,0.5380262675899243,0.352901561794761,0.124859875329902,0.8086921394807639,-1.2737472984494713,0.7466270018866077,-0.4730523189417807,0.4780916684317625,0.4470124862172663,1.013432453043698,0.1208071840760805,0.4327973872672798,-1.1140622366276527,0.9525129623218762,0.006864169375997352,0.6443395619528766,0.8013090150283486,-0.08298864249868083,-0.49746135236690675,0.013651041237721064,1.0080538039960552,-0.19176436498576774,-0.5116309484765276,0.14412084915153245,0.011421963804794374,0.9996187411141252,0.8779635715625077,-1.0049243364418745,0.8209851410039554,0.18616214187196153,0.040780452038557756,-0.16178173017703737,-0.2249866759883631,-0.922684348277792,0.2527250119403382
TCGA-AX-A2HH,-1.1715863429240305,-2.2742377886724743,-0.30822660075876385,-0.5507431766686289,-0.5876151151314074,-0.9053491074405388,-1.3805299235821535,-0.23814193960515972,-1.1299091809519484,-1.1613090340997547,-1.606667012499127,0.1549746548914849,0.5286187055748893,-1.0220791788182868,-0.9902056784076295,-0.7898509820383186,-0.18709391490096144,0.6228926146020156,-0.49558747461745545,0.32361765462573727,-1.6194690944579933,-0.9594212781840104,-2.540355689944952,-1.7333354098891147,-2.077488001557733,-1.1335809514835393,-1.595597653676959,0.042792705008093554,-0.9982150604025866,0.7473216457735724,-0.03640816359626951,0.5369159532155008,-0.01502234624203439,-0.8751164156436535,0.494163682890571,-0.7161294582347786,0.17317580408492983,-0.08347319429054638,-0.089415632803922,-0.3850675949792393,0.4389954711443662,-0.6665626307860884,-0.9411252792009642,0.3531863753118828,-1.3567382667548513,0.5443185088627901,-0.4193376675232967,-1.5329674359539094,1.6022306110478677,-1.466551481009174
TCGA-AJ-A3BD,0.04797229585526176,0.8598273283811637,-1.8328276179101373,-1.004759199095608,-0.18964565254490284,0.4083020344716053,-0.0649812846860622,-0.29278228237992143,0.0705137586483835,0.4401462242226165,0.4232335359498696,1.3157587863336915,1.1267891397908516,-0.7803487570895953,-1.2044791199383895,-0.16897889066281022,0.004859444537944139,0.7485237131044864,-0.10270583624151727,-1.258384551348022,-0.2786110231880297,-0.40076987974844697,-0.21118363899528347,0.7998104923267998,0.18654529829802494,1.4663654578307417,1.0317065207799392,0.751261859991789,-0.2831201392793854,-0.09133072116915703,0.26580232677305177,0.8716008394431751,1.4257728098455678,0.24511820039975435,-1.5857867819940834,1.0293575841419147,-0.033375931549734075,0.5016774964187581,0.17991798014266308,-0.7145676349765961,-1.3610624914307448,0.7545524487568661,0.6590210865375097,-1.4461873274958734,-0.2814835175332605,0.40939242653394464,-1.439834475529852,1.0802559827643303,-1.4272686893247157,0.13274702683217338
TCGA-DI-A1NN,-0.03421668909033221,0.9155088528932327,-0.23037257694905497,-1.5847248396082365,-0.31452753685377494,-0.5624952654435889,0.24880336945601988,-0.7544211563978807,-1.064755240288477,-0.8952161950566204,-0.06561923822508098,0.7753497072536505,0.95457858709828,-0.8130888703296356,-0.2650461015137396,-0.2692436080313163,-0.7085315877360626,0.9348616270971108,-0.9571532715002196,-0.6621605870880538,-0.46889354401643535,-1.0822943524883337,-0.45031696565085105,0.5994493776322726,0.44715647534919395,1.310289504880085,1.0944461034201365,-0.21251350847687464,0.13196902871750993,0.7569002512235486,-0.16145896065350782,1.7105919134189544,2.0582029629949465,-0.7471228819744096,-0.3407845157538639,0.6099768961409486,0.11569526185358972,-0.9783137918356116,-0.7060664507860411,-0.11548413972790685,-0.3254924961991924,0.3418618440279973,0.3968011727804955,-0.5315242158201982,-0.4649139286008737,0.2849105274135595,-0.756138280070561,0.13453644383152732,-0.3856842721339982,-1.3654767857521521
TCGA-EY-A1GM,-1.673428444725735,-1.8827500090832445,-1.0531237499993746,-0.19658941420945522,0.7160134922355617,1.5804909394267042,-1.8256396061897167,-0.3960560827868974,-0.234217844139175,-1.3781621910796913,-1.615668676879152,-1.076556862750514,0.042818628080197346,-0.39993771316937515,0.8143904538305176,0.32500601834903725,-3.0309239268670862,0.2173568226445442,-0.3395283135303216,2.679234241856195,-0.7016881689262082,-0.5352250708919933,-1.5511941636157192,-1.5135512339124249,-1.7628553441799328,0.18892410729311374,-0.7072188352939597,3.545456720362228,-1.1159793824301016,0.5936416773586657,-0.9324262838769762,-0.7620109620235436,-0.243690272117462,0.9032127980611014,1.948016910267807,-1.3162668834321039,-0.058983313695919956,2.9110932344138347,-1.7932890555181482,-0.12661056404612095,-0.9023718533294409,-1.2979430145699782,0.4912811095394091,-0.12551141052939113,-1.1281019493233946,-1.0356715459467505,0.42591448919686925,0.5377442333713712,0.6743756527073418,-1.3645055448900625
TCGA-AX-A2IN,-0.9440042010425211,0.232396488970127,-1.098414859412401,1.1915888647430015,0.9102455445644712,-0.9527278161447638,0.974006517506603,-1.058364442166382,0.4511376333503175,-0.3806801118811458,0.27752250318822475,1.0784276103608827,1.602632894549976,1.6079519818910524,-1.3304794845314325,-0.6679294193914032,-1.0804735871860154,1.5130053707951168,0.024456734379045244,2.3582388920329342,-1.5610599839057404,0.6674572268572602,0.5934097011614482,0.28713599913879506,-0.18791550148906627,0.09372235919063902,0.19431336371578525,0.5337598917749169,0.8605448828465736,0.9690286613131336,0.8647645394405933,0.9129876433276319,-0.44899659825223187,0.9685666590411938,0.9616567447553992,0.3290343876999126,0.042157410818645026,4.4542056119781135,-0.8588547151544205,0.5146686826305685,-0.32237230237841263,0.22280151655185193,1.8647092354372188,0.36613486949532464,0.2127607006515401,0.6594354235553374,0.8551170321405654,2.413145254343212,-0.13820712429362492,-1.2434810679913795
TCGA-EO-A2CG,0.8159431284314164,-0.7753266196108964,-0.14469876811087168,0.1100157149237546,1.3302149639169207,0.533076873408378,0.012629694523615497,0.10542021656894451,0.14674140558007104,0.290599332661653,-0.6554833647839671,0.7452777681166792,0.5042656968381123,0.8448130748784215,1.0722190288947795,0.9341105012924423,-0.6574055447819275,0.37254749895333444,-0.7379219028664148,1.046845742605952,-0.6753126448241598,0.2671968519963282,-0.13151780705427069,-0.7534986919647626,-0.7054622335851238,-1.1560369978682266,-1.2101980901267086,2.0956702244285585,0.0948159868740616,0.3521142367981912,-1.0428210082887952,0.6484342837034709,0.940074590283543,1.7643398672636585,0.8467408073347623,0.8447100861648261,-0.816602728771849,0.05819463839110835,-0.5599975792417391,-0.15556008421737386,-0.8011894184892479,-0.5097944852473607,1.8726367548051843,0.9676689812111484,-0.4702481241214642,-1.0599836740642516,0.6399502647103771,-0.018758371307133936,0.6949826707801869,-0.1764324685556692
TCGA-A5-A0GP,1.4083420743773587,-0.3305122457419818,0.3616940510291264,-0.20008213948522535,-0.3424651804088568,-0.15456355145614964,0.10794552415531508,0.5430964509504895,0.5609135849122334,-0.06336069395297465,-0.27930820236806597,1.4171033357260103,1.0289015154047632,-0.22858348342970636,0.9136110000403186,1.0140705623691044,1.7629259037191414,0.9685374990017271,0.9176725562520737,-0.24753525045927105,-0.09295250406683872,0.3283601368384365,-0.4418420294848021,0.12422097158515052,0.0069357667742568595,-0.2968808992576236,-0.28313501700592364,0.42343601680926357,-0.6318337932979022,0.19094302447504274,1.2277377176685225,1.4347553362335892,1.4109734946854806,0.2001067934754893,0.10333873880249937,1.9614199561327499,0.3526955241639849,-1.4902160745300816,0.7333699147997008,0.6801557181880494,-0.5893470759305003,1.9806863674234847,0.4127583167522742,-0.44001984071644373,0.006373710734165317,1.296817267579348,-0.5617637790778677,-0.10928109281143171,-0.7067645876327074,1.1804362775170172
TCGA-AP-A0LN,0.7355589444403412,-0.4493989499871982,-0.7025514695717809,0.3214341211364435,-0.46390659245418486,-0.9077124471441785,-0.5067666402596798,-0.1556329165897438,-0.5703005679942269,0.5092072904241837,-0.24647013885721605,0.1220018111509561,-1.2237367868199682,-0.14333698910821,0.7610411210060327,0.5257377610785681,1.0848473684402258,-1.4255070743219425,0.4725191700291143,0.8363524544574631,-0.7250647132300263,-0.09760170855196354,-0.22714418057490401,-0.2319518387081466,-0.7386549511720394,-0.8033385579353346,-0.8480553733478697,-0.42242044074983404,-0.10012346203707266,-1.6472517386294807,-0.5584713971728225,-0.2972525160454892,0.02949855179315319,-0.2663393742123408,0.19008670361976904,0.6612329987800193,0.9365485445498338,0.4505426679642165,1.2888574932831982,-0.3902956400064611,-0.7636103509437472,0.9483167942129461,-0.8015731894263476,-0.4932510349267863,-0.46830899813950977,-0.03844102802465252,-0.799247537069982,-0.7966289435620131,2.4520100921020878,0.767902583065977
TCGA-AX-A0IU,-0.9159751930736005,-0.7677779711860896,-1.796586753338816,-0.848473170317818,-0.03172738575999924,0.16963368930103098,-0.5275731658345433,-0.385614479395824,0.0813414825573006,0.17068561855608058,-0.9246900730976909,0.6266634073269871,0.45269532444134697,-1.1801162076196208,-0.5603279642700837,-0.7960863993102232,-0.8546376357056114,0.36271458379701293,-0.613148620942258,0.024835919555693354,-0.33349539826771113,-0.7653620677206819,-0.6788712798369385,-0.9775244172687807,-0.6415830421044851,0.4419430841735741,-0.12578441161069956,1.30327091307661,-0.8927594685507381,0.5769490813150746,-0.9564304109171463,0.07817444406207782,0.24089965113167136,-0.16230173338304085,0.45118494288797145,-0.13290945606848206,-0.6155043478829042,0.28758364576200685,-0.18451303283331716,-1.106795766466362,-0.7923112971056925,-1.4410993101393546,0.2396764214809277,-0.7853383763433714,-0.5248919395096275,-0.8727383022268375,-0.7576347524518251,-0.23179901061029004,-0.2717019927291725,-0.3548313017797663
TCGA-H5-A2HR,-0.07088840120199927,-0.13218920223351327,-2.4945819640633253,-2.372724646585098,-1.7422420252661317,-1.0589929131753189,-1.4655374433565163,0.1088042040456595,0.7310524759088369,1.2824359109451038,-0.2678862695231889,2.081871334049498,1.2384774635249058,-2.071922545247282,-1.3627481061726867,-0.819117918576105,-0.2838135672558794,0.8721605783763243,-1.3919314823742996,-1.6332316949896966,-3.5020406618430466,-2.6353176210191624,-1.5559126429393513,-0.5323851518718882,-0.916131242225636,0.8925061007640545,0.21297404911053847,-0.9354897480816212,-1.235466150264678,-1.4403384790196339,0.0815334148825784,1.2611724502282637,2.7562702808873465,-0.8759002904832562,-1.8796329842804667,2.0846535358223495,-1.5678870284812385,-0.9534453622611837,-0.3281264026272227,-1.356804235835061,-2.648585121223041,0.9226900309931836,-0.7246897149533411,-3.2459448084833107,-1.5707385677620915,0.09200325304609672,-2.809164245677276,-0.056228307142261694,-2.174833840797209,-0.16597748206002672
TCGA-E6-A1LX,0.1752475963920544,-1.0457333641716138,-0.560992526575194,-1.7446068147443554,-1.0301065308356636,-0.04309502315265648,-0.5680219713519181,-0.9685404180047416,1.448726485133162,-1.5775968046785793,-1.8637604337893872,1.2633922585312243,1.2384110411935534,-1.097332417842828,0.2019160290537167,0.29504392871028373,0.6691659923606672,1.1917242094982374,0.7758741043821942,-1.4791480804466197,-0.9471177168724517,-1.2111512836894567,-1.084569239258037,-1.3623751695798036,-1.2662723854165658,-2.1541357924247717,-1.9035559579181027,-1.52589267917351,-1.3795302183907854,0.5293212405145304,1.2934287321255236,1.4085954516125665,1.636434232544045,-1.0827210023205285,-0.6376080032574046,1.7228810048836072,-0.4152467895994183,0.031059201407323697,-0.2271299366215738,0.8208606894438619,-0.07913358347814944,-0.06690401844504756,0.005360802084199951,-0.9676750467245013,-1.2532732973918883,2.08287879991948,-0.9489927795123845,-0.9733078087594718,0.0699728260802675,-0.7063247686537464
TCGA-FI-A3PV,0.24833726057587668,-1.3973677928931725,-0.692719597101264,-0.6251475087845717,-0.9074202397897951,0.3112288711650725,-0.42528926009484735,0.3040768488091553,1.2365359934239424,-0.6835338163787498,-1.3377862719561635,0.3307550406490885,0.44698005677682023,-1.180136194584948,-0.31690027460423326,0.26095681946060373,0.1756624215976581,0.49021225873889634,-0.2583416416435314,-0.22768880459588936,0.36472827149327114,-0.5965502120002069,-0.7818311367014128,-0.954826675567689,-1.2448534943566671,-0.28264046459918346,-0.700962230494032,0.47003421088955083,-0.8169522800897666,0.07420131846975653,-0.33541162177347844,0.03847902846661514,-0.22990523821115172,-0.25798079305448623,-0.20423648341701997,0.60852140387512,-0.34514604341469163,-0.4531182200388605,0.7727318429612811,-0.03807025227348552,0.2834563431260811,-0.4501836666139836,0.5162151296685658,-0.40062615744031355,-0.5063661433681715,-0.34216838708736086,-0.5143957839318294,0.5684315656259523,-0.7646352852457693,-0.3054682458088935
TCGA-BG-A0MT,0.4360077019363779,0.0003993054324166611,0.6735552435982946,-0.6294450954065904,-0.8299326953222529,-0.3003838681165696,-0.38628389669548435,-0.305718432040723,-0.06867117969927457,-0.5527864576072007,0.2640419326859558,0.37531903525030386,-0.011900293258723353,-0.5053971028525024,-0.11586108609880041,0.10065849231450695,1.3108543245886897,-0.24305249259408085,0.336042464515179,0.22554270508732435,0.0182893021431071,0.01041676408407363,0.2465421215582324,0.2522458771373563,0.4208564956610775,0.7402878553534155,0.693933575155805,-1.5064405282621214,-0.03162586446269984,-0.6591464069913442,0.3618783759637545,0.48948054506449185,-0.12325526540005931,-0.7512147460110449,-0.07941653653842155,0.95845051848366,0.12447160269060072,0.1287189544904462,0.9794564314247862,0.4589460908232207,0.6107687345170861,0.9576746737711985,-1.6439343451638613,0.261928239010724,-0.21990329251741567,0.902351866334573,-0.18587688640268132,0.5156952701176775,-0.5470989827672142,0.5075918911477421
TCGA-EY-A549,0.47975158178783256,0.17190684864345898,1.0868342768309225,0.20713960164497294,-0.7362561912034555,-0.7881875247826279,0.6575627478037068,1.3766604960263122,0.12957888439764842,-0.120593311803564,0.517572818167231,-0.8927597222096939,-0.8994035089271056,-0.6535538720223307,0.649160811463648,0.48673915837770365,1.3411307730909732,-0.8390631805537261,1.2535290565635038,-0.6835013250153817,0.5827423318749362,1.4422810419381165,-0.17593919034446232,0.5144669244951153,0.3302888524752761,-0.4557456988191956,-0.21754090220523845,0.25397782798648066,-0.0005701596401522848,-1.0852002163504932,0.3717083287865352,-0.33452932659088275,-1.0576314221601057,-0.46824497741638815,0.012095673837276173,0.08300807452055324,0.18959242448463806,-1.1782917807881188,1.9115951941945377,-0.2636223889730493,0.9245263135905792,-0.3598798826709275,0.8772134723580739,0.009214180200432014,1.1510994875567255,0.029838289551087017,-0.42499045029298804,1.1909487789198414,-0.4220788639020098,0.6057013051606316
TCGA-D1-A1O7,-0.12458531821293865,-0.3306486218375549,-0.4348981625517022,-0.15802368183312965,-0.4325871924386731,0.42542738366250105,-0.24548906988406993,0.5639296730953159,0.2315289308208884,-0.10927658286262779,-0.21422281098230916,1.039910207806365,0.6232233663190869,-0.8475445392919533,0.4761427919418531,1.020472361363062,1.274566596718775,0.5338561286164607,0.7264075736995685,-0.24770248711882456,-1.2974810296242452,-0.3442257966401585,-0.8050668946060117,0.23459017070276075,-0.30472460973212884,0.5311918688722906,0.17516000995787848,0.1802783949803034,-0.846156172380695,0.45905321250242265,0.49425020148700566,0.578828220352904,0.0625988001062319,-0.569199742409473,-0.48492278205109485,0.4124325930766944,0.7264446104374686,0.26412753503860703,1.1629759315152979,0.6267417744492689,-0.3906403827110352,1.4099744951304323,1.2154227020542998,-0.8373289761060813,-0.1888708750785613,-0.3778979642184473,-0.8431758011499129,-0.051158195415422526,-0.9598066308893463,1.6481944200364347
TCGA-AJ-A3NF,-0.24656529843769093,1.0956697496298056,0.8979905153948673,0.6439995216104526,2.663607143613553,1.4652602155145762,0.84179750602146,-0.5078094410501275,0.5523421066306694,0.6753590009179886,1.1563627430391514,-0.7189350138518114,0.5172733143745617,1.5432658737348357,0.577647218247185,-0.09608177354876034,-0.46073288374156884,0.6583621587939881,-0.8688978774012281,0.7068129138867546,0.4423036627383209,0.20869313942493126,1.1777204301057387,1.0159305295858954,1.2108747854410222,0.8455268836419224,1.00030892951017,1.4271280773575914,1.605398202141399,1.450769509029245,-0.1951965894452717,0.18756728168820738,-0.21128176872470564,1.473095923865665,0.9074329893686344,-0.9478259562203144,-0.32075159199875153,-0.5219276452391378,-0.5130669248349233,0.33335436715413547,0.5482860653732449,-0.36035803975491626,1.3623770241229223,1.222792050498417,1.0750578671152613,-0.2909001514977481,1.612929260614912,0.03834579922690473,0.42086341290679397,-0.4305128338123752
TCGA-BK-A0C9,0.3550508680619243,0.3335325620662872,-1.0530023565257736,0.2433629352101351,0.2799848435963979,0.5349398547022937,-0.5347589946304905,1.4906212273095316,0.19342344427415917,0.39254840652481965,-0.04917555639309418,0.42104241801948405,-0.2152401370800913,0.06219927222238538,1.2218153662024076,1.0243280487328126,1.5489252257870352,-0.2760673861038748,0.7862366531837859,0.49845931777461605,-0.31709125206515026,-0.6700166736470595,-0.24965593092212696,-0.20208310458720435,-0.1913418425831635,-0.17713562968811483,-0.12022376830918408,-0.3217612400977277,-1.1400391387813285,-0.9755987996168071,0.04929552026878106,-0.28705249749909817,0.8116949496091597,0.3234085939438093,1.2343153798868185,0.43812743681933725,0.28749715844652146,-0.7970951883086795,1.2319052593472677,-1.3330685855490092,-2.058593248995876,1.7284204338764815,-0.557375335606928,-0.9803419627171976,-0.4505607185966929,-0.3296925460446004,-1.1513639995950715,0.3852983569123063,0.7706097412137145,1.943041081315107
TCGA-AJ-A5DW,-0.5506533750615955,-0.20298235090249153,1.6566498412661854,0.4648123375872254,-0.5088381045208323,-0.4144595353375719,-0.001913401254323894,-1.100480487018535,-0.6345167742704921,-1.2630356481514438,-0.5009610845980759,-0.5250973244665545,0.9431857857482375,0.04882506587070212,0.6506259441242408,0.2296130790906119,0.6738638324609972,0.9628578124080439,0.5813972377463341,0.7375932971611007,-0.8543344464453952,0.2080654029329642,-0.0687066542143819,-0.26646259282272783,-0.18942050869179938,-0.6653833951340333,-0.45522805719972675,-0.8853752392084552,-0.03514977600636489,1.5634003117049966,1.154158921223563,0.9813158514005665,-0.12485060439831591,-0.8369686226271709,-0.7759297213808919,-0.3963749725802988,-0.9377668847776097,0.7700476874535516,-0.4907316197801707,1.6182948335213703,1.7643427966313046,-1.1976573484590283,0.6910077096791916,0.20230941424049056,-0.15656870999269185,1.4522265313249645,1.019102752569833,-0.876911871720182,-0.2595023332026017,-0.6369682319802991
TCGA-AP-A05J,-0.5534347320817392,-1.4972224706006507,-2.41542378114611,-1.6577106069494456,0.8401308033717727,0.8983048285429217,-2.463119331649289,-0.017528294104431266,0.08583921088541767,-1.0401169399837942,-1.4831752746146576,0.6715511711417819,0.5524269233174012,-0.8298267982974419,0.14822685673332428,-0.05268877119726269,-1.041075037200248,0.5000929331334796,-0.2607185098826948,1.4407492075627342,-1.7190048932260298,-0.7345023821665286,-1.648038280133752,-1.4334264536367132,-1.850004801172348,-0.5127377909168082,-1.255195942475624,2.251763490128489,-1.6483864602373337,0.09726390871566012,-0.7151043948472104,-0.32031098322464757,0.9237501452415056,1.1407114068995445,-0.09385972092344413,0.8768801538996067,-0.7554345428919496,0.09326091446473224,-0.9117686941902912,-1.2849841680122271,-2.7673338050020315,-0.9062430970585998,0.7254077606121255,-1.0842381151583478,-1.6492925138166954,-0.5836609350897494,-1.1864386342331186,0.5959718504555731,-0.49529013320752513,-0.8769819869828102
TCGA-D1-A103,1.662277419039335,0.4093698990924338,1.1855972513964157,0.1733843771000316,-0.43154035162747556,0.44395408494238,0.3374921879414345,0.7104026064416009,-1.0005788035371002,-0.3130373334340089,0.6181722054734933,-0.3649516442686721,-0.28011058798970273,-0.4164921703344351,1.5525438115232488,1.0288664791244264,1.7060065898147394,-0.1957177614852511,0.8879275188006852,0.7337219180722879,0.8551937232598394,0.22969642510199292,0.22057174301158994,0.41585595958733484,0.3442920832273293,1.2675872383289166,1.0842812619575015,0.28292649665526676,0.17859497932796783,-0.0849210068259212,0.3184890008607395,-0.17150730879169707,-0.32507121605039807,0.20205962432032767,-0.6856628710790281,0.7453256502822191,0.2906095458439838,0.5993155065565937,0.8421520939121141,0.2383841167322774,1.30314275426151,0.570588635496553,0.26180320359578263,-0.06935657952435564,0.17217353932011603,0.9878495561452817,0.318516180334202,0.330430827742936,-0.26622144325728214,0.5464881329205837
