patient_id,HALLMARK_ADIPOGENESIS,HALLMARK_ALLOGRAFT_REJECTION,HALLMARK_ANDROGEN_RESPONSE,HALLMARK_ANGIOGENESIS,HALLMARK_APICAL_JUNCTION,HALLMARK_APICAL_SURFACE,HALLMARK_APOPTOSIS,HALLMARK_BILE_ACID_METABOLISM,HALLMARK_CHOLESTEROL_HOMEOSTASIS,HALLMARK_COAGULATION,HALLMARK_COMPLEMENT,HALLMARK_DNA_REPAIR,HALLMARK_E2F_TARGETS,HALLMARK_EPITHELIAL_MESENCHYMAL_TRANSITION,HALLMARK_ESTROGEN_RESPONSE_EARLY,HALLMARK_ESTROGEN_RESPONSE_LATE,HALLMARK_FATTY_ACID_METABOLISM,HALLMARK_G2M_CHECKPOINT,HALLMARK_GLYCOLYSIS,HALLMARK_HEDGEHOG_SIGNALING,HALLMARK_HEME_METABOLISM,HALLMARK_HYPOXIA,HALLMARK_IL2_STAT5_SIGNALING,HALLMARK_IL6_JAK_STAT3_SIGNALING,HALLMARK_INFLAMMATORY_RESPONSE,HALLMARK_INTERFERON_ALPHA_RESPONSE,HALLMARK_INTERFERON_GAMMA_RESPONSE,HALLMARK_KRAS_SIGNALING_DN,HALLMARK_KRAS_SIGNALING_UP,HALLMARK_MITOTIC_SPINDLE,HALLMARK_MTORC1_SIGNALING,HALLMARK_MYC_TARGETS_V1,HALLMARK_MYC_TARGETS_V2,HALLMARK_MYOGENESIS,HALLMARK_NOTCH_SIGNALING,HALLMARK_OXIDATIVE_PHOSPHORYLATION,HALLMARK_P53_PATHWAY,HALLMARK_PANCREAS_BETA_CELLS,HALLMARK_PEROXISOME,HALLMARK_PI3K_AKT_MTOR_SIGNALING,HALLMARK_PROTEIN_SECRETION,HALLMARK_REACTIVE_OXYGEN_SPECIES_PATHWAY,HALLMARK_SPERMATOGENESIS,HALLMARK_TGF_BETA_SIGNALING,HALLMARK_TNFA_SIGNALING_VIA_NFKB,HALLMARK_UNFOLDED_PROTEIN_RESPONSE,HALLMARK_UV_RESPONSE_DN,HALLMARK_UV_RESPONSE_UP,HALLMARK_WNT_BETA_CATENIN_SIGNALING,HALLMARK_XENOBIOTIC_METABOLISM
TCGA-27-1832,0.5880992406831936,0.8713373785760665,0.15007854151103125,-0.16758704508703653,0.14378346966418673,0.28433156296960477,0.9418253760601036,0.475991227007801,0.7014016570207374,0.5889032197476676,0.6728464531148615,0.6827443269486624,0.3979601380930219,1.2883195170374149,1.0033459494880124,1.876324137808784,0.5947667370612394,0.07050340488210766,1.0689382895495543,-1.1180896736628243,-0.033150371165305295,1.123479070921825,0.6446166549768113,0.531051929798671,0.6541983430526841,1.2679548849629352,1.2616461662630873,-0.24749127054967412,0.09611989225443231,0.0388279046369736,0.8115239481055729,0.1350079290541693,-0.3975679794992247,1.1236769901298627,-1.5329758781902967,0.15314442847005683,0.7336091822706616,-0.9881863956621589,0.989479069287663,-0.15973189782274602,-0.5999734641954774,0.8405896988855311,-0.07118831133099106,-0.06160548951942503,0.5800957337659081,0.39774924278712115,0.4954712572114499,0.5163407647067838,-0.23690509348534433,1.4055546140843491
TCGA-27-1831,1.5872186955071774,0.78600977028017,-0.06391101358573979,0.3706149536795205,-2.634109780862607,-1.6600732909230387,0.6502035970643001,0.743653963398701,0.5662672274104446,0.4054812159073406,0.7082815386030903,1.449474517032526,0.18774315651818824,0.1665992438777607,-2.0659630643191664,-0.19652713551582507,1.9064869641900892,-0.4703497551048153,0.6229546553538738,-1.9891008755897581,-1.1174056866775501,-0.05074950572383352,0.31187242357966094,0.3611923643044278,0.44249772531180603,1.4617951302885779,1.3701496125044843,-1.6093850671497625,0.5252142323960889,-2.375701832454551,1.1370129639667366,0.8771734688358879,-0.07108052104546984,-1.0665224145484289,-1.5216141328165402,2.2903644583819305,0.415794096841017,-1.1292985108805869,0.9674636525241084,-0.48424041075313096,0.987619717513069,-0.09177570973260625,0.021031201851302472,-0.8934121076176491,0.18353099090450778,0.32354947645661597,-0.8366856085170052,-0.4842125820898601,-2.882135010963628,0.7681965463061711
TCGA-28-5216,0.31469366684091565,-0.27838490332008575,0.7296633903276597,0.4299208146868846,0.41075628153238775,-0.8995470408501294,0.33682175438877343,-0.8284790822837381,1.2791020016192707,0.5639133299980575,0.13828070975838236,-0.11798735063958173,-0.01961161129415339,0.7061623607311844,0.8337792778537814,0.870768297345572,0.3868206655636051,0.21246096364335554,1.3924927966082832,0.40113437387054907,0.03272648915157117,1.5388791730545692,0.11505423500910103,0.18717343298201927,0.14352633982955526,-0.768428097617699,-0.6180637225017264,0.07813475939331697,0.40810245556104663,0.21359028272154312,1.1405789758198805,0.5953098762220937,0.5529628652302357,1.2617686709738152,0.21831166434853433,0.35967630348351853,0.16976683001319234,0.3553236796510789,0.34762618462809597,0.4637932600322176,0.7696867884217558,0.8830613558058624,-0.09134360906383815,0.4944526260630161,0.3881979135099403,1.3946554687777442,0.6317821805015336,0.37704416732913326,0.17280824874937725,0.2765749032260808
TCGA-16-0846,0.07876294394536983,0.30534176395674034,-0.8400444112178258,-1.393566474940701,-0.23662574955073415,0.22201264400372625,0.023747333707415996,0.28706194559161646,0.8668538882494742,-0.21739960188230395,0.3658004170669733,-0.8468029291293658,-0.745977753355602,-0.9882087427994156,0.55801925577484,0.3655013815080412,0.5185389275444844,-0.581014885495906,-0.9791465801834349,0.868637813539499,0.4965325899493769,-0.74670889440529,0.218575494699369,0.3080492234652758,0.4701281756277954,2.2938634256299166,1.6334678681377477,1.837158790164792,-0.12848441148379897,-0.34827537335760694,-0.2791265550364744,-0.5300008816618128,0.044651375784746074,-0.11191124162687442,0.8229325244843299,-0.2189264050858949,0.3443107810041402,0.9083335200308811,0.312099405928346,-0.648479099683298,-1.2076866999219253,0.32742906071083994,-0.7749747221256266,-0.20074908873284256,0.09222500661445385,-0.420071844185879,-0.34028992254942664,1.008286445645044,0.564757624052159,0.44044342018598825
TCGA-28-5218,0.6722198433982339,1.5571620990518327,0.5510657213847238,1.231216115416007,0.5422928228769492,1.7122387313975527,0.962347960048902,-0.7220097350504897,-2.4007716363078626,1.0410469867527798,0.5656880655801854,-0.11003535987934598,0.3210757000848472,1.7612497488883707,0.3736024935814225,-0.4717072031620701,-0.8358790918418527,0.530856575691912,0.6967159902223138,-1.4872485350348879,-2.522055915929643,-0.11549282557154045,1.5984577838807776,1.342819762789378,0.8255420593910899,-0.2526853191640924,0.403215117315137,-2.5916156520455536,1.2513305293095809,0.45458022115432173,-0.6637427824992771,0.36046750128023697,1.7402859343234733,-0.3320292630738785,-0.45615328386848686,-0.6995020002723858,-0.015985350089246845,-0.25434429212427884,-0.032103204405793256,-1.4454616588749598,0.5525462598845265,0.8424388824975483,-2.232936535623115,1.872869873475031,0.6296926332106748,1.2381594441568964,1.3761962825062055,-0.8871492979144135,1.2715246333137378,0.06440208856605578
TCGA-06-0178,0.8120589798640697,0.0549115153318287,-3.411226959247635,-1.6808149926311193,-2.4530268535112136,-1.4343211770883333,-0.5348324786529555,-0.23025195720794173,-0.45752650646147813,-0.3115093615486994,-0.31821729980562347,2.3517894754714135,0.6280235665733314,-1.585354111724638,-2.598245828259418,-0.6314464237212379,1.4255442797240208,0.01581167002115592,-0.49942022016850524,-1.5392091616696393,-1.3252745632352219,-1.3036227580374131,-1.1073435894636463,-0.6185638293369208,-0.6121986445770454,-0.5307874269193151,-0.5192771629141324,-0.7136986233960813,-0.4345973482438244,-2.2870254721243723,-0.3145684984150888,1.352034461356128,1.7106359621469778,-1.9027404323447723,-1.5438483489598578,2.33658999485468,-0.34161559765230587,0.6490489582224825,1.281263416921653,-1.7733025130668962,-1.9466873383576995,0.37636418428772733,1.0202098489422748,-1.209732920378475,-1.0258710634654558,0.21264314370789253,-2.8927518257626623,-0.09383184339258628,-0.80206410768663,0.5458972533668615
TCGA-06-0238,0.36182568133825,0.2932528306080717,-0.22095516256448622,-0.5152726065470385,-1.2843734217321396,-0.9914489360901894,-0.04574851428302866,-0.7220421391755191,0.46599008917580403,-0.07454540876609705,0.31020465119186563,0.8888780091496644,0.7417525473517217,-0.8150613424562516,-0.7061148006522218,0.6978552973256238,0.8224602332820294,0.6037619053705668,-0.3193762754947154,0.718091052861839,-0.8241752259192094,-0.6352200212824393,-0.3399651880602303,-0.09983796418951005,-0.09062130042397827,0.44671663975488457,0.2968834550344682,0.6071030755682116,0.3757755448982569,-0.56856116315815,0.7471285675295722,1.5474978350803703,0.5022133147502503,-0.783483768054771,-1.581741252943558,1.5008744703029469,0.22455934680480547,1.715952724688644,0.8264805616340685,-0.6530711046326158,-0.1956815351110491,-0.16609892574450313,1.3585409366978356,-0.9284334000914466,-0.49795901884803917,0.5526225901004316,-1.0460493887268398,1.0287049368923111,-0.3314979238042191,-0.11901096865926042
TCGA-06-0125,-1.320566017272373,-0.9610858066321951,0.32917487023005404,0.4949485977688586,0.6778799610510495,0.82312410359523,-0.5213937916093516,-0.4277105787849586,0.42528234573747975,-0.34485689544908543,-0.8528148285888416,-0.44407463691601,0.40762514523349985,0.34509021830325093,-0.10760631700326063,-0.7690430037715325,-0.7724678031104439,0.4701906352853161,-0.4004106851063739,0.32703666135557513,-1.2676458026809376,-0.025470095852196808,-0.3956884125979825,-0.8318171120722209,-0.6451977173218237,-1.1891602857812538,-0.9944514388063767,0.1299282972983103,-0.7912898489443311,0.9909012249100163,-0.8676560061806967,-0.009664763914354606,0.4814495393679719,-0.2136183631184835,0.9661320831078677,-1.3025518605279833,-0.7882752946303367,-0.2443011706218766,-0.9081165087942694,-0.7401557486659356,-0.06609555490206692,-1.3075299916869194,-0.10204770983256319,0.7894073762719184,-0.19375843514340685,-0.695255610622514,0.7798084717100771,-1.303647924410438,0.6604917601672599,-1.1397152924010736
TCGA-06-0219,1.8150438982105357,0.0040110481010794015,-1.0611133399280894,-0.5569872540403941,-2.2810883878274044,-1.8378373600290623,0.04625256470527619,1.1732979374703085,1.7657717672428594,-0.12597901996847483,-0.052812360717182844,1.9898302639578036,0.5272334857407364,-0.7251105689916607,-2.30152842491616,-0.37416384492706684,2.4653142665201284,0.025045502101551948,0.5180119605159321,-2.072323740981056,0.010206580687283352,-0.34469874942342044,-0.3455657302322922,-0.2840813148309403,-0.02752140012273719,0.8920953551073699,0.5188790611394749,-0.24211979887359988,0.05018172780767452,-1.986794121953842,1.1525453188132913,1.1770598888358554,0.19515220972010794,-0.9678148980226942,-1.902166539332234,2.469015068894691,0.11429779038146345,0.056093152110520565,1.4481168843881804,0.4446149017973095,0.06331676129203716,0.5803329215884668,0.8361667841062173,-1.7924189226955074,-0.5821987278978672,-0.055509867303516036,-2.2308374179173254,0.7385949352698135,-2.3838769000658453,0.8922321910732145
TCGA-06-0174,-0.8642321717565238,-0.9758527227561618,0.22902601940710846,0.11502133203081889,0.4784579857996493,-0.19639686504107262,-0.5289786683982953,-1.7258802601992942,-0.021765648351451842,-0.36939936929214184,-0.840505044465209,0.2023250616290354,1.22472714656139,-0.1877830581480127,0.0008909165101884975,-0.2577945998050752,-1.023331079459849,1.3968836684594712,0.21426633220968586,1.4691301026016859,-1.1418842321980922,0.4046247105929664,-0.6646653920572438,-0.7777084244602344,-0.912048883997394,-1.4504625776511468,-1.4464673240717996,0.11962400120654602,-0.09675302091064858,0.9027033268758443,0.8973986987084229,0.9671831880037025,1.0426388014788337,-0.5311512201287079,-0.062178257931036485,-0.6626165813199861,-0.342199789479211,1.985232346788238,-1.3665662260582618,0.1789306546639815,-0.6241806378851051,-0.7679456316371133,1.4235538068004627,0.49716869969648725,-0.6687872142334165,0.7702373164442053,0.37036130883748924,-0.15025758979547021,0.7371499642024554,-0.7756824299237213
TCGA-28-1747,0.1742442354311051,0.35697520819483913,-0.01166324531980651,-1.2670203023635656,-0.5545352735831132,-0.2711972676738675,-0.3236304399756103,0.4961671024814433,0.8381894797311404,-0.18792570068976278,0.4491706287620271,-0.07105954246055182,-0.15146304019456272,-1.1931625328133955,-0.16676320832785377,-0.3346827683933507,0.8305746345661468,-0.10508623190318506,-0.9445228429868523,-0.5210341502480761,0.4811424812505394,-0.9125686977338591,0.03590831207526363,-0.027469657627669022,0.14763519721546775,2.004791699474188,1.3585416463554423,1.1457596520876445,-0.40210614105796744,0.19985827677165002,0.07491119983119637,-0.14328275380301853,-0.1330954171271966,-0.525815721394054,0.7023561110687452,-0.04289321642161001,-0.29604587472330546,-0.17360256390752218,0.671673514333492,-0.11954773476237372,-0.7474857090347479,-0.7315614855166439,-0.17898877581262507,-0.579940643574926,-0.4311762836982306,-0.9058051291929802,-1.0803172286567897,0.42003375121492165,0.06966213673802407,-0.02320988546524728
TCGA-12-0616,0.038148267857507225,0.09294578329271665,-0.33924630131303957,-0.5031057131432983,-0.97121619011741,-1.2516623871901165,0.0058925366998405565,-1.5512615583870708,0.40649109097113323,-0.08118284118271117,-0.23041091046786796,1.7691939636758118,1.532036326445096,-0.3663541009761928,-1.4692852460758896,0.008755582360741877,0.5952768012472524,1.3752931917065154,0.07791548100717482,0.2265829087966938,-2.163814507715092,-0.4613630001083643,-0.5425578123353599,-0.3550094600006612,-0.3110596855889562,0.09815586716439548,0.021341963704381673,-0.3285928208183465,-0.27631074432503305,0.08091173806877565,0.7789322355960459,1.9291826434836123,1.1789084504365623,-0.5663883413798452,-1.5218377875379818,1.303747357468021,0.3676332951617398,0.5894100125768532,0.441421444808604,0.5876585705586068,-0.7317670816442332,0.4171640325177037,1.6626871080906285,-0.46885974311213563,-0.4114149203125166,1.1409670854503726,-0.8534233561090543,0.660749215180864,-0.3262420134062601,-0.2806978189999361
TCGA-06-5415,0.21557434133332404,-0.8216373247093726,-0.28633500916250976,-0.2672520428409164,-0.4647655014366016,-0.5219683542547547,-0.3278169488543964,0.6314349969971942,-0.6828788622540549,-0.523213009007345,-0.47184850777024145,0.08785183877141947,0.11733404142792776,-0.40218094263964393,-0.12508329509467642,-0.22456301305299364,-0.37243654169517876,-0.011544432768593115,-1.4583608697817416,0.0636077456235101,-0.11529772838676461,-1.1044524019111024,-0.49783123891194253,-0.8606946419767489,-0.8438235856760398,-0.13641263935041276,-0.3220277058316174,0.42880673593854285,-0.8051930000061378,0.08413921276175343,-0.9349828516694839,0.09369393727721834,-0.398988180445602,-0.33986473334893363,1.0382115241938006,0.12085932074955283,-0.45154948552667656,-0.14513984894842266,-0.519293230924861,0.1891715045270625,0.1136495160867904,-1.0415165683937717,-0.2516059719943724,-0.04913484747682699,-0.6515016350325312,-0.7922579673211374,-0.2950493738255578,-0.21557128747397444,-0.03623201035199828,-0.6447338813572714
TCGA-28-2499,1.2316969800919806,-0.2608776924419725,-1.0121310786391957,-0.4256695457735302,-1.2424629393496331,-0.7054181477322841,-0.5201587901317029,1.6100441052559198,-0.3591760854220285,-0.11667909097026585,-0.37831728311258916,0.23320063093062254,-1.4524214734678307,-0.6260569926880772,-0.5475499360039594,-0.9955521713643375,0.6280834705231351,-1.9180997654719907,-0.37956076786825044,-0.7521685644110344,1.239366691543466,-0.19311089381547106,-0.2626063134645607,-0.35231708746854207,-0.5137055334012115,1.506238026954758,0.8782472862446836,0.2941222694270035,-1.4804249036320607,-1.9922126616530558,-0.43252961277225527,-0.572063467765427,0.03339292260405631,-0.7539630918341993,0.08571448065987398,1.668739757840702,-0.03790260038445114,-1.902396299289682,-0.43888691583794626,-0.026636484761504913,0.37680415150054486,-0.583455603021899,-0.9804457709438837,-0.8138035589258609,-0.4611423951169786,0.3546317048677948,-0.9256766577222413,-0.5044655947249705,-1.075897910662352,-0.17931992293068222
TCGA-06-5411,0.11406367597722641,-0.47775397993108726,-0.3090020079769338,-0.9874320720521195,-0.3916336431423783,-0.7134676515838193,-0.6982235702077508,-0.23708391079275734,-0.29579022545626826,-0.15708502009719666,-0.059721649918076304,0.15463094944284617,-0.5783599335913961,-0.8259747098055642,-0.37157180025159875,-0.0036352317486314898,0.6568738879005428,-0.7380108150302992,-0.8609638135165315,0.16443169206185002,0.35859790376907635,-0.8204951915024828,-0.9260107062433431,-0.6913631536149646,-0.5108098296382009,-1.0002099446565105,-0.9606873234287048,0.9094887190129822,-0.016382936537402977,-0.6389389866691723,0.11971455931852831,0.1636864526749249,-1.0678343280872291,0.4951538385865148,-2.45103623485841,1.4014730022311628,-0.19222292171654562,2.2153340646128377,0.49251054423213037,-0.5078404698031591,-0.6103834365208219,0.7716171368991679,1.608537266102113,-1.309603880287255,-0.9890874701918425,-0.49759356608025823,-0.7203417898355037,1.1440022202917979,-2.021112790483982,0.11334086572282621
TCGA-06-0211,-0.500817430722937,0.12628580701168846,0.17954903409753778,0.7523476965043194,0.3484272309398284,1.1315184057984622,-0.0560487781154988,-0.34219266724618935,0.11754449117498345,0.17182993105590685,-0.05865726312806118,0.11076005861453403,0.5098875212144425,0.24113303228904304,-0.13826668682842397,-0.6251914685195505,-0.7433606972256659,0.5501568890729949,-0.1561449545955849,0.2232739760170386,-0.4455381274387013,-0.20540036987049043,0.04256112407528836,0.3290682512651877,0.15528975851633045,-0.5836947982376695,-0.31832372548450916,-0.6045676082002007,-0.07036231632363134,0.6216540243691151,-0.015157352890281575,0.43676991764534756,0.850837974707881,-0.40794565750779027,0.5639977192679414,-0.358164287905954,-0.5323878048154861,0.5118025963645291,-0.34896012164214774,0.4726576198485573,-0.23564114179835335,-0.44355624694928486,0.021107882164281996,0.7452489613991155,0.042963516581545305,0.42183974335382957,0.19226449853661315,-0.08040209211635738,0.6750155443514413,-0.3345723350432725
TCGA-19-1787,0.6023145040001386,0.07623082923318436,1.1412546959101546,-0.5924239902281947,0.5366897979991471,-0.795304144048107,0.43943840385708066,0.3533021828411236,1.497194693584602,0.43989636024680323,0.1999188781276334,0.47366059755064477,1.7284736227458004,-0.2323543523077197,1.097456057040102,1.6841019914097273,0.8889162297373762,1.6259944597462812,0.4073665481803267,-0.2790726398335867,0.09385717944990216,0.008603868876932319,0.2682440062568591,0.10845494667294467,-0.14218396383868875,1.5803179668921403,1.036013168160306,-0.3083594135358291,-0.9223937058830786,1.8861461465587985,1.235698781365606,0.9131359655753128,1.088112292590856,-0.06879007958326577,-0.5106866063661414,0.49292254922136625,-0.05917904689565599,-1.1817301059345953,0.17745513360557952,0.9101068100094171,-0.30060259736459194,-0.4105118456744824,1.779088819540747,-0.8604544835387471,-0.055627771950899296,0.6159079784597674,-0.2106867450393289,0.9324701747011448,1.0235822894862636,0.2785645713939452
TCGA-27-1835,-0.30050808732732254,-1.2800302380521675,-2.0365359206851124,0.27299019537380215,-0.7052728213784107,-0.5289233994814189,-1.4477277028654967,0.6611844393039296,-1.4850690183920017,-1.0605353225148104,-1.483779756492244,0.32943220331665196,-0.029990935661733185,-0.5107032445395531,-0.9085487188101168,-1.8761356146833266,-0.4651556765717613,-0.18440892355435456,-1.5541351460414403,-0.4021383150358961,-0.8354688355321953,-1.7675833206832554,-1.138648055797422,-1.3492257386124316,-1.3259181357857712,0.12976396662923836,-0.4302869321617883,-0.19071100032545504,-1.4859813734362601,-0.22419640630041834,-1.989615993257686,-0.37382242186949244,0.16924811206570478,-1.3127551848343002,0.582272725479144,0.10399220764474075,-1.6272399712106171,-1.3192614682769217,-1.2739996988732536,-1.416456128083908,-0.4396316560159101,-2.1573220079140296,-1.1649166605504209,-0.9120652316527629,-1.2792292688763238,-0.6100795105917003,-0.6503864579281886,-2.187492240464646,0.41569696149648483,-1.0303655263997529
TCGA-28-5213,1.7543981957650074,1.5342949193686304,-0.08774736089435893,0.6345402781936087,-1.1012750240987266,-1.7629265389665374,1.17670710488965,1.5271713329915297,-0.6425588329048446,1.532729578447174,1.3712707211215271,1.1933525708153465,-0.7363695965340677,0.6353691219213513,-0.9746341492820287,0.813815526433241,2.131271721760355,-1.4251098989777409,0.7783328443262251,-3.07309777858495,1.1264990400943335,1.023805080822037,0.9823039380715509,1.5160337042489147,1.4368426359931077,0.8481070118959133,1.2355720128027277,-1.3983829051935097,1.3855992905867565,-2.5352469649456193,0.8564935483602995,0.32899771691482155,-0.6393341324686244,0.26895599888462973,-2.252928618540945,1.6260553096466412,0.990253672886039,-1.0040038173945527,1.3036624926967715,0.34301629705674247,0.6637490583470674,1.8121979042917544,-1.1706178734898396,-0.365241020450159,1.1217365647152888,0.9299113637907938,-0.859815443372431,0.659980632898061,-2.5933771723607286,2.3765181153439596
TCGA-06-2561,0.15588391294439297,0.424600353252252,0.4314546016124207,-0.03316317869996054,0.14888604667619393,-0.357561394259851,0.41247884015528175,0.9715742471133327,-0.3630636840014874,0.2758974267905672,0.5916558520389283,-0.7287516957337763,-0.992966682962039,-0.35677687055329044,0.10907202891089006,-0.27678523765885243,0.0796975466417072,-0.9633608237110414,-0.6898179574615717,0.5637954747517581,0.42245763427840816,-0.10857648598068517,0.3818769884792195,0.20232912884158294,0.46205266537848605,0.4126127464745015,0.5214698636685415,0.6715044081114413,0.4351916291265704,-0.27043667628783746,-0.03515241655105203,-1.1319081871812637,-1.0173237738709988,0.25101158979428856,0.18470193667165866,-0.25975576709177867,0.25466286487971296,0.0002706524565285489,0.3054205540879671,0.9558160151291303,1.5629744957981706,0.05191487029661279,-0.6378336449959744,0.039423524891394425,0.25927208932932605,-0.31506157606245133,0.5443725128646992,-0.40832359185207595,-1.0408736866447577,0.032210960942073014
TCGA-14-2554,0.952849402288424,0.512226338129162,0.34618811877862177,0.12810587539569251,-1.2358483060227952,-0.06104684497663267,0.6760352066504552,0.8705928821736449,0.09582612129527678,0.2959822780550129,0.4942007679846208,0.5624775482020075,-0.4804197081730266,-0.16168900617030812,-0.6544111416825439,0.5109363777632452,0.8937530144523115,-0.6814537144772909,-0.29972757544987283,-0.8661017841087589,0.7972060943868721,0.06833964311826002,0.5228975972879519,0.40923922587677414,0.2472280623566611,0.026881258870409465,0.28066239750385763,-0.9286665299851204,0.523281397861843,-1.201789674249708,0.21671593085432092,0.4068373658636206,-0.290801620065057,-0.6025036512668155,0.7033110971978476,0.8506019125609141,0.6218353735771284,-0.4145646064718413,0.7243559976672892,0.7321928057955415,1.3201305348189778,0.5183887334648165,0.058456822682213666,0.07401238152682058,0.47738391823335413,0.2263154675886413,-0.4620277536416887,0.709587964320973,-1.06422167114605,0.44866839389051644
TCGA-06-2563,-0.07585328963522124,-0.2040022013477935,-0.5043394903154688,0.615427949278414,-0.0880183259102195,0.5210231448956065,-0.42827785645514793,-0.37265787171226933,-0.24188819513549473,-0.5010794617853982,-0.3028894118397398,0.23798038441748262,-0.0454952430268484,-0.3253520144562196,-0.6652631098155325,-1.6350743435979433,0.12091003488553488,0.05187767540665601,-1.144918245725057,0.3033835952630172,-0.2355173560724598,-1.3555225917341043,-0.2678522709590711,-0.13604532036444664,-0.28819129834793206,0.884174228895899,0.5259254976904132,-0.4565849219480587,-0.6674174301011871,0.2054401730350571,-0.7988665251410585,0.4126357209895541,0.5522622538348191,-0.7178240674073992,0.05556647977899767,0.5007985907483022,-0.31477052313772735,-0.6198488889079499,-0.9365176159808257,0.6220906253624268,0.4736839708165164,-1.0745793343525867,-0.07883869184843866,-0.18637375292456573,-0.7182189029233937,-0.3462242527351912,-0.2791979774314187,-0.7733233713789676,0.19092007608506362,-0.8269181441014843
TCGA-41-3915,0.35413685053788624,0.6391863214352119,0.2037603309766531,0.862479367882835,0.9793469643488272,0.15297090350437578,0.8364742111361496,-0.16120518642819187,0.6799648301604181,1.3457297092431857,0.7653357465716955,-0.42098749626125287,-0.025914992056460768,1.272138104530519,1.0046317243277592,1.2583782866911581,-0.45586519493054817,-0.06334347217712538,1.1879725143353128,0.22688112021130738,1.121148511148926,1.720364248517791,0.6604972712742904,0.882709452384861,0.6804027613681358,-0.4112377313853411,-0.09902943498866455,-0.3462861249848439,0.7050507890812516,0.39658313841225445,0.17792246112937288,-0.47876925737181397,-0.7200556448416503,1.330499082427905,0.5256164258619882,-0.6090079104149914,0.6543244467239203,-0.725155795398957,0.3415724781019851,0.9559767986800783,0.7831282903883044,0.5967754541117261,-0.4218177589269321,1.5289374537707066,0.4815761126418168,0.01742195669078732,1.0227924104531068,-0.007579034238906177,0.35245066939146696,0.9910511598449327
TCGA-76-4932,0.37839622698873054,-0.41724993994361853,0.48294762399678126,0.4024073705315429,-0.2201769077767773,0.4459944257397301,0.2877601005060129,0.03552937291399798,1.046759931760628,-0.2748185062447484,-0.40113409258086374,0.6425349312229509,0.5474034551137961,-0.10052757760475603,-0.2071270589455092,-0.25111560994179816,0.6269579389537124,0.5987417297209817,0.6369986469491195,-0.4166098857342447,0.01965449672807172,0.8109231682841093,0.18754519915614937,-0.4237700860767992,-0.4147848568426305,-0.28860345209316013,-0.3978790858400607,-0.5788101078840935,-0.7448221734866676,0.4675468801376079,0.43474732465388033,0.4991933710823499,0.6046682915041568,0.08916891334086845,0.798085113470351,0.26065479249422535,0.6334764748712047,-0.6038692621672191,0.9292719882618365,0.3543471289888378,-0.2007981541753812,-0.5634172989792474,-0.5440168195324776,-0.2258678962629986,0.16248804403303466,0.23727502330410083,-0.39231489838327976,0.29734570593687704,0.6241925449900996,-0.3973973699873206
TCGA-06-5412,1.473061165819415,1.5851606261168252,1.6043444783359404,1.5194184423719246,0.3868911650481298,1.3635812926946786,1.5797381848779197,0.7639045388451632,0.030368296900013234,1.3002655280360353,1.6804598444252155,0.28655479879397194,-0.6160767870110663,1.097614675447764,0.708091745542465,0.8711958310984721,0.9608139119069947,-0.7793525051725,0.78616496315731,-1.136095777280547,1.1174155254695202,1.0495344303646685,1.6221093570891345,1.5546252634662285,1.7197493566312911,0.8007985110094987,1.262787421669519,-0.7777581546914435,2.0355088102551093,-0.7006201951110463,1.2022778470926352,0.310445449843107,0.3035040321226538,0.41797115065716595,-0.218432651279649,0.951155241346179,1.5031062995091222,0.3040818811476869,1.1051511577238722,0.33534915610536786,0.9050672833000076,1.5939895834633253,-1.1127398010138443,0.9845874713524969,1.6363074899851875,1.0797473966383588,0.07721656889616478,0.7225408752712056,-0.08123561432637368,1.4743601271250582
TCGA-26-5135,-1.0246893327917466,-0.029581716118704162,-1.3579860595426456,0.6494251899793534,1.7851075489889747,0.39299621922249833,-0.17033629261455974,-1.8096796917158955,0.15032032011765367,0.444569330175726,-0.05052033181234998,0.06518327405927839,0.10638040230523992,0.3532323559235185,-0.3278415057296667,-0.4146473324120619,-1.5588592031350292,0.22736401686113203,-0.10203948726748704,1.364247239611748,-1.0164114789510579,0.263819798580598,0.1768536196107938,0.27767488382389593,-0.06470657405449078,-0.44442834749995513,-0.44661544290511346,-0.26314588533037014,0.45844516517907113,0.31563688752933977,-0.6481416823311277,-0.31815887633322915,0.7973573507176018,1.4800131281139202,0.7297567627277799,-0.6821470134022923,0.39890924589617105,0.7969414493323261,-1.4349659272737183,-1.0091932088670932,-2.654013249131625,-0.02900134889182844,-0.08314074317347935,0.24040764640819678,0.02475071935869976,-0.3972657146054996,-0.3375878783565025,0.5253766433668401,1.155800392055252,-0.37393290526979117
TCGA-16-1045,1.0361876833663035,1.2269250096407018,1.413980267769517,0.7954942143034078,0.9442178193639199,0.33925615261795977,0.8130725120672742,1.2614760537710632,-0.19677371854460293,1.1270401319402052,1.423991351353748,-1.3759238757406098,-1.3877764286624859,0.6357740031051723,1.0228935214113102,0.40963972679485644,0.7925520151387055,-1.2483956231462519,0.33852362876524245,-0.16639660435421266,1.9681414472576597,1.1400931813675919,1.156551291610389,1.384519837525607,1.10513984763313,0.29503321691758794,0.7190232906813051,-0.17705147083964196,1.0401349482982278,-0.28154637886744166,0.23435950583675896,-1.383830284463524,-1.6331726647969882,0.8040889477318095,0.6138565654155426,-0.36612305960227914,0.3851463503671161,-0.6260363988751839,1.1853130754367405,1.8215948386115617,1.1273693969688554,0.5169987471403202,-1.5315940177070126,0.2614351127459831,0.4330279821485184,-0.619049246069878,0.6340856873251834,-0.7362558021013903,-0.4506179165290567,1.1646209272163697
TCGA-06-0141,2.2227844977978157,1.2113794961479063,0.9888288750878423,0.9260985382430796,0.4545999546113049,-0.31646140628997593,0.9658394476582688,1.3859336433556897,0.48422412868141385,1.5377209669437366,1.7345449809506794,-0.12688938695247934,-1.2682686804341847,1.158858830159528,0.7037981926018214,1.1584782633964095,1.5811483448699497,-1.5704198939089757,0.7636204705471779,-1.1983478095782862,1.756394901772091,0.745757003020199,1.3551298585661058,1.5197681633626943,1.5100779033720926,0.4199940423340349,0.8805394778139218,-0.7782742597363218,1.6826501087529415,-1.2117780335315664,0.9167445756029327,-0.6578122155116746,-1.241727872669591,1.0414774437865102,-0.7924300403068945,1.657318578448924,1.250024300933381,-0.8974777808143155,1.1777538775721899,0.5349004505569285,1.6458881912805345,1.9645261419965645,-1.7215037611340487,0.590543347559469,0.7289573473801446,0.05735172590378797,0.23971682543121764,0.07400969337735182,-1.6249005764204099,2.172826668827353
TCGA-06-2557,-0.5967557007627805,1.2041033845334759,-0.6976209862766234,-0.02346786386201176,0.10771300989060142,1.3802467865261265,0.01777979230004377,-0.38562936175121865,-0.758824574503714,-0.34219809353810354,0.5681126646145772,-0.28333875867125,0.2313753989212146,-0.6633098625867975,-0.538070586575593,-0.9638655352071395,-0.8187171886466742,0.3413661673586871,-1.1160240191055997,-0.4911280857024411,0.13651694585764826,-1.2236461271134829,0.07347849711811745,0.5623381794833312,0.4271609796631228,0.9880207733681257,0.9285443573780742,0.37563394104477055,0.48142338799874207,0.6842898853068519,-0.9375171328328997,-0.39829401837022116,-0.4307040351999666,-0.9231469102782032,1.0351579673528926,-0.7596318729355086,0.010458758132217649,0.7563731891157417,-0.5309537169379905,0.6585792776435981,-0.08240952578189403,-0.932476277369743,-0.5428055674715049,-0.13918338408507083,-0.38463377099501583,-1.0211676312979485,-0.49483772806621,-0.37656324795229035,0.671137000947615,-0.5968124809545418
TCGA-06-0157,0.25614884169069896,-0.024495238305271602,-0.895735563124368,0.45396793195336727,0.4923836918360623,0.49876725719731213,-0.16415307578213642,0.4063955978025409,-0.26350416804408366,-0.24285492084215,-0.33478609882823607,0.30281132212980894,0.5892183060403916,-0.13047667237920488,-0.1550774419141289,-0.4006823687492624,0.5271798008414641,0.5139648787479646,-0.4131179413571179,0.3966367387335861,0.01540987115267529,-0.6369561056584621,-0.3105124443171321,-0.09666693861887872,-0.41331629072630605,-0.2774132012051209,-0.22272710434114523,0.5333815077873532,0.03105488611868875,0.1280490849879423,-0.3744052005833935,0.08681189640934818,0.05979169481670737,-0.04653673435342076,1.3142217311359832,-0.3909449378990602,-0.18367240630769457,0.481257550359017,0.043323053220436746,0.6873331581704747,-0.5836794131961651,-1.1935638943809181,0.6243284597144914,-0.20386303771257464,-1.015331526475233,-0.9693320665450652,-0.06404267522291646,-0.4529644403933574,0.8595713140169771,-0.2793316034328008
TCGA-28-1753,-0.13269703527151255,0.6156015211686182,0.7274566358948144,1.1172685810467353,1.452258782032157,0.8008197687541173,0.45936270326850004,-0.7993092341205876,0.4625924520678604,1.182608246226211,1.0835377863432591,-0.4751059788212653,0.7534503387227741,1.1883344802900424,0.6287903104363567,0.6695317670937936,-0.621196455329899,1.1228670400612768,0.15040430119029288,0.6676252382432157,-0.5887237080893282,0.24447639487135087,0.7052041627619124,0.5949833954276672,0.4785978800236982,-0.24628559345340462,0.19457624323973075,-0.045279626781070975,0.9710605098105122,1.327430774106286,-0.03309528270667556,0.0158785004037757,-0.14474763634032395,1.0000253369601448,0.7694414471715563,-1.04599893335329,0.1958510060843409,0.12597324513040448,-0.6568134589011367,-0.30300568838312647,-0.47368192484681904,-0.2333807219699091,0.4614720114825108,0.9618492007497642,0.36393695761764683,-0.2726483678559941,0.7621657369742169,-0.01382238181305117,0.7933215890712532,0.5090053021043889
TCGA-26-5139,0.06885621355432536,0.11094802163747203,1.0225074085973824,0.26401972487455744,0.05318888753506977,0.04091716419292049,0.40220592178006787,0.05371092237837569,0.3699687994909408,0.5464674444172287,0.32091096011882325,-0.70074355281998,-0.45332682766339366,0.6933318651114272,0.17276978636296236,-0.0022069785968441276,-0.3700007751334474,-0.37064308237821675,0.07899448105728801,-0.11287248632656995,-0.19994362306588212,0.6812299422889149,0.6655184250357501,0.2697680424535266,0.353331861437776,-0.2288849224417156,0.1072283630793808,-0.7604762104236283,0.42806439542086183,-0.03700044816303439,-0.0025939404688964563,-0.10131886542612284,0.28391008054172073,0.331529848109257,0.36518184070136733,-0.5507305044858677,0.4667722084881591,-0.36278910565967576,-0.43221384871795415,0.17928630646021623,0.7762820768611124,0.18547873316632232,-1.0283627920615097,1.175422878463149,0.916364757085671,0.329714751368593,1.1141442096755156,0.07870877376135513,-0.25158874601666303,-0.08631800226853413
TCGA-26-5136,-0.8311862485877397,0.5315797412157605,-0.6802903664681895,-0.25571293229262526,-0.7785550466379643,-0.9151872306482962,-0.31233023111569375,-0.021635411866834542,0.7706915525598803,0.2615813342403191,0.44780800829550227,0.5238949606300651,0.8245021303797453,-0.3415889587273998,-1.378639086041011,0.08523638680823044,0.8606370701104767,0.7372799379421869,-0.15734743668911255,-0.6560070101525287,-0.4403123395911528,-0.42259486718754213,-0.24914653574393048,0.07651295409758559,-0.09240775401701869,1.6318410467874611,1.0678175962198135,-0.46009546792533923,-0.0998039294200509,0.524052671535289,0.3821220241679937,0.5196643070857412,-0.46015805737509397,-0.22109440785123996,0.16779331111499823,0.04356011897409872,-0.6111491632068253,-0.43003282987221636,0.5016976641050438,-1.1633250564653381,-0.3478055864660431,-0.24088972229828456,0.5371346704278486,-0.2006737640885799,-0.3717496647464928,-0.47519360548251977,-0.43745663948718255,0.15967581022647814,-0.15883371626792495,-0.0991559047832214
TCGA-28-2509,0.34769120497233097,0.0012049556405152096,0.8010333986469644,0.0780017432060729,-0.43849805236590944,0.4287960813640666,0.2774599772225002,0.4665081513417571,1.7772802515174393,-0.22518402471068394,-0.19415815307343498,0.8985233049591662,0.8910992682303801,0.21829581585987887,1.1276612653110303,1.1200602661172228,0.41416331737644585,0.857530300361088,1.8502406510978946,-0.06069138094321872,0.32374407376053255,0.9532056796962157,0.18910461642471427,0.004027433558722285,0.06157002431812551,-0.5693944306951817,-0.3605103217185985,-1.0459198565287826,-0.740912565968414,0.7645136688606454,1.268652501229952,0.6904426452281544,1.061816702284948,-0.3576107243845675,-0.7694826492722687,0.27007222076264636,0.08438590027098195,-1.5580869504004793,0.9273801222999626,0.6039264669751481,0.7149638711748024,0.727857962770164,-0.018021932421041623,0.46716362805345557,0.3411409990014436,0.9936270932115498,0.45343707517442366,0.49485068221397177,0.31165950932960124,0.01837208808496453
TCGA-06-0168,0.6116236826628515,0.8032885805652171,-0.43213273957122306,0.3904517673931133,0.8038150616538167,0.5725460008440594,0.8614858267136981,1.3838202226882477,0.329139156917637,0.8918685268485737,0.8037531401886686,0.08779785223860573,0.31514539365380667,0.7798743999491407,1.4673884988959858,2.2063163542290716,0.8490291745152433,0.031365795571362126,0.6498953519020633,0.5377988023911057,0.7303226268776971,0.5078591206321222,0.8366158311770515,0.9119118009666541,0.9243314757342928,0.940018687149756,1.0468018196560562,0.9684062081579986,0.7730422308921306,-0.1663983537508501,-0.0015027223194062787,-0.11976838152545015,-0.273092858347417,1.170655464384496,0.2373034868733046,0.18548426666237064,1.2469267620053976,0.6926753033553217,1.0882106448484488,0.972060414498927,-1.34545112503876,0.8782567104894542,-0.01511781135323853,0.5996509633537884,0.810131452268002,-0.29961530355923954,0.8134205958470785,2.257051214947606,-0.659469586446928,1.1970954402934237
TCGA-76-4928,0.5189868851841064,0.36787148601218617,1.4815633456495367,0.9037546106824301,0.9157474295358533,1.6407210950435458,1.170274789201577,0.08090036342683948,-0.11916792814791079,0.8844240724814605,0.5324538584128257,0.29181694330173763,-0.17089310469829425,1.0230058768911408,1.2370755605269246,1.012045689600224,0.0719061865699129,0.017158686341940167,0.9870466960924212,0.9093571444521442,-0.19300419142655395,0.817622900286659,1.1128107220373236,0.43183666953236044,0.5561926491798217,-0.30522564618976294,0.009792877960044835,-0.931993351099928,0.8568057459039407,0.1764244458820114,0.6209173874116586,0.3568330504343159,0.4260189057531381,0.1292389914350881,0.5734132118406395,0.15179448043230415,1.040002917686762,-0.5384089475853923,0.8021451335130578,0.877866659376434,0.717876763952226,0.547624181539139,-0.8975033080697244,0.8146076696854614,0.4598121222263719,0.25765841003360856,0.8263267268142986,-0.5775620191863481,0.7792030727710426,0.38859200895125606
TCGA-32-5222,0.9506472454779297,0.41093059962129175,0.36972179758318235,0.7513411485131422,-1.452315544326577,-0.5213101928859275,0.2717104665426842,0.27155167082817694,0.7818181209671483,0.16522478210010869,0.4455872918607013,1.249521674201108,0.4089727662550085,-0.12673589191359513,-1.2651601632536553,-0.904944020266196,0.8941655281108462,0.0854935475408321,0.07596115310840525,-0.7551677641155967,-0.02030374431170864,0.2235684892717575,0.46832888526435495,0.37012752045182296,0.3280877832807211,0.5065772248520225,0.35873548167607106,-0.7999235914827505,0.2626599848932114,-0.6125629077789624,1.1642019916957418,1.4210762439853935,0.3381744946575643,-1.2072792175501093,-0.7482265180255465,1.5040766118653401,0.5396060813321808,-0.20767602419338027,0.4409623546644847,1.8051390180656979,1.3144072866518544,0.19240942397358748,0.6734874055852131,-0.12828676835685968,0.3165551008708765,0.5425290848456515,-0.8259276260201155,0.4721734368089335,-0.8748496881465172,0.3456422515822025
TCGA-12-1597,0.5242694344359298,-0.6280031725958022,-1.2943348001324229,-0.7775272152120868,-0.6494570508730284,0.4871449687506503,-0.7430976811465352,-0.24515391471536171,-0.2123660183927193,-0.8497259069657439,-0.8085744745131508,0.8357621872518061,0.6421024837109792,-0.977524208424492,-0.22429635103619122,-0.257245943809635,-0.0241719029863928,0.4870695683054829,0.6034236255501046,0.6772104554910426,-0.08227115746667897,0.3033279052895478,-0.8919045398686585,-1.0439804257481982,-0.7103151222043242,-1.324056198263015,-1.3617486860280805,1.2718222456033346,-0.35316527971740097,-0.4600796413418758,0.0544518831530515,0.3676979392141022,-0.11633925603775548,-0.35893212539669145,-0.5213699009037767,0.6875774161995943,0.28925384160110945,2.7524462108852052,0.42880502403254833,-0.6348403977903618,-1.2187651667301582,0.4235426946574044,1.2605674210514057,-0.700350211174646,-0.7881709079518272,-0.47709895892883086,-1.1579324425220348,0.9129054776787846,-0.18604298625816293,-0.13546100316638657
TCGA-06-2567,-0.4030390295119107,0.46313430698615426,-0.7807367654856946,-0.8252272649804273,-0.0907282675903909,-1.2318743541520043,0.2779677616351722,1.1053143445643987,-0.6811193692914861,0.24615422428892017,0.48864884592781,0.5420746301297985,0.9690969664032465,-0.45551743450140253,-0.4538443717696045,0.9875753670658568,0.48359953618817086,0.6883769925490221,-0.051143545010957345,-0.5937337992063593,1.749268085107619,-0.32109012965681866,0.04299568984722532,0.4635451631882498,0.2133164196955985,1.5772651800377004,1.186881108161667,0.6000724045544261,-0.2979274164335597,0.9154196162083384,-0.6562397272654117,-0.04710573958792947,0.008345110677039585,0.4399917781306543,0.9999936648906158,-0.8076243287721311,-0.2724827391738626,-0.7075143569922382,0.3338131461042708,-0.3952210899748832,-0.6938691985011216,0.009765555034717573,0.681732980730116,0.021200021280605837,0.05929393647640532,-0.8118998467986831,-0.22535283833604033,0.34081412169110153,0.05664938996023063,0.42788438279911883
TCGA-27-2526,2.0366990994977305,0.5419496523793805,-1.1197113152976728,-0.7059168327148452,-1.7269107601566833,-1.1873638266539452,0.015894299253184564,2.1268702223865774,1.1434138108788254,-0.13078159319261848,0.11848842146903049,1.2095428473830157,-0.08337979468705772,-1.0046010620037065,-1.3980821668914152,-0.15958040019599323,2.856588917688806,-0.7406272117287608,0.43468489209105693,-2.8624537399355185,0.13779081057977516,-0.6740273238894551,0.003097764149076475,-0.08603875323111912,-0.19867328503134332,0.9587361917065003,0.7183718664291757,0.4351555011780253,-0.8372183007644513,-2.1512104340205154,0.8990783445736356,0.5510726739316988,0.6690149039991256,-0.7002036307017975,-1.0885890477411408,2.152411111711224,0.2739451106563336,-1.6615912740148815,2.0298394885382303,-0.3953721941649041,0.12183063874431044,1.1148877443693874,-0.3703800681765403,-2.0608806569464937,-0.5513429467986671,0.22755082898836823,-2.0884140185604405,0.7628524789968849,-1.6538460412617617,1.549408967720813
TCGA-28-2513,1.1328270443473607,1.3273510005552822,0.5845102888233653,1.2402141610181603,0.8800460171538582,1.133948500773057,0.9597108964251441,0.9124840241629297,0.4236024064049832,1.2700114554105655,1.1105049934615139,-0.13224093600948486,-1.2407742453540427,1.3048963624908143,0.8219262168630893,0.814619599018626,0.6256981681036364,-1.3337747643666107,1.0258647631828275,-0.29834867574101087,0.8921852547996121,1.3842696620570596,1.235438297757755,1.7568240650578928,1.461636582521214,1.0805792349519039,1.4055734409814433,0.07277108096961901,1.2380289156623523,-0.8382584359745133,0.4208228568904514,-0.7344409645425932,-0.5534859164907142,0.9510565518547481,0.28528089001318874,0.13073132044353758,1.1694184996826373,-0.5807979663818301,0.2998825087251042,1.523140683222956,0.9307381872348597,1.1021607762322816,-1.663767527130254,1.008650203664804,1.122656217556726,0.3694932025983282,0.3956639285031904,-0.4148156758047991,-0.6061815872660301,1.573694925898882
TCGA-32-2615,-0.40305097648246313,0.46134586422348367,0.3112841972603832,0.42031812526411944,0.9346665965631479,0.14164514765791247,1.0021689457342344,0.5026860433204672,0.8994654033711263,0.3278447871679523,0.4351372348721168,-0.08486761309886891,-0.5104557630560534,1.0000094695147077,0.9854733790630973,0.9070496409602827,-0.7437323813549434,-0.6016320178095389,0.08461879685321304,0.3369423283366391,-0.07618885546408746,0.9939713420517287,0.5941327313296232,0.9920938718332565,0.7668376027048073,0.6135435269241132,0.634553588943635,0.02904322127412634,0.34021306710845883,-0.034651042236896884,-0.06268114440753017,-0.5024512768890405,-0.09898716763676388,0.9074189077651065,0.6037912503114733,-0.6911170065707803,0.7923869659423998,-0.9694342609964905,-0.7393399720156703,1.1810552119316842,-0.11728596338962587,0.5179357622579972,-1.425634841047518,1.016772694987273,1.4673483250257482,0.2158389838310607,0.598431021845113,0.8527314267992955,0.46413414284885274,0.22744364985219556
TCGA-27-1834,-0.36073782974395874,0.32550026220635647,-0.2562651536396188,-0.9119768756690431,0.1636021343084708,-0.5922072812077495,-0.22659891888470823,0.8832864991442142,0.6825798269470247,0.2479594555772395,0.4319814642064302,-1.259725756569055,-1.1472412207458198,-0.4735728216099205,-0.01950405458156255,-0.49356095548840495,0.10041573273236806,-1.139710296560581,-1.348124302174869,0.9396603043518046,1.5684272990229267,-0.8744708819910375,-0.08085650959740527,0.15383746784064903,0.14286757749488163,1.639492208169533,1.1543058133503812,1.016655132648645,-0.29804856913866523,-0.5674217515483829,-0.3112349803944147,-0.962513284734725,-0.8303810761169242,0.4427921006507429,0.3743327874071698,-0.7661048335618362,-0.5217246700370437,-0.9317565962467936,0.03751232641883728,0.2293068557113022,1.1425081368732197,0.06300002652434114,-0.5135478662136972,-0.03715287797128852,-0.5673529804733072,-0.7340143373876223,0.5787528379366905,-0.4725077372615759,0.3025233241342913,-0.11349099160328997
TCGA-14-0787,-0.028637490807866258,0.13446732081855967,-0.4137822161775869,0.38067815991359233,0.11763531859160556,-0.46746030937523897,0.35258904001402525,-0.2401004600405804,1.4413722871820376,0.11465472321290025,-0.015051647161544996,1.0128302172321937,0.4262132139085301,-0.09116049432778464,0.04372872298996942,-0.15666741081801314,-0.3551381643882965,0.139543805317483,0.272884220104239,-0.06682439564893757,-0.7596003818157182,-0.5691854154706363,0.5462116774708763,0.1170200286504329,0.0850593034136204,-0.1941505088321774,-0.04732710917704848,-0.7479616861763172,-0.3022446782095582,-0.2789898533057451,0.5352337541282979,0.6624999772859758,0.6797019530040052,-0.44321179733697197,1.396454005252416,0.11879486293863623,0.42528464306263725,-1.1826814626979507,-0.01781282188557993,1.1857994833634256,-1.0792282086591032,0.07013008029944094,-0.2891159616127448,-0.9907047810521514,0.11256405369254227,-0.01648269388875006,-0.9350530892690413,0.19951539601699195,0.44801814357151104,-0.036673355896402755
TCGA-06-5418,0.3536392663478366,0.27605009792752727,0.705538418137717,0.8134277699843027,-0.19937890486030746,-0.3794769904146965,0.6561584574437715,0.19630090905296577,0.8922448794860729,0.3368937594902448,0.4429437613977374,0.2981940461667474,-0.31548845209092696,0.3484313842455036,-0.2519805305348056,0.2601244703762187,0.03043471327806654,-0.5802523512020962,0.630679914599846,-0.5402638169547694,0.21083792406352275,1.2900704698526966,0.3373537439417878,0.45595331929547706,0.5532229425518734,-0.38935969140574755,-0.09531938499499633,-0.8857633209526652,0.27024393961129745,-0.3306160450168662,0.5782690637130792,0.16963841715108227,-0.006528860784624841,0.1792798701385102,0.10293190984832211,0.4425971517618458,0.9181206078496764,-0.5024221916701102,0.10742471917997816,0.3117680607806216,0.8311600873857112,-0.1722591128274486,-1.3389337153322294,0.6300031272358634,1.078798339016061,0.6202844348537953,0.29450386246821925,0.5516340998723437,-0.23476237393357,0.2169802363260993
TCGA-12-5295,1.3591393695991703,0.7027760634689196,-0.9030982659059724,-0.0942836047377591,-1.1224169360179606,-0.061794356517787655,0.24643072896348034,1.0525190384354481,-0.1333128317632235,0.03504872207218773,0.5134189732044991,1.9685316238501542,0.9011041916856037,-0.742530438599816,-1.3003928042953812,-0.21321789973760424,1.5730271633051796,0.39038446027717516,0.23446647502135995,-1.9046428150985337,0.4379401721070077,-1.0925240860087118,0.18877104748724308,0.23453156426118998,0.18587749524755645,0.30294680472128666,0.303944074760631,-0.6531499993861469,-0.24928593135475513,-0.8794785703196284,0.293344401557008,1.1280005842619638,0.6184984690036789,-1.7193875854458471,-1.1053714556199012,1.9680874343857855,0.512889192825177,-1.5974637826662648,1.436140823834664,0.6856666465226395,0.03139382502330726,0.337215262241476,0.9410977687452522,-1.1498962442140377,-0.36271792231722505,0.27687227717701146,-1.7917672717733546,-0.021083561187327717,-1.3007742046650765,0.8594031047300941
TCGA-12-3650,-0.21430641968481742,-0.5284354783813869,-0.9005771027828074,-0.20146732719061897,-0.5268565599682149,-0.6736453510052566,-0.6126825450244832,-1.0876438956313357,0.3298724459310387,-0.38929870885564216,-0.5036329965827854,1.6930328097768632,1.6729067768892605,-0.8766345814210139,-1.2476518978230464,-0.6471535762145045,-0.6125617299067819,1.5826774355237825,-0.37372128492144496,-0.06984309820330616,-0.9641765621979332,-0.9167196224245853,-0.7586164478460785,-0.7560088476951127,-0.7999672117840324,-1.1246785741584184,-1.1908566183057505,0.13951772322220074,-0.6117875743520035,0.28345555899614566,0.030823085451472325,1.2176865725399524,0.4830149967200397,-0.7659540897415592,0.030482948310429542,0.6165353554312069,-0.1402105807269172,0.5137118822938096,-0.48393620129641157,-0.207365556102022,-1.6031711452349078,-0.0567891362173858,1.9346342810326704,-1.0963108396255714,-0.9310933424337924,-0.3731805580169015,-2.065502676033572,1.2448187979932546,0.06116173956735589,-0.7601224716878051
TCGA-28-5220,0.8467370863951769,-0.4631227650204837,-0.6642592357297669,-2.1365875974735578,-2.8970780485664003,-2.927645746108564,-1.0894523248641532,1.34467051996547,-0.8361672234807401,-1.0712081853688822,-0.8324720051901578,1.2816369053835481,0.18701221739220888,-1.9791283193811087,-1.7691856251708704,-0.6076483769440907,1.7592303828121478,-0.15549035806791361,-0.7658284919139122,-2.7157440417756837,0.43385046810959216,-1.634419923411414,-1.3479985918120083,-1.1427134617052375,-1.2421458444054492,1.0537334085620411,0.4886598413552346,-0.3555068339885326,-1.1183937385179237,-1.3750868642949166,0.30073100258514157,0.7545511945795953,-0.2251767229274742,-2.773859704124958,-1.2725432126851934,1.6453110521892624,-1.388937169220477,-1.4592344540904603,1.244068176241494,-0.35589285471228954,0.36931865351824716,0.12285158199144007,0.6335637961882493,-2.3143352781002178,-1.9150183539528367,0.00035735908901602726,-2.2211587497476866,-1.3506303740922028,-1.5908107681116013,-0.4228548204837806
TCGA-06-0190,0.5020119428693164,1.2313835004481213,1.7538332596346082,1.7016984236210477,1.8633722337307213,1.900865396215404,1.6685637110319367,0.5163443003689556,1.831234004177039,1.910388108096192,1.3821457259128254,0.0007948939746868158,-0.07651300402945078,2.1726843226692027,1.9904761438125962,1.8897710800139806,-0.18037443037628625,-0.05586846356641059,1.5655707894425503,0.40733530892698083,0.4777297964531459,1.7142604943886781,1.589859989176768,1.3677993956449703,1.7497484189765216,0.023914043782478422,0.5921304441916857,-0.576406573379462,1.7702440593243525,0.21038373749396377,1.4306099891938486,0.21355284198587757,0.15335189983306266,1.6282864070983156,0.7000105766712791,-0.4258500800720389,2.1056362725844155,0.173645615349234,0.7610820503314026,0.04901550366417336,0.5250481483683452,1.1754931229088021,-0.7066743874541987,2.0263248814275694,2.340500767656518,1.2866639569435459,1.8109246324924246,1.6069162417444636,0.39028301661411824,0.9777721176438442
TCGA-02-2483,-0.23585069970230674,-0.016078942129179246,-0.9474599570077172,-0.33706656555752795,-0.6937844005158421,-0.9955796607080634,-0.2540495153650819,-2.536707723563446,-0.9722830453242114,-0.5808121716454145,-0.42348742814210394,1.4623730112112443,1.6918634887295734,-0.560451655291347,-0.6657082586131409,-0.4883035568051654,-0.9382862045979671,1.8405605594946166,-0.20396796804480954,1.073325823122881,-1.1422666847237264,-0.29777655398270114,-0.6550571672674291,-0.39029772711907057,-0.5915328188130375,-0.9699680905537403,-0.8252300090202858,-0.6350923974265928,0.0397914925571467,0.8956111245663744,0.8465452471373311,2.0531195206336226,1.9622064929375873,-0.9952272496477398,-0.7238421130202456,0.6307449669003943,-0.4878952660389488,1.7515058115927007,-0.9673879069512791,-0.39101673602898784,-1.275673717240088,0.1990203300993427,1.2690326438447468,-0.26845231085676674,-0.37474302521612823,1.6579016708349135,-0.3829484012259944,-0.09937469425752803,1.1231007999605325,-0.6770167795464005
TCGA-06-5417,-1.1698362733282568,-1.437633120165593,-0.023741630938043237,-1.1434568935793648,-2.1286429523549217,-2.2482378818571283,-1.9267497214216383,-0.7796207604520246,-1.0124175410954432,-2.235138130659516,-2.052180245628636,-0.22960119526492523,0.5082773662525318,-1.8003268672962442,-1.6483502536836327,-2.5687414128176536,-0.19717817688170677,0.5946834578181672,-1.1300123078289246,-0.155762636153294,0.07237942692559897,-1.0943352399001725,-1.900957712398492,-1.589713854901225,-1.5320359238245955,-1.553452052349008,-1.7789930964026892,-1.6054516163337855,-1.654573358688205,0.6074169840414303,-0.40136115100771586,0.7848888264673961,0.3049972928128668,-2.851452188499082,0.37659777363868124,0.14466168564968465,-1.8432368692830028,-1.0667244331251737,-0.7049915398568707,-1.9692146936544501,1.2036747965959589,-1.9433243169734296,0.8677405878650181,-0.7531673265363006,-1.461148882401695,0.7677313485760582,-0.43275319303361964,-2.5356522384868914,0.0015127823515793015,-1.5113101153840953
TCGA-14-1825,0.006494284162270616,-1.3272938285797504,-0.2711523561241583,-0.6496991830601787,-0.6996331571170105,-1.8607955436349952,-1.4421720463619032,-0.937893339436544,1.0393812856275002,-1.1010226131418326,-1.4219345233204197,1.121285544098109,1.2436200018357155,-0.9989841703622946,-1.47450529961835,-0.8044107230775217,0.25177682531672096,1.3177865983982755,-0.20748726622612107,-0.3033169234451666,-0.965689231857332,-1.113386573565503,-1.2733941458815952,-1.2382241582947142,-1.206862701876315,-1.4629384950756392,-1.6551312365182036,0.12276226748318297,-1.0679871491461717,0.5224864954790212,0.7493947554768753,1.499813673351212,1.4308668143375236,-1.201685482085737,0.176418594991356,0.536273385057772,-1.7260894677194856,0.30717534113340095,0.2218771947323116,0.0012451469237510736,-0.5372747005729436,-0.5042653885646698,1.0024466922505428,-0.685185860947794,-1.7375526140298938,0.4915892822622547,-1.3631405030169605,-1.1343593282555309,0.39405073065650975,-0.887547404015915
TCGA-12-0618,-0.9878215970441352,-1.4767949420824062,-1.1759658429883024,-0.9902000207781434,0.11849773985708892,-0.4879232043060613,-1.2374472953082456,-1.5188862516881734,-0.8621732754534929,-1.7193885010976562,-1.369231580675078,-0.6763550344076813,0.5473253801017046,-0.965919080540561,-0.3780412479357513,-0.4293635850394548,-1.2305801901735474,0.6206429646465341,0.23903330430265382,1.9804663617232863,-0.4080456436609229,0.4046668205105321,-1.249824032296184,-1.5588471310805552,-1.3709861045271727,-1.8736663649127088,-1.7853103890833508,1.137508278933907,-0.9233523418712787,0.5339675032467841,-0.01767797923868974,0.14909976593551091,0.22238746879581203,-0.25886593298373595,0.0833405353058499,-0.6910179459379118,-0.7740334330849686,3.1464722840025607,-0.6784861313606095,-0.1130521777515085,-0.17830760752986402,-1.1243593994585661,1.2972445434622164,-0.9892844218502546,-0.8658318210952548,-0.38613522481317825,-0.29368979711945103,-0.4089717667118627,0.7200487584849723,-1.0203838141319987
TCGA-06-5413,0.5669526061706783,0.4514716474193427,-0.23196826869260287,0.9419578388388503,-0.07129130956214917,-0.5356419363639134,0.29488144554697077,0.1089052859992736,-0.16011921676009572,0.5324238073645927,0.6101737740931598,1.150553954227321,1.0605273227507457,0.4786479494703727,-0.5811049282441946,0.6840170292024758,1.0473075869631872,0.954292308379729,-0.044861086098437135,-0.752494930884806,-0.056613932739338874,-0.6017850155609973,-0.3154688778723765,0.3246862246632378,0.12206580854409273,0.04543675891407647,0.14870108619996994,-0.9453372154098573,0.7841532881743841,0.05129138803287093,1.0746963707758828,1.324291679830967,0.24067059247330397,-0.20499859309463397,-0.016319468650799623,1.018952138030751,-0.16358433390436555,-0.3490578364857709,0.47669933491972677,0.9710430827902996,0.18357136024725235,-0.22514432034242846,1.6460211654881014,-0.06646308072642775,-0.4702954604282488,0.20407486681709827,-0.3332317444780752,-0.11340172644889802,-0.3499789349358123,0.39085052666525305
TCGA-32-2616,0.4193442304459845,-0.13479464200603705,0.1640398797663514,-0.44650816646808916,-0.046875990045969346,0.9519652116383714,0.1149583290268088,0.7432264361663107,1.0880259236412233,0.03479341444121493,-0.3518665923232739,0.15301724957884802,0.8690187126393456,-0.5630206748835244,0.44687168622062295,-0.13578961399320363,0.4667343811848437,0.721855802207209,1.092485903511599,0.1398306023385966,1.0724129249300147,0.5327035548655188,-0.36917709097423446,-0.1642395889381086,-0.2862073660571786,0.7815728903557037,0.34428874943544513,-0.06489067057451182,-0.9163017297531794,0.9102854616800171,1.8140435247792397,0.1904616383379047,1.2267434885708703,-0.011516168955151269,0.33152345064157807,0.3719026523960515,0.3282272536880169,-0.7954946337686103,0.5873410295344174,1.088819233014915,-0.19262621555780893,0.7048374934422247,0.9755638945055682,-0.9408406660734099,-0.08216901377234197,0.5255548533206871,-0.6176711520384527,0.6706621515750372,0.316104630056133,0.5795127367730811
TCGA-12-0821,0.22026577597422237,-0.9391609473435804,-0.13708567264704283,0.05261818811124017,-0.8753844965795032,-1.6959669765569487,-0.36564946472117515,-0.2675259970467734,-1.1780976623234019,-0.26550987005574006,-0.6751269481505978,0.3954562729373044,0.7425914574975836,-0.32561120060475285,-1.3141302382136268,-0.22918588047380048,-0.3337083708329704,0.8216379496251229,-0.0640731639967645,-0.11471753024902767,-0.1460533465199832,-0.1908387232550191,-0.7560580133417929,-0.8898546392117881,-1.153912398283064,-0.7900007516742936,-0.9315716037863391,0.04566145897634901,-0.5383550642488623,0.3063446942205107,0.14428746232764064,0.9784299544160358,0.40877873255146613,-1.0090655323053073,0.17755002162457806,0.40722530611141333,-0.5733627829714872,-0.222846307569979,0.1154005658528302,0.15206158052222304,0.8101467296936384,0.34121858222663565,0.8393176941715624,-0.459013381198333,-0.9752912638540435,1.4970923369670244,-0.5748282279792909,-0.02280813038022591,0.13928746703769374,-0.41432068862167815
TCGA-06-0158,-0.30530816018765905,0.10002200107458531,-0.21587233366155947,-0.07254926376123409,0.900629257222075,0.41798662423418426,0.0059714301272404575,-0.041692867192866676,0.4417859657210018,0.3707988246207134,0.14432474911080959,-1.0561044327882099,-0.5142833880463986,0.07205913685103255,0.46986575615773407,0.09384054453310757,-0.5838229916926471,-0.3170689897847617,-0.4734815406922107,0.4100626215675134,0.5496652156139806,0.11801537975407739,0.32978356277569487,0.06834232030018153,0.3802316875431533,0.9047775622175275,0.624352859977465,1.018583425151236,-0.08406927476472893,0.3017433759723205,-0.9290123794570186,-1.1723251253228606,-0.8602249909633718,0.5257172032119632,1.4977092177168794,-1.400884570557217,-0.1158054575398014,-0.5959853136202957,-0.9830756707188711,0.6647000987544506,-0.22334309823414789,-0.5309294088367068,-0.9792955518673148,1.5471467503964602,0.4467933301899733,-0.9888647710267547,0.7030246107792035,0.06155547511602413,0.6867404967728462,-0.23459695382373197
TCGA-12-3653,-0.4776604065673817,0.21248679441243573,-0.5269680560960194,0.0008353310601414543,-1.0267110958579686,-0.5054727017295262,-0.5236990947785797,0.8058706520701735,0.06175268357213298,-0.6603124518294758,-0.045774281826242665,0.5047919731285927,0.8217234378772506,-1.103827294872564,-1.339598403198754,-2.077018208542692,-0.5086198977266313,0.6867133301148095,-1.0495322553502289,-1.627494867719761,-1.026736211422607,-1.421520716620952,-0.27175541909598205,-0.13160957386528335,-0.23547005819128047,2.370723326139349,1.6672311516153553,-0.5542831084520713,-1.6444926955161459,0.2998761716474698,-0.5811209554687241,0.20789485607067648,0.5228129984096974,-1.7376751338253684,0.787165328870408,-0.3572833050702914,-0.4964099993475179,-1.3537916335080429,0.3448772094334332,0.6798850813584921,-0.045077026089107776,-2.0019569100817707,0.057078725791109945,-0.6860851960721203,-0.7979207273922719,0.5901881792351542,-1.1680951040667504,-0.5408722390143462,-0.4487331584774796,-1.2556388405386303
TCGA-27-2523,-0.8776766416595952,-0.7044932543878376,-0.337663232019106,0.3474996609882459,-0.48150525422779505,0.3232192221226506,-0.5116864331127944,-0.9886781543302982,0.1731895921342255,-0.5003174896902648,-0.8420238926318646,0.9664859793657036,1.0677455276147447,-0.6597574691843056,-1.2609505700391637,-1.3214482782739558,-0.4137102719222559,1.0401586963992853,-0.45252253356423694,-0.7142876135205747,-1.9144421562546816,-1.0039870584714299,-1.2251688461276924,-0.5885155450466201,-0.9786507021795915,-0.9916293349180672,-1.1287168871905222,-1.1548779034166496,-0.9266787927720378,0.5884663085637364,-0.32572433366906006,1.0140247629271757,0.9257443519663118,-0.9856778937219439,0.1593029929235427,0.01424762653072111,-0.32975998509571197,0.15181414701517126,-0.43933695156162833,0.40880106301762215,-0.763087661820268,-0.9602933898273504,1.2503395362291747,-0.4453598109341416,-0.8012489762202135,-0.8145233192879245,-1.2809278674852278,-0.920845123401453,0.6743632833001366,-1.0785874176604893
TCGA-27-2524,1.2161950835678783,0.6588780747469453,-0.3714628118470019,0.9333709046655838,0.05288256658741386,1.1918740797657568,1.3167973579801187,-0.28922896003671705,1.3377199855648587,1.2378875233336302,0.5975133603607754,1.82508387572416,0.7645101219970625,1.0915489405915704,0.21778097147423944,1.7331547072990936,0.7222283478750854,0.5504588315074856,1.6803120136741687,-0.41804476301800636,-0.7474990168413042,1.1948611616886526,1.128831471911747,0.890239991964265,1.1602681050797063,0.10972694808492052,0.41477004240658805,-0.8740982526509017,1.142110148300828,-1.0320297003019445,1.7633388817421383,1.416198269523525,1.8055789664568247,0.18550083435926343,0.5724023606376355,1.7111066359735265,1.3473495805272413,0.0878892913851033,0.8264378671122412,0.022379201912536197,-1.5383607751849933,1.578368395804838,0.09702726208359178,0.5983971312824795,1.6939649039235884,1.4846217086603817,-0.5097975834833789,2.026014624447263,0.4232138151060404,1.1671145811802894
TCGA-76-4929,-0.2524765613361598,-0.9542776831722724,-1.2953808718331663,-0.48586271505492157,-0.17480384766237722,-0.2564838458193359,-0.5196475451916382,1.1938194281236552,-0.37796878878169,0.032800518929208655,-0.1955044781958104,-0.37107915990830403,-0.5529919931414297,-0.6365030486162709,-0.25522172379566843,0.09754823216612653,0.5347446648123313,-0.5045785440775354,-0.02606880100204482,0.7720204244271016,0.4030843308376822,-0.3654131430423245,-1.1045937562950885,-0.6535774245714747,-0.9268555702176151,-0.05098222502213067,-0.5116723006324713,-0.0300360185288631,-0.5716138402036951,-0.5062939455427617,-0.8307531509750248,-0.6746179750490309,-0.47625073061114837,0.00807583183709351,0.9572556080337787,-0.6320500732030675,-0.4788096225704189,0.836148414008937,0.3451487457959743,-1.216052978083352,-0.4815796676043968,0.1487956345414873,-0.2614397052877389,-0.7591443825027686,-1.0163553035895418,-0.706249492627804,-0.6876960959834936,-1.0223524307787282,0.6507819861110102,0.08236009413003653
TCGA-14-0817,1.5153625047849475,1.2396708823375522,-1.0265339200790415,0.44024980363131483,-0.9552787113220345,0.3647093533316565,0.617072599782372,0.3206633274390914,1.2799115664208465,0.8332833730334399,0.9302812326722262,1.8523591982276215,0.7249942773623358,-0.04302697970146164,-1.6516989938469586,0.7086567832195432,1.718845268136989,0.38525414467679187,0.3393942604330074,-1.4428766461533453,-0.3381096195831092,0.06412432482728861,0.6260464550585806,0.7898261198276337,0.8694408588538985,1.363753821915623,1.2888871802722464,-0.27626584425087436,0.6985378004084882,-1.2984389158326672,1.11552428268742,1.6121858654822006,1.1480043154760013,-0.6017295805564935,-0.7651088329754627,2.0024289846888172,0.5310438515347717,0.17675637570343886,1.2011058378473674,0.13913942889492012,-0.35970818544259686,1.2281586542841083,0.367467516086106,-0.6828758486043406,0.5401414268749777,1.2212494814339967,-1.693953598506859,1.527057852082844,-1.1810005972124453,1.149089468080894
TCGA-26-5134,-1.173386120933434,-0.8450004644538132,-0.9176935201473309,-0.33979229815725975,-0.16472173965678982,-0.18845045169074143,-0.8595418245173418,-1.7081591407172831,-0.672167277274108,-0.5105712280852108,-0.7920973734611793,0.18546648988928383,1.0723503783391874,-0.17114603827641917,-0.6796397579482302,0.09762536898238916,-0.978983022123994,1.353820063897529,-0.33623172041344884,0.5231381880718219,-2.696381393929607,-0.8391605600520208,-1.086323602065534,-0.8703500552626435,-0.9515052319112826,-0.9016725162547657,-0.9784434214152812,0.24247467099466694,-0.3381330054379651,1.3000208163818412,-1.052499496018462,0.6093834606794283,0.23800378875211942,-0.09299078769248108,0.37960304567342235,-0.658690342305242,-0.6168800373649161,0.5772823176846797,-0.4601929845564728,-1.7140813763552554,-1.2509402968813381,-0.8917597019965177,0.7859438844540064,-0.45974346369827873,-0.89340673604047,-0.2526727636551602,-0.5331150460267791,-0.6245630703346146,1.1948881686498578,-1.5473095219671906
TCGA-19-5960,-2.7731824864618093,-1.663486891626275,-1.0299207475502778,-1.4054188478511764,-1.153077741273913,0.22869880400789147,-1.901391455109844,-0.7239029052885535,-2.8570502544854173,-2.073416741638984,-1.700401923323124,-0.46018653233711926,1.0166686248122496,-1.7338525448104134,-0.8292106617014148,-1.8114315057762604,-2.743221031333508,1.0087821057983843,-2.173580957947762,0.8102318761354644,-1.021352920387808,-2.220596208579963,-1.9693698482592736,-2.12696649881299,-2.0329513639469257,-1.7574121068467672,-2.027819827346575,0.5898924409552744,-1.4094233489376409,1.1770472998128787,-1.9696287956663932,0.020010541759858988,0.8280623021162273,-2.074915829407797,1.7914374702177185,-1.9531240730478387,-1.8580369238273335,0.45092738797635035,-2.7986063261459972,-1.8652124706951276,-0.4152962275395119,-2.3940727666016084,1.0711430971075389,-1.162097461851212,-1.5517028266594857,-1.2409026276139477,-0.5378789073822249,-1.9859134975394999,1.4450849384349962,-2.8168188450735214
TCGA-28-5215,-0.2260240701024642,0.21278332055600005,0.7814454412648639,1.006958456623623,1.1520614117667127,0.6987852016594194,0.41394831613828675,-0.25789954906297735,0.715081265455161,0.7408480893740478,0.560321081612597,-0.6684871491523012,0.36139052997992127,0.9012582434417747,1.3096204217590925,1.5774046022307235,0.09816458755156438,0.7863396344352693,0.3652536746300466,0.8577168930074287,0.08501441307065744,0.37623038523102686,0.05745886172964299,0.2608564732819153,0.5816156916843364,-0.43363600878393005,-0.22108736831235531,0.32039816551091993,0.7752031691019529,1.1824135103244875,0.3429158083439331,0.1439418660199276,0.5589210731579326,1.1305481072541077,0.5504492009572195,-0.8322941452598063,-0.28589326004064863,0.3019406686851382,0.22490944411979366,-0.031466134607079393,0.633111676613527,0.3828834736205449,0.7619671885866505,1.0026724146882058,0.4253276188650685,0.2704135746426249,0.7544687838509161,0.6772971724725848,0.41019176032785454,0.3392154058652473
TCGA-19-2619,-0.3331947085099217,-0.9902806376171485,0.8592030415839962,0.420503767602726,0.6298571294155267,0.6602310975040814,0.2817941944836623,0.9066596922593098,1.2684234059417292,-0.2975895822552574,-0.6091113305002015,-0.7451520551709048,0.2301254126283544,0.07940172674691809,1.4451611390571122,0.6547462266490789,0.06777099962233268,0.48847200977336624,0.06151505511743403,0.8954968691808335,0.3974869511309528,0.620887047837058,0.046084534854240716,-0.24213040172485084,-0.10767778967250999,-0.8316612041373084,-0.7402636267920251,0.3351622279605035,-0.2941291592950432,0.7004735471505015,-0.022819276061461342,-0.7606797759188781,-0.4116615740867704,0.14087301979178746,1.0689089579764748,-0.9112938891549065,-0.2333836641709021,-0.0016718017138191625,0.07284938486015571,-0.17569727531624843,-0.8815948131170364,-1.3065412018482976,0.11630492685433962,0.21144861630414155,0.851654476953071,-1.0945982646542811,0.9468960405932749,0.5577700178313489,1.011428318402009,-0.2442635423914217
TCGA-14-1034,0.2857328073784267,0.5777884921297082,1.5069320509603112,0.6168010072340732,0.2899625369664455,1.4063568106841955,0.42440843217950563,1.6663812695387867,0.4548231354060822,0.48441099817814137,0.6953969257711714,-0.011698310696763211,0.49892892013191203,0.5921418052250164,1.3444732905415573,1.679129883454165,0.45212068473040307,0.43383497347534333,0.9316870662244681,-0.4842555550148635,0.9950364721431721,0.6413528297260597,0.7208258865512617,0.6510073515761948,0.662655698339193,0.07322014841396952,0.27089662561261096,-0.5112100560825086,0.40349273742468517,0.6802325811259249,0.414200534580646,-0.17256671118147648,0.10580762594324634,0.0324850952132338,-0.31347507489801113,-0.7731101220773478,0.16096683181072238,-1.264979674502296,1.5753412962901252,1.7056737840787715,0.4128730568225801,-0.738549524901825,0.1422299564619712,1.2757518812807114,0.5012124081751652,-0.2965551231677881,1.6313184443648658,-0.5208677352944634,0.7213765748014069,0.46051683073593114
TCGA-15-1444,-0.23461802957705816,-0.03435325729330248,0.7056031428132905,-1.2182011766680385,-0.4663230174630369,-0.39003500513081496,-0.5416434429854696,0.7951349730686246,-1.0027577090186746,-0.6827287527009674,0.001570446135286472,-1.3136655965274993,-0.5226511483894376,-1.014941672219689,0.21003560996933987,-0.523231634701384,0.15805601963825294,-0.2288790579267179,-1.1129904751433761,0.6442231872893881,1.3085507096892552,-0.5552929666151855,-0.2029086749513031,-0.3245420588659627,0.04895666127177305,0.6582657505018016,0.23402010438512835,0.5953910285253341,-0.08002954807685149,0.7263230689356589,-0.9847918968683077,-0.9724715923830131,-1.126683871974754,-0.2643290990279536,0.4675286658163033,-0.786121237734475,-0.5365744444983861,-0.23749258796075942,0.5447510278527852,0.0651027568711822,1.1236065443980907,-0.9877894109012907,-0.25798761069084547,0.289126809578899,0.0010657695161301762,-0.8364730070204285,0.05169122882193924,-0.6407240395530025,0.49846119411139006,-0.3464177842380606
TCGA-06-5856,0.32625915041780307,-0.08108823976397367,0.46672951627044434,0.768223270384714,0.13773786559184642,0.7571214989664757,0.16078726299225124,0.2071199080358051,-0.7795661578015497,-0.09748802457512853,-0.010686508974336702,0.014477800552549089,0.7543099034879683,0.3537675329860169,0.14770450956853623,0.3221109340834219,0.5235178412962888,0.7612136095934576,0.38974607245778947,1.2938680674725171,0.02065999272347817,0.14511067920205098,-0.09419631038910777,-0.162497628238934,-0.19531922040398736,-0.5300177324383064,-0.46174790978030644,-0.31212498851493503,0.13027850627588147,0.4853956231769404,0.601927378933342,0.8470989131989695,0.658696910461327,0.13288346835088277,-0.3308821885955991,0.7470012738550496,-0.11226212208223511,0.4244263291164574,-0.054195265284880986,-0.1224013400473865,0.9891089141576258,0.23917769631686112,0.753153025644594,-0.16936526009582367,-0.34574818297566534,0.44541266621777276,0.5152252589034148,-0.11283851828555569,0.3906021781005845,-0.367306439938809
TCGA-32-4213,1.2033635201519945,1.2073995458306115,0.8827150046568368,1.0639003355354075,0.5333446255347932,0.3182671547998058,1.1282472197602929,-0.26740148218082177,0.39211605119489584,0.8906860140256566,1.1465882357434776,0.6567018892188969,0.20012647101342404,0.9861269541487293,0.15908128485688858,1.505488181051813,0.8890478269348735,0.1457366508892346,1.266757856172542,-0.2744562203913791,0.2749848555225885,1.1099290466031861,1.0675888016867303,1.4226595548442682,0.9989489853383747,1.1132560044463635,1.2126270882078052,-0.2709424385112347,1.1050814359898562,-0.5361987524668813,1.023519647233052,0.5726593857757478,0.01665742298532005,0.9565804569600734,-0.40218313092462776,0.5949067717227928,1.2898562159256783,0.14815105596988265,1.2827789634141429,0.20366184925495903,0.21245929008189535,0.8857723714416402,-0.7870760923387574,0.5273994639935816,0.40197047550096693,0.6032049640229254,-0.19113339790090395,1.0237496709738563,-0.6181010917662817,1.5503200808080075
TCGA-06-0646,-0.532192449617738,0.6213653568854739,-0.14186149170426857,0.22645810628383103,1.043683611256629,0.5397634945960058,0.4796924889458287,-0.38702800124616804,-0.3708707468830803,0.7310430870501369,0.6611220535455902,-0.5133355557025979,0.2714211930256878,0.25744010793656374,0.5190335452466083,0.5423081014168885,-0.6880560891578373,0.4559670671703817,0.11085934501019634,0.7194762427988534,-0.2713097375898979,0.7267586703621568,0.34065182497122637,0.7609595379657254,0.7261981726091515,0.20633062521983736,0.44195899122235954,0.393595111508992,0.5662840286646131,0.7558412899200736,0.1756119461740445,-0.18182126527978784,-7.896412336529555e-06,0.8519995912158496,0.7695692885545986,-0.9810077777705483,0.33033635712428283,-0.3676359653654302,-0.5049846773634739,0.37147216694024576,-0.3272066750889883,0.6378831780994568,0.2020717703384822,0.24371665519668645,1.3283367518053688,0.009884127187943691,0.02180355226536351,0.6114543422966334,0.05596643041400817,0.038059750129976935
TCGA-19-2620,0.5604825747723912,-0.6597461871760083,0.8185848810418599,0.02239718576423787,0.4833763690260134,0.6996891461452156,0.17968909264739172,1.8222477147596392,0.11430257566261043,0.3734419590245207,-0.05357337711836048,-1.0479587708709222,-1.4310201127212792,0.32931975320351536,1.0091979917911134,0.5132209297654657,0.25451732908738717,-1.2646323468808325,-0.1906137481642349,0.15814490038560458,1.2097208215262398,0.5089989172897386,0.15906884251122677,-0.21496840694445418,-0.15939123493792945,-0.6035381652162657,-0.5925676461552825,0.45308805560737697,-0.040828392573258585,-0.31817350034297087,-1.1687207326990856,-1.4507937242457551,-1.4482622913411252,1.2914200427293447,0.4364278881041573,-0.16398729605712217,0.2915525003407409,-0.18775961639383465,0.52726224787503,-0.6181646408325424,0.09683898272601112,-0.25831701130329743,-1.2989087273605804,0.6160872337026734,0.148317676153281,-1.9635508889238935,0.6952164000103488,0.14977963811969155,0.42491152136125127,0.6383370259365142
TCGA-06-0138,1.1538483575748975,0.5915098719838465,-0.8407827129582677,0.5230919223970163,-0.04158872450653991,-0.45714846694488587,0.4759511719647956,0.1421707836493839,0.2987612066872715,0.45437596764663274,0.27068463483458144,0.8285943564855419,0.0236750928776455,0.23065465151879327,-0.6226286638223754,0.07135734921258094,0.46802110178193035,-0.413037980502726,0.47984788637477876,-0.3158871170930482,-0.3437469698636075,0.9956973186786002,0.47314385440209417,0.5478703579347602,0.5320816704811263,-0.05059501566718687,0.13379483056147223,0.1757505714041998,1.1634643854794358,-1.2538534036479518,0.5341223985970097,0.5621964522421065,-0.5667825367776327,0.3358614667782622,-0.3987086197157427,1.2831233535083573,0.730449254984195,0.2066355915612802,0.07099450076470883,0.165763763904497,0.5299350806446838,0.5353649802406671,0.058727331202011845,-0.4740328766517124,0.5372063333835245,0.10902393016886996,-0.6445903023084592,1.1783998303473684,-0.9433677409385189,0.46072149429819625
TCGA-41-4097,0.6828434808043307,0.4499271750608372,1.0543229683806057,0.7997730901225403,2.1092150218733363,1.1296612165775075,0.837581060801018,1.1028700431485847,0.3731199623188778,0.9331143839501476,0.751814396953802,-1.4498569210021197,-1.5923318555137633,1.3881992799266232,1.8351667875092588,0.9277468233048786,0.06121549347984603,-1.2915949280794656,0.8049447031582435,0.9470164194106803,1.547845862361001,1.161245456292282,0.6086165417591443,0.4503922029979689,0.8188735609334677,-0.38806153436671825,-0.05172276585533627,0.5991051382728644,1.0807590241257625,-0.04223574037952807,-0.23427734244651727,-1.9231487948591988,-1.7272497813152028,1.949839213232504,-0.0036062410316824714,-0.13078490740159776,0.7596202576272154,0.06744692461413564,0.5645593765085642,1.135375962026038,1.0323548217275471,0.7077032915921367,-1.4236884323633088,1.1695198812426102,0.3578939439445273,-0.9034114883717359,1.9260095610336057,-0.4929558307562806,0.3546778810033782,0.5791684715245914
TCGA-28-5204,-0.008646679111570762,-0.24287193762701875,-0.40090466807915365,0.4498765087700899,-0.5143203324123051,0.47547544481443155,-0.17822814248026578,-0.44863795812819574,0.973548008177011,-0.6424576548486564,-0.18296136513214248,0.8947778503320153,0.906916284396437,-0.2621429276390515,-0.4306844294766813,-0.634099103824556,0.15529476724600894,0.8069448466471218,-0.6953034810722591,-0.892940417924372,-0.5066198717436391,-1.0207947497646834,-0.19096447188863516,-0.13527312679650713,-0.15255468281625595,1.8120613024959826,1.1157700715269518,0.0369483647210471,-0.6581100425466158,0.4727532373414974,0.6329638833273082,0.4897363742783113,0.46578964384407484,-1.111579297996019,0.9448326728633653,0.5119166964028283,-0.17158207470413742,-0.6572653580982831,-0.6415003603957639,1.3314971637762187,-0.43839030783306643,-1.4549355921483038,0.38223366948744897,-0.3169426927049969,-0.5010602554149189,0.6281136230091502,-0.7165146021823011,0.4040904139132822,0.10400929633497398,-0.638797679210114
TCGA-32-2634,-0.8168300905715684,-1.006837847917733,-0.8491810564105113,-0.7566065165892624,0.5158296916800358,-0.12894792645253614,-0.7092471498365377,-0.7967621791278351,-0.7960072251753468,-0.4994557338478231,-1.0040495612225877,0.25434520513596687,1.221740270145628,-0.2166784463078483,0.11891949361199315,0.2763545649859034,-1.123977719369986,1.078364282618961,-0.4649436624942718,0.6472887361088346,-1.0890353686818741,-0.6652678406279496,-0.9510876684136335,-0.9050426169698396,-1.0391307005451904,-1.2655600852002857,-1.1995951032342078,1.176169647161291,-0.9752080419027208,0.9353828497620342,-0.19411791798288858,0.9366972062899014,0.3754099396408252,0.06422075725309957,-0.41452210050952826,-0.7434220923193048,-0.6517543372273623,1.6674300829200677,-0.8338322462352297,0.2899831195827698,-0.5120609242393759,-0.4574847195480615,1.5027143222147368,0.24674106532435872,-0.6905324407245302,-0.38301754964445905,-0.04296510382278996,0.7695934622466266,1.0960636740922538,-0.6689103431941169
TCGA-76-4926,0.038699736346411155,-0.9471590113718495,0.14896070228795727,-0.9729265911261745,-1.0481343995842543,-0.8107330509377183,-0.49003135210942456,1.3203627014078692,-0.3706850671435374,-0.5196476894505958,-0.5336026648997692,-0.39406099891803475,-0.16482864123906815,-0.4408600743178625,-0.3471119554235423,-0.664163027188951,0.5448283209668905,-0.17548484960975494,-0.5580719052467336,0.13092960224256892,0.5678217455833363,-0.5509131180706094,-0.565803018475142,-0.6840354980605655,-0.8807568993115978,-0.23018914714078653,-0.43901315562931276,0.2572685426139732,-0.8354801727144997,0.16263665155895288,-0.6350881777841643,-0.3211297993182955,-1.3549176781548091,-0.4574771723032049,0.003972112606053035,-0.44352522373935144,-0.6123588785494222,0.9590419584730541,0.6882849745926445,-0.6783163253080333,1.1056930222134242,-0.4289262025340006,1.1186299997441425,-1.0851171044419867,-0.9506430208594525,-1.0780829465298563,0.27771770446236305,-0.5735560684591794,-0.9851540341686973,-0.2760919411516346
TCGA-32-1970,-0.6949098141647757,-0.8108259414947753,-0.11330371274852068,-0.6207086315515611,0.22088693751918614,0.12752417716101558,-0.6572244617839607,0.24774581355326497,-0.19261643452337657,-0.971374245999241,-0.8594965179001364,-0.6442662089407516,0.2651464729815457,-0.6606576025725004,-0.06292269703911033,-0.5521997529159702,-0.41270975611405936,0.3602482956791248,-1.1136265491577197,0.32542921486141746,0.3216057986666952,-1.5304749647592955,-0.44095961450584964,-0.9169798848141523,-1.009669395169392,0.5931569675962013,-0.0015036318224732382,1.435820767641886,-0.9705653287470055,0.67784466970304,-0.9622982026005026,-0.5012681440305916,0.30889388356763364,0.14351457610496612,1.3274303186838516,-1.008883032107793,-1.045329540031895,0.20793333465198513,-0.6249882251395728,-0.4240811247277216,-1.2589547570946156,-1.8334984548401974,0.68685434409374,-1.0911564587091687,-1.192054985575012,-0.7344686821800244,-0.14222681927582287,-0.01616650541646555,0.6845960178691032,-0.8058965049684256
TCGA-15-0742,-0.9166060020453671,-1.168089632413978,-1.4648469133746391,-0.5364657245564614,-0.09651036783824944,-0.38241705274070287,-0.5870486187927791,-0.8785612062389406,0.4422306033385276,-0.8137565114766753,-1.1298680192327286,0.9934928647728315,0.820945358949032,-0.5346069544750413,-1.0317562608149309,-0.8517038806101308,-0.9610074554895506,0.6163096129507416,0.08815560128851613,-0.8556671662691779,-1.4493000118257524,-0.6137168426745362,-0.9247476929899614,-0.8636592097441746,-1.0515981562583359,-0.3834572570903196,-0.6161037806034119,-0.19893917335247274,-1.4649091584570684,-0.005662036988650065,-0.3531672725305883,0.5326309198806217,1.0411219576163844,-0.4934224714294423,0.5460473648755719,-0.2268576715700006,-0.46999916892203303,-0.7766078351187364,-0.9678298492264554,-1.0076450307678888,-1.8893766691797158,-1.135721737970561,0.005618763592561015,-0.8160493866378048,-0.5863153116051797,-0.2449862162310761,-1.508952749136586,-0.6898681282890208,0.1950397634711052,-0.5339142257024818
TCGA-06-0645,0.5798013540021285,1.7365628079095448,0.8877337573314779,1.2610406997077153,1.4964771872769165,0.9713438848944391,1.3611196862813717,-0.1536265493208503,0.3134802627316029,1.4210870874411554,1.6454939667049604,-0.3287496015700778,-0.7187969117139505,1.1532921328460484,1.1791009906950722,0.8781317610418289,0.19649092981493113,-0.6840900298289702,0.5900808471366845,0.49475527186917745,0.14798041727551134,1.482271357651141,1.8748375878571764,1.92066146571746,1.8859415352858924,0.6276467944351839,1.167239358074222,-0.22521534675620428,1.9164338628849922,-0.4154341929755258,0.5422655367029241,-0.29890747911364396,-0.04178807269002326,1.0699592708072954,0.5192272917992026,-0.11670441859753757,1.6804573111326426,0.5039931815957056,0.44181028892403257,0.9958794512891043,0.4761379793840229,1.3082547245015423,-1.3685928023191487,1.4687800724603173,2.2459952830615704,0.9181377514044559,0.42170411349779363,1.8221387632870416,0.2809643360085978,1.429260917647461
TCGA-27-2528,0.9259081337906958,-1.1118163783722146,0.9096372563086925,0.7370402445101922,0.2170388754437917,0.3067619231255699,-0.009783359757061676,0.4292329770202323,0.8379663122352988,0.03355781640904604,-0.711651756406152,0.162191089712885,0.4576258990307459,0.8287592215602753,0.7498946743989079,0.4945107200777063,0.34365065867680095,0.4612759343324235,0.029819600246816357,-0.4677798018526376,0.1102128088646881,-0.1585815657455152,-0.3130633406393474,-0.6052618330488994,-0.8487637612572001,-0.6015188724151802,-0.78298445921634,-0.09463700821954397,-0.4229917168627601,0.41182242546604414,-0.046357864608762143,0.625559052681194,0.5903983345807121,0.31205559873210204,0.6691256802398098,0.5908710629216233,-0.08258636973793404,-1.0660984207016566,-0.2027511086140823,-0.34892300711793595,0.7241696910104398,-0.5021570045160006,0.3301610215179344,0.6026724658779821,-0.3914429501083152,-0.0023418717371941514,0.6021972704242904,-0.007450907493042876,0.05564616780914014,0.242975274203
TCGA-14-0789,-0.21698339518964138,1.4408481847136985,1.7671985347888919,1.392446335598254,1.01006610523347,1.5299222966793447,0.958378492354744,0.5753646103359934,-0.015754886771156457,1.2953418361572528,1.2919936952472486,-1.2113332809267585,-1.59938561862776,1.1337335327761449,1.3084566606761896,0.12602158002328095,-1.2505322613021446,-1.262847574078019,0.7354305078003155,0.9585202894313757,0.0006210470381722932,1.9082727779616613,1.6792374061640525,1.5923155620652452,1.7605616676513847,0.4033265580443472,0.8760954279091675,-0.7301430128801896,1.7605030226853486,-0.34457264760833567,-0.46413961052551717,-1.509396612546971,-0.321812622988812,0.7247582279971454,0.6221436155217892,-1.243131870958015,1.0977553386923018,-0.7103969372805988,-0.2462530378299157,1.0780585400121991,1.11937979843255,0.47706206701047765,-2.0468939490251477,1.9686642052184893,1.8615124841764186,0.0680206292168402,2.0152508949155785,-0.5856152423828918,0.8223732099602907,0.5520967889659926
TCGA-08-0386,-0.18175168357760552,-1.331690797895185,0.6860978313316286,-0.6136251635184267,0.3267541854077484,-0.8209363295779185,-0.7928866915992325,0.9303760602238352,1.0912153317435085,-0.9743226507927425,-1.3732327762481518,-0.12296500384335923,0.5819538473152914,-0.2057953388037589,0.2755772719280365,0.44512747160865024,0.9436520260374558,0.5476345941397629,0.7656590073642803,0.9869454940309971,1.2447819311661823,0.22038399400458786,-0.7742974934997536,-0.9924719414914851,-1.1137738163762962,-0.6422124140885622,-1.0506228680710246,0.8707358566918489,-0.9915244334210755,0.8717834603263153,0.27316423868424367,-0.032374064483243016,0.3495908958586363,0.37996133131216886,0.6467269689309884,-0.5898613998784416,-0.7487284640939169,0.6105114078644981,1.1631906139572246,-1.3542745676527903,-0.7539062561767674,-0.3322240843975678,1.0091701928536498,0.4046979763420583,-0.9809763617088285,-0.6710345898599366,0.7001047203581359,0.862956417856625,0.5831534584693316,0.16986008164386898
TCGA-76-4931,-0.33969992335052984,-1.2003219135634837,-0.46129346556560213,-0.563198614033497,0.07475997765745902,-0.3010950295067105,-0.24461750164841006,-0.6066305303565194,0.7655128850492221,-0.6123814402753427,-0.8525626695554447,0.5028936908340157,0.7890467328739073,-0.4987492221605955,-0.3131702197715651,-0.6090191584128157,0.02595169163547951,0.8307316799739206,-0.18900609268637614,0.6272212881402588,-0.6717500733117769,-0.18163207479757038,-0.8680372965811199,-0.8761830388872958,-0.746215081951671,-0.8527617095448603,-0.8955478593236548,-0.14888743250037767,-0.8902489617333097,0.8304079012580787,0.16290712253679826,0.3705960892006822,0.5221109919960355,0.007799877388455686,0.5440058731674614,-0.31193777318504007,-0.28539724179541387,0.1379641610937964,-0.024551292984159617,-0.6841576116411223,-0.9887816917028228,-0.8154566018426761,0.35180169689328605,-0.313075504090476,-0.370944185605043,-0.3184328014856034,-0.37684473305190697,-0.06175393579779649,0.3433712105528849,-0.5829372827435655
TCGA-27-1830,-0.4295684809716996,0.39349039034734806,0.9034640125527695,1.0478561960234691,1.1749812749246782,0.6184144018343424,0.7094521951953859,-0.4431958487013029,-0.05440295487393071,1.1004641411860248,0.5072106378457153,-1.3577590421570582,-0.38082777318542016,1.0618337698265652,1.1787490892479096,0.9775743829247214,-0.6848527215525269,-0.1680145612744718,0.3155341785576678,0.9498711070566056,0.48970336816523785,1.0324747060103763,0.5506650721424338,0.7365670605768545,0.5733280711030289,0.0827192686525366,0.3230233605428803,0.10753356936223649,0.7164042930560431,0.45868517896716154,-0.0877386107906487,-0.6476776998327757,-0.24252823348644376,1.274940831340328,0.39810473763471316,-1.2551869105259268,0.22727213730806015,-0.05565286206608341,-0.7449682518052338,-0.052324877349525484,0.584957157877814,0.3951514347297746,-0.8417368027890775,0.8078929648093864,1.157074224418301,0.5638269076782043,1.2756280352950404,-0.11739094643290564,0.9799948827586479,0.39844462133359443
TCGA-06-0184,1.9851784710312006,1.0458759119363616,0.6671715440909892,0.41161484946447235,-0.2297344691924342,0.8605779894396289,0.7092513852140012,1.4641345891776527,0.7840073467011853,0.868766530723559,0.8746290580913886,0.670150064975249,-0.8160205032078426,0.37528591579587667,0.10075825094972768,0.341859409517961,1.5043576753788095,-1.1192301012712207,1.1441862334092878,-0.5989548449410081,1.0570724503406288,0.6764232195599791,0.9199622038179351,0.7545387891776371,0.9267316137580957,0.5513303083915431,0.6503844060220377,0.3584834856415767,0.7519737884713199,-1.1416300373838761,0.7210629799295737,-0.06577568080471441,0.14549086728805127,0.8642961184532817,-0.5264527214866083,1.4869593192751076,1.2289230754752567,-0.11216928846054254,1.933882279958248,-0.2772351659136145,0.06470374381450741,1.1727522265461852,-1.4953294738343659,0.9071880174042741,0.5119442660838145,0.24913893126384506,0.03315227375553029,1.144858287025276,0.15431089436219245,1.5152012412363534
TCGA-12-3652,1.1165654992739076,-0.7023304666875717,0.1650460421410546,0.20341071695773982,-2.0831009326175387,-1.6870633334167364,-0.05415649880434232,0.2022470537421895,1.744869394928021,-0.47222470645511,-0.7673721583283991,1.4753352356122136,0.5104353109767285,-0.31099998205483914,-1.3026275698881098,-0.07239660820115285,0.5805638146069425,0.11705582543135878,1.0563151744563675,-1.7654330065033108,-0.4503720221151524,0.3199209777603226,-0.3922485690319511,-0.3766360250028295,-0.7547830652726111,0.3803419810034569,-0.0915869161596413,-0.2819955411477485,-0.9354153117069547,-1.1819090919579598,0.7437971501411966,0.9962409312849221,1.0466072491893117,-1.5637971797959473,-0.6836903976659797,1.658565680524831,0.030856432228299927,0.044697072908780895,0.9329211920622966,-0.4591610982158766,-0.7462555124013973,0.2593231324171687,0.8342658339351721,-1.2726253412929585,-0.12441127298145649,1.3500650464352497,-2.2237376729174705,1.369687351638314,-1.0413394115360346,-0.04864433128004635
TCGA-06-0187,0.6826321303500241,0.30940527595621314,0.7952262384533965,0.03248804384972359,0.7030488166470501,-0.024717770333165467,0.8202649766239665,0.10209526226663823,1.874454750624722,-0.16491560196072128,0.39644380008624425,-0.2820519986419107,-0.04523045019930779,0.26315243613895345,0.8635419104436323,0.6437945554573585,0.4788038260340414,0.10992898038519368,0.46898177984704,-0.26912282194354825,0.7706420934116439,1.043249406856544,0.6339759123465744,0.7133935623257169,0.5989120786493323,1.2346531492070334,1.131678320965806,-0.5194204713598954,0.14661513672963006,0.3194264276585645,1.2858650223737829,-0.2506149913433808,0.49477410645166164,0.6686557171374325,0.9876257595518732,-0.5539346802363786,0.2872301173982606,-1.3346659751003753,1.0211801419997844,1.480661390804378,-0.24732705743005626,-0.21741469485271683,-1.5080614921008035,0.47107834765488027,1.1302542286155763,1.1129961629619165,0.5671828736966039,0.5611312104210181,0.26678321768454477,0.3326081431343952
TCGA-14-1823,1.1681665094168534,1.0055739396395298,-0.17212908795688547,-0.034589868048463125,-1.4972675024197664,-1.5598953576417391,0.6381814389665493,1.4718389846680198,-0.02181830621410323,0.46933336913746426,0.735265104248866,1.0844615189222986,-0.4995877652800488,-0.05250319431503406,-1.2225932284857393,-0.09006990312053606,2.139519714362994,-0.8192595249708702,0.48867989312383747,-1.426450193554232,0.8144439943892752,0.3278460337927707,0.99879338213808,0.8419422008479137,0.8749148618105002,0.6723514385074228,0.9989325493858183,-1.7566914023697455,0.8041466819753729,-2.071396121516157,0.8731744037446352,0.530755879802169,-0.20628194092018767,-1.5329624519304894,-1.299790180408979,1.6425946273279617,0.8740483166452275,-1.1918032598827124,1.2370399264143752,1.4719772909081572,2.306882148794622,0.7822674911251071,-0.1886595557229525,-0.38653319481755466,0.7132614954183304,0.6532623260543108,-0.503129758299559,-0.22600334503649466,-2.228100809476088,1.3840111436638909
TCGA-02-2486,1.1940798676988966,1.6374853548377268,0.2339419800809688,-0.22276901605664856,-0.8674991722061592,-0.353093925699363,0.9928229448886382,1.1967182266280372,0.6445087196708217,0.7484909945575202,1.2988519030603436,0.6096885001800517,-1.408625779661961,0.4648340454326447,0.00221733883800098,0.35574640560513043,0.9307933025135042,-1.6637330558250498,0.8650373173041469,-1.4143181465978434,0.7976735182378808,1.0210903884611415,1.4960925537083358,1.4991615386756492,1.576221317760706,2.6623814788654703,2.4144633257782178,-0.9376272487111162,0.596070230542316,-1.8468717857636128,0.5171698256973031,-0.09279226674705357,-0.24260261142893155,0.3273114779286668,-0.5139801052701818,0.8815624607941593,1.4855479244596639,-1.4466258353524768,0.7349003728321329,0.9186693715248254,0.9663972208494424,1.7834406099314646,-1.6715217418219372,0.1597318442930464,1.2515004541438168,1.2687297716603279,-0.28977392701041926,0.31917985291937423,-1.32604985525453,1.3230070420184403
TCGA-19-1390,-2.3730646465373937,-1.6330396227258972,0.1277235840687536,-0.8184305668821766,-0.04757512269542661,-0.29170828789342745,-1.7283205387837468,-1.657118087015694,-0.21659616227684148,-1.7479138321998333,-1.5945552300078816,-0.6115699839247472,1.383938225842984,-1.4324783703098687,-0.8880381379767771,-1.2153571034399326,-1.6358005888256695,1.7660246388447876,-0.4462059990636185,0.6693857908854364,-1.6363510245899164,-1.075890972065313,-1.3729700617951979,-1.25845217814735,-1.3398699806483196,-1.4315170793989171,-1.7226106590832784,0.23387062323535227,-1.5815079062814756,2.0666470664967194,-0.7251108953392428,-0.011167803043773869,1.2294589746657296,-1.41459438962376,0.2867558002818208,-1.9803565145992066,-1.804917388108383,-0.8498665812441787,-1.8053579960733062,-2.644673323508606,-1.8488953651395093,-1.9870117396506188,1.0620028664239496,-1.3082529862272554,-1.3197876084240607,-0.30053266451718347,-0.8646712240392013,-1.9568263360236555,1.7348747505889066,-2.290857009900508
TCGA-32-1980,0.8015093598247285,0.6911872273523036,-0.12392854799881446,0.4209977053151442,1.1395033708664388,0.7655431591152488,0.339001943881834,0.47714656406365114,-0.17634869100656017,0.8095793646175657,1.0462441999753629,-1.298768097795356,-1.8730767577017622,0.3416239842352535,0.9382127392389464,0.7125122197691373,0.46217712198414296,-1.7573715790328164,-0.13006685494404505,1.1046715863460461,1.5715560758496403,0.4937322332807666,0.4154696430766932,0.367069142802113,0.734492333465483,-0.22778914291675853,0.05461257353027911,1.4627817047182745,1.0639912872318384,-0.9176829502233842,-0.30772720144854937,-1.544966747242877,-1.9101072694175343,1.7459505780830074,-1.0489318347961822,0.6738567439945198,0.7102529783524397,1.0810961759269084,0.6477803774484006,0.03929778548271553,0.18249121767776763,1.7260679115599262,-0.06682147331920767,-0.21866385649601175,0.17213639828815194,-1.2190671434813785,0.9500064315655873,0.9702646071904935,-0.47235093943220796,0.9611226257620603
TCGA-06-0747,-0.939310177593482,-1.1860321579770214,-0.4196458918736671,-0.2565545138566819,0.2799369740129659,-0.04220925454903497,-0.4173367868688652,-0.4637260449042242,-0.1636250885853991,-0.20173411135999578,-0.9448668190748772,0.15647200491232666,-0.029736513757312708,-0.08022676663543046,0.34969695240935367,-0.1040160997635145,-1.371071597573324,-0.06932424882057393,-0.5574954351958528,0.11934025510667617,-0.6102752279538395,-0.5040247230375537,-0.5026118776527748,-0.6109352959783255,-0.598375912213905,0.3861900341385154,-0.03375555976802981,0.07905877515512007,-0.7563389143537934,0.18791225999274694,-1.6964720902713153,-0.4388382489464232,-0.08377941633130075,-0.6762852136165974,0.9784616805837809,-0.800500780030669,-0.37902015472172457,-0.6538784460572031,-1.7638936124369866,-0.6920844089336353,-0.5000087168257722,-0.7159400550931677,-0.7065523151215143,0.5112714216677903,0.10298043421281423,-0.4047947716581038,-0.2925446536369402,-0.3040384337345473,0.8549480186436552,-0.2357970588426445
TCGA-06-0156,-0.09200538272216201,0.6145510686778763,0.19060702808857122,0.12436524120272247,0.07412326134515913,-1.120867783978082,0.42270411703526306,-0.696866668378365,-0.27716607278293726,0.6785984680768388,0.7751608111300486,0.039454327153915426,0.702847814999362,0.47699292009678285,-0.18307160849869958,0.2558663162396507,-0.6208048704101128,0.8221838360311594,0.69593965321488,-0.07429388159673397,-0.36534004275229126,0.9596743189159317,0.3991954659247426,1.1694730790978642,0.6924040171125043,-0.3771528783890709,0.17233524660253932,-0.33104688446701414,0.783489657369491,0.42925543141401823,0.7482217904252985,0.6123396294586492,-0.5949204304504283,-0.24989972101005217,0.09652367475775825,-0.17032162049049765,-0.26887821298870995,0.7503871279770256,-0.22177327501132574,0.9938993119527743,0.3126807500481285,0.4375986491024934,0.4562914308988336,0.5558876659079336,0.6654190588939066,0.9822553076587549,0.18652005555238396,0.24740656108485332,-0.6976022210611643,0.14265508768157326
TCGA-06-0649,0.7723610137703566,0.5176952784742159,-0.4833992085814224,0.4304292790008442,0.5450903388359878,0.08863575648516583,0.20629648686656338,1.3902614203097838,-0.40187256264918386,0.9128893587266406,0.5068844754544527,-0.46614297263732596,-0.9384773623876539,0.4942611228782265,-0.5295714875289682,0.818868907151519,0.6328325573216816,-0.9981795675269352,0.2270746678025612,-0.5605891843151161,0.934485902845593,0.1244851762051051,0.05132866514326166,0.19279173889683565,0.23124265371597405,-0.3296703497592239,-0.017310783448313175,0.2854211962450531,0.7125778792683004,-0.7601085560526207,-0.8611009588884412,-0.8453717066816442,-1.579088106192861,0.4108522330433963,-0.24825609820965894,0.19515868965702887,-0.20860781251647767,-0.25525378958402606,1.7666003917688589,0.192696168301449,0.9999799079670988,0.44550791899688147,-0.2148176351734869,0.3542745480741603,-0.20545175633158932,-0.5981059810555626,0.33856625075824603,-0.5459403080413525,0.3232463425157563,1.0294831527579547
TCGA-28-5209,-0.7755472353965686,-0.6497383345896312,1.0195699837705627,0.4886138791187115,0.31379885987169104,1.3493362750049869,-0.08438665232231216,-0.24952609124539984,0.08128748256083208,-0.20086749564331016,-0.6495191259274551,0.07070434395185254,0.9175721103048068,0.5057111939486462,0.014334465251733017,-0.7172057798519683,-0.7978829928484238,1.120145991746004,0.21912324352750628,0.42861626386745477,-0.8758471114791577,0.14347258956736267,-0.4545605144857357,-0.3909514223487771,-0.38215963079697796,0.016674339207348125,-0.08974364896355089,-0.21957898435598427,-0.5961313342776535,1.1344054777543469,0.6069629779722137,0.590066868496316,1.3152004001322684,-0.5782664831532609,0.733739075764684,-0.7530539928935123,-0.7229159733613254,-0.399634882365391,-0.635935761534022,0.3014298346609639,-0.041612521797487416,-1.233399353357573,0.19224971283276024,0.8633308887368988,0.04153456236345212,0.9326775857446351,0.8777113271512449,-0.9085477421374231,0.8362482177157682,-1.0751408488738234
TCGA-28-5208,0.24977546697690414,0.06704752104284528,0.015245165981252846,0.2268178018128098,-0.6704417899914604,0.2708267242523207,0.2613579814492984,-0.24496298226278054,-0.36188661343326894,0.5427433207375627,0.28726082846417833,0.9321271186917366,0.7246823568107107,0.12728232037485282,-0.8088860827864178,-0.0011049676152178934,0.5718259015039187,0.7199545316694977,-0.5594150041061576,-1.484335513988106,-0.636725921298944,-0.8388904174992712,-0.2533677250945743,-0.0011340353627690535,-0.07799791623041277,0.09072453150599304,0.09497714994791705,-0.8152997124625906,0.25280044341364966,0.35048249792624053,0.11506617190624065,1.3026866122297263,0.9808409725391019,-0.9142249340973291,-0.2620784794913394,0.5937080200865674,-0.4541374181448757,-0.6408982311250209,0.013304269204389658,0.6259049984462377,0.7776500957882905,-0.028332815220283625,0.22718615743240772,0.28296330183907253,-0.06506698904571892,0.2999024480530997,-0.017699327648368932,-0.26017154960458005,0.32290910990022553,-0.11943119445458573
TCGA-06-0686,-0.00718910188433602,-0.6075029071379464,-1.2275436046595734,-0.49179173135866633,0.9502665814854273,-0.557353856708219,-0.3750046955020323,-1.4236022926565004,0.5041494241350228,0.15108603835427006,-0.48703471299263523,0.7193021246162338,1.0327100740991286,-0.22939723282649968,-0.3587884486621857,0.08160457466657402,-0.1298318640055282,1.1153537287558444,0.5274235535696863,0.6850299217828282,-0.8947621229105419,0.33829550594804053,-0.5580129266288667,-0.6625280541849728,-0.5147602534957099,-1.2019351023554785,-1.1054518032025542,0.3997071470199353,-0.16531791927441092,0.7020368047339269,0.5750565965695705,0.893868404686398,1.0663135042754386,0.43268946410864106,0.12090538949055644,0.251096982092364,0.3420491238760688,1.0413937416312147,-0.1421326916343268,-0.9304475458572175,-1.453674100551296,0.35405366355856155,1.1927094909195268,-0.12417297717297499,-0.5827842857601211,0.2799244181503546,-0.7804487429621264,0.4948032766681081,1.0072007506270553,-0.12009410936111542
TCGA-76-4927,0.4209091916179144,0.22654490667723123,-0.10720077655759366,1.0170086828726788,0.6994739525864814,0.6720211313844314,0.34564000985672233,0.2186303165249685,-0.4126887807666118,1.0194687773146471,0.27209052682656726,0.18193576887586302,0.20886565944487714,0.9185398579755724,0.35214683051829443,0.2867736972883951,-0.37031471274130623,0.2986797818287927,0.6325586055087455,0.9481110466170023,-0.4783983868837807,0.1686978970429448,0.41163237682962533,0.21891103903199421,0.22235989055492345,-0.10447253608514515,-0.018455512741800833,-0.23221736620588146,0.45257758431732426,0.44981607604837004,-0.2363354824989853,0.23312407512361683,0.07395657046051574,0.8729992396473075,0.34307228356494107,-0.15761814315859757,0.13487003964951041,-1.3786623213967437,-0.5359253756346876,-0.30125969850296097,-0.1752174046790898,0.3207169667792892,-0.0679250693030438,0.9007598191058782,0.021809002571538463,-0.28782033170360627,0.4259811766150449,-0.19833689559706688,0.45475502620117114,0.4019404931471336
TCGA-28-5207,0.0680533639667787,-0.45679622485108445,0.030519601414156994,-0.3681386315740747,-0.0285596787899589,-0.01673333056227872,-0.3528675253115908,0.46677594610695033,-2.106936556337142,-0.6895494244479877,-0.6372225958152569,-0.10579985016418166,-0.32762572602402823,-0.42788403182441104,0.48796252728735706,0.3303252583715105,-0.0839535645620504,-0.2606694338822983,-1.3919002739243678,1.120368157996592,0.6490836748140398,-0.9109550186986332,-0.31322228214465203,-0.9330318229954508,-0.9142642524180942,-0.291652944213585,-0.4960939775025537,0.7036353955236267,0.38274490428452546,0.053335931090088794,-1.2173982193365844,-0.14130359142821522,-1.1477407288392085,-0.24661942669494546,0.863187782381498,-0.29098050006575016,-0.005449911843280267,0.7627637873614678,0.23757741418886488,1.2906627723592343,0.5883470594617016,-0.8154171956679708,0.356435741138606,-0.28407160760866723,-0.8862729374686522,-0.9291307814096629,0.634449363206301,0.09911850356055085,1.224254755346766,-0.1310347929029384
TCGA-06-2558,-0.41107317477179184,-0.35834103217183877,-0.4616733812903068,-0.09608603292000435,0.48457460806716374,-0.5006658423796281,-0.4402188150238788,-0.7976291350423014,-0.4405892687370694,-0.18667019155646702,-0.019526728613430196,-0.15416303626501127,0.5854802046179646,-0.17973895404683043,-0.49000925458253225,0.08360415682542291,0.45278120244758285,0.6704448221572608,-0.14405411901612547,0.7664654475375564,0.15234347163261927,-0.2263888393502461,-0.5656060202178255,-0.38114070605376454,-0.5254360536936015,-1.0633635505167487,-0.9826737336953845,0.2876408328317011,0.30347388567980543,0.6288836927308972,0.4800453019514472,0.7025808883074897,0.01613025114064122,0.18394386599673251,0.7465203926626541,0.1801093577904172,-0.5580468693834048,1.1710005794606306,-0.43844216649682355,0.43474131360812757,0.3760135570336478,-0.5724220086077637,1.156414549922236,-0.12369592670758514,-0.8693689094278234,-0.13051902231003576,0.06942822348076146,0.06849029692791096,0.6618987306524394,-0.5777479838796507
TCGA-06-0644,1.263960055752437,1.3220925409295794,1.7204503929447108,1.7410723044490781,1.170185115077843,2.2297304663467243,1.7303583106943377,0.4233162579901874,2.0219719921962556,1.6805103970999142,1.036288500567548,0.5256055743462004,0.5892121656063406,2.315443279817553,1.5015084448115785,0.9580610257849099,0.3166117626869655,0.7495410534552756,2.353226370877068,-0.11224635365507396,-0.4572080221000235,0.9971832359467717,1.6930328169052224,1.0493947789764186,1.4874050654186173,-0.042337782316909954,0.538499593590004,-1.896142600393842,1.4502296312956766,0.44986368148614836,2.4159966311805565,0.9087232246126894,1.303356535148483,0.02953323274295654,0.7874413488229197,0.27192609295949605,0.9488813970094059,-1.1742391864308472,1.6331798425919664,1.009404008125441,1.3680819104015853,1.3865958810919186,-0.3852978544321517,1.5431328863198732,1.0800265275404346,2.1205060289482334,1.3340649142316838,-0.26465132988461915,0.8725799678205047,1.0482913265680083
TCGA-06-2562,-0.3051373597074031,0.18896262428553734,1.0294605004821402,1.4607201742358722,1.49914049886038,1.6176808244009373,1.118130096230127,0.26923563703294523,0.5397226221201045,1.0562139298635806,0.3833418692345586,-0.6809886952061609,-0.9480233032339066,1.052543810927982,1.002724851708578,0.18816744782466882,-0.5273735931215778,-0.7965341625264823,0.43381013458427337,0.8321668100742106,0.15229462376055627,0.7496921793622868,0.884677795051896,0.5914057230196016,0.7953309840174823,-0.4088757381000558,-0.1314467148650717,-0.3696857904750085,1.0471395099169174,-0.11586224731508052,0.4820454911673369,-0.7141993287592489,-0.2574892747021415,0.968897886380007,0.6918892953950619,-0.5548526757769815,0.9684907227606401,-0.20307847431391543,-0.015358153049555552,0.40066326139057573,0.720962464954315,0.4190373095423956,-0.6396152640997734,1.5058813540137617,1.1544474692166418,0.2101392678342765,1.278991307962124,0.20381135040280832,0.34157767726092003,0.21380591801374693
TCGA-06-2570,-1.1082842579111845,0.02395917923152446,-0.28774166348437363,-0.8369417323928731,0.5533755237111829,-0.14953143524848644,-0.7196223673006192,-1.7900380295001392,-0.9030629024868223,-0.48894184744555125,-0.2765822026040684,-0.6466282873627353,0.10005595001137113,-0.7438068881221305,-0.3871298603937549,-1.216465271341312,-0.7118234639284439,0.464122771956623,-1.0265559207402266,1.8578907669202176,-1.0582664237542587,-0.06982161155560614,-0.5083608169007224,-0.05185216490606875,-0.23439765791833322,-0.9737362802301137,-0.6621167407195674,-0.21357635027447444,0.2139417812327081,0.9762691169180737,-0.6644129915377307,0.05296649529908452,0.151260208731164,0.13622215081559885,1.1796971766737747,-0.78872265278469,-0.427031196291716,0.7176098999560371,-0.8704247306661336,-0.14192134061625994,-0.7126879943762794,-1.1452003454825577,0.1077735830562147,0.06650680216329252,-0.43195098564307327,-0.2853003281357661,0.1752229534934829,-0.799892960015775,1.5622301086123194,-0.8827143538498327
TCGA-06-2559,-0.8998846953036251,-0.28388119856673555,0.9382223353904415,0.7784250377137625,0.49474515655247064,0.27526079145070337,0.060323403020106345,-1.392169242622929,0.02024915150681175,-0.15675827336022952,-0.19556982440540696,-0.36704605020827297,1.25020468511283,0.3515749067129799,0.06524600853775643,-0.1547420229190655,-1.2491921578840472,1.4485781892701899,0.23742501080404135,0.8272197546830455,-0.8916438220879217,1.0814932422982,-0.09497429124016289,-0.10147433346856367,-0.2582184026373338,-0.6788238640296734,-0.584885682480805,-0.2544155446883084,0.043841038158574965,1.7116383734609435,1.0460636025802605,0.5334060256616817,-0.011374332719313091,0.256398346761453,0.08119496634495728,-1.059014075459283,-0.1487452065992109,0.9412537708643299,-1.3973083879335153,0.14531312655468367,0.8381150324844151,-0.7197960993739286,1.898856920031781,-0.062233204436366533,0.1455098993490685,0.546533022561434,0.8360774643874027,0.42788129680711384,0.5222838135120614,-1.0341733638223702
TCGA-26-5132,0.26791011937545856,-0.1934518435061118,-0.43003326608161907,0.16762476601028217,0.39089256485027535,-0.950503227863711,0.1644694337142828,0.11749458191694427,0.8944436561204753,0.17512652174346718,0.006749435465112487,0.5675767817753197,1.100616603876661,0.13610041634486408,-0.2690754623309378,0.6605310988451921,-0.15555055506662013,1.0196977055795629,0.82775529744515,-0.44608708114432377,0.2858106567348119,0.8222251264702855,0.10392176470086326,-0.17315305352881802,-0.44494164840997813,0.4797577274192159,0.05630832831253562,0.1931179199022974,-1.130270905077459,1.1068950997017875,0.5933975328909763,0.4023804530704897,0.6157811888445763,0.9447687580778463,0.24301474990239996,-0.5809532006789266,0.6246313288004758,-0.932840574691386,-0.4752387075108281,-0.5495677271667642,-1.1181010634101205,0.25915925754267705,0.6838465975354814,0.2450104230428488,0.11442847125767307,0.5472750236364478,-0.07419530270466117,1.0509292575633638,0.655269325938027,0.5463557482671552
TCGA-12-5299,0.5212574245033694,0.06645632982418666,0.16731039573777665,0.4453130981675099,-0.2071372649915744,0.45065112659731205,0.6315086576587319,0.14296010621873467,0.5474227516285306,0.4246607939165117,0.35402971560838414,0.7227701122542523,0.16146161296493258,0.3777570953244005,0.6623076687207629,0.8474974518313853,0.31075880925661864,0.1273477926348946,0.8937958580979053,1.0245580693931458,-0.21122992920992,0.7783057117497645,0.37761110811413456,0.3592186709508364,0.3700029189234683,0.8105859360858152,0.6668728313120592,-0.17224515305840815,0.278873118176514,-0.2556474064044479,0.8549180087648394,0.5676456445955771,0.3508575004186035,-0.1760319629732267,0.863506564051706,0.7236414470591411,0.4660999567788582,-0.3916729747852441,0.5667155092870795,1.1057375243079492,0.34547821383078653,0.3345797145559039,0.25178759557057784,0.599759365039691,0.6816561066474327,0.8716133892777177,0.13816946962924473,1.1728200946465388,0.10821178750760559,0.351645447246057
TCGA-06-0743,-0.35952536964311405,-0.25563547309410656,-2.384396149321502,-0.1942303151347883,-0.017711931984245945,-0.3238816855738888,-0.671767531773358,-0.06989857323196928,0.188507124845721,0.0742511937297373,-0.7243262642633965,0.4179751668620198,-0.5703602784133054,-0.16053486284675192,-1.482702487168742,-0.7420390334215684,-0.09134302138208505,-0.7764763059103397,-0.8889819435999893,-0.8997674930285618,-0.6584678579532834,-0.7520831940606326,-0.7772615296178029,-0.4784938025957016,-0.6398736676249918,-0.330913566376414,-0.3836747600823866,0.0356817079667808,-0.7273993198585672,-0.724968319045342,-0.8598167237742375,-0.46565314870473257,-0.34702834686094464,0.39926606002132214,0.4814249825853614,0.3912497739036864,-0.5145404806616622,-1.1425367741844552,-0.9109094870686029,-0.8873058245251777,-1.4407773624954345,-0.20367301679742547,-1.1312256293278886,-0.7571494645121192,-0.7608132829209758,-0.7523074032145777,-0.865884901872781,-0.44461200789557825,0.13436071196153415,0.08745520917366634
TCGA-41-2572,0.7956241671972297,0.020955134166055465,-0.5739887487118323,0.5675203857576774,0.002521798910783268,-0.18280888337772164,0.15458181112121802,0.6122240258374422,1.5092944766691982,-0.22562243054398046,-0.04697920176393225,0.5949169673677859,-0.10621284393701397,0.08525266825274924,-0.5203576802823026,-0.22247564302822442,0.5096894207541187,-0.4447715620498175,0.2821922314324801,-0.9672480547182122,-0.6293438573024841,-0.09480434429062888,0.10607064620599721,0.3592286372878902,0.01657848186576971,1.2998090001133717,0.9645453654761541,-0.1557940831497334,-0.6276121972502167,-0.6988928982229128,0.4892101816809149,0.18503380167999775,0.6651439223212663,0.4759729680804711,0.09253409818634045,1.1046636980528823,0.279619667857333,-0.8816521511072017,0.8702714114511064,0.017019525362808815,-0.93154374960536,0.1818873597521966,-1.3031455653753332,-0.6854307775521338,-0.06283862053899048,0.8311577115963538,-0.854892744325591,0.44686088505579125,-0.7789980678301542,0.31101171147069046
TCGA-06-0744,-0.2259924033638476,-0.7537048670106047,-2.212110815364071,-0.34452768548840945,-0.09660618407168657,-0.6546334222641634,-0.4389993569847891,-0.9506485781797661,0.003590780698932922,-0.6975950099314933,-1.1754750055824845,1.1423048853339746,0.467171112706333,-0.5374389035896646,-1.3472155439236708,-1.2722778296595696,-0.5296634213611863,0.43287686356509614,-1.530110727987979,-0.14805746066489248,-1.448386269138335,-1.2241763957667933,-0.6420039912894101,-0.8951171881204155,-1.1103929461990323,-0.5206765483413753,-0.6982669134587872,-0.21402552293439941,-1.1882914312385955,-0.03320856445120485,-1.1295286380581373,0.896752986473579,0.6325248048884121,-0.5080585422683956,1.0850764666088386,0.6749104448755944,-0.5853989259270863,-1.1769182301679018,-1.1015444735186533,-0.5500349636393836,-1.813674246770451,-0.39007883754768224,-0.17320032602868482,-0.1048833539886874,-0.8247927434360075,-0.15415357055019158,-1.1572756059427376,-0.23131431452524728,0.6835042934478249,-0.3895967276320869
TCGA-06-0130,0.2751463430425362,2.774347155203341,0.6020923643888817,0.6560624457890172,1.0443751511062427,1.5711629766890152,1.8452315991048596,-0.49201511434514544,-0.9796540187243317,1.403064469241455,1.5534088654531946,0.5979396395819655,0.6484794484650226,1.8652251615619386,-0.30641207242802254,-0.060723073210533565,0.008674372571920571,0.6520193474017786,0.82587466905912,-1.0583163976485976,-0.8568735577368777,0.20149991865934816,1.9039666886446855,2.1498678472982173,2.147570964586862,2.039547049131216,2.3794200627524957,-1.9206287322646418,1.2803870122306376,0.45886396054105766,0.5064025078256642,0.8124608370547377,0.6392008359563333,-0.1758269170838475,-0.3627830751354639,-0.4499184021542492,1.2006562254356872,-0.8553449059954674,0.6148924813168996,1.1398228581369478,1.1965672340714142,1.3797133516522193,-1.5549734469364376,1.8296722016348201,1.6631746257595563,1.2962473976157975,1.3575829871094998,-0.5021320880032659,-0.6828041581134588,0.40429659548777636
TCGA-06-0749,0.8703803152028005,-0.2056081509908595,-1.5781914655387814,-1.6396647589448299,-0.7023623685608672,-1.1263319757399093,-0.704198740633323,0.7161799800944041,-0.11276373423463822,-0.09113313662567216,0.20157308704044696,-0.04935782732193416,-1.7344837483574602,-1.4250897232895987,-1.0216345107513554,-0.0011819433612224421,0.9623479475938955,-2.092590740063977,-1.0154145297870651,-0.5060200257197701,0.6117280623723212,-0.5137385365468693,-0.510772067482984,-0.7810941966230436,-0.2913563247090122,0.013524240020525321,-0.22230283197671025,2.2220779718539494,-0.2737999308092806,-1.8478055677653633,-1.2644183492431125,-0.946602230087999,-1.6329999556946733,0.6628450109931281,-0.6758217946704863,1.2399692765859143,0.3774622007023018,0.8125337724316325,0.3801350216478027,-1.884520577353848,-0.8900196869585716,0.880347323491994,-0.7149520377695076,-0.9353645068744407,-0.44771674307965886,-1.3283870199196604,-1.53147607242113,1.5449922135447143,-1.386906757139609,1.0074575536325172
TCGA-06-1804,-1.7691153667370576,-1.1707873036463088,-1.789994996982654,-1.4361785905321893,-0.23010623051383317,-0.7573326256874371,-1.6827219953108183,1.431601544750273,-2.6619134463051997,-0.9023398218052342,-1.135780979555856,-0.4665181780360967,-0.1111366032497261,-0.9971625765698707,-0.7978241763318435,-1.1251527755291735,-0.8573646447316958,-0.24426517215256532,-1.7215802087226304,-0.12174292732815116,0.5741746694507902,-1.9666269573663255,-1.2488658581034562,-1.0176656601168246,-1.2704938973626807,0.5477095554086654,-0.11922231222668617,1.227320280185322,-1.3810779339714392,0.6618937434604175,-2.4957128004682474,-1.3840849463066094,-0.8099232152821927,-0.3482717225439898,0.363866201623326,-2.1998906352510166,-1.9574459334124363,-0.5813394120933704,-0.7255095271232368,-0.8624591670897981,-1.924487669385407,-1.963254031956794,-0.5281957524165114,-1.4262203775406976,-1.849832722501505,-2.2676859440200996,-0.4999040285304491,-1.7491007559324014,0.22853422658858297,-1.4927729819883413
TCGA-19-2629,-0.3337140070369109,0.17176403836903675,-0.5089090813191876,-1.0822538489855449,-0.3531395322030418,-0.35830803505667175,-0.04606400753701267,-1.1412733122062262,-1.3313373311794308,-0.4666330247078944,-0.37358359743019626,0.24846623626098086,0.17451350016069356,-0.8707299345264427,-0.15503794726259582,-0.6946040721945549,-0.9947399581529129,0.18203407505538144,-1.0271703890713668,0.38916103863992774,0.16154113532996756,-0.7149785790327577,-0.34037743332289216,-0.43381488753826647,-0.19029838346508193,1.0155914792172531,0.5074677255169172,0.23545964805736777,-0.48333047357266107,0.4349561001886529,-0.7004050601291356,0.06005948127689159,0.7284507451240865,-0.2615949269398201,-0.3427107193746952,-0.33066764478095595,0.09289096497347671,0.04425193241668596,0.24106540468066728,0.8267065193044022,-0.3240614790146395,-0.1459707991903927,-0.580262989750042,-0.5675463527518845,-0.3910267966332677,1.0632256613512345,-0.6200992363793649,-0.6915554679184248,1.02931958847626,-0.07196333691863249
TCGA-06-5414,0.28033100347549234,0.7470722785532931,1.0455125220468735,0.39709492372368155,-0.0011848087234616654,0.22363884223330738,0.5333943394380821,0.4509278765467229,1.252295359276719,0.46128588632846534,0.8251453473391441,-0.22659893969455042,-0.33081295333992466,-0.03227949418949113,0.1506167862599399,-0.492684319028928,-0.2422294738325394,-0.2517932444262647,-0.3228137362363925,-0.9145484586589367,-0.14858712671531557,0.24663981127694307,0.9699705522542365,0.925962076678268,0.8525845155522458,0.9077629286549714,1.076283871522441,-0.5941275627352458,0.3705899965626218,0.2676166712169588,0.14849260884179888,-0.022186631788105978,0.2700999430390166,-0.4339786548335837,0.5919158215373439,-0.18111950746798008,0.14013160734904015,-1.2989206793828265,0.4397422397257417,0.7583069172813881,0.2689706778774407,0.04057655256660216,-0.9901668719968411,0.8727887360768638,0.9338648164846982,-0.042866812673209354,-0.0026160156468883005,-0.3430461890402083,-0.24063304865228471,0.04510717797134966
TCGA-06-5408,-0.7661463569923309,-0.148641942137377,0.378988265175079,0.40035478558630694,-0.027895336267060235,0.0494831225378328,0.43990428776137114,-0.5997695023896282,0.2585242932591733,-0.18552125407529269,-0.1177931382710402,0.5469083397103519,0.43219838385778087,0.2210596694632367,0.10911906756467857,0.31759440156252466,-0.8423576522215529,0.5364616475254602,0.06999813860274091,1.6662013913098184,-1.0633542926398345,0.2499270466489298,-0.1299556074853006,0.10262545175082825,-0.017457443893315983,0.9189552465529285,0.7285374298928428,0.08399699462380436,-0.13538686900272404,0.23372769091109258,0.18752892104342697,0.43801419264338726,0.34281147077741314,-0.41990930181810276,1.0838865664611543,-0.6623083023647135,0.09022332151768256,1.0439969299902832,-0.8520037616100791,1.4061807117392433,-0.6444302687025852,-0.7423600767291457,-0.06085278636987153,0.26728119424701263,0.5880040024161142,0.8059678106126316,0.7163482183732222,0.5631633883041558,0.7055566774857366,-0.48465076429968523
TCGA-06-2569,-1.069438929435922,-2.0598876906604793,1.1355439939385659,-0.07028486329121257,-0.19342988685901363,1.2503092439064325,-1.1346959613019825,-2.6689726761427606,-1.2165007442865547,-1.6349037124586956,-2.72483064628281,0.38166176865589124,1.119690179601807,0.5392748575230079,-0.4439214873227864,-2.63255953921682,-0.9841315892379592,1.3299934001304974,-0.7556738308921701,-0.6064357028410104,-3.0083232471077226,-1.539423056293592,-1.037234946081855,-1.9779827119728646,-2.1076240898576266,-2.005642916588942,-1.8624380510678007,-1.0438716780594404,-2.2404329513809236,1.1640652807429037,-1.1040212829211389,0.7338923469509706,2.311097534654331,-2.445312462448445,-0.6491575994588966,-0.9080935798491323,-2.5270013825085074,-2.068072248422857,-0.8734847496594902,-1.5543783031565694,-0.48427104155318823,-1.9457312847602015,0.07414212209530216,0.9244451494425401,-1.1889511157613233,0.8663763719215722,1.194535858760486,-3.046097642852089,1.9003732929437522,-1.7599625186545642
TCGA-26-5133,-0.5804942792948488,-1.0861070994224609,-0.841701782438401,-0.6266463510908495,-1.286259621688106,-1.6619770571766705,-0.6768847657940483,-1.5597592086754988,-0.5861967687759435,-1.4351327833444305,-1.4824719645873963,0.4476608081629016,0.535534008424948,-0.7044292713982783,-0.3770219774897546,-1.850437836072207,-0.7575248430146729,0.7383455663039278,-0.9212623139097568,0.4608166619793241,-0.14386582391462518,-1.2574305917670463,-1.0332880271464402,-1.063734774020346,-1.224810895979545,-1.2241367345710799,-1.3424250696578213,-0.998706836423891,-1.054379109124559,0.13704570370749855,0.12640534050500668,0.9027944286241245,2.2359369535345537,0.05277354633725712,0.4069380042710144,0.3429495664657067,-0.4236457673005408,-0.404014383179949,-0.8010921407314128,-0.5118596612038773,-0.19838694808071294,-0.5927296575981388,-0.10523559155830536,-0.5662323905067143,-0.7780416606777477,1.3497718029664154,-0.4995375370183583,-1.3089293231482486,2.1595369333985066,-0.4667702855492813
TCGA-32-2632,0.9037919016624636,0.9400839647268924,0.09751162932805932,-0.15180417974844188,0.37141746607645854,2.87954601259544,0.6121316970257055,1.223228212425799,-0.1333265454307815,0.3935120184727886,0.7073821236230357,0.9168955791372642,0.5334796605156429,0.09636264078908928,1.3755532650631974,1.8262161466741542,0.44510688300976076,0.1470181213874933,0.46643876805138407,-1.0239153343131702,0.3569817863266466,-0.20620651646476912,1.0472800910935474,0.6284712071830498,0.7023872854564494,1.2177236051442044,1.2446124741372326,0.24088577864911015,0.2839647066511725,-0.28534686427602135,0.21721793968156342,0.47242604850211445,0.14433643864173018,-0.3808982435071207,0.039959870446829845,0.37689788808915237,1.3347009316070801,-0.24099450879106088,1.1628266845372137,0.041733632563982666,-0.2364155641867132,0.3628471876885569,0.030250618282337008,-0.11102468345692576,-0.04334834124152136,0.004384388321387986,0.2017156889354227,1.0651877697093821,-0.5081937328955021,0.6262430168843018
TCGA-76-4925,-0.3947901504673447,-1.0971820962292653,-0.2739177055929746,0.35356278088425364,-1.1330081347490157,-0.7010741346822122,-0.08126341549393486,-0.3542765257912936,-0.22461053678500853,-0.4351304453413224,-1.1121797460079184,0.5084780953035251,1.4036584657327562,-0.032842530066540816,0.08440968358463308,-0.3085144581129057,-0.2752118631321815,1.4908852035762985,0.7433055644831887,-0.815139472944365,0.26235837245981675,0.1984192458111835,-0.7529580250721224,-0.5813732872256883,-0.8729486407770094,-1.0221305349866987,-1.0778895158024422,-0.8708920021456131,-1.1046234178592569,1.1140664583088877,0.498056469199412,0.7187078210588976,1.155076402862929,-0.6656529536916096,0.4448155662014726,-0.009766625199174542,-0.7467773309069217,-1.0974642788422768,-1.1935401940492358,-0.4017337173555491,0.34081285809635786,0.05393953921471166,1.1568071591345792,-0.04081193666558505,-0.07692175652495935,0.3561725807064044,-0.2115397311291869,-0.5039611008922564,-0.4810145499710167,-0.6551996243864038
TCGA-19-4065,0.80800848359702,1.1671901176564288,1.0583693008352582,0.9122522594690092,-0.6283253227777461,0.9761925231481835,1.047187801192236,0.3087183166259615,0.11305674340038316,0.9452848332383857,1.2731560577022694,0.5261745694548412,0.15356391590747814,0.6540024276213515,-0.158083628503254,0.8942257848997266,0.2405882580057907,0.13645948050553924,1.1844946263804288,-0.1475564906577019,0.6268828325741856,1.2565901898881953,0.9702605575664462,0.9790706332711007,1.055096711997853,0.49944400043552445,0.8794552409622264,-1.1709963859868129,0.9398005866891866,0.05577704396255745,1.3531940115919705,0.8447513977042729,0.16924729806128397,0.018663272353251957,-0.3810872300463437,0.8625856368354109,0.6879504416672728,0.9194682386686541,1.1130403655743188,0.09057950333478244,1.8567064090908012,0.9770545884244226,-0.18105964652442053,0.6671283887288149,1.0092167243240933,1.295589338599501,0.2815948470153451,-0.12706374541733795,-1.5972771622433328,0.44458935471025185
TCGA-06-0745,0.4698760659837322,0.004884827331593242,-1.5317660798532204,0.782295003273806,0.48978515999128114,-0.23612623685129244,0.38186640638499797,-0.5023852571582559,-0.024063623324689042,0.32975887971725976,0.032340149396209245,1.3298592262406723,0.7497058898938667,0.0892809178384822,-0.6851536739381572,0.11430232687987861,-0.06351408355152287,0.4272014178719466,1.005169144092421,-0.3067392779212897,-0.7035217836246044,0.7178957320270819,-0.011204172839710052,0.026807665201486235,-0.22344779037755816,-0.702646143563628,-0.5689607841261115,-0.31348663457344034,0.10779264676644269,-0.4618671733740409,0.30315059324640314,0.5936966531594358,-0.08823566322692654,-0.034815670551292886,0.38708412422608995,1.1142618037672543,0.7589143480986518,0.1402426702528703,-0.9486318959493548,-0.06157242488270596,-0.7401455444824971,0.7505926820032384,0.5680107817617933,-0.7430054305309283,0.007389877283346332,0.5415038263377109,-1.4843329562768182,1.3589833788080112,0.3477666060767077,0.24145112347741635
TCGA-27-2519,-0.08039019223056411,0.8110309357257428,-0.05681330980498663,-0.33217653980924444,0.22679864120912527,-0.2768878403832959,0.28962891100425636,0.371322377304256,-0.2894093904880092,0.23919281839014728,0.9754666517746812,-0.022823305563280088,-0.14150710035104053,-0.10373988748720954,0.04724241462323451,0.3403492040541483,0.3715307461259335,-0.33030986824855657,0.09385960263209225,-0.1542796542374967,-0.2691417127485201,-0.07408014988912512,0.4130041339152575,0.7335437480674909,0.5234560336440185,0.6539701965724235,0.8457681963562016,-0.29871952544421543,0.5380468477111247,-0.5077807644926896,0.3408143413766858,0.10377685640987819,0.11711040150734751,-0.4030036950601579,-0.08510650366112203,-0.04387117585257695,0.12770879125877974,0.9935729988181955,0.5227800328533132,0.10724787159255561,0.364336518276009,0.15002264235163099,-0.07084538900467371,-0.30861779585276855,0.3020232088616732,-0.0077570399492225195,-0.3824270771451814,0.4914995396034231,-0.5993686127631052,0.6734611540035769
TCGA-14-0790,0.2387150869606477,-1.2017969226607557,-1.239222316082427,-0.37647415046864025,-0.6159217518230783,0.7375889018073154,-1.3897585265013506,1.096143837105217,-0.03776432852164782,-0.9125023277367573,-0.9655376782236601,0.3163155938391333,0.2701171110747846,-0.739943255698464,-1.185126154058612,-1.3504485988360193,1.0943200849502432,0.3323032709624547,-1.1151498281799224,-0.5462222059489751,-0.7088819661300526,-1.7592561763615397,-0.9451584613096656,-1.064770247815503,-1.2700418011862267,0.8618220670563342,0.10278194801146312,0.13249449068721478,-1.567953613101659,-0.11766241620204555,-0.9770780263247731,0.46950693848624747,0.5749137036889526,-1.2339615117933682,0.6014764407728862,0.6576997847407822,-1.4018422040553185,0.10882987600323443,0.327024340395866,-0.036481585027354095,-0.14293718058980887,-2.294025888781037,-0.009160888605789189,-1.349728510323812,-1.5893768730196556,-0.5998557229760264,-0.7060494258191138,-0.753153332352597,0.33595328771151656,-0.696166902525828
TCGA-14-1829,1.8139798360987012,0.6135099793817602,-0.7397521674966795,0.28823891932545226,-3.163744460594558,-1.1576323770318462,0.11688362406401752,1.3708582228806763,0.1467577344863032,0.4850723221352702,0.5235288212948792,1.5705955052543787,0.010458312997647287,-0.03850901266410374,-2.5101422431522042,-0.015247925829077094,2.3310147139580915,-0.783676754883792,0.7111570673218979,-3.180862019715623,-0.33609490465688047,0.21832247233637986,0.17732904899127788,0.17966965582264532,0.19987240528495046,0.16849247813886425,0.4054959530335831,-1.356603268128769,0.8337992922856218,-3.0942944739466376,1.2456708755791241,0.6488373322636819,-0.6676689139835408,-1.2848403148171772,-2.7576172523813245,2.2980288192772242,0.38826969176355397,-1.0886792171597506,1.2696460136964236,-0.8690272414727276,1.9037182010053806,0.33592310809332704,1.1536264513542025,-1.751938598179559,-0.3415768825784675,0.17801714058560117,-1.664480651117667,-0.04379447513464831,-3.421582162633705,1.3664348718120427
TCGA-28-2514,-0.8832067008466009,-0.8680545579568415,0.7493602962189166,-0.06754612331177746,0.8737669699922123,0.5937767502175079,-0.4819380091111263,-0.5160183960733151,0.5928286538886002,-0.3267760096675688,-0.5329121150833456,-1.3753226045342974,-0.41057241602537814,-0.08290554638508646,0.4604888656171527,-0.5237764030417656,-0.973721434190208,-0.09142353791720871,-0.7160338374972296,0.9070358203899769,0.44498310965866783,0.1432991329279624,-0.4288980137707274,-0.5274042479215213,-0.4857500715752905,-0.5872432885199446,-0.7655588078585077,1.0693984324427876,-0.12709810096436117,0.8616896200184941,-0.18758757275861057,-0.7699361924344247,-1.1571618869538312,0.6156680748519422,0.33247346824422946,-0.6450845093922052,-0.7247880345538152,1.4351234796226524,-0.5656988956468386,1.0489758653399694,0.2992586987852365,-0.3356734463844554,1.4452943671195235,0.0630934895518759,-0.21032079469829743,-1.0470200300518762,0.7679025413645711,0.47430646120515896,0.11438148048462361,-0.6633327045461967
TCGA-06-0878,-0.08622575140509028,1.039533171248139,1.4417533662757382,1.218041918889238,0.9537246910850047,0.5484219575938296,0.8635500077514254,0.3656120038855125,-0.013467074266095055,1.2107629582714492,1.1362706124087392,-0.507854081617501,-0.09443927250735008,0.8973618690964938,0.7032657722579396,-0.003788554793064543,-0.6187101523764374,-0.05695476946560072,0.6256356136712542,0.5220176642433233,0.39398470052120016,1.266282846010748,1.1091229173814345,1.1133087321018913,1.0109043859368916,0.09930142709493278,0.6030987931710826,-1.1521164687964118,1.1141293516499802,0.32839494038000694,0.7031059591322111,-0.42564390032839783,-0.8725612889156298,0.7578162984057734,0.932378359967553,-0.807105934813587,0.8529748790487659,-0.926853181788176,-0.2771120086167715,1.134929206982718,1.0583710052219883,0.6100613102253876,-0.7553184552389407,1.3845219241147844,1.5143397300777437,0.4161641338983381,1.0005344453564708,-0.07358485216779581,-0.26191173151895264,0.24169474434312438
TCGA-06-5859,0.20512617493747748,0.15847689853526584,0.40783711703525866,-1.5794575523810133,-0.9730315930621249,-0.3125342337687517,-0.13284396028466214,1.9527258293737635,-1.0605261326978466,-1.160481851288356,-0.22130478809329288,-0.047728244609027436,0.6436512787825971,-1.0482448826506212,-0.0163902867975475,0.23333943518232303,1.093705561456285,0.49993005029609655,-0.43493765967490833,-0.1670587943071,0.8464276675681709,-1.0942606684433112,-0.48418743317937485,-0.13615834532908072,-0.0051834755196968774,0.7891148511449816,0.44362113120089003,-0.2763317498361405,-0.2044398386486257,0.46095097032850335,0.2079228629685128,-0.1312161758190277,-0.6535489770630716,-1.4392913235052671,-0.28330613548496175,0.2676856393594209,0.318576812407333,1.0125090314518206,1.3047607960320902,1.2233816728329734,-0.019118448814573332,-0.48181862386204233,0.9917649117357171,-1.1221169395402155,-0.03417568911177542,-0.14631176096583595,-0.9680526956393916,0.4402443955360608,0.11375378900509224,-0.332553296221827
TCGA-19-2624,-1.823263630238648,-1.786025214329041,-0.9436356346444358,0.18672649136188632,-0.3120776458995149,-0.8422697103141891,-1.102425598005851,-2.287529856125102,0.2811553623390524,-1.3674605400993214,-1.554171873876403,0.10562481558552737,1.4331804331939297,-0.8179241042247536,-0.49025367141763965,-0.6502419661608251,-1.7074173683521114,1.6183855925500552,-0.8314387306513118,1.2582582075542839,-2.2105091230845533,-0.7024092265537313,-1.337398710553243,-1.5873479033482876,-1.57217486047104,-1.4132712535135334,-1.513676412267044,0.6360393335643422,-1.2593879479665324,1.4380530060377208,-0.3903049385551008,0.10980685759506509,-0.06638288684430625,-0.011618516682733109,-0.44709989083707646,-0.9593575140550763,-0.7703233797854733,1.5288944731675018,-1.4886318429429544,-1.7586743084707364,-1.4652835253225418,-2.0012234259580954,2.006613898440232,-0.9397135515980254,-0.480747849975143,-0.8293270468130227,-0.7017405821254107,-0.21101610378007435,-0.031065347108285138,-1.4861882568967675
TCGA-02-0055,0.8745994322012712,1.9619139009697049,3.4094645580739336,1.4558732176422124,1.7160679879825915,2.1534976289338568,2.576545298865225,0.14494050596672345,1.648172683713631,2.0410613160768114,1.8121050938596182,0.2445914680937784,-0.24400111815916792,2.8542183088268773,2.9220998451934683,2.5496751492023395,0.7439388987884027,-0.22793051945403567,2.1170783304862733,-0.90353052248268,0.004506977773483567,1.9631673106778302,2.650287380441367,2.080735835001499,2.492075184864837,0.39046982270372566,1.217732801102126,-1.1948002586604598,2.256113847609536,-0.567934095891466,1.9606203141090826,0.9238422759118453,1.3843034884596264,1.1629841726018928,-0.31140358219595726,0.5349651369761645,1.984120309124524,0.19819519331679278,1.4581158707182431,-0.4271316439967348,1.618547722267235,2.44641811067047,-1.6534459422799521,2.139691712982141,3.378618154259939,2.9408292969700995,1.9606429165122514,3.0817049644811743,-0.5094351370993586,1.960451672764365
TCGA-06-5416,-0.344516400485823,-1.3131875004850215,-0.07222451062610677,-0.8162597767634527,-0.9192894409917637,-1.6187218623672694,-0.47242085370711884,-2.004296681129198,-0.27288997239623936,-1.1620735342222,-1.3857520556829117,0.9329386269999497,1.3290451945873147,-0.3557691231815104,-0.48497694431524285,0.4873902271714571,0.4007254970510486,1.2177412887875734,0.6465692833788026,0.7283812059299132,-0.3274148939544474,-0.33449906385406464,-1.1137158943626542,-1.0757467772036764,-1.611450498328021,-1.322006366929817,-1.2942695918238194,-1.4102867405807031,-0.9550707018634778,0.4245762363324523,0.7223227648710606,1.4562010046574239,1.1104397056514927,-0.7136650354946064,-1.2180376033236762,1.023870841912942,-1.2169914911344817,1.0652573612184977,-0.47338132672996497,-0.17043379608172385,0.21576873140708525,0.39613630395382055,3.1986227701034133,-0.8400483755072065,-0.8956466211199798,1.2543926533923375,-0.911126595555707,0.14916295776023217,-0.7834049466766743,-0.453513741459785
TCGA-27-1837,-0.8414507259453443,0.00944224799903017,-0.3220396839155122,0.18870451809864097,0.6308048934276612,-0.44647894021429957,-0.24462615444297683,-1.0467591144670085,1.549157302559053,-0.18583357312418636,-0.030582953149354213,-0.19514138751888815,0.09024365885097471,-0.3395071419413703,0.05148385379648109,-0.19329571938261267,-0.5817080715626682,0.3766470827906857,-0.7481841923947595,0.9461131410380429,-0.7780575002399733,-0.9236206738532093,-0.39779602121716623,0.21704560087925875,-0.2513422994750972,1.320301420909905,0.858095677534336,0.5132019450203884,-0.2991659892494745,0.5571709930904671,-0.20651381329970767,-0.3104879763549219,0.028232153322798017,0.355702991054536,0.850640375160699,-0.8154004091901912,-0.22177646704187606,0.09643344629480359,-0.22442700696673332,-0.20470613458189652,-1.1945227542019121,-0.8748664814913911,-0.1316892730934913,-0.03448807614387334,-0.5809058880880189,-0.8843283743613618,-1.0473126311324195,0.17435850187361057,0.4721556751526094,-0.49086047005567873
TCGA-06-0132,1.2164878459408026,1.170949487458802,0.8035653326293632,0.12085818750078968,0.3346179750580801,-0.2340794171736491,0.05033311550494247,1.328573017063034,0.022040392346546717,0.7051023238984659,1.5987383117631415,-1.2839330519993912,-2.207254292226829,0.23874285976908816,0.5384492257000307,0.7279045617966937,1.4410769638774121,-2.20042758791147,-0.10505783493965767,0.17838163065443538,2.0934127651998207,0.4714582688348537,0.7243579980851084,0.8732341929437235,1.066052683394848,0.18021282623603443,0.5585106219452945,1.4302752527128906,1.3558640173014787,-1.4996618346082964,-0.15564481333365293,-1.3915863591550963,-2.3168428721265615,1.3462197779621918,-1.486362515766491,1.0107300604924978,0.6156644078213424,1.2393257863981806,1.4853816123189492,0.4558008032591825,1.2488801306198805,1.4379516457830874,-0.4532938786580871,-0.24255656741846188,0.2621067824387278,-0.5990938158037897,0.459067740234,1.3333971067771102,-1.797668274066862,1.3574182231890004
TCGA-06-5858,-0.15389342717365795,-0.16506987541149712,1.6601129265961587,0.2718608900583187,0.19632601394990074,-0.28438839523281495,-0.21754474103468707,0.2615960788329636,0.9308789468108655,0.6821205920979917,0.1122571053267446,-0.7196634884865547,0.8684010842873024,0.11932887758513865,0.21376960941952253,-0.00995150421844827,0.2800873334070865,1.033717566731044,1.1186487391184297,0.1350283894637507,0.7316517469096511,0.4789232334776049,0.014460397304159945,0.006318917150586702,-0.14178104902841157,-0.10978152961575602,-0.23339521659385953,-0.7368068199162126,-0.31612391515825444,1.5882631493745316,1.374768756925343,0.12317678943400326,-0.002994350182210896,0.10498755813465738,-0.11403969514063253,-0.9994411875358623,-0.5055986841256404,-0.9552681280061601,-0.06612278223889402,0.14754846971847083,1.3486420335589686,-0.5036506478553306,1.008956118151445,0.6164866933948145,-0.4203543143862762,0.6043491737626903,0.9084846471670696,-1.1596827348041014,-0.27382776402726644,-0.2630105791758491
TCGA-27-2521,0.09038582408306493,-1.5933433587171588,-1.3258745788762456,-1.134776713781974,-1.2570455746472002,-1.0808683574316251,-1.2215947908634677,-1.3789004301492347,-1.1573345231652274,-1.4118111527784543,-1.8518596814983876,0.7176175425337574,0.6234242626251801,-0.8923600686908181,-0.5007700786855516,-0.7873735762891942,-0.2148582730392439,0.7029008449933973,-0.7409977637257058,0.29410609856494074,-0.6212906910499081,-0.9442263690566085,-1.4165980089089054,-1.5620681176422537,-1.6301876781840248,-1.708054308281549,-1.8896631654772682,-0.6268975719779761,-1.250214690457396,-0.18592310174055857,-0.5407152382720959,1.0733228345307428,1.612907598990492,-0.7678492568368488,1.712888406583675,0.6232384061496727,-1.0939216955595066,0.11908018901778417,-1.1103813494159886,-1.3387772922555479,-1.0706182287326222,-0.3240446332040502,0.33436099516627155,-0.6652184779659667,-1.4521625503046154,1.086101130439648,-1.3939449221438869,-0.8368707109021295,1.8092471339386587,-0.6241086028136358
TCGA-14-0871,-2.2268404747852815,-1.817313020503107,0.24930293798826067,-1.0442748847877685,-2.365891443742057,0.3098055861163164,-1.4629534193094649,-3.426817260561117,-2.9066020725567934,-2.5656431870022476,-2.8741232706679516,0.3840784901052668,1.5500729750447368,0.21388257452945975,-1.9898497179937709,-2.2712316823922754,-2.0020872763557374,1.839496543760094,0.4438075311470411,-1.0032617994037418,-5.096325104392358,-1.6122186093215451,-1.2646315331708653,-1.567757362914913,-2.058471263394982,-1.0623775718610071,-1.5507778387834574,-1.1207978478369105,-2.3712551091838567,1.4150801646617504,-0.7533641484751749,2.002204270016278,3.7121906669571967,-3.104014355437198,-0.6826615260810052,-0.7732637785719617,-3.1904699401246215,-1.623854175418662,-2.465286283655654,-1.6831960188683042,-0.1351671620166748,-2.1548262380978236,0.4508739352015395,0.9071807367556807,-1.8170298761988426,1.8491899606988376,0.1742562225688723,-3.3411446462266734,1.347338042024794,-2.412018089978143
TCGA-32-2638,-0.31882299771849354,0.7071088027475385,0.3203511882238724,0.8597789014194219,1.0041534737482976,0.6964198388305373,0.5461701043760754,-0.3980968130938546,-0.29758748815647923,0.573585297937686,0.5503423035973896,-0.591568711506779,-0.6076384051088354,0.8386084488905758,0.3012450747008871,-0.5845664240140704,-1.0725639930511612,-0.5131844047870925,-0.47815327012730124,0.8671557317070745,-0.03724782473374055,0.37392442516000524,0.5162959526672718,1.0017841517178,0.8887749666677828,1.4440766666625153,1.3566237975230333,0.04840830880898081,0.38155357033756027,0.13562561812155677,-0.7603986106958774,-0.7726817961495023,-0.44023929355085123,0.7116213322671018,1.2649218443328916,-0.8855497284348752,0.3928495619018692,-0.3351860933196614,-0.9574830186879615,0.6483620726891398,0.029926882207546204,0.1960554986778796,-0.8543179877279131,1.0308708074340052,0.8619587454246359,0.12228702500730916,0.8151709867526596,0.04673340983019486,0.6740420282284667,-0.019744549616531423
TCGA-28-2510,-0.3253619818119109,-1.0240276920033882,0.15947795225183456,-0.021399873715839613,1.4061652695938334,0.11756912200603775,-0.9551178968892657,0.45532459761759686,-0.25279825543383605,-0.4213841347927717,-0.34583915357894096,-1.8232183843836687,-1.258746771084232,-0.007896260558688651,0.8935183880943349,0.2241171014470825,0.36507591158999303,-1.08964358385693,-0.9408411392613335,0.8498713754135979,1.133235088728659,-0.6644461631300627,-0.980287156749043,-0.9400862177817768,-0.6477477709437687,-1.285810584415729,-1.3742832996131211,2.1567656497330314,-0.2844863022593104,0.08991594365680042,-1.0560397821360585,-1.701172468847564,-1.8051610562651008,2.029511631783987,-1.5622627496550434,0.069543012205094,-0.723251340363167,1.301464382638258,0.06556811170243844,-0.6605357214303129,-0.5006620794501238,0.09407462674867381,0.7006906230260173,-1.2545005302617276,-0.9119736248386366,-1.8366732107570654,0.831169995013907,0.5233648051670229,-0.8011444119732488,-0.08376761486680312
TCGA-26-1442,-0.37755007454441175,-1.218684082789483,-0.3359659988718265,-1.7606021173955395,-0.5183812992065648,-1.4444826075099766,-1.88183430514518,-0.4812744526852565,-1.6930719527287756,-1.6859796679169443,-1.7447410024119083,-1.5075073762071183,-1.9631804572928482,-1.63998664206641,0.26204883001148066,-1.8188757370668533,-0.5793760687924561,-1.7872582285246619,-2.0647834782368895,1.371292896938365,1.0525442480022869,-1.6060615779007266,-1.1266103413807396,-1.205503972225246,-1.4549698481333373,-0.775808072372868,-1.126462381307803,0.3074777206799289,-1.2977950156584415,-0.492115921810977,-1.9743056834693395,-1.310502670347207,-1.0265326992900217,0.23559721419888222,0.03410020271082484,-0.2114622861288062,-1.0768765597882723,0.37932633320641496,-1.1085757910707699,-1.0437625893020632,0.3779613374746989,-0.6012020359561472,-1.1179044688246886,-0.8049500447586526,-1.5713665152570517,-0.6362673416235815,-0.6525038776608106,-1.9783595933774407,0.8835897691972661,-0.3910330712257436
TCGA-06-5410,1.681395564024043,2.291303104840668,1.277080807750211,1.2211509375808678,0.8458401796889597,1.0132412193113451,1.8555273169785151,1.2533699036580215,0.9632463712040099,1.6668246661096664,2.4736810015031723,-0.32612074582565803,-1.262777839631379,1.2144739445343609,0.872736086138821,1.434050527690659,2.00588062651511,-1.2318734098592983,1.295427935938113,-1.0319892451949388,1.651587256481061,1.5921071715931883,2.353958915976233,2.4348176324125586,2.6446922380018054,0.7194175547706024,1.4683929823787545,-1.3095567953667513,2.679657223337925,-0.9573672335391842,0.9949176818269784,-0.608552143462373,-0.9759064060211217,0.6394215481827086,-0.2327121748513582,0.7577741807900588,1.5767008616202358,-0.28891230716989996,2.2255824571207103,0.8847143506661912,0.9700648005306304,2.1233283576123068,-1.2391771951215103,1.4273493088513627,2.1175610814445327,0.11609016509835592,0.6481621650294892,1.2817395025237086,-0.6358025563156777,2.2800931331246543
TCGA-41-5651,-1.539411379273589,-1.3885025595036935,-0.8750667396217403,-1.13996717670984,-0.23973940182429926,0.7980665333333558,-1.2547855386858924,-1.4500173146737345,-0.7448017953115673,-1.5364968052582362,-1.449167024006589,0.0580557759044202,1.3549292215956394,-0.959250642400369,-0.23252380756608138,-1.1020374418288819,-1.1407211767454688,1.6109910962322338,-0.4129348634102523,1.8993031454554992,-0.7726528951489532,-0.7430573677316623,-1.3880594959136576,-1.6727185456200988,-1.6131332025527891,-2.0608549597716035,-1.9434351635867395,0.7633612882341915,-0.6288742192206965,1.140699392230106,-0.1594504443553129,1.044135257664232,1.5227387854045498,-1.3522109594455143,0.3679018025021312,-0.8677659910085673,-1.4991336713562482,2.6323661121830635,-2.0417674936805956,-0.992415907850067,-1.1519505922179063,-0.9048367078935644,1.8206965366031032,-0.5004447354724554,-1.3593928741355685,0.054525590644808886,-0.20150709286401244,-0.18585198357825114,1.8616609023127069,-1.2459049824046604
TCGA-06-2564,-0.3134137689527513,-0.11182088342987176,0.6138581485925152,0.46202136994467613,0.451584199601129,-0.20763331677075597,-0.05376195253557747,0.014007769658909559,-0.9961131881368618,-0.05902890794157392,0.21075713703028842,-0.9449722174889393,-0.2584403654166761,0.10766169464509774,-0.12003620677391791,-0.8978864724649842,-0.6776110249345109,-0.1514858501173675,-0.33927437947341127,0.8543608299718249,0.3890377299990156,-0.03851778156322018,0.3197581926986034,0.044537126238626885,-0.0056076337788437515,-0.5151488072313537,-0.37582883856201593,-0.5849549977362272,-0.13555685496579326,0.7245868161216056,-0.2228911049426424,-0.698053807209222,-1.1235510370105728,0.06111228975193915,0.8742796301529254,-1.0855829032031132,0.22366285237268455,-0.27849138161096915,-0.870955869762372,-0.6894816098809844,0.8982797136020109,-0.6812878350075836,-0.5179642526245599,0.33927969928089613,-0.13018587881029547,-0.5576589839616354,0.45546372227069193,-0.9246251135721746,0.274981559269347,-0.3123080817433038
TCGA-06-0882,0.29298580567981547,0.5460597361376874,0.3661056239458353,-0.10652393792282595,0.7044400794057086,-0.31067294741522655,0.285490682434921,1.3276930041963328,0.1893420883273747,0.5167126334205195,0.852704399922118,-0.7667701627453621,-1.6926366612334902,0.11678576547988019,0.4601230180095086,0.09017595098287656,0.37655311068116637,-1.4849868600205622,-0.3855671515197818,0.13031979037176258,1.112083768427793,-0.0007738671280996224,0.5945212421096753,0.5095015733162739,0.6556181630273876,0.2712535713761323,0.5630003618566951,0.7232201762722408,0.7193947929897666,-0.6304485320428771,-0.5212124059689089,-1.2647384404774378,-1.9684923405929973,1.1234201813787594,0.884596375352114,-0.0026746322883640047,0.9014826549105468,0.22501929184773253,0.988096282415661,0.5331707421923954,0.3306830116225639,0.5130104221029912,-0.9850266932291566,0.11567459252582937,0.657004604489646,-0.9196272252835619,0.8084793949059602,0.15514285117682888,-0.304849767137913,0.3668147355877775
TCGA-12-0619,-0.8280383292019537,0.6574652792060657,1.503585479882475,0.6811509346578637,0.8431821977070408,0.8147553613717509,1.0062287833927148,-0.03151812264366527,0.9561576527089141,0.552838927450499,0.6449495504863991,-0.24147387457607308,0.7373246298362058,0.8340236982331102,0.6753714486947497,1.1196342057905908,-0.2978270330864941,0.7831129096180256,1.3837094091553586,-0.17612756316508285,0.9421985010173297,1.1357465515050158,0.9204626525603593,0.9729520877627795,0.9507511720654435,0.3007983620774995,0.4433702180164988,0.17324850787404328,0.7760568407936846,1.0498537509337704,0.7145385008895662,0.03797541501435196,0.1351380163471188,0.9360872148147954,-0.36638359456582237,-1.459069148891745,1.031455363564424,0.9619735920935875,0.922131306332345,0.845967672380209,0.8616270727006868,1.2691745894285016,0.10868035811125686,1.0240890425174916,1.056568932072123,0.5089085438110179,0.5787641542782732,1.5923398529587967,-0.07632223811159569,0.7391944665022746
TCGA-14-0781,0.8723287921890782,0.6208208790142785,0.5342774554406069,1.2563507169998647,1.7788580992795804,1.000560930865375,1.3168583830714402,0.6611455141048054,0.16499594681224153,1.5310007279060074,0.8163106259964218,-0.27751876764142214,-1.4494267386388497,1.538601484843091,1.175864781546801,0.7746971458845505,0.005511366251469273,-1.259864454456489,1.422415710070299,0.15607455805045395,0.5897833642753506,1.3798258442981612,1.3871151887498487,1.1085137140963168,1.1569074598294045,-0.0597294469159603,0.40955922885283613,-0.581644372750121,1.5045114817448413,-0.6706436633646418,0.18660616820568013,-1.0488477292615304,-1.199349354620692,1.7439011551270378,0.5348408575207365,-0.007385213524734194,1.4018237532072213,-1.5258079152377155,0.5714476514198975,-0.14072320780881034,0.9330210308186245,1.0888790161222983,-1.874133801448679,1.5823984460920104,1.350940131032286,-0.8991904884240796,1.5139905042629611,-0.6173852805916545,0.34481403403340793,1.046531977257687
TCGA-41-2571,-0.5399575590975333,-1.3781734771523357,-2.7407571993353272,-1.0275047235819663,-0.28115751130175876,-0.7962401527078465,-0.9282745326998949,-1.1727784035360933,0.12453295053730859,-0.8267997910116452,-1.5337623429850034,0.5299216755316923,-0.06670767256363792,-0.9657127942563866,-0.07996323885606711,-0.34350561977914634,-0.9950210153677445,-0.18886998742983013,0.617821890287136,0.5745410108821748,-0.8780829392848523,0.18400780870438926,-1.1339556266360653,-1.0968971743746845,-1.097214556968949,-1.925072624097007,-1.9062835937877065,1.0373486962278198,-0.9159280235613027,-0.956336329327521,-0.46340874755013944,-0.16114317914141088,0.9458742955414939,0.6725416042326657,-0.4929459328030605,0.05774579135102938,0.11574427220618688,1.2299939445010395,-0.44485558982473283,-2.8690940055719745,-3.297613872327545,0.5108022217339464,0.5723103561920523,-1.1153425672101638,-0.7284355715218125,-0.16831234702049833,-1.7733195145388465,-0.22943132652956813,0.15389379583541019,-0.3816382821382369
TCGA-06-0129,-2.941125986542327,0.10749982402640047,-1.022431119469725,-2.7725445689802446,-0.5052315884970131,-0.8688390238400536,-1.5542192322918493,-2.2154886361120627,-1.7968271830589293,-2.0569764829414616,-0.6444658130355888,-0.4248099620702772,1.2807006585870584,-2.4695357711415813,-1.68383772547393,-1.893422871737309,-2.951385382327011,1.6529191429938228,-2.5501672835063576,0.37046768739483565,-1.5264967043244138,-2.1777385733664696,-1.2394621706358022,-0.3412680502013925,-0.6601264315458881,1.0329681438570515,0.6207349479657991,0.6446380678832766,-0.87959705450662,2.2222457600956225,-2.054719789980914,-0.1541892057774975,0.31448807204533685,-1.9879277931389006,-0.4359139607903649,-2.3308345681791023,-1.1520026502040286,1.0588378149404978,-2.7932276805953933,-0.37082025155327764,-1.0953895618731657,-1.7351809853862137,0.8250789484153871,-0.9248135749224612,-1.076688339927672,-1.423255238732576,-0.9431868374961551,-2.1553460653802143,1.335621161474804,-2.3707311973932934
TCGA-19-2625,0.033095962462295785,-0.6081232789296901,-0.3361077476496573,0.14885898544974796,-0.028194980773436414,-1.2199712435943568,0.0450634154241264,0.23076470299082352,0.3425619384419328,0.224429518916056,-0.39086347415361744,0.5987706064115239,0.21371806932119086,0.3115543338996184,0.17003556501817416,0.6751359252770293,-0.38565559440545627,-0.010085272500601171,0.924779896808444,-0.7866135404453041,-0.03648082578054911,1.1469848330017793,-0.006744155838570114,-0.2699471719630315,-0.349715008308372,-0.28469587769275523,-0.3480540910081465,0.7061190909169391,-1.2291052117036898,0.022766905891400194,-0.2598659679456499,-0.16385115755390506,0.484079633030081,1.9024513613066651,0.022033599635744954,-0.05850227684861808,0.5236596451208058,-1.6302079409108161,-0.11783321058988525,0.2929328228653198,-1.291366843253752,1.0288202212326463,-0.8006357012248513,-0.061748867281616306,0.48794001654445784,-0.6294002901282754,-0.09629423121584774,0.7380802509283261,-0.569011062576824,0.30446256091406854
TCGA-06-2565,-1.1300600484415153,-0.5347476943610553,-0.7494099565424106,0.029924973820000863,-0.07717271686610512,-0.8927724745157961,-0.39584583407356855,-1.144125763158276,-1.386556198816568,-0.6833718823934885,-0.7028630865998368,-0.6576583006430587,-0.4360533588196434,-0.1497785153769325,-0.8047090152850798,-1.7264917681955045,-1.7164639649304712,-0.17774773476602915,-1.432521475758388,-0.01846016163076486,-0.1138027505255134,-0.9861667562851866,-0.6421691193920619,-0.347318684954632,-0.6571618709797609,0.262642726436051,0.04699420173866228,-0.6916858168036797,-0.5793552787686531,0.5522391706599423,-1.7347515194240843,-0.3507725046463154,-0.2334374432754864,-1.13951737062364,0.9886872632860434,-1.1228736188167252,-0.7759604546898483,-0.5977800164221673,-2.62307098880927,-0.1821457919434416,0.2381521505492354,-1.3183948494979862,-0.4782207107586468,0.20408609938039993,-0.7415571113666983,-0.5819094791097569,0.10513656927599163,-2.2912273192618016,0.7330522163939939,-1.626609624051691
TCGA-02-2485,-0.5526197322570013,-0.5825250840616607,0.22227380974913466,-0.5035812088574749,-0.5873668123934155,-0.8363251395060393,0.24064826613077994,-0.4179183094521438,0.5552533011224952,-0.8067173787793909,-0.44842886629638007,0.1810442050016035,0.7204749630625006,-0.5710898177364625,0.3129898642702858,-0.4857699889940379,-0.8215234439663355,0.8262604795532666,-1.2202964656096906,1.4220223351612842,-0.5476164029537703,-0.12870845738970246,-0.06556461989916995,-0.2326043807588572,-0.43493906252984776,1.0607129534858488,0.547728973645123,1.2759928717153455,-0.20184876422920964,0.6137196200264821,0.05867549777657848,0.7110849972644173,0.5593009608727493,-0.7173121431351426,0.860507676438481,-0.5516419728578005,-0.2233928628199066,1.459414174594821,-0.6153457366832983,1.134755739710454,-0.7948991612944606,-0.7483973642564273,0.4857900707788259,0.18205407874926927,0.6236966157213698,0.418973446767205,0.38592517325197284,1.1353562309398286,1.182672095607702,-0.6345624607357769
TCGA-06-0210,0.2894447621128066,0.7457240623750903,0.8828180211016055,0.9479498011977935,0.07432114181554707,0.481887192660573,0.7887707517895937,0.007499647868216013,0.4127222513739512,0.8422991878897619,0.8578128465560053,-0.5608455522262727,-0.8076560514029985,0.7366697149777853,0.43280098989242377,0.053312169945702106,-0.419085530929604,-0.7546654049914955,1.161428561856976,-0.3040934308342685,0.5841831987618107,1.5989637885624586,0.9630383603048792,0.8880750281027021,1.0696738074957433,-0.4779743629336791,0.08801480671882536,-1.3928407023293639,1.0100579322450625,-0.3292044306587691,0.7922736671315234,-0.24984041821595418,-0.22433447289432357,-0.022807744730148908,0.19357803570378587,-0.37990875036404864,0.7168391778771885,-1.2314364462249097,-0.45848868967552453,0.8647855308883342,1.4954123837324722,0.48548999018055433,-1.3880148220494377,0.902138953678248,1.1347709012429434,0.8739166700932128,1.024945468081598,-0.5584810903687274,-0.03697683754043273,0.2677263292045306
TCGA-02-0047,-0.20741342916528793,-0.031064646126927564,1.2059490461192328,0.4057363064603341,1.0420200040487133,0.6580236123493952,0.29273792713580565,-0.4376513553082421,0.6865611621242738,0.34363462679626783,0.4369323172433937,-1.8546630060861233,-0.6424479847816731,0.5174081583391223,1.3419694809611802,0.6791180500954772,0.44463732672736184,-0.3045423029295684,0.30083700347187003,1.6847150861413882,0.8771627545808569,0.6077222973939357,0.005278555999818524,0.19106544188669008,0.17247209040295824,-0.7189209124982107,-0.3612036410665843,0.7244430440805423,0.8844715564330656,0.6252568001002785,0.012625099855282465,-1.4034429798975294,-1.6829807504793877,1.5429993312945816,1.0262000727109042,-1.109249625135586,-0.18745964491317524,0.17215311021683122,-0.6636752868860807,0.8583230150426696,1.251276018790103,-0.28420413387120963,0.2578287033239937,0.34243106653004585,-0.12020632904608106,-0.4794559045777094,1.3196020714604817,-0.5843054378012416,0.4652731953750962,0.27476974452354536
TCGA-06-0750,1.0812714360977975,0.4587564756847434,-0.6946592286557234,1.0284810522874728,1.0128066639914872,-0.5875065066160562,0.7370084805493214,0.24986433729183405,1.1582347884507045,1.266719687399753,0.7070064768926513,0.5931854785095457,-1.002456572455952,0.9457449387983906,0.26906465827904597,0.7093808416171103,0.5169542717139983,-1.2573597606462377,0.6507771366465575,-0.8733092063173316,0.15723255550647333,0.6191450283238699,0.43585409658253405,0.8394332528894055,0.4723538436059416,0.7364390880384979,0.7500889150621337,-0.5083194968065714,0.4495644798999667,-1.478036537585358,0.420188987233482,-0.1617874247794062,-0.33638542309508845,2.0325016028145373,-0.13360650840496377,0.8190806962764586,1.2743679894146411,-1.0031451839319991,-0.17438078506143276,-0.7481560375591957,-0.5485136326605166,1.5567572501368057,-1.164142908914761,-0.20957057654407693,0.8184430278879297,0.52955878099005,-0.5656273031489801,0.8769053380157725,-0.5481144954145591,1.2841976999546698
TCGA-32-1982,1.1802297858904582,0.757757976860152,0.26859158851575377,1.1074072053587296,0.5718123125822959,-0.012746412045539194,0.6425583630717314,-0.33976851117332324,-0.9529783081468435,0.6012065165091595,0.643553272768794,0.4381747508700001,-0.6940881906324101,0.5196411247860776,0.0339180260932008,0.2246236322140098,0.4234915544094984,-0.8514337353034611,0.41627439284831114,-0.14125117270124785,0.20151455425594464,0.7569879436238519,0.9229860978417938,0.7242185201419757,0.5822944994223377,0.13911256566390398,0.423429854914831,-0.24815275459207664,0.9104699724325009,-0.830987264625654,-0.155530357322231,0.02642693937576776,-0.510183096360273,0.9068912165049411,0.24367693105431795,0.8375201451088998,0.7705918736701958,0.22681944173708157,-0.36497990498795796,0.3712985168627021,0.21568637432034238,0.7588570727212469,-1.229485316136711,0.3717543863214253,0.4438818138629213,0.16395153525966427,0.19140850843948296,0.39218007693103957,0.07376377113497407,0.5211238887098191
