patient_id,HALLMARK_ALLOGRAFT_REJECTION,HALLMARK_ANDROGEN_RESPONSE,HALLMARK_ANGIOGENESIS,HALLMARK_APICAL_JUNCTION,HALLMARK_APOPTOSIS,HALLMARK_CHOLESTEROL_HOMEOSTASIS,HALLMARK_COMPLEMENT,HALLMARK_DNA_REPAIR,HALLMARK_E2F_TARGETS,HALLMARK_EPITHELIAL_MESENCHYMAL_TRANSITION,HALLMARK_ESTROGEN_RESPONSE_EARLY,HALLMARK_ESTROGEN_RESPONSE_LATE,HALLMARK_FATTY_ACID_METABOLISM,HALLMARK_G2M_CHECKPOINT,HALLMARK_GLYCOLYSIS,HALLMARK_HEDGEHOG_SIGNALING,HALLMARK_HYPOXIA,HALLMARK_IL2_STAT5_SIGNALING,HALLMARK_IL6_JAK_STAT3_SIGNALING,HALLMARK_INFLAMMATORY_RESPONSE,HALLMARK_INTERFERON_ALPHA_RESPONSE,HALLMARK_INTERFERON_GAMMA_RESPONSE,HALLMARK_KRAS_SIGNALING_DN,HALLMARK_KRAS_SIGNALING_UP,HALLMARK_MITOTIC_SPINDLE,HALLMARK_MTORC1_SIGNALING,HALLMARK_MYC_TARGETS_V1,HALLMARK_MYC_TARGETS_V2,HALLMARK_NOTCH_SIGNALING,HALLMARK_OXIDATIVE_PHOSPHORYLATION,HALLMARK_P53_PATHWAY,HALLMARK_PI3K_AKT_MTOR_SIGNALING,HALLMARK_REACTIVE_OXYGEN_SPECIES_PATHWAY,HALLMARK_TGF_BETA_SIGNALING,HALLMARK_TNFA_SIGNALING_VIA_NFKB,HALLMARK_UNFOLDED_PROTEIN_RESPONSE,HALLMARK_UV_RESPONSE_DN,HALLMARK_UV_RESPONSE_UP,HALLMARK_WNT_BETA_CATENIN_SIGNALING,HALLMARK_XENOBIOTIC_METABOLISM
TCGA-AR-A5QQ,2.0347580719678184,-0.6970044456483535,1.5497980202802486,1.3666134252738262,2.369496683450211,0.6490665824218749,2.210130813508456,1.862127131947092,1.4953890566028945,1.34714118956867,-1.312846514680185,-0.2995519272155978,-0.0579096443417132,1.2731468972332765,2.312179830678556,0.8788145863618305,1.8716365387181235,2.297449433975883,2.180085620506455,2.508472234259836,1.304201637327939,1.6181124691209268,-0.0510742755377859,1.8165724321538188,0.3406939834408398,1.993214614173629,2.0643238264537183,1.9251661662209631,0.8845872694406021,1.002773182637567,3.170457414772504,1.6869732040243826,1.5725497196531362,0.4712185147380337,2.6552186349914324,1.025684143752733,-0.7813286341859412,2.049918296651306,0.6113033325720201,0.5710544572682028
TCGA-D8-A1JA,-0.2813900266726271,1.0705808326904651,0.0979906863959152,-0.7270388549634387,-0.5591472096717116,0.2792327569934222,0.6023574561743102,-1.3410965973239195,-0.1560775275600758,0.3070291479904359,-0.72264696653802,-0.7685846394671685,-1.1989846114647849,0.2121243588725294,1.4222782411482289,0.6891013123093275,1.3035538323439126,0.0985194307502757,0.1615851805842535,0.8398197647076637,0.5285204480675918,0.5320376113758026,-0.58478431182211,0.3929263205052232,-0.0944627377740079,0.9054681215159652,-0.8979176411535299,-1.2781214716935818,0.4765994964629612,-1.5203144627937295,-0.9010966264585084,1.7632476657391067,-0.3181769196012385,0.8435017944700127,0.6767236402331814,0.1494356013069587,0.9623697066593192,-1.6756426770411703,-2.406208331696928,-0.9024874745216258
TCGA-BH-A0BQ,0.5412837209791762,-0.0401312746406079,0.4110950350803776,1.3371561537600734,1.3884107209789336,0.8920546203515077,0.4697847490344443,-0.0551487821340977,-0.8296289761273012,1.3793747019271294,0.889830114986502,1.0796581115231791,-0.0123097782954508,-0.8040055799305467,0.5706066994537744,0.2676371928147536,0.8500556841496832,0.7232518274561417,0.6939189915264579,0.8817298679820034,0.8661971211069468,0.6979027200103272,0.714312531690349,1.0337606312128047,-0.8733231190294843,-0.2161124323977681,-0.2360834981621353,-0.1061260387880255,0.9823483802045002,0.2928165081315846,1.4024448568405297,-0.2180301982490227,0.7765014055068509,0.4095532078493762,1.301473653028968,0.2311239278419513,0.6050414114615231,0.2688596348986706,0.6104862661123966,0.8611252166667258
TCGA-BH-A0BT,-0.0036753847765109,-1.8827442781726784,-0.7153656341725068,-0.1715156677320649,-0.3293762898324399,0.40992658410471,-0.3482181386397629,0.7410338004454764,-0.3725713713599997,-0.0411703851251291,0.2878147018204666,0.8075151447246701,0.5130596631487637,-0.7361469184552601,-0.0260244375115517,-1.5268334600323592,-1.303901040188091,-0.7065806621004113,-0.0238603674571362,-0.5179773359525931,1.440737129565576,0.8551666859783975,0.031939126485253,-1.0943052365098382,-2.2230408432042603,-0.111386086646567,0.2210428787567537,1.0352546038577288,0.107430354612521,0.8226731591613767,0.0454996523081148,-1.1484886349526164,-0.3072385175247723,-1.011644578948841,-0.7938140734180031,0.6952273987868272,-0.8121644386160054,-1.0912628265452635,-0.4239052093966088,0.0303338020111339
TCGA-A8-A06X,-0.0563102206522147,-1.2583082959434706,-1.613729961637905,-1.043119871083525,0.2697996072180189,0.2308618631098643,-0.3071032566474668,0.461809567842964,0.8787794825713846,-0.7117402759206286,-0.1170767117206172,-0.389376217274799,-0.8285541223186722,0.8833257125099215,0.7766194441587636,-1.0568208229073868,-0.6142362950403141,-0.1142041320011874,-0.0547926878694228,-0.2958248147101818,1.36982952628217,0.9793647745322618,-1.9643290557360384,-0.9572073259038688,0.8505926616923304,0.8720817974056646,0.7836516050570409,0.6849352529297646,-0.5888708795576806,0.8933444753964251,0.0381359767759809,-0.4040935875668035,0.0905566746125218,-0.0423194390353343,-0.1179211646289959,1.978555442211952,-0.7989288627179791,0.4472015391269312,-1.10548789519406,-1.0453377550641667
TCGA-A8-A096,1.20420157601581,0.5248147626991956,0.646082673094714,0.1144015642122987,1.5422675246854394,-0.1021942147530498,1.302220622495117,-0.6053176683034095,-0.2199838470693253,0.8866958069316999,0.4920622839161096,0.0170188351700848,-0.2399614369065137,-0.1021736377114635,0.0223496411597122,-0.0430565486963208,0.63141679365564,0.7241555025120228,1.3952421766514886,1.4726220362715836,1.155880657394033,1.29657228955907,-1.6585654205597482,0.8539981775154686,0.9476662619919572,0.0355052183226147,-0.7183722568188692,-0.7129451435709075,0.4912725863876639,-1.0075915330045162,0.7397610691256444,0.982297446678104,-0.4484235493004063,0.6712084390068724,0.8515102065640219,-1.2307461157075048,0.9850587774051064,-0.9408927465450764,-0.4604606770882965,0.0316655869008814
TCGA-BH-A0C7,-0.580481962761659,0.2608786375169156,-0.0952916107772249,-0.2390552742306488,0.3693180499570303,-0.1107977534498699,-0.3796147967046607,0.2748852034468867,1.284142278612824,0.0524426762145029,0.921865887933672,0.6534885688035672,-0.7645413874194658,1.2920675029499509,0.2288262847683274,0.0203893827282911,-0.2449949466272195,0.248309147752641,-0.3874696251570743,-0.4481352218131819,1.0164186197796143,0.4633138626007652,-0.6279960002144663,-0.3480394404204854,1.8381595100939327,0.3219574838129955,0.3816728533533492,0.0790384165941325,-0.2229141903187337,-0.5390384249876119,-0.3553625987207658,0.6341286510536316,-0.6547903095230048,0.4324680282436099,0.1213003660581036,-0.0143348605511731,0.0777771817808559,0.7669940036133133,-0.2075828002143596,-0.3408995707086051
TCGA-AC-A5XU,-0.8025426055326152,-1.5476457683022506,0.4425563907877928,0.134094089952323,-0.6319947201890173,-0.694158070361038,-1.0010724573533425,0.5525230904141387,0.3068583423985659,0.5749023427029792,-0.5374632182970178,-0.13634311597858,-1.2628133937119077,0.526865941919817,-0.3064334758272209,2.5497934068756063,-0.507114132450964,-1.050743006657735,-1.0992862503477838,-1.2808649888434978,-0.8655408371706119,-1.0010748128410116,-2.4257077699236884,-0.8432670351409829,0.1631996900287066,0.0458715895926134,0.5627947310655489,0.9703499023845266,-0.1921498068101523,-0.1122409646696327,-1.0404152408975442,-1.763077028407411,-0.9046406585623088,-0.2609994883911325,-1.2419833413292285,0.6112488989736233,-0.1039989423326291,-0.7578557568946338,1.0092000379341624,-1.1972693116251465
TCGA-PE-A5DE,2.189578045180506,0.0938642442386036,0.7271927231231642,0.2563376284912953,2.043128635165388,0.2110354054930148,1.5571486544119877,0.3567321986948228,-0.2064104716959395,-0.0137763356100112,0.417434999438611,0.898499312355553,0.1142155055843797,-0.2898119688416207,-0.1858646410002816,0.2943867228046847,0.3153188821996451,1.4032395698810898,1.9020736390683204,1.3792938458115895,1.2958450787023414,1.7180903673496295,0.0490451125473585,1.103912515923641,-0.2983387456546454,-0.1139196486207638,-0.3584886737896668,-0.4799967622420731,0.1700709024147005,-0.0474700506069835,1.372250268017185,2.112993906484891,1.5366460715877848,-0.0692761418058055,1.3499102615594742,-0.1188343026820035,-0.4749337709268648,1.282296285442639,0.5455547668964268,0.503851980580863
TCGA-PE-A5DC,-0.8184445064334602,-1.3013722875227682,0.0449279559686022,-0.3622187708700904,-0.1076627772374155,-0.3792712740631963,-1.0834808380131962,1.107222523242623,0.6446050909967467,-0.39017946549209,1.0602378489302011,1.1435798780629818,-0.9096018780648332,0.3695469163228863,-0.3396277760060983,-0.6773110143939224,-0.3260043764139468,-1.187539280472172,-0.7102781311223044,-0.9416807701833404,0.6073799596766285,-0.0079702330043932,0.0768928700391626,-1.206725488966968,-0.0728292357891939,-0.5638893733314737,0.5870805499056571,0.6578407064514531,-0.9610576237806188,0.2523760085577733,1.0889757830578275,-1.599592007367892,-0.6873951088841036,-0.2901427322078903,-0.2146815941382595,-0.0022634424007834,-1.1060158280595065,0.9269409410075916,-0.2026394022326391,-0.0345737874129314
TCGA-AR-A0TV,0.4385992469842377,-0.5491619137485934,-1.5622787311916737,-1.6187644171961346,-0.5864634538150441,-0.1916488857281151,-0.0297742727841445,0.5519363516908933,0.8479148640996379,-1.9365247593950552,-0.3475815094570935,-0.7734825812497307,0.7162840840420192,0.7920937984293167,-0.7218159400195221,-2.8874437551497065,-0.8520117692018334,-0.0901240054596682,0.1639722416910227,-0.2153088873685537,0.9604984603781188,0.7109229428941507,-0.6216244477367231,-1.1679965489886244,0.4170485497922721,0.6687412799058491,0.8931963290686907,0.9062488705919473,-2.732237526629152,0.841398476425153,-1.525989815477965,0.2135378619420261,-0.2668095090981676,-1.8280101831826336,-0.5557512847745307,0.959771468715969,-1.742430091855313,0.0420555794362793,-1.5148950900136546,-0.1012385713311844
TCGA-GM-A3XG,-1.0674150484095477,-0.4140199034432942,-0.0115182361482686,1.48041690826597,-0.0609659040779911,-0.0780465357946338,-1.0945432245811708,0.6671152953815267,-1.443974801312696,-0.1374753025217601,0.8886439174465217,1.469562961390674,0.7034251117529154,-1.718859478465084,-0.2278481243841091,-0.6853172585046601,0.5262547337392014,-0.6810810865493551,-1.2520968022073176,-1.2587541660857755,-1.0376790457952665,-1.3649355469063664,2.098134389758688,-0.2596315592467321,-2.1459443965830185,-1.1124040693292894,0.0671897203128364,0.2922675451272985,0.2376606081807681,1.688238748558534,1.8734250852436265,-1.2655777131277328,0.2269249468382815,-0.5050309446239362,-0.1417036473957141,-0.4596925347866159,0.1756891274210641,0.1842777372404638,1.1504776083971622,1.1614553025925918
TCGA-BH-A18J,-0.6744664543421423,0.1297197888850544,1.0426085631879043,0.4482100359940033,0.1703550221381448,0.0599470385428375,-0.0901147852372076,-0.057906858980971,0.0924171154305886,0.7533845436640413,0.2189647991474448,0.3030895576746366,-0.5107121329004297,0.0883056248004937,1.3002331222667791,0.5582831439219326,0.5675324838905831,-0.3498574015615266,-0.4147941602421621,-0.0231676227579424,0.0537089944149996,-0.1559490239519418,0.0177748683190122,-0.0505295066516053,0.2552946281087752,0.2435208519613792,-0.1564020551284055,-0.2599712561871194,1.5709370110717582,-0.5277877791784525,0.4944442774579474,0.2919098318999352,0.140280565089985,0.9333545729864716,-0.319942820994806,0.2737745052051593,0.3168251462427847,-0.0129958483971562,0.4793568484139474,-0.3628408459778813
TCGA-BH-A0W7,1.208054269862045,0.3902291729362155,0.0718018220031875,0.3381728057849553,1.3895185868695632,0.7218046308851859,0.92318117780534,0.9334474107491436,0.1326850999626578,0.919526446144264,0.5071866667964775,0.930198478059393,0.2257606547639819,0.0849590459862288,0.2386346930482173,-0.1790394412299895,0.3575866277167879,0.9148484325238572,0.9842867646206718,0.9836888109554356,1.4600076428588822,1.4177803915112883,-0.4629833961460997,0.8127232109363547,-0.4088498389054815,0.369146215599399,0.5029392148161055,-0.2292354139476085,0.2294405415240619,0.204428334390377,1.2809920998261657,0.5941781149139462,1.0253705755306337,0.331922170535159,0.6746378938216152,0.4193273393837232,0.0344222470491383,1.1511603693543755,-0.7552276192485263,0.626956349582574
TCGA-E9-A3QA,2.470434567744046,-0.9029984462034322,-0.2865916948416472,1.289282660596704,1.2691573487798251,0.9438201763728452,1.6149414338868129,0.5576022652882162,1.056728591729226,-0.0885582305500237,-1.2933726056190402,-0.8275279405836676,-0.941438751560828,0.9672879848234324,0.6684342820335164,0.1346911376264007,0.3030074923877685,1.9555012082736467,2.5947428957739125,2.4626694558527213,2.073380252934076,2.4594293750369776,-0.065457982784463,0.7980027104897596,0.6620949845514235,1.6953750779376895,1.236730091893985,1.8436015624076247,1.2744249692622749,-0.7561861758811979,0.7689317425548887,1.372574837346147,1.1952670587793774,-0.7007074390617287,2.172503736431108,1.8558295877306537,-0.8141093881043179,2.200720301840051,1.1691530898473672,-0.0844575726710093
TCGA-A7-A4SD,1.3679791087512108,-0.4976668545217937,0.0004813596696676,0.4907759384387715,0.8949040591721013,1.179462484889623,0.5957898220251877,0.3045642408925605,0.9195949587434714,0.8125030789516657,-1.197815691310844,-1.1737182597523237,-1.1326581435207057,0.9206923401909898,1.6990163042330069,0.1349261049807994,1.2146904513259906,0.6370288200818899,1.340110034154404,1.400142752083276,1.6086347604733229,1.641416602963477,1.2680999383084526,0.1663155060628866,1.5452685459020048,1.129836758205455,0.6796979562321536,1.150520201191233,0.3930183999925621,-0.7530624072799217,0.56350522220241,1.1467408080347743,0.334610927042356,0.4233413851090037,1.092219084054539,1.5414996443123457,-0.4498978275851101,0.9784765847563566,1.5720480959543517,-0.7282410103925581
TCGA-BH-A0HA,0.4463767059317691,-0.0698187826271143,1.2528446866446823,0.4709246609585845,0.6542101035628448,0.6157602520510144,0.4056129382647165,0.7372259377192374,-0.6788942238506835,1.060063318845354,0.9746677993966611,1.1425852259251037,-0.2108589866581791,-0.739575968406075,0.1012452180756064,-0.4595457808299438,0.204594719918338,0.2168227457389317,0.3340590761767887,0.2832130605667983,1.644152871753625,1.17136845871228,0.3475878609362681,0.3294503915817147,-1.3297678412927243,-0.3631016824372604,-0.2424699699601824,-0.7818458337728487,0.380368011972389,0.5744242329962735,1.1281558334777586,-0.0599826877968212,-0.2838461368787321,0.1802742626498912,-0.009031952598695,0.5850837531810992,0.1370784341005505,0.4734841049175748,-0.1734129571692561,-0.0921752475886928
TCGA-AR-A5QN,-0.2993444940374015,0.3770640158237962,0.7791483512405437,0.3502293958274992,0.8885500987408355,0.4770945945182508,0.3038190131613719,0.1985742710818746,-0.541065501254943,0.3324623999080108,1.0108158191946757,0.9071647986660694,0.0566208333513702,-0.6105269121095416,0.1582886297130367,-0.4245152322749141,0.8139940613949957,0.7857245261235168,0.4788384383008475,0.1910239588433738,1.3117597152002003,0.7661159469846098,0.0772349014774656,0.3506892910197789,-0.2014092213468494,-0.5747208637168788,-0.4216892749537972,-0.0704527019343874,0.1066581373047321,0.2161204041060739,1.1908054405472457,0.160297325005825,0.2248971215426924,0.6003886710579284,0.983952440782798,0.7214114149102544,0.3721268631188099,1.3268136601466174,0.2819889199815409,0.6182331047935061
TCGA-A7-A0CE,-0.3793999357899558,-0.1418707675528135,-0.1038280740604045,0.0121835090816496,-0.3055199658865576,0.7693185165399878,-0.1539026667833884,0.3848407474763832,1.5396447560365356,-0.0344512455881469,-0.5556583529936705,0.250124259190046,-0.2195953920218443,1.3534581087217488,1.893889058305945,0.1533501659477763,1.1907567228258145,-0.4875360181818201,-0.2139465176965688,-0.0910157741585949,0.1592417380459801,0.2372959871547744,0.9504514763429232,-0.3746183862252332,1.39670062019494,1.2236993180274978,1.5462410813733591,1.5012697916600652,-1.2237602025812206,1.7738386515679283,-0.4059500812408223,-0.2526481929871623,-0.252654384194152,0.1183609323364464,0.2603024191129989,1.0173964076494015,0.0827412206522297,0.8061154579732716,-0.2412943772863863,-0.6476318903061127
TCGA-AR-A0U1,0.1792511447469372,-0.0346197365729715,-0.0679706302755432,-0.3504187831170587,0.7184711312936553,0.7316945199401449,0.4991374984366533,0.6859221966969248,0.4220166955388794,-0.0391324064613261,-0.3963247793160439,0.4402723793518178,0.285800272200926,0.4860367612929336,2.0274022810536785,0.7594655342655203,0.1317202250183755,0.5732497150981404,0.2083755448955979,0.1982669557163729,-0.0283579837104784,0.2304813420292444,-0.1970941695580217,0.4078996959165232,0.3332640751714297,1.1996161011337003,1.1408168825743448,0.365032848613481,0.7797957984755125,1.2790114471822769,0.7304729307922653,0.6406907918820982,1.303503099208179,0.2942568102073302,0.0325737616884524,0.5707594915901751,-0.2185488122897943,0.3396024455499618,-0.271566454797697,0.2417055908606945
TCGA-EW-A1OZ,-0.2656022973597996,-0.1551681174702841,0.0143156876972282,-0.0438386484490983,-0.7368527003480897,0.059927979898685,-0.4493924058782356,0.8240168059777205,0.7088411780627716,0.265937359297236,-0.0127701665128624,-0.3405332809547042,0.0576004445015407,0.7348863895116895,0.3699486029274463,-0.3367766391345877,0.4766238436035539,-0.1531282733987859,-0.3162818955864727,-0.3200815623104381,-0.0889557161115366,-0.3058785885606749,-0.5891342260395606,-0.371826734627157,0.2649821336356138,0.5424953001240664,0.9799591128888272,1.6457229453532582,-0.629708440903344,0.8949383191979572,-0.7143903464224388,-0.7700130297359531,0.1130571574297625,-0.4531442127742812,-0.1685204588646177,0.8698476446590072,-0.7481747879711367,-0.4461652237488429,-1.199152637607843,0.620241067171529
TCGA-A2-A0EY,-0.119682595803941,1.0437059259547126,-0.7159625960001887,-0.4902066300909679,-0.6201219914708048,-0.120292129650906,0.0718453686554512,0.3594573295541114,0.0754846139398463,-0.4024463002379054,0.3355097652193257,-0.005354280842129,0.2999250862961123,0.0988888525921873,-0.4400393909068493,0.0304748054020423,-1.1776539247291973,-0.3503083402016455,-0.0773317612978093,-0.2883557770410896,-1.281945978788989,-0.8629811090803869,-1.1581695958331006,-0.1954759271072849,0.261522265464802,0.5158775992734402,-0.3122509513052541,0.118093937738945,-0.4428194554143742,-0.293291891710876,-0.8204734912951558,0.6737435129993408,0.6769184366564529,-0.875121996128292,-0.6189231871609997,-0.2440432353809308,-0.9740238677209784,0.0902159604561352,-1.271030497813008,0.5590783776359526
TCGA-A8-A09R,0.4088344856828755,0.4936939427026616,0.9014972988673964,0.2569288659600075,0.1025845981198373,-0.4144469170592457,0.5692423660690626,-0.9617422131961998,-0.2517341652785009,0.643354842266835,-0.0602976711404841,-0.2336717845235199,-0.9755083252722296,0.0761009981532441,0.2191829285105442,1.5330853004779748,-0.7099433943478959,0.130735008022574,0.2910631423821196,0.39253775022805,0.9067959454115846,0.767958269875075,-0.104569650302723,0.4097226232933568,0.6936702449796176,0.2731167235802188,-1.0256858658365144,-0.86920769347896,-0.5448484018362195,-0.6062205583156154,-0.4155673144788214,-0.1115639267499382,-0.3764731198290113,0.3803312060248157,-0.3194986035924114,-0.9254739738379468,-0.097009047097765,-0.5958196420269877,-0.829287313522746,-0.7074146272649233
TCGA-LL-A440,0.6660223300814918,0.1588787235625002,1.4935127654788902,2.0539760367228608,1.5877297495418985,-0.2063804154489544,1.4529335871737572,-1.329105589264889,-1.2877523071386725,1.5219537354966912,0.5089447359678542,0.666988592478177,0.0855882373142851,-1.1558429548673086,-0.6659280211832357,0.6500074096588524,1.8675281700700377,1.6175077220763732,1.3693498370327517,1.4301386156289615,-0.6546287301438662,-0.0717502955158166,0.358511230875824,1.8321321987083687,-0.0683956896013336,-1.4888125936023962,-1.86990419793856,-1.0834648494558876,1.4171858230086811,-1.6174312617913018,1.5333384420845837,-0.365211876607892,0.3397384624537989,1.5031340142629237,1.9124584509847289,-0.8953658656281352,1.304670406806313,1.1874200482032116,1.3402133378359626,1.5904603219446616
TCGA-BH-A8FY,-1.2192938658226686,-0.8563305251495131,-1.6426722827342777,-1.7024487805162896,-0.6722950084994979,-1.202400047982299,-1.0619909353797956,1.0901579357187197,-0.2590746516816812,-2.3724724630610368,0.3583710052509976,0.4945718897486451,0.5886908248176939,-0.6055823625646568,0.0501600709387587,-1.0964909279870931,-0.9917506644501408,-1.517608188969899,-1.0895877701967085,-1.4808605215889128,-0.8609249506209741,-1.2806674869404246,-0.2526604199294009,-1.4660043790538309,-1.1791005146544962,-0.8456844300559874,-0.1395034333782122,-0.440493960797203,-0.2917783361241288,1.448909750837872,0.4781645544340862,-1.3424318237515849,0.3855593935622445,-1.8689401844837568,-1.2200968811357162,-0.1282610698730363,-1.517571811816226,-0.3341501187708561,-0.3198884417782761,0.4692877992451727
TCGA-E2-A1II,2.495912733270161,-0.87606415937675,-1.4002012625052125,-1.387712201417702,-0.4341742219161139,-1.0843285697795697,1.3033873976607948,1.066148149354012,1.5558492007952656,-1.4668446939660789,-2.5515465448971884,-2.4409792810001143,-1.040262021796366,1.4211495853899996,-0.5715014841125499,-1.4352811197683844,-1.5240544380790773,1.1159093829383626,1.5587758192824557,1.641906383252906,1.6549695582302948,2.050529665848724,-1.8221734180110292,0.1236470136627422,1.1940547044060903,1.5424571160813814,1.9590659590378563,2.511202420732241,-1.2800591733712638,0.6018937978965219,-1.5376530302015168,1.8063972643679085,0.8326938474947574,-0.9441721261692468,0.3553969685547827,1.098981456817436,-0.9843771636324924,0.2548478265650615,1.0866056587010011,-1.4477843360384066
TCGA-A7-A6VX,-0.5136846656207731,-0.744576516760822,-0.4801926021118583,-0.2521449289222053,0.139910573087239,0.7481710394674205,-0.4873178557561484,0.7408529844574022,0.1766869521139948,0.4942414575288306,-0.7280465975972504,-1.026292535053613,-0.3320267357902994,0.1124316850441019,1.293151147255026,-0.5695174814660859,-0.0869670104985451,-0.6104159978153293,-0.3068042634424626,-0.4566032302542289,0.6786774954454641,0.1774700097959997,-0.3655401875701377,-0.6391977022252089,0.0769476088029225,0.1155716900859623,0.0386633619298896,-0.4745884240954634,-0.0709317851504572,0.2890941816167786,-0.8017847996250089,-1.294403743129962,1.616034377424801,0.1647606681498057,-0.5197375716197796,-0.2655949768006613,-0.1718911450246059,1.0075791913887793,-0.8676665529921865,0.3997241597106639
TCGA-C8-A273,-0.609679382434023,-0.4755829387913554,-0.1225767813877889,0.2638176759943158,0.5071209109560292,0.8915212075749488,-0.3831113819405571,0.4975090833646378,0.4139059803414003,0.3432295659288265,0.6752635853529328,1.0689305936174482,0.153053441453639,0.2955906986710458,0.2953582209936057,-0.329151069264098,-0.7359574175560472,-0.5950877992066923,-0.6092731432655671,-0.4058989615784877,0.4694547116096591,-0.0517482386670664,0.5411943669897838,-0.5553969919547531,-0.1822820668931916,-0.0511144611987095,0.1853608637253243,0.1128375403653822,-0.5615287183441836,0.2532162066518295,0.7434882146881044,-0.2847347773724826,-0.9534819193961932,0.0656862661659343,0.0617014811004905,0.6419268192180055,-0.3509989314298371,0.8056626889014534,-0.2573966295798454,-0.0450007578622173
TCGA-BH-A1EO,0.5077856275319902,0.8441842409521203,0.9684578490733295,0.4033014913728897,0.4201978858953178,-0.4258831750060208,0.901830689840858,-1.148064096021913,-0.4609442565886458,1.3819329937909013,0.202448835846926,-0.4010287935701487,-0.200960864502544,-0.4979666246973141,-0.9343275047001524,0.5247814878110958,0.3219279350584728,0.5888224455684644,0.5899006533288582,1.1551681679760653,-0.1458310451822287,0.1454445562203143,-1.2171341677983516,1.0338623592898926,0.2118952731627202,-0.2356969475589194,-0.7330109111387382,-1.0498896303806122,1.043559708829241,-1.3277277362790512,-0.3773697951845722,-0.788937291334425,-0.9360182513734352,1.3054067827160776,0.2750533360097544,-0.2682882580247726,1.2944731829867402,-0.3445833825694679,-0.1521343445931132,-0.2996002298125334
TCGA-OL-A5RX,-0.0732028423037798,-0.1836885449018634,0.0740754488253645,0.9975276538422392,1.0508755495088349,-0.1093826841699897,-0.3040806309577256,-0.2296762083875914,-1.1958436285572098,0.5295868362182524,1.1283268151021846,1.1940785885584446,0.3391313467538789,-1.2901890435353105,-0.506875948762831,-0.0509932322293806,0.4884128980535605,0.2445870477342348,-0.0101839811042046,-0.0271510275289171,-0.6535370532070769,-0.525263539080518,-0.0721875037590424,0.1504336475714092,-0.8460873919503779,-1.1407990757227775,-0.5956588613020382,-0.4136752088314291,0.4996315523854525,-0.128315951038586,0.685105378446878,-0.3777510235549923,-0.0682308148882035,0.4796320304716672,1.1329050404958558,-0.6119846180758265,0.5446119711063928,0.1938053536179854,0.6968806792520968,0.6773134830242702
TCGA-BH-A0B9,1.482237882122392,-0.8974610034538579,-2.3546763814792087,-0.7738479144978737,-0.9057319627763352,-0.2688172644423552,-0.0355175154036459,1.676505455016454,1.683192595669614,-1.7668849740934485,-1.952717169907746,-1.8931311930330863,-1.59426415739449,1.4665609818145309,0.6702155307928633,-1.2380460997184894,-0.6370035477525382,-0.1425616333638043,0.4962294330464945,0.2301257597392589,0.6851252706773525,0.768110907693306,0.3836339138531979,-0.5819362375346552,1.0647649552270757,1.3599153745412382,2.2553235030180474,2.144403709769349,0.0315906602460223,0.7408191921032705,-1.0807047280330104,0.7395915009982756,0.0370740869507306,-1.7908259659362211,-0.5566960638335839,1.6037479909597594,-1.671271225927207,0.0362116399118157,0.8106541727748268,-1.7949430026087445
TCGA-EW-A1P5,0.149230963803727,0.0044750936685469,-0.0547096785580854,-0.6687440983211309,0.9467787871212018,-1.12707278451196,0.7991632920097393,0.9194877157555598,-0.0682458775493582,-0.3639357162862255,0.90197932017011,0.9617981877675568,-0.5456944646688885,-0.2281200674152808,0.3464164091793195,-0.5647621472760295,-0.7251340933183132,-0.050168064137239,0.4215962640544068,0.3597575680915241,2.257185774750129,1.5085600092020188,-0.4127187961645575,-0.3376136004355392,-0.2842326315467628,0.3706510122820289,-0.0569909938442019,-0.3018666697267005,-1.4613511823851548,0.1658970360552134,0.8307324549749608,-0.0184519359277318,1.4765431019338282,-0.1157049004190306,0.0072539020695947,-0.0036344118387883,-0.2835354156755975,0.7796494838863346,-1.162839540145501,0.4875016491353475
TCGA-AO-A03P,-0.7676077909058656,-0.6156121128369931,-1.0452821093648923,-1.6207199148566391,-0.905433218979794,-1.5719100685844862,-1.0800208977924424,1.1949208742651731,0.7277673439006683,-1.0730078065716884,0.2091174241433999,0.1008314010868999,-0.4994700646425536,0.4878965981228287,-0.1831370202413937,-1.000332178734787,-1.2237641853069012,-1.4971328364603562,-1.036963076143078,-1.0959557589432856,0.2319991897952519,-0.2036128948685543,-1.5003902588561329,-1.3310417316643477,-0.3356986221699419,0.107332044495913,1.4036031406774274,1.133733962625885,-1.3786578726438483,0.9634552577266012,-0.7135565450995246,-0.4298137727500351,-1.1879152428929023,0.068145405030001,-1.2351555444425908,1.274019630357998,-0.6029707395333666,-0.7640956631060184,-1.2082669881763977,-1.5942388397575404
TCGA-AN-A0AS,0.0876804418179918,1.1094253464965835,0.6134618878622535,-0.3036305661469426,0.1524085085646116,0.508674664403794,0.7032046756783327,-0.4283391252404803,-0.44519652528808,1.0215472464895006,-0.1443052312871044,-0.5945362351264103,-0.2915491282962678,-0.0840943589765128,2.0307254154810948,0.6233118228527145,1.1943270847142131,-0.0059876772937073,0.3622180232887389,0.5674732658309409,-0.5400288734822823,-0.2618831729025769,-1.877675044185072,0.3210442076340913,-0.0468031679589849,0.5667878934442532,0.0932720490851307,0.1361105490011088,1.6192856768199606,-0.2459936416174991,-0.1121212464204863,-0.3792682016933444,1.8466079262721475,1.0010842373776172,0.2704108680437818,1.393807173404131,0.5639230190625795,0.5787693229020087,0.6540856242609735,0.215842517586614
TCGA-A2-A1G0,-0.0146942749750185,1.1450648608602478,0.4374654866462868,0.3260130273199401,0.5046940411503531,-0.3979124361732112,-0.0732770189323119,-1.1950678733476696,-1.1025340498129934,0.2847460635357101,1.0995765873273973,0.7283464206449431,-0.0194429406293118,-1.1028092413778872,-1.7729380820909189,0.3170283090616791,0.1411120528984317,0.011899915973453,0.1265239099719742,0.1168196953482123,-0.6890133359038674,-0.4297378768331352,1.083244377753579,0.4235374196453033,-0.3707811123365869,-1.0996605050144836,-1.178986718789334,-0.6192287751500535,0.4761486832320714,-1.2942517172467742,-0.2547664957488419,0.1680232470348018,-1.4413916205629032,0.9002218293648169,0.5097125500373549,-1.0763339684968438,1.275877102745811,-1.2179848340369896,-0.2436054163588949,0.4697137970190022
TCGA-B6-A0I8,-1.5600025794291716,-0.0824984843809037,0.1874863844713104,-0.3129966643276775,-1.6070780967926293,-0.4649256989938416,-1.257201554328771,-0.4601954724888787,-0.969344242334782,-0.5531214264904664,0.3554103915898211,-0.4059477222909772,-0.7425470239280967,-0.780656899568784,-0.2649355800356807,-0.4988326710292906,-1.7251201081063552,-1.610499249188705,-1.170760886352482,-1.2498293093001185,-1.582053517791072,-1.636895900502622,0.2952076230678561,-1.0359698895038103,-0.3985210664448429,-0.5120676965491018,-1.0443743925286613,-0.2073074199837171,0.6640451101497427,-0.5687794111796236,-1.1173964079737508,-1.048975084616677,-1.3189514644291764,0.0308662282485528,-1.947774910804384,-0.2039372003536511,-0.3518155799894064,-1.129373412512468,0.8181884592014276,-0.628318234783404
TCGA-A7-A4SA,0.7337643541167754,-0.225867977860894,0.8426646979959607,0.2542151033333949,0.5428649156677611,0.1175307351356584,0.5211771560143028,-0.1997665954784098,-0.1362094264896546,0.4084202318514948,1.0877547545340969,0.768003669038443,0.7479629284768426,-0.0707549828249352,0.8006303291704316,0.5510113892180385,0.3879281146903619,0.0948799873871493,0.7217972520565266,0.517979920668167,1.1606905420585898,1.0004764392159031,0.9179577614239042,0.4358139522628056,0.2983095855173632,-0.0933201188035178,-0.3768582098944372,-0.4944336873520287,0.989801114058482,-0.1079704396836066,0.6532225275268164,0.441169623136081,1.8137285342555596,0.2490153512676743,0.4045708075900279,-0.8893898522733116,0.0234428617893016,0.5489665199350392,0.5770667849803842,0.8764959520757853
TCGA-AR-A24S,0.897792444824566,1.0301524126333494,1.1216168703043126,-0.3377192393625295,0.6093526985004021,-0.672614103667912,1.1625895846556449,-0.825834509485313,0.5401829079653855,0.923698486269969,0.0471762616659418,-0.0494587479321646,0.2931519543240383,0.7105719349714462,-0.2124832188204785,-0.5142112784041528,0.2469108965652682,0.9058514517422476,1.1693105116302576,1.5021844162958675,1.0922823771346908,1.0773510933154848,-0.7537784559254465,0.9725661785560612,1.045744703701717,0.654927059728053,0.2187429068737996,0.043766204209624,-0.397191317099237,-0.9929804622282052,-1.0011680979887316,1.0731976785195818,0.0161550085305931,0.734407792612265,0.4614109765353167,0.1517694372666626,0.807712243158106,0.2546356048783952,-0.7675342502179527,0.3561443149671704
TCGA-LD-A74U,-0.0101822748551641,0.1091088160580432,0.9094750981695804,1.2826644801200224,0.6009148519529667,-0.2446000847658197,0.4317152685050664,-0.1328802897342148,-0.7201538117490834,0.8684729021525034,0.3358960824734757,0.2393386731522063,0.5153945570977669,-0.6537514298297314,0.1349795768995424,0.4554463494807215,0.6831788884578157,0.3954272330875796,0.2662961655733584,0.0043495540397312,0.0670383979867238,0.0802745541703451,0.5767253266586163,0.8103478279991019,-0.1405585718905366,-0.917871171770727,-0.8473060209304504,-0.8241157064490646,1.4272057646266685,-0.142101110034225,1.1345040697361912,0.0395793924768701,0.8356256865536333,0.7109609951783831,-0.0617196788704359,-0.9132047454306664,0.3752694886736262,0.3598235203128426,0.899997378026232,0.96803798831648
TCGA-D8-A1XA,-0.5706913071564439,-0.2934095305854772,-0.5680676374106235,-0.2428118186233575,-0.0431728285101111,-0.022740649142293,-0.2449002665007016,-0.4653999779848589,-0.270026366917505,-0.2976994552136195,0.6298443818469954,0.1481716479720366,-0.3620793496179947,-0.2023052050637128,-0.1853938808327723,-0.7459101279384479,-0.2889392224069294,-0.6369198329000713,-0.553726982841266,-0.4777063463321911,0.2873950890172835,0.0426103608110517,-0.1650487315434852,-0.9181391453080197,0.1446028970642234,-0.54227198756815,-1.2201747230304394,-0.500953628295676,-1.2971268989491402,-0.5126809395295794,-0.9841640380233128,0.014800929995399,-0.6015249532485916,-0.3267344037700254,-0.2555737908894464,-0.2519979899372294,-0.2380327457549817,-0.7080899769022675,-1.501946752436261,-0.4778297031020785
TCGA-D8-A1XR,-1.1411050227892463,0.3396803250451627,-0.4899397580128669,-1.378443383540699,-0.7701277547159837,-0.4824845019801526,-1.1163669853789115,0.0806143272997031,0.2014365481038338,-0.398239579270729,0.3373111007864243,0.0853245267298944,-0.409928097707814,0.1262440157224638,-0.4395647854077034,0.08796329635929,-0.8765785195514814,-1.0279520866887857,-1.1701586574707945,-0.8944067467341577,-1.21201038048323,-1.1393122189896503,-0.7847141844002913,-0.5337811809571988,0.4658885524361598,-0.4076605062717836,-0.48719311624151,-0.4293381069995825,0.2441582619829681,-0.8564185667379097,-0.8259675916893681,-0.2697860239282506,-0.8163406161284762,-0.3130130037768799,-1.0370025450703952,-0.3185923607454541,-0.5721620965595466,-1.298973174748919,-0.3180371549418838,-1.1915542333299884
TCGA-A8-A07Z,-0.2986331583822336,-0.7449468972620005,-0.0251424616507451,-0.3576094006417575,-0.1691315207745015,1.675323729901789,-0.5559645359866399,1.0767378316480805,0.3863206536719348,-0.9501772600917268,1.4398474589259564,1.7727870909294965,0.3265482790837312,0.2308229227005837,0.6723968917318077,-0.8847823648971633,-0.8517623371421067,-0.5831583629514733,-0.1566561115761176,-0.5798832561669759,0.9604382645442688,0.3656293540547655,0.2584946645142888,-1.1859075068793443,-0.3315867296488325,0.3273785004084814,0.0638847655853609,0.0894209872267604,-0.2658637279130009,1.0277792345476684,0.4366832995852994,0.7048658158169767,0.1282501041248023,-1.2474202606745064,-0.7931342908004503,-0.1054405776575673,-1.0866612409784977,0.5192939638873861,-0.4622169655712537,-0.0133378585341852
TCGA-E2-A1IJ,0.8217863079170377,0.527991613435745,0.9016391563628892,1.458409479434629,1.2855083454863938,-0.1091868441368105,0.6476916668427937,-0.8216774712006377,-1.0769360796665592,1.3458210311899708,0.7281025828953251,0.8368672686391304,-0.332198955037274,-1.058293016442968,-0.3854677558532992,0.3011099718647342,0.5702955470618727,0.9019337351102554,0.93090599633378,0.9738600685662062,0.1229516519697751,0.3661807220261475,0.415121554420402,1.1376435248964645,-0.4926061606985738,-0.6551443219341218,-1.300086395630608,-1.2003665847223342,1.3541704474283318,-1.0600962183442553,1.6261321931566028,0.0999973677155824,-0.0986811720473466,0.9448649918638432,0.5887255806418206,-0.997295965699808,0.6458934597235227,-0.3127125971076144,1.1902034640847194,0.4301075795515258
TCGA-GM-A2DH,0.9463055805923922,-0.6841689385081642,-1.1515826497445496,-0.6598926718345133,0.1886738818576638,-1.4269881316313584,0.5119590135476738,0.4693842859329517,1.7212901995071577,-0.9240751462345796,-1.4195091479976258,-0.8942470869881792,-0.4938611978247385,1.7470662496167395,-0.1604985474468371,0.3028764008170947,0.0362843517554004,0.7799974277471852,0.8350894009716023,0.3049832973632946,1.1225278842734845,1.165311457066016,0.0683042195044733,-0.0941040954453274,1.8050256506561675,1.085616840793143,0.8005144953316959,0.2778625874743716,-1.9469970527252192,-0.658647058354237,-0.1711534351125694,1.6456646824368997,0.7579198725155852,-0.0023753822380183,0.1647346315652412,-0.1797147111026108,-0.6838836483054462,1.8650218334827735,-1.066766070591478,-0.1990198284318924
TCGA-BH-A0AY,0.4328803320110664,0.0842930968169975,0.9817447918824252,0.2636182501381782,0.5518173168112545,0.3355369966076286,0.6292507521611971,0.6618584910483835,0.0179128503157713,0.9798063338862698,0.1314450747838684,0.1054453963421842,1.180375846117839,-0.0920518674378123,1.257466375298914,-0.091525410903943,0.662575092768133,0.4676352560963849,0.4384518266549543,0.4991751563525577,0.0292145013141192,0.2212343227832333,-1.047703066017996,0.6306945450451434,-0.2438747165572508,0.5070348075742105,0.4849582046421738,0.1184638925138546,-0.1026837867772476,1.080270373406706,0.4637425265384355,-0.0560828319496088,0.7645120020181826,0.6119932288210238,0.4615145716975251,0.4913988982753182,0.2898176578767878,0.9560061316721592,-0.6645559152696614,0.9031750880358668
TCGA-BH-A42V,0.0160145172114279,-0.711903541548628,0.8375312719175542,1.6028889124308263,0.6310122397859316,-0.8431274720773417,-0.2783289771251727,0.0249796485856715,-1.1198084059492543,0.5383654050069172,1.0053511458997129,1.0556926112695255,0.3651496625359696,-1.3363622176329248,-0.9796407822416616,-0.3414451859878136,0.3932573770255327,0.3530540894735769,0.2505448752012294,-0.0806658980138211,-0.8226940046269491,-0.6103181941756709,0.6184619466263279,0.3560989821349545,-1.2284347341042137,-1.369517434332301,-0.3542502581288513,0.4730389510902544,0.8059195959709207,0.4210254840358664,1.3975071934992545,-0.9731738488479348,-0.3076311715222037,0.72869205058918,0.6285126054854319,-0.4037909498077551,0.4420132913609326,0.0525024793266201,1.4531320053371473,0.9364417154403816
TCGA-B6-A0IH,0.3808475000408051,0.4371879648764216,0.4606456818804317,1.3239735464169855,-0.1853627429732667,-1.6242906036912812,0.1481774264841721,-1.4931240236739,-1.5700134254106275,0.5907569171168378,-0.1952093222712601,-0.8696139444003244,-0.6563558736490209,-1.469007413345417,-1.078249032129439,1.2567919542334531,0.2413730069557924,0.8074365329902554,0.6874338933248931,0.4112986897767071,-0.3320035465951453,0.0786204374390745,-0.0647427357224965,0.7037122354656727,-0.6234549962140371,-1.7738333853906152,-1.4759267692632414,-1.5939652270443938,0.4262316031788202,-1.3510869795095453,-0.2831696821000306,-0.3259486165482952,-0.2437352116482236,1.2604979394368765,-0.12209667644851,-1.428701103497117,1.2203331189817967,-1.59542286477321,0.8474836969514798,-0.2645229991318546
TCGA-A1-A0SH,-0.2303894481329187,1.444110024876167,0.448426332296222,1.4369466292289654,0.0395801279478443,0.4002400841985088,-0.2891391767992162,-1.0414685777494612,-1.0198841843690871,1.67944989173599,0.0495610039270174,-0.3717756191197046,-0.683621687772735,-0.8655736396749074,0.0762213576658067,0.7696107967120143,0.1506757670374966,0.0329913937956989,-0.4687456939212537,-0.1374884924924824,-1.0699648867183125,-0.7740871505632946,-0.0127160580910982,0.5610844498145876,-0.064495062017124,-0.4005022456095369,-1.196744914079114,-1.126128518275162,1.489988891518062,-1.3300804635402017,0.0840989763004901,-0.4882267789418426,-0.6010007119886277,1.2214438401874148,-0.3392638918660508,-1.2416744560979969,1.2807636695852027,-1.994321597550292,0.1436928968157521,-0.2831072169452246
TCGA-AR-A1AQ,1.9294136811308549,-0.918817869090703,-0.3404259567593014,-0.0529104887969637,0.4832688293206678,-0.1241791370248168,1.134570094066562,1.13839882197777,1.5394564503579364,-0.0881601852110424,-1.619572538171954,-1.1524870089080614,-0.6404874332469767,1.5163990566678638,0.85955127421753,0.6654595212485837,-0.1423035765071244,0.9133589176694789,1.349742916434597,1.133477408668995,1.519642929927277,1.7575902919286317,-0.0824485667189794,0.4603066592750436,1.1697265412017923,1.807109431390796,1.738699635622726,1.46848557409808,-0.3739036800112405,0.4009586273368929,-0.0425783979786771,1.29103498686733,2.242675855232372,-0.9524475006586736,0.3648625449016516,1.8133910958356196,-1.0416213198777184,0.9206223940669236,0.0474758221517631,0.2147580338535802
TCGA-A7-A0DC,-2.594864773432121,-1.2283930239899372,-2.4834912658061064,-2.14939857713322,-2.799772923407572,-0.4056742613350573,-2.8418802595331645,0.2079454754085921,-0.4380167766813441,-2.979772477110405,0.6752010635194337,-0.068462346295021,-0.3143519410735307,-0.7356566380481503,-1.3266031785640937,-0.6524411525511797,-1.1982301926519638,-2.357462165811394,-2.3081468677885963,-2.5283580854569414,-2.93118159800033,-3.011555837931353,-0.1281798006658181,-3.123235004898324,-0.9848196636249884,-0.9645006378703264,0.2088303448930786,0.6519279204288498,-1.0555165478689508,0.5633367637312019,-1.7175120687557377,-2.2099528575227896,-1.136334212657995,-0.6805610540005279,-2.0479496653617417,0.981155811755164,-0.8112198902880097,-0.8677593912450371,-0.0669274651811962,-0.0711296332038621
TCGA-A8-A07P,-0.511653837861834,0.5044826467215255,-0.0447672211296358,-1.0038246100608472,-0.2721384436367731,0.5859149230785156,-0.4477986454906453,0.5797366178694207,-0.0303251868938107,-0.3720209108022314,0.494087926642606,0.4750977501572437,0.9383705032828396,-0.2035436899524437,0.4024079646720286,-1.570449450608726,-0.7732738087785809,-0.4210694303312486,-0.8588546403080195,-0.6663235517744647,-0.1247062022807564,-0.3321146569451506,-0.3108631701149091,-0.6804441689767196,-0.7075964173241761,0.6617652227715148,0.423590838754645,0.1150450858999697,-0.6067773359663051,1.583711311262631,-0.7516948302847724,0.3705072495309403,0.1244127952993382,-0.82754950220752,-1.1536509728706763,0.0858868994634116,-0.5167766603222985,-0.5851962823636506,-1.7326095733990812,0.4711325617053194
TCGA-A1-A0SN,0.4136566962548912,0.9653899294421688,0.2512849562261541,0.0588024031222672,0.0807918418957098,-0.0421845146455293,0.7781001783397057,0.1773469091299128,0.622778753057315,0.4221377050424829,0.6334388612751151,0.9178995039242944,-0.7303997320144389,0.737062671443878,0.6158486767845488,1.2616247985048956,-0.4464005866486256,0.5169511067841703,-0.1519989858172758,0.4134710458953021,-0.3330235625293558,0.0811324444265595,-0.1346436915487198,0.2840957449371156,0.8384804773102127,0.687524236884102,0.2183355718626903,0.686907769432209,0.9335031730643706,-0.0407310860408556,0.1846756483541733,0.9318510911330168,0.3746917153102189,0.2742042534760726,-0.0281526092948674,0.4825992790780117,0.0855381973652094,0.8026292323774754,0.6245510218446138,-0.632584858906469
TCGA-BH-A18T,0.0201190894707659,-1.0984872411579698,-1.4555846801362464,-1.1323640862873297,-1.2533650520393071,-0.5936627575586015,-0.8021340496917954,0.5585289442905147,1.9917489860778104,-0.904824059256266,-2.054294773155375,-2.090806766964942,-1.635471625234297,2.0033342942867507,0.9433232595645584,-0.6474908607833727,-0.9091089882084004,-1.3673552505383897,-0.3904383437816864,-0.4731142059148145,-0.6071021093149311,-0.4850308786668564,-0.4717682414604485,-0.9806508185566012,1.9898875120998412,1.581571352582279,1.7357569578434295,2.1551763745576644,-0.1776793802658244,-0.5754280138807429,-1.356590217782114,0.4507229697736684,0.4209371655786031,-1.0358091264161502,-0.4975463415172745,1.148699292941307,-0.9123084757178944,-0.522759070454874,0.306402016782115,-2.0473149444764736
TCGA-E9-A22B,-0.3296742052154778,0.2553911141275116,1.8472540743954915,-0.0659562656910633,0.5156554499908138,0.6776281057110245,0.4661053877397917,0.8301909005505314,-0.2914600145835054,0.7478363966418747,0.0048577943393016,0.2689607606871457,0.6135345116335381,-0.2295262946600157,0.438006583870955,0.5431366186373345,0.2247426086814796,0.5434856774032905,0.1609680085826861,0.1273695792607691,0.8555774106431326,0.5234686519566222,-0.2634704133844957,0.403452858324736,-0.6617328147700196,0.8998171957106328,0.827671364227933,0.4721423699409703,-0.7304324823880914,1.2818934090083978,0.5388526409010557,-1.1172488700351917,0.9369649987316706,0.1701728137632584,0.1000152001003583,2.8345555530009947,-0.0663919070505536,1.1511422713980932,-0.7088047949113837,0.932572909004311
TCGA-S3-AA10,2.22018391309327,-1.1200142864990117,-0.3588404896598289,0.0642964554697529,1.6504797570489858,0.2023093045418542,1.0529216012554887,0.5957370853008411,1.7793726026960164,-0.135961053745268,-1.5455471462417674,-0.9279059001982408,-1.6968465020418668,1.8773887097501556,-0.2307509343591719,-0.1537924134968019,0.3754945793401145,1.6773848371678302,1.807816171907535,1.80550053773256,1.928455036319872,2.191661366143704,1.2284068214495734,0.6534905874518675,1.946408247768556,1.295282167678809,1.6939860976730017,2.0791555833027404,0.982689539171922,-0.4042900364536405,1.0316020235451342,2.0469383059000235,1.0193809557794264,0.8311834203707852,2.071957406656311,1.8263591852235708,-0.934971978426514,2.098084060443495,1.2419309522333593,-1.6721925688824062
TCGA-AO-A0J9,0.7421350283370461,-1.0257591287928178,1.0165442699944065,0.7251314852748751,1.0870739035291277,-0.4417937870141433,1.0949948365459832,0.5351124378061697,-0.332211547663889,0.908914109898046,-0.1430496649854031,0.4469695897064693,1.770790345568342,-0.3589692573173906,-0.0571988697095509,-0.2107973337356343,0.5937679288819875,0.5911584327349458,0.909684485092498,0.1781557069466896,0.2245224056969247,0.3659234816613022,-1.0744662899794768,0.9805899246830468,-0.5384351728022847,-0.7738817552976183,-0.0501692043760954,-0.7382258938574465,0.3116211826929146,1.1987502788712114,0.6491563540507755,-0.1255082652349265,1.219986576205217,-0.0633401620157197,0.0959180094365932,-1.0755116888458969,0.3652475836845354,0.2672011684001431,0.8952473052294199,1.817137335723748
TCGA-A1-A0SE,-0.8160376693584656,0.6926665349863566,0.1210263483486213,0.6959576824535035,0.0635815279150544,0.1188103625864111,-0.8826561968751458,-0.3256417498548186,0.1278979672543826,0.673948690654388,1.5546259108310625,1.6413328205080406,-0.0681327919065098,0.2218855816620073,0.5135717605392022,-0.0695433887321879,-0.387145510556414,-0.60020420166224,-0.650055187003694,-0.7143571440533508,-0.9958029677881732,-0.944674433135381,0.9018558523817384,-0.3120870879460983,0.5652396905113231,-0.34979184782843,0.0465190384601216,0.0422019615368146,0.1548904138883376,-0.281261771812091,-0.4235488959115135,-0.3640844046585548,-0.3819371404534457,0.4293457812123523,-0.6970743354298644,-0.1156511937611871,1.0760894798112175,-1.0424479847765522,0.1420336443370271,-0.091262276468103
TCGA-OL-A5RV,-0.8008884886650126,0.5315912326241428,-0.115942944140186,1.0763422831800409,0.4113893811947472,0.5184255077531935,-0.8489036427411176,-0.9306565220583704,-1.0848841293800116,0.2777871103381248,1.941277394536351,2.080838806028233,-0.536549866966473,-0.9900106996948568,0.0538533325734478,0.2031841197631168,0.4361694514559128,-0.4297534863886881,-0.5716738741619606,-0.562881373799732,-1.3434018007976074,-1.2708269621618806,1.3626591832007409,-0.4421118518036472,-0.3263908538619171,-0.8463851787923543,-0.983533079263078,-0.1080461664429353,0.4709291069814169,-0.7426796593296081,1.1289231179495918,0.1637349867277141,-0.6351192013086187,0.6233525189874759,0.6372916678505431,-0.7484122687389545,0.5719834328033455,-0.5553731086459907,0.7880648303509474,0.4635328847523929
TCGA-A2-A04U,-0.8696035990555375,-2.1934124334798946,-0.5732270073660233,-1.3675767845316946,-1.6754789066195082,0.908511336651018,-1.8387031622517005,2.062320008373051,1.5514659796257249,-0.0745404126396265,-2.0969328104004163,-2.2074378314518657,-0.5952805051951953,1.31574030496751,0.6376946780590724,-0.3018073480192277,-0.8181640876139766,-0.9843104985860112,-1.6040089597929308,-1.49774406009657,-1.4031691059034963,-1.528471584425282,-0.0139124680646263,-0.7945053991502472,-0.4110460721721058,1.2245768087539413,2.158625574935183,2.2721702888314907,1.862243983103313,1.5002207169339723,-0.4822814831397573,-0.5761307680953649,-0.0592516566273185,-1.7761292543237768,-1.129366651106121,1.2895940607693692,-1.8708130961318448,0.5337014525136804,0.4790215654308809,-1.160622610299567
TCGA-A2-A3XV,-0.7817915560827288,-1.215349688924344,-2.2123383139173987,-1.9600424460410752,-1.4444483827125123,0.3604452844980378,-0.9693035555848816,2.396481178618658,0.0821196789486067,-1.3319590614528938,-2.0415985067718943,-1.283821973993579,2.11444484080246,-0.2291235204620066,0.81138332343857,-2.3213591260818984,-2.2263284149454523,-1.3052376939729584,-1.8312579352015328,-1.6183338513321135,-0.6098660945844001,-0.8341755332956217,-1.0124841352812808,-1.2770748146372275,-3.3377341280303483,0.4598684845366481,0.929389297831963,1.9299173289906653,-1.26553416447072,2.741797886908377,-0.4844829204709049,-1.5562971723536605,2.177577257806105,-2.7579326344049773,-1.4696397055631905,0.8562649890102847,-2.4138283011852666,-0.8754328180623979,-1.8949629029642845,2.103140078174236
TCGA-A7-A3IZ,-1.4149741263196776,-0.036257358753155,-0.4354900037093454,-1.6419569619230348,-1.922821156125344,-2.197258540122202,-1.5027755580453253,-0.174193317265315,0.314292884245024,-1.63178131092502,0.0095416802181433,-0.4937841035207687,-1.4451397592861306,0.2404758173686156,-0.6209678298052806,-1.3463256681021318,-1.2951717436566312,-1.5178177072295804,-1.6328192539212936,-1.1714140871915637,-1.4865467821211136,-1.7608480132647628,-0.6610237035704152,-1.5907543629987582,0.859661050440495,-1.156563834076069,-0.7178713644083027,-0.2203854818411976,-0.4160131538450829,-0.7139553437060199,-1.4554361189962408,-0.7694852933742042,-2.4248391759622314,-0.5990388734476669,-1.7079777273505037,-0.8536181309300477,-0.061412093295633,-2.356954050474397,-0.4472763891920137,-1.32045410265094
TCGA-D8-A1Y2,1.6556897762228084,0.2889369596817736,0.7260258251685097,0.0993013614651728,1.48710020818095,0.8783825416651825,1.8602358102206944,0.8532014477760133,0.0698208378233268,1.3098495658892704,-0.5441571617639652,-0.3122575047298804,0.3746538738645177,-0.112584317167711,0.3881931203062673,-0.7989633416188651,1.0641668330942098,1.2825402525158407,1.5304743654525057,2.011101345887114,0.9306706938422176,1.3186747424603895,-1.448951078111819,1.0842468918788677,-0.4305211207049083,1.0665978315094051,0.775997055999771,0.539159020893149,0.0063458912746979,1.2504643412711651,0.6931744362640427,0.3468926297810084,1.3422473351355613,0.2331474544574808,1.0078654284790851,1.401125496628009,0.0393968760112928,1.1957158146397706,-0.0784792618310816,1.168015476475705
TCGA-E9-A229,0.3284092397107749,0.4174370794167432,-0.0311685263295198,0.6323427271314555,0.2970673819769059,-0.4722430108203069,0.510341174877508,-0.6487325811852438,-0.1359116507368745,1.148742284381298,0.7915569566871334,0.6634732169653659,-1.0699909894400277,-0.0432083627267335,-0.7406549574345141,0.2977238749745643,-0.9412384590853218,-0.2528742998585352,0.224062689778875,0.3733763368002323,1.6594670718894615,1.1175232630406886,-0.3429524546271447,0.2383242099678741,0.5572118747607494,-0.3890073708838247,-0.6708833088226414,-1.0793442043394124,0.4638705924109043,-1.6693914322922674,-0.4229879974799383,-0.2526969784061488,-1.6021891690019057,0.6620539167701865,-0.7487025474581755,0.0409496192786073,0.5225860444266568,-1.3258583368200811,-0.5367293319793465,-0.9943452867072956
TCGA-A7-A4SB,-1.455130385762176,-0.5418298319459673,-0.5300650113163388,0.1395608683992567,-0.7713762238959692,0.8474397247480089,-1.480467413001714,-0.4746537399752483,0.1175825309829821,-0.4068339586843577,0.45278408574725,0.2965415192942053,-1.087369096066694,0.042935631399086,-1.1656454234895337,-1.187338132081062,-1.0302175453308409,-1.545660246191458,-1.18093673057995,-1.2172134849292977,-0.951501970612342,-1.2459347445478028,0.4855269607153974,-1.4817857891973998,0.1569738974128369,-1.2640362895925703,-0.672206536120463,-0.3472662505425067,0.5763432013746668,-1.1605511120670216,-0.4842698074390822,-0.270500838350675,-1.125096660172229,0.0836570600248198,-0.7407265608523689,-0.3224744131964955,0.0160237890145978,-0.9352498222817236,0.0299478792654047,-0.8482249247558882
TCGA-BH-A0HK,-0.4502667560706637,0.7326368719902179,0.3111474959636539,-0.635952421504488,0.5904481070243349,0.399297779799839,0.0712610204304851,-0.374223098770971,-0.4353993219447491,0.3283715383112823,0.6011999035271071,0.4489376243317576,2.3254404951981607,-0.538834338866285,0.8978034532681429,-0.0385912289044214,1.147423217575248,0.8675988761460536,0.0603715673687362,-0.0932791933417313,-0.5336370412701688,-0.2854052216565222,1.3705744775163722,0.5870742767812503,-0.3702975548162338,0.0536203789897428,0.1479980553643903,0.4238178282414226,0.8731767487668477,0.3586983288077402,0.4601793403282559,0.777160771835974,1.406299119379249,0.5840485045839658,0.7820483601181278,-0.2300870753639586,0.7524656010290979,0.3221910545762643,-0.4661074556247185,1.7838569184490811
TCGA-3C-AAAU,-1.495472914470476,-1.4855868434200057,-0.4371908501840271,-0.8196269741096335,-1.5750263746333213,-1.2352850857226765,-1.6596560008311867,0.0835805841924903,0.4623327010373109,-1.038215144970806,0.3130159668926054,-0.1271691762116025,-2.085830909449299,0.3430049936821132,-0.6670853238568228,1.2028439283474692,-1.5476434969563284,-2.013894312470925,-1.872001952609593,-1.9947813482978247,-1.5788807863657686,-1.7378567760447294,-0.4013240124724572,-1.842629576081088,0.3494048264145672,-0.5471003255723397,-0.4080685805356382,0.240639127630633,-2.318769833493485,-0.5030720265766939,-2.212286610060663,-0.8703331743808788,-1.538571095572576,-0.5354535904899064,-1.6635353836081452,-0.6638507726937262,-1.3384741288129882,-0.072584003635565,-1.2183028573959038,-2.025410267317619
TCGA-E2-A14Z,1.1933507952051945,-0.657041810141047,0.1290327821594979,0.1922937653499624,1.0116550571062493,-0.4939276358842421,0.8416284180654606,0.4247988465660077,0.3267327678094694,0.3401838591887366,0.075419411456035,0.3359260671245077,0.2007152232074107,0.2192929665545131,-0.3935376926539788,-0.6511019351172607,-0.0509153942641746,0.9850633492886884,1.0499652367814316,1.0572535715063929,0.9417312060515054,1.074005924205202,-0.5450704746170779,0.1335762906072499,-0.0144611472203147,0.4664834658528036,0.7846054160118118,0.398214022737781,-0.5711349598385178,0.7654206887191274,0.3569208941496124,-0.1976403371239841,0.4055828191966789,0.3581904006066643,0.7229134719863649,1.548494882717218,-0.079547097728266,0.664547388732611,0.3012120435800867,0.3891520759219568
TCGA-A2-A3XW,0.3845197253958069,-2.7068602755289146,-0.762762433044923,1.5406922595977657,0.5332950860252768,1.068553701485205,-0.3189964237646358,0.7899897254316376,-0.9239741405364088,-0.1112397075181289,0.7625941868788811,1.6016737649831143,-0.1641163770159805,-1.076623753445129,-0.6710856133647485,-0.8657960466787945,0.7823108195310928,0.3943035367716044,0.0678270772602305,0.1309647450589174,1.0067326635849534,0.6501410782211491,4.502917694345794,-0.0611005426861097,-2.3998369538860373,-1.2294487027448415,-0.9190208214320662,0.568424813268651,0.5769365723608154,0.5108278505587338,3.2362721325314427,-1.264887895550172,1.0165172764356485,-0.8228666091439838,0.7104535256731733,-0.5759649353285229,-1.4012863988091286,1.4452004654370592,1.8157497090914747,0.9373882668460144
TCGA-D8-A1Y1,-0.0826054480235275,0.1834458649539774,0.2331536646994069,-0.1881866229943373,0.2859951278206519,-0.4205473510048988,-0.0823277543334431,0.7487523177263831,0.7538115225166352,0.9979087699267228,0.7202630984255268,0.3999742556855108,-0.3606889770310554,0.7309098322802019,0.4635918539679539,0.205493898199586,0.1727422020649334,-0.4046608098055655,-0.443658117064816,-0.2269237735005003,-0.5908592282472266,-0.3564430995840776,-0.643603266784121,-0.3180955800570966,0.332618328419032,0.4878070202685313,0.6101131076909609,0.4074774360233734,-0.1624013136847089,0.3147822651499039,-0.355179379468486,-0.6859297087458204,0.114436340920552,-0.3364326107081945,-0.5978205312483597,0.2990748049480662,0.2315700830062233,-0.0060715801291736,-0.5260777928149527,-0.1506902003214068
TCGA-AC-A7VB,-1.6530963789828643,-1.939375538426988,-1.3034991354649177,-1.517842741771136,-1.8925380679809265,-1.5371063123087014,-2.042415064067913,2.0166415391490844,1.0658704257477318,-2.4519948597988064,0.3613961976158374,-0.1206188053197317,-0.5825668684866131,0.899951532806587,-0.4568365430036287,-1.2105069992462691,-2.073573635745654,-2.5384843579102823,-2.127475986797807,-2.455549584279693,0.5703472891794966,-0.4804364188527414,-1.071595894673514,-2.7200521202906227,0.3339856988892918,-0.4005323268343659,0.8458964636466431,0.8527495031025359,-0.7319534292804658,0.4790089026449536,-1.3895234907040157,-2.098142994663324,-1.4615258644666966,-1.0267170635236966,-2.238895052070703,0.4875866720809708,-2.0056238382173763,-0.8654774774707402,0.3268063664412372,-0.8271139155028329
TCGA-B6-A0RO,-1.145754910074379,0.4270204845241083,-1.1296294390567072,-1.1817847710060738,-0.9589685117950882,0.0913383672808053,-0.9876522737531794,0.3343898411216444,-0.7622242773738049,-1.390306149147647,0.1849910965913959,0.649473127976525,0.8143543745972476,-0.8912632734455689,0.434381744207758,-2.1181880617954016,-1.3016114096161562,-1.3233716541414984,-1.3353271433171818,-1.3611859624595732,-0.2590927984997264,-0.6269615721623483,0.3375732816008284,-1.274906867388654,-1.5336445788662965,-0.105807340566653,-0.0681473744380467,-0.2515746773041861,0.144120903571764,1.4227519356189275,-0.0778565502328575,-0.1490095064842725,0.4712359412144202,-0.9018939201192124,-1.40043572179246,0.650860847197458,-1.1489690478400771,0.1343097617929735,-1.398746246984404,0.3695955291377987
TCGA-A2-A04P,0.8136862261696799,-1.4150648723212458,-0.2013336049123794,-0.6256388173248044,0.341494293322546,1.0279255706449104,0.2393301022441434,1.3504116208101415,0.7967638828664716,-0.0061611212087076,-1.902309668707412,-1.3079068281007091,-0.9425222362725764,0.7785946797621047,1.301134561872984,-0.7410248018971,0.654847957409342,0.7908870202190761,0.7142628631381688,0.8790710179849693,0.8150670487281577,0.8564497678109332,1.0119729512214817,0.5299780702766774,-0.3141848931320675,0.8628045862065592,1.0162646818077936,0.8806006020830283,-0.8157752530579733,0.8664129159514895,0.1436217302568335,-0.2129981163398714,-4.828274407892479e-05,-0.6472988713232611,1.3320733641797389,1.1014736651035824,-0.7906546059813495,1.1536197977326577,-0.9953690703712847,-0.4934738202749097
TCGA-A7-A13E,-0.7526071760176212,-0.7934645173215065,-1.077263076143682,-0.7603454805838301,-1.7128035601299276,0.8540632060926832,-1.7185116467956538,-0.3040906042748753,0.7274826422224777,-0.6973581274314138,-1.4639159302027656,-1.682599498973721,-0.8382476402611433,0.8566369404530522,0.9069881711282902,0.2936209076406027,0.1215031079242601,-0.4935515849557917,-1.1333747867016402,-0.8197947393587323,-1.0164682127264184,-0.8950106037065648,-0.0378704336785105,-1.143465702091737,1.0139243968268523,0.482179605630099,0.5753118145178573,1.2916029104470732,0.7445967346954001,-0.4228046876005151,-1.306117305900781,0.2080213212220062,0.2304838225645593,-0.7526310854245427,-0.8030390098157505,0.8948184570172286,-0.8162945341439588,-1.257632904099243,0.6825837515561025,-1.7468034657944045
TCGA-A7-A0D9,-1.6288418074188402,-0.1499474777933632,0.0214985068759796,-0.553853174076339,-1.1865532637541936,-0.5472129455868019,-1.1847178152869755,-0.9298128205548156,-0.7431659625573485,-0.1088808865781526,0.3466469461043512,-0.3986836888090934,-0.3934102790576811,-0.8821744464130012,-0.5948296657851164,0.7807186005576778,-0.3852151562080502,-1.088168160460793,-1.3502342469993331,-1.3907415370671945,-1.640739574924686,-1.7694800593744069,0.167206987498396,-1.2518590027562069,-0.6666673322121462,-0.6909344000233617,-0.5298147799639304,-0.3801661017332034,0.2000745050947659,-0.3938310702273785,-0.7335491659385289,-0.7787448731599871,-0.9717770995566613,1.0146620001732354,-1.1861999047118077,0.6305845374913925,0.2294365709421534,-0.8262321885797403,-0.2893733603999496,-0.9490541170816956
TCGA-E2-A14R,0.9366829752928344,-1.0653982339790649,-1.0145728670426295,-1.0884345198422285,-0.3215039110524761,0.3730394799639255,-0.0878545670649911,1.4382301574132543,1.8982327344145944,-1.3377558377212464,-1.5013123378779163,-0.9662527147952116,0.4678696079787556,1.5631093566099286,0.594186560561174,-0.0114490481823087,0.5510567490481404,0.1177967714694897,0.3111058068400452,0.2247269359410656,1.0498947615365684,1.10861351369219,1.0287532048403591,-0.2376297434979271,0.565449271521417,1.8223724917707849,1.93534214622522,1.6996311104219328,-0.3012482327395633,1.3164157307892,-0.2842764936936841,0.0354297293160773,1.2851007017696212,-1.565295799741602,0.4005220251474928,1.9146873530523445,-1.5189676274058808,1.0657484963120183,-0.4137753977813171,-0.5416797294603409
TCGA-GM-A3XN,0.2252401039270497,-0.7503587106880384,1.284079657112117,1.0712350244352744,1.352039725317275,-0.2489367702365605,0.4060717966043237,0.0565720857398321,-0.958781893702222,1.2468323497559743,0.8771803974937056,0.6636743422209251,0.2897679047504097,-1.1092605350929652,-0.0405600307561427,-0.0355404547824407,1.0308041852471297,0.351501675823409,0.774048431213678,0.3671754215876047,0.3977197453234721,0.3884439981663295,0.1674457073397215,0.6444367054531843,-0.7744015288008456,-1.2400836444496364,-0.9187637745850376,-0.501332479481003,0.833370366380112,0.0490271763295913,1.7323921509809108,-0.9351341569016804,0.8425920991431595,0.6138468094828856,1.1383390486040688,-0.6438967600894031,0.6294207674196869,0.7465327930019949,1.1763616045373706,0.9063754026719176
TCGA-A8-A06Y,-1.3360352132008446,-0.3730608389653274,-1.1415502958612285,-1.6897379248905584,-1.405327414381149,0.2404161714842467,-1.2861905302557226,-0.0661345707727443,-0.7764711367299812,-1.6019323992613577,0.064954563471484,-0.4162149484651464,-0.170980235844415,-0.7847369073977789,0.3453149038365163,-1.0695313951998582,-1.0553401857968994,-1.0657081612784818,-1.2921827239133132,-1.354200083212129,-0.0327455929344245,-0.6005956828396719,-1.1217221184888186,-1.1729816726783735,-0.9919704796447556,0.1489726154437391,-0.2558393647434901,0.2619540159573904,-0.8510202458094028,0.5304282150643853,-1.086034142236455,-1.3587166015106813,-0.0581741800844038,-1.195958805170826,-1.5052367310313148,1.8051262080428,-0.7081801412759895,-0.8734414168283051,0.7525570838524538,-0.3108808303419224
TCGA-E2-A1IK,0.4440869369730617,0.4483831896486971,-0.4846518144207407,-0.9807476654853776,0.3017866243973972,0.1895033905774354,0.3292155103808943,0.7208489806463558,-0.6502060948814804,-1.401923247497616,0.3707818227211851,0.698123933082769,0.7542689266038921,-0.844083722215783,0.3890664035666163,0.4154203304752951,-0.2918387061764383,-0.044025799919987,-0.0151408096616453,-0.2186379441723415,1.012208015199895,0.6206525059146589,0.6012012091797996,-0.0638991294121186,-1.461126649900418,0.4421636748160489,0.0651668329079791,-0.1934435756286922,-0.6401481437486082,1.4911856647579285,0.3595303244335608,-0.2215464931154997,0.40620566381916,-1.0718188345974728,0.0995655223069328,0.6469235190119053,-0.9148201964220428,1.3252504871152235,-0.967440901920183,0.7779790310871326
TCGA-E2-A1IU,-0.4574758033067988,1.3010191533459794,-0.0248760142746803,-0.2993172243503053,0.1349097754122126,-0.7379877679747472,-0.369316276025203,-0.1890528622825851,-0.5594356293257581,-0.7721079391354572,1.0110848904044112,0.9447887027153464,0.4343528366742505,-0.7122723137920927,-0.1336886507780196,-0.6457479817516215,-0.4829281064831985,-0.8525363086135423,-0.4678993556645466,-0.4060925453852032,-0.1769038713666145,-0.4515540624347219,0.9832896061402466,-0.5262769639679423,-0.4908340372271449,-0.6265230545999906,-0.4357545268377032,-0.4178987014661964,-0.6833614745922918,0.3591255935843356,0.0117465775981798,0.5836259149375802,-0.1316787681226753,-0.3115383441002037,-0.6219225597093768,-0.9068698500147154,0.0662913692349215,-0.575927868175317,0.1664540268112202,0.7680261134176255
TCGA-BH-A0E2,-0.2235056772758236,0.5238133315984039,0.4182066095090082,0.046039243667784,0.5847302732744525,0.962889834289906,-0.210554679292426,0.6039457582186996,0.5746659098650252,1.0021586544064034,1.237593336107641,1.9282467941185253,0.0505400939198114,0.7094538893623769,0.5395280016313105,-0.4001568870557235,0.6856087885747382,-0.0845959360822416,-0.1066941143707545,-0.2985430554025721,-0.2598331090376843,-0.1809122602713811,1.1199691407015624,-0.2377316616880802,0.4825241997999414,0.3962638655420503,0.7709612496097047,0.4328697464387375,0.3556827253981113,0.2469881381320563,0.5957862003968766,0.0217248904161259,0.4784106591732785,0.5164675713250901,0.2047673627336781,1.971513944098332,0.4540385027583265,0.3047292006067047,-0.0326757936426223,0.495674716738903
TCGA-A2-A0CZ,0.6886999037916879,0.081004046878067,1.134178834054286,1.8068630082095296,0.6449541634903638,-0.1825945116808558,0.684328354618205,-0.4023182432222815,-1.4197069759929797,1.7386689324602955,0.003019865888754,-0.3078499328370654,0.4838682349480728,-1.417238977824658,0.0673061985293944,0.4362162579949487,1.0710008111608456,0.9157848284913424,0.8907017350311257,0.8052469914806383,-0.2020129623321355,0.1131351177506765,0.869659090961286,1.199718359730432,-0.9275144742514518,-0.8285230917966696,-0.7401746180879901,-0.6097884865968127,1.3598055004710197,0.3071509422338385,1.0744514310532618,-0.1131622553526437,0.2279988471683323,1.179034131428584,0.9023326511930926,0.4111391754036453,1.0589279812900818,0.3172041800339463,1.2225880287405055,0.801656019871933
TCGA-AR-A2LE,-0.4910621460606723,0.4315695329139002,-1.1662813801312095,-1.2630297172658196,0.3311049630350752,-0.021506471109428,-0.7877272108786151,-1.1136845857298563,-0.7916911337663448,-0.664933034172602,0.2284836099381043,-0.7010285171295793,0.4954363558632457,-0.7337850359004726,-0.8438686904836071,-0.2990551238198658,-0.4780310262107207,-0.3362372769451488,-0.8717570961474916,-0.84359047834361,-0.777034644199087,-0.6896189111644969,-0.939573894006637,-0.1123939711596314,-0.1374103872348605,-0.9747703314304464,-0.8960896027318714,-0.5071845517667132,0.292158186698096,0.0249507676735489,-0.9269799353788732,-0.0977049893882656,0.0734720048805709,0.3618334257697367,-0.0941510541666257,-1.6737317716172582,0.3752318133452366,-1.7775197086944985,-0.8487644346032177,-0.3626261082590359
TCGA-A8-A0A1,1.093244077139979,0.8602954948209988,0.5230488830119892,-0.1704449312179588,1.0910609077859716,-0.1778606469230164,1.4560418953094103,-0.6356185192287443,-0.3189336093600545,0.3583098368764361,0.8823591235617875,0.7158678081433921,0.8951687816178118,-0.2495814803394077,-0.7180017111275112,0.1664999617520079,0.2113380297439098,0.7227630206517639,1.0318261122861607,0.9174472259688868,0.3734008493899912,0.7009620969792362,-0.4711861326332646,0.9126468998058704,0.6563022236752183,-0.1665947819081984,-0.7575193783222578,-0.937133413913574,-0.0572707258599202,-0.9607138367815308,0.3137871504310288,0.955011996396563,0.9854144585191106,-0.1136039942179242,0.2277696323332936,-1.4545776402262036,0.4308416425336205,-0.4439033465557723,-0.9775036529865234,0.8091789068411417
TCGA-E2-A1L7,0.7101949050771919,-0.6104675326809831,-0.5504382898804199,-0.3972531358592908,0.7349316144296852,-0.3971578764966098,0.4060572414797356,0.8437831769783847,1.7883529070979305,0.2460616342820137,0.4173587585564529,1.1217072277981734,-0.3974262854483079,1.834995296270256,-0.1156045036990214,0.8808047859957131,-0.3748297109760616,0.0792257746916709,0.6149585869238094,0.1350390565250022,0.6277536960059905,0.6682585803675773,-0.0389310170471483,-0.1294514918588033,1.6618511118983927,0.867678996711528,1.401647740045781,0.6886368014380759,-2.7090081786883617,-0.5113468926088034,-0.5815488942929705,0.943706350200712,0.4796415563480578,-0.2322271556143338,-0.0135660170623668,0.1249805511670108,-0.5046833325183689,2.240268844757276,0.0925927592654902,-0.2954572691583842
TCGA-E2-A14T,-0.8221175015777946,-0.277751942705992,-0.174136107313952,-0.4419245097976193,-0.3839881551411662,0.2970543908549308,-0.2713145094233288,0.4313785569784462,0.2446568232501141,-0.7626764164812143,0.5136163940206239,-0.2717659922075944,0.363730759191665,0.2447476721511043,0.3405273235613323,-0.1496114840722949,-0.6931171414536806,-0.889042634012325,-1.1516808715667295,-1.227402034799569,-1.235209347155412,-1.130369597196984,-1.0171542083979803,-0.7091921728842244,0.0613463596723688,0.465688853209347,0.1386597552516902,0.1913537405934893,-1.2580207146421585,0.3443548575142887,-0.7080282879770323,0.2944531871624813,0.5560216631671137,-0.5002634043273796,-1.246968926032348,0.0438608354871507,-0.8700256665645925,-0.3542773420258747,-0.2187369842970199,-0.1805531633488811
TCGA-AC-A5EH,-0.0062311472079309,0.4941066836197084,0.1197327422803494,0.6671397965133424,0.6262532415258928,1.8445659263693643,0.3127720949295585,0.2010097514558819,0.0055774308040228,0.9604531570594508,-0.4223886168758728,-0.1774620970487712,0.5290449597997904,0.0653464298775895,1.844053155346832,0.5535238099653521,1.060285950340097,0.1968672914590516,0.0860826609037186,0.138422962939034,-0.1293046112419168,0.0885583239142254,-0.2863629153683443,0.2131561277959237,-0.0354131766905583,0.7392853432498313,0.1865390043482652,0.6408793051042051,0.3349327070159799,1.4146924436045814,0.816313679147138,1.281545441179628,1.6953728791508664,0.3119433731213443,0.5605186871645447,0.3239214708449627,-0.5497161847669271,0.9920268660097878,-0.315073426731194,0.4046384352682391
TCGA-GM-A2DM,-0.328491947880822,0.1559931162522052,-0.397078845761352,-1.2486100604133117,-0.1690668870288897,-0.0866772653389878,-0.2753154882516052,-0.3984608883634563,-0.9869302707973686,-0.998667813811928,0.6298387914951963,-0.0756959931586429,-0.0983631612669867,-1.0654362084695126,0.387365381099796,-0.8190818001635041,0.9690635971174724,-0.544077273831924,0.0063278645081763,0.3386189080040185,-0.7540402306858435,-0.7724266893751486,-1.1199956495435233,-0.7022163966686689,-0.775818528291504,-0.0079647948725432,-0.5876054465991417,-0.255091556891917,-1.4306482975376398,0.0677173799440327,0.0453127449865652,-0.364204211735166,0.8333508651904499,0.1339695363273932,0.3508409853742387,0.0152094390348194,-0.1664483868068842,0.4573957195640961,-1.0918084341497525,0.1792666886053537
TCGA-A2-A0D4,-1.448238348511493,-0.2623552864105561,0.1705227486697068,-1.1366860583636322,-0.3306488163943434,0.1658737037144759,-0.9709037350218456,1.3681757555159648,1.3556794295886387,-1.3147986884250085,0.9836828747292016,1.2767967348236686,0.5167992159441362,1.2609909255888114,0.5077787747756302,-0.7089895595645617,-0.7936156229357597,-0.9023716447873804,-1.1944798921787787,-1.5370510375984154,-0.5113000591181039,-1.0320155891885527,-0.1753130545641751,-1.5078991516737288,0.9938857553304185,0.3769496026119613,0.8103041182975738,0.6220642313434338,-0.4659837587241627,0.3313092869976597,0.2671604609837192,-0.1975767071041139,-0.15722107073643,-0.7818765599134185,-1.4114510592249827,0.1523258102936521,-0.3745892908089909,-0.3266270551861073,0.2626714171247098,0.2879682808064524
TCGA-BH-A0B1,-0.5982345280872832,0.8046858892345092,0.2135088642672742,-0.6152288446179704,0.1900729674120539,-0.4330136433608425,0.078460622494108,0.2112531474590999,0.3999686526519154,0.2980454254949004,0.64187913364913,0.6421274227205517,0.2468192256493441,0.2289595213970523,0.5300694676536442,0.1285311497874487,-0.1245194820428742,-0.1881909528808723,-0.4129208414997085,-0.1249164281940918,0.8517138555447582,0.3315473234316585,1.0578832349033993,-0.2455388847331269,0.4414813953380373,0.2589990411367111,-0.0667556465723537,-0.3160131039044528,-0.5605227077681546,0.0228535330713556,-0.3763703517387775,0.5878036338703593,-0.8209373669318673,0.1882350378317865,-0.2835205455164358,0.7990888279543535,0.4125626553325319,-0.033639791480875,-0.5269174925547335,0.1816720488506727
TCGA-AO-A12F,-0.8097451043071692,-0.5956816028037868,0.7690629024878693,-0.0803603906762554,-0.4153879303158846,1.3758701195262242,-0.8373962558266429,0.7508627970085407,1.3093700035969642,0.6492993470324309,-1.6484756060461137,-1.6067851953898589,0.1260711642198988,1.3965904091295331,0.447334830660637,0.0215054412526323,0.264443523597152,-0.1134130244546219,-0.4954229438460258,-0.5767551647862702,-1.8864971473053047,-1.453095745269933,-1.0126634104009402,0.3015655045398954,0.932268809903342,1.4254533825616322,1.7373130630910203,1.7262378773078209,1.2284289311267418,0.9760034212101611,-1.4089790255391903,-0.8141434580569594,-0.3260469442356389,0.1821858172040805,0.0417786538688512,0.4387606228098777,0.0477678356243601,0.3520358275982228,1.3802108162052331,-0.852516701818714
TCGA-AC-A3HN,0.5133065853828149,0.540460077494991,1.1886949848498385,1.0240009319764527,1.0294432496325523,-0.7910604647272931,0.8067891906525968,-0.8727873996283896,-0.8016034066022429,1.2023869422022506,0.2653348304260813,0.1131223047441578,0.6196261399636296,-0.7035619457062413,-0.3223228884903676,0.3127341991924171,0.4558936767690974,0.680342309511441,0.9338557914105649,0.7560626208318395,0.1136561803743417,0.3077570667634435,0.0996888424574581,0.9616904576071575,0.2968881312861327,-0.9863987978527188,-1.0696327439221167,-0.9290690747574832,1.1106683165405926,-0.3123392399540874,0.8296219159901181,-0.0008979929943055,0.5895890308549154,1.156759025227166,0.6628055505961395,-0.7562906386960002,0.9367870166335764,0.1206052453314527,0.755839805925383,0.8568934126532023
TCGA-C8-A1HN,-0.654577377818953,-0.443660550260733,-0.9692523673348762,-1.592602898633947,-0.7508306086024725,-0.8032693937288238,-0.7169675395516397,1.3442951543447963,1.2007916889014627,-0.8210518303396503,-0.5582006027018682,-0.6452070307044785,0.0515506720710227,1.0207879929251868,0.3018913226139065,-1.6321388718261551,-1.8055018589717275,-1.302553127953897,-1.249536129539166,-0.9963101833608377,-0.8714688315170707,-1.0107657055435877,-0.8716337192683689,-1.025032250190369,0.3008949504580639,0.8334632827614104,1.2059709916735923,0.2587496060916573,-1.3659919230446975,0.90410268971693,-1.6541501226591404,-0.9070323367117888,-0.5564997813955471,0.0504726208114397,-1.2579442471909912,0.6238124866787874,-1.203313728547897,-0.2046879022324996,-1.0773306947235284,-0.7846916516725672
TCGA-A2-A25C,-0.3036811356902179,0.909440077593269,0.0207825967202406,-0.2736842658680709,-0.2232050373095054,-1.2997026982019542,-0.063748764446682,-0.5180953076471763,0.6178412776580389,0.0312005258536218,1.0941692968977892,0.7413005347693461,-1.247259338107462,0.6876673842792402,-1.3160955243909749,0.8326899817643183,-1.5798439805314792,-0.0627312399427599,-0.5473765154702301,-0.0853436948302692,1.429103866928522,0.7812277150988095,-0.5888706279642342,-0.0174623815408413,1.174903803257412,-0.2796327381005752,-0.3887203502189144,-0.8806616147994062,-0.6048441920206861,-1.7041625793884727,-0.5842391739418249,0.2422463411488681,-1.513638740969694,-0.1521859937977407,-0.6404384266170067,-0.6501408654270547,0.2855901246505764,-1.189962008370745,-0.847143834834422,-1.4669652547704444
TCGA-E9-A6HE,-0.0801082458529619,-1.2206917168557971,-0.0989332730986252,0.1442610841295281,1.312373596168246,1.9825856439363825,-0.2659194097965341,1.7494485634946877,0.3617338852110548,0.5252405420915517,0.3941486504952817,1.318929154035509,1.0720664441582464,0.0893074260599161,1.1579562646158044,-1.561259553145377,0.4778842364841809,-0.1784817556093897,-0.2765649356941748,-0.0958349732592593,0.6086294737298767,0.3163215873867793,-0.2591469555573262,-0.2792283209520271,-1.442988509436379,0.104862415078509,0.771653025292839,0.7366336537297912,-0.3063852694180087,1.8081076011859152,1.3324154503015686,-1.217074826511305,1.1003016360449762,-1.3106939254523893,0.8625739208929774,0.8412790178590198,-1.0654122772622898,1.2167354074853116,-1.080544616315547,1.1927517817734463
TCGA-EW-A6SB,2.305032278654356,-1.3422990896878164,-2.5458475631375888,-0.8551068987548373,0.16477554368371,0.0180918211306336,0.7575545455129155,2.002221060579652,1.0250716414972978,-1.8746420905811032,-2.0405862403142634,-1.6933508278361362,-0.7496121530613383,0.9137086800823736,-0.2473968895321751,-1.8479144265686305,-1.1191208816908218,1.0398969192638765,1.7193691915206553,0.798379727748694,1.0356686008398128,1.5010001130673636,0.1773908207971205,-0.4531120881802895,-0.6134700333026473,1.1775198378944989,2.119484015149264,2.3297116379693823,-0.1927981902275726,1.41138937601014,-0.0757829711146373,0.9754966540927184,1.289671757272722,-2.646018564878468,0.5015591582672285,1.845945405646208,-1.8998041587507943,0.6292413668937232,1.9404466945188985,-0.9927563938467536
TCGA-E9-A1N4,0.8172812833155777,2.0195655323998216,0.2556141879349828,-0.1417716601172376,0.4274727891244568,-0.9693224126866474,1.2169418740060918,-0.6247845842855396,-0.0025848044522065,0.6091142784590448,0.1611165151932083,0.0392612600629259,1.2473788551453149,-0.2207897865986244,-0.2402107939395492,0.1353581344855922,0.2887732559577829,1.069056460530445,0.9684156354935922,0.92773783215305,0.0277774088281206,0.2314531323055918,-2.420257207371214,1.1246080617733936,0.8165692404562204,0.434948036504502,-0.1101773640350744,-0.1186679207837437,-0.1811641471616139,1.1361398140546015,-0.4056573516075012,0.9617557721771004,0.1989838265520626,-0.0435984041462253,0.5301076285657788,-0.4837133912074235,0.4014421253135722,0.4195147306140714,-1.3780018750501266,0.5372566419238718
TCGA-B6-A0RH,-0.4122434313207878,-0.9191023278351628,0.1787158694073994,-0.2557603869714309,0.6379473229427371,1.5491245219291747,0.1752966605720906,1.388634027054973,0.2289044844867594,0.8196304055467079,0.168155637662838,0.8879121385918005,0.5986208139352133,0.1279287924453633,1.9207718529192717,-0.9283470806508736,0.3529176638302999,-0.0189245479338669,-0.4297313803622335,-0.287534772337379,2.2670594287106223,1.330678426462408,0.408553840641206,-0.4059443385040199,-1.074900750129443,0.8122799947332235,0.964433963160076,0.6283039458195021,-0.3256646153024535,1.3862068638697425,0.7585323155037604,-0.4577580039361627,1.0652963156515365,-0.56037918529308,-0.2980312949472957,0.8282952349872214,-0.552534650778681,1.500065410866235,-0.6516028968306448,0.5074676008771483
TCGA-A8-A09N,-0.5418317472210741,1.0092397306810648,-1.787389636712493,-1.3038999068800687,-0.4092643554196859,0.6537801712656669,-0.3991881148407464,0.5435998167474259,0.7763481992639238,-0.4351681444583802,0.2214278094923513,-0.2127084256690164,0.6741506478822225,0.9179732175141688,0.254020613497962,-0.6077205683926714,-0.6788174732016085,-0.5349498975502781,-0.7343975451499793,-0.5466559123787668,0.3300468358552629,0.050487051143507,-1.0624031836310002,-1.2622509822840404,0.3094838137304436,1.0694572676958154,0.422345994050427,0.7308005736364659,-0.4423942908937064,0.3019899607484761,-0.7264830692698004,0.8863727980740652,-0.3677713095996331,-0.595408999621757,-1.0968669395345358,1.1778720096575754,-0.2215793801283512,-0.3697457069197205,-0.8664915359918388,-0.1460238587245828
TCGA-AO-A0JE,1.307670539524497,0.8028496475253151,0.7176689792723226,0.2286662694999651,1.129216313076231,1.7022787354311155,1.458802155323223,-0.0524586790817068,0.1847416997715874,1.0997480884611863,-0.7223924010263197,-0.5108214137044529,0.3359037967961268,0.2463693721900759,1.0295432229816588,0.0570169448290864,0.0551972886939684,1.0994818003748708,1.3327192357070914,1.3051754507607702,1.935631295884711,1.918672326106558,1.941313813603617,0.8931107982444947,0.0928951359089995,1.3155162063856305,0.1939187826996656,0.5207513680078474,-0.0656549541930324,-0.2473901924680238,0.49069275994104,0.4199496101269967,0.7774563037090534,0.6628289973751187,0.5991507902745867,0.3391000245710779,-0.0685420645437031,0.2649234177549964,-0.359525746556168,1.3332385163655789
TCGA-E2-A106,-1.3861918783334806,0.2738003613305085,-0.4243742915102289,-0.6148062402024445,-0.9725063567026002,-0.2678906131252497,-1.1450333883998551,0.3761833739124701,-0.6599142711972541,-0.9772518965667236,1.6129801853894,1.5670768703119689,-0.3580544798929375,-0.7731613170627173,0.7922225279462497,-0.1573647004458259,-0.3662897425291678,-1.1685063310331911,-1.3269780042445365,-1.350203315340527,-0.9808817681918184,-1.3760539906477187,0.4541456590206205,-1.3868794664013282,-1.072359772899079,-0.336959078786161,-0.6518411065108115,-0.1657704729219378,-1.0909078667598058,0.1361258083367039,0.0163403121047607,-0.2464672812604055,-0.6268599721839124,0.2287468229478888,-0.7017115103679341,0.3425025695991004,-0.4824091131014007,0.7501281667385805,0.5622945507537639,-0.2645553428477981
TCGA-E2-A14S,-0.075794833355181,-0.3771211053362031,-0.392643024637915,-1.2494480822087803,-0.7182612262847056,-1.120255911399581,-0.7559828953717311,0.6240593235021922,0.5163914363012391,-1.6091756964887678,0.3494578281670457,0.0421758346185123,0.1611594824205746,0.3803625976070826,-0.8197655412206161,-0.8116294509214835,-1.348446143175699,-0.6372518451056294,-0.2932412845936248,-0.299081529322067,-0.7055994414389425,-0.5775131533191434,-0.5164199358760238,-0.8940066381671565,0.1201869150067125,-0.030593888799575,0.7942124552694846,0.2180984024880525,-0.8323446312308197,0.5029362573830407,-0.9950194073317083,-0.8784233854581536,-0.8953722565437527,-0.46352853968837,-1.1816219206624397,0.3090277452333784,-0.5014571949192232,-0.4342085779957612,-1.1049799937479954,-0.4773370657048609
TCGA-AC-A3TM,-0.3655750817349819,-3.251522852612003,-0.818746365236399,0.1176488839357492,0.246711819089989,-0.1990215748712513,-0.930159468706501,2.0632319212794967,0.1973835969455379,-0.2388556683904962,0.7414926430825377,1.8905713159861777,-0.4208176067760911,-0.1970084278706894,0.3766083729510485,-2.058201271451278,-0.5832351751298767,-1.042855428120976,-0.9448760912881342,-0.973564079557916,-0.4440715974928964,-0.7154177357299988,1.2199905515250402,-1.0314735861127775,-1.8051613257689836,-1.2153334116628571,0.310182464615655,1.0719192950161216,-0.4535930432062687,1.7317494925452108,1.3428909648593228,-1.7152633829867276,0.7886788915712752,-1.870684042886392,-0.4321593564353722,-0.6325664779412526,-1.7827776650094316,1.411281765621976,-0.649630936444867,0.0270786515708938
TCGA-AQ-A1H3,0.0264065901012415,0.4950838874416916,0.6520702812283786,0.4657356663308726,1.1168136982526249,0.6287350436830783,0.2894590059773503,-0.9703224154409572,-0.1355059663380719,0.6710295214606127,1.038024492733172,0.959029307194428,-0.0744609275763157,0.0514403511873303,-0.9276436502282932,0.975659363478569,-0.1671517304924387,0.2079607248602268,0.2555882159229028,0.4818022626207008,0.087124639135934,0.037240117883001,-0.9955954441668308,0.647327088442875,0.545064975850074,-0.4667200406950897,-0.6735298368817874,-0.9458216593958484,-0.0560417723556489,-1.262781412237302,-0.4058812730767805,-0.0114678207086947,-1.0241419996499868,0.8675533487529832,0.7005578350837192,-0.7575633237459803,1.0958324445987084,-0.1762897957215985,0.0981628055073611,-0.0530387384892166
TCGA-E2-A15R,-1.884759810030126,-0.3247442549152986,-0.5864299212362156,-0.8684358348061618,-2.3659696945683577,-1.5416141381962567,-2.5545851266902155,0.0236959573513217,0.4109486112045206,-1.037375345595866,-0.4020740540732519,-0.7561877325263315,-1.0813418749314812,0.3022782613973326,-0.8697860062728467,1.4622368575442743,-2.057450627444212,-2.2978604094425576,-2.101005531024796,-2.034921223230552,-1.853943795765564,-2.064451268711033,0.1629798505414305,-2.030744383905958,0.4515396458886356,-1.0495962384472142,-0.0054138959906605,0.3489862576305428,-1.7798083534534703,-0.4137837308264544,-2.9550340335241123,-1.3636523233303122,-3.69305002475867,-0.6280978036928592,-1.943330307259468,-0.6459672433871316,-0.4009178226701119,-0.7005490232693187,-0.6465429896819112,-1.7043005176239996
TCGA-A8-A06R,0.353971710372458,0.1837304860104412,0.988822875541615,0.0377589881293567,0.2108127040116422,0.7444345710878992,0.4544670544222891,0.5373762372704474,0.3809400665641828,0.9231769246893862,-0.5127118346812762,-0.4355238962806946,-0.2520778946004797,0.3347927490857891,1.672339818819528,0.9496981890117128,1.051116499496167,0.4078440648347048,0.2658663806562067,0.3658522394131999,0.5513354884385233,0.6169099623333242,-1.6715566784536406,0.1609830691611358,0.0435644758636714,1.4501837748035442,0.8530122316679345,0.0134041244752051,0.0684635668913983,0.1438710774733969,-0.1697987352154511,-0.021818521524084,0.6320673125059846,0.8209146353550457,-0.1947786778335175,1.6618670364095185,-0.1581547356149492,-0.737777933619662,-0.4128627999278737,-0.5846201311219247
TCGA-E9-A295,-0.5275099893768471,0.0221695495044221,0.9335158332491748,0.2798163258910374,0.0142658106619782,-0.0894595541423113,-0.4008978343121227,0.5003499688225643,-0.3340807440375063,0.4395060062229191,1.1928489456903797,1.6446592789309582,0.1302204111454169,-0.3504942684805485,0.458250231420626,-0.0654909632614937,0.1665185254496274,-0.288101438298162,-0.7231632675476285,-0.7086579185620856,-0.7262430300096183,-0.593280228122579,1.816869399788459,-0.5879548923105353,-0.8386304672413127,-0.1298841102663365,0.2618673055564833,0.6658295071360696,0.8286335804181119,0.7025718929580361,0.7025753666702231,-0.8108924864809594,0.3712260837661753,0.0395001715455039,-0.5115605579781055,0.2277737207737593,0.3568660733391571,0.8176609566168751,0.7132988715917289,0.5274567410379978
TCGA-AC-A62X,-0.6131922521608719,-1.691527140400552,-1.4316557568332615,-0.9261148065471224,-0.7037293076108347,0.8178410121899518,-0.4006350702499182,1.3161517775120168,1.1513032808521746,-1.3579188348253086,-2.0452748272264625,-1.6887977535570884,-1.1156669390111955,1.101916497791582,1.3613860152282382,0.4231410282797984,-0.1068863818298685,-0.6321468423969903,0.1432736532451979,-0.3738138470825568,2.338198466512786,1.1472239334206136,0.9888051813646128,-0.7528523252134193,-0.3505640325069152,0.3014652387324507,1.581159886989979,1.676736241521677,0.6702897603583442,0.4485854470012183,0.1329789767780655,0.7396505774437173,0.2589264068724528,-1.356645718864752,-0.2751738103640432,0.3959248266867389,-1.680239822473813,1.5882779863262118,1.8691581117806904,-1.0869379105312724
TCGA-BH-A18N,-1.2795639561316854,-0.5412294204679737,-0.1544464983417697,-0.5253027469997321,-1.3423759970703626,-0.8938120818092046,-1.4171212293773645,-0.1872907166012974,-0.4843343620918813,-0.7991121505761347,1.0725389908480352,0.5856704892279232,0.039561346211069,-0.695177363235546,-1.2510106630393842,0.1149246481694165,-1.0048533502500037,-0.9124423022712924,-1.0754004128854573,-0.9789269524588554,-1.0314326645998195,-1.3125977260862276,-0.4477308861861794,-1.520248542645929,-0.243694934663687,-0.9241715928594756,-0.5034469492096336,-0.4563624342972607,-0.8583453282120221,0.225262496787738,-1.1015901405043969,-1.1294372540902209,-1.1839937735264574,-0.6133196341236788,-1.301754348912325,-0.5350848363519528,0.0072411108305387,-0.6339191795280756,-0.195341064899124,-0.2639481710006954
TCGA-BH-A1FL,-0.9444584034802384,-1.077251697044284,-0.9473831451566423,-0.8734327086356374,-0.6097213894259753,-2.2777717553227674,-1.2003335742154229,-0.023650147417384,0.0528900014402152,-0.4676601327040103,0.2712513115897821,-0.2309732404266468,-0.425189903228175,0.0361267619505027,-1.1418120769104698,-0.505124758362923,-0.7920080197217074,-1.2519106909485018,-1.236192038967683,-1.3139173168015303,-1.2304391156504564,-1.2536935515178855,-0.92016830027817,-1.0706494237185862,0.1974940849044435,-1.6931503511897603,-0.2828760404177904,0.036129673521482,-1.8534943780195567,-0.4035138196746783,-1.3296985373841514,-0.291882426357862,-1.4703909005619251,0.0912882368269035,-0.5717348499529957,-0.8459253488685379,-0.3900401566519136,-1.1968122893538178,-0.1265162902005845,-1.2146528961231573
TCGA-D8-A1XD,-1.4161520974053077,-0.3411213375039509,-0.3144624304675771,0.6028045359780074,-1.6211568780734569,0.0161375681311603,-1.8574795756814664,-0.428040911293755,0.0570657016015991,0.7404344021232698,0.8278135977419161,0.4320202911011945,-2.4976754635930543,0.107152701302584,-1.0366022101281769,2.2457612514293195,-0.5698612827970736,-1.6003962590856269,-1.499012298025255,-1.4008431179647391,-2.388646643690101,-2.1575468643522666,-0.3489321093852434,-1.1985526090905034,0.8770363430965638,-0.6401260617915894,-0.5034533415257869,-0.243917117468019,-0.669837522584684,-1.7989541037668364,-1.3592232075735746,-0.3247371941345174,-2.8624285318643894,0.7995618184915436,-1.2382101380701762,0.5104492774864579,0.5488762292450484,-1.9727162390816824,0.5714031143053491,-2.389316850269294
TCGA-AC-A2FB,1.7223977987031274,1.1704966535299015,0.2301547192760581,0.8428141906977449,1.88272615181704,-0.6082292829801201,1.5530503041579131,-1.218036852845475,-0.7396961827174622,-0.0963900017646338,0.9607895700177655,1.0492714239440557,-0.3324450200186677,-0.4923814299368529,-1.3557852117825882,0.6397835007681287,0.3868586039076414,2.050769905579477,1.559092642709014,1.7282633480960037,1.733224610310213,1.8667598773030607,1.59150828402521,1.479735321920899,0.0140605941469303,-0.458391982393286,-0.8687427611529417,-0.9742301694411748,0.3191145923136717,-0.8945947902344684,0.7553967454292497,1.9368714518115189,0.0311481168592159,0.8223054731610989,1.551843877473714,-0.4293421464941082,0.913025143273648,-0.2399706558320709,-0.162285384663575,0.658484336476223
TCGA-BH-A0DQ,-0.3522422639391003,0.5215069602218716,1.6359150542384788,0.7727088485002259,1.027252846292585,0.0633016247150829,0.4369457301283333,0.4598592165315453,-0.0567428694361346,1.178876506029843,1.5723715371035405,2.08633226212788,0.6961369784816211,-0.0995210961195626,-0.0750486271080116,0.435098115389783,0.385349387816701,0.295578682412058,-0.0946284232265564,-0.1751174765844151,0.3410909497677593,0.0758487224782264,-0.025694249214207,0.4552589368485182,0.0822209784575123,-0.2345957528753225,-0.2085185957821038,-1.0220006119010372,0.4173142855672561,-0.1424159988888809,1.208939814887499,0.0833403147262055,0.4193173981189381,1.142542814232025,-0.2190088625525539,-0.4127703881361933,0.7468646996055692,0.3483882557871596,0.6528831248433902,0.9250568513155198
TCGA-AC-A3W5,1.1021668984902644,-0.1867898780707253,1.4561642762703635,0.9050905163529396,1.1421919100497104,1.80656481631101,1.2668464141478086,-0.1868399373712326,-0.275330566951845,1.2002257206560818,-0.8903952138043406,-0.5128228373526063,-0.2201947740158739,-0.0378164428683109,0.9781083818301626,0.4894446783701919,0.6160317527397398,1.3618589411763604,1.427788361703067,1.0687367369313925,0.3914176219753466,0.8082321550945263,0.251460510175106,1.071257323952078,0.1931298781461116,0.3770090136706987,-0.6240122646161378,-0.3653326850740075,2.1900357975893505,-0.0059751771278288,0.6928129008722453,0.3922395750243038,0.8356705705034533,0.6975940566529301,0.8894280866730501,-0.1273125664021799,-0.0310082042823939,0.9707822776564716,0.8842922923347583,0.6035400152224636
TCGA-D8-A1JP,0.1196360760597193,-0.5402632364698741,0.1565089916661724,0.5984597624167648,0.5045305883795361,-0.9176317462555236,0.0477280729655747,0.4550689491014092,0.5192784574805746,0.9112852503139351,-0.2469089339084167,-0.5602372476177787,-1.027532772729402,0.3878891860481144,-0.139106039028833,0.744234603689553,0.127820891773514,0.2799156696853906,-0.1375316787529132,0.11317858079337,-0.487904572125111,-0.2372212999927452,-0.3142332181705389,0.205726619419966,0.2512342903474426,-0.3473288925955421,0.4658271985662045,-0.0143649802089271,-0.148719153397444,0.1625991956623845,0.5051315918681043,-0.298738984106789,-0.8511283843255071,0.5435445804159462,-0.4799401815730991,-0.3455671083421527,0.1494544777199278,-0.264473966595494,0.1751393072304555,-0.7653657889268626
TCGA-BH-A0HW,-2.156398779539488,-1.0530295535797876,-1.817783221322981,-1.8632116942391344,-2.213554685567382,-0.1784184333254216,-2.58596882180968,0.9461156916218072,0.1776497498557979,-2.451794002278046,0.4167205278352848,-0.1350412175613622,-1.349769620329777,-0.06769863897296,-1.3042501174762178,-0.0343751451915918,-1.2501141597578775,-2.134076938690158,-1.8300876094573424,-1.8628579585322955,-0.8269078854425324,-1.5381065705978718,-0.0111033072462285,-2.4981001487572447,-0.2394169246470605,-0.272038660930207,0.2776691367315301,0.2937613791721463,-1.1056683437261228,0.2048460986446958,-1.7329089400311493,-0.819921980992598,-2.006545650794432,-0.6860991696920754,-1.685585161536076,0.7741364367555387,-0.7562554473628053,-1.2357191218141454,-0.6055552802385095,-0.9090718158357378
TCGA-BH-A0BW,1.7015358026819811,0.5561042050264462,0.1011919147547972,0.7502525032991131,0.6277966067372204,0.7250883324052707,1.8698552725959687,-1.2480958549624872,0.6071006831793853,-0.1938303742563516,-1.706904043157701,-1.4699671722997854,-1.2179858077734642,0.9197676253008908,0.0705283083898289,0.9846481880591264,-0.3071957294454968,0.9573448641844516,1.988491313090276,2.196105735867181,2.5196515301006714,2.525905546405101,0.2510719699433847,1.1220316087325513,1.677490818860125,1.147215648541427,-0.6079281244362674,-1.3355858358342896,0.5543377945325468,-2.2365557104936964,-0.7946463668612582,2.065626232685046,-0.1188425221830382,0.3542086369954356,1.1024490157026794,-0.6255477287450794,0.2270169084867153,-1.3465478970586977,-0.2798442291929588,-0.8392199355691975
TCGA-LL-A6FP,-1.8880437913631587,-1.83672070566656,-3.067396831469927,-2.2362007232806254,-3.3631818004992424,-1.4670569642149258,-2.5106064380373656,2.2601830807269225,-0.8742683493056429,-3.0907796490627986,-1.6186260537257853,-1.1937448105557134,0.2900773753683685,-1.2491741863542958,-0.3545701327632343,-3.0170951236501087,-2.4946419741702544,-2.4381212905313467,-2.70981881395322,-2.6003377108943155,-1.9445239920563184,-2.3995748152773624,-0.1846348654622564,-2.446520553201625,-3.2132641629549603,-1.4598853355935943,-0.0389376147620791,0.8447670095178358,-1.123874258377442,1.97001877164997,-0.6838026478138155,-1.714624448139887,-0.853474874867702,-3.3179802527472497,-2.658828046847876,-0.3889922612643203,-2.874991859818788,-1.9667939734886413,-1.1021455736722183,-0.3859620615378653
TCGA-A8-A0A4,-1.0857544338205207,0.1581486589154318,-0.0994538625866356,1.0389247572204128,-0.9106119964067046,-1.086431087982163,-1.329949842380161,-0.4522321408776055,-0.0455620707172953,0.0238208387270091,1.1345010927984065,1.1894647312212574,-0.464923059016719,0.078997504866481,-0.7108339347186178,0.0307168576530959,-0.6441572277022902,-0.9480640947778785,-1.19581644691908,-1.072008473358398,-0.1753262618678527,-0.505446083865272,1.2089690076503286,-0.5630265390030514,0.2676172105925143,-0.8984387996884994,-0.6238796671582519,-0.3249322598470333,0.0199826339543264,-0.859678417815977,-0.8753075135930494,-0.1398819062076832,-1.072584877555255,-0.4580236486354462,-1.6453066971212225,0.5637105237886846,0.5375125746885557,-1.188768477710002,-0.156032413893373,-0.1458820573426725
TCGA-AC-A6IW,2.071884444346225,-1.6250197407849647,-2.232520543900914,-0.8960385016573383,-0.3993471738094462,-0.6564249354695253,1.048869647643416,1.4900114428584412,1.343934416336164,-1.9385362539507396,-1.862113569643888,-2.139126677618485,-0.8437010494771842,1.360788042205088,-0.1243342032211252,-0.3839186430955926,-0.6634057678369367,1.1528175733986048,1.7433658251355746,1.3483974656088011,1.66388440481353,1.861823315753092,-0.3629315695436136,0.1531624091798975,0.7189450035817255,0.6721206548284441,2.071770603031514,2.915592000559574,0.1127695223181687,1.1857674392082518,0.1966883614931232,0.2921257209929908,1.808876877784592,-1.6459667059821217,0.7547829289260757,1.1932669303885206,-1.7222018545729416,1.82416659410334,1.0337211819767107,-1.2008221597043167
TCGA-XX-A899,1.2752588790904371,0.640138538825285,1.4122880109145268,1.2498844553901152,1.887545864353297,0.8140443674567409,1.2288766575130192,-0.7545605233770645,-0.5260843382084549,1.0957758780409512,0.950804585920821,0.8309513304336635,0.3963651665822954,-0.5629184043743356,-0.8844029617925144,0.3852228061827696,1.2434865780288362,1.3682214293149089,1.753528757423191,1.5551722046209,0.2765366545579688,0.6823168677012804,0.4126555734287933,1.1868881010483965,0.2712912083504231,-0.6594896780518091,-0.5886889550215512,-0.2673944145903866,0.8855402150457957,-0.6350842976381156,1.3840200312179398,0.4513157859801635,0.8438455085508882,0.949597145073834,1.55276071694718,-0.126317747763707,1.0342023079174834,-0.3675561911015685,1.2644650918722404,0.9922604982873282
TCGA-A2-A25A,0.569043944331539,0.8657137331870562,1.209282001442351,1.245821586528452,1.8107936824161155,-1.487427711458715,0.8780859651596041,-0.8588844162192322,-0.4329587734346561,1.143868609541426,0.972372615768613,1.059968428806899,-0.8460909693293697,-0.2550084028333201,-1.1945697974107428,1.2361386207151044,0.8339220375639109,1.3337550435502623,0.8987827161999296,1.1638350728918785,0.3500762318394164,0.690178708265528,0.0084478069870743,1.499404054581389,0.4818078254464746,-1.1381298268189517,-0.6201528342390343,-1.269003841583528,1.32571950925078,-1.1416830021703497,1.291059828817304,0.9043760858982924,-0.278182673776448,2.02336947079131,1.6159480712922571,-0.8284187407955226,1.6544392506840455,0.5164359905395777,1.2037517732183862,-0.1409437307193573
TCGA-E9-A1R5,-1.148042428441661,0.0670536284490573,0.2992538894665236,-0.6979435111112104,-0.9350525116429852,-0.5936363643191702,-0.4964284170535779,-0.2953054267074212,-0.6766593806061125,0.326424650212588,-0.0322721160793141,-0.9028927104632668,0.3409016771818734,-0.7020397090007426,-0.5330714366376973,0.3309560890365591,-0.9037975094203726,-1.1839671393835398,-0.8348988859326569,-1.0428386379552368,-0.6902844916606296,-0.843456216803729,-1.492818366405278,-0.7844957383545627,-0.3812648404129916,-0.2326423033571558,-0.3567151969584263,-0.1496941475866606,-0.8893555455952475,0.096563190512592,-1.5750169734680115,-1.6378206657407406,-0.1362813065115877,-0.5876990587832284,-1.4286764590962526,-0.8531054840855576,0.4344737783041302,-1.1187558355397762,-0.8510828472924663,-0.7726773142090408
TCGA-5T-A9QA,-1.263202308665225,-1.6611947857058988,-3.686443720550358,-2.259209259143133,-2.040359503683834,-0.0059944452674879,-2.117433782431812,1.7640620584812008,0.5523551204555823,-3.30068240562962,-0.2549286763183896,-0.3745616771553429,-0.0719837819296958,0.3734444075788122,0.313057126032031,-2.6741612199092764,-1.6141046423145873,-1.6338451938541805,-1.6245109959628552,-1.6658683182611993,-0.0927938064034419,-0.9091627231894458,-0.3457982713323013,-2.491547973824101,-0.5674283447333798,0.3823203242727189,0.7535147118755493,1.651280764032095,-1.250750382293908,1.3397352755163283,-0.5988960728966075,-1.6006532847344876,-0.3602521515336143,-2.7029873954499117,-1.6545469386972145,2.189057890410407,-2.110755184198284,-0.2678762416987718,-1.268565914291027,0.4647514265768711
TCGA-GM-A3NW,-0.7541935263781636,1.1399108864979053,0.2290402117870795,-0.827980055594253,-0.386693519782718,0.3723791594937334,-0.9956858418317744,0.7213643461833081,-0.59026196581704,-0.8910477450304279,0.1467594765904223,0.3667285957006766,0.9366090660376202,-0.9067940929567746,0.1505802023744324,-1.6982717308161497,-0.1574034083345893,-0.6455741957769319,-0.6394489431472978,-0.8305243395904425,-0.3109758722756243,-0.6905382115676035,1.247774496701559,-0.8343611264600883,-0.997174294160061,-0.4978898348473735,-0.1206276060011005,0.4576591956767331,-0.366045683582773,1.4323623295594752,-0.5638479119935242,-1.5891151132577086,-0.0084424005367051,-0.5364685545167609,-0.106294270038671,0.9454335745467612,-0.231167960206479,0.4159471002450228,-0.0581848313566897,0.808794421951616
TCGA-D8-A1JS,-1.271127091229849,0.3002562460686255,-2.804055371937508,-2.3212034546302247,-1.1762419703396887,0.599241591551911,-1.5268316935789483,1.7640888293674126,-0.6442986694907694,-2.6236100326572784,0.7586463899396795,0.8175567184854241,1.4597410442750374,-1.2142634377638155,0.6553103429361812,-1.6599373486808982,-1.6938254875350245,-2.310021583684569,-1.3236234803173612,-1.641933468384825,-0.5653967278271085,-1.1310948447903697,-0.8414502493555852,-2.080963869785965,-2.707035372512874,0.0349146796572842,0.3279826391541929,0.6055564430934974,-0.7216960484450573,2.401667507843968,-0.2998331818685201,-0.9940042972117638,0.4652353100094476,-2.4737960905198118,-1.7568279750346152,1.3230750494936536,-1.912388785176376,0.4631221475977981,-1.798950672436518,0.2546087461274323
TCGA-AR-A1AJ,2.667687330586184,-0.0352406062651561,0.5052390874581669,0.3777890440141966,1.306525709021866,-0.4462092826553036,2.3750098963064543,-0.4074257840596729,1.2208913428271504,0.2001786378636623,-1.614730540093961,-1.5340198918723749,-0.1954872613925922,1.44501656576139,0.0576648741123786,1.0927632639625595,0.8434526212757578,2.2546190074159105,2.8727185968423234,2.6191268763671705,2.5240652968713486,2.7641763705109708,-0.5679602836738291,1.568437829581937,1.8669529231331672,0.986350151477199,0.9131489909800302,0.6022392367483254,0.8956375583865925,-1.249379042838731,-0.2306943136027353,1.919879160295412,1.0755599137704897,0.2380192802972753,1.492344523019896,0.1411731749139276,0.1050934012417875,0.8886888960864161,0.7842073089031992,0.1786338069491846
TCGA-AN-A0AK,-0.4154327007126065,-0.9736237252981158,-1.3474241208492332,-1.2509563508045247,-1.413276073626822,0.4100204422799191,-1.2102289920802491,1.339539916843752,1.5780590704327837,-1.690978844094337,-0.4490960697247458,-0.6964294786346259,-0.4800913952225239,1.6135735348216704,0.7654813747894592,-1.5725979956836378,-1.5606742462217265,-0.9295899272327294,-1.060241224309734,-1.2657922315998844,-1.111748451267755,-1.055719453588419,-1.959125346749091,-1.6314447294054493,0.8925624471791164,1.501611510317207,1.6118080710798468,1.718169140440348,-1.0671730069739511,0.8081567150741741,-1.023353082689882,1.2796671310392438,-0.4745790741623305,-1.18805326286379,-1.775183563527445,2.1506629331647997,-1.4503155473659233,-0.2850890505495457,-0.5661476392356768,-1.054705262582287
TCGA-D8-A73W,0.2654340506919855,0.8007881448328551,0.7541267715196817,0.2187645293793934,0.490663968458866,-0.0492432386795434,0.8697486660457683,-0.5653141218541176,-1.0500506212833869,0.5734474120870011,-0.242177030410664,-0.5159884794828622,-1.0022729841991398,-0.9433522288660632,0.016499289223446,0.1795083023747826,0.5824260385276423,0.4251422901948636,0.9019813390198962,1.014145834744832,1.8752556942819203,1.2856817371524791,-0.2716626638400876,0.7086299572181033,-0.2212845520687903,-0.1687246219760191,-1.3366091838972751,-0.6792189245583897,0.2698411152838924,-0.9450742156389408,0.6149444491123033,-0.9930308343646372,0.3997256487615137,0.6755968972212185,0.7467269383699907,0.418428709191357,0.1657450886090417,-0.1869136036671252,-0.7400331620726553,-0.6526195333977327
TCGA-BH-A0BZ,1.363871382429519,-0.6014340278933137,0.2386781290824798,0.6720306332744227,1.1171175034821546,1.048730570930521,0.8809348764116022,0.8196379008594449,0.6447563790013893,0.8217442834887354,-0.2330000598406859,-0.2855826860763801,-0.70053574490052,0.7222077168942455,0.1960918506857965,-0.0676561265351547,-0.6867766309151878,0.4555122393234896,1.183882725607637,1.0682243175461053,1.8294133572372104,1.6777612107788136,-0.7384681475143319,0.4216811600050177,0.1804282983385713,0.6686951748902153,0.516158183362757,0.4278334880300368,0.5126355871050482,0.3083266271010115,0.6840626588319089,0.5484953416823514,-0.22020035051155,-0.2814857487660709,0.0531096554735688,0.1858366021157207,-0.5269777614877015,0.2991745957200478,-0.3064599468818888,0.2409187334512892
TCGA-A2-A0EU,-0.7584756679244031,-0.0712643727328511,0.1938276602845758,-0.5190214656005361,0.1966136531250208,0.6334496354998213,-0.6128197501204359,0.4417830831052835,0.223376040249476,0.1693165350695573,1.3586903368281755,1.3414747925603734,0.2971756477948345,0.0110190566984497,-0.2994161668101677,-0.4545761193552538,-0.2734560702450996,-0.472769854547173,-0.4894764435508042,-0.2170196958488192,-0.1998534895073818,-0.36435482200373,0.7934641211760156,-0.6298689694813182,-0.1576661905187742,0.2527622527347928,0.4064437642619702,-0.0438301636965265,-0.8690699723961921,0.4929633826699379,0.6488181235680797,0.2348377734240641,-0.8542366069791576,0.2635471042570326,0.203579605143321,0.6548931175237721,-0.1332176691618603,0.4786413062158837,-0.6841964280464263,0.5854280463745711
TCGA-B6-A401,0.13623608125153,-1.243030974535786,0.4089485496097921,1.0727839354854505,0.7507184200244066,1.4110130933665292,0.1338844855661487,0.5432740657516898,-0.593039553605436,0.7838963824347014,1.2127064601173498,1.8405638083809728,-0.5561008036522316,-0.6887342855512808,0.8131412981504972,-0.7462171916782527,0.6844215781797575,-0.1131187848984874,0.3231355883860166,0.1072895030307546,-0.2539061441303579,-0.1829466872758741,0.3776000194988355,0.2563770558160151,-0.807266850847712,-0.3052461235907037,-0.3133012939389249,0.3064410090554039,0.4576140117556608,0.3052066115403503,0.9144942724905578,-1.4466639988051246,0.8713322773274297,-0.45541925631037,1.201384910387718,0.2119548970211758,-0.6258287773481057,1.4317557095467854,0.9968450313857988,0.4571919090765453
TCGA-AC-A7VC,-0.0620447389331985,-1.9300587958089417,1.960441896376669,0.9336514760764032,0.1739260898209198,-0.0524119412044976,-0.4636937779227342,2.154701718540432,1.0225568640579168,1.2162921133394722,-3.2624836448321606,-3.600764936964945,-0.5174019739552574,0.7805322311507048,1.0608262083601598,1.752746223666426,0.6705884858530191,-0.4888998938019782,-0.4348551318601498,-0.4944984816053464,-1.407870883322109,-1.1224221308824534,-2.421214297225676,-0.0484517487830474,0.0938050090052579,0.5269291733959793,1.6276662702399929,1.7275028422245131,1.582156081122109,1.265786848297981,-0.3165548610578777,-1.923849129399604,0.5000818824987573,-1.0446550587683745,-0.447456594374425,0.7302421360656053,-0.3524152935924912,0.7490010281587732,3.0847151769728205,-0.9207947119253344
TCGA-AR-A24P,-0.3123504087113525,0.5743290698203932,-0.146474456165737,0.4104000895744177,0.834083244563872,-0.4946525609788774,-0.0263807186940406,-0.8860833379787655,0.2499550614917975,0.7956766088545562,1.046062557128589,0.606525813414074,-1.190964866255439,0.4486978942549655,-0.0615601356655159,0.4959322409906649,-0.1458260330459024,-0.1641077427209699,-0.2444820252463016,0.2140845317193357,-0.1415941131966584,-0.1907444430214677,-0.5946564943919435,0.3723182285199625,0.991324372981231,-0.2736267971216419,-0.3216675281124861,-0.5530698239274947,0.3164678193172682,-1.3813477303263353,-0.2529329785352734,-0.0027285595699651,-0.816308117254885,0.5474327911378437,0.1520107057420159,-0.6136362584595626,0.9580003997977424,-0.4420157053531712,0.2874375923970781,-0.8845792455084924
TCGA-S3-AA0Z,0.7224738606272352,-1.5528337152372056,-1.2267375193070518,-0.6475833715595958,-0.8713654826330552,-1.072702859209463,0.3257906651785545,0.3490087325637052,1.8224348413438936,-1.0451662137619178,-1.7960984333328585,-1.564620362147793,-2.26886077412099,1.992260313095052,-0.5030876839756152,-0.3238909384894589,0.126921868055974,-0.4686667773168373,0.0754957640486363,0.2249154008667806,0.1423149972838475,0.3107815155163742,-0.3502178738720375,-0.5261174677039999,2.1424468440568267,-0.3217423135449974,0.1370489908749176,0.2964950824173333,0.1038723289447321,-1.602843767155424,-0.3025053490330623,1.5381776000181058,1.211531870343908,-0.4190306554511167,0.1917166939432629,-1.3550548621477214,-1.175378747887353,1.218750193939047,1.192035753495971,-1.8332479434094515
TCGA-LL-A50Y,-0.1085867342992827,-1.6165224502479152,-1.115645150437643,-0.8354710285759248,-0.5537087532826854,-1.2678006820573646,-0.5509198116775809,1.8306942571122624,-0.630383968790771,-0.9110987093125386,0.33598491359797,0.7818817412908757,0.4719541187622837,-0.9433977029289377,0.196608837531956,-1.4850601578006692,-1.2839067698564886,-1.1141589396431375,-0.6344910565343974,-0.8400597224556952,-0.3865007343238943,-0.6949941916772453,0.7767808781090818,-1.048657743479631,-2.20461824812472,-1.1909145301035529,-0.0152090603213099,0.346964624165792,-0.3765031843825118,1.863734823108117,0.2813893852227937,-0.8239649984593975,0.3444873355634264,-1.8271738093998535,-1.1632420100045415,-0.1161399619613275,-2.0298924119075687,-0.004585688079972,-1.026141507376941,0.4889492418179157
TCGA-OL-A5D8,-0.6517475717495872,-2.0870977846923267,-0.86839142234459,-0.7394408653292429,-1.2881054173111028,-0.3388811841644716,-0.97879594465349,0.5342112367956819,-0.3362375524350378,-0.7325967424354004,1.0462192098664072,1.1045702848694838,-0.714962717445544,-0.4296674343921756,-0.976095074805008,0.0419279760238214,-1.11434709432158,-0.9305025589382552,-0.695632358466462,-1.0516962459580812,0.3974886988794535,-0.1740300404343956,0.126459600113937,-1.386522667513966,-0.7386671434220184,-0.9864114025288128,-0.534504538769812,-0.2712571791039644,-1.585900412417629,0.1703079244445544,-1.072662427315655,-1.7417636217456505,-1.2971812474310933,-0.4874831681953409,-0.5215148756532942,-0.6422010765324749,-1.3693753632450791,0.21470811832568,-0.0816424523987876,-0.7302741900424832
TCGA-A8-A08S,-0.6055286792007046,0.9722695224820234,0.0590586680918279,-1.3913852076270752,-0.131640028695386,-0.796655557313076,-0.0425327592540025,0.4562410273438366,0.2926017003348884,-0.4577509032277803,0.2052539127880887,0.1414700066895824,0.5245303494377941,0.4983748892547057,-0.5453005738112409,-0.7010137371629408,-0.8120464948062922,-0.6426542703123479,-0.3022671636338056,-0.304363224305102,1.4699358212717164,0.7491110056169478,0.1682511040863673,-0.8478555915112704,-0.0212190095151622,0.3817971139178649,0.1646586319474488,-0.0473748447018931,-1.1355057500849404,0.0042866140063046,-0.4963080175864677,-0.0753626468368674,0.3274442738801237,-0.6059584416898456,-0.8507456884743799,-0.3852677247852998,-0.337859192810858,-0.6819832630262261,-0.71543433648207,0.0447680988058731
TCGA-A8-A09K,-0.1407216674087229,-0.8231373225382873,-3.4920338878277586,-1.7852664181539963,-1.3030801188150194,-1.2091842221824305,-1.1647443888287663,0.3153846737055695,0.0945842619067184,-2.880923475120291,-0.1440929453865059,-0.4117834782826507,-1.3495630529492797,0.0659255724907729,-2.000168317558374,-2.066307502958947,-2.4902529969791987,-1.887392376586764,-0.7884285284119197,-1.3629925041936015,-0.768477611434827,-0.59612900265201,-0.2888147794523102,-1.6236238084136183,0.3437581838446751,-0.8344031730099127,-0.2568904930953203,0.1875438339347586,-3.577852240547547,-0.4190849114730529,-1.968187908695663,0.0004849391277104,-2.2869543370816507,-1.1013572838873087,-1.6136580678343773,-1.0973345072191982,-1.1637269617743105,-1.5183345519785931,-1.058675791677485,-1.8512192409694763
TCGA-BH-A0DI,0.5670398965288541,0.496536530903192,1.3219282238327277,1.6194868758041336,1.0573826602099574,-0.1213262449536536,0.7359326844649909,-0.3357870529490686,-0.9837458305195436,1.7182830216701117,-0.3175734995527093,-0.4638926674125555,-0.1594365345402047,-0.8349026998213126,0.0421153943135399,1.268662263966834,1.1031849480618685,0.6973868336829323,0.5451979347169704,0.7339909004531318,-0.1374402499199423,0.1899612221080133,0.4385645161538775,1.2351647070578615,-0.3610252012231131,-0.2988895876368423,-0.7909725687115028,-0.7496006506386652,0.8115363726484844,-0.4607819778649248,1.4163704117264984,0.0492503231469205,0.1946209777409184,1.3635062403758966,0.8011651611973939,0.0550597625999165,1.0213074260042727,0.427604297427324,0.5556682646687565,1.0315291900411403
TCGA-A2-A0T6,0.8836122734996491,0.8839820762430914,0.5843163737712037,0.446136430071896,0.9297618638186216,-0.5267441087296697,0.8716440224158893,-1.6090779765028134,-1.3075775347332237,1.5034590673376145,-0.3026780450901511,-1.099364091917704,0.0850388445841773,-1.2210441349112509,-1.1583020949765823,0.4171632663927589,0.701934202708739,1.0359496929963898,0.9960381611405592,1.240325467259257,-0.2131444807430402,0.2851581184534461,-0.6949299194869373,1.2714400015374745,-0.334595498802723,-0.9781882621675548,-1.43863016291181,-1.1730819167345612,0.0340690004111202,-1.0083824735322335,0.0136038951028282,0.4298023732008257,-0.4578450770823007,1.5320462227790537,1.5246623187246875,-0.8941946132199765,1.281103415778886,-0.9071746652373656,-0.6362114253873561,0.2527218727593636
TCGA-A2-A25B,0.0583696322279167,0.9133969301796048,-0.611905000047409,-0.9107035751811512,-0.2423118531434053,0.0488303036763338,0.063915002808893,0.6750376331942513,1.4798396489443868,0.2864493171554191,0.1186064737239166,0.1594684163518619,-1.2658069538123735,1.5701607402149789,0.0451123672554302,-0.3775864249062907,-0.8802824704732876,-0.3096838169738066,-0.093225498111199,0.3925792205798563,-0.0545546752448193,0.142855363779878,-1.879924215977988,-0.2617376515331343,1.6094479846406902,1.0798638441642052,1.1148159752388207,0.3585152107496434,-0.8012408362260355,-0.4630333975106627,-0.5714996118621921,1.679239940459129,-0.833114800634272,0.013383748426664,-0.2327422831345304,0.6716532009904388,-0.0530329184175875,-1.0651726390487244,-0.6085307954466277,-1.4334394791396263
TCGA-A2-A0SV,0.3143191684710416,-0.307858334736958,0.0382241807707814,-0.0948760913836342,0.7147693917120028,2.0754486573033435,0.8252322129527173,1.4399937829925586,1.16980298875784,0.5730843512039187,-0.1293989881354222,-0.0676027826545385,0.4972311298926563,0.8220336709858962,1.607306608661544,-0.2003263160823947,0.7104040411147508,0.249670096300734,0.6840655336383951,0.9810729015139192,1.474975443353017,1.196383408674222,-1.1147886309645008,-0.0683950649909132,0.2717947458169023,1.722240856777604,1.2141486981158751,1.3583776964367784,0.1190490619645027,1.1322808553486232,0.3753663305230014,0.0834195299304519,1.601632955164226,-0.350183330966606,1.2343730402791084,1.815581574149555,-0.5692342671185092,2.4827889343876404,-0.7713489420060866,0.9516675262613348
TCGA-BH-A18G,-0.2060337673892399,-0.2831144626147675,-0.1532363650624195,-0.5306072421697319,0.1606174142772616,1.1545252563124455,0.0677471258932116,1.0350511663013011,0.4198359658178949,0.0548530868090974,-1.3973786016208911,-1.1919476530087632,-0.5458894479606013,0.5671386788075193,1.8554587353005496,0.3003412876547954,0.7867873400800942,0.2909875476555382,-0.2410529569225621,-0.1651834788805615,0.0181548022573219,-0.0569948699859047,-1.9580395087591496,0.0564555838947409,-0.5895185642070674,0.6746628753482236,1.152332449899452,1.1186229630052609,1.1754024758027322,1.2149408942403406,0.983791739546948,0.772228684870442,0.4770535250321786,-0.8174141350949208,0.1809206666465892,0.4892325688010531,-0.5955567906445598,-0.4146343596441302,0.9692371747309732,-0.1831193008556076
TCGA-AN-A0XR,-1.1698001570882608,-1.4393007674835958,-0.919926494778492,-0.9272708371225424,-0.3615124531076311,-1.2801492304525852,-0.8273623536201534,1.0167662394473158,0.7773183541878331,-0.3509611875710463,0.5870389791721475,0.6311200342751069,-0.7580497961320359,0.6890057138257286,0.4186040062396639,-0.2997753275369225,-1.125604847716031,-1.5453855078983298,-1.1858408248262962,-1.071062335656348,1.6149554017612884,0.5923440564616729,-0.0914297425112611,-1.5002061727852378,0.0872407715787195,-0.5052394130971343,0.0068092385251363,-0.1353416918792532,-0.0148004673796822,-0.0364652085066088,0.2734735393554403,0.0643625758840849,-0.3554897528721991,-0.065350827416214,-0.9451797974646398,-0.0710828677349967,-0.947333913086993,-0.3433453064287876,-0.3454241086459409,-0.7770719218303669
TCGA-A8-A0AB,-1.7701833936021445,-0.8767857378976874,-0.8924423796301887,-0.4971457477876293,-1.6874837340052924,-1.3611777215234482,-1.7813094829137477,-0.3296707235570378,0.4236975189478074,-0.63952274789595,0.5748690726480635,0.2276446676708009,-1.444751333287897,0.499016412963282,-0.3892869555013241,-1.5212249480291935,-1.6284825308558848,-1.3794566673146968,-1.7411693231502885,-1.5592181473438562,-2.7171035585179184,-2.529514431657476,-1.4241052137043395,-1.3925767036308845,0.9302482266201472,-0.7103766315734605,0.0411501321402551,0.443057182942573,0.2854443119472783,-1.055519802697296,-1.5191161448778905,-0.390422171654856,-1.4269380805975287,-0.2569282889877323,-1.530139808848492,-0.1058304536335459,0.1088047344102989,-2.5742374846238856,-0.1009915446543577,-1.299176079007296
TCGA-AO-A1KO,-0.6714350856739196,1.8513897575985108,0.4101552169798328,0.4887979523438138,-0.6233381030731621,0.0880971586102506,-0.2865738811672295,-1.8199834088069384,-1.4004784822412577,-0.2007011725406117,0.1628928386571716,-0.3828266623435464,0.8650952187592778,-1.1723107422584014,-1.0086541100188973,1.2793638520855686,0.7953938690722426,0.3128563411416917,-0.4113461160030809,-0.0884046228809486,-1.287248903015653,-1.0323367223398814,1.2928901822588783,0.8646213425835827,-0.6883547356626584,-1.354463118451927,-1.077636511975354,-0.9494024715112828,0.5603785353866975,-1.5058363092937672,-0.0494329490109058,-0.562868260792747,-2.192397769269502,-0.5342210492794637,0.2056631632867833,-1.1553017514494337,1.520471088306368,-2.044492430742716,0.4694441779258862,0.4894477236938642
TCGA-A2-A0CU,-1.2221055660433031,0.1309081898136299,0.3666231993383704,0.1352100771662945,0.2312581037967813,1.2332263928410667,-1.059604661539093,-0.3930817057020329,0.150031543539738,-0.1190135678838413,1.699783743103571,1.396804181480801,0.6794702494784594,0.0024749606850159,-0.2213901537666006,0.2215356998562863,-0.1649261004133684,-0.5279887800639889,-0.7033595690115074,-0.4697092635652155,-1.8975756895610176,-1.4860388258629524,0.4532307180733114,-0.5119037275398347,0.4833952880647139,-0.0169073348238284,-0.3990435316215736,-0.291771497219781,-0.5334728265819456,-0.41541663016814,-0.0236251324434319,0.6581943461664265,-0.3112342721720602,0.9286479083579128,-0.2891234936456059,-0.4194650750671693,0.3530226475098604,0.6087263965493332,0.0661207959425092,0.6042638475694023
TCGA-A2-A1FZ,-0.1459102526210614,0.4242091733399206,1.0098550409227314,0.6119802515494607,0.5122324767484281,-0.1733249918172366,0.3834577385081479,-0.9601551301496868,-0.7314748906305499,0.7707069255078957,0.936221497152134,0.8244066495614972,0.591941345910818,-0.7093603239311399,0.105817789505376,0.6307290428458301,0.7187156047233991,0.2048703409478035,0.2223828605575788,0.2040876308659595,-0.8952544746384715,-0.6170786719548195,-0.0922155474876896,0.6535998439692038,0.4450293220609324,-0.6910701965555937,-1.3742087074678024,-1.3402837323596524,-0.0010662636245825,-0.6399085401567662,0.3266630447192242,-0.3991297592340719,0.4755821986254395,1.1641142016730774,0.3384391851015469,-1.2358484924000643,0.6735921703965935,-0.7409889208832195,-0.2396458912928256,0.7730678406559207
TCGA-BH-A1FC,1.5224207976566462,-1.419130824079779,-0.9648255366894086,-0.9035032592281153,-0.7114770772312494,-0.0081152819047634,0.1490034192190494,0.8641491772235393,2.1987740184108158,-1.4095890943885705,-1.9446033655851744,-1.7246056974406092,-1.171350642158823,2.348319373271876,-0.3350181321373749,1.372085105971747,-0.7319146282302258,0.7486108806701595,1.048225543112001,0.8433267267161129,0.6689306802956378,1.0667980506192165,-1.317174687998358,-0.7698939414135901,2.0504300205041264,1.2805544650951166,2.202287308829816,2.3025300568069507,-0.2799262341981083,0.0676082094149397,-1.1547490640624152,0.7619928434233353,0.1903370481144339,-0.6382408084485612,-0.0401744659551309,1.702395530800173,-0.7761834051730144,0.6489956533847228,0.4777949779018308,-1.7070241391603187
TCGA-E2-A14W,-1.6655719458672558,0.1409629029029463,-1.0314265731777523,-1.7763441116795364,-0.9072000766518988,0.5723220744538277,-1.8599447796586277,0.746614535774621,0.5154035915349928,-0.801156797226595,0.3138927855393287,0.5791673028109287,-1.028415636983012,0.4823378021448858,1.551526720435773,-2.8378678139743663,-0.4096652882010048,-1.044805424828139,-1.9118179819487835,-1.489815148038129,-1.5597833739070672,-1.5423805385099971,-1.039441676541985,-2.004739149213423,-0.6405375077455389,1.157332102704864,0.9808444656522844,0.7513702107017781,-1.4996916533779352,0.8292043496450223,-0.4040305810832017,-0.3606946164021305,0.0001713198079342,-1.2121753540597595,-1.403912046024358,1.8406689639059384,-0.9107619866160748,-0.190987778276834,-2.0702107132591547,-0.5867793496466781
TCGA-LL-A441,1.7312888875110637,-0.6262596357882569,0.0135531579361389,0.7602942973967104,0.6196827165240604,-0.6358150412208372,0.6634377884134142,-0.165562337574728,0.201386745575292,0.0786089307723647,-1.6201947032976207,-1.709338659554641,-1.375200899490742,0.3788662321413416,-1.3775086447784872,0.010962758243208,-0.5482314117574322,1.5158552385268846,1.5319327881288014,0.6643998436865902,0.933320295065034,1.106591452962531,1.024314428086368,0.7890057957468063,0.3126583429673688,-0.5266049779418036,0.1776474678148296,0.5657325565385044,1.1120057293997496,-1.2735262044767872,-0.303033458106424,0.5325246883550001,0.1918714891572571,0.6084840285398437,0.4868766358263012,0.1470874417598237,-0.4214973242705092,0.0314636547930763,2.243233568218866,-0.4702930752637774
TCGA-PL-A8LX,-0.8716569269085025,-0.7126889689715614,-0.0588251300134249,-0.9696989984020628,-1.45019073662552,-0.7830524265028516,-1.1294000914341595,0.990767601799024,-0.995210139417221,-1.7461404144088204,-1.0110287163665117,-1.3403701765024194,-0.9112726971336697,-1.2593143735977304,-0.8211922201018659,-0.9960571684665942,-1.6297911088266164,-1.3322093184765282,-1.2117994061420942,-1.481403940712504,0.1597111497131909,-0.5917839534741651,-1.360489970109891,-1.55646426106495,-1.619408480781235,-0.5745178500368874,-0.1190254233884308,0.4697259721707247,-1.280713837142287,0.8683033587612117,-0.75825792824642,-1.8637580089997556,-0.0348264283098633,-1.4210392601767874,-1.6864614042331436,0.1507536680033278,-1.3618461052388222,-0.2307893627161036,-0.0262251465816994,-0.6715967853709436
TCGA-XX-A89A,0.7367332832561775,0.9402715741272648,1.7782439511174597,0.5823919220889797,1.019237572544225,-0.6812712951973549,1.3194180887616294,-0.6979771943201716,-0.6747111549178388,1.4232772601503352,0.125199278524463,-0.0302301272049712,0.875852985909488,-0.5511927642124216,0.0531743759356821,0.9428004666995232,1.384159284277749,1.0617929556700358,1.3810567731017966,1.136214950345456,-0.0688257426948426,0.2724759676167543,-1.2272309036514912,1.4522516847021243,-0.1023746023750195,-0.73892430982751,-1.0366083666561612,-0.6968165062339803,0.915322482027762,-0.4865347441572881,0.6426760578561779,0.8192227364447856,0.8261107321554227,0.6330823773499324,0.9444001954638228,-1.1518305703162892,0.8457017976003798,-0.3350412620176271,0.6094411048512332,1.983516464608522
TCGA-BH-A8FZ,1.2614243076632958,2.1375946863513664,1.6523590504471315,1.225598859476076,1.740928047004061,1.5910077071636963,1.5276728590655544,-0.580107440195552,-0.7678736797471147,0.88240754163713,0.8256817954142268,1.1529753931020137,0.7245845611492583,-0.7251069872042191,-0.1320324682264314,0.1545398171127938,1.8540053255395743,1.8395269179266296,1.757291307707404,2.227043168598626,0.7861574605279835,1.2386803127490855,1.2988240083603906,1.6457269086862625,-0.6809324748002193,0.4626375260266577,-0.3492448802125396,0.9281807232670684,1.0671757332816545,0.012611241738633,2.059283810831299,1.055707337756696,0.7354287970074176,1.1024074969708977,3.0743498979302517,1.4617015717823043,0.5880060615146584,1.8834953209352152,0.3460724464405605,1.411582099214434
TCGA-E9-A5UO,-1.807110988175306,-0.6677361018846573,-2.023055799777381,-1.3972045464051497,-2.2426283334185566,-0.1110782042705945,-2.031344971325643,0.9490375216504546,0.2986038485637221,-2.7278781694926475,0.666130243262887,1.083344018384376,-0.9820775024973776,-0.0152805951674094,-0.8722707773453748,-1.0377233847246117,-2.1688680572354966,-2.5680306470129173,-1.510394116403874,-2.1882734102766506,-0.213212747119646,-1.1460369410023177,-1.8025507944349035,-2.6721179352807667,-0.308896075217541,-0.2782665488852544,-0.5568519125453413,-0.2968221634090134,-1.5036879271227213,0.3925415786657341,-1.0355111132092436,-0.9733206956304098,-1.9780665924105043,-2.1408947249585126,-2.078893122178718,0.324377005973344,-1.4666438364602956,-0.7582692908048383,-1.5659778427531372,-1.0461700498470026
TCGA-E2-A573,1.6651701199036724,-1.2965809417061165,-0.3276900561462126,-0.0289242195150207,0.7694779690802778,0.8082245107521734,0.8894531562760443,1.068667625007132,1.6754585097944494,-0.252829397839708,-1.6765069809934643,-1.0576375062618246,-1.2621916383928846,1.6086738404533043,0.9809138239284926,-0.8233932130785117,0.8225083773957351,1.3537693840653138,1.59914457272425,1.26724165820905,2.1119053118521025,2.024101224553447,1.4750607393495028,0.4600632493837407,0.9987810939493826,1.2377622406504527,1.6713834777228251,0.6888762283001886,0.0952060053996491,0.1854210054538453,0.5655159389236006,1.644971596943026,1.2572710383306915,-0.5547142749508069,1.212276695674402,0.549215826430129,-1.252205174678903,1.5545918368687783,1.6364932284205542,-0.923478274942147
TCGA-D8-A146,-0.0855937269503999,1.2145577818212503,1.2721635899169286,0.6380811722609505,0.1977168820769765,0.2922271911122009,0.3459696513110711,-1.1831428648875992,-0.9848554363171754,1.1967421347216234,0.9598672375282692,0.9284398918173205,0.3411834255146853,-0.8042832109129947,0.1555894636636995,0.4981673521940529,0.5384774007756494,0.0227869844943723,-0.1265812791028216,0.068043408196921,-0.8913090821675669,-0.6354391300301077,0.0403049809790362,0.865895955420508,-0.0855593119652703,-0.7244284539161459,-1.4588468179781942,-1.4304571149894838,0.9677293231485996,-1.4190669424316067,0.2998563061706453,-0.0013092147812273,-0.2091567544176351,1.2130003835231988,0.3766589748843344,-0.7478339658577483,0.9690157318554408,-0.6745870486701232,-0.42405174052589,0.2873823566448348
TCGA-AO-A124,-0.3594740660960374,-0.7739949280258064,-1.9106790592534733,-0.7694418362286151,-1.563792047888035,-0.0691297751416312,-0.5854683501837223,0.7228234457958762,1.5872465144805032,-0.873334546057004,-1.5747042264949975,-1.1695713334129965,-1.3086019726437226,1.5908070464884796,1.0653117551059996,0.3037510390355936,-0.1564124530638282,-0.5560507409384988,-0.1621704786239924,-0.0852718639882471,0.4942762998015469,0.2069060439626492,3.162737810005241,-0.8579843515320196,1.7761061602723516,1.0998909469414695,1.7761076654140489,1.5611488974772043,-0.5689938929523363,0.1547990880581839,-1.007191424056286,0.5322434572073427,0.1211306042878299,-0.6927219070658114,-0.2890744062973884,1.016678320654048,-0.8618715146359144,0.721227751079846,0.5284694880148274,-1.6404822577857134
TCGA-AR-A24Z,-0.7673300945936279,0.2059358743987818,-1.1987775191496977,-1.5890982925642012,-0.8043721717752814,-1.920410747722954,-0.1435678737368053,-0.0822988819449655,0.8414750351623383,-0.948490335218872,0.4255537831925965,0.5093681540286277,-0.2001829679849238,0.8752450350461524,0.7377540935500575,-0.4407852870314323,-1.1756880963766363,-0.5007894670794444,-0.5297395148556209,-0.2187228037212051,1.1813070916355657,0.3688321904353657,-0.9023523386772764,-0.7324891964272515,1.037583648156435,0.3174882078445598,-0.090757709244514,-0.0584112512530643,-0.9165118202259238,-0.9606993905573626,-2.5307571057387106,0.3706308587959214,-1.150984430101051,-0.1489812178545068,-0.9624019439860134,0.6825888133089687,-0.4222370375431584,-1.0366638442525469,-2.102965776875194,-0.4685602508094855
TCGA-A8-A075,0.5983426115511605,0.682020707880016,-0.0626329729060167,-0.1816443953540734,0.0431789184587466,0.1618979707863297,0.5562903088717871,0.3574786350051396,0.7025182687228615,0.442087925936914,-0.0943840396477239,0.11382520892102,-0.2141503223684704,1.0256334755371015,1.0424066993007188,-0.413519252122339,-0.2436151178427341,0.0256852794891999,0.5070438476155222,0.4860222927027057,0.0115866419808468,0.2683974889972692,-0.3312946966087687,-0.2199400052765653,1.222248168618226,1.153507241108986,0.4734523808873836,0.3142413186343163,-0.1491083815316217,-0.0465018361720571,-0.6716306344310787,0.7139263427699152,-0.2991306004676053,0.4580748363753509,-0.6427889790540864,1.0827956961576923,-0.3730101418480882,0.1686670070790168,-1.3106249823370368,-0.2396397298598909
TCGA-A8-A08A,-0.1048894884305907,-0.1175485436588578,0.2449992636606917,-0.455255650519842,-0.8032697840512136,-0.0719540290050876,-0.4851174756111902,-0.0047165674584697,-0.6321933112764666,0.1155871564717159,0.6581405518746568,0.6608121645828322,0.5326749458541208,-0.7060069385674682,0.2220236000426467,-0.759897956797693,-0.992487661477312,-0.7949944350705599,-0.2933275795875386,-0.3575392102469037,-0.5941628310528765,-0.7304604027607997,-0.601553821260832,-0.7633953157540148,-0.6687645524680278,-0.1891327848316132,-0.3191711751916775,0.3699704399977596,0.1195130863409743,0.700244767770622,-0.578180086203056,-1.0799973802823526,0.5820150339456442,-0.5452718367285629,-0.9329685972148408,-0.8010057418552073,-0.8502363641059536,-0.41951268904903,-0.7744503276058424,0.1968854855715237
TCGA-AQ-A0Y5,-0.5841358003938294,1.0711049221261149,0.9120196926494526,0.5042648120626239,-0.2039706013881744,0.737158251877279,0.0487837383854475,-0.911158590880122,-0.7174704080015982,1.0026021517788517,-0.207322032306839,-0.4462288520130213,0.0946578687318657,-0.6143931605404725,1.5285174198038116,1.7307953173037838,1.9005023535760253,0.2139539073400546,-0.4258246131700636,0.2301744894040533,-0.9951933323684647,-0.741686467468839,-0.6935423595037181,0.4982634837943531,-0.5511869783128946,1.0471317422895543,-0.285942330202445,-0.7016009496420004,0.0430797309493993,0.190712411196304,0.2512430866203949,-0.0943770146267085,0.2873735006539581,0.3900721735826155,-0.1280675921941732,0.5378159214362863,0.7354002631748309,-0.0298052748677182,-1.069003345737088,0.1229339989988474
TCGA-B6-A0I9,-0.3396954768893652,0.655590561172386,-0.4037790223828107,-0.9457552311711988,-0.6124143510800207,0.6966535932546751,-0.3012854784511408,0.645249696718802,0.6325525903352637,-0.9655512696362208,-0.7194399653484704,-0.9237039743497872,-0.2769306843959235,0.7583427409210615,-0.0902371784376434,-1.4232462379589106,-0.8713432743339827,-0.9645498961592016,-0.4867907561903019,-0.6926734807593198,-0.2579577380983376,-0.2999128821759824,-1.09701939354226,-0.8782524620093415,0.8945774927366102,0.6920579205810055,0.1450754636065474,-0.0715390665873269,-0.90416462752906,0.0456702896084377,-0.4811490219903833,0.5256752208718103,0.090289814385332,-0.1955057174169577,-1.018242986617173,0.2723329984648337,-0.8800145446062766,-0.6788978232270899,-1.812850338774608,-0.6755844238578618
TCGA-BH-A28O,-0.2955429513319428,0.6102302322659297,1.104844589886401,1.8273829125215375,0.2968005518480218,-0.4765269864134474,-0.5173837972100016,-1.2077060970811022,-1.683714164214631,1.2112405088824127,0.3812243779554083,-0.3478769055746111,0.3783105968610333,-1.5899629114577531,-0.946398693659956,1.0900184175072205,1.4435259066130692,0.2259500401668419,-0.0661896605627099,-0.2216462107303541,-0.8022644197646049,-0.6046241209235129,2.1818682925204875,0.990586113709654,-0.7232922631869008,-2.175826547608245,-1.5769996998067652,-0.6751851473973312,1.8618914266055548,-1.2253791376518286,1.2626770466525643,-1.0634808035818402,-0.3458743740690399,1.266027179450392,1.07860110638529,-1.3018453986374752,1.4170456959367006,-0.321739106238642,2.4511477911572443,0.6564294459764494
TCGA-AR-A0TX,1.2774549356286091,0.5904823042042696,-0.0523923156295262,0.2477192392241418,0.3226451009778411,0.5565740851912608,0.9922727643545496,-0.8654306842206629,0.0783074364830296,0.1385829412321594,-0.3908814797306659,-0.5470473254942732,0.4761999719834842,0.3576017164732271,0.3404324600738199,0.5610462114197255,-0.1840587819074931,0.9200010944102852,1.2151807953876792,0.6894818759915187,0.2953486649220436,0.9083333876040718,-0.1858914840746426,0.6868550442278056,0.7059388407231585,0.7558440141665008,-0.543902114373568,-0.944708106562904,1.026027691702204,-0.7296934296647148,-0.2933039624669988,2.047446872183849,1.4135502507605977,0.1905700749691513,-0.0549382463521473,-0.4297972513935352,0.0933630136534143,0.1356132519505076,0.123697767438728,1.082743960573191
TCGA-D8-A3Z6,-1.000764219467566,-0.2822132987906685,0.8073888770543388,0.1071127056184583,-0.3605701006824168,-0.1173799255767811,-0.4120344312933464,-0.0690447594442032,-1.0234073329919362,0.4972311999109597,0.8032189141345423,0.8669045845763999,0.605087956706697,-1.0841561870710912,0.3726270364387575,0.6570466865444785,-0.0473313921916688,-0.831242488234469,-0.5345882362613575,-0.8048633640510775,0.0280312027262959,-0.4155779057460883,1.185084690701579,-0.3441870640841188,-1.0871222701498646,-0.6336762811123552,-1.125323339064803,-0.0234629740007357,1.2430483060128197,0.2284390157474003,0.8616693328552856,-0.7029624705529698,0.040413129980596,-1.1408899132853525,-0.4769462137814175,-0.8374655990095758,-0.385409777229844,-0.0724851132567348,1.2002393316049045,0.4748772335034998
TCGA-A8-A093,-1.4072303106806594,-0.9419525773460858,-0.5194063518271526,-0.5231888934158769,-1.006662455671822,-0.7436761619632524,-1.2520007624436769,-0.0673324135729873,-0.3469451479648888,0.1225847462333557,0.6476408875363213,0.2775039785923232,-0.435630551811224,-0.3001762490204502,-0.1981547121959153,-0.8294743201824092,-1.143505826889239,-1.1761606545227246,-1.4707941546391277,-1.482273284922215,-1.1490313157868943,-1.3590198543536554,-0.6755044421391173,-1.0826126693638438,0.0143276780941276,-1.0686982320284848,-0.4584826432289327,-0.1587614485041052,-0.0256958057181932,-0.0645368157750247,-1.7363131868936288,-1.0973442038379722,-1.2107963584393084,-0.0496537965454213,-1.603453920692182,-1.275647036640161,0.3333314239806246,-1.8581068082482008,-0.7046773662450213,-0.3150894138682769
TCGA-A8-A07C,0.4098194812986561,-0.5373939516109458,-0.7683156154062893,-1.3024928079744291,-2.251290431302001,-1.2838787006064507,-0.528652571800771,0.0027885753113069,1.9199984504390275,-0.9225714986826168,-2.474566737928397,-2.883629883797192,-1.9951211183742423,2.053359975376087,-1.2158081390232829,-0.5307407657810019,-1.538780918248279,-0.2060323870033873,-0.2701291884181897,-0.2579372197134625,-1.2180949521607205,-0.7117054051776044,-0.696919683983646,-0.2130119871498841,2.110250239742878,0.8573498477478826,1.332801920650784,0.969872858242222,-0.5627629716772908,-1.235821537087649,-2.1066127451616747,-0.3431554214779174,-1.9678552502587616,-0.4748215827187543,-0.7546780435336448,0.8018609727497621,-0.5445619607715432,-1.2906872161412812,0.339142176575227,-2.5393376662855704
TCGA-A8-A099,-0.6113653538816192,0.3106534028858382,-0.6042433250258501,-1.288655268624178,-0.943173206635744,-0.9676804867865606,-0.4943597374420099,-0.6408325852853787,-0.7934819373815845,-0.6737177636137814,-0.0658987644221458,-0.2318482883922844,0.1206432612430483,-0.8364250663091011,-0.0285189640019647,-1.0610447170953985,-0.9835935089176232,-0.7642475376992877,-0.7934418073376346,-0.9735819007536504,-0.3545463109314005,-0.5503122156510053,-0.2667455394539568,-0.7064242047430708,-0.3555604335937719,-0.2885465819722918,-0.9796323283698596,-0.655082234105158,-1.0075665805880496,0.4111039486862871,-1.524106366294917,-0.6970465294253189,0.1128543706718556,-0.4835141655213593,-1.2678846724124573,-0.4838753586245913,-0.2887881152008674,-1.558938538316493,-1.5437648455231363,-0.6352827563769993
TCGA-BH-A201,-0.330551888518882,1.6313278864367429,1.6170467320315003,1.2203667447358466,1.077156530027778,1.483856252470355,0.3064273705881933,-0.4910724120482909,-0.1486759842063278,1.335267167483693,1.395516682929939,1.288949691311801,-0.2908217574365307,0.0347251928185682,0.0356255467376762,-0.0448333886387091,0.8871008748757028,0.448394013281907,0.203205776898874,0.5332124555265431,-0.1805414073928528,-0.1732850793306989,0.5702266206175884,0.7030588135705855,0.3363648567670318,0.4165765473642975,0.1357071937457395,0.2846172315068787,0.4324639611374973,-1.066832377750893,1.1656198551038763,0.5047028608292498,-0.0671488035085693,1.7102796045923592,1.0743800646683737,0.9873326742707657,1.2170281886677572,0.2722434760584777,-0.2417133944879694,0.2571805483105726
TCGA-AO-A0J3,-1.5316863004873134,-0.2802548795254044,-2.225595790102721,-2.1475445648999294,-2.102962901563804,-0.9251058809329132,-2.27627623709476,1.3476370660942638,0.5540321513987702,-2.7908518604452963,-0.2645452905047481,-0.4790332507348342,-0.4638219009215666,0.446166696943261,-0.7533890819517992,-0.4778863147362371,-2.1470696545205983,-1.995009329699504,-1.8207918492274944,-2.352546811214107,-0.2073358883306411,-0.9543215143090064,-1.2964052647214142,-2.0845147755982385,-0.3368460689952215,-0.697925997794853,0.494527437661696,-0.028302630320141,-2.83790867083398,1.412757163563387,-2.1546585125454394,-1.992072397460932,-2.1776038256979486,-1.47090195494436,-2.138329676577784,1.08711908221442,-1.2053388982055235,-1.3254023253569278,-0.4300080718157668,-1.73094757996404
TCGA-AR-A24H,-0.1292878039491344,-0.2272994933382188,-1.9434148426256588,-1.8010162391745697,-1.307076195779842,-1.4875995867846474,-0.5707513508744891,0.6357636595873727,1.6731943276337546,-1.6401048122774866,-0.6366569271205649,-0.193711381827098,-0.6961105625194763,1.5262435841857818,-0.8719649175879971,-1.1833451784395783,-1.7659072270923482,-0.4019861312529842,-0.2269451982561775,-0.5171162120898886,0.9764064517019,0.4152405082147984,-0.6007044965847728,-0.9128878472494808,1.2424951561497664,0.1391028193446686,1.13832618603485,0.661768301054625,-3.326037580346338,-0.8301708225013663,-1.6376914128212596,0.4117676128470254,-1.3766423710006497,-1.0097718916101937,-0.5591545132366319,0.6701082308666549,-0.6363319340408812,0.1289575280723002,-1.3589567554212088,-1.3150409242020764
TCGA-BH-A0WA,0.1572459310056291,-0.3222084945991222,0.4199825988147482,0.8276965731511801,-0.6814991307756796,0.5082263063619525,-0.0518068069536903,-0.1602003440596062,1.27178939422642,0.8090583833677901,-1.35193849391043,-0.8970699050679191,-1.5122437419398325,1.319634927690892,1.3645750789593296,1.2168199010431349,1.4576641836598978,-0.1730968162750567,0.1800170205287669,0.3207072664270175,0.4134655036723057,0.3819708128773716,2.19037625064041,-0.037768424077388,1.7542260256628284,1.3318021814360257,0.999593004029848,0.5485694379341174,0.4806498236338105,-0.9508505678455998,-0.5393334620107408,0.5985203633513136,-0.5868179807664723,1.3386811826052845,0.1178758649633103,1.2292341738223034,0.5750157919846753,0.8318405262215458,0.9053291289504932,-1.8105539660241268
TCGA-AC-A3W6,0.7609936150907698,-0.4190150327752625,0.7147609840544742,0.3777519206689843,0.7490675987024469,-0.7783000645955754,0.5421274016368929,0.055141478420241,-0.6204155585181154,1.1184830505595185,-0.0177684419005045,-0.3431663108178389,-0.5836172173572861,-0.5440650368179715,-0.172578018303935,0.7621151382522933,0.5933591778080272,0.754341624971318,0.7276763043319315,0.5445501030049069,0.4578185416643339,0.6454392597397627,0.0266819064212362,0.7513235414876405,-0.3500972470843471,-1.1023343996152737,-0.7766030435615138,-0.3881661797537586,1.2419608315782484,-0.5913196220983448,0.8145926051411068,0.2828965904083671,0.8878365324017956,0.8799439798510943,0.4224903892106139,-0.6101595038427945,0.4536121411349377,0.4159625268816972,1.15256553711929,0.170362006554568
TCGA-AO-A0J2,0.4338676034400186,0.286730048794988,-1.1357854811104715,-1.0233105114984686,0.4167175952274893,2.6844744107773555,0.3654755483672338,1.48466489992059,1.5396788452262846,-0.6469738039105545,-1.1335279766508493,-0.5343575335727371,0.7739711874593704,1.463483159283548,2.4525541595885985,-0.5641225758081047,0.1777509413776399,0.3336636410513402,0.445568911268403,0.3379314840750441,1.4526215538153031,1.3488355644669296,0.2913732807521831,-0.3141995628473658,0.1724241555742159,2.194166423391725,1.5534221779677724,1.4275695408986586,0.1341238181522307,1.5456241663983687,0.5139212938222992,1.148168557669622,1.2654133090772026,-1.215405729531801,0.7780977041655225,1.8526715073208284,-1.5045512757977193,1.7464233618448828,-0.8237678753464635,1.4165576265765771
TCGA-A8-A08P,1.2090843235753514,0.1226631574334417,0.35925904280776,-0.2239990810871373,0.6914201623192813,0.7647685873488458,1.1580660221190722,0.7816391310709853,0.6419521663022558,0.2585976613777106,-0.4359575334290323,-0.0391431566070705,0.0718474571715373,0.6738777292525329,0.0987280691547816,-1.2835294900812624,-0.4058832539509997,0.7944412125607976,1.0979773306811818,1.059936026224226,1.5004238028820334,1.5384280998563582,-1.5165318185967902,0.2826059674468265,0.5348334916336447,1.300669847461269,0.8611979935522646,0.648944919887839,-0.9422805567931948,0.5996724967359777,-0.3925785052696845,1.2029364216390532,0.4909566324298314,-0.2936335852686273,-0.0329668123949547,1.1509492354147275,-0.6437147079541969,0.2529319808524005,-1.2539657434033686,0.1618602215830192
TCGA-C8-A275,1.194207163346559,0.9968019687895424,-0.5666823910992823,-0.4033460689515704,0.5931270680377596,1.7738404442786948,1.5263778545316724,0.6346182507386768,1.554853968797247,-0.5171434552559088,-1.0179255806556633,-0.231814637595125,0.2528159064979752,1.5984793297886908,0.2157920533016068,-0.0330153151429756,-0.1541576126666581,0.6834000788997718,0.9558417150544348,0.8725352987139092,0.9406102120470886,1.1726927426097304,-0.0761033813056864,0.3764799095540431,1.5964701315123166,1.8655205581274248,1.0873984033672213,-0.0973962751210326,-0.350545169901156,0.6172000334016325,0.2198857808986615,3.330952756991657,1.3141166535159623,-0.1524165310060914,0.2186999449419184,0.1677231775255644,-0.5439928110792933,0.3536437594659581,-2.12931750520787,0.5241870462124375
TCGA-BH-A18P,-0.0919973044578459,0.3264244709672722,-0.3635608307444966,-0.2843551206412456,-0.8629440618595667,-2.643344405513361,-0.4377147659671505,-0.6175869773493052,0.4047991425819036,-0.0617800507344258,-1.156745171529144,-1.46559584133247,-0.9912248122674066,0.7986820143004072,-0.5650151205704083,-0.3490273628097193,-1.1964840036885382,-0.1981046616722412,-0.0363577445002945,-0.3747368789268055,-0.3336148352274428,-0.1988184174822129,-0.8221705130382568,-0.1405290532010037,1.2867188261307996,-0.6215303539668697,-0.0798125524199316,-0.7805681710091522,0.0175809814180168,-1.5070199542490097,-1.18895628782845,0.6834824255092414,-0.2396545071895514,0.378792599153518,-0.7838978848155036,-1.234863357923759,0.0547982462541468,-1.8746201161871632,-0.9002814024024456,-1.272219623304394
TCGA-B6-A0RQ,-1.1072961102687309,0.6455145598938861,0.5983741968202905,1.2865985839917615,-0.2662453745536387,-0.5206193528967473,-0.7896246891568235,-0.7137441442220503,-1.4707863083222843,-0.3916210356105111,1.1047849400248264,1.0841362527967366,0.3599091703798972,-1.4319125006130768,-0.8878930719029173,0.516994415483633,-0.0553671452759413,-0.440708182566567,-0.6853218357821284,-1.021478588782064,-0.8222223514158972,-1.051300917207678,1.70706505076962,-0.2518473800819837,-1.100630129528693,-1.1579558699570456,-0.6864876326379661,-0.4185426534479219,1.1512735159828462,-0.4533030790265707,1.0326657818030012,0.0140331527140598,-0.5034482055715209,0.1963989564507516,-0.4485613341151764,-0.5016950206181294,0.630314511127754,-1.4848507698327664,1.4699371285451022,0.60988677005114
TCGA-BH-A0BC,0.78216580541106,0.6683641763458511,0.8598754850135648,0.4871994538710995,0.6014911681787614,-0.2791954962060933,0.988709169658844,0.979715270766017,0.3320585286488672,0.5045232326660762,0.9828344537164824,0.8644071151960279,0.214852221217581,0.1917863646169865,0.4798953163494256,0.1895068919507367,0.3584177255262976,0.6531121191587347,0.8164686770590227,0.6386825602852363,0.9306352284934672,0.8324392929735597,0.8520202111206581,0.6738107187989256,0.1423520573504893,0.3017662882193281,0.6324436107551745,0.0368081876028993,0.4911083697832561,0.6148350441905539,0.5902562734054361,0.3793410550001092,1.3268801995343955,0.4958106682114198,-0.2509930475739123,-0.1891187251493091,0.3607578435315127,1.023251252835676,-0.1620823265010704,0.7199933873465557
TCGA-A7-A26E,-0.7587401516118487,0.4894997112758367,-0.2854343214266361,-0.526821495211527,-0.5094595132845522,-2.481489425548432,-0.4605446598857992,-1.5717297883271992,-0.4879659997333605,0.3187130138694827,0.4061317716153425,0.1396542368423427,-0.3013745868723154,-0.2909320996211957,-1.1787977297732644,0.3959870998050416,-0.8558010586674226,-0.4928528835158796,-0.8959850834532583,-0.4464520971760964,-0.754147755491937,-0.7784379915782123,-0.1518513370869998,0.0267409891695861,0.245556924554934,-0.9532154403604544,-0.9654403909325426,-1.4478211369618053,-0.024648678653758,-1.256738798052966,-0.7328175907395069,0.0441702857543634,0.0396412949037901,0.2258736661817849,-0.6195029939544905,-1.833061605836676,0.6975947527027796,-2.2659997380535137,-0.8698136472559708,0.2174586345232201
TCGA-BH-A2L8,1.361616511815052,0.0639579994547426,-0.6413498670162865,0.1049399124242342,1.3319506040198084,-1.04574136216263,0.7681558083398538,0.3893210302971505,-0.455852903012202,0.6764137942961341,0.1518935259823204,0.3958178669085878,0.6002388411948252,-0.4597617893704977,-0.4935393394279944,0.1234538871213537,0.0713308259291073,0.6871815402536642,1.068275117323253,0.4908602208849473,0.876670861772515,1.075742794605612,-0.4860162326080993,0.6498103313155107,-0.4859701243687749,0.1670275676597026,0.5563294413110417,0.5000328327584125,-0.3613150653487326,0.8689690508280996,0.5892856224916528,0.2386845016715636,1.650948300757008,0.2387034466814816,0.4185904963332282,0.0733810254105766,0.0282548704294283,0.0352187783209527,-0.6474318024016176,0.4579506013354093
TCGA-BH-A0DK,1.3458278829502124,0.5050822777180706,1.787932960978262,1.044415183107225,1.645975580060407,0.8942944099120395,1.449887601807181,0.3605363514535373,0.2185520892471691,1.1468061337183555,0.9937554636578406,1.7036863198567858,0.2582206624594685,0.3830133494541017,0.2741299920265334,0.4579404794961749,0.7713884586561947,1.621913183183368,1.4391233243795252,1.1828388364344729,1.5248743673664744,1.5666910416108524,1.8497266312822749,1.4748011482505432,0.3775300192274548,0.5153143902893921,0.3317088096308248,-0.0869589145657202,0.8396759001821246,0.2062721354657444,1.670118134109154,1.153816155503941,1.4158464506819588,0.779107723979303,1.3807713444302745,0.9003333200125453,0.4871724065824934,1.2927328927357216,1.363401146988251,1.4116861605872926
TCGA-A2-A0T2,-0.0425566765525285,-0.8199055150832105,-0.2554624378948725,0.0431330536709897,-0.8063318057627051,1.3654365732283626,-0.1409733001651212,0.6207217389800076,0.0655950948877061,-0.1265014702779049,-1.3962618845979575,-1.256262510188171,-0.3609081717970023,-0.0591654817359829,2.5033903455194597,0.1270069467292694,1.1366844389598076,0.2741466924263122,-0.0263939128362982,-0.1868715463527623,-0.4554354244565075,-0.2323324001159941,-0.4509740586474692,-0.2355562276932539,-1.0908505043599843,0.8629257133222952,0.9689110681816868,0.7257431468747326,-0.6848985431338356,0.8494172346860617,0.3041702435759658,-1.015986093092608,1.0218445290805078,-0.3048356867177559,-0.3809268617315886,1.6716054745600573,-0.8444132180719783,-0.510121576589374,0.1764387279990329,-0.3964840970782667
TCGA-E2-A1IF,-0.3932149435644873,-1.045227589357903,1.219903767531453,0.723226217714853,0.6790551542279789,-0.2096728473436667,-0.2920040915334173,0.6045287935590427,-0.3586373985932065,1.063222960138405,0.3686019737471567,0.8351254927724071,0.8601664595285972,-0.5131759475889044,1.2576052885172095,-0.2706841815098647,0.5880533677435333,0.0952136255776544,-0.0885670955917087,-0.3464641940607633,-0.755134927304386,-0.734406844899939,1.100940234323304,0.596666447013238,-0.8856175835024194,-0.753335636589152,-0.3011997892416696,0.0155409405435922,1.3499355581513937,0.8738208003939123,1.9980320988786224,-0.7412708688611993,0.9311165015624304,-0.0665589604580904,0.4432328093210465,-0.7659402590172122,-0.2823062454720145,0.6431536863187527,1.0015106966380212,0.9175816354943468
TCGA-AR-A2LL,-0.3950822062177704,-0.7593915992384898,-0.2136930992225491,-0.5175004122660978,-0.5157722494425111,-0.4594553957829512,-0.4025330658203261,0.1514632788492994,0.2040716950472461,-0.5985436622712238,0.775242291017138,0.507815332374574,0.3225560046509631,-0.0360895983762241,-0.102600686857452,-1.430175499080656,-0.752321322612253,-0.8640514995490789,-0.587858856013715,-0.7845273084508935,-0.769119117110152,-0.7445762857114699,-1.6605323825849705,-1.1257291696343252,-0.0936749015674808,-0.0778288459468719,0.1857114120025201,0.5138742743798241,-1.7116205712998966,-0.0067600725318258,-0.938430237075046,-0.7023028635659793,0.539736203814936,-0.8004591637608379,-0.8686644687104877,-0.2004122571876021,-0.2478266375941457,-0.5098888872422233,-0.4151639907519454,-0.0357402737496134
TCGA-E9-A1N8,-1.025168332347272,-1.6278826440160843,-1.07285863234597,-0.7832927171022547,-2.0715266770505245,-2.360266268857967,-1.863312398768052,0.4400249214854047,1.182626678473986,-0.6624631550083079,-1.6119946291984388,-2.1847419768634837,-3.3564927723250517,1.2416768204769992,-0.2279378899808446,0.5093911606781538,-0.2608563780336621,-1.0520247513370806,-1.3981096648004143,-1.3224784623951853,-1.0822276775685498,-1.333776334142854,0.4172972651930271,-1.203049003249364,1.6240142476157249,0.0841690244715085,1.2026291634791717,2.082513818432969,1.0022097996741273,-1.9842689407785303,-1.4056842531526037,0.3983815012924755,-1.6481459973670118,0.0619538118553947,-0.6639387661647546,1.2274067121041938,-0.4607386945641575,-0.766925132448885,1.2968760782180393,-3.162632090906085
TCGA-E9-A247,-1.3176897652136437,-1.4408206210326129,-0.7359307146587878,-0.1968973516853265,-0.3187172711466494,-1.045772696951434,-1.2118813490153475,1.1535012305476215,0.936927014265996,-0.4955033793419156,0.4505802211952909,0.5466958718854695,-1.0476803949554052,0.7373907229212152,-0.5961040943494292,-2.096811535523418,-1.647639472271841,-1.4892555794057776,-1.4004008453642092,-1.1838928175762238,0.8354969906817996,-0.0454666446418936,-0.4520034579766928,-1.6689924548993973,-0.5754201177422605,-0.1915694851838226,1.1031477532551497,0.7747335446280412,-0.918274439017551,0.4155865844263527,-0.9440827429424458,-0.3895957857281983,-1.140845946127942,-0.3427418129751772,-1.6072710638628922,0.2875439353123163,-0.4781867219883106,-0.9182832978769594,0.0311376018394147,-1.1168625705633086
TCGA-D8-A27E,-0.4374910449097675,0.2513673480201793,-0.0856888571501655,-1.747979476958177,-1.0952288572028832,-1.284355762838583,-0.6482335060783708,-0.9188151139973766,-1.3181942135020726,-1.2350957869409898,-0.3594941322044396,-0.7257464551677617,0.2729089367897248,-1.3273167620375963,-0.7957720250182577,-0.0995837319091249,-1.20335979313957,-0.95122706207659,-0.7800188126500658,-0.5003099703412548,-0.3995544436662409,-0.5934309781037551,-0.501434585782149,-0.9186427227389232,-1.2393655593035935,-0.9145650776673286,-0.6644738658478094,-0.4086224570479132,-1.4557825277771943,0.9124439834931152,-1.4228320137628934,-1.0642928247920649,-0.5082705392840865,-0.5620305117113304,-0.9173536139813464,-0.7540139000013247,-0.2573729383208627,-0.383252693884952,-1.463316266604102,-0.3387736985267882
TCGA-EW-A1P0,-0.3769753706330831,-0.8400206947330137,-1.3777007141269224,-1.242737296858269,-1.323976647756845,-1.3668445500142634,-0.994012505131272,0.253070756518034,-0.1091473473720569,-0.6711929087278785,-0.6149831517117014,-0.8242409481812562,0.0858395607012148,-0.1369474303559368,-1.4370413940838198,-1.0780676693642104,-1.2355528086096412,-0.8168358249468254,-0.675563390024133,-0.811791386954766,-0.3211495984151997,-0.3423174968378864,-1.4838607954068808,-0.9471934539716602,-0.0616971778933255,-0.4235229216778687,0.01895644951921,0.3128698933365296,-1.70557156604686,0.5995842712872432,-1.2703818942565492,-0.4713816905817075,-2.0104084678647114,-0.0998560747512656,-0.8631184111715411,-0.2418235378760277,-0.5821112450439468,0.021836109652799,-1.8728125283469468,-0.3261279329032089
TCGA-C8-A1HF,1.2058991623545272,-0.283077686033414,0.28954127745488,-0.7692036006672045,1.075458392246463,-0.2157764028439039,0.8596181734171773,1.6733920336211945,1.7639203963072256,0.4138753571761675,-1.5816872594836586,-0.4578107633437622,0.5562520359156814,1.5114652235556425,0.8987761113243657,-0.9042059955975368,-0.2148843543214131,0.108551303028763,0.7005445339129119,0.4586688239567391,1.1533412208795624,1.27637126133152,-1.0964060691575324,0.0159373570306003,0.5969567914896686,1.6575540861553406,1.8288000554641857,0.7234537746242259,-0.0312790860542897,1.2195504622914757,0.230826864342176,1.4011999865218003,0.7114209416629053,-0.7684746374847318,-0.2313894722356895,1.342648586130527,-0.5730150046554205,0.5337219943139838,-1.276036561768233,-0.1893295145025274
TCGA-E9-A244,-0.1904702318441269,-0.1060758474410422,-1.148211184936761,0.5412660941463221,-0.5630122686378789,2.037025936413834,-0.3675929994972606,0.2354879281046437,1.0688481157958178,0.4315463878955009,-1.159400145084556,-1.4222166203295077,-0.4226698739631657,1.065242459787627,1.474687387718116,-0.1252837604621261,0.3627001592051914,0.1865651733959437,-0.4480074603865848,-0.3333768331775659,-0.887764104586006,-0.7479641166359886,0.1122048149129857,-0.4808517764816669,0.7983295669267038,1.5815510929029666,1.6223856413189892,1.5187912222826547,0.3092027879900828,0.3656430181686621,-0.641868481143183,-0.0549461277064945,0.1472472474490126,-0.2397237334250372,-0.2444979629052609,1.4823015309560132,0.1877364482767378,-0.1051482538388071,0.653200349942427,-1.218625959499765
TCGA-AO-A0JD,-0.1963118226019114,0.1500611560719343,-1.05026934258623,-1.5719347013762996,-0.7134837335572285,0.5082015743173076,0.0037306160253324,1.0398438036427864,1.603688930925321,-1.807650999487568,0.2233674877173025,0.6762909723863034,0.9991211007911855,1.6450729851427155,0.2022913924183721,-2.1770780104519933,-1.4081746742464942,-0.3984501925884399,-0.2159670333165093,-0.5346481365848446,-0.1441750094345057,-0.1139499446356634,0.4516210316555852,-1.1227877634706085,0.817262424082959,1.9855716151064529,1.8441743018010357,1.538847291385071,-1.954795159448432,1.7858517528779294,-0.5669823363668351,0.338447106129525,1.0657877571777217,-1.4743680478471035,-1.0305086210618408,1.4059862673191517,-0.7204277591253605,0.4555386266089701,-1.1367572525057377,0.9689252704737168
TCGA-A1-A0SO,-1.1315343089158711,-1.3890086391183918,-2.7857715070857423,-1.692777009028268,-3.397655423052771,-1.045870115473,-2.2915333735228245,1.2165651413393803,2.297262446002533,-2.2343599442479647,-2.661570363777728,-3.153470689095738,-1.5168078781040837,2.1111575796303463,-0.9869772220384292,-1.9786789609814237,-2.9370990617687123,-1.948878285215238,-1.5327557085156207,-1.841395869256086,-1.6546020594148807,-1.7052501063600676,0.0424592842300432,-1.8379656019244976,1.8636482864991115,0.8342828171911997,1.9578039513313656,1.6503938131848712,-1.1355415397189534,-0.3484626788302157,-3.171241814265457,-0.0280449308208577,-1.3368478517155604,-1.300452961186751,-1.9888527295912792,0.5008162375121082,-1.859901769320304,-1.690749758620552,-0.6216702643304732,-2.176877749144217
TCGA-A8-A09T,-0.6998070868322035,0.0635711385998053,-0.202513984267028,-0.4998764382507785,-0.1746174671434756,-0.2160697276450414,-0.6672395941634905,0.6555131065025621,0.2032580761702675,0.22669672172538,1.1591023450229443,0.9073422940966532,0.9098482624573908,-0.0203607068511541,0.2133305064696276,-0.5913199429233527,-0.5406615322119566,-1.3064920934124409,-0.894734651601461,-0.4055388558170339,-0.5036690638449985,-0.5873800295409668,-1.4689855520218316,-0.6033480950495383,-0.0669182257025594,0.2919358997846142,0.3768362436451386,-0.2322333275357338,-1.6487550191346916,0.8371848741140663,-0.1028775532777263,0.1919575381587867,-0.8641205911067565,-0.898192152782672,-0.7362764263783168,-0.5695522977974228,-0.2981177622826985,-0.7769261623082909,-1.468401506881314,-0.0867644148085399
TCGA-D8-A73X,-0.6154439063298366,-0.3690751011200286,-0.0123413289877105,0.4090543584756191,-0.3506219799123714,-0.5747840115486187,-0.62778615498878,-0.2825712470734329,-0.7763564843470204,0.4616556217195569,1.0961623950041994,1.120763933770568,-0.4347201733231954,-0.9276612564805208,-0.3184838149802001,-0.8731987473605736,-0.6413740779797651,-0.909397880110382,-0.8346806371486118,-0.8228043551551798,-0.589702363162066,-0.7627552508386903,0.1452758515418603,-0.3303391551791034,-0.7352366444641321,-1.0649361594102371,-0.8103405293024742,-0.6128028049175321,0.1703223150081473,-0.5067497308417106,0.4423975242258978,-0.4080520725488376,-0.5901755740196393,-0.2868806721169026,-0.7939966415554683,-1.390197890745362,0.2427429565509123,-1.640250390721648,-0.5866473185107243,-0.5799293175889993
TCGA-AC-A8OS,-0.0302354289459291,0.6533732487499083,0.6796312368915398,0.6701485047649414,0.2342100874586749,-0.4539083664729879,0.1976180084661408,-1.3572742193164762,-1.2822256109737231,0.4797391910671102,0.8693916987277069,0.5358911521023414,0.8505431824157099,-1.1270808749651118,-0.8470061002561623,0.5075644960029904,0.1182824836849377,0.1475721217492615,0.2828350344185487,0.0939877363732937,-0.3521447510509169,-0.1297977261097825,0.2745651237172256,0.7844802460586109,-0.5240182954886454,-1.523605699747706,-1.921828879017232,-1.5771006031629204,1.5453107298925028,-0.8288665607119953,0.5144025986869655,0.1304434713757646,-0.1620285724489055,0.504057230047864,0.0727565642491814,-1.1425827405387707,0.5110010801693468,-0.6040671271532961,0.1718083792368129,0.92096184331487
TCGA-E2-A15C,-0.2882802840823296,-0.4748699866660112,-0.3437011164103477,0.6112344289048772,0.1310737690013323,-1.1876188138226602,-0.4512598106420126,-0.7121062856161053,-0.85813135456456,0.5827949261658076,1.2855396715892726,0.7055547908176636,-0.7470355301784891,-0.8355458352790426,-0.7792652348128937,0.1848519791567034,0.0016228938847307,-0.4746584627148005,-0.2239121196342803,-0.1373192854723778,-0.456768976124136,-0.4584704119539771,-0.0523354299883077,-0.0840374170349332,-0.2667917498462571,-1.234658469166454,-1.2122908266575825,-0.8832277532811944,-0.2614675250290653,-1.0849361494733656,0.5579455354542892,-0.1426331849278857,-2.2621121953892067,1.107294661086493,0.0716432161875455,-0.5665242577890907,0.3201182556827034,-1.2119415019454227,0.704096809653801,-0.3656777726516763
TCGA-BH-A18I,0.7801336192851714,1.0432766024654083,0.4573783988885365,0.8520817211208351,1.0272462689025923,-0.0985650048865929,0.9750987244701071,-0.3017015700566831,-0.0751226544684208,1.3349661881341064,0.5548776075485483,0.396495312759253,-0.129472538164059,-0.0806333616088168,-0.8408845630947778,0.2055878261250381,-0.054883705672394,0.8379713450869977,0.8435770022795804,1.0737999732011148,0.5741373519581501,0.7042568319115439,-0.3780436883734099,0.8479779032616631,0.4279913933248253,-0.1964843894879853,-0.2940595063665989,-0.3884038364139136,0.5883351083695272,-0.7870031878072516,0.2144023569485888,0.7999495884926615,-0.6563943134018242,0.954906817501168,0.6157590681657605,-0.4463159566303388,0.9869299567435774,-0.3040674052677942,0.1679697691689361,0.3253848255339035
TCGA-EW-A1PF,0.002222675839127,0.7732213398466277,0.9389786524669348,1.0545155235101005,-0.1058586236952921,-0.5730732078452491,0.3164350921611624,-1.1009591957635376,-0.6958204187201966,0.9903227890928576,0.8690728302606932,0.6057934841475798,-0.5653638881497156,-0.5273796178700288,-0.2483534257250693,0.951373945232828,0.3340651734091494,0.2718171487594796,0.0227165826771838,0.2209726328422951,-0.1284134034775491,-0.0281922334258808,-0.0466847860468214,0.5957983451684974,0.1941744125198356,-0.3121647753521833,-0.8429669132394104,-0.5866390872966534,0.5228458500761933,-0.5580195377567843,0.3828146151734397,0.5769282291500254,-0.2165843115332463,0.9695372822128124,0.3149258706928494,-0.0347198749190333,0.6687195420326565,0.5753252122784047,-0.2488060254108011,0.3953862403216331
TCGA-E2-A108,2.42492135172271,0.7523001336147199,1.96909299356808,1.67525895536722,2.221016670213444,0.1928853948565671,2.51047362572566,-0.569239651560659,-0.2462956678535059,1.4507595809029243,-0.0133103255683443,-0.0918138248970747,1.1673417239569557,-0.1899420068068328,-0.1470755022526051,0.9081517762042312,1.3348051903154785,2.6283500420252546,2.5902739100495764,2.420909111690648,1.0300413011902163,1.8141482093983536,-0.0287374907670425,2.346122633827927,0.3836877791732792,0.0830080398467073,-0.5699139626496084,-0.9093263395781724,1.0664187849707871,-0.2128418062315884,1.3771779145189968,1.343614746817835,1.6109598247273862,1.6598645403898924,2.1518098568312665,-0.3759452134102402,1.1120777374310096,1.9427270771943388,0.696077051257309,1.8008569378001804
TCGA-HN-A2OB,-0.4519147883666815,0.2460625620930308,1.0130390135572305,1.9336808436198545,0.0730798165466064,-0.4043940670938425,-0.4666058325600283,-1.1423826820806278,-1.724779350247393,1.4036616328500746,0.8079906391567921,0.6521938390082144,0.2871966747375702,-1.555526663543783,-0.2575528291786702,0.7233261445018551,0.9456938268674878,0.1769265186614265,0.1119358932832375,-0.3143298197879647,-1.1911600001041789,-1.0759834072348533,0.5696318274856709,0.5423336432526434,-0.68989356470527,-1.5572242116271635,-1.3968398140536995,-0.7160417550658631,1.991414397943875,-0.9676583190084376,0.6636713808298003,-0.4965544828395982,-0.2717399030186084,1.189630847590402,0.2940892367919019,-1.2241524752064374,1.1863070713613897,-0.7909470846935149,2.019673318935554,0.9936948336781756
TCGA-B6-A0RU,-0.6858258396949684,0.2822634349929044,0.5533416436964738,1.0951147360813591,-0.7296166216889838,1.4166001609960597,-0.7292084312833146,0.8559324197737842,1.8667103266337104,0.4935925703546834,-1.1019364086837016,-0.4167665031844304,0.3530725703637195,1.9118733204973724,1.1807285577268327,1.5835593350795762,0.839809258525249,-0.2241770810773615,-0.5878436620066444,-0.7509372616350103,-1.0748864977780597,-0.9491307662624312,1.4249718476455735,0.2567395354450564,1.4301765399183697,1.3352187072683084,1.913587098423074,0.8908766277133652,0.814494611623995,0.509820552075117,0.0665591108671086,0.5732350598514734,0.1279541386883856,0.0271916317678528,-0.2959601895507834,0.7073422636854787,0.4866974981198717,2.3963989512484445,0.7317765886883153,-0.6587509810678933
TCGA-AO-A0JC,3.689385076336427,-0.3612970370805448,-0.6649222220845251,-0.6718190308366615,1.7454562112571672,-2.982114465991005,2.5750704773613107,-0.1279620970811901,0.0357584464505159,-0.8682939108149708,-1.0054923994006906,-1.2195461942360033,-0.2589189873083879,-0.0505597048450583,-3.579397350434885,-0.6912331846335482,-0.4510158287023988,2.790306546299381,2.6978870136026223,1.8998116205446545,1.527040820900443,2.4173375778832247,1.0936875589056023,1.1722259850325825,0.1678072768762847,-0.777414517458387,-0.2442800401361039,-0.9660071065306912,-1.258363692647338,-1.1606226939533102,0.505934548891439,2.064848555273772,1.5507283031472263,-0.2653091977443331,1.3663415657344635,-1.2324775318026326,-0.1736164719671609,-0.4347089173960989,0.0627075573446679,-0.1842447378993966
TCGA-B6-A0RM,-1.478806070877707,-1.4573200040670893,-1.7944286829254112,-0.7806287948493654,-2.3623321723384274,-2.246889495218248,-1.837647028020352,0.350017199338773,0.0592229869899209,-1.424249379664844,0.6230573362916734,0.3796526224370712,0.2214705512958007,-0.1295560092555031,-1.472115681086356,-0.5449756331080966,-1.0638510156707337,-1.3367388516944594,-1.3132412031114185,-1.568794935284298,-1.1596011173782603,-1.592615266956176,1.7957945311784822,-2.132130912242732,-0.3658069486274688,-0.9658206790352584,0.299391064343226,0.5053452266382774,-1.6373771082845792,0.5479533762315387,-1.142765523694917,-1.1301710182535498,-1.2405087011693965,-0.8842516533665046,-1.622499923332294,-0.5649185749138466,-0.6599076877195443,-0.2514326487031507,-1.1033479744532908,-0.3500486757945734
TCGA-A8-A08G,-0.2738176167083153,-0.5797670084210806,-0.2919964372819633,-0.4449031447368987,-0.2809537095335554,0.4081942582730865,-0.1634661996970031,0.1431036694266764,0.3782639324800674,-0.2531229054121048,0.6353162401039776,0.4208285250654258,-0.3051229695887346,0.3497982696423115,-0.0621954712238993,-0.9781486975803012,-1.401873146340066,-0.937849534695808,-0.4216538745542922,-0.4826857882303377,0.9543670860476048,0.3700851994348608,-0.1517608450834188,-0.6820087855900754,0.3400614414634698,0.1062469967462861,-0.1354631946539375,-0.0796450116812449,-0.9051370696586032,-0.0287232754806461,-0.1978085096742267,0.6633450952812253,-0.1687142659221002,-0.3960684860578709,-0.9953778968015404,0.4386944548510137,-0.7265757930128922,-0.4145245881527523,-0.1922492593149485,-0.7071660457821901
TCGA-E9-A3Q9,-0.1744817151889453,0.17627743979915,-0.1020987421840367,-1.0744499914692651,0.6750995430247889,0.7341859859975117,0.4302753783383781,-0.4442312928503708,-1.324291183176877,-0.9247085584305134,0.0076766388725393,0.1928833020047949,2.510093908076628,-1.4783705152577764,0.0666804711833621,-0.7075444262999065,0.3270863809118061,0.1436411818978754,0.2233793264602888,-0.0867278572238828,0.1113921405274463,-0.0001403054069193,-1.685524547550337,0.2151632182754413,-1.620769525694806,-0.2798197189297441,-1.0670716209827498,-1.2184453729929046,-0.4774298867965951,0.5590224534497993,0.3302780372345088,-0.5513912539389477,0.1768110729732418,0.0007761060597067,-0.0496477836836602,-0.5882876159385885,-0.1860267667974467,0.3339110925214555,-0.1379556596867271,1.2754785423697348
TCGA-C8-A1HL,-0.470937963631368,0.1465511518055962,1.0043538612228269,-0.5483145183550309,0.0879713444599822,0.2557923193082123,0.0245592755905585,1.1950434051959264,1.119323596931023,0.1619801171417878,-0.1751760327178119,0.6140672340319533,-0.1332224553153457,1.2141201956278054,0.6495610386968542,-0.5119163212353877,-0.93915962547203,0.2096188374338007,-0.6374707074934892,-0.5142057156426758,-0.4911847393944127,-0.5350288411145501,-1.1298167408465432,0.0206844444220003,0.8589531730847799,0.480229698927596,0.9892480099383404,-0.2057797920441609,0.4088990887495113,0.8555628246481117,-0.0635170729821238,0.4445005597554344,-0.2883463425588128,0.6052864731131553,-0.791293318673241,0.2815964714196702,0.2702608182258527,-0.4180592109826096,-0.4026469935997732,-0.5731439144490531
TCGA-C8-A3M8,-1.2425654055292688,-0.6799301239565897,1.1158494047429142,-0.2198576857550486,-0.8389855236487794,-0.6439364193907772,-1.016459924116587,0.2500335393191129,0.0769006186017316,0.0417929944375153,0.6674892965231076,0.2613256533363441,-0.1328649946711028,-0.0470867412768818,0.4005646986500951,-0.5675752063257267,-0.5101240607817799,-0.9792444048831416,-1.0408331250445,-1.2800693579674889,-1.260494881917713,-1.4094407105636797,-0.3606201142033564,-0.8462423661515398,0.2773160305208461,-0.4059891491883978,-0.1979365549910576,0.0933269855150761,0.1375179409524325,0.0349174372188427,-0.1493845746146718,-1.2121779163530306,-0.1565682944078816,1.1165864299165071,-0.7262106482977723,-0.2302050604402404,-0.3358918182145928,0.0522057172303941,0.3353703191802627,-0.2919501287357605
TCGA-MS-A51U,-0.0172694600871467,-0.0942247786529972,0.5260871399582628,1.2320034873064891,0.3665450576777379,-0.5962662499084955,-0.0729902716945765,-1.024146333421259,-1.316122615448397,1.0270142432246745,1.5302290123287206,1.4689906378855706,0.3498727853432472,-1.169731568764126,-0.3745760695059011,0.1219678197845323,0.5660327099957169,-0.0816520752512072,0.2645932162258706,-0.0606826066316171,0.1678678969116693,0.103356385142899,0.7868483447758923,0.101133954787178,-0.0744409314599129,-1.3844041334327777,-1.3850523730731177,-0.8752209373437142,0.906842737771498,0.0290442466758684,0.3018218135005776,-0.5366890422579796,0.0684156834299816,0.6055849158833296,0.2833447223241927,-1.121122920600764,0.8631287325258822,-0.4829426721760948,0.6585182296038272,0.5108555070000609
TCGA-AR-A24W,-0.6523235223881939,1.8626950616842004,0.5784386909095358,0.8282510026899554,1.025160310602938,0.2209692863819073,0.1005022873074028,-1.5892556286483344,-1.102256536080347,0.8138052731027097,0.8730103537920973,0.4763133780868371,0.4848777583348759,-0.9556751247038556,-0.8976235557912916,0.8031654075905599,1.3014362939088655,0.7681986528374746,-0.0841555976749359,0.3952886417609744,-1.2635395181846374,-0.7102761985394213,0.9887996534860368,0.9421216303567717,-0.4147363869637463,-0.7431754719462383,-0.9197223031766616,-0.9685576936504166,0.4348027498040493,-0.6956674729610679,0.6933873636731211,-0.0961092092314442,-0.2611836350248488,1.2017443022507224,1.844742144297234,-0.2585083744878546,1.795924697486676,-0.1951646717759303,-0.3140296865936774,0.614533202877125
TCGA-EW-A1P7,2.5861515398048054,0.0325633221167696,0.555949937705403,1.7427338210216172,2.204563382487412,-0.5304362815260213,2.002972274449876,-1.2000234611931166,-0.7423929871997451,1.1777519671646624,-0.7263508779112604,-0.8162591415311974,-0.4547385823408769,-0.5424150025106024,-1.0504889720248096,0.3308072974121916,1.4262675231034558,2.4200240721695736,2.097696181327198,2.190998352615189,0.9549800070389672,1.568856901318612,1.1914719969821652,2.0295609647442974,0.4691800435795558,-0.5993065522180508,-0.9960877360278716,-1.1609367838017293,0.4559272874995295,-1.5166177705306356,1.3863446069033758,1.3345001893616504,0.8897274799825569,1.1341204433228709,2.0803961181843493,-0.7892042386092487,0.7620196704105626,0.7936758046561453,0.8814677727884163,-0.1386032236163648
TCGA-A2-A04W,-0.5769410775808766,0.3415771617769153,0.9745656209007296,0.5040826003305643,0.1559593708966046,2.2049266076859326,-0.1813554564311913,-0.1008270077607938,-0.0282453332522855,0.9369669601254336,-0.2670752088302938,0.1887714437145146,-0.101761085949378,0.1166480872146038,2.452605208891285,0.1926407518100109,0.7972395681688687,0.3051606687831216,-0.6918689088262757,0.0131631264545399,-1.028756239776,-0.7957065358638399,0.0233942831656569,0.5148364338966871,-0.5232774692785801,1.3548235659718424,0.0056845326973607,0.1301383301783768,1.0519173351129196,0.8504296295659596,1.254813561282318,-0.0512934777096546,1.178143661656731,0.5557519595796538,0.6643104460010191,1.0899763233940998,-0.1691401879994381,1.676553499259425,0.1266652490500095,0.0334109472236179
TCGA-AC-A8OR,-0.7520293567860972,-1.1868937178709684,-0.80277462960873,-0.7013270749461948,-0.5955141558590686,-0.3164898523716485,-1.1243601688245548,0.6587815316779685,-0.8150637608775212,-1.7431632834968231,0.7477037219516026,0.4530467308554773,-0.5090129163332061,-0.9162213421457204,0.4176806050806683,0.2391341423616892,-0.0653100157299268,-0.7087485341106093,-0.6396095540787161,-0.6475704121507617,-0.4870590678849628,-0.8864965971275922,-0.92509626387947,-0.8545644012536145,-1.0093316597226545,-0.5397524294669538,-0.1539930506993999,0.6568907210433,-0.7450170702941333,0.221644980435845,0.8126406621483441,-0.1847452624075208,0.3624257247513557,-0.48466413959993,-0.5528793857073215,0.2735082260483173,-0.7644353872482961,0.6867441366634532,0.1355995942712188,-0.2069838463593182
TCGA-E2-A105,-1.336339765731961,-1.985813397181256,-0.833368491882153,-1.1207537597196513,-1.1722716940782647,-1.1709187216261634,-1.617646208846666,1.1563885356782582,0.4830774470618328,-1.238201553405872,0.3576802411001222,0.856571637154382,-1.5148363433207772,0.4709672950511942,-0.6891764643917461,-0.0953251858021435,-1.2144655666750352,-1.5686947528336723,-1.5504953826429229,-1.997759082710152,-1.1236772332713931,-1.3355131755519694,-0.5994250323804898,-1.6272231823647674,0.0109969731902645,-0.6998139051625061,0.8959107372411934,0.0969534096389217,-0.9937673626254274,-0.0983783717197371,-0.907292674452793,-0.6813399897459049,-1.719521040835193,0.3472217133681036,-1.46872500404988,0.6880400298855671,-1.10019924941335,-0.4892442885629683,0.2070863570796356,-1.213368567994221
TCGA-D8-A13Y,-2.034655601685839,-0.2760841178385763,-0.3785962269212026,-0.9238362990608966,-2.093434205277958,-0.7140103215151955,-2.139018387968423,0.9438798477065428,2.189731873208842,-0.7764095233861531,-1.078690566075256,-0.3253012832363498,-0.767262678484535,2.012810378182176,0.6089339010215773,2.453616269833716,-1.044142397332657,-1.6639272974512134,-2.122198143711873,-2.0620498514626013,-2.193479819293113,-2.2317492299366046,-0.0756935245513997,-0.7580626264027674,1.9757671032548605,1.2738088263230796,1.0312354434953737,-0.2014670647727964,-1.988529033152822,-0.5788464370800477,-1.7266403480697117,0.27578822150753,-0.8514306652783006,-0.4101664443191813,-1.996368662583189,-0.9006101082571649,-0.7563621590768217,0.9218821875933768,0.3162081225011684,-1.463592281742513
TCGA-V7-A7HQ,-1.1308354590508685,-3.2613056197907264,-0.4410976615092664,-0.5977822656277879,-1.2216236876966746,1.3114044827343343,-1.479367136706825,1.7741667565323855,-0.8551061866929262,-0.3175109173118509,1.0017196180262309,1.7513263086796445,0.2564115897904705,-1.3067084062298058,0.1203598034997043,-2.018806191213122,-0.9700287000440324,-1.8395112374772469,-1.5698745522863122,-1.3285002706536932,-0.9521339035656494,-1.3371081773166404,2.00582658301062,-1.3259850682517935,-3.5657078886872258,-1.2430475006729758,-0.341429518226551,0.8701286719644951,-0.6399251541906371,1.7913339169598408,0.340377976664867,-2.968542538912995,0.0353903509512764,-2.2205475602590026,-1.2625234978857487,-1.1437951696898845,-2.260305260533458,0.4044096650388415,-1.5253816445050523,0.3222434035430217
TCGA-AR-A2LO,0.7499527423945697,-0.1386623215333845,0.5941938927884823,1.265812734690794,0.9173376354815856,-1.468149353879096,0.4105309776857062,-0.2754522509971008,-0.0755194234361616,0.6058548526698907,0.9696094104163874,0.7558591244322741,-1.0136760903569315,0.0161546254854221,-1.5890950071022945,0.2157714703323783,-0.0630723614245779,0.5791278207513672,0.8182314794329384,0.644337705934945,-0.1922750716107202,0.138221860089072,0.8894998746482429,0.7217901114112515,0.5944510143148731,-1.1419653890885912,-0.3076396936163568,0.1945510486924079,0.8259695873233739,-1.1423865015430152,0.3941977563366979,-0.0484697494435027,-0.3499891068600458,1.1779900449303524,1.2713244344613566,-1.220981838738179,0.6366232936751131,0.025013579863669,1.459755638713255,-0.8781837597405835
TCGA-3C-AALI,0.4413671481803436,-1.058374694425272,-0.7793201001874609,-0.0457638453046004,-0.07680834301866,1.7216394830682462,-0.1856028958392423,1.1070994008658244,0.779286044467904,-0.2002245499474362,-1.8275507361029235,-1.591224968167678,-0.4874880651933245,0.8014281623649964,0.2399588429683012,-0.3843904783084317,-0.5741223598136109,-0.150058001758115,0.0570538796694732,-0.3203711512263049,0.255206378329243,0.4471580699865239,0.7189219087148133,-0.5305899715694957,0.6669476120254227,0.718558861563832,0.0454920683394247,0.0496530215193247,-0.942673115596124,0.3367599165522726,-0.2118407890805813,0.7577146404771109,0.8005179096944595,-0.3522090571757612,-0.530329189982635,-0.553117448053198,-1.1508672777244255,0.5416861279088097,-1.055459977531064,-0.4389046997550226
TCGA-E2-A1LS,-0.967273260499771,-0.090094188417454,-0.9402226688938562,-1.7903132082868345,-1.1835181915000652,-0.7912210821575699,-1.0813649049737564,-0.2243062330266489,-0.4387126668234707,-1.180907332727275,-1.8407446592687933,-1.881206705101344,-0.582044867103165,-0.1413126558924801,-0.6538738734082726,-0.8989376424836296,-0.1313586295345281,-0.4431459443559237,-1.2324439657867825,-0.9563812423755004,-1.5404866483342925,-1.470832001110063,0.7637693637764572,-0.3884261529109323,-1.436917435069385,-0.5133801416445622,0.4372855284795537,0.0116254307926652,0.5766852107216308,0.4446253669731804,-1.068851512006873,-1.1200594024259027,-0.6426093824163842,0.0560109657948356,0.0203352643180703,-0.1613530247394167,-0.1811590961260308,-0.7729395586325429,-0.6536154409886731,-1.2533399850373013
TCGA-BH-A1FG,-0.8768658977601658,-0.6841957785679993,-1.4592543279157706,-1.3063120803615695,-0.1682419608003426,-0.282824363908419,-0.8038267073344294,0.662565097170843,-0.3765093774598461,-1.339773092959057,1.1161443330500755,0.7530213776289749,0.6088616055624813,-0.7024688785298885,-0.0565410034020623,-1.883473617624963,-1.3451901294214164,-1.2845839681700653,-0.7377732968098992,-0.8109975551461522,0.633954665018303,0.0030007355328593,-0.7821750072025236,-1.5301543986754162,-1.5791183118354468,-0.307872697481468,0.3627741924391872,0.1941922223359939,-1.5202769343872071,1.2831480361653242,-0.7567037925229704,-0.5681898163952918,-0.5635513915273779,-0.7307837926904455,-1.1566744698768514,0.9034006543653468,-0.8459247319242522,-0.1428202411535368,-1.410549763317637,0.2846953034162268
TCGA-A8-A08H,1.5888088099246471,0.8267628762582175,1.672831846855402,1.3716914810142664,1.1784377829552584,-0.3597514498066387,2.558549629905987,-0.0950537253631244,0.1250448671730318,1.3369647846662736,-1.257063469228404,-0.9299523318655144,1.077583684191412,0.195623178998747,-0.0190867924573866,0.1225712020395918,1.1087196948805167,1.948277590342228,2.002200062537693,2.0945538791761997,0.6232017261086097,1.134067642781208,-1.839439251428281,2.01754268312725,0.9765780380802483,0.393227457201304,0.3079331718068456,-0.5069053653728366,0.2331421181799859,0.1706550997981302,0.5763514077269625,0.6436188904635611,2.3758903519765893,1.0627086692020524,0.643514417902505,-0.0949601019396326,1.0585296101366122,-0.1678626028197933,0.1737664602391995,1.708951146581629
TCGA-AR-A0TS,1.6591177552259797,-0.2450852310814597,0.2084495217047745,1.4648105658824715,-0.4795063495384329,-0.8141548373157282,1.0081931700975886,-1.0811040098387894,1.2159244492666343,0.2950342694952532,-1.240218188021338,-1.2965443093384346,-1.4212827484360813,1.3695222769943085,-1.1505552607164873,1.0709332132233282,-0.5401984387129184,1.1936926408418438,1.4129667830683,0.891462498272544,0.257127801127486,0.810610255053966,0.8670393697657363,0.9663920236344552,2.3377907494988164,0.0592365191359313,0.1435724549060294,-0.7111111694025342,0.4563278659888807,-2.4560045079178083,-0.836326609848853,0.6667529194206596,-0.5034531163465669,0.4137615638577669,-0.2465325512325668,-0.1220602536546594,0.4187163620725851,-0.5169232675731478,0.8382179742789843,-1.7002001672773257
TCGA-A2-A3XU,-1.278888124528236,-2.7133156151917897,-1.6838737980549527,-1.026878434020575,-1.662356763694548,0.3122465563430124,-2.093110014980902,2.7105275813946763,1.2526136987911631,-1.931018601954863,-2.004201431368628,-1.0506533890318603,-0.755818464460829,0.7429377866593501,2.3314649634296205,-0.2057646318056147,-0.3197096023844725,-1.849202820778457,-1.8843951868578144,-1.4635451483552722,-1.3770824619161712,-1.644093584983105,-0.2044328011323416,-1.889901282265604,-1.1497155503400107,1.110322759288887,2.336209270312783,3.192097595206097,0.7938109007546112,2.5872373928312693,1.1601071173401956,-0.3532621605528159,2.1483054521382807,-3.148202664501028,-0.6398655473569017,0.9910047586794896,-2.728746001047781,2.669976217323037,1.8819305353961409,-1.3744448469628348
TCGA-D8-A1XG,-0.9493332646610184,-0.0826698842744483,0.023570636385141,0.3165746947558594,-0.9625080054661252,-2.0241029974700893,-0.4848464560766106,-0.6651169189771112,-0.6297329876300832,-0.0071280956780776,0.8363088423317381,0.2962553358751973,-1.8968248482499808,-0.4421450305648825,-0.0824169699765181,1.9820158049768224,-0.2802842337939744,-0.8333698012693197,-1.1621258575545277,-0.8524702800992755,-0.0110391200551893,-0.5312325187865844,0.1102677281206607,-0.4716507306318214,0.0295588794208139,-0.8435929720145093,-1.088956222611118,-0.654349138033127,0.0443044247003041,-1.7587970241340942,-0.91395548657228,-1.0011699197720358,-0.6995819108613087,-0.133212323590859,-0.9142701297663932,-0.4710499658655971,0.2634627418384986,-0.9521078421085588,-0.2716974294235294,-1.508344555076637
TCGA-AR-A0TT,2.032640882522984,0.376196286262329,0.2899591045385274,-0.169081570943723,0.8401329327685784,-0.5202684032439904,1.630578853279713,-0.3822794176121432,0.3181324193968259,0.4107543525858249,-0.33241180476967,-1.0742656883677677,-0.8723461509373092,0.3188094436615473,-0.5909797413840409,0.0797811206713223,-0.0519745634422319,1.5837621743709718,1.6330101350518724,1.4725812667382956,0.8991054443301836,1.4239337011349371,-2.028381874334881,1.0354261314518804,0.92207368800088,0.4536680376258742,-0.0355467100201977,0.2451192226203275,-0.598990068373185,-1.074219040360724,-0.7015925749277424,1.3719492898849326,0.709659710503032,0.3368845572797012,0.3751071359312172,-0.0707143466646625,-0.0425113039518919,-0.7410627151864948,0.0047597816599179,-0.6430325712810595
TCGA-D8-A1JJ,-0.1402172162881327,1.7313064255072337,-0.3251278912351382,-0.0387649138574506,0.0218305181531296,0.5780608253075912,-0.0499497197800397,0.1927169787298212,0.5728623484285402,0.8156045865616536,-0.4464899286625987,-0.3159037739306294,-0.3931799851413071,0.7193191100876293,1.5295624908538754,-0.3396634500762558,0.6124462836512525,-0.2544718314646692,-0.4120565081837342,-0.1434838876633716,0.0190283628150596,-0.0444249257869713,-1.7520375996592967,-0.0110313055327746,1.2283501896248834,1.6884063441383257,0.5495131211330655,-0.0215468915060831,0.0599025972117967,-0.4588252678217125,-0.4670284585637231,1.120578573582565,0.734143139022543,0.0718528383879424,-0.5850023672873114,0.4569213754222908,0.1011555120590928,-0.3806110344321885,-1.4856978173184985,-0.8400646183088323
TCGA-D8-A145,-0.3371743078146101,1.1947428330025525,0.1911315057179513,0.7591848926719755,0.3223735828700562,-1.2532888322583873,-0.2288038227498302,-1.3553610372244924,-0.8313077439424732,0.5123749893705416,0.5898291490628149,0.438661593698014,-0.215531014132207,-0.6244535760786415,-0.8094350974118006,0.5992438237738557,-0.0300556796587523,-0.0831330106161993,-0.0729838585902738,-0.4688602959980724,-1.2289879186735435,-0.8363736648867706,0.0571000791955601,0.2803558615552575,0.2777005043387062,-1.0923339316849057,-1.203978368547046,-0.7302277682852675,0.326890186102508,-1.723913889076054,-0.4207024479871946,0.0272566426420553,-0.4851952412064333,1.324044710278314,-0.3832141760394031,-0.4875095215271871,1.0101581334840075,-0.7971080807051939,0.8348190903590603,-0.1251224063859458
TCGA-BH-A1ES,-1.5716489943506218,-0.2885760641634321,-0.1731571200638876,0.5271650006038362,-0.8055150178016743,0.297721589368951,-1.2934016499299643,0.2935438175418728,0.52835019810521,0.9024685370727688,0.7628757907116637,0.9997580337614144,-2.067455529231475,0.5345728473689757,-0.7569711141334905,1.6522193034593506,-0.6085877955575004,-0.9056778044507242,-1.5002987963537249,-0.959934740237699,-1.0171655369210286,-1.2426832784572015,-0.5359653750486599,-0.5023865786702035,0.3975217189673263,-0.3503796677415763,0.2273677524987374,-0.5632255433663229,0.3887169051698282,-1.0414908169527617,0.3101818451519657,0.7264856476174618,-1.700554998990106,0.5995323087676693,-0.6659659196886997,0.2711375145300311,0.6014778899772988,-0.6560859926771222,-0.441840524746102,-1.7452407543968809
TCGA-C8-A12M,-0.6728064524761699,-0.0726749500070917,-0.20546015419357,-1.4207534244909412,-2.3291600848616665,-2.3573736498257176,-1.2804722180736503,-0.0397294106356069,0.0220124965926117,-1.832282022057947,-0.233612392159771,-1.0329284294262668,-1.4281607940552594,-0.0223949651484576,-1.7140000064847547,0.8018440724370935,-1.536139469765895,-1.761575460676512,-1.035095030603737,-1.5443534864189812,-1.4493685455820575,-1.3023762095452676,-2.13080255238195,-0.9388037304418042,0.5271800764541096,-0.625988614576449,-0.0273521227879502,-0.1861294225407243,-2.214994367960041,-0.5883655918910647,-1.559387066445882,-0.8350946814596851,-2.8755323786155835,0.4567599643111851,-1.618503379486982,-0.9146407270378886,0.0698260395900143,-2.3259035070342287,-0.0762298334292917,-1.9697718358186536
TCGA-A2-A0CY,-1.5646323820559584,-0.1484737167472721,-1.7688063324496963,-1.0749582867409695,-1.2212757633402642,0.8393214561834281,-1.0185436720114116,0.9267531383238148,0.2008957012955784,-1.095249077326075,-0.2907342666649104,-0.0037274253508345,-0.9488976221050152,0.3990069752168219,2.070270461512373,0.2410686473779595,0.6413161231917547,-1.2537852243152598,-1.7110136834625151,-1.481480721436456,-2.1693423819162385,-1.9538162739529883,-0.2066453998680434,-1.2766390886206076,-0.6363567333513048,0.7265311926820218,1.0015950682488282,2.0494133994330666,0.1858683212781333,0.2030432282760552,0.2830197777482625,-1.5360938366339945,1.5138793730034203,-0.8611448454455263,-0.6271209942743934,2.3829155014022985,-1.6876366931613678,-0.712256758149886,1.1713488382976207,-1.099664114954289
TCGA-A8-A08L,0.170380446343409,-0.6514304965950101,-0.9399438817353942,0.0202165705418487,-0.4152825126579915,-0.6897606229547496,-0.2872403832861117,0.5194953471253967,1.1246352439655178,-0.6314561686853446,-1.4550012945492552,-1.0768628306285484,-0.0899902222133068,1.1062477657243612,0.8090145492390236,0.3063299443292916,0.188698477366355,0.1588265975552509,-0.1872639205588568,-0.4713984413918534,-0.6083831033505067,-0.3466268826954131,0.2668349117694061,-0.5299985398601671,1.4976486644502185,0.9116174149043602,0.6488682685003545,-0.0044225377026553,-1.046750288593226,0.659618336403516,-0.8219029916794574,1.516198320797673,0.5783100789992839,-0.6791745514788288,-0.6349593481042513,0.1905842593669439,-0.9220130428389484,-0.113686800954508,-1.3152266437853075,-0.5416363919388459
TCGA-OL-A5S0,0.9041679572747048,-2.0168437268226342,0.398815455878527,0.8166434574944698,0.2872133950930002,2.409054724151569,0.6604214166954534,1.7788099848372203,0.8591423904955875,0.9434710151341658,-1.6524127727354554,-0.8209100161676486,-0.2382276524730224,0.5690466889949869,1.617219205503513,0.1137081384203039,1.7113363512763518,0.8245562633062776,0.7465840279833945,1.1124609949504334,0.7277378682494995,0.8237239015286643,1.0989854954065403,0.3724007706664535,-0.9055020619997138,1.5484856217834242,1.8827661935858897,1.955522698931588,-0.7334790458547494,1.8826952631059095,0.8426043561081765,-0.989158637615064,1.6406045330513748,-0.6411634516511486,1.3132547518679227,1.821667726829312,-0.8606960102293477,2.8302197347847486,0.1521080326466582,-0.0843304235645111
TCGA-C8-A1HJ,-0.2539308859425923,-0.2226790076504811,-0.5689895054452454,-1.1898085924597648,-1.2569611800653508,1.1058261082833585,-0.4965320993834564,0.7473080307710102,2.335558505840904,-0.6466694921171522,-1.8723205964929608,-1.098096728456371,-1.1143011982757087,2.223843087728206,-0.2550536049030182,0.9566872443462566,-1.117298247704436,0.0852316907391735,-0.4997130061071436,-0.3144439413452941,-0.3607731280732605,-0.265208903706552,0.4883877559120074,-0.2621699197773016,1.1922798989534378,1.8543120917766431,2.6079858650368237,2.0625757763142305,1.2724209934571074,0.3500386971808268,-1.268456861687396,-1.307051997388602,-0.5555271148320724,-0.3813544312060862,0.2515350617148094,1.7086018547756858,-0.0982088534578685,0.1367687591107172,0.460734524704066,-2.2125416212298457
TCGA-BH-A0BR,0.3669201244822216,1.2276742106615393,0.7305063604886478,0.979488146542305,0.8657753640123735,1.0194836105355507,1.2907576112182486,-0.6831520704546928,-0.1763855337071798,1.4080815140613698,-0.3931501731179809,-0.3555941906343013,0.2382013509611249,-0.0586210691560687,1.9494804697298556,0.679278820628583,1.5535547280732258,0.7103641505644117,0.7710214181765689,0.9491305217306676,-0.1465814400804197,0.2072148677056972,-0.9446200617361636,1.012702172216625,0.5871300885807736,0.956435347854602,-0.5075393714009,-0.4541583573847857,1.9762599981597837,-0.8551928671621132,0.4703648359726798,1.354957800121894,1.338407198469821,1.0696988618451575,0.7814328961110136,-0.170459916875332,0.3366771554340275,1.2253650015099506,-0.1234022890430073,0.8483821390011391
TCGA-AO-A12E,-0.3264145202614217,1.5035344495685132,0.8028728860068184,0.5913768265433184,1.0966659965931302,1.293875987862137,0.3178576875785733,-0.5655631641147775,0.2752347140988612,-0.0587477339597896,1.5753579248283909,1.943928916534108,1.801689590355779,0.2379922165443437,0.5221765126058228,0.1622346497889772,0.6548354108448822,0.3285093208813399,0.2971161129954003,0.0894631300195156,1.2656281391844302,0.6503446003174151,1.2793499673141722,0.2030453506841137,0.6073537579674514,0.4411924973530012,-0.4350230678894998,-0.1998353576058096,-0.1860083027486293,0.3575778154948484,0.7087510386384511,1.1403554944880905,0.6839720210441744,-0.2660382755185309,0.5119810151789161,-0.4783783184750881,0.4543110146023629,0.6068520211502674,0.3736484152404504,1.6795989825330977
TCGA-S3-AA15,1.9725732112472332,-0.0131452470895839,1.3313470279273,1.191753178668529,1.465792996871282,0.7727219147389738,1.469753966482908,0.2866320791299797,0.6462769515548937,1.0532100548440344,-1.666136146684991,-1.3567378816603335,-0.5289618006664363,0.6920294270403233,0.4581905658125155,0.9477289184479836,1.5982260471737342,1.8983496105853244,2.090846491386925,1.5950183388031696,0.3142204188472679,1.1396736203293918,-0.0506113714477646,1.5732870421708165,0.8379267646089356,1.0106150847300872,0.7260945951054031,0.9185071660770512,0.7474657666809186,-0.0648448377275039,1.223384222479562,0.7167589304657693,1.390236704660767,0.3005733604256184,1.4795787284137754,0.9859457000435082,0.2423613801695625,1.4716339856056588,2.1313079993811024,0.5046337813403485
TCGA-OL-A5D7,1.3712586002693727,-3.346639017700205,-2.3391301081176072,-1.3445205908506628,-0.9026171918607582,-1.6138051487109637,-0.0720862260464548,2.0346943591260644,1.9309070388115608,-1.866314951330723,-2.129968190393497,-1.97370691085386,-2.006746683796664,1.8067926941825705,-0.3104576120062887,-0.6554290201034347,-1.2101942735298867,-0.0459633953108884,0.9238322148209832,0.477604014375507,1.2955008156181969,1.3608118339760242,0.5052442144166296,-1.0222052117001952,0.8965601456515174,0.2253059631241344,2.2404474299369683,3.53631228189722,-0.785669846062376,0.709007236819799,-0.6361428281445834,-0.6674671768074135,1.11975203155299,-2.218550169250741,0.4987152332599539,0.7101289195401068,-2.642421021341394,1.2038865948410882,1.8358027471464071,-1.246599654703581
TCGA-OL-A5DA,-0.4685305142621991,-1.7033888107800417,-0.5320994385314519,-0.1109750073145301,-0.1929310203597639,-1.297646206780843,-1.2303248163714002,0.2315759264332965,-0.7794674354763667,-0.37010806191093,0.5340327247300909,0.2558951400579975,-1.5827524386466243,-0.8127263622544204,-0.8807354788680353,-1.2998315438704922,-0.5515612756990151,-0.8086966315891825,-0.6545999053406565,-0.8668341465110909,-0.6326966129520578,-0.7048102658975494,0.9241635077452688,-0.999303135198364,-0.9443637661548528,-1.423364883659201,-0.3759749632901694,0.0483682582002786,0.0805324982400821,-0.2520913187850835,0.0200374182616409,-0.9188526767330576,-1.3660781798280426,0.1579705839516328,-0.6279790415777092,-0.5105293123533824,-0.6076282674452996,-1.01727960724405,-0.0347280352560164,-0.6914673541364229
TCGA-B6-A0RL,-2.107042028181867,-1.801038797458645,-4.319727197843856,-2.5621220778180955,-3.463860425583921,-1.3655418910813724,-3.009924846955682,1.4110730655214052,1.185301213100223,-4.250445636421003,0.0919743162380124,-0.0220835330720951,-1.3685756260291362,1.092894606118762,-0.6856951361342776,-3.135594079947935,-1.5622849836323502,-2.242490920193409,-1.9588176238295312,-1.8461727782280304,-0.0430634293484914,-1.0636702081431308,0.0786117193946357,-3.51678066279027,0.0850089232832049,-0.4490210019099629,0.7114568012325295,0.4006398795787391,-1.8443778064734269,-0.0652725828470363,-1.2123239573696585,-1.9805861871913568,-0.2763592294043807,-1.6953551119748085,-1.6302573234439752,-0.0615368528743076,-2.0049232457136954,-0.9500013723082436,-0.8172313383864677,-1.222307030142576
TCGA-OL-A66N,-0.0062822564009607,-0.6210918562180495,0.099760307781046,0.1889394998483468,-0.4123596308460352,0.2604613366979944,-0.6734221921245476,1.1427597292084202,-1.4072273276732994,0.0845086624685651,-0.8432330533528256,-0.7029817822669953,0.376778755565844,-1.8190496994819976,0.6955380000338194,-0.8279528254154263,-0.0294778711299798,-0.2919881776658962,-0.7942935188042167,-0.5513344018083611,-1.091443332314097,-0.8044827823609494,1.6284749235895288,0.00267516966375,-2.6931017458866697,-0.9895514613993268,-0.3237750987356076,0.2943786223251687,0.3498069244422227,1.4210178125797586,0.7792760573623205,-1.4393158275618585,1.118941998641542,-2.135595820402355,-0.5705631945817233,-0.4859974927784171,-0.910610490305612,-1.048826503991472,-0.2185335756000029,0.2760892211966119
TCGA-A2-A0CM,1.7372827166165303,-0.4635324948884955,-0.1226632811627261,-0.3146775936468419,0.7277321598515043,-0.834998623262879,1.0391658517106492,0.7294625828079023,1.6690810232671929,0.0758075716791727,-1.675234318792358,-1.8069290193219087,-1.3959557180401128,1.8841881516195973,0.0645694910979135,1.0019659739236988,-0.0718527644253096,1.2177287864483182,1.5445532123391976,1.5657470275341838,1.837222604056244,2.024872907346781,-0.6263575010913232,0.2950646066317335,1.7233693644586123,1.1219470396971736,1.9302559954700087,2.20227415202708,0.1635038300302826,-0.2045889271055367,0.2079348472903532,0.0988876819042018,1.0397901902189632,0.7705468152832875,1.3493991936173106,2.341172766656113,-0.3660710451743251,0.4995448767801977,1.0353249784239662,-1.6930794568887415
TCGA-S3-A6ZG,-0.5062431847040204,-0.2066973332098823,-0.3999873269016412,-1.4301347456236242,0.5427445832077373,-0.4179109812616677,-0.6930816532171096,0.0370826011686948,0.5748988671895097,-0.7402015683472071,1.2813333604041222,1.16050930584325,0.0674896995184284,0.6317618390638411,-1.1445725333526728,-1.49867538282999,-1.0538292968513248,-0.9598232413651592,-0.9798629935518064,-0.815081396453147,-0.333083434741595,-0.4675729652754783,-0.905683477215855,-0.8518147826517152,1.04064913796652,-0.8819371295845185,-0.0908264005405554,-0.1680356540976234,-0.7314725837165927,-0.4418904103462318,-0.1865745018478762,0.0910635634749302,-0.45343202937762,-0.8163427820571668,-0.7398845293938286,-0.7136365520802148,-0.6752756237204086,-0.6677717066859373,0.3864829993280792,-0.5095641755149055
TCGA-E9-A1RB,-0.4165783709990221,-0.1944889065105801,0.0224050120488388,-0.8284670390958921,0.083264180161546,-0.0795148577968978,-0.248855204676425,1.2632033584308386,1.89538975737355,0.0154013309152607,0.8016616284783242,1.285581879237997,-0.1043891442598624,1.685449249394001,1.421813024802234,-0.5511389869163829,-0.18414957963703,-0.4652383120401125,-0.1673585459942051,-0.1305370912278954,-0.5044529059908621,-0.3434536870780461,-1.6750747038192029,-0.7796178140489198,0.8063529175746016,1.5375983584624575,1.7522797573880884,1.4216676093622034,-1.0048796208618112,1.0787296447317052,-1.026099153146763,1.0423177612488677,0.5435981862385996,-0.5442288379760387,-0.2623075961080068,1.6190464734613426,0.0318198810511357,1.226619458317343,-0.7901229743912344,-0.2449286350814519
TCGA-A2-A4RY,0.2059800706251142,-0.1229143189977771,0.6194768172726491,2.153630015886158,0.9690983790537446,-1.088094468186285,-0.2842816660686759,-1.106685254960354,-1.4632294791505709,0.9803770947793864,0.9763052665369448,0.7439791986846431,-0.6648098581517409,-1.3776721226749105,-1.408656664737028,0.8640717344844695,1.029286358344489,0.4484918863703884,0.3922838007013394,0.216560950810137,-0.4812742512375083,-0.280767634088812,1.4425314522731425,0.7807877798870735,-0.4014834892030844,-1.877536981201288,-1.730334405879227,-0.4965001248698724,1.6217779585706478,-2.036267336884785,1.5191414557333405,-0.4171967152687395,-0.697041612734824,0.8465704523407284,1.0529185216843502,-1.3627289028443217,1.00699341376111,-0.6032867363155772,2.313555059113555,0.6899471982785756
TCGA-E9-A1R6,-1.1184573475058632,-0.9407533603670212,0.2862946855598084,0.0083243972520025,-0.7149405906005265,0.0094016855363198,-1.2382173408842978,0.2468373271154925,0.1004006795660111,-0.2871980863810447,1.316814485594057,0.9758124736893874,-0.3853395126850468,-0.086125838956956,-0.3114737087506326,-0.361264369255083,-0.8233858783920129,-1.191890184357178,-1.162647672308038,-1.1640866135700456,-0.4405097670559259,-0.8337880316183908,0.1485314754459255,-1.551176115519697,-0.4065410461377757,0.2501849056740696,0.0702114768563147,0.505517732432143,-1.7631238902279804,0.4332572974207544,-0.2511121675079499,-0.2929577658120204,-0.2293354079604074,-0.6586373386339573,-1.2551972804440277,0.831499297933445,-0.7835734022025205,0.0569960454011972,-1.05467272323686,0.1247586105733694
TCGA-E9-A1R3,0.3956873914776227,0.7470535779568871,1.0890690406596908,0.3468652208683366,1.5270088985854513,-0.2721665735480418,0.9184725814821156,-0.4018416844403376,-1.8574623879357568,1.1889978397860357,0.5936694840622166,0.5463166167102611,-0.1467360653392894,-1.848692623072344,0.3094408401867558,0.3954034078938137,0.7619323858057944,0.5229254006107132,0.4941583044002029,0.8283985113354354,-0.654186509803098,-0.2460200623715752,0.3220771013433981,1.2463322899324107,-1.4688757712641454,-0.3504747260451087,-1.0660688316619684,-1.6107563858245708,0.2349239216630607,-0.5712850910163726,2.9518357613481188,0.081240828309835,0.363969156590992,0.6582270241364088,0.8716807525525185,-1.077945792919404,0.3400849422781113,0.1097123493369691,-0.8176126343386538,-0.0466122031432443
TCGA-D8-A1JK,1.4506240404812438,1.3957100519677472,0.7405569031748513,0.4717641830901237,1.3699320876178307,2.0681816233096417,1.6145549914754154,0.2847066262626986,0.6722440900496314,0.949434020373299,-1.2421252241641445,-1.1211828170898626,1.0799634860582052,0.6602380900065966,3.437393449847417,-0.3212895375961506,2.5040735017097115,1.2336259180548117,1.5380223710459655,1.895647511529132,1.1040205828811431,1.586926442073826,0.0044991733975255,1.1826275771063897,0.2180058326822242,2.554076033066634,0.5376709479480313,-0.2285638306158623,0.4734702427929163,0.6221711266060143,0.8187769180337894,2.2534634376766416,1.735738499362142,0.7072820909573775,1.2884757725186984,0.7491156507608374,-0.088887024149042,0.7527344993248858,-0.3058536496058762,1.8956225245782947
TCGA-A2-A0CR,2.285535315877557,-1.5516422317517904,0.1564347826741148,0.90946096748253,1.57633717172177,-0.4616494808852048,1.2664626450540837,1.4159830334139518,-0.8267936086632592,0.2023872115656855,0.3429531997584492,1.026359776321554,-0.018518737913209,-1.0736052914707497,-0.929894185677793,-1.301278841755575,0.4574590656488784,1.8632508364354017,1.208702588283617,1.203084502909036,1.1362245813111227,1.5505774324201345,1.8013825928462703,1.2121447245159047,-2.222538113195537,-1.2258551766443422,-0.3179033247493503,-0.1060379105895517,0.6285381598939253,0.8109031243183262,2.4253437525182564,-0.1957235706293171,1.4346591866128795,-0.7572477861437423,1.3167418913443096,-0.8536014260401327,-0.8195482817291203,1.033984245628773,0.8900964035140224,1.1416775527064658
TCGA-BH-AB28,0.0522210125170573,-0.411047137020749,-0.60704184962264,0.4486672800435631,0.0756277132730207,-1.006913318749174,-0.2429190658103436,0.0211894483288913,-0.2642633462546193,-0.0186412907280955,0.6720708515621409,0.5602526377395121,-0.458121706996042,-0.2703517923128934,-0.3379300420848914,-1.043464228890514,-0.3512993433434786,0.0357757501764575,0.2061561089498822,-0.0223084225151485,-0.3230906626839179,-0.3253223861157912,-0.063484367837538,-0.0626911458935772,-0.0273354811701809,-0.8665674235192559,-0.0896170487291788,0.4143753270548519,-0.2816946513503752,-0.415093661045648,0.0330588083848053,-0.7655087308740081,0.1354971386499554,0.0828142122623551,0.0822227695244932,-0.4867583326527714,-0.0118563117310461,-1.0954773130256257,0.4153444290438386,0.0730224185834451
TCGA-E2-A10C,0.4758819545812586,-0.7768956802955425,-0.2859406779494881,-1.2389451556924462,0.1638470454947385,-0.1982543577798292,0.2498512923740122,0.7575979375704767,0.3787503442261677,-0.7805461131813066,-0.0392354143106155,0.3471533857793764,0.5903706891432146,0.162294245793295,0.4040946874620366,-0.6279723896407732,-1.2053968889044768,-0.2050474102920847,-0.0125591393402254,-0.5127527227862767,0.604865057094176,0.3727934278161703,-0.6377293392667638,-0.3035556001550045,-1.0032932343701897,0.3229666610230145,0.3528914240450684,-0.0864939227440484,-1.0472098539612709,1.268329606051146,-0.0530836720190944,0.726344580605701,-0.2267166689007331,-1.4052330020833514,-1.108007611145777,-0.2851784711637388,-1.7371963797239651,-0.035511995512375,-0.3311699602408905,0.0837508903864037
TCGA-B6-A0WW,-0.7049374351433222,-0.2440298325604464,0.4438735575472187,-0.9091199902491292,-0.5020826849541291,-0.1686619747379178,-0.4144449217207916,0.1038209998195856,0.0196701060753791,0.0540594250047478,0.327246024521982,0.0374418557634563,-0.2141512736272648,0.1134345101950798,0.2735030696276436,-0.8341540672995671,-0.2698342407627709,-0.753292144691455,-0.6606426924219143,-0.6076727552874893,0.7473942442767698,0.2571309418324725,-0.3551310066900693,-0.4716551384494988,-0.115200425424273,0.1089091411979793,-0.142188599819629,-0.4108687151790027,-0.7154585364920147,0.7279286031962925,-0.4106457341533012,0.2221624112758424,-0.7910905159549965,-0.0181421398411167,-0.6843836171844705,0.2264453595344712,-0.0558194108740573,-0.1782511723664026,-0.3127363002202203,-0.5676749666581289
TCGA-BH-A6R8,-0.0857733281157195,-1.507411482865726,-0.4766790426902875,-0.5501129437439074,-0.5163726737894879,0.9096482765551182,-0.295937995742212,0.7647131080599425,-0.7448305140829291,-1.2252880417095753,1.019108906797992,1.3424781995962776,0.7693295010216243,-1.032597436932626,0.5212097813385167,-1.7276309207554787,-1.5476263492115183,-1.1207003410591936,-0.0268423759140913,-0.5043996276250816,1.9877629779688208,1.107846476891434,0.1528245364505651,-1.3807181849844117,-2.078407403216121,-0.0723131874400709,-0.5085350591519645,-0.205326326933049,-1.1955017732147055,1.557883761380369,0.0176756054695139,-1.2865028840271286,-0.0925210927455931,-1.921660141774257,-1.0327942899080491,-0.0605714241781358,-2.003784191485876,-0.0583029180290371,-1.418445318682016,0.639686547547727
TCGA-D8-A27L,0.2151339246048771,0.6619835026187627,0.1482361186727776,1.0257123759586744,0.9956565381085144,-0.7348373890525857,0.4511318613817713,-1.141513904953012,-0.773766697237853,1.034113153039141,0.8956298572776209,0.7992852032342167,-0.026336110392506,-0.6753215299087793,-1.0210609324534716,0.3625613463426095,0.0691535915971909,0.3455919980259613,0.2689499970183145,0.3551581163013649,-0.2930505484175502,-0.0474387055480394,-0.0177541210565146,0.7800712430623209,0.2428025236384196,-0.6017120959429655,-1.1003270852012987,-1.2669959935431456,0.6324685729932086,-1.6064471839257524,0.8628103474195322,0.7848927110390614,-0.8945183347063672,1.1177515485135745,0.230589310283522,-1.1089428061362006,0.8792890953321999,-0.5778272714308593,-0.0106215656295368,-0.1428324002175384
TCGA-BH-A0EE,0.1909679715119475,0.508054637160127,-3.0611472895451386,-2.058358540911644,-0.830662461842194,2.1872090635680825,0.0932339849946247,1.5322462105030314,1.498056335465267,-2.449413804936103,-1.6784661760142408,-0.6789627675109751,0.8582937787715778,1.3223649923801533,3.2163777807004967,-0.989575503820629,-0.0107732342654364,-0.3064249281194228,0.1895126450473024,0.0567135439479316,2.2210575422184067,1.589521886838903,-0.8457503128103548,-0.6821219195069976,-0.3250274178474151,1.572255059530212,1.603816042726231,0.4118664473588338,-0.7394145794962292,1.374491223465192,-0.5636769496715369,0.8875614402908122,1.044110919624055,-1.747159878973364,-0.0669755625527747,1.3727901183334787,-1.8415556170328131,0.2214064478403402,-1.3273540735684817,0.3465657598111641
TCGA-D8-A1JG,1.0337913671459018,1.6067405877787746,-0.7162859362519185,-0.3442768627243648,0.1942903284954131,0.7084279098870734,1.2036573693962622,-1.3845449748158103,0.8544952773720096,-0.2008908379660338,-1.430906991437758,-0.7956611287106969,0.8527887933741629,1.1363447181839634,1.1586624076942644,1.2135915605543228,-0.2639074543988738,1.247123623967451,0.916721773340362,0.8036603979621595,1.696448284276867,1.608939454580116,-0.2071522958869472,0.3654258005187706,1.3074488873987844,1.6021717878332544,-0.1201682831109033,-0.1528495852572003,-0.8245135701040853,-0.5357017308133832,-0.4179480828612262,3.357616307448445,0.0088349575829987,0.3828466230002883,-0.1335107068366127,0.8471662434694961,-0.3487546805293598,-0.3070166160247556,-0.7978874179574437,0.7696717436329198
TCGA-C8-A133,-1.2239443969379498,-0.6417125583052483,-3.080002001579931,-2.837504057412152,-2.1293136600730302,0.243305012986594,-1.6002425540054284,1.0390241129905218,-0.684849533151405,-3.49506730012766,-0.0116980924120918,-0.2722401124315044,0.8336811236919415,-0.8890259677144391,-0.0978540038789462,-2.3298551865426878,-1.9983711147274696,-1.6659544600513645,-1.410075012080796,-1.4563440920802833,0.349916310229092,-0.3980461165206936,-0.931035395342226,-2.1716997755584875,-1.5552358479221415,-0.0631552719907458,-0.0911374436223558,0.1240883677263843,-2.051375343436733,2.27946743963987,-0.8890169110423792,-1.2126478722569258,0.7609546334018915,-3.245036985160478,-1.7997453325459651,0.4471882033701428,-1.8374507332525465,0.0216377173706522,-2.3538014153511706,0.0516873109245946
TCGA-A2-A0EO,0.3384330886734022,0.9197518983375688,0.7132974773434455,1.1932916465199943,1.148060578337597,0.5169780917661457,0.4868520297882895,-0.52853450862919,-0.7242370575044854,1.4049096333319395,1.4504804224818673,1.3165194308222052,-0.2360666026783258,-0.6771166299297233,-0.2451337187058072,0.3164769565170553,0.9907007968390896,0.6252544091207435,0.5269976269316823,0.6326942768918284,-0.4007817658353691,-0.1385428635029695,0.4192754947605306,0.8916477989030934,-0.5924995915639909,-0.0949538534794085,-0.4179273531900073,-0.508737653971512,0.4167043606430692,-0.023187116466299,0.9795245630901188,0.3892951904505493,-0.2244361771431304,0.9164541091953794,0.707072260713336,-0.5133219912137493,1.0963515372666734,0.5868877570125594,0.2741956512695771,0.4330909021876686
TCGA-A2-A0YL,0.0735129122594903,0.6356631109603617,0.143480409063958,0.9803248791515357,1.131851463814451,-0.9529529844036936,-0.0144673142165077,-0.8215227593293702,-0.2364183312127473,0.8123184291800154,0.8131477940291101,0.3804019127772217,-1.0411301449095256,-0.0457035205326559,-0.4828560863287722,0.9908553434837976,0.6941381001273822,0.4011966112672435,0.0283668464047396,0.1498456909265859,0.1958844287861915,0.1565728175722666,0.7498434079555539,0.7204888820922125,0.9313488542552878,-0.8188661853512783,-0.4264571532685148,-0.6956655381371281,0.9401732418223782,-1.1549580239506343,0.6499255164482888,0.1403846583568348,-0.7050457494391563,1.3314790201318747,0.8731869596709011,-0.9763579807864636,1.4079816470344362,-0.9850786957038956,0.7633096907776882,-0.4817441115352185
TCGA-AR-A1AY,-0.5057619552153702,-0.4159613933248263,-0.846088099935942,0.2355087429250243,-1.2091178690043207,0.6695876436892058,-0.3502297668905548,-0.0922793907624665,1.884222413164944,0.3514830570391784,-1.338984092150548,-1.3018977173295694,-1.6286477151170864,2.164186084979618,0.6403029594816201,1.5770339528075903,0.6236438395188605,-0.3926597015827279,-0.3996732045843064,-0.4372649436208922,-1.421790776087133,-1.067655100701187,0.3826465986566147,-0.3897778903445005,2.519660981034502,1.3886472537023853,1.275897951756445,1.7740724449283023,0.7715463886033165,-1.2462593774279689,-1.022669464220047,0.1093338514813916,0.4115175106937524,-0.4747757741803706,0.069278312924877,0.3013563728529811,0.0283580325413189,0.6501810323575813,0.9595112454160226,-1.2805205643575603
TCGA-B6-A0IC,-1.7920753594702217,-0.293060267158684,-3.133724998642143,-2.3491334964457304,-2.77596487950271,-1.289711039034605,-2.2921347875792466,-0.075174895422262,-0.1692592158924301,-3.2224649367920226,0.1358570569232685,-0.2162971211327923,-0.1476768606008848,-0.3906943458568078,-1.2826951335017414,-1.070388833554924,-2.2161607326664776,-2.411834721520902,-1.3959570228737443,-1.5623913007264176,-1.4329792157726866,-1.787636838320212,-0.4908366556954815,-2.834098885271562,-0.0294303995971771,-0.663153637124044,-0.5263306859901714,-0.4145605111938293,-2.4753581957504665,0.5240644906520676,-1.494802031984455,-0.7514063227982982,-0.3776309489535127,-1.516595970783971,-1.930326528745397,-1.3233033471282991,-0.701281973328858,-0.8214664200897828,-1.7795917303054252,-0.6588535138190718
TCGA-AR-A24L,-0.8147130627854293,0.8932052528171004,1.33831796336368,0.2389239798100794,-0.395956987332569,-1.2386542036849624,-0.3189050716381,-0.8990616069842959,0.0165835055840022,0.9546159487456668,1.0114086992767752,0.6791049588717485,-1.050079965857799,0.0971821892430262,-0.3990375187254535,1.410369226768116,-0.7153611757094639,-0.2812678619126625,-0.565897966244265,-0.5312309357559896,-0.1333682397294126,-0.4538493618601082,-0.3867407345560676,0.1302553368752694,0.5737165895298512,-0.0981561046318051,-0.5074565614404346,-1.1652614160847017,0.4099647951895789,-1.112874028406461,-0.7468637968621893,-0.74753518232442,-1.3864764583919624,1.0442398764130425,-0.7164025423066234,-0.607806782088052,0.9789369879766088,-0.6400581115146742,-0.1983644607961578,-0.8939658117751661
TCGA-AC-A3YJ,-0.5987124485685323,-1.4913984153309203,-0.496464733248198,-1.3181427313491316,-1.1791377008663624,-1.0696842395204562,-0.7522754731082578,1.0677950964600451,-0.971063976195579,-1.6926563831468948,-0.0641560172041947,0.3617667410261271,0.2336952558745536,-1.181535667048238,0.4626965066216199,-1.3652873987502243,-1.1712041320160134,-0.8670050795068239,-1.144098298689049,-0.7606711545141508,-0.5281827129949372,-1.0190928970759108,-1.4183528925633566,-1.0483946740968235,-2.224564170141577,-0.98545861458215,0.0786468318353473,0.4835769547390049,-1.2181705439559392,2.0083442182553517,-0.4629369354655831,-2.352985958087109,-0.1521320978978034,-2.3501574745177014,-1.6897440820128942,-0.512839310728896,-1.621469599814512,0.0460275353370025,-1.1620071547545157,0.151879582378208
TCGA-A8-A06U,0.031763947658581,0.062592450367745,-1.0551732240719316,-1.0213767255915274,-0.1452500022975236,-0.1563154045245896,-0.194728394352408,0.4746872977905655,0.4320484493814315,-0.6221411920251243,0.0735380806765897,-0.0032738627541537,0.4293789986758713,0.4663458483874675,0.8117560083593418,-0.8694079161246819,-0.9316905001512072,-0.5790766205065855,-0.0266635277951341,-0.4047150722647321,0.8963107048620368,0.7432766818008522,-0.2235166178123621,-0.7058263860504368,0.2986937176252255,0.9532102961078426,0.5011420479142474,0.4266059295495498,-1.0716954680095416,0.658910552594165,-0.608108672273965,0.2448803464281705,1.4994189850719906,-1.215394136020067,-0.7919456240818633,1.8702638867062729,-1.1190998453131813,0.1803841047148419,-1.8223474391643264,0.0082407928215373
TCGA-AR-A0U0,1.722327513124959,-0.8929236404073988,-0.9755907786461918,-0.8608814906435794,0.3786385874619621,0.7128364928041517,1.1520024358225252,0.7779424880594482,1.152053911493058,-1.1265657388829042,-1.5355150666282718,-1.4227980042845727,-0.0792856758788607,1.1688184796820862,1.1298287559770084,-0.2780768100575511,-0.0730648988021933,0.7174024740002205,1.5249051521425954,1.4411434312783602,2.79683652066862,2.6877663510288983,-0.5008966301143674,-0.0073256389740858,0.6212953805405386,1.9754557121377947,1.571908351420741,1.6664777140808205,-0.8818643493715059,1.5550053637135044,0.7534469126908361,1.689968505850831,0.6577609918985492,-1.0545536086362324,0.4786655367213156,1.951432941763302,-1.252859959564076,0.7784891651795198,0.3825839250488699,-0.3674376779273606
TCGA-BH-A1EW,0.277970680286896,1.2560723683392323,0.7555532387422895,-0.0708830953588202,0.8924215564117133,0.5248994126477549,0.7986256778076466,-0.6284466009076718,0.22105647352787,0.1031619380428353,1.3674419685229473,1.4232890346873883,-0.1418888749623826,0.3985518700699009,-0.2919764454216649,0.1267805299452189,0.1300540165570125,0.907032749226869,1.157501018323656,1.0746155958890775,1.0216083128232172,1.0338757487000163,-0.7423679705572745,0.6328289908306489,1.0637390380294454,0.6415010880975219,-0.2075669315346273,0.1034751472792445,-0.4091984195350586,-0.9910907090732304,-0.5787310477802321,0.8782875630207563,-0.0124747762527757,0.4582712012930001,0.4807608565548274,1.304085954101288,0.5500436804729137,0.8375309557388847,0.2452403960078652,0.3216337942338084
TCGA-AN-A0FF,0.0643978577463931,0.0117790680704374,0.7452559504284061,-0.3350883457658897,0.1460164765193357,0.064042462816182,0.3865916905036328,0.17400116691096,0.278427537004166,0.0502603452143617,1.4038994879704625,1.6305340731934672,0.3843691009479127,0.3294202769590266,-0.1565545047368604,-0.2616919786559518,-0.82194405496851,-0.3120847146148055,0.2664301914393289,0.1008940728645742,1.0750147284798317,0.5646929998719381,-0.4212845058320151,-0.0212872450773337,0.6918884373061538,-0.0070295487750546,-0.5285686888314698,-0.497362583543829,-0.8536781895025212,-0.0012045592402864,0.2282948915251582,0.4856475369653015,-0.2602576045042122,-0.249158957119739,-0.2928702186084673,-0.2347533789285202,-0.1761760245807927,0.7105634001284459,-0.6045957829504964,-0.1538898306119865
TCGA-AN-A0FX,-0.7578679798853963,-0.5855631986023976,0.3515239416821279,1.3097575318836685,-0.9160960013953916,0.2627575621672724,-0.9525261386886285,0.0521806367905778,0.8288700005575041,0.7699906201971497,-1.016526781320389,-0.7841152461719063,-0.9595579263337256,0.9385574218863298,0.7695525689372316,1.017053174118698,0.956453012231197,-0.0903745936985362,-0.809578222350376,-1.0307796012317392,-1.3322285684844373,-1.2085103590717063,1.7929069346541358,-0.326502876120308,1.3596223238396932,-0.0430776880994199,0.8169756494308414,0.6024935534124356,1.2475628639321734,-0.4754363770514505,-0.2633599994566479,0.198125606740209,0.238059570893917,0.7553772343743471,-0.565507357242896,0.0169048025317159,0.6643068559978187,0.5864860774624817,2.193224071445455,-1.530858579979627
TCGA-BH-A0DZ,0.5789196002212772,0.7555729399624648,0.5580863120374824,0.6315505311743324,1.2253709867314453,0.5889392936622388,0.9324494741579707,1.1412416189262762,0.6731580124586051,1.3619678740518022,-0.0021654165607201,0.5835329886004983,0.1060292914199873,0.667461071202235,1.7444892080398786,0.3520807950887463,2.056565658836917,0.9795263676380832,0.639670535818547,0.935190592718611,0.4823867412602871,0.6552543730788365,-0.9183195346859828,0.8699779262531101,0.2062619207532989,1.2403988787282654,1.0650211077200156,0.2099845645260941,0.8467041938532385,0.8930476731678757,0.953362723572911,1.014801631840793,1.720681768628348,0.9335447858119869,0.8583967119641858,0.7389067910129304,0.3346670222815365,1.2772160152920375,-0.4732521196835763,0.4352646891820154
TCGA-A2-A0SU,-0.0544848091208286,0.1888643015808722,-0.1758927092035861,0.395050695250599,0.5543708682641114,-0.3771669879166698,-0.3839316384155022,0.3254891184058036,-0.0536054714371272,0.2628860453438362,0.2952901236997254,0.6493756268291838,-0.4864643011529362,-0.1590893651834867,-0.499010356296638,-0.2164771343237614,-0.6386424037724235,-0.3236655329760579,-0.3246107541892377,-0.332279945069321,-1.0255636959887098,-0.7300965217073146,0.4441297425741199,0.0623910714472465,0.0873386432081203,-0.4239542000585275,0.078655399360512,-0.5112802954313306,0.3579261132915622,0.0824628875657864,0.2891157456374013,0.5553363820308294,-0.6107763044273447,0.3098708555034812,-0.2785794590394622,-0.5182445720026371,0.4712615913056155,-0.602791222860461,0.2863049873605998,-0.4234760151148588
TCGA-E2-A15O,-0.8662217347686479,-1.4024723743828489,-0.2508462881624997,-0.7875040612975905,-0.3678726976241995,-0.2782766240242514,-1.1450651469453328,0.5983216229737905,0.7824229691076913,-1.157342366931808,0.930268698698555,1.6357531703087198,-0.4624647957594694,0.6381793689387848,-1.0058038147731851,-1.0690487187427034,-1.2075360435478917,-0.9000893218541907,-0.8454922423368763,-1.1785175918583164,-0.144922065935301,-0.7385956185817771,-0.4719523918404186,-1.3408895363446334,0.4082357690113071,-0.4804277488593285,0.3376507214889842,0.4765619261169836,-0.9446415738602494,-0.1569514428523314,-0.5634608314054234,0.32910787412529,-1.3911476977747843,-0.1308086154282395,-0.900734104678676,-0.5780196532758417,-0.7171751828835193,-0.1884294999627657,0.4908265302388527,-0.6772125767189469
TCGA-E2-A1LI,0.6819935872938321,-1.1937799598489056,-1.171938139518732,-0.0472643938318801,-0.793682132320315,-0.1891560460754586,0.4186876583773459,0.941225792292048,1.9624242807133057,-1.107046198995032,-1.9255427991188176,-1.400612144106149,-1.5761974016469442,1.8938361762570464,-0.3985149275127567,-0.5237031204947922,-0.5731663466095344,0.4465216923834066,0.744436307404691,0.6447062921406475,1.1396176591186893,0.9647402991840356,1.2174297018830005,-0.1865227998420526,1.6242962794460103,0.828881711033319,1.873830761239765,1.0623484316033305,-0.3705247125929982,-0.2511439304080783,-0.8706882952795867,-0.8127383322598333,-0.369709358905962,-0.5106007848904406,0.3456835177089136,0.7794267409758874,-0.9673510672380432,0.550671234216715,-0.0358686067194543,-2.148883002257425
TCGA-E9-A54Y,-1.1913071028873257,-3.8018003212623057,-3.689388506968235,-1.9715434080108931,-2.968254313819986,0.1140135637418538,-2.021272433732487,2.420684976189268,0.8213056381670001,-3.347811536353725,-0.6894060082964386,-0.3881847673768223,-0.4454477758519738,0.3913464203706576,-0.639074511756962,-3.45609514481158,-3.1664754291844828,-2.3323870633104584,-1.8880386370255955,-1.9331051825638648,-1.0012511689774248,-1.6537340705231796,0.9892001963591072,-2.7138582338605404,-2.15642240452207,-1.3827028573557196,-0.0699033591564727,1.3832350145525238,-2.1254443328291868,1.392947250673158,-0.9072305145880558,-1.4061408044991448,-1.000018439102501,-4.2444295904368055,-2.363884833911203,-1.0151648916117957,-3.5529687279901423,-1.2341908064293012,-0.948923093409844,-1.3168557457628274
TCGA-EW-A3E8,0.9704249000778918,-0.8808763025559871,0.8027733282861921,0.5853038118762912,0.959320308950946,1.518920523749813,0.4885404843248431,0.4579913155251394,-0.7120937682476431,0.4744089102106091,0.4225296549101893,0.7450169880633644,1.084395810062816,-0.9470301366527932,-0.2760458286185351,-0.2350468536031964,0.5684103660476764,0.7643094845266943,1.001971177972689,0.6031459431011692,1.2904932746093507,1.146828071736548,0.3504152533301946,0.5347154427438761,-1.0720258069408557,-0.7465107486629933,-0.7396814470608489,-0.3607157133944532,-0.809270499811483,0.4296000837766191,0.99185393047065,0.5031414776869875,0.208421281803566,-0.1680658206952966,0.7520628894875203,-0.5889146927375478,-0.3192548732027369,0.5233556524093628,-0.8068599403125272,1.3634854789283366
TCGA-D8-A1XV,-1.2280477828020449,0.1199685757713072,-1.013859509866724,-2.875297134986899,-1.7874235955732922,-1.5228781600267596,-1.2116872432181314,0.2593656102158255,-0.0857358745484345,-1.5714937663535378,0.0832630786858082,-0.1777668963747882,-0.0847967239998127,-0.2845651292133241,-0.2138047608488672,-0.2423057298012718,-1.384811646148807,-1.5185789043565734,-1.81034561152884,-1.5836163556087066,-1.208311901552474,-1.440112049102755,-1.390016454314262,-1.3225660995432766,-0.7905877680902895,0.1702054956212244,0.2418150393527068,-0.1002838042576134,-1.7253131334720686,0.1694919693028797,-1.59922171241671,-1.215617474239222,-0.8026466185259423,-1.4473982528080975,-1.644830459692109,0.0593386240964273,-0.6640187287668204,-0.3180217569746841,-1.355254657454016,-1.2898366972865152
TCGA-AR-A255,0.3906665609074053,0.5754072414972126,0.5789708805505344,0.5462863345774531,0.7491651494875996,0.7110561719929884,0.5981715651077125,-0.7904971741635893,0.0547733472195683,0.7304594139289009,0.771770509892809,0.3725325027559285,0.2091213844577588,0.2235466972327069,-0.3738955534527546,-0.3395164804410714,-0.1397529669184335,0.5924743045818865,0.4246054883219238,0.7063484863410249,1.6608004367033553,1.2460597287666937,-0.5367951138837048,0.4703761357795659,0.7158695311672238,0.0803966029457159,-0.1982076599084178,-0.1591252020879817,-0.426130779123222,-0.2675929421890295,-0.1108811220554216,0.4537875091974822,-0.1528152885509058,0.5038392776273065,-0.0196820976893472,0.0192090240534675,0.7159258929747823,-0.5350881919782665,-0.2545366542748546,0.3447532696642098
TCGA-GM-A4E0,0.8141960429976978,0.1060463736434366,1.995331152857716,1.0246348080748096,1.3918192418602882,-0.1480339780248015,1.4400777937421538,-0.7372405893616092,-1.7652287896049,0.9390935607814768,0.1102121187365111,0.1193769935528799,1.3022559971741705,-1.7477790447366308,-0.9844305023110692,0.7987200855476345,1.6425427480686143,1.5173309602616811,1.5815743605742718,1.1863000701197153,0.4279948716587509,0.7503538919332206,0.3671873962761291,1.6192610466850272,-1.1021834904470893,-1.6040633574135617,-1.8280985530873803,-1.2623820065621283,1.4254380912279574,-0.3208533101783138,1.6333259957307462,-1.1294350775204902,0.610856377548277,0.9788493142860524,1.384958455394683,-1.7935816233634687,0.915082478264788,0.6076274895858076,1.6048702637940893,1.8111389140038745
TCGA-B6-A0IE,-1.0727735530505402,-1.6415781950951098,-1.282941055789664,-1.1295737754222457,-0.7358027674377403,-0.2155378882604987,-1.488171807060285,1.7133557359779712,0.3547131199038449,-0.7032879081168409,0.8239394606855962,1.0775508577452824,0.2754658898456089,0.3468470942716322,0.379265761161162,-1.864366640183754,-0.9420087049030306,-1.0742918419728464,-1.5740048952107286,-1.9313880787589903,-0.9957936009286722,-1.1796557889481207,-0.1277795171767628,-1.3430769787526322,-1.093282571645013,0.3078745227222582,1.02888916951591,1.54397498231501,-0.8617410413234474,1.2554111026398005,-0.6815692256413598,-1.631026299360305,0.0357213439043386,-0.8668003156657302,-1.8647915503191408,1.6799972873956852,-1.1290898247290402,-0.9796026357781908,-0.0536430222211705,-0.0598380666904447
TCGA-A8-A07F,-0.0600194043811124,0.5566571142812157,-0.8401198530423716,-0.6545326763420142,0.0460273791548857,-1.4777452719378747,-0.001311115572437,-0.9787408737199892,-0.0681244198836576,-0.1202915079202055,0.8408175247505716,0.1315850309417977,-0.8842334254210511,-0.0068951754618787,-0.5445721511878935,0.5740699666028732,-0.9945782804263524,-0.4203267593647533,-0.164295088333046,-0.1723195860582737,-0.1573183673651724,-0.1371755459726419,-0.8566869241984171,-0.267594817302956,0.6294077908106616,-0.542720695741914,-0.956448616001754,-0.2067455093587525,-1.0230128255012174,-1.406355638253774,-1.2130523043520431,0.1281155890068464,-1.7710814267212145,0.0623732980990101,-0.6293367286971363,-1.081268322654208,0.355377417430248,-2.474319548818052,-0.4306741649267377,-0.8718457109397444
TCGA-AN-A046,0.9496307850885852,-0.4053927516002074,0.0320707685684961,-0.9032711906887017,1.1809058648179245,0.0877910753534822,0.9098615662541684,0.2754362247173073,-0.268318738607847,0.318265724641198,0.7247339273573632,0.3122514190522632,-0.1473586865171727,-0.1827903736351443,-0.9225737721209462,-0.508085571127236,-0.1686878468735573,0.6782226417576949,0.6075975746222663,0.9214961944543336,1.1957294969242307,1.150449051258156,-0.2832238319029247,0.0430727848917327,-0.646971031903096,0.3299888993053688,0.5322768094541582,0.6913141592954164,-0.850091056563617,0.5615393578903379,0.2960908104675796,0.1461987491019418,-0.0033842551831362,0.2162974617229147,1.2150256677315148,0.8101445402430226,-0.0704001480397262,1.9846610112010412,-0.0682503961997323,-0.1086973234264963
TCGA-AR-A1AS,-1.1260587575321113,-0.3839153402544096,-0.2370784481289586,-0.5763192874292532,-0.2851119366865347,0.9646751619331596,-0.4092625632457296,1.310134686682269,0.4467371703152674,-0.0683457594255383,0.7603891002935111,1.0216463771598685,0.2504609141791418,0.3675408072042497,1.9279204810175845,-0.6397438054081014,0.545898893050843,-0.9001628562176459,-0.9852116232933944,-0.887992082724936,-1.5309692767600505,-1.4658199821161986,-0.9592850224878346,-0.5723554388856289,-0.04711827972662,0.9201256140752296,0.7391496246251072,0.6699475023328593,0.246372725501282,0.5113661241395727,0.2466642472274451,0.6238751244373731,0.369578749187742,-0.2429849991395316,-0.3068528446819181,0.3830096628733473,-0.596802729051962,0.0821408081350745,-0.909812438688236,0.049628318264463
TCGA-E2-A15T,-1.446868822877133,-0.0379236391998139,-1.0010882967269112,-1.1142911248219762,-1.2045146595704974,-1.355983251231068,-1.30713348359063,-0.1145161746960854,0.6465796294947815,-1.632485171778009,0.7618466696131565,0.3474888638792557,-0.4393794806763029,0.6341516987521841,-0.2255682800929796,-0.7594959560067158,-0.48274172122492,-1.2672571217283517,-1.8291027025522988,-1.6164486485503484,-1.8119650863000831,-1.7603016336189,-0.5290463901326653,-1.428269068255027,1.114099836410605,-0.4040232383993367,-0.1619521277257044,-0.033989035180046,-1.3294984699687502,-1.0121046209736495,-1.498357914504593,0.907277893171722,-1.648390713152122,-0.0363139665619384,-1.077006724648402,-0.4581973271837607,-0.3637305411066663,-1.2340187997418166,0.1042413974517578,-0.6186856239836577
TCGA-GM-A2DB,0.3628345927669486,0.1711091297234411,-1.2003192829177465,-1.0801345835023402,-0.1487175021241697,1.503266093517336,0.0957671823835131,0.9178980064922884,0.6185077768290146,-0.78901272961339,-1.4515366215872891,-0.714465289175325,1.3767846417045018,0.595678889628551,2.62226472928257,-1.7408953659783606,0.187787753859289,-0.0051723325340391,-0.3104902134624773,-0.4881818755032621,0.4606349735256927,0.5456327836199111,-0.5169852385845151,-0.2728842583813333,-0.71033630206678,1.8056380260711784,1.2449322475883315,1.1960087170033706,-0.8367995649130673,1.6860993722212885,0.3897604826332455,0.4469637011345796,1.2007206938108703,-1.188445264679563,0.007712132954061,1.092701667641284,-1.6439058198114067,0.9196166771717468,-2.0523980290177475,0.579773554502359
TCGA-EW-A1PH,-0.2165909012282573,-0.6573287450451959,-0.6843479105610731,-0.5205185575996779,-0.6598128401007831,-0.1356588894746463,-0.3005146686158021,0.0766524689937474,1.2189780098859593,-0.5011439084806989,-1.3788409685995482,-0.8842082334885597,-1.4317857348000993,1.3511244952447792,0.9277250915100188,-0.4404046755471938,-0.2148862265232445,-0.4887726253306754,0.2019187039554503,-0.1843636670999862,1.5469347855565634,0.8329621794172974,2.02163169507614,-0.3878038706331257,1.0013427234402972,0.8612739254135512,1.604417695487078,1.0557786833754317,0.7156181594643768,-0.2413026558100158,-0.4796419357707214,0.122353202853077,-0.8138116490934456,-0.1514992507123282,-0.171816837354016,2.261440953588642,-0.4992447207863064,0.17810769290953,0.255549975975148,-1.2666447473082822
TCGA-BH-A0HP,-0.1060360780254925,0.4641226685085168,0.4477623737588009,0.6972060552551899,0.1111261459818862,-1.1930377608837646,-0.1291907617507708,-0.5456216291558318,-0.3892361459007036,0.2055252813604318,0.3854182875930577,0.3423111549466719,0.4421855675557657,-0.2659718384227777,-0.0819910739151045,-0.4128195107570059,0.0375315304786747,-0.0787706824284972,0.17176498413498,0.0380099011662712,0.2191208382206292,0.1641676428939593,1.060470617652937,0.3223189444290741,0.145649469573053,-0.6668572221259222,-0.3550298123383929,-0.8650318293357844,1.1110743659510955,-0.1730768259481451,0.7693999699382642,0.285301191726943,0.282869311544764,0.7246888085775025,-0.3432485389641672,-1.265512734809635,0.6771057489743809,-0.7449149309371486,0.4263577153840662,0.2808722132291199
TCGA-AN-A0AM,0.3186122288569797,0.3054263430631613,-0.5195467576002223,-0.7030213586023843,-0.0222481144138251,2.357669940851445,0.4466487575878897,1.1268720012653035,0.8259245967844817,0.1964565821618042,0.2955949030561035,1.1164114440881618,0.8364942767501373,0.7250233699485472,2.255901052007432,-1.5103153373375144,0.0142512092957996,0.2419282298974664,0.2407779329230694,0.1284953785454482,1.0087239302750768,0.9920793663605504,-0.030944008392575,0.0349886800195806,-0.0469915694710024,1.910434845056513,1.266922614369519,1.404934597648278,-0.5012556529529951,0.8116242190907512,0.3024003110019611,0.3134229447905292,2.365784782610729,-0.7586318042724023,-0.3063938686860279,2.395167081794142,-1.3391287081713532,1.473431703180071,-0.0171572062038964,1.1231855475237986
TCGA-C8-A1HG,0.8871584032761959,-0.9149492414876618,-1.1895719221100172,-1.1458246529972678,0.0842099124778142,0.1101612705213544,0.1970567046017418,1.5747029248861593,1.2409668881660578,-0.3637899507006635,0.061698759995147,0.4839807236814678,0.8266987285550201,0.9287807895967228,0.2601573784775554,0.6766952873482648,-1.2029439411999825,-0.2961548096260564,0.1425671086697628,-0.3247840517689565,0.9115161400288376,0.9273248781855012,-1.5143127827904428,-0.6759955344536359,-0.3321498903813162,1.715236645632627,1.7912417495149793,0.959166213260345,-2.449368584823709,1.906141333013277,-1.3662516300402867,0.5079231584594859,0.0564813571901017,-1.4758495407377716,-1.0104669186495217,2.286809665111817,-1.2997219896752998,1.3415531269433287,-0.8906348631252085,-0.1743628915282792
TCGA-BH-A18L,-0.9727714333654288,-0.6363955556194304,-1.6332536600585474,-2.068289238245484,-1.62290645392676,-0.0609160284910368,-1.2898252274010982,0.4329459515297396,1.073595551452511,-2.4881605871060137,0.2591675500296954,-0.0278060327279964,-0.070045509213526,1.2141871822288777,-0.092447968869315,-0.1585083872552733,-1.5802822478672054,-1.1621846222573535,-1.2630507165600906,-1.1991181199730467,0.412244688116835,-0.1531772017052317,-0.7117039549208924,-1.3936597639249582,0.7973862728382377,0.7872262582380236,0.5164193670352668,0.8738060801745547,-2.1916799461770218,0.1218468856976955,-1.8879658139106308,-0.1164349958848906,0.360133453956156,-1.2405293103475103,-1.1749505750560163,0.4040200506193581,-0.7629061434268298,-0.0438777831638447,-0.5014181101979592,-1.003664610998748
TCGA-A2-A0YI,1.215097801412381,0.7983150903804511,0.6246784288226712,-0.249794863337242,0.8975831949696434,-1.0124119842066848,1.1531338335853631,-1.2597726477989344,-1.261224866966968,0.1417619294886738,1.2395472589543,0.6234404875860006,-0.1184443346174878,-1.0393781882152044,-0.5189138871426123,-0.1525302166222175,0.2080385132706933,0.8996304301504268,1.2314987710978262,1.2912197755395665,0.3988985102256206,0.6615025929399384,-0.2243054948467616,1.0647806973299068,-0.6332320527817806,-0.2894247685623174,-1.1523443985054669,-1.2101516910044403,0.8561530285258473,-0.8988108618383429,-0.3006908729478634,0.1783010084999944,-0.0404928725938631,0.8396986170780594,0.2567263596066667,0.0623563768363996,0.6621770410685309,-0.6953339603107072,-0.3521018000917704,0.2658939284242229
TCGA-D8-A4Z1,-0.3420301024486669,1.2060915014116027,-0.1010907503637697,1.4526081338721175,0.3310180789579113,-0.6249905563089034,-0.4369261352415508,-1.0859591325334748,-1.3559813255584536,0.4578142420118484,1.1884779107986043,1.223789604400061,0.0608970360506197,-1.3177839249758978,-1.567602756800767,0.5842361086155424,0.482324398976676,0.0260316694186811,-0.2585601076840831,-0.1752292930952947,-0.73657945874947,-0.5961451926468078,1.5459744633715125,0.2566318764684943,-0.4914853910481819,-1.600797037829343,-1.6513737011068312,-0.9142958431364272,0.8931441523381684,-1.165007217022958,1.164550696269665,-0.1472858119969146,0.0013192612976775,1.03406756935179,0.6238645344985426,-0.6798105852298323,0.8590741433263606,-0.545198161160523,1.188106567423758,0.822725252793382
TCGA-GM-A2DK,0.0178188604456833,-0.072043160894774,1.4947987034259171,0.6058896262476219,1.32307911514119,1.29472562176772,0.7168393754169442,0.2345779150941971,-0.621203047355148,0.7278865645983217,1.2887381895965426,1.876820068201877,0.8957307478825813,-0.6938567987175575,0.5402176764039686,-0.0652089942061306,0.9735742943070432,0.6067394349710605,0.3189111585030471,0.0511131263525774,-0.1458743020402781,-0.1432390749907606,0.7441731170206695,0.523253334065702,-1.2455425568620908,-0.252768869772692,-0.3467403493268645,-1.1600429108443135,-0.1917274882533879,0.8505042245882062,1.2500569614657853,-0.4547208730321389,1.3675167722571138,0.6573810901425426,0.5906345930142903,-0.0564263183837383,0.3377103361427866,1.988102688559892,0.2620519431526694,1.8767855699691829
TCGA-E2-A1L9,0.2153247252514336,0.0552005350309983,0.8370629386097527,0.4383481435272533,1.25649486151949,0.4314263858972618,0.873677674503773,-0.2819433022132791,-0.5879219085066091,1.3469213496229433,0.3491278345988509,0.6476442708525981,0.2516687277996007,-0.3733229728821456,-0.1619564445848574,0.7963311019287431,0.1867512437638268,0.3616453209235232,0.2322921836019377,0.3776220906571606,0.904144077870588,0.5966763034984407,-0.8635482303954906,0.5508458354274259,-0.2417250014625085,-0.0468072090600599,-0.224018640601502,-0.973491412738206,0.9633606940818532,-0.2224701683788748,0.2602553302382266,-0.3606048007052267,-0.3978806660686443,1.137024831503857,0.3597952444733484,0.072198286450183,0.5675430492501894,-0.2553327947337987,0.2506556520929048,0.2021337148038783
TCGA-BH-A0BA,-0.3422475914735555,2.334174131934932,0.2075137733165142,0.2628092246619798,-0.6314394885735999,1.0036037153347326,-0.1571015204944403,-0.8452240735126261,-0.1161778011384001,-0.0488062272300309,0.6856413834828801,0.5341255678604703,1.4374997624667258,-0.0035717489301622,0.3122462737124895,0.1238071043438407,-0.1159593340844491,0.0825996465088965,-0.335849513364561,-0.5450828900954104,-0.9399915589453784,-0.6921481683339271,0.2298432154543285,0.3336533231304592,0.1199719089490422,0.1326232223749486,-0.8976433036302464,-0.8246474945160798,0.3958189458700369,0.1994374501798523,0.0674488394759651,0.5372933212736792,0.3552077434234254,0.4980260396406816,-0.1708502758809953,-0.6336599370188706,0.5934187669654579,-0.8684400728696777,-0.2968555065605874,1.4148853542398272
TCGA-C8-A12L,-0.0811735070490532,-0.1244002203456912,0.4222841340286064,0.0774043561244366,-0.3212399081016762,0.6736691537513667,0.3108052278494538,-0.1517541802691654,1.3009630167484123,-0.0835960706289452,-0.5910816267088848,-0.036490582463284,-0.584721970271091,1.4078827553497295,2.155203572182605,0.121141864159333,1.084255645078322,0.2807940493268965,0.0704095764375326,0.1262293777606597,-1.0493019826317729,-0.4229092651389032,-0.3171374362895751,0.3087793446562777,1.504680507235232,1.61517311574529,0.6964077291681704,0.9346129394533492,0.3413351940333965,-0.4539687209510853,0.54995285693852,3.2859670501172964,1.0344097750086314,0.7210732418527183,0.5827108953225302,1.2207454061072596,-0.8388515250047115,0.4324088958107369,0.7374458216018865,-0.7208749822337285
TCGA-A8-A083,-1.2641544791429336,-0.2030320871748688,-1.0813692108416326,-1.8854428148520503,-1.5556017981220047,-1.7468577027758028,-1.3566281124053694,0.4032201929330862,-1.028586137003472,-2.062901950476016,0.2820143131840831,-0.0675806659868183,0.4000677091360433,-1.2416074512229716,-1.220863373660282,-0.937808288622803,-1.6486700956124347,-1.7090333128830184,-0.7603219858245053,-1.532936819364252,0.8385822004882975,-0.1356519432778881,-1.1541854371508102,-1.9545002076244464,-1.1966224657562523,-1.1851400842785036,-0.616825915679897,-0.8996731006393756,-2.0267221983139843,0.759747442562819,-0.7694239330412685,-1.2243147083513268,-0.9351280851635038,-1.7021754160652962,-1.4515862449423191,-0.7076442748808482,-0.4931721156708776,-1.0109379565054928,-0.874371716362073,0.041699095265372
TCGA-D8-A1XY,-0.4923466771122085,0.7713140209749091,0.3137592491840908,0.2814583660497206,-0.1169171998541398,1.0138111861509644,-0.1486766178642429,-0.7475561053005961,-1.00864617692252,0.8023146598015015,0.7687892116421354,0.3091087464776678,-0.206396936608929,-1.1461956659636852,-0.2387108197800799,0.165748673348976,-0.0704642187147026,-0.4999213945473151,-0.4441353355285906,-0.0900324099493647,0.7666098437550153,0.3860598922238436,-0.1174274221192055,-0.1215725303085895,-0.6604995134451151,0.0455003953138097,-0.762056974787655,-0.548813881138136,0.0740465358336205,-0.3660637480921986,-0.0155620798530587,-0.8778520251735181,-0.3812547253919872,0.463312448629336,-0.2405083628086882,0.1980551663402276,0.4843641020904529,-0.7247041973528318,-0.1775074271629888,-0.5910626729706315
TCGA-A2-A0D2,0.7727009795831129,0.1183810940859224,0.0477360658467773,0.7708946481001933,-0.5587689484570196,1.927700433011979,0.2580684536017926,1.286075037370113,2.072537661953048,0.1172989499062251,-1.4393583817370006,-1.131621905897792,-1.0785504558460828,2.106575527338518,0.6739049770942539,-0.19780335420812,-0.0328470929139985,0.4647529250696044,0.5434819630981832,0.6350741321973533,-0.1947033863437305,0.1691523921346779,-1.027347269333008,0.4708343721060666,1.7030293804021344,2.0472646151472484,2.332950705388669,1.767891994320852,0.744785052850841,0.3237576957940195,-0.1570249318604108,0.5785069544118941,0.9175817647149724,0.0897962391890359,0.7005092398757711,1.6398610417341462,-0.5445699241906653,1.1694506287385245,0.4403329605879908,-0.3006916754221843
TCGA-AR-A1AL,0.0431607142959596,1.2936819075331565,0.286977444423744,0.997528697199002,0.8920039776053875,-1.1035484014378931,0.2919071048841183,-1.3423351085000743,-0.5980257814396787,0.9098087491749204,0.7536771276234403,0.5936822377102037,-0.4499229949828355,-0.3741983356937461,-1.1497021593115209,0.8767025677101684,0.8501611276790588,0.654067902129978,0.2790090386824011,0.5408261295775652,-0.8628113244590937,-0.4020029629102825,0.1846375679624455,0.8488665798768249,0.6365992660261331,-0.8785534648939661,-1.0722767692734858,-0.947755450275533,0.5116029632948713,-1.5429825746547925,-0.1381077713314944,0.6101686032713816,-0.9907400471788396,1.0881534843803975,0.9944424581786157,-0.9557288280744288,1.7164885265027996,-0.9397044002551744,-0.1651873676631384,-0.1492577866366295
TCGA-AO-A0J6,1.1190024627691983,-0.8819777715315938,-1.1759018194898372,-0.4450954245201181,-0.3508311692576028,0.5315562532854493,0.7265120582283696,0.3449870368076347,1.1019828082935808,-1.4011344404244694,-1.2709634430654384,-1.1384339989853929,-0.5550542757689787,1.1307832805554887,1.3893524885591984,-0.5838990255340545,0.0507176655094908,0.4694232725088959,1.0639789589337192,1.0826179569144327,1.7449697128646442,1.6651975112933706,-0.4803914682283853,-0.0946535153278014,0.5444220817391366,1.4009302126398149,1.6265072076130789,1.372801480889795,0.4162060995637575,0.3576456191713589,-0.050691414166032,1.20907975378228,0.6037744871535125,-1.5883055159074888,0.8432354672856297,2.1104295911936224,-1.3857176828430762,0.1083938321559214,-0.2838728356822882,-0.7083962432520947
TCGA-AO-A0J7,-1.4962094184116597,-0.6828164021493771,-1.0969727874990924,-1.309882410169967,-1.2749370533002724,-0.6401718919208539,-1.862853874920495,1.146487985800977,1.1324353784273484,-0.8028229251955609,0.8701092945833623,0.7004243125230498,-0.376458662648053,0.8693799662123456,0.1875851213485552,-1.6731418522289347,-1.1340803108530664,-1.4905772503023498,-1.559845658238093,-1.4887198922927818,-1.7790413183200344,-1.8193143303486523,-0.642252946478614,-1.8188741246562132,0.4665234365392621,-0.0240949346130343,1.0806035829194969,1.2348706499719084,-0.5897157114621759,1.15307178642263,-0.7075082616764699,-0.2135380714524729,0.5983409114768921,-1.3164409219889623,-0.9970033406876966,0.943342743658373,-1.372130066759515,0.4244678772042519,-0.4788443839136976,-1.288912085569225
TCGA-OL-A66H,0.4653808301879686,-0.4078792353079876,-0.2643496409795893,-0.9972949636400024,0.1175282638290675,-0.5040693445951026,0.2056086949287958,1.040410490955502,-0.223354436543587,-0.5454979411353025,-0.1617875592817608,-0.1126655755892849,0.0569474822555162,-0.3369025452709625,0.0429347263777447,-1.8110384122798764,-0.3191317665165134,0.2091507364650013,0.3385835341782722,0.3746608539330575,1.901038193423675,1.2558988229723012,-0.8629538261295562,-0.1816422096388997,-1.1136170961822658,0.0932981050201601,0.6134005323002059,0.8944090444334383,-0.797791978592839,1.199905890903763,0.0451416974085045,-0.6771864958697172,0.6674626405187565,-1.1639734223261855,0.0540610591828509,0.9919486450304216,-1.0964773390868088,0.914092853379038,-0.3201464412015031,0.4695551715824356
TCGA-D8-A1J9,-0.2819776698298592,0.8483479348919853,0.8846862266616644,-0.3436996484169362,-0.6980130139403344,0.2363645762651481,0.255717887373354,-0.4942284618962029,0.0749765698918243,0.4110165256913855,-0.1070035720292894,-0.1152447742090397,-0.5727565865525044,0.2826577685338109,1.1852726737387207,0.5108271189234417,-0.1321099677102401,-0.1757773547247042,-0.3528326376849457,-0.1323391041569556,0.2828347670048248,0.0777023226485088,0.6372860457336702,0.2815144030746596,0.4045555745471714,0.824899605431525,-0.4945876640763639,-0.5917553040148474,0.2507508939464407,-0.8496505779430348,-0.711698315942958,1.3209598919246122,-0.0250795823357662,0.1735508478744301,-0.6996129898628798,-0.3613754570425863,0.0175045522593872,-0.457731967052437,-1.259954130366868,-0.3446227749888704
TCGA-BH-A0B5,-0.008405344623088,0.1992885314380426,0.1350299888698783,0.3199730437481807,0.7855593241021541,-1.329442386467873,0.1947888706613172,-0.1041991109236972,0.7817545397689752,0.459128072672584,0.2606624489350438,0.0946299915395043,-0.9431291521540766,0.8537781064399048,-0.6882418942748241,-0.058282079420832,0.0741739737391025,0.0590339660854977,-0.053029546383278,0.1057004238115327,0.1866480969140306,0.1168652664040316,0.0650320417382927,0.1309041294845648,1.5605647268715224,-0.6902688893181778,-0.31366386309613,-0.1998807834529828,0.4440500670913222,-1.227515261749858,-0.0289974560195586,1.2535497556115405,-0.5430020857182217,0.8375289198768106,0.3959612247245778,-0.925710022773429,0.5450703668406428,-0.0151292630043733,-0.0269368712673653,-0.4596790029163275
TCGA-BH-A0B4,0.1702948199062337,0.2563441641446813,1.1317411750982405,0.5562021611749403,0.7113790328217978,0.1971754108640883,-0.064856893775987,0.82893773408441,0.2573088229364622,0.8486619848878358,0.9531089929885072,0.5450977230655322,-0.7338763062962766,0.0894633725863179,-0.1077972426241185,-0.4821691576238849,0.1861313038929999,0.1036657946999498,0.0713867025552713,0.0615774450347765,0.3616578662015021,0.3094142704147488,-0.1338212231133316,-0.0855566293206242,-0.0147673960471593,0.4560341271064921,0.6475323373246246,0.7662970688863656,0.7471791210175062,1.0852772289610848,0.6074666533121351,-0.0552653693360492,0.723996894270176,0.4209506551469403,-0.0283523739098567,0.0950945127976584,0.3241749310481863,0.3248664053393462,0.4199192656910307,0.2310893774651118
TCGA-AQ-A04H,-1.00212735182542,-0.379176465547807,0.1808609599628559,-0.5554870080361447,-0.8568884637736203,0.0340047788244257,-1.0387310052401268,0.0397824358125238,0.6539936537960565,-0.8932149692815616,0.2613013093454715,-0.1554036353942881,-0.9059426234371,0.8686398703452088,-1.1602954975623512,-0.2691914487075872,-0.899089389382306,-0.8355638503598828,-0.6141142110373067,-0.9086543063181016,-1.2213186456198544,-1.2054624176661095,-1.1959016582321147,-0.9918184384854414,1.1821531079138508,-0.2761633708418804,0.0091731440037234,-0.0516214009884585,-0.9165312900064142,-0.7624817792489286,-0.9186792334947274,-0.3734055053509738,-1.8586673282929225,0.4161574617176536,-0.5274018369296927,-0.6040412419053238,-0.184839025862297,-0.8238279069707718,-0.125316389486388,-0.6108797059778285
TCGA-AR-A1AX,1.7050624517163933,1.1993073397709868,-0.3659423374196207,0.5965363823916742,0.7701297187580558,-0.1402365599082435,1.2529976498255653,-0.7011655889193937,0.1488076029234566,0.0838591478001486,0.3125173344417997,-0.286781946005146,-0.2408508897648004,0.3729308869260277,-0.9292026721953492,0.1721786545897506,-0.2335465135063289,1.4772534238388064,1.3963100625949751,1.3257129050769536,1.7545915500938485,1.797931792994791,-0.1169214522762104,0.8024047739750811,1.075295855166525,0.4439760965735728,-0.1076968577011268,-0.0487335075859859,-0.3286117169031488,-1.066885512326405,-0.4010047885053185,1.600915529091346,0.2190428874655151,0.7014663922265539,0.3867995324029964,-0.0219030437458373,0.580839268943156,-0.1928915002851202,-0.3311438129106079,-0.3990841960006219
TCGA-BH-A0GZ,-0.9535089737149676,-0.4897795777973114,0.946485935593648,0.0328796734847255,-0.3662017524821201,-0.4065254016364266,-0.3361722201547174,0.774691593404208,-0.0924125043250029,0.5203207245794167,0.7656395300819322,1.6882192496534378,0.5415646862883555,-0.3423257937410411,0.3268530800636224,-0.9165133617368784,-0.5335376500605467,-0.249950180155918,-1.0286478192710002,-1.0983261299925575,-1.2543893514097375,-1.0802018521958388,0.4164142436619359,-0.5962891094461316,-0.7242239907623901,-0.0225283061541947,0.4965095893745044,-0.1230657848366657,-0.272516387681916,1.5866864871267057,0.5229495711991418,-1.5005651417190005,0.5189688867649022,-0.1852360233719836,-0.8848205019791852,-0.2248125106832249,-0.212066374365437,0.5796799637350193,-0.5430340582817419,0.6027518567750734
TCGA-B6-A0IN,0.8838920435108761,-0.406467285019421,2.023074473931013,0.368317269833658,0.7186034670533369,1.3653966842439684,0.5316112828145719,0.7646470887114474,-0.4202658135727882,0.3218966228202529,-0.3772703325477489,0.0582080893978529,1.0961232753052377,-0.2954563676791036,0.8829377436290243,-0.5769482603262934,0.0095180511334142,1.0377535526668942,0.3523391335675835,0.206938976222192,-0.572802759555457,-0.100642446280526,-0.2275253894880023,0.6040121444325873,-1.2548162960547058,0.5706495142982968,0.0249807023566078,-0.1505688145541132,-0.4045111814792535,1.6355484436993073,0.6518474339170165,-0.6184039415118696,1.3342008563909369,-0.2395613782666729,-0.0036094624721816,-0.1338428471690852,-0.1894031411243375,1.9838353732345144,-0.4567675068182202,1.073004064035017
TCGA-BH-A1F6,1.1352960145186477,-0.2848166330166656,0.0534258392264447,0.0063231856359442,0.1977880820654028,1.2025883002733213,0.8702515148840465,0.3316246813948553,1.0963255908890868,-0.1375448194914958,-1.0952664068336435,-0.8629689056400142,-0.8052824889239238,1.087104554517046,1.6625569653042038,0.4941960798206222,0.6931844172061563,1.3083983546517723,1.076288137916153,1.3751113206217247,1.0081568234757798,1.1450548897111243,0.6897691201850507,1.0011088778492911,0.7988177581609945,1.5116286680351778,1.4929754106708455,1.7344160655911718,0.3255918435057222,0.8820982538618064,0.7843450053509652,0.3403262147573141,0.915795534823115,0.0426007431464509,1.0041086318526262,1.9962050704938912,-0.2495886154196444,1.2261546474216864,-0.0157379146433283,-0.8085543988413361
TCGA-A8-A07U,2.357040810009864,0.0037427023554394,0.5454412436757191,0.1244787109463798,1.109824358821058,0.981667489958268,2.1256542426707927,-0.81954667847392,1.0334839434084977,-0.2049489827367757,-1.040770855985126,-0.784875681009287,-0.2596888480315232,1.1977316140866885,0.8903636170714357,0.7641320039529778,0.3513363974640391,1.9741811688651765,2.373908825834944,2.1495500493837576,2.4734416435304807,2.7062584110455763,-0.3539124100553111,1.0811302278898955,1.234136557149872,1.6490663614786143,0.7324852521590616,0.7492268388727695,0.1747660180718333,-0.4209290092731957,-0.5003074023538726,1.2593674777555648,1.1628201870106158,-0.7470640930357868,0.7849999200222226,1.6128574686702313,-0.0974385858689403,0.4709815463226647,0.0439230616357994,0.0123839921939166
TCGA-BH-A18V,1.1752296003488885,0.4849500783823515,0.2821219770079169,0.3319584503554305,-0.2688285271642422,1.263986410646436,0.9452757867761749,-0.1084958645055367,1.6174992821224643,0.1327981512832562,-1.3561332876541168,-1.3856577014502245,-1.5987253683316531,2.003931142545423,0.3999168757536539,1.0669982800599995,0.2329011172395047,0.3232772977993098,1.231062564501955,1.5109519625162948,0.603507139457782,1.133106107123648,1.3029919182728154,0.3120397580017934,2.0875367255202915,1.8348512832255224,1.1768583327244773,0.7583154206095873,1.0551976562654863,-1.8451323607483785,-1.1941002060678707,0.7009499373029103,-0.5322166955909592,0.0207580449491523,1.2868879650567682,1.873151563454193,-0.0719012609988889,0.8372726694699392,0.5672066785685937,-1.7529285509812422
TCGA-AQ-A04L,-0.6263266027634605,0.4328146813111778,-0.4216932698056129,-0.7330080721042507,-0.4090688743302013,0.5821675016134474,-0.6300638842205941,0.4345253108220054,-0.2324112413586117,0.2042109673947753,-0.3939260940990315,-0.8041769186114311,0.4856139322062326,-0.240848337750045,1.030342493574419,-0.1302739508087559,0.7478101169401262,-0.2720101073629815,-0.4385443552845987,-0.360971521223177,-1.0590915037909308,-0.799409899335947,-1.106201879448452,-0.3363466787557807,-1.123533450935843,1.0228295494177635,0.4234634693742167,0.4078076907934398,-0.0336583867107263,1.072986904672897,-0.2193482373878439,0.473015137028103,-0.3532229794815163,0.7180746291691547,-0.1264451638416956,0.0276406539537756,-0.1383205541143815,-0.4114830198121211,-0.9236826498622212,0.2142755447250726
TCGA-AR-A1AP,0.0585183797719942,0.5100059999064948,-0.105347055954499,0.5174750696102777,1.0712210331665075,1.0631548146384295,0.4978700897077098,-0.1554382896145111,-0.1622880348900819,0.4835797037328593,0.642234744219421,0.478789384965646,-0.4191038737527052,0.0466974213777425,0.3949440205314996,-0.0368855515588401,0.4780489573829397,0.0480638602244608,0.3071608867719975,0.6003843478971347,0.7822887945246456,0.5715353057220072,-0.5087277942708476,0.2787185806537747,0.5731005628757093,0.6107519648356866,-0.2355534203721416,-0.3387188985905319,-1.119458478871511,-0.5327499167762619,0.4156955005675802,0.9007110766317393,0.9443547657845224,0.2685656628187848,0.3432509510058255,0.0729516264798476,0.2412591481190233,0.0365357833073083,-0.9540370469646344,0.2713370328983388
TCGA-AC-A2QH,-0.6136099293263633,-1.3498236430027826,0.5627409909938434,-0.704260697458714,-0.9915933323506873,-0.5215612904841342,-1.4290279062142848,0.4911696192611189,0.896615500626434,1.5861263775028738,-3.169092643000194,-3.99179994620902,-1.3993780428099778,1.0570091968810158,1.337871039411661,1.4657141330856107,0.3649473208390792,-0.6173773998486597,-0.2494151219154438,-0.3460104450331257,-1.6714737336367007,-1.6237438372408342,-0.5694004512942016,0.0474299293582423,0.6720940278783151,1.0596899608085135,1.3870178289339836,1.5750726309519854,0.2567633482392943,-0.7029355755887282,-2.217022640876104,-0.7628172856289903,-1.7829500882175722,0.5381068634413281,-0.910240327091238,1.975012671558644,0.7406144348336277,1.052289084963412,1.9082392208659105,-2.2291353796973805
TCGA-AR-A24M,-0.4336138016621977,1.394329820125008,0.5214527652787365,0.0149580830815506,-0.2251234717725268,-1.8608381506334035,0.2486360042175035,-0.9374455207128536,-0.3334262325146967,0.7276865201983287,0.6483465438695678,0.4182269542031481,-0.4668219062730252,-0.2908381486963287,-0.7701758973390859,1.0630583215679843,-0.2730874119326246,-0.1785637538367916,-0.5783364591904647,-0.1294429352607147,-0.2204547789356667,-0.4479568340674705,0.3043179582922806,0.4899315137158885,0.2830723870375668,-0.6569620033433891,-0.9424188181673072,-1.380034016034021,0.7589927428780376,-1.2822818258958928,-0.3278416228490313,0.4072474062935374,-1.6144152132983172,0.1941330484565855,-0.744922385254398,-1.1294572277348471,0.915200194680319,-1.9943716681828596,-0.3426256389243145,-0.5220790959905802
TCGA-AR-A2LQ,-0.0913434545270577,1.531903441993285,1.3285941317501315,2.135192244753143,0.8756271425698172,0.6645691025142553,0.7762497295852606,-1.945964327394468,-1.2847299314917684,1.6355988924192686,-0.2203237670136056,-0.6254532745594091,0.8388174086041571,-0.9822572243239388,0.1593523945696633,1.4617221025401572,1.7665700798519837,1.0468923172677338,0.690626623199964,0.6675003007653746,-0.9916293346631844,-0.4659615863270707,1.0188031356771816,1.5282984626999796,0.0716649598135037,-0.60698905396761,-1.7570760430661256,-1.2553707044882767,1.2201576398136096,-0.8432611522601794,1.463379617543482,0.2136455120514116,0.1043240642061831,1.615025487027164,1.2733974862528807,-0.739909785937767,1.7892674203785142,-0.2679904918842195,1.0664856408116086,1.2604624002295646
TCGA-AC-A62Y,0.4395832968585342,0.7729844465507163,0.606909842861685,-1.004113513040242,1.9074851694800203,1.1175196887091183,0.9968718207145644,0.7872189681928626,-0.3205425247644283,0.1632186033754204,1.0864880612199976,1.4481296915779385,1.3151239516928284,-0.632978968608828,0.6577154272647485,-0.6488712319578396,0.9964705207380746,0.2794786012757272,0.3211100541788344,0.8948420327745085,1.030951813025473,0.6968684949629218,-0.120270402263512,0.6496664521376101,-1.2337095234992934,0.3142088423932996,0.1983709370971151,-0.5566477744976732,-0.1450519022905453,1.11488829204298,1.408471059567756,-0.8323652903789014,1.5722390214178903,0.4853511715577666,1.7252671007044755,-0.080481680899571,-0.2873202986142533,2.6336413779368884,-1.005191711373735,0.8939354762870598
TCGA-BH-A0HO,0.0039991025266709,0.7528530939633731,0.0673133431248373,-1.028042528428062,-0.2864936997390829,0.0661727658841079,0.1036652003316549,-0.1732203689118762,-0.5532082841475884,-0.4302787653200326,0.3966426433271467,0.4242293108697816,1.050670330393743,-0.6364186990793315,0.1451432615800687,-0.1151770472185232,-0.9226356474185968,-0.021083770603189,0.2008898930140354,0.1380761671947952,1.2104292311378828,0.509394047957046,-0.8252523782230848,-0.1623452152476903,-0.7436302596168047,0.1709742930354424,-0.0902213381240451,0.2105719567919405,-1.6518990916126657,0.8383450442450094,-0.4565114919521085,-0.3732387453210822,0.2974950695453632,-1.272011839750038,-0.5631219898834832,-0.1493847183980401,-0.2454513093346652,0.0091498260003624,-1.1795204650640074,0.2659860759942343
TCGA-EW-A1OV,2.405354119960334,0.0122891049260856,-0.3139498905589424,-0.515301340488343,0.7122544363874257,-1.3424589625749603,1.294480232239296,0.5807625913886538,0.4188675635702361,-0.2141733596017425,-1.8899118863222597,-1.57436310062451,-0.6038283530549541,0.5402292044464578,-0.8141418789150914,-0.7748486838954702,-0.5798001271955345,1.2221457158462632,1.6711318461446796,1.2504562009058169,1.0042976828328252,1.525564021853104,-0.3529043336799188,0.8764969712406826,0.2523960077943696,0.3153899997588206,0.6259272828147332,0.3510331058802635,-0.1685717531452697,0.2763867504916931,-0.5054786679380944,1.3841623503335727,0.5565289581284062,-0.6327213140780564,0.4194294110905904,-0.8908268187170976,-0.6808374443205787,0.1531094110698625,-0.6122177748286886,-0.684780283734437
TCGA-A2-A0CK,-0.2196710050532795,-1.3757374016689914,0.3463126416611623,0.3142940219970427,0.6756495775988933,-0.2111719762192541,-0.5690687215827142,0.7089043426005832,-0.3614872112969482,0.0102657672877608,0.1016917195488926,0.2913920586973886,0.6663115776720522,-0.4175446478857359,-0.5847554481591117,-0.5848169160015981,0.3915023054815267,-0.0014836090118499,-0.3178394139128376,-0.6052657502509653,-0.4980149379679894,-0.4470318384785898,1.041395274915867,-0.0705216898905475,-0.8582878875091113,-1.408945140755464,-0.0135910027225284,0.2658308906518229,0.1613573285109792,0.3583864564671407,0.8679567960647724,-1.0169457782240032,0.620325920281389,0.2343261989905123,0.2708330988161738,-0.6361009810112707,-0.3073325714899335,0.3339252848899109,0.5425541364336992,0.4367284586850226
TCGA-E2-A1L8,-0.2275425196431599,0.409947176416395,0.4216638197355804,-1.1582156177156049,0.4960608168556553,0.502390831835009,0.0620001033963141,-0.3738317878212023,-0.5850245289315735,0.5610814218428557,0.1562845728685726,-0.1805647531053844,0.4937286714967124,-0.4970916010760388,-0.3661627471196714,0.4674878315055741,0.3106302122203122,0.1272389136172207,-0.2312155435873634,-0.2399709637186175,0.2289606693179665,0.157516638689362,-0.4389327397493066,0.0717224329735426,-0.7797224194498635,-0.1487967940821934,-0.3602312111354862,-1.367449032932875,-0.4189674751533415,0.4076920264609244,-0.2371495867473803,0.2687673730931859,-0.1544828726579581,0.2119420636116715,0.2384763912541931,-0.9151314687361228,0.7359847322320002,-1.1128342045294364,-1.0636557811898877,0.2015394721792129
TCGA-EW-A1PG,-0.0599815538063041,1.9384698457180292,1.4962223095819414,1.388628861480051,1.048421652388198,0.1957956712432022,0.2884422057398927,-1.106945717674963,-1.216967860814993,1.6890640881462524,0.8344240587631765,0.6382067812610208,-0.932016847811179,-0.9433135871349874,0.317178012320443,0.9097593650992062,1.718949378546422,1.2591620222691868,0.4268761794392096,1.2365837654031693,-0.7758202738883113,-0.2514470294473671,-0.4280091355545784,1.3791504184738037,-0.7937227487912725,0.2141168184785257,0.2330354116846408,0.5808747867879821,1.375004550608904,-0.8417899323192745,1.9332065262627656,0.8629747990287742,-0.3162171447375463,2.070431363190285,2.326174423408097,1.378620258586549,1.5830802295592412,-0.3266918776259074,1.1261670892266544,0.3004597190162193
TCGA-E2-A14Q,-0.6586737169183173,0.3907220589751634,-0.6090785707675173,0.2815638373268702,0.0628198525335224,-0.1153074484647247,-0.5683243680442025,0.2341136362663024,-0.270257301814913,0.155262579207377,1.3371742803351725,1.8582323665454916,0.0712393807861312,-0.2917829109459924,0.0405632925077766,-0.0467648091337866,-0.0550911186932043,-0.3420856780081956,-0.6858150033536482,-0.6972745991487888,-0.0248279819980386,-0.3136513328050284,1.2107123744691637,-0.4044512855497165,-0.1741852619064209,-0.4879568058925402,-0.2052765178113233,-0.9675504856655612,-0.4502356963437967,0.6704270170518459,0.6344647726829648,0.2146902026465698,-0.0050170032074509,-0.1610917733284853,0.0318205200637949,-0.6053555362150792,0.1967831650955691,0.1959327461114672,-0.729728177079933,0.7055679529049633
TCGA-EW-A1OY,-0.521447291056689,-0.4491535424402713,-0.7051642577601094,-0.6236912113417713,-0.8310974982473613,0.1874180678116352,-0.6065653514516516,0.7022844250903774,0.8796558969073343,-0.5374030619928424,0.6886162285241061,1.4414566830130735,0.6280131318180304,0.8621119755899972,1.9156813557620664,-1.3936444620047088,0.12447734774441,-0.2555088222685614,-0.4662694705923362,-0.2562661723569883,0.114350963498198,-0.0501558869058159,0.0867344860917309,-1.0268021655901989,0.4369790476625295,1.173504519816558,1.384706604810798,1.2936861129652772,-1.443338689261572,1.3145558852344732,-0.7372814600396682,0.0935837628296544,0.6769366285163411,-0.5107250048206184,-0.5582292494360976,1.573971564467196,-0.5517323905613195,1.9136551550823768,-1.2873638690631732,0.1393371147350731
TCGA-BH-A18H,1.567031888329084,0.8419719271861755,0.6188832656788426,-0.096048541595406,1.042041256949727,1.4408266391005964,1.0906392956722195,0.2044771911911011,-0.4374883466485093,-0.0617236757185941,1.02238737019091,0.96402155694876,-0.3822648781517978,-0.2067707998336447,-0.55141002943754,-0.4048214967293321,0.0112880633688962,1.658340967020859,1.343867925204653,1.400870499870095,1.14417839049415,1.3933798749678818,-1.015664355027788,0.6241531178412486,-0.2989470055577001,0.6318884000512688,0.2145351543214977,0.8521811590367192,-1.010118991276293,-0.0456274440139475,0.4079846180721166,2.1289441061219843,0.2490367536837598,0.1253271245336592,1.3704749571029844,1.541741322281879,-0.0556642788956148,0.7693293783789505,-0.6432603848935047,-0.1899381076542581
TCGA-BH-A0HU,-0.7573816106936087,-1.52825590686053,-1.3542138766865444,-1.1262911247266083,-0.6790642963565098,0.3179931295192596,-1.1418293556748835,2.056662767083429,1.6060842922978298,-0.7499931488773911,0.319282641855772,0.9004183287704943,-0.0092840234067461,1.383731627280086,0.3843103779255784,-1.8053238274785792,-1.3122405009029414,-1.256006986070063,-0.9225925674162766,-1.2378978814190522,-0.4184689792116324,-0.5135656215772851,-1.320504292546135,-1.438832839419789,0.443695482366897,0.6924346603930557,1.376033127040191,1.5053186754664474,-0.94106568732585,1.1037921576763094,-0.7051894014802366,0.8524392141716074,0.0906078542256422,-1.7574549909978012,-1.3077053660589475,0.5274194414637753,-1.3031695451993128,0.4159775001701544,0.2080299852949822,-0.5737372650864537
TCGA-AO-A03R,0.5013346282477925,-0.6004425221343994,-0.2631814669652449,-0.1342639144192509,0.2236056536344743,1.2656425352259288,0.0487748648438444,1.7286135981202408,1.3260687828642552,-0.5290164297081487,0.3558041207240653,1.0453950499785614,1.585621786933562,1.1528508885040525,-0.0542040778088319,-1.0596492715724637,0.1795099750461417,0.5300363602679169,0.0936351093131602,-0.1368819271516883,-0.1942046480299551,0.013357901115116,0.1910908916202706,-0.2831226909829975,0.2847289076240755,0.65188302826337,1.5194454742763943,1.0135807634671914,-0.6920120987185115,2.3668894051781013,0.528769130764745,0.581077839977221,1.088848142627314,-0.8985115874226103,0.2201614364023134,0.2343822034934665,-0.6042608302487698,1.1522966869718925,-0.336948914499019,0.8261244301342017
TCGA-A7-A26J,-0.4673813935619528,0.7967837784772078,-0.3962691283278831,-0.0852717411578958,-0.4865309132264181,-1.3674121055787294,-0.0129198252821107,-0.7032885196362795,0.3100015527045258,0.3916357190058341,0.3909692578966995,0.0397355516526878,-0.8221477905888902,0.4319219913246275,-0.7442349747476529,0.1720932338300886,-0.7967721037742029,-0.3053912884274544,-0.5375556449244925,0.0986925317887257,1.2357846753731336,0.6047308153103609,-0.0823742124459279,-0.2884377283338514,1.004765066427662,-0.437184991640392,-0.502746024460355,-0.2428109271235452,-0.6932196771561455,-1.300458409758693,-0.9295961154274748,0.6610492050227051,-2.0952797584113134,0.3472601445414188,-0.4013238032580249,-0.6168848191883213,0.7321872835960908,-1.1650332287865035,-0.0735134385646879,-1.2996583865098184
TCGA-AN-A0FS,-1.1121115447536862,0.6647468323320413,0.4456769511524251,0.6392573241959549,0.2705804612382964,-0.2319868369572884,-0.6104765069068749,-0.477836597896713,-0.6928985924484229,0.7646548531822126,0.5079798129392242,0.2907872589472315,0.838968911116146,-0.7961294579868313,-0.4780073558270816,-0.0157256282057317,0.4396492179410496,0.1537739836332104,-0.4801095694053148,-0.5958924791892273,-0.7915606187022272,-0.7408940097882538,0.6606927068919607,0.0933516531769291,-0.7365952814150877,-1.08560520695059,-0.4963128925689251,-0.7707313247009447,1.2799164312974942,0.3169301129736235,0.1842393475463212,-1.1498445521598315,0.0707515805555343,1.1906962731619215,0.0031652359109318,-0.9274693716043454,1.28227336158951,-0.2539584106174811,0.3350321230807194,0.4198080599041503
TCGA-A2-A0ST,3.1040726589749124,0.3441485901237651,-0.4215246346390774,0.3964457097048839,1.8684753853886007,-0.2157985866847278,2.4707279041073456,-0.2105586109287542,0.6111427361436976,-0.6371363495928859,-0.978645142113854,-0.734355451010523,-0.8575126779912563,0.7147072682599714,-0.7252590229146464,0.7653608528208331,0.4219855414111168,2.654456433076793,2.6719624270626,2.3398661417963647,2.322095735057728,2.84789434016089,1.581419180137707,1.6895661328298035,1.1001635402907703,0.8401247094008129,0.8329727754913323,0.3684493342253804,0.7563994029689186,-0.7633116679651955,0.6043007506997718,2.587877880445952,0.6706035611983281,0.2675721281504821,1.80384003382422,0.7393037853468875,-0.1547393613019066,0.5878517400502591,1.6414211436469914,-0.1670395622813276
TCGA-D8-A27W,-0.1454800884225081,0.1039561455614804,-0.0529736149852375,-0.4708426440384412,-0.677171518953792,0.3464316564603597,-0.4542233006617865,0.7824978207912062,0.8277143285104549,-0.1597323401663193,0.5228619543475425,0.5436254565049974,-0.0364040712065139,0.8614521679050908,0.046982789415437,0.2600422055392022,-0.6094632528013242,-0.2187932794915352,-0.6615025588727705,-0.7997038764099804,-0.1823109655166496,-0.2855396830886386,-0.0893403555409902,-0.6845687630837582,0.6416668327771391,1.345573875333988,0.8945957936839833,1.3180760263024496,-0.1182676285238244,0.789736978251265,-0.7388113271282815,-0.0676877540807028,0.4238695698407536,-0.5341436350519934,-1.1834727734032688,2.222404061286116,-0.0694689071616377,-0.3028778205201679,-0.4502670318554626,0.1752554100386411
TCGA-A2-A0SW,1.2665665746422718,0.2840780686499484,-0.2137844986769854,-0.5344805319522931,1.048942157921475,0.6454228775809226,1.062292760307067,0.718998373988037,0.8521400754907577,0.1832035531470834,-0.0114298807249226,0.0302209320488979,0.6915612370946219,0.8365775130897272,1.3193238601152686,-0.1850250884037784,-0.4529172506251164,0.2563417865377659,1.0499434929725109,0.3679470831232519,0.9427406516937632,1.1469218232166565,-1.512260424127657,0.3604309560253566,0.4543829212756369,1.436480120479514,0.733303795352465,0.4047258800561992,-0.5290185057344319,1.348730775672462,0.3479024632554924,1.9904355359857528,0.9825087254132988,-0.3561663549980916,-0.242041914459732,1.4766794915273125,-1.0529306626711523,-0.5983115940562105,-1.2382723285966246,1.0210670185089656
TCGA-AO-A1KS,-0.5659488017307582,1.2583825287540331,-0.6901405169085554,-1.4675226147278075,-1.5987107830817089,-1.0044930619248902,-0.5114424267075618,-1.304177164238036,0.8047996666009114,-0.9896649225755568,0.3014738039476468,0.159723500829993,-1.5615456731558128,1.0993319511543491,-1.681842870599205,-0.0101141974795721,-1.6185252753450274,-0.7710440895281662,-0.6378806849099328,-0.3314513900987589,-0.430390452900157,-0.4186133552984162,-0.551681708845766,-0.4669781346231229,0.6328416602391542,-0.0071389870997158,-0.0509784195095181,-0.2524741360400072,-1.1495936982830208,-1.331687808007162,-2.867806196992852,-0.1745413677090878,-2.3724875557850345,0.2382381621014927,-1.003898435084691,0.1805345286421015,0.586037394997572,-2.2498780028200684,-1.1832736580274956,-1.548738091914716
TCGA-GM-A2DL,0.1361179564504329,0.5724844375463368,0.9695291365827275,0.0865570472374614,1.3111004353533018,1.5846340505037853,0.4515617038368016,0.6810592761553491,0.3891961380060035,1.4435958459155622,0.6095272907312016,0.8584198412364198,0.7084690772219004,0.4682453662791917,0.5432426172732022,-0.3038678317544263,1.080011092921686,0.6664308492483033,0.1831345589539097,0.5959711802805697,-0.0443880390667463,0.1313511723690666,-1.0712090004276371,0.5743690238263394,0.3187467444835966,0.7858548695250563,0.5938749368254705,0.1522360512964318,0.5244727945844343,0.5211660088192983,1.5123548750316218,1.008558501088973,0.7217928889556853,1.2171387373880445,1.0747827214725565,0.3800189365422937,0.551191711817766,0.627213977167897,-0.4412483371289616,0.6258690109372868
TCGA-A2-A04X,1.017491387362499,0.0899008921727136,-1.0214992463182064,-0.8860253200919157,-0.0473203136812054,1.8066444394345824,0.435477358938479,1.776340896518774,0.6914670203454867,-0.8282130764731602,-0.8903797353959881,-0.2855846387584296,0.7958097800775433,0.5712170359455812,0.3381581368072607,-1.098808469567908,-0.5933385275020785,0.2934526987705385,0.6254323788470154,0.5147398486686218,1.9206093517022933,1.745711716456939,-1.016095356925024,-0.2188613601025044,-0.6224044030718555,1.209081634019131,0.5431653660839694,0.4092358479068845,-1.7658675821243373,0.7892326268818407,0.9107395187749808,1.917560617620868,1.0837034483371333,-1.5244297727894598,-0.0152916656931101,1.4135105389338176,-1.1544683456431173,-0.1662356273355283,-2.047743757589103,0.7829117559381193
TCGA-EW-A1J6,0.3375496374738714,-1.2612104966192466,-0.3457426213145227,-1.834485972779733,-0.6848535868766532,-0.7461815399465983,-0.0875436099345663,0.7809428758983228,0.3639748861626851,-1.6603510225822875,-0.4742950491801141,0.0393707871830834,-0.8430057276966473,-0.1147531299808846,-1.1895883518864108,-2.042072166856183,-1.2393382170365044,-0.1370905567034132,0.2566131351427111,0.0728831612270027,1.304497543849553,0.9670984542141484,-1.2282398143783373,-0.8560073466260307,-1.6892194306643638,0.2446990525243091,0.4033636005574573,-0.3542555210285519,-2.262531023278773,1.221478955524711,-1.0092811506951065,-0.6343658064391319,-0.7967576425836596,-1.1371593030000382,-0.3238631593786034,1.015280247079153,-0.889972984181864,-0.4205609919140153,-1.7229173693591795,-0.7564766668357742
TCGA-B6-A0RP,0.0555070399100009,0.1432326445052707,0.4427710455694594,-0.2198831951971339,0.4211676718135158,-0.2596407443806693,-0.0218268050574075,-0.6643009136478575,-1.013787224531216,0.6140094964414002,0.2717477596677872,-0.3153175483956414,-0.6812678407158553,-1.143758874076999,-0.6806861523974039,-0.3882951587678582,-0.0666727010169971,-0.4262043824256113,0.0679321795757316,0.2407607220072793,0.0148661270094306,-0.1137915579823995,-0.6561042773037331,0.2485492597999556,-0.6922946381427231,-0.9767431917215516,-1.20045056096445,-0.8224992501117349,0.0804165049649682,-0.7845908178251576,-0.0466116616528455,-1.1777686416471107,-0.9018163111027436,0.6931528607604122,0.4481416918480812,-0.7033377300164356,0.417817517321905,-0.4101625889907698,0.3373805819848405,-0.6017437828375005
TCGA-E2-A159,1.3800208394297235,0.3788953393212912,-0.0828609674638521,0.6707059145863223,0.8174723004785012,0.7449899745266412,1.3272152516349414,-0.0318716168229524,1.2921152954314403,0.0096446770337261,-1.083507816254898,-0.5646276290063197,-0.4042440292810132,1.3947403645459808,1.8088677938851956,0.8328633156693791,0.5488263733317662,1.209940861706186,0.9919332011353816,1.0797755945611422,0.4247205549031932,0.9325833801831136,0.3232356975564421,0.6543039148189931,1.7006435826683877,1.7467477273863967,0.8511867138709642,-0.4702885840960902,0.0793949637733343,-0.3715897835050116,0.8546275368203357,2.6995054448813987,1.0380853131149663,-0.1209993891816509,0.1775437431486117,0.5776650437636471,-0.4649793439044807,0.0954717324361409,-0.3647270726237012,-0.4253616839223211
TCGA-BH-A0W4,-1.1335688979671208,0.3860022074239351,0.9998043502624178,0.977632724951698,0.2536707707495142,-0.2020640074247447,-0.7720185930332017,-0.8823228139691954,-0.38192703707978,0.9001342238565263,1.345519682387922,1.1571428075679169,0.0023218202091591,-0.3021360851171283,0.3078012357295651,0.6059453029278972,1.1293579613406812,-0.5069520382226952,-0.4481638892206055,-0.5232944113921235,-1.1618049947939386,-1.1624704138621564,-0.1387166303175593,-0.058863600627651,0.4135571202276273,-0.6206251791023607,-0.6387372245567984,-0.6631510055485589,0.5232411660636509,-0.9532754708534298,0.6145672853260344,0.0663198605234712,-0.6739075133209275,1.3630264044381923,0.3974345663324828,-0.7009215395888275,1.204248160190358,-0.6752004736058332,0.0012189990001533,0.1717708922993985
TCGA-E2-A10E,-0.4269127384417353,0.6242880398799863,0.6437355670657346,-0.5241747559354883,0.0203222581448499,-0.6043708451169201,-0.056900833736432,-0.427637539682041,-0.2227093803095926,-0.0648304105329709,0.6025481858602486,0.3337017497077808,0.6246862142115613,-0.2641955318908527,-0.0333855559200715,0.022748099637954,0.0759588461069822,-0.1083917084945338,0.0622723387446702,-0.0179129444685468,0.5431088686090806,0.2142579541434085,0.5292391300546285,-0.2213175393840564,0.1299304920029882,-0.0937401622287317,-0.1971893989250741,-0.6033166148674339,0.4038589384356481,0.0002620231738468,-0.1668295753359295,0.5034949164291468,0.3223284521589393,0.2387315992446756,0.0710810239845115,-0.3635775726748577,0.3060848845732265,0.5922774623948742,-1.2260048796522975,0.078375818753791
TCGA-OL-A6VO,0.0958148006325395,-2.147527310135732,-1.863028237578908,-1.3583629547440352,-1.0012466028194296,-0.2656501570501111,-0.6136914881068875,1.2967716008453172,1.860827813632664,-1.5541106795949249,-1.8129122363575396,-1.6233842538574517,-0.3375791175155152,1.5368933451181683,0.7345172196446589,-0.2669319013704658,-0.4509632344186893,0.0004083322126556,0.2434764553246223,0.0951592942632043,1.5928737919865354,0.8704152321113039,-0.2927197829387594,-0.9467271096666164,1.214594724645618,1.0984500866743758,2.1238503923303047,2.185571638459921,-0.1893948461498587,0.645847062478298,-1.3354966065073437,-0.6797301861134378,0.1785055094344599,-1.9234637826638088,0.1692611033118193,1.4011238949781517,-1.2974477774023423,0.9541102964794016,0.7698155423887147,-1.0309958521169862
TCGA-D8-A1Y3,0.4215923064432134,-1.3250171798408736,-1.4153970158871525,-1.6781992794338314,-0.6976156584198553,0.9195819682146154,-0.0968330364429015,2.7722871594248426,1.687307669648693,-1.4825082813776616,-1.41646839291341,-1.2462321041049236,0.3091990343929877,1.350853539828094,0.0416685372666216,-3.0423909243895317,-2.051774415154693,-0.853784980012796,-0.2822201640827774,0.0041008491313036,1.3296421558926184,0.8700897683368514,-0.7525863184509016,-1.23808393209721,-1.195007328203526,1.825951805594319,2.537602367921214,3.056722737229889,-2.299021018095614,2.990144984185316,-0.8497830692162113,0.2014425301086912,0.6582563503126748,-3.327713920557517,-0.7406130340997797,2.005970816660249,-2.639101199811167,0.5227138864146713,-1.8031313401443985,0.1819335621307912
TCGA-E2-A14V,-0.9836212811606074,0.691196386788941,-0.4836020377140158,-0.1480543198309102,-0.1886751784909777,1.2399739732483526,-0.8006369753892474,0.6637980329517961,1.5525537639975575,-0.1179443024985633,0.8493084330080747,0.8898596477665048,-0.5899449338313917,1.4612833977028477,1.506545735614204,-0.846285235966728,0.0862946005041847,-0.6498264578689101,-1.2007063348040297,-0.8418092499722848,-0.9448167016344308,-0.9504371829073854,-0.5141359294239622,-0.7598669369689708,1.3751444299857514,1.03032919290931,1.0875014821546511,0.9667072878395188,-0.2165491660126095,0.0009153537581816,0.612908984121769,0.4890320592020146,-0.1190627506050534,-0.0404142888321848,-0.34276543917151,0.6640263197262621,-0.1435911673139927,-0.0794171240819935,-0.8411907976717217,-0.5670106359481064
TCGA-A2-A0D0,0.8486418354334742,-1.5855559715180945,-1.076803105660361,-0.535073075007882,-0.3001652274554767,0.6447157037004196,0.0419529645292992,1.6951228050085714,2.021140020266815,-0.8593673210559836,-2.234744801683642,-1.7041100402923473,-1.3262535307919456,2.2078215864631905,1.5407773153518045,-0.6778808677537914,0.1255958417168145,0.3986128540588198,0.6190638779441084,0.5191262278275884,0.888585123829299,0.8910137899460284,0.1553303591377718,-0.7230844517738225,1.3346075337189582,1.5830905197473264,2.462447161696111,2.872112234900404,0.961199750815245,1.4733237884921475,-0.2634888247026673,-0.6234543692666252,0.989886613851246,-0.3622504337456312,0.6503376073559527,1.561133640552692,-1.0576293999760382,0.8362095516927851,0.6944120380444244,-1.7382960145220128
TCGA-A2-A0T5,-0.4560169675383568,0.0268049677971737,-0.0608626636215188,0.9780778315026696,0.2565651502124705,-0.4220742970670622,-0.8390985284599537,0.30447042969442,-0.0016977933499151,0.6713945005156889,1.0644353190878708,1.3670569864415858,-0.6330404511720912,0.0664992559196822,0.919258089039062,0.3558759425242579,-0.0661817407236319,-0.2512973729564081,-0.4580251174753462,-0.4227787310648072,-1.126377742015046,-1.11161515558621,0.0896358290390249,-0.1871601540597661,0.1522323064401389,-0.3369618470050796,0.687986933030602,0.8929919156296312,0.5270095425073694,0.0788302739456712,0.2095700807673724,-0.8073052610242264,-0.1169243345274084,0.2570261529298667,-0.0136475601898306,0.105217076193541,0.1758971456634322,-0.7311595583850193,1.33566538836246,-0.3951793670323402
TCGA-AN-A0XS,0.407880123753971,-0.7377037192268807,0.3556455529327837,0.4540810292534643,0.8217790917920208,-0.8426010600184963,0.1589416956516992,-0.1548197190283711,-0.7259942217904484,0.9826956956658344,0.8129870461720657,0.7708050338339393,0.5298246554034186,-0.8096229977858782,-1.3530178098334655,0.0718247336621614,-0.0179370524827184,0.1117845212219662,0.684707281344026,0.0426865366344722,-0.118972009370509,-0.0316160174681162,-1.078036514836898,0.2440316739966141,-0.4633306118094609,-0.909126475124044,-0.7543912173708575,-0.6319179582173226,-0.3980042951874816,-0.0551933038089653,0.2991735401492313,-0.2291992922180996,-0.3229326613960286,1.2727701791144,-0.1705543652845982,-0.4653194434071934,0.0046510173902204,-0.53920929340266,1.0671994783323686,0.862905041798288
TCGA-B6-A402,-0.9183630715694504,-1.293344102047005,-1.1036676760914674,-0.6291528121455686,-1.7166750146851704,0.7762273161615955,-1.628225390057233,0.6544293631139018,1.0154003537827732,-0.8616075257466618,-1.4065574742889373,-1.6108701480191892,-1.6626174944046603,1.0279747254552147,1.1968498856253225,0.232511832400914,-0.4703718575724119,-1.4715486006673053,-1.0899858594311829,-1.232425175576062,-0.9595411011463786,-1.119311141331866,1.1523389888072628,-1.1708258242733107,0.2581288317253444,0.5426211231602056,1.5285245767424789,1.9484514633019807,0.7776321092618071,0.084257780126582,-1.3681944668585648,-2.2312843772532664,0.0883530782666586,-1.0268860502259969,-1.131389011985583,1.0786854531233296,-1.0883770907779065,-0.7998738988200024,0.2323754354702899,-2.356144510547072
TCGA-D8-A1JB,1.3876935953239689,0.9921413151726672,0.2762211018577848,0.4653603841913316,0.888052558701056,-0.4579217552227772,1.0872415372290885,-0.7339357722402877,-1.052163693388626,-0.153468322100902,0.1467090017982364,-0.166883884817534,-0.9329702665739764,-0.9415303540545474,-0.840298307649632,-0.0079537366855206,-0.2267184278716699,1.1480958592701245,1.0214286925394225,0.9755422731834624,0.930153962808937,1.2218779314050388,0.3551727551268751,0.917456375083415,-0.6245057507808762,-0.3785253237619433,-0.6510210607871793,-1.0782060569783516,0.0214413566567913,-0.4604366332533999,0.2583478667017108,1.1883363835638003,-0.0532046771027783,0.7266046764359246,0.7784021506751243,-0.4536167229636956,0.6919610943137497,-0.6472579961165826,0.2304661964464694,-0.2749634457777224
TCGA-E2-A109,-0.5074861338387593,-0.2443675950736302,-0.0049394366600689,-0.5978269893172781,-0.9306677909040532,0.2173367517453716,-0.760494353707275,0.6074103593221157,1.2258248339615894,-0.1013610048840636,-0.0426356012726723,-0.0452326859737645,-0.5907911706597242,1.1775455448018357,0.1294766197390165,0.7880160493459988,-0.941164492943215,-0.8723470783916185,-0.951897545406284,-0.8833375942221475,0.5374601308862366,0.0904220284461631,-0.7107453979508338,-0.9698358596654708,0.900798714549609,0.4400175048040919,0.8360144800832023,0.9074117098306984,-0.9769552010336904,-0.2038952906493277,-0.8392253483501851,0.605661424694497,0.2094173547642034,-0.2338714614284388,-1.0771941774995877,0.9282878320759734,-0.5081878310245402,-0.0853757215049125,-0.0169172137857628,-0.9837061794542232
TCGA-B6-A0RE,-0.2743630790494843,-0.0245315719304712,-0.6297370954033483,0.228670929994735,0.2949883797596229,1.4040194044159489,-0.0095723681081446,-0.1019700720194344,1.1882292755450277,0.0590167041736719,-1.0863353913615694,-0.7859168224562829,-0.9461598705132132,1.1725090530512727,1.7650992359367947,0.4198269150856712,0.3659944628799947,-0.1059053262918212,-0.4822388675961647,-0.1123184803155778,-0.7484534792555245,-0.4872495121111455,1.334803956387226,0.1317760058393259,1.3119382503833348,1.5603431852036973,1.7397229913256738,1.940002940596366,1.3871834675380712,0.4991794292102933,0.4423184488349683,0.2354058326943446,0.830253260144217,0.246747933883112,0.9476263292061284,1.4170199088925333,-0.3591051752699473,1.410988430658839,0.6044625201250209,-0.8169104229145757
TCGA-E2-A2P5,-0.5722692426543321,-0.3961951658203752,-0.473925084737247,-0.5664850012447389,-0.437012337430368,-0.684940821594853,-0.8322402265876496,1.4875501214960072,0.7298873570909032,-0.0648598910984692,0.0320927515066083,-0.0535981836302977,-0.2891289634868417,0.8093739761664585,0.3483641973112283,-0.9686735619081066,-0.5784309147318161,-0.7095071685226904,-0.8381521577600952,-0.5565264973010003,-0.4341705770423678,-0.623041571920925,-0.7491717324957642,-1.0679404221581597,-0.0158225267946212,-0.176940393509044,1.28025075978176,1.6925802551910647,-0.3980311227586315,1.3674307993716148,0.0229933516898417,-0.286545978111458,0.5138289781480501,-0.5655267604262764,-0.626596490900073,0.3486873074077664,-0.6403638943818204,0.7090787580317403,0.6888345032533084,-0.1589192033021814
TCGA-OL-A66K,-0.7010999796771951,-0.4488074536544388,-0.1023222699169208,0.0485445750912246,0.444859271933774,-0.1785446097120601,-1.417554961155535,-0.1150920224918734,-0.8439226968232909,0.5141928184579847,1.1217160363259993,1.0253039566691966,-0.4191814605700434,-1.0289133984746948,0.110971500115737,-0.046510474576036,-0.1538240016959,-0.7716455316201903,-1.0171098734128103,-0.7186019452961475,-1.2966044690452825,-1.259347695785819,-0.0119334266665506,-0.627154172335057,-0.7418553262676718,-1.2513806777725471,-0.5487521870026053,-0.2163351536746534,-0.4849344819350485,-0.025771736192495,0.097294404734152,-1.5349969362239868,-0.9250213204149168,-0.0573475278650773,0.2483901299973346,-0.115932633523984,-0.180312313946104,-0.3693239340155507,0.8836531156097368,-0.0204230498110043
TCGA-S3-AA11,-1.5916843997758592,-0.939908393886786,-0.7425375658079161,-0.2155193254792798,-1.3411977855597834,-1.9712845656832232,-1.9030548168681904,0.2238410418754526,-0.3640882940221681,-0.7646643656202357,0.5265470930111233,0.1331963236682561,-0.5619432034061563,-0.1346553092865502,-0.6634765619844695,-0.2766107038478445,-0.928623960026487,-1.911985756297171,-1.539981807911588,-1.7698481048713668,-0.2521100882885174,-0.9340717199512818,0.171767076792016,-1.7578161837143544,-0.2027299486076819,-1.1814917778366525,-0.5080456874955572,-0.2439988279638558,-0.6742803396863949,-0.0703183088938655,-0.4913976237658452,-0.7535941408308215,-0.8275410087905651,-0.5896507096037119,-1.1727467885162912,-0.4124701273116791,-0.7127122882255166,-1.3957835413172683,-0.0396980543890169,-0.730082030013508
TCGA-C8-A134,0.8068907743129289,-1.1421531943878118,-1.2027382815531582,0.4157012529793822,-0.372992267974805,-0.4941034765636242,0.1569722090508676,0.6220474366429801,1.936481239853049,-0.3952236401049046,-1.98069990981114,-1.8645706442199843,-0.7638913301454762,1.791932085085608,-0.3821546270642691,-0.2434498629600303,-0.3782308336760502,0.2571837710509257,0.651265624785273,0.5629501239264064,1.0754177748349592,1.0046788939494098,0.4329576577120523,-0.3538227291958394,1.661555245601707,1.5065382754268082,1.5197899789937108,0.6224555135735258,-0.6632861145970518,-0.5191545180742656,0.1250708417353854,1.0928963096611513,0.5301167624841081,-0.5825753923296763,0.4818530600893795,1.2765579953808084,-0.3967391703968309,1.6572624533267537,-0.2128821961241222,-0.8855118423105887
TCGA-AN-A0AT,0.1665867175051588,-0.2208404539471135,-0.4203478419889128,-0.4878420931979885,-0.9555851182967776,1.1609860625337205,-0.5013577711301018,1.4431402347728506,2.072484710452608,-0.5251248727895989,-2.105762978876545,-1.487138956733153,-0.4671304591142774,2.0511152679191484,0.7505700947301215,-1.5788455987994716,-0.3341361917009431,-0.1425223466522263,-0.2539987400917008,0.016138054520633,-0.950783398730969,-0.4967210846301927,0.4283779214208149,-0.4858489736038869,1.551479017818053,2.1024574335662463,2.773262777874036,2.57969250964592,0.3847164581833532,0.7601163779630317,-0.9234522505557182,0.4593165216284517,1.2319852608728814,-0.6021210694914959,0.0941752010891214,1.298965499074743,-1.1405791516531318,0.2960242678985181,0.1648594909914596,-1.227684578218383
TCGA-BH-A0HN,-1.524014950249143,-1.543314926313465,-1.5247693118249104,-1.7855039942144288,-2.575460226204011,-1.229031131456163,-2.185029907523816,0.9085362106431704,-0.7486171172122912,-2.2804282705994567,-0.6016447747069344,-0.2679604406100345,-0.7661349055266555,-0.9188114159564916,-0.3856113458450819,-2.7449532822962186,-2.1591744859855746,-2.0757411502447995,-2.036717107812714,-1.4417554773841137,-0.5008097895960929,-1.2112009564075208,-0.2088220998272176,-2.2401928076296307,-2.2223172329720446,-1.6715184635165157,-0.3861205445945739,-0.2048188658910465,-0.7400016440593253,1.1622501101625693,-1.2919733913218958,-2.521089866126116,-0.0973486948294289,-2.405391427745849,-2.0638189974678096,-1.6276466051769116,-2.1059375316218727,-0.8391415177810021,-1.4703538594609606,-1.24052599364089
TCGA-GM-A2DN,1.536506719100573,1.5837727923060745,0.0395058994261817,0.6990057486474996,1.6061651663159604,0.6186395102356158,1.223761800104782,0.1465903507960735,0.1222251535537043,0.3428806157465429,0.3790333500602235,0.7093037977600478,-0.1253489358043936,0.0867186257984642,0.5592788757591755,0.0329740215997243,0.687582426508894,0.7959715626424678,1.1652414982186663,1.1324580226307002,1.0255572168850098,1.1948510057313704,-0.5866462635034769,0.9678926139500764,0.2681609879058219,0.5375103023474904,0.1549062664082247,-0.3947190702024286,0.6999928834040373,-0.1773864665199157,1.595070331579226,1.67223040667242,0.7352818857991287,-0.1387833690818428,0.9417878090650532,-0.2963152689582818,0.2117766191532136,0.2666810057873544,0.1366782250316636,-0.0140365179181593
TCGA-AO-A12D,1.2443537302739014,1.1080118138807795,0.1117170173331503,0.1205509953591491,0.9823065879865702,1.035866285217136,1.3892289808647402,-1.2850066054309104,-0.1675696478767957,0.6761133806729492,-0.6018579916790077,-0.8269747220453963,-0.2845368452985151,0.096180661949377,0.806884483045017,0.6299472651133529,0.0982408678514919,1.3286095994517333,1.024632869742493,1.4137639363283512,1.205182628099744,1.4757966534474254,0.7548491238151575,1.08457320454382,0.5651610395891206,1.103711433016724,-0.5464778616252788,-0.6145255263936259,1.4166024906939414,-1.253991262576757,-0.2264435011346161,1.751974548092163,0.1319625933966522,0.4044000001219794,0.6681118997053035,0.3360290726501262,0.3766953866610546,0.4751466591733282,-0.6045190345762766,0.0837361742109124
TCGA-A8-A08C,-0.8094913854909472,-1.2471537376871973,-1.660294098557427,-1.2745207142390356,-1.2207857729089666,-1.4880873490833,-1.2625440108752994,-0.2865033878384569,-0.5551387992811649,-0.729146897614108,-0.3526832546371944,-1.2342772697532634,-0.39111625813589,-0.5059982379247836,-1.454754307913752,-1.3676375687257436,-1.815052800021664,-1.0374645620340452,-1.133803610252322,-1.4682434307075598,-0.5179219633552644,-0.9514770670503948,-2.3426110589759688,-1.4160954313091312,-0.3460525017165073,-1.2146951132116015,-0.3205111652405617,0.0686874343081257,-0.608701043892205,-0.2337728803323249,-1.9276042038915056,-1.0531927014143727,-0.449052356132929,-0.4866428461166727,-1.3935700603097485,-0.6138811776179396,-0.9272675468520564,-2.440065177927502,0.1714706756427435,-1.1618916911198396
TCGA-C8-A274,-0.940007571794452,-0.4534716240622279,-0.5698067749389449,-1.3594480039624417,-1.2799305749033598,-1.6955616904909632,-0.7552071472830747,-0.6569198230546255,0.0452145747290728,-1.214769493036044,0.770499283622711,0.46654462415706,-0.6342378404894595,0.1770463580134481,0.3197025011020342,-0.8882240463409103,-1.6735685575662178,-1.0828683030436097,-0.7903148861997052,-0.8912324043688512,-0.3187539737535294,-0.6704509002795536,0.2595403945292414,-1.0958547213566634,0.5172246668718763,-0.7291995250504771,-0.4226944268308294,-0.5606639639823423,-0.541168083961302,-0.1242303065900389,-1.7310862835691565,0.2854821055803375,-0.8085624783170057,-1.3142831390119574,-1.485232196947234,-0.0508028591478696,-0.6455076585699216,-2.019003891847956,-2.209317993014046,-0.9352162658533966
TCGA-BH-A0HX,-0.5845974035870254,1.0112704759560844,1.179317239711959,-0.0339347260327725,0.0925434735261499,1.0665946762363194,-0.4173433059209089,0.2349790125240129,0.2112185307247783,0.7280547302002516,0.8897310561103061,0.8810748155298709,1.1947382925320336,0.1082932864717182,0.9802291008067544,0.3297377287293064,0.3898555188687621,-0.1384741213757062,-0.726790461484409,-0.2859237340995518,-0.8353831485301828,-0.6380867643647435,1.719662820839783,-0.11860749753572,0.0851211063918386,0.952087427338723,0.4995945314021381,0.7385553853469488,-0.6818643404317454,0.906749934011265,0.4573951813530483,-0.0257753458273858,0.6146521363564678,0.164434575446315,-0.2239171750571727,1.830127590836116,0.2576480739541437,0.6767796145656257,0.0007317761828088,0.7371533367626393
TCGA-E9-A1NE,1.8004961472951284,0.8155070694491267,-0.0138954662039478,0.3291630813228487,1.7397328868743294,-1.492498069234054,1.6873606990896983,-0.9673729561881564,0.0647532501595108,0.3081159501554245,1.0439263176037874,1.1082179749269974,-0.9033961337164254,0.2553228559308708,-1.1545882968035008,-0.1558372793439418,-0.1414055484921322,1.533611854412835,1.5500508320857438,1.587708670219145,1.4066366175205576,1.6757227911779462,0.6572677876356502,1.3266908788981804,0.8390557484258153,-0.1199114892343238,-0.3130016034325656,-0.8099309882376202,-0.3854120233727461,-1.0737511269500972,0.3847396513912475,1.8503392281927071,-0.0209811501176326,1.0434414624815591,1.4873748675078724,-0.4072535300342536,0.6073302232556317,0.7486358392507853,0.1097581040146495,-0.0709352202847275
TCGA-BH-A0BP,-0.4810175860065778,0.1385712446338957,1.387330451595495,0.8115273106799188,-0.0326588860431989,0.0733393560287999,0.1117468628522666,-0.7208905408843976,-0.90104403627394,1.2205702098394278,0.7007202761017403,0.6764135674441195,0.7663395754975612,-0.7488712638629329,0.1086315518381555,0.8283892467914961,0.7641553916841924,0.7459244719894449,0.1633080553680355,-0.0471562018012719,-0.6054199475401404,-0.4508920135684048,0.3016069689531583,0.8440522276538074,-0.556175079431189,-0.4031717039278256,-0.7839942770411608,-0.3976614574074437,0.8709921937445648,-0.1877373024027666,0.1987440447193741,-0.3553940085981539,0.994207346124024,1.2065493581770934,0.659074381401107,-0.2553238425560526,0.7041819767944294,0.0169894419061186,-0.0373630648148457,1.5136716543341078
TCGA-AR-A2LM,-0.2112372808152184,0.5667555494833277,-0.2816706395202422,0.9372364999775246,0.3075784099654453,-1.5584284892941411,-0.2584454532408397,-1.6969822874254483,-1.1587413630419194,1.1393177524908704,0.5269099703659773,-0.0107759774609703,-1.2981562415964696,-0.9841390067407928,-1.164730727020978,0.6846905011420926,0.2226053758517734,0.0517322953886289,-0.2030405549315122,0.0317163200192118,-0.882413050429211,-0.620477839763349,-0.2082043089813383,0.5480898458899605,0.2143514477035701,-1.7197571910327776,-1.730759324073623,-1.4668682952875944,0.6127107357286996,-2.197379040930276,-0.1922733380511918,-0.5291256604274234,-1.3473782234091494,1.2893601241331671,0.394092023664661,-1.7187154819188446,1.4777213978761856,-1.802120310903901,-0.0967234217299193,-1.021225615108186
TCGA-BH-A1FR,-0.152511405023558,-0.2574772130066312,0.1028646571656804,-0.9169145208885996,-0.9709915794359584,-1.958308241849694,-0.6571613949783385,0.0402049543311832,-0.2078927628179327,-1.0588619541869848,-0.001995065873986,-0.1557252658589844,-0.7185963459168248,-0.2566576003289819,-0.6732358304471805,1.2572645267922251,-0.8058444327561423,-0.9245545281010996,-0.4231357412366133,-0.8695044269415707,-0.9298786654268154,-0.8558973778642394,-0.2035723417194667,-0.6943334387542625,-0.0609318551700655,-0.2391727783230541,-0.0938560939921803,-0.5428429836459623,-0.763635043331139,0.5075829759143862,-1.3149398218669937,-0.8454435914135741,-1.127140056091168,-0.1292710800575168,-0.7813113844975614,-0.4566430993451431,-0.2392883272671797,0.2078382600221165,-0.2318129992714061,-0.6425216639794514
TCGA-B6-A0I1,-1.2027722330463937,-1.7021923353127817,-2.42661358621016,-1.06898944507087,-1.9714589863784329,1.6937686034097128,-1.927920046404623,1.1899468280502086,0.9381177101922782,-1.781341227826068,-1.44768194452497,-1.0333084644727069,0.1253774391378182,0.7747751299728693,1.7395995772772286,0.0673655617366058,0.1242071244385702,-1.043355272279924,-1.0532334027649772,-1.6239371444679107,-0.4144416941879087,-0.7458621342180694,1.335382840250828,-2.0955496915267973,-0.2335510458065315,0.9324764686716532,1.6519311074588447,2.2910402667752683,-1.0576829093503413,1.6781307628683089,0.5627147643571921,-0.5664949289107717,2.127172382068528,-2.5638466413342504,-1.2977020383036997,0.7017431895857559,-2.4923231072099963,1.5559301444824765,0.6240546192829451,-1.1430298654460664
TCGA-W8-A86G,-1.2884106140985936,-0.8798908273085662,0.3551966159450523,0.9766041012787064,-0.330262700793644,-0.2564314664545056,-1.4746175498159826,-0.1970381370101667,-1.5358901708401802,0.2541628296217535,0.7885946485401973,1.0285586236200426,0.1080293874037435,-1.6007440905764725,-0.4024175424230381,-0.5550050283935075,-0.3792164243760192,-1.114653973308857,-1.154370775059122,-1.3032921072631505,-0.8561419382835354,-1.293314557543345,1.3993397609551683,-0.5511853109215974,-1.4362050109532567,-1.8506309308868396,-1.1690188030093625,-0.7924199117363652,1.0725030926369354,-0.2464676063832785,1.214310545876506,-1.7343521112147608,-0.6390984933846515,-0.4238536638630871,-0.6068573990927632,-1.26939095838139,-0.0749911338373609,-1.4397628166554457,1.043972078033042,0.1443770973182442
TCGA-PL-A8LZ,1.748620069415088,-1.0091550018616258,0.869546535576214,0.3634343431517178,1.2606786794223912,-0.1382007902477965,1.7662375866921989,0.4770037457141718,0.9495595171074868,0.3171319674918553,-1.924452944982517,-1.9215909648517135,-0.9727477414248574,1.0205994583415925,-0.0103446698355781,0.3132634976624685,-0.3298517394527406,1.5755215252173354,2.318387961874583,2.0204770076809178,3.100098695455309,2.85373386380064,-1.8131994200009764,1.2626558690459069,1.0142320646257208,0.5678341873410884,0.956482902418068,1.003628653592275,1.0062641174056908,-0.5131112110436633,0.0880634116694669,0.3788776368555296,0.9873188707842724,0.2748927592551093,1.0721282161567272,0.7346697848246493,-0.3697789302941469,0.780517847734606,1.1025254513210097,-0.1848455732670761
TCGA-LD-A7W5,1.2766523538179555,-1.3273589922987958,-0.5144788807945908,0.7285253044340201,0.656547677270213,-2.115368017964045,0.2199260680377921,0.1450364427671298,-0.4297375922552793,0.0165134610564955,0.0045632954205189,-0.5246783892814822,-0.8569887957863946,-0.4037765403401066,-0.8482745906046969,-0.0191772312005844,-0.0014326220596639,0.52092962689874,1.144983391568826,0.2315953171117419,0.8603201222562088,0.9130029509233653,0.1177298182914653,0.2185461690154528,-0.131813030985125,-1.3750995649267903,-0.4174609461765903,0.1953155991257793,0.1643028750072627,-0.6669014086306579,0.720927997311983,0.1017427678812423,0.4350009608386081,0.3610915916406853,0.3370948570130386,-0.4586357218084241,-0.3398513949435203,0.6574056817296015,1.2143254811719133,0.0535965613607034
TCGA-D8-A1XU,-0.4412936389155983,0.5663034345196456,0.710107317190738,0.3654678102535833,-0.5116760659407553,-0.8750478420183108,0.0621845856447846,-0.9057628217660612,-0.8657297221083127,0.579054494110146,0.7593631895803967,0.7187388939917885,0.5218367833318176,-0.8060217894471225,0.1932883929462881,0.145410216059058,-0.3949307892944664,-0.177905049547089,-0.5651297642348582,-0.313960070808386,-0.0402871335157978,-0.1208007770337072,0.4551340694496959,0.0846221958700169,-0.2425052458825855,-0.1772714096070598,-0.7616555503309596,-1.276892917668782,0.1839209735617094,0.475588932805052,0.013027839769211,-0.215699272324513,0.2356955761459065,-0.3994806342925817,-0.7448677086159017,-0.5527807527575689,0.1887053109044505,-0.2541959736998809,-1.046291869721169,0.2493887047914263
TCGA-E2-A15G,-1.138454271307767,-0.1381894084494315,-0.461220312512106,-1.4931401253695449,-0.9975435577414292,-2.1075082069586344,-1.0902248241944028,-0.2959548348260569,-0.7690210761878448,-1.1099944265178117,1.3766691143316525,1.137775664605572,-0.1627182498565144,-0.8097685681817537,-1.0936220911110286,-0.5677942960356225,-1.2495979106165251,-1.4529130664778205,-1.22062233689225,-1.17586362350315,-0.9496289195437017,-1.2936229157067036,-0.1942925944128878,-1.502501618715685,-0.5222507787815028,-1.512262930098181,-1.0014545399783312,-0.6324637678094339,-0.9207138353669768,-0.7586354244141279,-0.9018640216605868,-1.000694875183511,-1.5576088554526175,-0.3495199538066028,-1.4577088321318536,-1.1424594319728043,0.0298369461990148,-1.404052858213435,-0.2985972237880857,-0.6481155784493796
TCGA-A2-A04R,-1.5187687776228749,0.0370292471005653,0.3811850891257968,-0.6609054693481093,-0.3586067191312336,0.0040382870145084,-1.4352668596657698,0.709589719528534,0.9019338592631206,0.1490662612539231,1.3317165900489536,1.620732722683352,-1.1138007589950325,0.8531518443446804,0.2001808552606881,-0.5198823517068937,-0.6552457079962729,-0.8899341074396081,-1.054383562770414,-1.1260670594487754,-0.8953032691630239,-1.2212692709448505,-0.1747862465030813,-1.1957278556187128,0.8610959104541664,-0.051572932103941,0.5463455751587305,0.2803366243381773,0.5029176196316747,0.0001079668113381,-0.6283289029560368,-1.0455393418390335,-0.7791779709657688,0.1994485031589224,-0.7402074155924967,1.1815767536223274,-0.1483173185748557,-0.0641342407566392,-0.1809671294926404,-1.1469824202173164
TCGA-AO-A126,-0.3281956595727628,-1.385826256212536,-0.1335106200182731,0.1161843332626755,-0.1964157382755852,-0.6154509496387887,-0.7328723157235665,0.6623955732680651,-0.7177050998120983,0.6900264647532928,-0.6185043687960174,-0.3828130575960796,-0.4560894589949605,-0.8014127969373198,-0.5170366085526674,-1.3898335500780574,-0.0005050414403483,-0.3298290419473491,-0.7442889885174764,-0.6218089418795938,-0.4834296720198945,-0.495182869864193,0.5589482193199264,-0.4245039056969654,-1.229532296514719,-1.187376701130992,-0.2229937985020524,-0.5415538921736356,0.609043189842402,0.7409944323821707,0.5555877181030087,-1.49408782427496,-0.9090487682060066,0.7087063079362474,-0.3213091005809975,-1.1601981364957237,0.2110173735472572,-0.6884317053970791,-0.0718866082664298,0.2976415514449439
TCGA-AO-A0JM,-0.2898034130581759,-0.011011486680744,0.0002478331646947,-0.054189465805359,0.6682064741050439,1.407715167542631,0.0326697376716162,1.3932712152329303,0.9707976872745214,0.9435611096046308,0.1399213202593267,0.0915478980879665,0.2136933495791024,1.0311116340646702,0.9733620236415224,-0.4810424360400983,-0.0223884077595256,0.064049777724015,0.0780321845480515,0.1225584423533092,0.9388274999226952,0.5453268521908501,0.2923025975263024,-0.1101046837638408,0.6865611401248621,0.5773613506242901,0.7081615357653065,0.2549257274846523,0.0711513259508722,0.2928376824021148,0.3331679051954964,-0.1658748736848097,0.0828876801560012,0.8580086926262606,0.4570696534930697,0.9709135594608588,-0.3602225046530999,0.6655212888398131,-0.3099098454898557,-0.0720499703343559
TCGA-EW-A2FS,0.154989837023169,-0.6344108276052707,0.3839136643577144,-0.1847911807087487,0.6992550372351026,-0.4144784085020723,-0.0473180997140682,0.7115910108218054,-0.088351519334765,-0.1269670991525626,1.1205126344532683,1.43572426651273,-0.4762079245315032,-0.3075434670957666,-0.2820066197374953,-1.220090798491043,0.0758684878995095,0.2436519034882716,-0.047487091785572,-0.1529884235730278,0.3769280975488239,0.3489525569437948,-0.0321081185414874,0.0036589013531248,-0.9671534731994345,-0.2272198428479682,0.1657043676190813,-0.4440152514483194,-0.9696874964133744,0.8251711438175781,1.0248914411472867,-1.4398165404924943,-0.545898521643619,0.6088559803541752,1.0303987737302287,1.1303368347959666,-0.2017384292110275,0.3148988957834336,-0.4567841783974742,0.4074595594258384
TCGA-E2-A1LH,2.0559510609865663,-1.6182807072811491,0.832659432493845,1.055963403482591,0.9630753485600476,0.8470013991878713,1.4275822320869431,0.6268028542385099,0.3955333694371059,0.2031321440079582,-1.6547339114738902,-1.0026411741122128,0.1105596810605319,0.4350480231175163,1.130967144329183,0.4271009613458106,0.7016167238592074,1.666528749652861,1.8097436392934363,1.2462068733249616,1.3358852337539926,1.6757444020164736,1.1802620785075677,1.1412976278021916,-0.0029324520897313,0.6473995881145086,0.4169813523972497,0.6591723541678132,0.9291015190405416,0.9444121788976504,0.870052912235613,-0.233836386899903,1.50848364439325,-0.6453035086298046,1.1002338717417826,0.728436124241809,-0.747905587189334,1.941473480175444,0.6774418438590545,-0.1952526426762374
TCGA-A2-A25D,1.313735890408324,-0.3179220891512932,0.3991940591355898,-0.5617029814685419,1.315856469334136,0.7820988098695488,0.8736764148202478,1.0251714960259577,0.2486003103847889,-0.757550990584497,-0.0349075863665714,-0.5702773507711589,0.6270826622346484,0.0936550218730225,-0.1849843411295988,-1.062734001752839,0.0406635236780918,1.1831229197961808,0.9781877262439072,1.3561387327385164,1.871291462765412,1.7328080901920395,-0.2778120033258568,0.3994423063458769,-0.427724378883254,0.5203251889031018,1.0656181584474165,1.224978724269171,-1.3274590341460923,2.070885817632126,0.8659773612538209,0.3784723452521806,0.7819282272314952,-0.5302264626043723,1.0782243946926378,1.060197570911771,-0.4174721453211993,0.8297917601116884,-1.098573482884993,0.4158122748503454
TCGA-E9-A243,2.486191929931547,2.013361912144981,-0.2608124147902765,-1.0775215716531903,0.7841633684715438,-0.9797551085199104,2.3978196807659944,-0.9336361252325336,0.7671449436138638,-0.0443093617301461,-1.5963388805365395,-1.3582454765970216,-0.2828065509791628,0.7914219784150673,-0.0418617468850628,-0.5003333194096221,-0.3778038841301731,2.09787780311864,2.1593309337043727,2.295229281314604,1.1261032595726177,1.9741553069708155,-1.287384450473339,1.7878878974330072,0.8266846981641174,0.9267457101234764,0.7590477517686232,-0.2920251882413226,-0.6569904942011054,-0.5184639634021488,-1.287006930752053,1.068736866410574,0.0328561175559369,-0.0581349982123581,0.5223723367768918,-0.2129623345569349,0.2779593656353658,-0.2281965101408604,-0.3780511529673099,-0.0908216719403634
TCGA-4H-AAAK,-0.2729571033122886,-0.4728695818194049,0.0409488528233465,0.6939878692827666,0.0054786011560414,0.2541152463283429,-0.4645826895086071,0.2501048274984472,-0.1997579845836628,1.29876644606786,0.6745240987940218,0.4158616266806784,-0.8224499048389509,-0.3339177243541166,-0.1728976649827383,-0.1888362759841695,0.4154904769494122,-0.3108356917357529,-0.5241808183691831,0.0477606334844073,-0.00102220337962,-0.2048720139684964,0.4228426116632069,-0.0987407737740666,-0.1303674929480822,-1.0078917882749474,-0.0595180779090346,0.5673089527762649,0.6665047340325846,-0.4377866188068478,0.2498088572701964,0.2248678852103589,-0.9297231003618966,0.6265746558293376,0.0192442414421705,-0.2413343549450507,0.7124458293969966,-1.192842629904408,0.6778611840787176,-0.3712768399747634
TCGA-E9-A1N6,-0.3224649347459535,0.1459354607435327,0.3485757149926224,0.402522256558455,0.3437566716279671,2.410995483604362,0.1160126099543776,0.1610936084745368,0.8521035123898881,1.1199671556588822,0.5044107443582875,0.6589649044034871,-0.0245594394708128,0.9117528589894036,1.2412363974519598,0.0663865098703125,0.3666680555526447,-0.3307793669689645,-0.3234116551140559,-0.0948224508340722,0.0642358179911275,-0.0466098241142386,-1.5697850274641565,-0.1903205733416637,1.149002054886237,1.4961690737206563,0.7109469886374427,0.4355112789047004,0.5219222867834714,0.090962625745713,0.119126734736049,0.8067316800594807,0.8247633702329537,0.626339764491627,0.0622334612968637,1.0566683357822844,-0.1842375003254626,1.5823527490825466,-0.2560053804215864,-0.0985940305739879
TCGA-BH-A0E9,-0.4750675048169611,1.0008853013932932,0.2813341924831857,1.1783675740887862,0.2758431057183618,-0.9127907690142336,-0.1309168051566728,-1.6079453091683042,-0.8510941961773706,0.0028889582704871,1.335467833463822,1.2207242128940634,-0.2228599794232813,-0.6486549852428015,-0.427565667428686,0.5410888897009757,0.8213406635934337,0.1503427139982127,-0.3416747609498518,-0.151317618469431,-0.8237058221585714,-0.5905417257830229,1.1492408174925643,0.336800001026296,0.1221685383824924,-1.1506180543543918,-1.2410290100681032,-1.231311004423311,0.6131492856804911,-1.047596666386321,0.7653903380515422,0.3183978229921305,-0.1836514559795707,0.4912337162491205,0.352599219485342,-0.91131116185545,0.9991344288939608,-0.5939902966865571,0.9116297889372768,-0.4045090413762804
TCGA-B6-A1KI,-1.143058936453725,1.3453979852837628,0.7015030833161382,-0.43205698604032,-0.5866736041059013,-0.113815440558959,-0.2558937834242239,-0.3603816299144089,-1.087806767032129,0.0424596481141822,0.6856645997871822,0.2968811587917672,1.5436253596944127,-1.221814067562708,-0.1918897482154688,1.7626112732780477,-0.7955310687371119,-0.6622197724638074,-0.5688032792181348,-1.0275060937860938,-0.8871692152951544,-1.1902630422287983,-0.3977167962660131,-0.1609592905606114,-0.7105198802625684,-0.481213303674868,-0.7314162143205608,-0.8315758140710413,1.6359354364367815,0.5344735749989441,-0.323279001309146,-0.6868754164294468,0.3781819493500442,0.5624868895173358,-1.0631216064404458,-0.3268258367805285,0.3935361354622019,-0.6343928376631558,0.412309228030885,1.3221844034758463
TCGA-D8-A1X9,0.2505644388671599,-0.133028647629145,0.1797702566589725,-0.3335514315515998,-0.228700258462131,-0.3045683187473611,0.023233568025007,0.1437757687288802,0.1819821143195251,0.5649185646333897,0.11289586156913,0.0913302808223513,-1.3979200830221004,0.1658722855268426,-0.2824983727675029,0.4939128611511779,-0.7309879518255566,0.0026471025930357,0.1587212338381173,0.6570366721343585,1.3501254434790078,1.027367393980603,-1.3193690961575544,-0.030650816649837,0.3942410917465763,0.3485556132688125,0.0266616220742572,-0.2855476493768827,-0.6425945874538564,-0.4525764782919753,-0.8684699902494939,-0.1108501219944728,-1.30104960989521,0.3444445007996773,-0.2084868360649436,0.9066801991241318,0.4533252111533662,-0.87463706985249,-1.6528598776787338,-0.6662678817587561
TCGA-A1-A0SB,-1.8698811983406591,0.2923866337214738,-1.6770853394497072,0.5496559022531665,-1.1216317523781387,-1.8035689191212312,-1.832759997234259,-0.6504700070376815,-0.2776475030746874,0.0174210119866355,-0.8781850696330775,-1.1945939444501952,-1.3285365817457202,-0.1248239212250779,-1.2171159073878788,1.5860256082930144,-0.3701478525340176,-1.9440899381759955,-1.5356036753797395,-1.4716656484181094,-2.3582804256554835,-2.2959928234177114,1.7498162129399684,-1.2538257663826802,0.6933791742272539,-1.843029440594241,-0.1922657704396003,0.4813982007175756,1.6311896598522064,-1.5870122424122726,-0.115287738894653,-1.0359824513912488,-1.7919201197111916,0.6787989928033922,-0.1061698561825453,-0.5839666670588805,1.1410175964465985,-1.2764151212205197,2.2280293252448025,-1.7436093124520151
TCGA-E2-A14P,-0.0087276500044511,-0.0783773180599116,-0.9727710700026804,-0.4053415692949364,-0.3126901661588577,0.8076257496859894,0.1409337799893227,1.3252393475419666,1.3045560574672113,-1.1154039917125629,-1.5303853696883492,-0.4790463593868318,1.008377470222538,1.556769596519462,1.187986586269807,0.04133226417862,-0.6214294652831506,-0.4089943491733308,-0.0075314040490614,-0.4706175581119219,-0.7116006950438484,-0.0918394508617676,-0.3338305234933747,-0.6274774513754046,1.2492095440068347,1.240394187523725,0.9287704927718984,1.2470249947425456,0.2234641468032956,0.8309971963751243,-0.1315579142710999,0.9002175838794303,0.8558688517271859,-0.5773716897847746,0.0485396916517499,0.6892921600345885,-0.7321617914686558,0.4193642798443706,-0.1376088145343631,0.0979514070668274
TCGA-BH-A0W5,1.5450101907081637,0.386136978411996,-0.1081498536561448,0.866059053331917,1.0947984539708389,-1.127431769276791,1.028499418861088,-0.5844868452232164,-0.6393383998029032,0.6672308847153378,1.1938902769832065,0.5921325921740124,-0.0397183472185461,-0.6589514538864103,-1.1672102419258807,-0.4012015531982354,-0.1418883314974808,0.8941151943666862,0.8594093698095572,0.7516344205856096,-0.1286314303721807,0.4534216259330375,0.644827966806353,0.8829333867233422,-0.0367210891074302,-0.692773616693267,-0.6142493134795435,-0.7753972139215024,-0.0540870017728221,-0.7954121953555018,0.4342779045821585,1.2394140500194597,-0.0375698669133294,0.8238897388621959,0.1901537276910512,-0.5780735516892436,0.7623901786065985,-1.2148108563757274,0.8286657398190674,0.1131662408305071
TCGA-E2-A15I,0.0547218097378048,1.1220215894070955,-0.8116511617137743,-0.5896540632766606,-0.4850925310595518,-2.1432554102724213,-0.08665201540128,-1.2852220583529876,-1.339339184665984,-0.045667509882904,-0.2716615891310212,-0.787356204697376,-0.7846333456464587,-1.3073142729723786,-1.830639812762836,0.06621133580523,-0.5892140214158623,-0.4953660465584633,-0.1861795393695467,-0.2143654013362681,-0.4054281220266545,-0.3230334355689261,-0.9477165073136992,0.1788813152740558,-0.8598808012874943,-1.4818416795838982,-1.81710492159988,-1.7220469370345295,-0.0727222651371571,-1.833271462129864,-0.5963443718985316,0.3473825622801593,-2.267111606346186,0.2762621315286009,0.1237815284947064,-2.08406452223883,0.5842755216958762,-1.577927817155955,-0.718943619242621,-0.7054117106757821
TCGA-A2-A3XY,1.129744079740468,-1.062183869836879,1.3643614875261318,1.1655221670867115,1.0027062929347077,1.85450903900533,0.6756613549201479,0.0078158500456504,0.5832714991527865,1.4083480629760987,-1.244946569453374,-1.0892910955999688,-0.1387667366896604,0.7806456346293461,0.428393029726511,0.4137281978751364,1.8291539660481175,1.570013218456141,1.6709453096580176,1.5308532850896004,1.2981875712448216,1.3567205655836343,1.9887132787367736,1.1791058799020393,0.7126930314919773,0.6587968738156696,0.7498156040590832,1.279334785710562,1.5826566357724268,0.0515757118177269,0.9762045096586992,-0.0494110942960494,0.7801264348337479,1.390062777621344,2.337604963259553,1.3474977999442723,0.2772808732957065,2.3933079975856977,1.912871651427151,-0.2408410949615987
TCGA-BH-A0H5,2.7534793286635084,0.5856179432866824,-0.8348969912804085,0.638229337816847,1.8332517082060296,-1.1969605384642663,2.0834202884131425,-0.4910535542497041,-0.5354806051679116,-0.0519730301682745,0.523134414486038,0.5332407814191821,0.3647226207782083,-0.4510147260694873,-1.4028464521221702,0.0069863338554678,0.327688110686181,2.2564699012751026,2.2214677932392024,1.6018804090700085,1.6536420391499165,2.19771915522834,0.2905498310791133,1.3717203262609643,-0.1080692234446939,-0.0390653348211146,-0.3131582230503656,-0.6920887441247577,-1.0143242247790225,-0.2960281025741575,0.5704084305373563,2.0272768817919324,1.3888727580982818,-0.0257347556816953,1.0730391552941694,-0.3809616970023565,0.4724008075412339,0.1979779334857887,-0.1125272079931736,0.8612531265067016
TCGA-OL-A5RY,2.0524051899985154,1.3281155232601325,1.2457832334896626,1.3675122983797732,2.267024271630384,2.437316845776805,2.157369477474223,0.4895205624206148,0.0304190917942436,1.195045268682669,-0.9500266842332264,-0.2329583188619969,0.6698117595843006,0.0576653449215807,1.347374117894597,0.1663827191852571,1.390662306969514,1.74903859717896,1.7450613111021709,1.6955390688349938,0.6953600871463164,1.1927435516485254,0.6726328945713049,1.8131551003885171,-0.1822307127852396,1.4932840019707156,0.7659343147034814,-0.0681328926447576,0.5796002807018932,0.6581308416993411,1.856711687104894,1.977607010888748,2.2435653017094497,0.6743834180118211,1.6110986193571202,0.5252016786610932,0.2585961012104913,1.4186391893451116,0.5219654828288961,1.4080320265628814
TCGA-E9-A227,0.5463144928660432,1.188094712798783,-0.1907603850685147,-0.3538249979114926,0.3004245552428226,0.3824677683666605,0.2439009576184765,0.3602392122600177,-0.4060623803611626,0.3079143225056442,0.6937681420153214,0.8065565290708147,1.4407823330708742,-0.5502191716244559,0.2009052877883116,-0.2488670796353811,-0.2374368144784546,0.6371536385966515,0.2217012128072563,0.1329430321551306,-0.2013379281478564,0.0431675941708122,-0.6725617368533002,0.328013447978345,-0.7663677125291984,0.4772073983032802,0.0695702757343792,-0.4607753118745103,0.4928502403903385,1.1164412981709817,0.2355776350703151,0.675957245999646,0.9638564548896916,-0.3974248400967852,-0.2854199621285738,-0.4808781738263816,0.348182944879039,-0.0981966811770383,-0.3416935447473427,0.8476339040607999
TCGA-C8-A8HR,0.7131733086734328,-0.3980713243359178,0.7540205667494159,1.4253825222652567,1.83977982750583,-0.0967601398991046,0.9994850533782138,0.2252096252118674,0.0073624198764698,1.2852652433105485,-0.1245770995230928,-0.0932905557457357,-0.5967770532578149,0.0847908218582009,-0.6463390962130318,1.7267190832442707,0.7903942902591196,1.1913535874457588,0.9745137040467236,0.9821015769732347,1.3366338527066646,1.3205293783651624,0.2000895355714126,1.0027643748349833,0.5565549955899757,-0.482696424802415,-0.136111404515396,0.0464926395272788,0.6375061822439827,-0.5691015180101884,1.2087071404951122,-0.0112965644358909,0.3748873619636604,1.3509274167011849,1.5258701960753185,-0.2954879795016914,0.7068220173005489,1.4132016219097976,1.3112555161003248,0.4146012563042174
TCGA-EW-A2FV,0.5245997867989464,1.211576108631005,0.623234831560172,0.3607313861870879,1.411139559112012,2.068427546469184,0.7363591740269991,0.2276167259977134,0.7998061883144648,0.1850557235658734,1.2402098815619975,1.4228677313312317,-0.1548289094495892,0.96510057169448,-0.1312049519091032,-0.0215860451669148,0.2765403314768825,0.7721665411349101,0.482627907025783,0.7637076381209797,1.8993220843505032,1.517319893068691,0.4024912712032844,0.5100231351600436,0.8098054334416652,0.5440057201949782,0.5950549886088906,0.2838128650638483,0.0501702318627688,0.085224023530567,1.5561085154223042,0.6045346857550506,0.1854643579908889,1.0892698459144603,0.9945576863536072,0.5504805620876524,0.4854833011138256,1.3311695878589174,-0.2387611214378346,-0.0684355232896319
TCGA-BH-A0BG,1.5973330065919031,-0.0310892534714889,-0.4395996421891463,0.3326677929001166,0.5410764953834407,0.6352682518047318,1.1791942065816867,-0.1332702746529402,0.3744484298345147,0.0421723063062779,-1.392466721605188,-1.536592491326233,-0.4085911417981241,0.5565865496566794,0.3724052198435338,0.0552658093286718,-0.1245894918639548,1.3210537138380152,1.3771626073090053,1.0886287565205928,1.759375688155839,1.7850451393821851,0.4016789328095597,0.3640445216785745,0.8732307229797128,0.5220437172842786,0.9834762367610518,0.6101286286289617,1.2450769186266015,-0.1171415118459412,-0.4845787176461151,0.1199472178558235,0.9000623347580828,-0.1264244223053555,0.7773331466494641,0.1720679523840537,0.3580961644272341,-0.5941228265304327,1.2988931968178514,-1.12616215972138
TCGA-D8-A3Z5,-1.0814325368412236,-0.7673045064832245,-0.0487095611464631,0.7848426323052653,-0.1828881564771425,-0.7343612284731623,-1.307835009109864,-0.1842936477902688,-1.3926924338294586,-0.516496260148743,1.2077252998963,0.9369291883950316,0.4679278249993139,-1.4166907713892294,-1.2017425011886935,-0.4943637715840134,0.0515436250278351,-0.7300558593793254,-0.1690925929546698,-1.0600140052871116,-0.9259176012265684,-1.012721036249029,1.4373464201963349,-0.6446140443592541,-1.205518149261892,-2.437159129215112,-1.7911655816866026,-0.2515894418060632,1.5739047550702308,-0.6985423611276402,0.9736703856247448,-0.8957678522833653,-0.3078496768045183,-0.0525215524797865,0.3871683226983795,-0.8100534260072085,-0.1088992763522841,-0.4683883522667453,2.229046580305875,0.3602224810777254
TCGA-BH-A1FD,-0.2604487991765666,0.7282299923597504,-0.4706916966305209,-1.1116964269791858,-0.0035058437295313,0.2811808321993003,-0.4037204653940097,0.65988982648652,0.8624594007805945,0.3189130423743581,0.4981795757443856,0.563365843632441,-0.7248098984993564,0.8892486365399384,0.1196542738881859,-1.5362801979816076,-0.3446065226861058,0.0539914280313235,-0.1059431756836909,0.3773928747577296,0.9059769840834332,0.622650626651517,-1.3460725691510165,-0.3845337830249149,0.5021434975517025,1.4815820558811943,1.1261411093719271,1.7008598941977642,-0.8239349488573929,0.0914415399350351,-0.0622884501665732,-0.0769359439692786,-0.1686084100612087,-0.3400162982289802,0.2950230748787578,3.087036219902122,-0.335983485687099,1.1580068640883827,-2.108396397145067,-0.5413245242572323
TCGA-B6-A0RV,0.0911239835825644,0.6448517882299876,-0.2966920131778245,0.1622827288756583,0.2789752663723504,-0.3516678235754761,-0.15491823002877,0.2057352817442137,0.1021256179282125,-0.5480101925518871,1.5626393965679377,1.5424907473626497,-0.0262609974398605,0.0123318469202612,-0.1440608053741841,-1.0202516023797112,0.0926712966691487,0.348810671684941,0.1411739387906476,0.0851997000742902,0.7384098680860213,0.4594166881134365,1.2442750283350674,0.0383178343258416,-0.1287231734283631,0.0239344966732701,0.3649165009872569,0.0778156537557615,0.8167638518173623,-0.3285454133198549,0.3324514888805007,0.470035198849458,0.1643895540826877,0.2612609461746733,0.2698203040682356,0.7569063040147384,0.2689599574790868,0.8660709239911043,0.0531565326830284,0.3452669181264979
TCGA-E2-A1LA,1.162306272979153,-0.4026718348774171,0.3756846447669068,-0.4723776066837291,1.584942300443274,1.0274331458664043,0.7586895652973341,0.7958645575924386,0.5726953888022841,0.3725363058701738,0.921828367105318,1.1327587697903527,-0.2281486985225448,0.4903368832410091,0.0166682363808064,-1.0716326282057618,0.3073269668099441,0.4314844665045217,1.124161600136654,0.673743981749936,0.1219612751703329,0.5971710910829563,0.2454693672202244,0.1800150012903955,-0.1968345236913338,0.4398160251002593,0.5098694103487461,0.4832526691464349,-0.6649897830146331,1.1344594713462406,0.9811415487165108,-0.2969420238243644,0.3499639132445918,0.1513717389921642,1.0536318143391232,0.3826570893482743,-0.4228307057132515,2.070376976137637,-0.811278446458721,-0.0009066975004735
TCGA-A2-A04Y,0.4779278474154987,0.0649027696893464,0.7157974759079822,-0.8231826539458199,0.4376131096605222,1.6808932136823305,0.2181752694491885,0.2786238952696233,0.3093663480074811,-0.5532266471035725,0.7103123744771074,0.9163731473729452,0.2854458148276744,0.2504407771525628,-0.0372819131060555,-1.018570466481996,-0.1292809802612198,0.3539916871817345,0.4730736430687494,0.689428128508181,1.0392253754393987,0.7627285211418786,-0.9226308249717234,-0.1247090924467117,-0.5055375754445912,0.8329561353551528,0.5658501249180017,-0.0181259916391278,-2.103000275836981,0.7751845155886764,1.2376509831519935,-0.0407379808866479,0.4582019801427568,-0.0073934001067692,0.7958794865286672,0.4685951362956381,-0.6909618239238158,0.8075353763222873,-1.809640592962236,-0.5367399033046432
TCGA-AR-A24O,0.3863943048759848,1.5928039522463702,1.5169291692130753,0.524336298327422,1.18722149060482,-0.7789955907146794,1.2506853210614812,-1.2689891959623436,-0.2493261184160216,1.447496515733069,0.8110041821420355,0.9653347483872088,0.6698203004247443,-0.0676644707774839,-0.4982981847740426,1.86490257450125,0.9460741974560676,1.353871820435367,0.7943419216238177,1.1365421877211668,0.5444341955362142,0.6117883021180224,-0.1279575778666357,1.672772244797464,0.6861873942234311,-0.5495458835591573,-0.7779037405554043,-1.4378887103807172,1.2491675508343825,-1.2799141955199065,0.1952607564253906,0.7624511557879919,-0.2956007683672186,1.5346154355501491,1.4395540101309503,-1.0096218293545949,1.7180704671481477,0.1842074934205088,0.4344525715729429,0.5033318431553404
TCGA-EW-A2FW,-1.1908576539482931,-0.6535063715129225,-0.2856977651550031,-1.084875335499032,-0.7166503674586938,0.166085427390475,-1.3062859642813829,1.9614775583909176,1.6441359537300635,-0.6262552536741985,0.3917846419703192,0.6046133444263656,-0.046366578818154,1.368401382656487,-0.2064850887477022,-0.4905052428666687,-1.217825861298491,-1.6284612157406535,-1.6197621343897837,-1.482810444657536,-1.948785629824196,-1.8359564928717085,-1.018072226719255,-1.7469779348157286,0.6532378663456135,0.3708878396809891,1.1029878545454423,0.7615417333288388,-0.7412738576049513,1.2603618184620762,-1.3575172758002532,-0.9171019737190051,-0.6217616633945532,-0.8226089097654686,-1.56395512431302,1.1377435229964192,-1.023184966698678,0.4332345594781251,-1.2400457891538006,-0.4869242909769412
TCGA-A2-A0CQ,-0.2634958479736095,-1.2404633081976937,-0.5567727479469975,-0.9972793310940424,1.1087495328925436,-0.8416222970071622,-0.3348209003585174,0.7311930477098396,-0.4152744065530521,-0.840205050371771,0.8150468784967708,0.6756821759811354,0.3219480078469643,-0.5118054581400072,0.2794802988089235,-1.5886971461950892,-0.7511263628264242,-1.193866829321016,-0.3737853644889781,-0.4262412712402,0.0475181426508108,-0.2880169796595728,-0.398742883297397,-0.6928582958328877,-1.169561239274015,-0.5853339812102285,-0.2130054523626217,-0.5659102316378783,-0.5815067867225145,1.1684075643310936,0.4807618040777732,-0.69929575848428,0.5252139895016426,-0.7641133780267413,-0.0902870902759516,-0.6057902264816232,-0.6107206165016122,0.605666324742568,-1.1250450811611823,-0.2811380343710212
TCGA-GM-A2DA,0.9795513067283004,-0.0338230405157238,0.6818064625095316,0.2625429928669496,1.7855416801393786,-0.7220684821316106,0.5794298286793843,0.4605505303528288,-0.3236168350775227,1.0746796686711872,0.2370997493927421,0.4613295330954,-0.1995617885995234,-0.1884883843657986,0.0929845817262166,-0.4151081456292922,0.985438844217826,0.6691436458898767,0.6952050441039248,0.7663322280622638,0.3081316281532783,0.6305776705593497,-1.1020036270639808,0.7891848149359292,-0.4646559375893332,-0.528062203596256,-0.4407762602260657,-0.5977403419636335,0.1343489012234287,-0.0575356974608051,1.536804233573458,0.3501083896757073,0.0651475076652502,1.118820859026282,1.4236537729809458,-0.6414389664556813,0.4056260688355562,0.3966332565945936,0.3769676306020434,0.0266863987579898
TCGA-E9-A1NH,-0.3014328382066331,0.3565282614545462,0.9153687738334816,0.5123049035953855,0.2487811781630541,-0.9008176497048634,0.4985728887528942,-0.8238084454518808,-1.1149859319936286,1.20259287377583,0.5230181356917175,0.6491359706425663,-0.4777450294200326,-1.019812809012715,0.5090577274243266,0.7689762080685687,0.4542110239915463,0.0149817191399456,-0.4496409171416264,-0.2161140503920085,-0.6377800280255219,-0.5412655126870702,-0.417579922567884,0.4708048164445626,-0.4161014428263151,-0.634720753481053,-1.0736077276743674,-1.3040101509832644,0.8480944852174477,-0.7616939439523455,0.1774802622269075,-0.9070399598609528,-0.3613744351757981,0.9409448638841602,0.0003789259233155,-0.7145575735607309,0.5350270134601284,-0.4400179463047272,0.3759500964018352,-0.0136377567386611
TCGA-AO-A12A,0.1098339232302069,0.2796588372835419,0.6248604666974924,1.0470767602182405,1.1345950836684715,0.3191054595582343,-0.010458924148604,-0.5466776474253796,-0.6261087385945445,0.8734812021266792,1.4765194942543889,1.6274758196219037,0.1928824479018537,-0.4739468406006052,-0.4738819169261742,0.4580150735714194,0.0744970590081445,-0.0270062582227873,0.1182480575565287,-0.0037432188926467,0.3222077418902353,0.2073450030412708,-0.2290128537532522,0.316933167735893,0.2320976429822001,-0.7181628812554293,-0.6531754213108525,-1.0622335732556192,0.5427098675857787,-0.5912569331961974,0.8885068517026705,0.052015426542416,-0.1734913626546938,0.5598500640197787,0.594342534792327,-0.5590732606347218,0.8348229591271753,-0.2496774005704005,0.6514251253705786,-0.3458521906796156
TCGA-EW-A1IW,-0.1906887460932786,1.2546406271524844,0.97644736452924,0.4130959328203026,0.8455300700366996,0.9701657991013212,0.0561521814387238,0.4811032732216388,0.8215675113597825,0.5455164998412119,0.8292587799906993,1.166971657827292,0.2242332927043197,0.8184670134037099,-0.0753398042734683,-0.189252835235464,0.5651480436428569,0.2296366213842199,0.2212653927898883,0.2273252574631851,-0.7692546377433913,-0.3368681148662238,0.4380502221714222,0.5198997632786919,1.1220231974396102,0.7486913439175822,0.6424996425936715,0.1293197123577636,0.1985632863232948,0.0739834133349081,0.2837530257425709,0.7801466293780925,0.277112578071762,0.6858994267298005,0.8604408777501081,0.0391910362563965,0.6441490102920618,0.6152677806997914,0.0415763850775305,0.2370847168160968
TCGA-E2-A14U,-1.2541650870156045,0.1941149703713026,-0.9153623657161986,0.7665303505665702,-0.230349107812555,-0.5957409762082638,-1.1480108181773567,-0.556898353820121,-1.684058125049819,-1.0075253671500035,1.5902257870815977,1.888780081753504,0.2531235569080251,-1.7747011186072006,-1.0063454449813425,-0.7256462045945434,0.3335940291751978,-1.03966244976922,-0.8426786256490149,-0.9581399811024428,-1.3111149845951275,-1.4977555502409454,1.845382529826471,-0.7885254995583946,-1.6473459661655547,-1.5194659474755356,-1.0265295068633478,0.1854151639057203,0.6538571529655315,-0.1867641093904916,1.5358962385993158,-0.9842819711313606,-0.2095714945580117,-0.2003791542533004,0.4795695057330068,-0.1286502087168011,-0.0188153231656525,-0.0680460633769499,1.771013920588782,0.8650571561790769
TCGA-C8-A12K,2.3809784134808045,-0.8146900483402215,-0.0284335811813429,-0.2430532354781505,1.124271469425378,0.5926192089316878,2.058177522108197,1.1125358955897338,1.848266937396796,-0.0966235336050845,-1.5681436042311687,-1.1162285156205274,-1.0117904779882845,1.695543469955452,1.192650360941669,0.3008755863458602,0.3199549996394848,1.7642621706139132,2.1240304534841177,2.325699556411643,2.2192838601399787,2.510061485236584,-0.530535624174734,0.515092529155783,1.05879205087274,1.9196984127744676,2.049787873037792,1.3035488541989342,-0.06198523411735,0.5151211503823917,0.0863182620902787,1.2073448284512718,1.4704431649600622,-0.8593955664165353,1.2586704621916105,1.7461304696260354,-0.3010177727397802,1.895413957482357,0.4093704631495018,-0.2288024770610528
TCGA-OL-A5RU,0.8792371245058382,0.2060551512797252,-0.1450849862616254,0.1410766731824025,0.988713075424732,0.9664965077780032,0.5358826526607187,-0.2939694211318801,-1.0891649429990573,-0.1516848444401343,0.5641945811929772,0.5941429518698725,1.0252508829695612,-1.2278340974900277,0.0539783927832921,-1.0153951388559694,0.84409269317788,0.4867144023989002,0.790182556585763,0.6087720033384323,-0.1825109637295753,0.2891291808969342,-0.5140708162710824,0.5914935896557575,-1.1347396569029689,0.092576419267198,-0.6759931202423077,-0.2095670172018465,-0.1660264213551013,0.5076758399258079,0.5960802991910323,0.0411980626149926,1.0239026609851023,-0.0387065616960309,1.2479060482184683,0.7467710698810226,-0.534418130724233,0.713292839768573,-0.4457791773754084,1.1909622175215184
TCGA-LL-A5YM,-0.75379420341032,-2.1340793952483668,-0.3503397690918413,-0.532068584797075,-1.2359196023854175,1.284201660075465,-1.0364182858873283,2.372930661214661,0.4444519045793515,-0.7598404761652928,-0.2928596770979643,0.250163993892582,0.922936395858772,-0.0643269618794641,1.1343267440630245,-2.084859426134154,-0.8787650175032101,-1.3023688480116185,-1.3012444336346505,-1.4529485266406357,-0.2226775170276098,-0.5181109282075305,-0.2746712129310953,-1.2944128359753069,-2.567779138086339,-0.194390767199747,0.5299188226385589,1.5122389973910069,-0.6003207088305526,2.359106101023909,-0.0393131262290794,-2.9168699218721432,2.412690648896145,-2.7227638371471143,-1.4007923952036851,0.3067616250386524,-2.526873050518298,1.1925206793631389,-1.4458490759894955,1.3883486123616935
TCGA-BH-A0BS,-1.2013257506666124,0.6426232152484194,-0.5390158514793238,-0.8871326542590227,-0.453949000762015,-0.4368043461117197,-0.6765758740520278,-0.4219237865279123,-0.3139951112318611,-1.1075959438744811,0.1839028541534624,-0.1450008210837197,1.2219994021743292,-0.2905760098217377,0.1890232275987694,0.4529641640384814,-0.6881161092125232,-1.1316680189351327,-1.1439570690814471,-0.883328939264398,-0.6396547919508696,-0.9124093306727382,-0.614543438186872,-0.8934517876981452,0.013012671580806,-0.068483677925238,-0.3713573142814818,-1.060798167887291,-0.7091713186257875,0.7100618537707867,-0.9344064607798608,0.1598776439234513,-0.7642763782017807,-0.5403510539027071,-1.143982404297503,-0.5846843883365854,0.0615900466944352,-0.5881128592949529,-1.0255705053788329,0.2987772295343646
TCGA-AR-A2LK,-0.5916997756126979,0.142461620990545,0.0568546225951443,-0.8773639774374636,-0.4675027443728954,-1.4106378842452156,-0.3427723180372595,0.2992577812678076,1.082158126765142,-0.0312941152240254,0.6401699118498269,0.34150274613652,-0.2022181474782828,1.102463559116159,0.0682853415727501,-1.1704029888985477,-1.0024687495014872,-0.762035405127899,-0.7275929718482185,-0.5546221427347556,-1.4834188922799565,-1.2041220554222865,-1.8349679681536568,-0.6570629621584838,1.358253575256459,0.2677040747002704,0.3886292036684258,0.257021711594033,-1.1959615079393353,-0.1964145808620837,-0.9995449500689956,-0.3008086715335092,-0.1434180609959351,-0.1334249427112217,-1.174073772669104,0.2952752465911366,0.0823519759519142,-1.0001098784654447,0.2191418549359235,-0.8757487794223205
TCGA-OL-A6VR,-1.479107490970587,0.3790927136976106,-2.059732203585001,-0.4841054579689006,-1.3743102272487344,0.3328044441273289,-1.6303807225898088,0.6952926825633391,-0.7769845170426053,-1.4746628465703688,1.4835705217218005,1.635925271835597,0.4071691861624954,-1.1159435906331077,-0.0393192444973356,-0.91831000338477,-0.3649675737744476,-1.0371395812640851,-1.42520659427987,-1.505120326212588,-0.4735234553555819,-1.1657466828774323,0.9336210960760332,-1.4198580490856598,-1.5990608786286562,-0.5604178080738997,-0.068106373383574,0.6201696875981118,-1.345466061255543,1.1047970504464657,0.1565158349177606,-1.4403123886709193,-0.2614305430167854,-1.2941273657311836,-0.9642080435758474,0.108408103990499,-0.4722621802603477,0.1604598383759583,-1.2995327969724186,0.7740820186698835
TCGA-5L-AAT1,1.326088932524682,-0.5359871673082788,-0.7003672837399324,0.8024841562373503,0.6846234209659146,-0.9096868145301028,0.7145261637100132,0.6150005063063708,-1.196803588709394,0.2947427691045398,-0.5609861334626574,-0.9095982090787568,0.100959171349088,-1.2674595492321732,-0.846806034279171,-0.8877058955018949,-0.0766287532858748,0.6439950493387054,0.7578607471212134,0.5985664806979424,1.0635974967165855,1.1698129578372225,0.2085187988351366,0.3486676943037897,-1.5698400090025486,-0.5910500342759004,-0.1142767575662517,-0.3216888314124585,-0.1058208857678636,1.1784675497473809,1.2710870245415016,0.902894965062941,1.520933539180486,0.0428957905006028,0.2550440857727288,0.0329786781794611,-0.4983468824082329,-0.1129266090167989,-0.4188697926484008,0.7014827648057484
TCGA-E9-A1NA,0.132676967408316,-0.37595587692149,0.6393894770187424,-0.1469772474833822,0.6781288804468192,0.2880377871325784,0.0529192311491554,0.2011454716157646,0.2291408182285523,0.6248990636196725,0.5534163813884114,0.4109564932520306,-1.385857673256446,0.2228723745158444,0.6738223966138202,-0.0694208013176597,0.0863837858694436,-0.1588788015796656,-0.1885007624598705,0.2239831582887346,0.6781647817883192,0.5024115936954153,-0.8942132167167556,-0.1063761986659417,0.1458649405736988,0.7809380627621628,0.3081421857754323,0.5704104881535319,0.2091266554471619,-0.2968876367533065,1.3977449707858318,0.1170576013992716,0.085403280049356,0.7177799954505362,0.1605853978757266,1.381630697261255,-0.2710512697670295,0.362087507368064,-0.4993682713006273,-0.5538992253746798
TCGA-A8-A091,-0.8909561259399251,0.2796235675987842,-0.1593592038650259,-0.4000707085911288,-1.582325736865292,-1.6881396068904526,-1.137814813039017,-0.8808312588291622,-0.5577580667302727,-0.8545255808562794,-0.6504905688453632,-0.9187093455851888,-1.2213678371966998,-0.5212662847822338,-1.538322635153151,0.7797271110694669,-1.423500897615695,-1.1372271938835874,-0.9554512882124406,-1.0747109444970346,-1.5262726266655138,-1.5417454695715658,-0.1415622902021609,-0.5046426929351545,0.2533485430106286,-1.5524471905342818,-1.2458361135753753,-0.941535615537944,-0.4175439507399084,-1.5012596725303344,-2.168450579469646,-0.9583819989343836,-2.7893589531044465,0.0361165695451537,-1.7528134992774482,-2.160830573114197,0.1219312791454186,-2.100157986361228,0.2327629117111252,-0.9263123604916366
TCGA-A8-A07E,0.2325617783762729,1.4243425386257649,0.6666429815223044,0.7451198715517827,0.3003346264699053,-0.7699334286339584,0.5536521228341903,-0.4116229832902122,0.4524920237214296,1.157845735522783,0.2506069105277606,0.4481114935206677,-0.2564256706952798,0.7241752635511739,-0.2068949557158036,1.1990054264123913,0.2434172772737219,0.9584673782237856,0.3954570704477884,0.3238049108144884,-0.2539564943311121,0.1435602104570751,0.2114709388232126,0.7656349405289191,1.2168613801633306,-0.0125357013888751,0.0549084521466513,-0.1127032085377117,1.5966538617370316,-1.041265380750842,0.1678889440505636,1.5636346475007772,0.4624247707243996,1.207340849773652,-0.0372947227240205,-0.1326339693747159,1.1204622657907626,-0.238834471022886,0.7852480342788393,-0.0592602352114063
TCGA-BH-A18K,-0.522068732030852,0.6676992525630612,0.4523362908461016,-0.1246075878831243,-0.2314450695865327,0.1953623746916313,-0.2929997668656285,0.2342596581175138,0.1343098454406872,0.7963827060263065,0.6606900067527384,0.9832389197865616,0.9134410039115748,0.148448509926004,1.1286512169245029,-0.3533244890761681,-0.3414654984325971,-0.3669224953897743,-0.3035056342920667,-0.4321305134547152,-0.2368242427801808,-0.3643156759905089,-0.3671411022456804,-0.3566125110277608,-0.3599172509965911,0.384298146723724,0.5078523928518917,0.1063664761107565,1.085065739485658,1.0933781521057735,0.345779144080362,-0.1858307987092945,0.3646581315424766,-0.3020099780817382,-0.6600321195830414,0.4578015425600966,0.0904966118146447,-0.4948747167598084,-0.3726959985548268,0.0315225107632374
TCGA-A1-A0SJ,-0.6353839832439094,1.4670669761780817,1.3914083415016136,0.4288914176708416,0.7530662520735321,1.1806621561656792,-0.1111487609566981,-0.3861394269427524,0.1691480697424156,0.7389265315955283,1.3392018100122232,1.464275965964756,1.016720134372523,0.3177200117318535,0.951291911907268,0.4762028033456465,1.0051697634448902,0.156233348840355,-0.1534453852072896,-0.3705185382245716,-0.7005131509573477,-0.5954336636430572,0.1948729684962362,0.1067189196542805,0.234897741630631,0.5079363774288395,0.3241862467119955,-0.268591654009269,0.4090698092678116,0.2198707243043455,0.270532161254141,0.189627152426579,1.5766999971157665,0.953902084905064,0.0309677668070138,0.4611301055827375,0.7276782827468481,0.8331019088997069,0.0050342986518995,1.7353169922479244
TCGA-D8-A1JL,1.5516174690237612,0.0616774338156439,1.0256926912639606,0.7002177455566753,0.5045008954553845,-0.41448162578333,1.386684807222338,-0.7553804181684719,0.90717488389116,0.5669646106521555,-1.376211773642229,-1.0467895549859143,-1.0229634623627346,1.0213593867865276,0.3684688985125306,0.4837013932238156,0.3687496295167334,1.4060422372080164,1.5176889351803533,1.845542151814401,1.9491217976827344,1.8892320666136757,0.7141320314424143,0.8634961357340615,1.715587234545566,1.3507909509333706,0.7541880631280186,0.1673195720614756,0.0529327617540837,-0.6829531363224706,-0.039478500754968,1.2747501188531325,-0.5661847859497902,0.5620486473461371,0.8701861096961677,0.9374254982346868,0.2505217613526008,0.8741421030162394,0.4844006299924673,-0.4230128364811389
TCGA-AR-A0TY,-0.9462817645774192,0.2156924992244683,-0.7231535527243034,-1.0011687311529414,-1.3414022145133355,-0.9005209665745826,-1.120917693083512,1.3982882454256198,1.4644007970359816,-1.3210426145214156,0.1298002658401411,-0.1284839913480164,-0.5732259568401074,1.2551667516869824,-0.0687194581709451,-1.926407926635945,-1.5848992696689528,-1.659928298161287,-1.4019844324312951,-1.4879855647819835,-1.4625393741423574,-1.6378243759977054,-1.5135560291782215,-1.260672243152988,0.3978242352259475,0.751459827466269,1.5211101225974846,1.3867960547806957,-1.814738479260292,0.8946896268724709,-0.265134027925553,-0.7319105687291865,-0.6690463009427002,0.2921051068935968,-1.1346062924674407,1.7087377556589518,-1.0377629421684156,-0.5961470040862134,-1.44020874311039,-1.1451594738502575
TCGA-E2-A574,-1.3177458446601469,-2.271245362495794,-1.0009567637133423,-0.8365840613372879,-1.537864885288991,1.1220625728203182,-1.4641126384946686,2.0860693690283765,1.1031028850675817,-1.082937050638868,-2.036557101445117,-0.9901983589614688,-0.3363008128579959,0.6963607499037032,1.5357481936763149,-1.3038984499197013,-0.9454935457235796,-1.4175641532172432,-1.7921809426984443,-1.7321641802072512,-1.1186909719152165,-1.4110821835055811,0.9936086686963024,-1.188713805360742,-0.7950428189297766,0.921644421752994,2.1807811602332734,2.5956776937269708,-0.1991976520466392,2.367550608573207,-0.3429979064488346,-2.264985266889678,0.7911784325612617,-3.093569652697591,-1.1852491573021713,1.935011978520044,-2.337488426907076,1.7941647026439778,-0.1501860241808505,-0.8182152811509822
TCGA-A8-A097,-0.0272716603464304,0.57213502050383,0.5098746758972229,0.4335965577828674,0.0935320974673869,-0.3964222734308882,0.3592295359139809,0.1339469381553093,0.6432360730393784,1.0032859919384585,-0.3638485910380079,-0.1559245394081316,-0.5391128902551379,0.588630931785568,-0.1855762674256982,-0.3847798923128634,-0.0715719801498424,-0.0414643769960538,-0.2869569164958473,0.2887733612710381,-0.1220006658090555,-0.1771798059457547,-1.088409329184468,0.5378254271423599,0.5496380450190693,0.2172190473126538,0.0152335109960135,-0.2994642936303723,0.0747973532287378,-0.9008598499870007,-0.4461760748778928,-0.3543602373665546,-0.7685183590885258,0.7300501031537349,-0.3061970000871969,0.3375531630939295,0.3770473850929309,-0.0442149659577017,-0.5605535694356453,0.0748549368873938
TCGA-AN-A0FZ,-1.1056343677508254,0.257405856295959,0.0206115472508073,-0.2298963484517306,-1.091495990005118,-1.130147677556412,-1.0777444695883918,0.3331422746470832,-0.0263603960734805,-0.1107696315442658,1.0097459093215158,0.3028577717105891,-0.6947925375193476,-0.053356576399887,0.0400100120378589,-0.3459916281987157,-1.2740810340728967,-1.2072100858681676,-1.0113057969563812,-1.3627537430708645,-0.4981915944865102,-0.9082917443455498,-1.4463153927736672,-0.891332631338031,0.1780335433788256,-0.6645888124754314,-0.2994094582412862,-0.2113122817946322,-0.2617116865325988,-0.8780718374063817,0.0243468412487886,0.0163383234146536,-0.3088239028143655,0.2456425419261292,-1.361706626212999,-0.1388021744103198,-0.4453774761985118,-1.7730236008678752,0.2105020937311026,-0.4661876047563188
TCGA-BH-A0E6,0.3989464060121367,-2.162994395408841,-0.6216238698857134,0.7698886963303067,-1.0241451795984309,0.4765248866083003,-0.0384724870434963,1.1654310287060912,0.8815423214029412,-0.2732676460541852,-1.0489190514358382,-0.4312136599060271,-0.487026215146067,0.7911598288453717,0.9804456519563812,0.5182389023075158,-0.7193706453373241,-0.249754073544403,-0.2015982916283983,-0.3891344866754369,-0.3551748281748912,-0.2585181047916846,0.957535151938993,-0.0846563677175394,-0.3385757092644991,0.6975848553660685,1.7765798912864343,2.107042844491388,-0.0118498657715506,1.3575685799427937,0.1274395355140683,-1.997896295440876,1.2055153831967516,-0.7462295076902867,-0.8095056806285281,1.3978387080206942,-1.196353190965087,1.212752083732569,0.0816212106707334,-0.0082483092276017
TCGA-C8-A132,0.9168096516105396,0.585294502231626,0.3381686356520613,1.2461714279374037,0.4832488969481164,-0.9471874678397036,0.9336595017515348,-0.6282444727903144,-0.2922423846353593,1.1648895468434353,0.2940218009439557,0.3775298727890487,-0.6658938516108649,0.0585058709654692,-0.0022621571038367,0.9283317297211158,0.3323583848781225,1.0697226277329164,0.6920712901778653,0.8214204169633538,0.2008314567303635,0.5814697395791137,0.3277659248920301,1.0953189617184902,0.660893618999747,0.0512703286948882,-0.1830750740466407,-0.5178545044686381,0.7760123675808672,-0.9071350676723928,0.2916983162241104,1.6765919408611112,-1.003786122569341,1.123808650870603,0.6338962838647898,-0.3781812714511458,0.7068811276778028,-0.151038137629654,0.787782511738501,-0.5727235688576222
TCGA-BH-A0H6,-0.9363254594174156,0.3378987522138583,0.0624959563974986,0.1225969685077133,-0.2387744813836972,0.8723556010258128,-0.8333636896963376,-0.2065539705935302,-0.7624797656969332,0.8388244923784064,1.3661104667038524,0.895821839917623,0.0432175732387689,-0.8576234673856742,-0.7088330676901784,1.534611508162591,0.1281042499514407,-0.827235409598718,-0.6261644774150835,-0.5094050072001066,-0.9290014984663404,-1.0407966264219106,0.2318952600888574,-0.5700874098082963,-0.7272162859597504,-0.5891889837606842,-0.3477937684428148,-0.1009112232331927,-0.1015874530073749,0.3007122614371689,0.2572753530042099,-0.1523729255134162,-0.8697695434841108,0.866857825989251,0.0551894454060145,-0.1210169670962331,0.4315657952129041,-0.1072063223629746,0.4087669071704473,0.2029156138228391
TCGA-B6-A0RG,-1.420436164295041,-0.3073405954554042,0.0499711535289342,-0.4724220629534285,0.2010910743052653,1.384358178829125,-1.009976121902692,0.5093898360135362,0.1886593053861768,0.2437285819284426,2.2534072420927456,2.8182423855661627,0.7500455500979556,0.1681701178946615,0.8539001488417636,-0.8017105256747666,-0.1943170966501196,-1.0612166616295675,-0.9248206451407998,-1.0587340199184263,-0.3374051639993734,-0.7667648348113759,1.203587994830137,-1.0326343369116489,0.0983513505114951,0.2889156810239358,0.2332870360367773,0.0483640340163974,-0.0064823398720979,0.6308100943207635,0.7032114368744675,0.0378937403593612,-0.8275825980213181,0.3586267251069487,0.0500870452083771,0.6165059372360077,-0.3180804781187233,-0.0515276585416631,0.0121673719971492,0.7908182883436504
TCGA-PL-A8LY,-0.6115379006714554,-0.9644622027555668,-0.8134256616189866,0.9455547839197308,-0.4265164938052944,-0.2886134541626236,-1.188998113786614,1.2226213066535767,-0.3715460417375104,-1.2802896722112462,0.1129206649658149,0.5909524377702179,0.1958340949445202,-0.5199306140051198,-0.240407413102419,-0.102496734508761,-0.2900287806242603,-0.6121563595937602,-1.0353398350131806,-1.008724902759803,-0.687796985702146,-0.8618207815690453,1.8325431957582583,-0.4355703616633786,-1.1764667466881311,-0.6344066032285515,1.082063902580651,1.1978819541053365,1.201021957933058,1.2043371089475363,1.39978995496495,-0.574242940550496,-0.1678469339648809,-1.2336249934255898,-0.3927218530157308,0.0559263793413498,-0.6578354238456149,0.3752362562124059,2.798078033537762,0.2988511341961786
TCGA-D8-A1XS,-0.3307585252235233,0.8994245866460904,0.5271548727655118,-0.6395558466957708,-0.4182977405784978,0.3983183244689781,-0.4024361123682994,-0.5144754467536774,0.6220686293541724,0.3227556191277046,0.8197432335995923,0.0350120301058707,-0.4249292519600541,0.6135266319996815,-0.5706262651900481,-0.7876593512285512,-0.5467829037576479,-0.5751713556344683,-0.4759995254055463,-0.2459123879123249,-0.9757817130658536,-0.7341918515968482,-1.2646260584598157,-0.2921432588564676,0.8238128376884014,0.4246894025012644,0.2628718541742658,0.1610361556053403,-0.7712687523555622,-0.4912490634660378,-0.911094540768081,0.6091505161863463,-1.2609973410875246,0.0286692226529181,-0.8219432365131586,-0.2482367787107366,0.2352554088097146,-1.393479133339918,-0.589827757149067,-0.8663411079615314
TCGA-D8-A1JT,-0.8183489040271206,0.3521360122687911,-1.360197393035255,-2.0061534123816176,-0.7402193628911797,-0.1996836124626171,-0.5329199125300237,-0.2350982571393352,0.2788119459490969,-1.7585685305082963,0.6531738601773743,0.5919165792832897,0.2966484332545337,0.2406077307781386,0.5064763745386653,-0.2778314937478382,-0.1487664672754173,-0.5729273318492705,-0.1425755438962163,-0.2922047943959281,1.3573878574643696,0.7153129119338368,-0.7479429531836186,-0.847518713644109,-0.9110942394558542,0.8552029511151847,0.0048412170891993,-0.8430000806317467,-2.276570934743149,0.5005055021471461,-0.8855312002354825,-0.5010704676771695,-1.3019058843456994,-1.38297633214411,-0.1887942876445556,0.6079967100205689,-0.3567048769677545,-0.5668832332100252,-2.093963178847462,-0.2637715861807163
TCGA-B6-A0RS,0.7002692678995308,0.1348005213154877,-0.0248426518756395,-0.3834251222037958,0.612077407554199,1.6013657845713252,0.4600292117500082,0.6463949417814429,0.6537407668178503,0.2405306671593396,-0.7975885708514242,-0.5689707876668096,0.6731112224138719,0.5765664759354797,1.1233337595518986,-1.3696076460756288,0.9058554428966428,0.8366929622051659,0.7159929824201101,1.0922980105988045,-0.1580101763129259,0.3585472582770773,0.378614927369215,0.3124014979968336,0.0194016239095971,1.4821539950571498,1.089352345628796,0.9032109862140876,0.805862593590666,1.0023495594392389,1.167145054207387,1.1748731117331683,0.9370259794994352,-0.1180948572372591,1.5417934942244162,1.2124464019441317,-0.6638484144849712,1.14486884900605,0.380733482970915,0.1690101626216723
TCGA-AC-A8OP,-0.5680522045828625,0.065225792388533,-0.0988069209815618,-0.0795263408308245,0.1696290577030961,-0.9973872389714205,-0.4555854105629083,-0.7810709921171661,-0.6345384214191571,-0.120665706657123,0.3326477123828348,0.1392536372859869,-0.0221340929801147,-0.5055576576582204,-1.0419487786653108,0.1339123693089615,-0.3510944996710453,-0.4795045804388984,-0.2642126273178053,-0.348191744833412,-0.5246979234916438,-0.493752747820957,-0.2185606300619796,-0.1231867914036401,0.1742177623443088,-0.9554912352445416,-1.1516813898802505,0.0871845725095918,0.6096419668435595,-0.8700149731006479,-0.2563020889242693,-0.4593795216594309,-1.2259265748062966,0.7950784357130741,0.6258898627944027,-0.171828275055371,0.0210886637086197,-0.0997008071901577,0.537274787505747,0.1583780352884507
TCGA-E9-A1RG,-0.3239405031941684,-1.818391288098516,-0.261124046983541,-0.2263685931404703,0.6742200004460394,1.295781975011661,-0.3882265200601962,1.6846512137370042,0.5625292820842055,0.0114255833239095,0.8215452026644637,1.217899121582343,0.597250589087727,0.2423423844780511,1.632717542498504,-1.6646716826510728,-0.5937795716398628,-1.069129193591309,-0.5973982979070719,-0.8123465253996773,-0.4487153430619498,-0.46910636432287,0.5896804558853485,-1.3443640046036822,-1.466662723519767,0.6383306606954685,0.8465533431462111,1.3090845925575525,-0.1508325852032657,1.8113536799596588,0.3418051096041319,-0.1250311581184141,1.940614616234659,-1.4904850534352352,-0.871495918222369,0.4378682813748587,-1.5788510860436586,1.5210136159431094,-0.0850014281459712,0.8517934133075259
TCGA-C8-A12Y,-0.5729455785868717,-1.3950272675201676,-0.213396723697571,-0.0549356912739975,0.6991636815013005,0.0971245454795843,-0.1035175304112265,1.140527707788485,0.0242086532732551,0.3451751350003691,1.38411174601662,2.059217615010992,0.1551147891524036,-0.1174846911870182,1.2613282714084342,-1.406738606572577,-0.0088897051373531,-0.6341176642921054,-0.5707093646354245,-0.6213284154913946,1.7106360580737878,0.8975770092584979,-0.0011770092653747,-0.9344290695911158,-1.3703494517652954,0.1539593048703373,0.7713095688192614,0.5164280619492757,0.1294735199079324,1.0172956469816612,0.5792227093854985,-0.2151753504984022,0.7113484681731743,-0.3607971964870538,-0.3403293066309071,0.4670028886604288,-0.713708194936055,0.7988324644462336,-0.6410620023249717,0.0667112683137482
TCGA-BH-A0DP,0.2658705344487082,0.5844196356935216,0.8871377840584139,0.8809713903278437,1.4368295021579878,0.1941755157203813,0.6016832270628187,-0.5303089743253679,-0.7412720712987441,0.9401226244801127,0.6669738865400239,0.2430794099712291,0.178315474877722,-0.7318130738631751,0.0186691742093386,0.3097160271074814,0.8285614631932735,0.4286522070615333,0.2867897884055173,0.5552922130980972,0.0111067150721025,0.0943806883971833,0.6742383619456986,0.6894743029000209,-0.3240197858632836,-0.4192466429532819,-0.7410136405595504,-0.921472356426623,0.5285424967028295,-0.2332896415433187,0.9550403682838798,-0.7257751918590919,0.4406294947748038,0.8453192757733151,0.915105211750701,-1.1717856486699822,1.0576485195521477,-0.2242822685477665,0.1216623139944844,0.3919293421472737
TCGA-E9-A1QZ,1.072127944423338,0.9469575925047192,1.1168371099024623,0.321622774976066,1.8591533795819708,1.3509004203874797,1.4065362034709945,0.0230022400933422,0.3384345209933323,0.2229594161708156,0.9185390285131024,1.1660100475854185,2.024667042925217,0.173212200736564,-0.7830478389048469,-0.1407451931236772,0.6053101121263642,1.334943943668498,0.9456542936461227,0.8950872215579861,1.2301268300654706,1.2653624472664138,0.1220893925914033,1.1168890092759394,-0.0448289108932426,0.5216366717379415,0.2016374967790903,-0.7072098227752404,-0.7363413309953093,0.4462756332126906,0.5476534516199406,1.3103788168473636,0.7245883326884925,0.0199094192682672,0.8643452273753953,-0.5019652581667059,0.5692447325912336,1.2515263171982485,-0.1510563160578444,1.768720592508637
TCGA-GM-A2D9,-0.4024125568334388,-0.6974691938407814,0.3845590538353805,-0.1850725282323824,0.5572016524639813,-0.2534928120487097,-0.0866926403352612,0.3856016339517809,-1.1247116744524968,0.3002188571368698,0.1759812871709119,0.2332682581407525,0.414818627728785,-1.1097407697627957,0.3068375971724081,-0.8215738756386785,0.3183059844126462,-0.4266316540943322,-0.6895707050765189,-0.6676112373074492,0.2594151409199941,-0.1051124272748813,1.3527762382342692,-0.0161082911261839,-1.6975671198030338,-1.1811034379237026,-0.30727447517273,-0.4418256608849629,-0.2164823339720869,1.0674129320445107,1.095527444404318,-0.7340671545694829,0.0362400610508266,0.0862255302250889,-0.0252328904283041,-0.4910701413647726,-0.1674681457729973,0.7027359345838187,-0.3283218280931136,0.2069690098185725
TCGA-GM-A3XL,0.8693379566961359,-1.7616539767128727,-2.6152694945630524,-1.187869066398342,-0.8082420423342797,1.5551628530140742,0.0493731719720406,2.621704963059232,2.114535586121263,-1.8815467196565248,-1.9549485881853912,-1.1646720234272403,0.7840676128315726,1.924140456271692,1.0817862108929246,-2.2210897475329685,-0.1581676136574362,-0.0016132373246455,0.5303036510834225,0.32901202093071,1.6167828513884537,1.332950955251052,0.4787306625374757,-1.2358116390284726,0.270184642226958,2.120447646273998,2.6039805145312447,2.613285633292983,-1.1977152099352395,2.294538081275516,0.5500326865985172,1.7163254528335572,2.0152203571395333,-2.796335847248228,-0.1401945741764668,1.544272595609288,-2.17891297384417,2.1406600649563288,-0.3195673017752695,0.0700884774022465
TCGA-LQ-A4E4,-1.5787422950657437,-0.2196943813780946,-1.011948813670963,-1.4158501135942467,-1.9877723131606528,-1.340439411976184,-1.733070259477514,-0.0111053661031281,0.3823498584515028,-0.9171579666898414,0.0627814750579448,0.2852079585991589,0.340710735175703,0.3640652098066892,-0.253727655781327,-1.3420685504216254,-1.7751181164568708,-1.7187914025733817,-1.4255330385462757,-2.025894476550584,-1.497127370051494,-1.803412409334438,-1.6100988681158332,-1.3282992239162843,0.3250364864553222,-1.0372061729679762,-0.1570674709335452,0.2265753857696436,-0.7700715041266083,-0.4740414846059377,-1.5101556216092975,-0.6150235431113344,-0.1018937504839765,-1.5113032774876924,-2.1422650511528127,-0.5422240250675009,-1.2167477753257183,-1.4227913936966232,-0.7780610227261034,-0.2328237816558154
TCGA-D8-A1X7,-0.6467140139703965,0.6232538348952865,0.7438038822097386,-0.7170918845511783,-0.274996181217532,0.3568525641795815,-0.3006755553934969,-0.6499966871030263,-0.2231450694574311,0.0787559468107839,0.4896970653849714,0.5785078420859628,0.411746175413119,-0.0691396951947738,0.170929495010081,-0.4051035095636996,-0.5702355747937887,-0.8843199383310648,-0.9823292781790556,-0.9715795069168992,-1.1566028560371908,-1.1238814777682595,-0.5757415021125668,-0.1985249410671027,0.2317714427023634,0.5353923534780234,-0.5597923145913976,-0.4494042068954554,-0.7863711492579016,-1.0585504987656076,-0.919268283735025,-0.4741830285975262,-0.4791501081421748,0.7129061498286268,-0.6924160102229674,-0.3669374603898221,0.1077045074788118,-1.4994915266090998,-1.2009889768523272,-0.5093750463436785
TCGA-AN-A0XU,0.4436733963097781,0.2046581927733818,-0.7716465305710053,-0.512186992854939,-0.7580614478262697,-0.5088162752302456,0.0597281709978144,0.276923567023363,1.8507102519050616,-0.2602332870903487,-1.311161092105664,-0.7594740277373336,-1.038101353532441,1.8826581992651088,1.78904283438167,0.2561841148298712,1.161256286240732,-0.1311310441851241,0.1812893444000207,-0.0733806760050193,0.3365450081315548,0.4450089784968877,0.3847111364425539,-0.2320465689884128,1.9315089843471995,2.0001314593371795,1.519746657812378,1.073218040555843,0.6100223777674094,-0.1867616234987891,-0.1449301251789078,1.3121164653251771,0.678367806427707,0.2057349517007067,-0.3746200570587792,1.547919736096708,-0.2086093325497411,0.4883131828972452,0.4060803348347419,-0.3262731374217561
TCGA-BH-A0BV,0.2368626188196975,0.0503822874231793,1.0686119218423067,-0.084523053059299,0.1077615026773245,0.5195776438164463,0.6453202711044473,-0.0533519794722427,-0.2413146345444222,0.2231646549504524,1.189759287153368,1.3248480171508732,-1.317230585495342,-0.0860167755515474,-0.2626355964001637,0.2211253140219691,-0.6591939354375186,0.1703648884788234,0.3054112345515896,0.3484878219358267,0.6851879489839214,0.3754705671073075,-1.1513710674158777,0.1680819526484584,0.4415944807848434,-0.2593174390433855,-0.4985788661076345,-0.5907435637086101,0.2682786362140081,-0.3252820642778439,-0.3260741812275077,0.2465076843666807,0.0702656283446745,0.3883707941352962,-0.096891631646211,-0.1912275264470821,-0.3047460460774461,0.5168283879613833,0.4527138853459045,-0.7182426223614026
TCGA-BH-A1FJ,-1.48664116103326,0.6697179010052869,-1.138459522344983,-0.994752306966704,-0.4801331598556462,0.5185275016297521,-1.226414422597292,0.4424909386270665,1.0520916051002915,-0.7065116595160298,0.9408754997382816,1.2467261749299006,0.0528017944559474,0.9414624344856216,0.3823132099394416,-0.2891992749903201,-0.7418248271774751,-1.2407078471149031,-1.4023903049494053,-1.403542790046778,0.0220195009741364,-0.5626366914579349,-0.0736019749907789,-1.1144434364105344,0.7648475473430874,0.3509500756613465,0.1649924560230441,-0.1596744957388511,-1.1220633474967825,-0.4035178108541537,-0.2060089413131334,-0.1039357045380038,-0.9037528966816004,-0.6392132701694322,-1.1138553150595136,-0.1526796104118312,-0.6170972163321413,-1.1892273869480097,-2.023132815374163,-0.7484247173802252
TCGA-EW-A1J1,0.2656798141421175,0.0019982328637647,0.2013429922932096,-1.222819272006503,-0.8938274597705378,-1.1617265260021523,-0.3463930632359749,-0.2087215808111026,-0.3627808336879566,-1.1497006412075192,1.1300935739875524,0.7287012600707072,-1.3252370135836826,-0.389097210709002,-0.8346789467168143,0.5168674856020272,-0.9167958193540666,-0.4957895727945151,-0.1893520140169758,-0.2789111159950623,0.4978616727262558,0.2818941316215648,-0.0178317875313046,-0.7481585192526209,-0.0523586536507169,-0.5197057028045309,-0.5823153271968341,-0.3428894714143018,-1.808916887313132,-1.1244285209734282,-1.318023154112002,0.1422489802718209,-2.2456170181924486,-0.5002566424566416,-0.458368805758251,0.2217873385040321,-0.012890665920388,-0.5903873491431892,-1.0445496861965295,-1.8542007567414105
TCGA-A2-A4RX,0.6333998926922982,-0.0942831523125528,1.1155885797713867,1.737932868930646,0.751618934345328,1.3271923755452002,0.3351394713741613,-0.5329453374387201,0.3262249640176725,1.9069277885859095,-0.5689595368637059,-0.4106154263372425,-1.3804828859017837,0.4853932003657533,0.797259993317176,2.3153519934629863,2.804412015751097,1.1467994189538322,0.6390295667912456,0.8168301839645303,-0.8642470352960174,-0.2018536298454613,1.6726285033766135,1.100004334634212,1.3748496137199129,0.311495252519137,-0.2320965558408898,-0.2973696186716943,1.147319670535418,-1.5711490297587174,1.469460014301819,1.0622026077255824,-0.2487795624945962,1.9769727281586136,1.6979608828436086,-0.5670565166568173,1.3470816246843678,0.8119440042969686,2.078048417685214,-0.8621922995156895
TCGA-D8-A142,0.3702046787925066,0.2098069381951055,1.1637708482864526,1.3218791608453615,0.2620107781948999,2.0831206750615783,0.1321787764378234,-0.2363799496941592,0.3417167809598738,1.0605779941317994,-1.181346167317587,-1.585963222582959,-0.6903858512890995,0.3882256546299149,0.647276269997494,0.7571796867209778,0.8141218597366139,0.8692843480586835,0.0992021832755615,0.4104387185368608,-1.355990888093796,-0.6994593151592039,-0.6246452535366439,0.7692304926206542,0.9239574198400096,1.269234739166765,0.0695179806118723,-0.0252878211527182,1.1155820645749035,-0.6053747355035884,0.374458781688594,0.3696998009834688,0.5899545002066279,0.5887175450157431,0.2400748127691782,0.4715402401810332,0.4204457671169565,0.1197802247914226,0.4077440063024022,-0.4280271073858258
TCGA-EW-A1J2,0.2510811483982826,0.7891992227876053,1.2557201042702313,1.1037971968447744,0.8695796382636672,-1.22226285174096,0.747145989337575,-1.8451564598218075,-1.479322324637337,1.166792849745755,0.9825939896815392,0.6222923130828654,-0.1990300451840614,-1.3115742972551718,-0.7600390246299119,0.449208951511017,0.7449808329015043,0.5635623993111192,0.3969078838950846,0.7604019972932438,0.1059272873103525,0.1520519845047653,0.3759772972443225,0.9881290372081406,-0.2213150916247303,-1.381627077470705,-1.7271410757397347,-1.72352559118257,0.1556717268625792,-1.508789608179277,0.5504351227369656,0.1814750251749385,-0.7809788245698887,1.052886766581372,0.7079641073871904,-1.2879816405898847,1.3504986529376684,-1.715604114569046,0.00635408792303,0.4560305436840294
TCGA-BH-A0HF,0.1786675617361725,1.144603118729383,2.112773656663612,0.5705232893930083,0.7135044192689554,0.779434651425016,0.9952965675516252,0.3015546575983555,-0.2167409416890035,0.9702664061538684,0.9342550608052264,1.7132928003618502,2.400390713690378,-0.3370345420571554,1.1029078147326234,0.5260231719878008,1.202953626646236,0.7657922193304071,0.5141046133736102,0.5286534278342413,-0.2669446393920318,-0.0043504273654909,2.3055352472176787,0.8534229500888046,-0.4870288108779556,0.9204897381536012,0.5300515146679529,-0.1492884622869175,1.1892693157577197,1.0432078737631578,1.7312104299834152,-0.2041407256115777,2.0708723742481427,0.4881485028352779,0.5138902422531517,0.4389093547235106,0.545346219176663,1.7463984384394629,-0.1241532450948667,2.6010888414059807
TCGA-E9-A1N9,-0.2448900579451704,0.2149296592518198,-1.045164899214202,-0.4177301835423413,-0.6511047092108433,-1.0413053150919092,-0.7454861414039743,-0.4246156548525191,1.0579661351193683,0.0586277904923052,-0.5569143919219627,-0.9103298461208036,-0.9633513288535834,1.2925786947803408,-0.3269980628133118,0.5645300186127801,-0.7787849604454143,-0.3402322009715395,-0.6379223827515018,-0.6388590444098977,-0.9154282501793508,-0.7612129999102408,-0.3843146537339648,-0.4477934045062265,1.706668577647871,0.3031549619226634,0.7198539431143414,0.4621962615531785,-0.3466974450499041,-0.3228904510248763,-1.3749017646919983,1.7318710373830777,-1.0705010040697622,0.1143564603794034,-0.6921919161273753,0.384891026813745,0.472651639270274,-0.806833340370292,0.6779020100066756,-1.1183292904750362
TCGA-E2-A570,-0.8431861398446098,-0.8398629154188565,-0.4422650111398067,0.3918662544375525,0.5161658200132232,-0.0981117249071306,-0.9147648002882576,0.6056182945871711,-0.2381222702036962,1.069065785496906,0.9460552141756048,1.393935720206683,-0.57362303745886,-0.380784774956897,0.1265959487276909,0.1170012026568071,-0.331857652834113,-1.0221112617758437,-1.3136827597868397,-0.783267741488382,-0.9002039027425114,-0.8450034542296734,-1.2255120683765015,-0.5984339854738159,-0.8747643509963988,-0.6346927347070539,0.158892946309114,-0.6106760438615949,0.4964039355619125,0.7162645657865644,0.6002292207198393,-1.2142226454368554,-0.554302708119738,-0.1351641611332537,-0.1694610744967401,-0.5156943916504274,-0.2718461218902508,-0.3625496342867725,-0.0469336171333979,-0.8612465026931242
TCGA-AO-A0JG,0.5483549830349709,0.4302319875071206,-0.1519266417939948,0.1774839868651379,-0.3683725924815529,-1.959733724243874,0.4537853495492663,-1.164139805819542,-1.2197781269494328,-0.1715658359672708,-0.2990796626870292,-1.0304090774313284,-0.5350895574993801,-1.156331863184163,-1.811597030765067,0.0287349833223605,-0.5622244385490526,0.1717202699202608,0.1219790122270065,-0.0076705161189424,0.07101151886886,0.2926626455758609,0.0162572966031994,0.4720283732075079,-0.4700669992887924,-1.4040420486957697,-1.2679664315480648,-1.1388243627763286,-0.3035112136535777,-0.8840809120547901,-0.3264410645098954,0.390783599239122,-0.0436055264200581,1.1568662882804273,-0.0996173110259577,-0.6343675789432104,0.7401955940083733,-0.8686582340323533,-0.2354883111086506,-0.6631804485962285
TCGA-S3-A6ZH,-0.5700350900398802,-1.2701550207778698,-0.5260699474560192,-1.2185783897598557,-0.2492799962473587,0.3908324140145844,-1.1495906549516557,1.6742626162943737,0.998947297646838,-1.5789149629731325,0.8303889154865645,1.3065455351690431,-0.4091305480071933,0.7617848963444857,-0.1043172416880625,-1.0038203269227364,-0.965592912991127,-0.8678318228853318,-0.4020444134636288,-1.0580657155411914,-0.5531793618633096,-0.6960186416141312,0.1336706067618564,-1.3862166123417818,0.2721462600075981,0.4152359002573089,0.9269848893581106,0.5557742470416424,-1.0190860675445796,0.8283622019261951,-0.9020322028656024,0.1659856868678632,-0.5240195412732077,-1.2689885405532462,-1.0136543352240133,0.8645429176306673,-1.335279684109977,0.3041105005692372,-1.2275699877773856,-0.0853295139964029
TCGA-D8-A1XC,-1.3337703929946074,-0.1443537517371279,-1.250344111021659,-1.8555544035814773,-1.9967811428685065,-0.6167175263178379,-1.3297826337266414,-0.6909682697326615,-0.6866731554829265,-1.8149079302265931,0.2307474655694023,-0.1429957717417019,-0.3472099560836766,-0.6839890512643947,0.3479031523750132,1.164870314493251,-0.5515530445608002,-1.3654954838600024,-1.3840586697536388,-1.4964758032302523,-0.8610365196593326,-1.3360118503110192,-0.6955021653805094,-1.2325078654973098,-0.5171605655953306,-0.1478000698214311,-1.019284437385886,-0.5524736549208121,-1.2789569479876537,-0.9135573935550444,-1.7680292104361992,-0.8101886714332174,-1.3458995815354236,-1.0691592577643871,-1.329258417602068,-0.453964649728085,-0.5405791546986393,-0.2813080650979549,-0.3099232991263355,-1.0103991189869714
TCGA-AQ-A54N,-0.6987429472324255,-2.6224744603516497,-5.183032343094237,-1.579873812753,-3.3301638361723005,-0.6776897015798814,-2.217210607205027,1.2818723861050405,0.4326261693190391,-2.697814067981145,-2.2869978873610477,-2.383831749357597,-1.1656824536164776,0.3438541751907094,0.255969491378501,-1.1412262625600296,-0.405408996212039,-1.9874705627071148,-1.2088746445561345,-1.466419565235007,-0.1001690448021067,-0.8351075472856185,0.3684836710823228,-2.331319001597405,-0.2648340503510652,-0.74899615606573,1.0158051044271603,1.3712335694134723,-0.3212985077046026,1.442891106232824,-0.5237178053933137,-1.1090288486120814,-0.5596445617658123,-2.316262103308759,-1.1685260321475146,0.5246626839198862,-2.6968288612549367,-0.3906054760621367,0.5952826730560965,-1.338044354168103
TCGA-C8-A131,0.2997222797773979,-0.0492854758074057,0.8135460172198056,0.1625549162566502,0.866738955404245,0.8141780963413656,0.2699106630542709,0.8686163882403177,0.9611582730338556,1.048183245105469,-1.176085815775127,-0.8473156405996297,-0.0128988544420407,0.960974184895428,2.000637875494164,-0.5466888788786344,1.051288325812456,0.3526213374637789,0.4366476639337659,0.600442329683441,-0.9229122275082976,-0.3744291592408663,-0.6484649295466046,0.4334010983530234,0.5626410932818057,1.4644843488223316,0.8833529922508957,0.587784219579608,1.0165481599789776,0.4319101490575854,1.1037834536887416,0.1111495151773417,0.5471184015000663,0.8007136167964649,1.2153349219265472,1.390873615493529,0.1649770558340821,0.7655135267940426,0.4119486002315245,0.5968918147815903
TCGA-E2-A1AZ,1.181667098866407,0.1403790126104345,0.493208154756045,-0.0867517617534455,0.3943833222594487,-1.4328842413170608,0.8836574631854096,-0.6886999694753281,1.654884363020087,0.5944619345276873,-1.9905307754311008,-1.604029651376168,-1.2595144679859729,1.5942871477170215,-0.1787674474851631,0.5706295675553752,-0.4526054171655911,0.8128178125922643,1.092970393081706,1.1763631327605897,1.1971892003805007,1.225776406028222,-1.3087550622862671,0.8598559583080019,2.178324998421382,0.8810261456535576,0.8503668550227784,0.7642357617107924,-0.7031508233408248,-1.50870307516117,-0.6360794459306578,0.7498611130090067,-1.0440244015986846,0.3220632354140749,0.2243806115809746,0.6941165657045306,0.2584851743597369,-0.6574283503700121,-0.1107876019240004,-1.2730655925514436
TCGA-E9-A3HO,0.0343757490637501,-1.5150741953644469,-1.0322689877803768,-0.8895425785050195,-0.6500185251205489,-1.29366779961479,-0.7883825738341729,2.110556497593731,1.0671999894708302,-1.3290896103400711,0.1361045890470042,0.5484602617843177,-0.8179015249431113,0.5315586970378648,-1.0728230642176515,-0.9427142134113276,-2.298597325960395,-0.9563183901521248,-0.7142681106565967,-1.3561881148669648,0.4064125281694118,-0.0317487223997022,0.4843909931299461,-1.5363753645579263,-0.3478272417977417,-0.8184021627337661,0.8250588548613061,0.9625387782223764,-1.01870985984591,0.5539089606431077,-1.5249296335011058,-1.2904922133334906,0.1088509827866534,-2.3456678156958035,-2.0199859287031683,-0.77685557166616,-1.6242726975863233,-0.2149260262252487,0.8913847448391147,-0.9255454041297742
TCGA-A7-A5ZX,-0.8948996930396161,0.0450105189757164,0.3843641371921112,1.235070484915847,0.0256813554055538,-1.220539827387661,-0.9747816833202044,-0.265563502724039,-1.450029429657553,0.9776919522283742,0.6305829767012703,0.6036641319242293,-0.2041708554605087,-1.6094591645151093,-0.6563526175471301,0.0255511957846593,0.2657596014550021,-0.466887058166392,-0.9586641089429536,-0.9044749207444016,-0.934268157353682,-1.1637163401225072,1.1418632212674706,-0.0007390751270833,-1.4156874061293774,-1.611054911428427,-0.7124031117637415,-0.8635452180367006,1.3098295831842488,-0.2099380742632689,1.2198766083668573,-1.0859876680311138,-0.6831085053811322,0.6773754846398597,-0.3325784653631529,-0.8577295840288902,0.4941701660584849,-1.9492570803149212,1.8326429772297208,0.346294253668669
TCGA-AR-A2LH,1.53991550027413,0.992411830839952,0.5114627616660058,1.2851943270340165,1.7989210719455624,0.9095753527591394,1.80926956088236,0.1011248600477871,0.1232513789929805,0.2081162736739675,-0.1039060293048497,0.3241197400972785,0.7267879622347494,0.1669434248339364,0.9500415005041484,0.6506323178675594,1.2413755080392472,1.6955022467755347,1.83436877262966,1.6049975464579054,1.7142869603970792,1.846743340527222,1.235686133951074,1.464663417217965,0.2440401744403453,0.4660262521371729,0.2416318846017752,0.1151599703127699,0.687845258031141,0.663994261510865,1.3230071972400057,1.710918372901216,1.6759522535114653,0.3885743556518938,1.5788918046796918,0.3525573033687686,0.3569320362791423,1.124422170167461,0.7733707539826535,1.2025281842948363
TCGA-C8-A138,1.0760256826235737,-0.4341303319483519,0.2628097642441298,0.5311854576879272,0.6980270898094629,-0.0516823456431124,0.8790814859770751,0.9779788039586,-0.1506979857950737,0.6664397735697446,-1.2778580258823953,-0.4751776837305592,-0.0797327903995896,0.0527979196796367,0.2360861340955735,-0.1786816924128697,-0.6316203546113676,0.0786692283087748,0.5494387182901233,0.2108996409872337,0.8346760316212064,0.9567468031259816,0.2867671075146731,0.4488293386725129,-0.4681138912054337,0.0075753096563833,0.1490122644210455,-0.5100374343137414,0.5055427725733471,0.6778509563176701,0.5805300555740515,0.0024844950118412,0.7681360466446951,0.0882283211496515,-0.3676117172232093,-1.029922370455048,-0.2794694346308262,-0.1318705901272671,-0.4838493077880385,-0.2442961698611547
TCGA-LL-A6FR,-0.8600002541535056,-2.806322729860935,-0.5538893775763494,0.5726431610321309,-0.6701557240421189,1.4730242032668348,-1.1886327755775763,1.720258276313554,0.5684801149111424,0.5450619295018717,-1.1143879390332732,-0.3389035908198434,-1.4170947377122625,0.2819457475354765,2.567514980468435,-0.3070567500424441,1.2448901386602076,-0.684438541035619,-1.538710879117397,-0.714760433785277,-0.3110080041734422,-0.7092880440092727,3.009796320053902,-0.6077584983584335,-1.1338949804028675,-0.0582282547570318,0.9496953249541876,1.3226377638528284,1.5610079062463813,1.3615585247636777,0.4482640720868467,-2.6650833405744065,1.6447708188929495,-0.9489179381601774,-0.8952576367900061,0.1880087639868836,-1.2772335310751688,0.7759591307216797,0.5238757418341354,-0.6130622732303145
TCGA-D8-A1JM,-0.0545404982994647,-0.5653866228050802,-1.7506396395973076,-1.580528265975884,-1.4696493059626368,-0.3502113487860876,-0.4460001586248419,0.6659810060019575,1.6073328251598742,-1.7411683026172966,-0.8505072259705699,-0.4170654550647337,-1.2539326563283193,1.5562938317662394,2.2569441132998267,0.0717290703135757,1.2356222533619758,-0.4816096724608917,0.1297731566798426,-0.0941150219823922,-0.2544971132254748,-0.1746229632154458,1.049115150571781,-0.642953997842487,1.2267690308988783,1.446988904744679,1.5784836001978952,1.6224032967772184,0.4111919085773809,0.6190818423087208,-1.2374276885014033,1.0202587303470416,-0.1562187165512292,-1.6845749455433687,0.3570348749191354,0.6703513364464534,-0.9662093964049652,2.701460092469408,0.9345559175453538,-2.0736521176793805
TCGA-BH-A0BF,1.933089442359626,0.1481313260724185,0.3556708645997284,0.8498017841646582,1.3374821898046232,0.5857787091620986,1.8841864470087224,-0.3841465012859988,0.0087599281801917,1.214531863860376,-0.1406122624861223,-0.4663192995668204,-0.8059554818660513,0.1010565108809661,-0.6717122421013367,0.1961454022710185,0.2607420484123165,1.3570596726167956,1.954892604197164,1.8824564139606572,1.9877609582548408,2.096093029391091,-1.3259153402328605,1.1155693298567584,0.7156747652180048,0.3131281275915928,-0.0746899859401725,0.045014283636827,-0.262767877823498,-0.8110917920980201,0.35762708586913,0.9071196803252596,0.0563729013621814,0.5091081687330498,0.9088427589474346,0.3477120817000752,0.6469349924266637,0.543043878913097,-0.4375577008694141,-0.0068643622167036
TCGA-A7-A0CH,-0.8740546172346466,0.765252418516394,-0.782519953449879,-0.5724083813605302,-0.0601077092981452,-0.6067231797137643,-0.7162652163045898,-0.5380492562199033,-0.5830502064455052,0.2991828663655467,0.3086794518541364,0.3736786896222347,0.3170288459147836,-0.6388136870302008,-0.0596682910298711,-0.3492430035578829,-0.5320942453351925,-1.1290013354973367,-1.1768991141649,-0.7987383469790602,-0.4841286968309808,-0.7576742970286435,-0.0152592850692398,-0.3055138141315638,-0.3271449465513404,-0.3311465997329945,-0.6234262742400534,-0.7246182955141253,-0.0874508126832361,0.0895708429218903,-0.3206401119803199,-0.2366774657536945,-0.3802037808047818,0.0425906881983874,-0.7095896698611477,-0.6286780503054781,-0.0151506532702715,-1.3045726266504716,-1.0425939471237646,-0.7034023383312925
TCGA-LL-A73Y,0.6125531477122969,-0.723276354508018,0.5766839528669907,0.928547700874508,0.4085493813541974,-1.19332157007496,0.3892896925887336,-0.9503001030911752,-0.4919284707112078,1.104158727264338,-1.1590663468597182,-1.3540039337501106,-1.6238328792910552,-0.2198157128461314,-0.4272061189180293,0.4696034031862212,1.296242906062321,0.9857739881993796,0.3948667718614025,0.5578979197540604,-0.8136510341532336,-0.3234021012119395,1.5880542385136112,0.8569139491929586,0.8861931094020304,-1.1399824147020547,-0.4406494555962323,-0.6585812821627914,1.4417265462441025,0.2312744539263206,0.4164457846330273,0.1891800654203414,-0.3451293742712771,2.1140330630688187,1.0853936860457791,-1.1375357173117522,1.022324953342795,0.3998146691396361,0.8264537716766033,-0.9039387544852476
TCGA-BH-A1FH,-0.2275287791642487,1.441251352809467,1.27474910458025,1.660068138088976,0.7762152253433303,-1.0889247485762028,0.2599141395746608,-1.5894876400767537,-1.313665098723925,1.4525886209838432,0.2851583075633185,-0.1767751934570144,-0.6523798540084873,-1.0832495355984486,-1.0380800285120273,1.5541852204608342,0.8712384146643563,0.9122637909975332,0.4780059116561259,0.2986902299280581,-0.3705671592242596,-0.1258550082645774,0.1256298328238332,1.1178631847113256,-0.0823323055855505,-1.3850550105716577,-1.6614476793590127,-1.7441237821141902,0.9651962152039172,-1.823663181052971,0.4827321673398774,0.1059836927631467,-0.7569985776037069,1.9008886958496396,0.6747652506175781,-0.3735079762294066,1.8984027346369383,-1.020510647933326,1.1753592878626031,-0.0695246778616958
TCGA-AC-A4ZE,-1.188447893469661,-0.581931649919204,-0.7662457053687065,-0.9265423401880925,-0.6268313800690813,-1.1410308382018857,-1.1866424309021952,-0.0828044240618056,-0.0059438480394667,-1.3904630878077942,1.4737523913463382,1.3857332871158856,0.6816818341158785,-0.1345927001191138,-0.9127941306320771,-0.2970460379834344,-0.6903247073696489,-1.3000002493155651,-0.9812610080110272,-1.4480408576760189,-1.2727989615812016,-1.2038968431521688,0.7531040760790134,-1.1398217559848771,0.2585164275541602,-1.3809059873593708,-0.6253477953559787,-0.1872471113212336,-0.5141847102585819,-0.1393831744279475,-0.629964919457892,-0.0390822083341157,-1.2316206777566316,0.0898938487019095,-0.7749723649165123,-0.8245207328317538,-0.3498465671485977,-0.1716295445535492,0.0171770774295054,-0.2283642193057635
TCGA-AR-A24U,1.5149487198326346,1.720715007218116,0.5710229968248439,0.0518646701081851,1.1481703107475345,1.8267862781994717,1.975461118414218,-1.1971073955344536,0.4584163929950418,0.5018528841420421,-0.684536568642994,-0.6959989674368052,1.4858943020514517,0.6210419270935468,0.6904843959836856,0.1609778312555794,0.6563917883134255,1.796893187994388,1.6118774009997314,1.930847601817756,0.7207767027613279,1.1020147106302178,-0.8403503888887226,1.54354207626359,1.1904994166121028,1.7388196171008723,0.1634072630444926,0.0669876946908459,-0.8280964143909486,0.0860861723949567,-0.125300377182647,1.7360783091441758,1.4859579447000515,0.7306924049835204,1.4265239617529268,1.0533705081648796,0.5708993010135088,1.11696229525717,-0.7514327269263059,1.1812829858798912
TCGA-A2-A0SX,1.8283897184291489,0.0478633794308317,0.1148217870186434,0.718314314495599,0.8071352816251739,0.1968631562528785,1.195800046125124,-0.4610731065925563,0.9896644561852694,0.6086003930365185,-0.9850229893663222,-0.9977748981199588,-1.0928919027445407,1.1615934770997582,-0.0306763925028893,1.5999400724761712,0.6117718085111974,1.3139463946600285,1.5627102799521144,1.7381848975128815,1.3756280623634314,1.497151176435796,1.361381346063086,0.9797134357968126,1.970068912889442,0.5273919730412304,0.4025510364422512,0.4639265681988239,0.8655686961034725,-1.9702793068214792,0.3382915528060911,1.9748044759649093,0.1240175673550462,1.3297038204638898,1.2279311604126897,0.6229473576048808,0.5441176327920713,0.3819915747716689,1.4508028881781632,-1.1466358056241877
TCGA-E9-A1ND,2.1374140944911746,-0.3486050930103118,0.188859369797338,-0.1668844057070016,0.9731752617622916,0.8218013240121005,2.011012891295652,-0.1586133977188902,0.7843216799817212,-0.1060420914858015,-0.9664947925291,-0.4016264240749729,-0.2947502009507682,0.8308360084116506,1.3022178236962807,0.4504024964995389,0.5964874100802994,1.4531402626253975,2.583251140476526,2.531220531045588,2.4543848700997244,2.545593039500809,0.8732496286599324,0.9721921436583484,0.4937378312580907,1.836103846952692,0.7902861416924727,0.4133909269092343,0.7057103678477842,-0.768725120412076,1.2812671221882928,1.2474418289095188,1.414160501079771,-0.354752107143526,1.2317308654692616,0.4455242167897829,-0.3934626859719538,0.8775530089226556,0.2443408963479049,0.9589693660869724
TCGA-A8-A084,-1.0620636961111127,-0.6707894807933087,-0.7032975829111627,-0.850513563081794,0.0593212418148988,0.0191350322657033,-0.1775937093943836,-0.0434781678462983,0.3533821193407992,0.0758778842689906,-0.0783725111234046,0.0861934858026681,-0.8031543496149725,0.5960947260225324,0.5324399830495394,0.5357011604236306,-1.1671371243791873,-0.5489070247803902,-0.4421898507116956,-0.4865197939217915,1.857315305053259,0.764043077707242,-0.4931556337194435,-0.3933111280412313,0.3909864801193168,0.0376979681366434,-0.3159439229152667,-0.3582284975761988,0.4275283175225271,-0.8079606045526815,0.0462035974793847,0.9619036331005616,-0.5066077801342477,0.0148302227766132,-0.6941543114517497,-0.4937945079719022,-0.6476902612927379,-0.5469190219418086,-1.566006264938756,0.0420535281296535
TCGA-A1-A0SG,-0.4027893646042199,-0.5833165175510909,-0.5030310290036677,0.3453302420109094,-0.7271646878293716,0.2722722777700322,-0.5832451808422403,-0.1442934703154219,-0.6959151156743946,0.3392430341397756,1.465242451890756,1.2761189002549744,-0.0988492341555993,-0.8072475814381794,-0.5010717429621732,0.8338026923174355,-0.7638737282446775,-0.9283409117661648,-0.5572397148226874,-0.7395396192722251,-0.4894995853648946,-0.6163121767087407,1.2308488101416089,-0.6538396402441256,-0.4841284958307814,-0.7550816134385596,-0.8347493461363867,-0.3063985319303256,-0.2776098821658181,0.3573512033387486,0.0126938404658382,0.5450626221555522,-1.7085410526992886,-0.0195140904173227,-0.744283439803337,-0.8318908215727032,0.0830157819299019,-0.67646318169991,-0.3055583584931083,-0.2280103352108348
TCGA-B6-A0X0,-0.9315929104815628,-0.3492422474616312,-2.0103303852984014,-0.5768511264826724,-0.219274381934718,0.1405414942310065,-1.582581452602201,0.6331800665981016,-0.1118095378300539,-1.1006849038313558,0.7322498864121104,0.6268140431740615,-0.4013101211801744,-0.2896705887158227,0.060210001402666,-0.7042048990293072,-1.1292093775561494,-1.061578104521307,-0.9547217368408422,-1.1660663781056717,-0.7721419995521026,-1.2208355945486449,0.138000502813166,-1.2319597450667703,-0.3924514418072467,-0.2948776701472199,0.338432702679815,1.2553397500811476,0.567983753725152,0.388287248563878,-0.2659289320193873,-0.4796489412428847,-0.5058022303223527,-0.9024283690975334,-0.5468750564569606,-0.2665975045819424,-0.7181459445575835,-0.8013613999173119,0.4174905299335659,-0.991562166112324
TCGA-AR-A254,1.055033593925896,1.281608024089094,0.0253190531236889,-0.1625062971586647,0.5514648519758796,0.9535971600990732,1.028625404875541,-0.2744382953893037,0.663583123063534,0.5012836993283494,0.1289837255065274,0.351167902720216,-0.1462324800351467,0.9190294827853476,0.3621505137248886,0.2251071220426949,0.4914152761774989,0.6928239383923855,1.018734168622501,1.4173763000132322,0.4387221643996153,0.7624941662444684,-0.0803206828960645,0.8790854041658566,1.0396059845315413,1.0956164775680384,0.7921052689336462,0.7471965110288677,0.4130986596151161,-0.4612533655002938,-0.9563174338543836,0.5107758295751776,-0.2147597427611,0.3879355178960229,0.2248514720343206,0.3927606865897369,0.6775327716054205,-0.515487059908913,-1.3123489086975235,-0.1737717989679282
TCGA-LD-A7W6,-0.5972730816884508,-0.5148777627506946,-0.7948310253274842,-0.0276134816173988,0.2407084003713102,-1.0953004294730524,-0.7335722995792687,0.1281062277456434,-0.084941343658872,-0.1847654321941521,0.8999818957091694,1.2249400753731532,0.1052816299438544,-0.296941454221224,-0.826606653853053,-0.3772804165208221,-0.2607129017387128,-0.755367060240795,-0.4787017833051107,-0.4865096001198057,1.133292872476616,0.3967894428081427,0.6308305952871759,-0.5332795599013156,0.1849780866285745,-1.622006840179787,-0.5865783094196396,-0.1548076885481313,0.6549185218036869,-0.5726439888563468,0.006862780730906,-0.6140267729511472,-0.7555729310951272,0.1322338041079926,-0.1417606087442079,-0.558729789694777,0.1427711941709765,-0.294651830332859,1.0929515312991331,-0.1168534008921482
TCGA-D8-A1Y0,0.6360395661894513,0.9854442348344,-0.136639230256605,-0.0742001907825777,0.6773414233465781,-2.0387923673316446,0.3053716759637209,-0.5245655920761203,0.5455100744817858,0.2121107575700717,0.6090610775243813,0.4233533011668844,-0.9951119291478562,0.7148836689751218,-1.2962275115112645,0.0621701665566893,-0.737574621192092,0.5597693687603935,0.608851741618575,0.847205831697863,0.9564339068539622,0.9953798561188938,-0.5318295068094928,0.6423418619123236,1.1872806123834594,-0.2838899651837067,0.0226229853925754,-0.2599808548776747,-0.4941544174512783,-1.389316481760698,-1.0858319787381818,0.9370991283733582,-0.9799022522738878,0.3153746831996344,0.1627525583294148,-0.8593157197026338,0.854216136755431,-0.0490008986329601,-0.2101373560384427,-0.7097635437814314
TCGA-BH-A18R,-0.454836290153724,0.1206121799599669,-0.9815626849073512,-0.660760433654022,-0.6872638839034191,-1.7143156336571912,-0.8296085991196214,0.7518875403573368,1.4423488981555803,-0.960072298006604,-0.9820704183686154,-1.1727495744350591,-0.4564533751089562,1.590966914080731,-0.6349933925315832,-1.4548539186307146,-0.9271532743259638,-0.6068938778680943,-0.5529611960423698,-0.5496463448558926,-0.511089904410893,-0.5135657422985127,0.1957744769299739,-0.7535665667037789,1.4516142580965803,0.3960506257071557,1.1881221871540737,1.6260805927690911,-1.264350081979305,0.6531631932911961,-0.6454689228718988,0.685547082337973,-0.4132031696501707,-0.3280292952006454,-0.2451789106237849,0.1968958351200199,-0.1884708399084215,-0.5530572505015443,-1.6614745620981433,-1.0975682264840303
TCGA-LL-A5YO,2.68839539629591,-0.1428477675134464,-0.7085022187258846,-0.3331977541845308,1.1739329821817108,1.1590831721752106,1.560052050233701,1.5146003586365528,0.8863944538254478,-0.3854818173273575,-2.037136475356177,-1.261393749993026,0.9038416673843408,0.7332929657910306,0.0671921790175928,-1.1483404312395085,-1.0576324174022709,1.7657122710552646,1.7114828412922871,1.2810154151775746,1.4474942151671633,1.988477423359904,0.0325283721270631,0.32790336309617,-0.282340350642957,1.191194881412753,1.36155033973314,0.9682122677068944,-0.6111354238027628,1.8876004032948892,0.2509078257383557,1.6206235042142392,2.403328813290969,-1.018933948067023,0.2581860052327664,0.8330857431917172,-1.3386984117700398,1.2635750524664375,-0.0170971720502428,1.1186208725849212
TCGA-AO-A0J4,1.3189009622927752,0.1988385825739941,-0.2143733054125938,1.2618691204617742,0.1899375703510525,1.2132672135634197,0.7130683019303312,-0.2383555178013308,1.0158746771400178,0.5908784781098779,-0.9185951161971492,-0.966403383358103,-1.5487637387893898,1.3909082486440445,1.281189576498608,0.6942872274544574,1.3456944749817097,1.144757026656802,1.0595214393176524,1.1621399333781797,0.9413149297539688,1.108672639986393,1.8761152092057716,0.8645786877262946,1.6562411050067665,1.2648359832753169,0.5780254085587865,1.0171406057872625,0.904080899812052,-1.2554139228126746,-0.3831336242605903,0.5980846165498203,0.465506362622218,1.0245429220511963,0.7224445234012654,1.1321499355141604,0.7210931041298091,0.9361359315726402,1.1605864369088787,-1.4616574559095423
TCGA-E9-A1NG,0.8000194185840124,1.0086967712529238,1.6679829383753928,1.2112071992446587,1.3002274698290233,-0.665946705698652,1.4410142011263367,-0.641586355596272,-0.8232092597611403,1.7649403353156758,-0.2018137483987973,-0.4374280887901499,-0.3809269070671526,-0.7842364507129097,0.8378321046542493,1.102148089515066,1.9102506734353015,0.9366994382356854,0.8131993288397585,1.3900722692371894,-0.0142864501909111,0.3116833426225313,0.0230490153733136,1.5070041020498606,0.0606072741835116,0.0414291254038755,-0.5858848136987947,-1.1167829577754604,1.6061715834912131,-0.6884734569192783,1.5158232027607388,0.3417858070847538,0.5660692067758597,1.690256752625235,0.8677725688335831,-0.6482869313236933,1.0848721680551896,-0.4538397444163565,0.4692558597749516,0.1994495673455311
TCGA-BH-A18M,-0.2843524555800691,1.0548998176659932,0.5292862216262649,0.6095409134331898,0.9500100941337852,0.5818728449716534,0.2103060090083217,-0.3211516135772406,-0.1842582090084915,0.955895622695221,1.167765037934431,1.0879266271091264,0.3327866395082012,-0.2179230584725905,-0.1707680251603232,0.7878472045574504,0.4707793002671336,0.1119836330319292,0.1303945846849328,0.2591168058188105,0.8493710436457732,0.5480809055724509,0.1927392005849441,0.2817509824406954,0.2048809717307882,-0.0364117435277061,-0.2718422269874864,-0.2771068277553645,0.3422827214303399,-0.4666472678143892,0.6637195887339823,-0.0162462929833758,0.2019595199442065,1.0113161993816937,0.5229990505120178,-0.3008571832477442,0.9998355505430582,0.3815604962363587,0.2604060840132995,0.458903174918286
TCGA-A8-A085,-1.8711672241613253,-0.1988845048494752,-0.0726626031406217,-0.8269214371634347,-0.8039341509993491,0.2613023914972721,-1.8541634498139827,0.4373718860523486,0.5216020109360126,-0.2602165855919002,0.6210057692581252,-0.1985574284857615,-1.7488889566562718,0.3480409612762405,-0.2891455427882578,-0.1672246222899627,-0.85992905009888,-1.499011966331828,-1.6833677584146656,-1.9469316078203232,-1.460964283401776,-1.6280529825251877,-1.3397694723810083,-1.4964436452565657,0.5564649522009207,-0.2380958401671712,0.1663784997729397,0.9982063052559192,0.1882338069375981,0.1871102850340795,-1.47410206286722,-0.62248624786663,-1.006489721818323,0.4000940773933939,-1.6636766617743302,0.4732882734662248,0.0342419900836831,-1.6178675932995767,-0.8754486705059401,-0.9119863475203936
TCGA-E2-A10F,0.459642771866406,-0.0937658298545904,0.7827175477988498,0.4432145000549233,1.2470453340368806,-0.5332241694938132,0.9336933486426096,-0.4749423008764706,-0.2589423033899313,1.2213094113942704,1.2095534815535711,1.0104096382745378,-0.2740980183001689,-0.1834155274998461,-0.3964611347554545,0.2178860809987085,0.1061974986879547,0.5138079887036014,0.5853893508720689,0.7391344572437938,0.822420751146538,0.726232470736367,-0.5240594485690275,0.7363493927872401,0.5283553216995496,-0.2975687270299149,-0.4735858875330587,-0.3692248348406323,-0.5687208796952771,-0.9097538668553782,0.425668396577909,0.5307025013102108,0.0622279889005489,0.3440990063736989,0.5011293943980079,-0.7509703049932938,0.7201346933470997,0.0443739572041156,-0.4165450736772205,-0.1482358228279258
TCGA-D8-A27H,-0.2233810314798729,-0.0107776535772271,-0.2285901058204601,1.9577256766901965,-0.2536116627041789,-0.2889900386918856,-0.2453959311516426,-1.0460580205228476,0.05831576581444,1.2641705075487428,-1.0997735145849508,-0.9871583147896554,-2.3758140043395364,0.5084101242477763,1.4461232377729916,1.6915307552981338,1.177779450143061,-0.0215824977889352,-0.3299373052980676,-0.3998130152496165,-0.4135329157909875,-0.3247102252937949,1.421762864516687,0.5995383419352579,1.2831627595733843,-0.3372305424054002,-0.7839506366399198,-0.9239103283720204,0.7941655834857679,-1.853160514903475,0.2114397684129891,0.1356994232888392,-0.274169466849462,1.3839149208065735,-0.1309073785148628,-0.4013822098345193,1.2080340354104606,-0.3533927382667162,0.155601212092949,-1.5807065991209874
TCGA-AN-A0XT,-1.017999957458923,0.5723883708339289,0.9896251051127388,-0.5234738142226355,-1.04520719680081,-0.9672176117073488,-0.8358059023606319,-0.7895941001341391,-0.9168327384162066,-0.7421198476584403,0.8822479453914779,0.0375131221631486,-0.7287673931849507,-0.875685051646399,-0.6873353404506662,0.3188521607754848,-0.0584066551194711,-0.6480201009170399,-0.94395871687464,-0.9114149029345774,-0.7969833221189021,-0.9755943635036916,-0.8582883721389565,-0.705435254495775,-0.2575519954907545,-1.4268212996089162,-0.8057409265473167,-0.662833724371529,0.3366648880090806,-0.3856950859384767,-0.947941207045217,-1.7411761372209298,-0.6936197075634739,1.4941781083481165,-0.2766731377663297,-1.091093873482798,0.2220233012628889,-0.7018766471800533,0.5887783263008769,-0.9793957610244252
TCGA-A2-A3Y0,1.097052302087138,-2.5401714968731364,-1.4084325701529892,-0.462722751042096,-0.4806929493899896,1.7470448627278103,0.354031604131023,1.751720287659375,1.7215580573677418,-1.3567766686110714,-1.5512644577310517,-0.3719845719245044,-0.0647621241290465,1.5234461956333505,1.5378616273575356,-1.1559274685520635,0.2865611681557475,0.3291539682740211,1.189085489343226,0.5740284438403099,0.7608365341797511,0.923285582888128,1.370566324483943,-0.484193435497601,-0.1565045290088503,1.660462592038179,2.321776251902022,2.623909503222398,-0.148512240042263,1.2498986222799326,1.6994820568343876,0.7492922933167155,1.299639668178909,-2.395602853038911,0.5445514036485143,1.884070062916338,-2.55017585983374,2.068869343440333,-0.2490310860555154,-0.2292573863800767
TCGA-AN-A0XL,-0.7201985305999374,1.1266211285498844,1.355707006676108,0.6367664201524318,0.6362956632210931,0.2708203155953504,-0.0448963932747568,-0.506660547428109,-0.2071175076730148,0.913437559373182,0.9399504665089674,0.7263805929041022,0.9903958738683653,-0.1234009401451819,-0.1887037859220358,0.572454505403482,0.7706923869001479,0.4816177590972827,-0.1553150296304951,-0.2432280966031969,-1.055504077536517,-0.7733767513067001,0.250746817353758,0.4263935514115881,0.4603355155522834,-0.7218664283288488,-0.9105212835004736,-0.657813599915456,0.3460694424072583,-1.069123530537068,0.0143317925943285,-0.3447994066090112,-0.800289860041442,1.6373684075091954,0.5578088093107088,-0.4597447950406957,1.341889160666909,0.0551758904673534,0.6852929586060365,0.8051632805221373
TCGA-AR-A0U2,-0.2574648678816288,-0.5091429369462711,-1.6722607356502304,-0.9442655632952456,-1.3013797940998175,-1.7135746853413882,-0.7685732759540133,-0.2515418896036673,1.89798156874575,-1.8149836493687856,-0.4550988022209957,-0.9678327855111244,-0.7298184030384063,2.014209271890492,-0.1229908432067588,0.7719541384177435,-2.324488793856008,-0.8812910317406981,-0.8204367536831835,-1.232716917107782,-0.64685491126288,-0.5747421920012944,-1.4450560284184029,-1.2188898244905229,2.119404497813226,0.8115530060618114,0.6086534542633796,0.6174200205068097,-2.7374171382343637,-1.5897704979222296,-2.4855580596439744,2.407775835533513,-0.4967337087292461,-0.6946921593096127,-1.900011722422284,-0.9322640840451666,-0.7528985085064364,-2.0279466841975435,-0.6661524527782597,-1.905925500129088
TCGA-A7-A5ZW,0.1703423285607448,0.2893083999876794,0.478941270586354,1.0610181798682574,0.9049405241221764,-0.3797219268311227,-0.0726390097355118,-0.2376884452256769,-0.9537222141449182,1.257952072470982,1.0264068771071004,0.9303571446427432,0.01650795510477,-1.060019359881601,-0.3547617460725995,-0.0048952636183648,0.4524459307838154,0.4680576283042721,-0.1933018092862916,0.194019015195052,-0.4641092014889612,-0.277191222706007,-0.6144889468553577,0.5052780894925587,-1.0491321658022277,-0.532289156562164,0.1106358379848498,-0.4695959671484569,0.8216151569426527,0.2698003193313847,0.7559821464374492,-0.0451657580435538,0.1085270479418236,0.695656419758743,0.2427101549928941,0.003474049309405,0.7757549085540372,-0.4602701317762964,0.4166781772908264,0.3840458219198854
TCGA-AN-A0AR,-1.3948301269011187,-1.561751593505171,-1.609367810221042,-0.9814265004168056,-2.6305685572278,-0.2699225094608827,-2.0576532383565307,1.1054101070028797,1.278593250495052,-1.5476909742038878,-1.8140352236449395,-1.8693555696102997,-0.8138574944994713,1.211308774008775,0.6808574014144538,-0.1868926283934504,-1.693406062577063,-1.8111708880563884,-2.2477963119004394,-2.2295209374299216,-2.449235472682776,-2.392712172140863,0.1124210448890958,-1.8619245921860677,0.5956953608179811,0.9078714458554388,1.7043515616952356,2.25517564486432,0.4638241576666788,0.8335017846912354,-2.674108009067424,-1.9040352527454607,-0.3620640045909334,-3.110665939837528,-2.431584690148316,0.7193483151900207,-1.2917868126668153,-1.5410290639643207,1.0820191204708094,-1.974047249064025
TCGA-E9-A1RH,-0.2037408929568756,1.5625799438290666,-1.1490565870297875,-0.617249066518296,-0.2239386444479822,-0.4405322271630561,-0.2072118637280908,-0.0605264439937418,1.3832151966922137,0.3962438871074224,-0.9832049080787164,-0.8947476354498255,0.1546900052404604,1.3905682945541225,2.643032796049237,0.5567863051609683,1.864643492178086,-0.5547989918537721,0.1655721799172279,-0.1816140388231572,-0.4780797186255585,-0.2827181658665239,0.3921426498020495,-0.0491355282516882,1.4515739766211588,1.7854726444037972,0.8167838226311769,0.3079331645836573,0.033923730301612,-0.8204077146000502,-0.1519586224622396,1.1500800203782404,-0.2974782210182807,0.6830896293658404,-0.2593951663845725,0.6565013999982404,0.2540093218031989,0.1082194001326592,-2.1067861925481868,0.1336459890835281
TCGA-LL-A5YL,0.2013705118851621,-1.1044922669882136,-0.5300637501616795,-0.187260360366694,0.2430152275947715,0.5767456039655312,-0.1842172802051325,1.9559888002285228,-0.1549800841435446,-0.2344378881568747,-0.5321199285470305,0.3696499961625427,-0.0688866336037432,-0.4868539154516625,0.4503564267407799,-2.034271500598363,-0.7526198876709868,-0.5566623562510924,-0.3200820400487583,-0.5227642083261188,-0.0602161119894089,-0.12622817498239,0.8803018461897809,-0.1985361447781469,-1.907705437193652,-0.3417305170406693,0.4925281083939681,0.4882785602982932,-0.5030447518563016,1.7082975005287917,1.1692690615665235,-1.514921512027973,1.200554377447306,-2.119310989495897,-0.6680508284366016,0.7762855609437549,-1.5094808177091985,-0.4565425588666033,-1.6817108758150523,-0.1898200218730716
TCGA-E9-A22G,-0.4568885871246105,-1.4439590195412122,-1.1938135720505336,-1.5538715841323478,-1.2491268179141948,-0.2859618445940934,-0.834361630233609,1.203098579954121,2.2036835341610903,-1.352924027639037,-1.579175562090863,-1.281110333727421,-1.1728956128637988,2.1182093531355584,0.6167529934604283,-0.2638157241850649,-0.3084826180004639,-0.489347594133964,-0.679972877156755,-0.5206439186435762,0.5563579097626244,0.1951321306545518,0.6307873687414997,-1.079493855657901,1.129106258863749,1.087245731185295,2.3100534453997,1.808473393079772,1.0572057205489374,0.7624167732694321,-0.8638228382989328,0.2267516621761426,-0.3356144773175279,-2.2043765447754198,-0.0795010911385106,1.9281890775539228,-1.4049870078110525,1.0139938096575822,1.076483554265509,-1.4572247494616482
TCGA-AR-A1AW,2.7717963215072805,0.3264243273913628,-0.7552897533528815,-0.2073773339424961,1.3310423755595555,-1.2937020570041815,2.072413971911388,-0.9284301252725572,0.347767661039595,-0.2921526447076404,-0.1820394686546285,-0.308655038298464,-0.7528821777977444,0.5071322818268776,-1.8404485868891636,-0.4048151789166521,-0.3884173355290249,1.813333275298462,2.2501157130265077,1.972345263931976,2.066432369845919,2.542764981024151,-0.7789936475402933,0.9866063828275504,1.0427354530699735,0.3402711003685624,-0.0911414679234738,-0.2040779078435589,-1.5676796685226375,-1.3434932389637533,-0.9150223930596602,2.230665589344114,-0.1179076758435425,-0.667879602187019,0.4913279839446229,0.3738163328393021,0.1206210917558514,-0.401882668887178,-0.1707329392783657,-0.338957725726878
TCGA-BH-A1EN,-1.1018354126293797,1.32051025925891,-0.5076749498497389,-0.998108617386572,-1.0775192500216593,0.0974245231547729,-1.0570215618141643,0.2168278440153676,-0.1577583776197255,-0.5018113045470548,-0.9109301288994331,-1.2473242457324647,0.9128794855599054,-0.3697197499466637,1.3668013739545375,-0.4837530245521149,-1.198280187441389,-1.0427630710504574,-1.1925434580193608,-0.6277140387364545,-1.5555044061718777,-1.325810698636295,-0.6789784068487751,-0.2685465508980632,-0.3545886723846621,0.6379319390612938,0.2807121516717821,0.4013087604735059,1.1025852574352637,1.4995547017545332,-0.2923985324128393,-0.4252596901090798,-0.4310360433263095,-0.472880413814576,-0.8381406951766688,0.723194365449998,-0.1323307875190216,-0.1183571603583414,-0.9434955311734216,-0.0604023680401352
TCGA-B6-A409,-0.1048914732999157,-1.0984796465645794,-0.4569804124484248,0.5569618180445423,-0.4342748968171599,1.4781266692529127,-0.4493309784433538,0.7742313030233677,0.4687579478219909,-0.3871061407325611,-1.008353274881238,-0.8241643316662428,-0.657000279659311,0.4614155126185057,1.4730978724614827,-0.6105580553261508,-0.4416093274689736,-0.4040873180628146,-0.0469189384899533,-0.1635997875000152,-0.1107939606143749,-0.1639342822253,0.2651371440375746,-0.3013691013891831,-0.9659771632034176,0.6644969398100751,1.6059965607290705,1.9075925400492888,0.658814389086845,1.4700661824728392,0.0075345418455035,-1.5257546351759077,0.965856909917152,-0.9531076238053524,-0.1732830424474388,1.9698129906705444,-1.3171409594096672,1.402990352577354,1.2998846786219664,-0.6134107505761145
TCGA-A8-A0A2,-0.3627222757342537,0.685089686970469,0.3144771300081029,-0.8987887707187315,-0.726153891470564,-1.267311304452603,-0.6740443432829384,-0.4416861423042497,-0.657951677495925,-0.231461500998522,0.2184534600435987,-0.404138710444611,-0.916560782246295,-0.6514982399099845,-1.7447460083017197,-1.1619955335037548,-0.8138606199120332,-0.7931872600156332,-0.4733361132395482,-0.2916124945417906,-1.0460256238165784,-0.7203718638078898,-0.4830420510326227,-0.5848043922625558,-0.2433090970121665,-1.1849246846228958,-0.5489545300180055,-0.4542267177807377,-0.9342481872378768,-0.2917006326297566,-1.290037604389593,-1.209792257956635,-1.6256159196957445,-0.2099585579045,-0.5004791877611082,-0.7823751295039585,0.4231956578398195,-1.7676126892637498,-1.0557215890435765,-1.037628280551138
TCGA-AR-A2LJ,0.9645326439689658,-1.5426946196830151,0.5620981631997374,0.8087009057296168,1.0641673539344492,1.1627391294270797,0.5856181052296424,1.0899271922258833,-0.6553900706182433,0.3867707559423088,0.5833373028197653,1.0774103959220775,0.7520124129673225,-0.857531411884337,0.1649342794467337,-1.3001917407232846,0.5977229368176438,0.6817227628387125,0.718947608702711,0.5582102039720003,-0.089804330843056,0.1207294467700065,0.3325464996713093,0.5904068417062044,-1.7122388719658612,-0.4409688758381437,0.0663705025587079,0.627053978214876,0.6311568873893693,1.0615603368500104,1.4191671475331238,-0.5164187359727912,1.7898512546598004,-0.362476908934527,0.664687074153541,-0.3719031254532777,-0.5360140988833612,0.6825210635805256,0.2775144559899598,1.1696327109607931
TCGA-A7-A2KD,0.4152255270099433,0.472082128481524,-0.371001091507775,-0.168349253579478,0.5605309943605766,0.1155188278080392,0.5117079570878015,-0.0179201047208775,0.6785004984006124,0.3762674902690543,0.3023144665938245,0.6349105754863514,-1.0706608432320053,0.8262747849673794,-0.7488199265424734,0.6543220545711815,-0.9498607980354776,0.1308058943654984,0.3525156719750543,0.5399430530114789,0.9049950732283704,0.6461722059880207,-0.6485860806977701,0.2069617838897039,0.723293775806642,0.2922154174111846,0.1819722891713347,-0.2264613678684858,0.7768242553889371,-1.284257604750411,-1.181572071278637,0.5791945508114206,-1.7254755862051463,0.2381763539468745,-0.0334929228607489,-0.8415174826007391,-0.1187993023013583,-1.367226104649985,-0.389828803089342,-0.7255987436451803
TCGA-EW-A1P4,1.7311370499577647,-0.2873005012189625,0.2318055555260821,0.5269296687768289,1.2597516355094247,1.114247942913792,1.4271409667654311,0.7090550672501267,1.6485930244704212,0.7024361492090802,-1.0729065268109634,-0.1875944509505552,-1.0268029773304077,1.7650133116619129,2.277398922733393,-0.1799783233812871,1.473556791932735,1.3115643106525352,1.3899806092567637,1.5263681420616833,0.7094948905121229,1.3411507083693228,-0.5793061776248503,0.9159548425921612,1.8391137887821525,1.861834628152143,1.577192309928879,1.3941965782511725,0.8672422985841037,0.650809543684189,0.4795784485912113,1.755324898782267,1.1254121551618026,0.5332908318814109,1.6047484195688178,0.8477062615606833,0.076089244793655,1.2083863139758737,0.4231129717191227,-1.074409019455248
TCGA-A8-A09M,0.3038383488231587,-0.6431554497569172,-0.6936207863914977,-1.1290676164595377,-0.0469902274444744,-0.0267497111494991,-0.13789754819072,1.0012628494030449,0.3250184907276517,-0.9601646507318466,0.1058009722642186,0.1249611127667398,0.2892505301332658,0.2148462995412689,-0.2223881209677664,-2.054376598856481,-1.6568644640892405,-0.5345671966562199,-0.1408124526347591,-0.1137256000943178,1.3320214400531925,0.9596596350454,-0.5597881075657126,-0.8345805161211629,-0.3432637126149172,0.4259346060917671,0.4405379914506039,0.2078657615445599,-1.894486063701992,0.7326749835850556,-0.8191138522080089,-0.1901314300474981,0.042858557831615,-1.3855792568601537,-0.931430522707964,0.7748754019582724,-1.433034155793728,0.0563952330831129,-0.9029188888939274,-0.0197276543337272
TCGA-E9-A245,-1.3188142279207231,-0.4651596437827968,-0.2040754447511919,-0.6282902450472626,-0.8795126625992753,-1.4696777901736626,-1.4688751755368232,0.2357654714160463,-0.5683687494420252,-0.7483685463965559,0.2669281127446026,0.3594646990435622,0.3171267788887467,-0.7129587549376837,-0.1642433812422203,1.8875211616024612,-1.045906028213592,-1.4322700386046925,-1.6822443484623344,-1.657368751918248,-0.9508252523193056,-1.2248250752753238,-0.7340988550265554,-1.2679572997596935,-0.6971516684744198,-0.3792634798424353,-0.3007437572344589,-0.3758521535615274,-1.3312985861449294,0.8852519021970205,-0.6667935500914673,-1.5154358005972146,-0.4273505436892247,-0.4213139642656178,-1.1783713680348964,-0.7748726067847248,-0.3236419365087202,0.7843464545706333,-0.8135699301964514,-0.4008154238358906
TCGA-E2-A1IP,2.2343816353945702,0.1203550278304911,0.285711945103721,0.1824222118876358,1.334466515298276,1.0643593185545972,1.4119298593928318,0.3153893501404535,0.748939538753442,0.2335049437410831,-1.418567318362196,-1.0747033196865077,-0.1016097908355769,0.7760338476403082,1.6121462164315423,0.0686674512041768,1.276117992749046,1.3197052896376775,2.039736700274824,1.6821183622934366,0.9883942409511194,1.713227799197265,0.4474382182934646,0.9338290998374305,0.6211547863984532,1.53251688359511,0.7806953603810386,0.129222121778186,0.4013953929401434,0.1036677007018444,0.4650085405385695,1.2315030965236993,1.2420132399244654,-0.5869346984285592,0.7840601249910786,1.4404827644817355,-0.4214943871697262,0.4028056869286681,1.532024427349897,0.1334584217002627
TCGA-C8-A3M7,-0.3169044409187162,0.7324020982069792,0.5724665261039245,0.4319590402767326,0.0557970895923053,-1.548214539341154,0.0879247694624593,-0.6926903475637162,-0.5484792884772252,0.1372463046320244,-0.7164185757639043,-0.7357035364647112,0.4058116389100889,-0.4138512481153839,-0.6491595152847155,0.5327962318949007,0.0173939135161432,0.3882780834614962,0.0222506641816015,-0.3076844600491184,-0.3559512798339053,-0.1005591024539193,-0.1496869120276757,0.4615144065742955,-0.0855351572518206,-0.9579018817196314,-0.6060033218621906,-1.1113200467326514,1.1049209518471776,0.0459495200140374,0.6948457527834963,0.057974879962537,-0.0373043621738245,0.7615560529921035,-0.0553425636181981,-0.6079810529930759,0.9557509282867332,-0.0403074254942237,0.9496455859533334,0.4519929953996676
TCGA-BH-A0DV,0.1495097408990062,1.251210217278388,2.1208119251954725,1.971388221519322,1.0169467532562986,0.0103448842979095,1.1314307998180948,-1.099033403156264,-1.4641522605250668,1.8547315263420543,0.1439711224827127,-0.1999258123484474,1.1503711357912574,-1.3620323697162342,0.0612253559462021,1.4233631436063146,1.9404038314376872,1.4593105338249517,0.5569457507275107,0.858797563927153,-0.4652984210172936,-0.013487794556463,1.050977177279903,1.676011148777347,-0.6622664215294178,-0.822106127000323,-1.3342503798065009,-1.2242052619860255,1.3934528646877429,-0.4726121567578668,1.4182358058161977,-0.3055870606874851,0.488546521361498,1.5061099870496588,1.478081607616679,-0.985237411875332,1.6653620211285995,0.3946457860480435,0.94470007671087,1.5813539416634086
TCGA-D8-A27T,0.4363552569220438,-0.0704914761875824,0.1326610909499416,-0.153754292841231,1.1577689283188377,-1.045224512146012,0.8144404150127604,-0.1907878057329991,-0.2011971562056847,1.0346107257838042,0.6773838633968464,-0.0239247697675811,-0.4554590664850044,-0.090424731637282,-0.4185468509402213,0.2623703036093645,0.3988381887619697,0.5866946885942877,0.5677188556619296,0.6850951718147291,1.2242933996456629,1.0044416427936225,-0.5285540900358231,0.4688241352493342,0.2603842253178953,-0.5163636761433659,-0.2826578731920832,-0.3794935767850318,0.0593249438072853,-0.3643908159589095,-0.659593807921743,-0.1711237705420681,-0.50912712729305,0.8958097898835262,0.613772118400796,0.1466549381407616,0.9777428760996164,0.6317620506239231,-0.0332306229090582,0.006758070144095
TCGA-AO-A128,3.1549392670519847,-0.3647138636596156,-0.5658152426595809,-0.2503885872593831,1.090970006301967,-0.4862244592654302,2.384487492977625,-0.3027782584670602,0.8054553811460172,-1.3203082283999472,-1.9343894463325613,-1.5469669220254327,-1.09565925116596,0.8995395488959904,-0.2118569298077476,0.1241900542177623,0.0929041499331381,1.6823593185699215,3.0753291189127623,2.604809926402949,2.6234334143029345,2.9900509470588066,-0.4921853329806326,0.9997921905843432,0.7116016091773463,0.9616429930167772,0.4220832067712325,0.4374631917659181,-1.5694914574356105,-1.1011181142973572,-0.3591590424300852,2.8602518601857603,0.4759066581206221,-0.072941781554941,1.3283706986956474,1.0828362222863106,-0.9117040663500332,0.9543828027203703,-1.0748186716181745,-0.7895385202952618
TCGA-EW-A1J3,-0.5436682903429081,0.5527670330215925,0.1842716768702104,-1.0377356097428667,0.3163436793002717,0.4590079771214578,-0.1436099591242841,-0.2593064531295977,0.4479454094578609,0.1501562504979802,1.0337540198402877,1.2877661041805035,-0.4892822071953999,0.5394985980788225,0.5419193156489287,-0.7278662317830497,0.2726948115112212,-0.1464192334832907,-0.4458760861852312,0.0446203714493146,-0.1568953107077023,-0.2071687267644685,0.382680699069333,-0.1612193735914313,0.1416546059386089,-0.0856512350935552,0.0497643728038795,-0.9916260159561016,-0.1785291557398615,-0.4500735591459091,-0.3195760968415816,0.0297091966754961,-1.4287014811769831,0.6685833077524898,0.7229104199807567,-0.297942985970332,0.5607844719377195,-0.7428616454436294,-1.38678247327412,-0.9806360458775571
TCGA-AC-A2BM,-0.2050065253157913,-0.114027710228441,-0.541451888405394,-1.3838627031600834,-0.2186715588558076,1.2351586222230535,-0.8531432481252506,0.5405261924875776,0.41906117400804,-0.7366708119904235,0.0817085729116794,0.0556629263356691,-0.2529033891818819,0.1228470483836097,-1.1320242019743332,-0.6362088679530634,-1.3401537389601066,-1.1173049156827966,-0.8281981810304739,-0.1558287574477816,0.5966366952967691,0.0753035427964011,-0.9829488028891002,-0.6789910535872465,0.1624948694119551,0.2465476695322882,0.0997853519874305,-0.2255785792675305,-1.714484484355456,0.4063256271283149,-2.0419182117904664,0.4581163664501559,-1.76717955953261,-0.8403861853308929,-1.021071394371721,0.3472243886058515,-0.5109215404307096,-0.2469939458134117,-0.8209777821579239,-1.3140720806800097
TCGA-AN-A0FN,1.7582033126510883,1.258237047659517,1.9513877245723976,0.86395616945679,2.3624445670992325,-0.4653328208314582,2.2556445694446543,-0.7531705682823027,-0.8943302348887119,1.9415815382756736,-0.4575986393005448,-0.5971241861021948,0.3045570289012511,-0.8002646757323013,-0.7855296395983464,1.26928432200799,1.335857413110893,2.298438109478536,1.812924782812262,1.9355440143781284,0.5861280780084543,1.205419035816745,-0.6389615282143358,2.109434752298962,-0.1423552124221917,-0.4789445244606749,-0.713254055585271,-1.4088152602208697,1.3719774973559071,-0.3143818840407779,1.1022025149349624,-0.1260182987864504,0.9117467355926692,1.562644653375591,2.0305931105687747,-0.3283568707625953,1.3570040966807444,0.7579546808039157,1.1849811709775606,0.9538795927611792
TCGA-A8-A08O,-1.1479324575648893,0.280619194205243,0.0337461745112363,0.3034006318080713,-0.3676716750264072,-0.7808708266423979,-1.0115156750814114,-0.6131374001314652,-0.0924510739096518,0.5913437670933334,1.3468977837648362,1.0461940575883597,-0.2397364042461326,0.033955833661129,-0.7986660079789027,0.5948843912483357,-0.775853198382437,-0.9946629941993412,-1.0416588198091552,-1.0453949145479509,-1.010684739891584,-1.248780162454164,-0.1260048236501925,-0.8632642421012504,0.3471715248742961,-0.6518073779598684,-0.2107838484334429,-0.3239833305542348,0.0276210306230914,-0.803924846331549,-1.0466944791693995,-0.1011436713908415,-0.7284130896284252,1.0171755662767898,-1.0361771140105558,-0.5687093208635866,0.866067345252058,-1.508910559519152,-0.34065629303497,-0.5100195671747154
TCGA-A8-A09A,-0.0534325365052878,0.8681251558545446,1.123165855598429,0.7174591740842182,0.0524556434191511,-0.16974729638253,0.1567455521778639,-0.812589070628117,-0.3521025298192592,0.747344088969401,0.590196788950129,0.019492344718242,-0.8088965429301462,-0.0742389809612628,-0.3683406201007621,0.1588462814971823,-0.7264343645753388,0.2104698547760372,-0.1630847070108299,0.0291622688586488,-0.7447481980243905,-0.5477256510509855,-0.0427572517123232,0.1333610217165131,0.5591602473882901,0.2728791019931653,-0.57078187282365,-0.6044876667514684,0.4237264423563995,-0.512116536744172,-0.6716410624781212,0.3760420874480565,-0.90864449340623,0.6645773935267208,-0.7274151964252328,0.0392356280256554,0.7861246542831046,-1.5478569186007047,0.2120835318819788,0.1744701837588463
TCGA-AO-A1KQ,0.492092931929556,-1.1874521219361651,-0.3484345237440482,-0.9610004707486411,1.1270530469686455,0.927312901714505,0.1179543114170031,1.6643095184707546,1.2567464497417888,-0.0006505323018658,1.2325104775881857,1.9245280654081145,-0.8359416584844783,0.9191815834227812,0.5560830657979011,-1.5847977364696746,-0.6527232742021407,-0.4413302655172106,0.0025587142833904,-0.2709828042344013,0.6683979059854471,0.5023286609372695,-1.341232656632634,-0.6996951806394914,-0.7037013753881483,0.9426751062008962,1.343878850696209,0.8881948580980964,-0.4930506678792247,1.2130098445078736,0.0490870968858433,0.3942435645203235,0.5666610724556816,-0.8046824705561295,-0.1292581540096211,1.1093316055695883,-1.1933388441880868,0.5495159127618837,-0.1065103429985608,-0.5619200793392312
TCGA-WT-AB44,-0.2725833823210445,-0.8949182992708993,0.0246758160242632,-0.1423809766538347,0.0967023331860162,-0.1501169550515849,-0.2470707919552144,0.3723879642602442,-1.7324921145161265,0.9859812334783192,-0.926625241322422,-1.0485073454235374,-0.4352700412224673,-1.8414187642159725,-0.1404929185826912,-1.4514475013425627,0.2741137922019033,0.111080200512428,-0.4914443350625024,0.2135608876964923,-0.6413479644522763,-0.3990669033195906,-0.7093810045137724,0.1336174148606389,-3.2133956817348737,-1.4039338099843706,-0.7698495766830272,0.4458558728550769,0.2700794540464462,0.643854879797178,1.3371440724907608,-2.0669133695855377,0.57110657775884,-0.9242452510030984,0.8100473900767848,0.0365016991231114,-0.6244747221502012,-0.1353094611439638,0.2267834838248982,0.1983469511987143
TCGA-A2-A0T3,-0.8881189142907796,-0.3817691188015556,-0.7055453237445075,-0.553282852523171,-0.7177097505646383,-0.0255719834872487,-0.9297263299418612,0.4455858364765929,1.2584902027782376,-0.35010048507165,1.249678728932694,1.367527488247005,-1.013702636894295,1.3401829814023494,-0.5168174766296708,-0.1693603219051547,-1.0076127050824524,-0.59588321715742,-0.4136823894012292,-1.0630886869720075,-0.7911057447523134,-1.037901386756375,-0.8478643440456953,-0.7396368391219738,1.2403546607281952,-0.0218254613392577,0.5490976554758416,0.825596760140343,-0.0295010775110574,-0.5563303488920359,-0.9686567892318576,0.1667167412770009,-0.7338834819147143,0.6639562137702156,-0.4692912002754742,1.2239877584265173,-0.162937222566088,-0.041327011970854,0.142334270826425,-0.5150417310204869
TCGA-B6-A0RN,-0.9100284982003852,-0.4659905827188521,-0.8970212578784165,-0.3557327345394958,-0.608955356785068,-1.2412678357431766,-1.3384724907887804,-0.1503175485754277,-1.077910231950974,0.7006131947658542,-0.0339561170682528,-0.5301837684618581,-0.747835927175861,-1.1768088575867826,-0.5062963899349863,-0.1796225569417889,-0.6467420755152427,-0.9332293435815208,-1.12051009919028,-0.8607768788805754,-1.2055392494297916,-1.2650555668639305,-1.1964615321855203,-0.7040106056224863,-1.398326152043749,-1.2699211797176575,-0.4379599387603791,-0.3838001667543715,-1.0499285913549936,0.3742731186071534,-0.8056415563367678,-1.2235850648672395,-1.4065327471015012,0.01696532505546,-0.7096664651457659,-0.8172303030180548,0.2838257682642881,-1.1674517741077224,-0.6959046117529712,-0.8294778632717605
TCGA-A7-A3J0,0.0613769557436121,-0.3621748236780528,-1.9053849069761133,-0.7385933409421805,-1.3029154847701994,-1.64144408512765,-0.2040449446678593,-0.0558970370666117,-0.4322393747836125,-1.611967389171321,0.8443786980361856,0.7345967076987214,-0.5477676443834988,-0.4216674017148497,-0.5652171541850403,2.9715705354594943,-1.195525071097752,-1.031693048358347,-0.7451429509977151,-1.1536916980895358,-0.7620131488449741,-0.6640593395266163,-0.3937793321765482,-0.8782497277499944,-0.2523497627480451,-0.2661247246809709,-0.5266637085969953,-0.0969298628641655,-1.3596417028687735,-0.1003365618192529,-1.46349163523061,-0.5284233856596261,0.6058422858397154,-1.6418300541189834,-0.9261993893981604,-0.2820260237313393,-0.775585921495439,0.9852815568900316,-0.0571976272698518,-1.012767763354911
TCGA-GM-A2DC,-0.9263988357931242,-1.574572666014957,-0.7921683595529029,-1.1347427185526469,-1.791181145155104,-0.2421962277535676,-1.5989873593058772,0.8667301243918185,-1.4086777829453176,-1.4527469730375897,-0.285609852872948,-0.731420703213435,-0.6226877978745979,-1.6693526122792992,-0.1789325961018689,-1.410800488363135,-1.825204827509848,-1.863822970536716,-1.2055684503667954,-1.6718336587920894,-1.0802221912113212,-1.296259506605291,-0.065962278204535,-1.3135086568738392,-2.265250767992673,-0.9337481406405672,-0.5129780431654654,0.1037014025622848,-1.5918573564771683,1.0669592481547734,-1.126275479012604,-1.247773387463505,-0.0406233848861785,-0.4782228480384203,-1.2609019094943248,-1.4790853001287174,-1.1170486061976377,-1.0852980386889837,-1.2864863130327633,-0.8101133507060957
TCGA-BH-A8G0,0.859757519202823,0.4231635683696828,1.2790715598841589,1.544123956625645,0.9188760522921864,-0.2405023854862746,0.8488685740110959,-1.0064605791154693,-1.6300000650003277,1.1504760860732544,1.08147441098916,0.7821742478800826,-0.058773884537354,-1.6591062002074228,-0.9566726164752918,0.6429923792070923,1.0196085542514093,0.9133286657118764,0.637301911067638,0.5708515052512213,-0.5947365971172711,-0.1737803489849761,0.4982288497529941,1.3062336522612958,-0.7451999658256663,-1.364540139967904,-1.5351162952305777,-1.3079730766666242,0.4514011594050828,-0.6544191365233071,1.3266527804951176,-0.1430736151525281,0.4440469045845155,0.5668341523031986,0.6973877817204515,-1.3690683553422434,0.9633686429125676,-0.302610074882253,1.185177213934122,0.9318973891333422
TCGA-A2-A0ET,-0.56985284756148,0.5838566555716995,-1.582269082655949,-2.493959770953566,-1.6245832605177368,-2.24874837169687,-1.1868475759958914,0.066480422461773,0.0928578412924897,-2.881407108538274,-0.2228038472862861,-0.7952846952014736,-0.8369118407055177,-0.1219856611690888,-2.344450560118584,-0.793562403605962,-2.0693958194604813,-1.196258862165998,-0.7640912113515814,-0.7211555794864736,0.4727262649248115,-0.0850500206094883,-1.6022069739091347,-1.3186249707682645,-0.3293546970775403,-0.9101360901546646,0.0007882699445011,0.1411021776448424,-2.5919670051793213,-0.3773295381071961,-1.6446404375244963,-0.7268359644861166,-2.090642416843503,-2.036368769980104,-0.985685015062231,0.5145358907102314,-1.2274399594427905,-0.0749162724528485,-1.015982079389717,-1.6910887573310276
TCGA-C8-A12Q,-0.0373705345939636,1.6051756189599429,0.7132648756011697,0.065118943238332,0.0363122270044571,1.665094925659774,0.7266155072141183,-0.648188431639846,0.1264284942269206,0.3480641759297844,-0.8086632919056757,-0.808213052382534,0.2925529551393083,0.1754029802346306,0.2473124533535578,0.1010783347146678,-0.2566892452696224,-0.156066327866782,0.0428142172974104,-0.0162672456520669,-0.2646288592066905,-0.0824236539593058,-0.1887505533862059,0.6648421297426697,0.7183475246587314,0.9983658355953052,-0.3134213991801695,-0.159905792242384,0.5475310064731362,-0.6865455378548321,-0.0223749916815445,0.982330216538358,-0.4819998594892596,0.878343705166923,-0.059811541724892,-0.1628960825551063,0.2678613652742576,-0.6538371914627688,-0.5181280618282647,0.2800681482408528
TCGA-BH-A0E7,-1.412099055474232,0.0064892237830976,-0.2309193516473328,-0.9329827491028176,-1.3447140472140944,-1.9200948437066123,-1.1944740852880826,-0.9520960715790008,-0.7293366716204256,-0.5037601042558851,1.8021147464449712,0.7619390956193329,-0.0291631181193637,-0.7909421966148213,-1.0811419270080602,0.6462022596487914,-1.203181947304088,-1.7997396790442142,-1.3532235679624671,-1.4206440560787088,-0.9279623842682376,-1.2884521245844804,-0.5330675289257303,-1.38622003779513,-0.5061630316861042,-0.8167022260701949,-1.0312389762085992,-0.5271979036918021,-0.6117391838469625,-0.3378501576057783,-1.1108947028547689,-0.0813585322310831,-2.295742361536493,-0.1609295347553573,-1.6444722277648387,-1.152581515616961,0.2764055048148409,-1.2727621003804772,-1.215472429892356,-0.4789683031728555
TCGA-AN-A04A,-0.4698198996412873,0.0931934204332541,1.2023900833298624,1.1822621766822328,0.2363479473509036,-0.3368621522794786,-0.3298008615581089,0.1567439489452474,-0.1078316250196169,1.351222523916138,0.7747451186659637,0.9108385894714768,-0.6405898782081793,0.179431219324958,0.3082855365773115,1.0791347664314133,0.5271023255981153,0.3832105787041738,-0.4289803145345709,-0.2158298379485022,-0.3174815722973567,-0.3212860464824693,0.3441168187162124,0.3847771262547149,-0.1524510214207696,0.3797733375459738,0.8072786714308955,0.4611612397268016,0.7192266827932389,0.2586110801871346,0.8097005922333395,-0.2722757857418105,-0.3210912137388486,0.5645001564749621,-0.0507231275804578,0.7163979545069846,0.5381300634799816,0.4291589851169914,0.4259553953842037,-0.0824234488230673
TCGA-E9-A2JT,3.0262660870177345,0.3376961984622849,-0.0592770296888449,0.0742606054435476,1.0557091854448015,-2.589206027661884,1.885289857647177,-0.636144443660073,-0.2590853163045674,-0.4588279420983533,-1.0432221491333282,-1.4107844477707572,0.18413178016125,-0.1465912997076533,-2.89292392200345,0.1925218014425625,-0.7620255962932994,2.415170456970892,2.037589062036858,1.2783936593085037,1.4912457072420504,2.0904519881675525,-0.1256492386259985,1.091901720410356,0.6243135144554511,-0.9822063101886648,-0.7940658725817701,-0.8985022290597696,-0.0798628507679377,-1.3473517193047273,-0.300008285122686,2.059344890678467,1.0025362388417536,0.8059682547146922,0.2535211196783303,-1.4397236176269284,0.0682934304394132,-0.6751265625802251,0.7594745438462726,-0.1515735368103571
TCGA-E9-A1R7,-1.5905102997526916,0.1111673361306094,-1.3376854155433089,-1.7357602676583028,-1.7592784037433402,-3.3921785950230663,-1.2846126415698735,-1.0388803219366094,0.2648063646758951,-1.421631840531789,-0.192820391402597,-0.986154010226812,-0.6826096773242771,0.4251189884960805,-0.659080835551337,-1.4121016571412568,-2.8103873440945355,-1.58996928295133,-1.6870937417301295,-1.7468276630772333,-1.341868342290527,-1.4357819768324076,-0.8518929154261222,-1.268676870004566,0.9424214823666408,-0.6660986150303574,-0.4926894609373131,-0.3838142611970607,-1.3777554282957194,-1.483259838153,-2.140918267706106,-0.2368026885032263,-1.1274302301449484,-0.603292372797814,-2.402690562012628,-0.7929436125383003,-0.5421184696507342,-2.2087641017570894,-1.1722055508041118,-0.8303033671095129
TCGA-E2-A1LL,-0.6003085484395623,0.0022240719257829,0.029461438539573,1.0264662922810497,0.9795009744738068,1.0735166133855956,-0.0661782471870859,0.6881758106735123,1.33301417065299,0.222849471574965,-1.1516434118225318,-0.5080148345137159,-0.3775953825915578,1.6477120696702214,2.187188586701975,0.4031789010318076,1.2109117260062408,0.0448088174626906,0.0111454678088608,-0.0067790928320312,-0.4666426993135267,-0.4394789116569684,0.5326114243659551,0.2055522823244644,1.2991262257791838,1.9741281078479225,1.549298962400858,1.2974253626033443,0.3612480615905931,-0.0954664317554212,2.2436783805716094,1.0361771397957904,1.4415228335510493,1.61193076244585,0.9546437646008232,0.6604286954455442,0.1753332140605896,0.7848125553479474,1.7648608364768807,0.2267316153496955
TCGA-E9-A1R0,-0.3683368920872002,-0.2201382867938162,1.1485321734691891,0.4910267481005399,0.3390011121517252,-0.4421412164610608,-0.0794111116245688,-0.0509499640499508,-0.2257113046770784,0.4482820000283924,1.7410361217596044,1.7638162966245363,1.019556505669068,-0.335505066128812,-0.196098861735966,0.6644225635994437,0.1931931695962265,-0.3033039281808286,-0.3260571245858613,-0.508030936491851,-0.7476027356445406,-0.6855077093543301,-0.022807176423882,0.2421051661706839,-0.3709505064508399,-0.7668306713569785,-0.702458117836983,-1.0927814812615209,-0.4927010170003184,0.3302680413730762,0.480228786293367,0.0116159342131382,-0.0512284770944765,0.5724364840088131,-0.4768746148091097,-1.1882893078535586,0.6979695307737387,-0.2292467272462408,-0.3278736932181233,0.7912913421453465
TCGA-A8-A07B,-0.5485436076830802,0.3362438645349714,-0.1215221215829706,-0.9963647123396194,-0.867039694567681,-0.5068936104226155,-0.570414545652485,-0.2864819133101868,0.5058035545396561,0.1657308243013167,-0.6217481205962863,-0.2069845845661333,-0.8519833256962339,0.7441726869291241,0.552030081460059,-1.2627796293497353,-0.0396751554904471,-0.9757566720290548,-0.8270230762204093,-0.4303373704251332,-0.5627795064150393,-0.6387854550759119,-1.6321852533700285,-0.2591167507048612,0.575409580673395,0.6366040867502872,0.8870096102127528,0.8619585325068618,0.2948505699272868,-0.1046056541680702,-0.934572982115092,0.8192422802598476,-0.5146153148572414,-0.1555292827099496,-0.6150647344353318,0.7862194891903563,0.0664526979515371,-2.1516070065298383,-1.577000618570931,-0.6338942142438536
TCGA-EW-A1PE,0.7317781303769507,0.8707015762735735,0.6213774956112947,-0.1786506828802699,1.2908140601374831,1.1266565288299786,1.748337641944045,-0.8989947349780141,-0.6590864205397128,0.5005336102796953,1.2207126623622775,1.1900856977690366,0.2317589333548563,-0.4876287652665083,0.0845087108526025,0.4311335386606271,0.2435944538460628,0.824882964741976,1.132994302175112,1.391779975138139,2.504327841406878,2.0402783031108744,0.0653207386090264,0.8625060034762011,0.1582942889174988,0.0466468715203776,-1.6903371134976402,-1.5913657859796049,-0.04641485881584,-1.2393648037796312,0.7064298936931896,0.1601762475280934,0.9268151451207216,0.5639775961904113,0.978720230522016,-0.2667869926173625,0.3654778719226573,0.0654838023872558,-0.4816966280302645,0.468195600240901
TCGA-A7-A6VY,1.2692769315772898,-1.0878382313877075,0.433806467829513,0.9021903209094364,0.6871309141246428,1.765524242480516,0.9256657756116362,0.7731983318528121,1.330017732959162,0.8944368866263773,-1.5429635863889666,-0.8920414833935228,-1.1305010789971963,1.3791452828142985,2.3752149158710525,0.3156073002552756,1.669111231012086,1.1385779083645615,1.3702996684455506,1.432987704821125,1.1497654571710885,1.4710665314438658,0.2896940094936558,0.4018154234369583,0.7685986775003282,1.8516851103552172,1.392053629445274,1.6990881951640988,0.9628545000247865,-0.1875236521070095,1.320325472453576,1.2614672028905052,0.850366647722034,0.1615073608042792,0.9758994733036448,1.5108607065231128,-0.6750969151459316,1.932804363247585,0.968606797817226,-0.4437598076682447
TCGA-E2-A156,-1.589808195307821,-0.272836615587766,-1.240324876620753,-1.323509586311474,-1.709071714625532,-1.125588456405108,-1.426806299551234,-0.3024956614249816,-0.3338740442620353,-1.8212097108988337,1.274868747438438,0.9656351756335502,0.1897492858525775,-0.4778929157376788,-0.7552012436341939,-0.7785104796848057,-1.2014402933130646,-1.7854365411706663,-1.472095965345264,-1.187107236757196,-1.0597695244554814,-1.51329662623213,-0.536586781574757,-2.0884086254394165,-0.2338457186148929,-0.6764056236872138,-0.3789497701982862,-0.2890432241138375,-1.9477558302377929,0.0354980305847958,-1.72910954035301,-1.1143866895146917,-1.5131998926279604,-0.6368967969652832,-1.2244497440742177,-0.4460261169935827,-0.0905934214991294,-1.1134865403719154,-0.9042320605247722,-0.7798422051941507
TCGA-A7-A426,-0.5396882825213623,-1.156790809309295,0.740606891738386,1.1005602382814923,0.0016427601278543,-0.9130842786004112,-0.6550242707875842,0.0294381876373378,-0.8930629594075865,0.5879009992605587,1.2380483399671467,1.5296020750452526,0.1930001801073163,-1.0041691699738309,-0.8992284156005754,0.193788969461505,0.1685411981249091,-0.3011400195756741,-0.1588795020142181,-0.5003756989392937,-0.3269181028585609,-0.4466937142859249,1.3464822349475205,0.0636905756428423,-0.7667862702342624,-2.121694400956124,-1.162422009945259,-0.6168173750985859,0.9676230284178674,-0.3386364963572721,1.135055628123628,-1.0692996677413322,0.0040283096515034,-0.0233055958960064,0.0156088130487779,-1.0362094736268457,0.1850920844621467,-0.3498981687136018,1.960990906032823,0.6547349255494557
TCGA-A8-A06Q,-1.3866262492970405,0.6120642952852027,-3.1645737556941214,-2.748565805381521,-3.3618120399214027,0.7599323978919962,-1.5866829707949244,0.3854651547959626,0.9003982415346784,-2.6788015237769423,-0.1161711869561474,-0.0644368668458284,0.4087927134034583,0.8470069490912886,0.0469522160016276,-2.5366756341116714,-2.07508494587212,-2.1909478990970856,-1.964516032627204,-1.9498576269208512,-1.1799389956269677,-1.3911373882342484,-2.0213118129496594,-2.158565669351104,0.1837366698658983,1.1448409114398843,0.859888612691332,0.6696718286502712,-2.628981327508061,0.6771589380536024,-2.490486103365374,-1.220669833710401,-0.494321610694773,-1.7912472360048444,-2.581626898511422,1.1109182828671615,-1.5954723614473267,-1.5390632616361242,-2.1740121198295537,-1.073417668804097
TCGA-D8-A73U,2.392456680041764,-0.020420045100086,0.3904313795303178,0.4518746659057204,2.227303366113621,0.1244832294189613,2.1929846240655686,-0.9096420812553164,-1.592183706768544,0.5962358286987779,0.824555236085459,0.3553649664587489,-0.6568227453810902,-1.4389336298187805,-0.671550975343091,-0.0493152868154778,0.4762125402748564,1.7639199172202658,1.90867486709996,1.9280340750456697,1.4918453435256875,2.108212210817064,-0.4474687121745521,1.5499688946931856,-0.706437031156825,-0.6575714317351317,-1.89155514266188,-1.718859590933647,1.117504687917974,-1.3970520346518065,1.298841144148322,1.2439461832102987,1.2824106773013435,0.2896142767691612,1.2580030737851364,-1.059347453923532,0.0512944517398013,0.6074249777638366,0.0963725384494753,0.0986817435132428
TCGA-E9-A54X,-1.944303883205644,-0.5622218068937589,-2.528623701087732,-2.5417023688588247,-2.488450834554749,-0.3517484782045721,-2.6376480924863714,1.2462033475211536,-0.002827414385173,-2.930640294092984,0.692114952383498,0.9820581633109592,-0.7205403210523111,-0.1232494728303541,1.6767254752068723,-0.6546435330944255,0.2623098461893943,-1.9645212365608848,-2.41918629629138,-2.399055472389253,-1.5046518635900037,-2.05661735443923,-0.9775405211173512,-2.4905576872512687,-1.5155432131235491,0.6015290980507757,0.5438739927591362,0.1246212153908864,-1.9104040321280675,0.9260317928653548,-0.2102265514728645,0.6279152649581844,-0.2800694639498015,-1.1671456089665782,-1.5856041681641968,1.210350915846319,-1.521958731358675,0.5964386604917278,-1.8349192190735164,-1.3074787920823543
TCGA-A8-A0A7,2.645523232957134,0.6979082983546769,-0.6075096346255043,0.460170231082305,1.2725960013363211,0.4177089171694875,1.831336661851444,0.2988655985983874,0.1075263546287541,0.5557162677660864,-1.4234377711547586,-1.5053390667846078,0.5732611399734777,0.1168766454123827,-0.6437291408354966,-0.7472006069500244,-0.8239054365591715,1.6030955698459308,1.7714664773840472,1.6718542276220218,1.589326091887905,2.104804763338864,0.2770116052464806,1.228758223560259,-0.0568323256235875,1.0527042190246787,0.2944079518312122,-1.0723136864047589,-0.9355367888068324,0.7159461327683587,0.6053448644273436,2.5388294265502345,1.843247822694862,0.0842400579502556,0.1488011642500251,-0.0798942948910876,-0.3600539572145058,-0.1965743845633401,-1.62516235304692,0.775209958843523
TCGA-E2-A14Y,-0.4038458213355436,0.2281565007565794,-0.2809229677219121,-1.0812250841196955,-0.0476034678616936,2.636451938790335,0.0185087308672683,0.2526837696687515,1.7248722967069468,-0.5188485479502963,-0.4974513210176901,0.6499819118592131,0.7559133154332698,1.7281233378056426,2.091139110711982,0.4181625324270422,1.4624374657293036,0.0996170840988177,0.1228921566479507,0.3682448750204573,0.7487918261775983,0.5357939197839096,1.4220091605426992,-0.2379676888404286,0.8229643918697748,2.4468550302552625,2.0016222247116917,2.0783585237911533,1.557673332869272,1.880836996117776,1.759475154283641,1.8618131978111636,1.150332634220132,0.6450837883237587,1.0815835507195273,1.3808221252796684,-0.6107564272725694,2.1351807614907723,0.0851424524811116,0.0232841570786676
TCGA-D8-A1JN,-0.8695012844074753,0.055738804598981,-2.4471931157904496,-2.531381594946975,-2.170729490053263,-0.7656053138268089,-1.5278143825554935,-0.1812555365467716,-1.1395023080732356,-2.9920034404036464,-0.4294295197302614,-0.6447883968290552,0.2693351436583736,-1.0624966208961673,-0.7073173446728426,-2.0167306499983564,-1.686654123998835,-1.2774578806485088,-0.8546942923245949,-1.1961958395359529,-0.1568015055656204,-0.4614510883255978,-1.84866323382182,-1.0482686917125594,-1.899632022402111,-0.6540320090379164,-0.926818558372084,-1.061138527718092,-0.440208628704014,0.435917897459414,-0.9488019249357406,1.127687114079614,-1.0416307031753156,-1.0523091238455533,-1.6304120805020108,1.310420571861048,-1.5462241288332568,-1.3708951426918956,-1.4776518462407031,-0.6681630011170603
TCGA-AN-A0AJ,0.865518817099774,-0.2140659545608789,-0.8587981105127608,-1.0410957799319878,0.0282151115216403,-0.1024076505879286,0.4007254497093889,1.3328625339342863,1.700586709122993,-0.2821813706674948,-0.3099017644227823,0.0077286639371852,-0.1730701882145325,1.716841952746297,0.8593913254743949,-0.7060398825008936,0.1271081642952447,0.3358423092911144,0.459680037112001,0.395080544235055,0.4328634018168519,0.7042377417987378,-1.7183785923688886,-0.2742614595146793,1.0054561586442416,1.5573664457965966,1.5691361362906653,1.4735113320839148,-1.3199803254252829,0.8279963456892887,-0.5899988216990594,1.9414723096590607,0.0816812040914107,-1.211309735941803,-0.565908961919654,1.281469792943662,-0.6159209442325452,-0.0096698976886049,-0.6164193330137218,0.0348133610193468
TCGA-A8-A076,-0.3163540502779987,0.5691853373801224,-0.2367268131670258,-0.6617052089888025,-0.1097849769710861,0.4292779717871682,0.2252657979073675,0.2319578479240949,0.6155003636946269,0.2135020328059551,0.5836286149814764,0.392648710166388,0.2252355938371693,0.7201368042016412,0.6520337449789002,-1.0921719317009615,-0.7367535604929605,-0.2846953929475475,-0.4480857548945579,-0.1310079207293818,0.6989724546984178,0.3239660136761715,-0.9215520512218828,-0.2914555287123562,0.3331570087709484,0.6791353534002953,0.3726704624685037,0.3214968830126964,0.0147831725920814,-0.2756314926326352,-0.6893086450557605,1.151929892601827,-0.1644478882185034,-0.1228707300466697,-0.9655951729172056,0.6603503459931939,-0.3067220055450118,-0.5265089591728972,-1.6059454835497156,0.0725106830499599
TCGA-A2-A0ES,0.1069073145094587,1.833633065871333,1.2690994162725358,1.5204749896636796,1.6715524872965968,-0.4082849607350468,0.7698033364457955,-1.5250102362529638,-1.2564432058044406,0.904753346810672,1.8610840682695853,1.931580987804772,0.4684646309180305,-1.1092389511457756,-0.3457451625520237,0.6871450249739112,1.805534420171625,1.0821460410616457,0.793130308388199,0.8562117824892648,0.1759108727939378,0.2152833820598846,1.1857573658241618,1.3015851478796836,-0.2230407233747206,-0.8755698320675511,-1.4110840804488054,-1.3915485992525751,0.7480449247043581,-1.3220947810021138,1.8143343656761544,0.2881322997518187,-0.0898249828657756,1.4992343672076467,1.7484285395760972,-0.2582614607593359,1.7060755365518403,0.0756990851547163,0.7313836305274305,1.2387476052839876
TCGA-BH-A1F2,-0.4938515616539576,1.5394088000394102,0.7409795482891236,-0.8001265860550894,0.7589482767851117,1.3393145064783851,0.9842673458844564,-0.6310717706734768,0.5625466252013461,0.8425526555535826,0.0371747365956033,-0.0658824691174035,1.0897852925821874,0.5861723353598657,0.2921974550061023,1.261336770728437,0.6954552458194053,0.1645154531938471,-0.0446048598892062,0.5702395001638182,-0.4692428983163602,-0.2059233420060577,-1.7760558269801832,1.0148597681605598,0.2260227117324455,0.934712328463548,-0.1345091919176029,-1.2243283286549638,0.4409607263409691,-0.4452717109893724,-0.576516908482807,0.5953757361044144,-0.2234180013637711,1.516062366813984,1.1537464102977208,-0.5642405968923575,1.506384068090434,-0.3226368002915885,-1.3029820571950332,0.7089388121445349
TCGA-B6-A408,0.4292571113226263,-1.7155967821566398,0.5093837401443317,-0.3276870328202993,0.6652227784124842,0.1641137471575582,-0.0510188688577382,1.1397033574374469,-0.7896124897422738,0.1503979675978511,-0.4629310526531042,-0.587109627677633,-0.5975618030981648,-0.7974890302959777,-0.5219008491467675,-1.1554418298533282,-0.1662458188722387,0.4440123436510982,0.357195128073671,0.4286286804029407,1.6482959892279003,1.2311075091331063,-0.1845163323016922,-0.4181201969486766,-1.2624351620275334,-0.7410359898908145,-0.5103562928815282,-0.4151989311932494,-0.6886170475382865,0.0817530619347278,0.2609365111010979,-0.3905322484640685,-0.5341161923960966,-0.1469748691176033,0.0223325226424333,0.1418182298717436,-0.6939807693831243,0.3559202804844117,0.515432179221723,-0.0935289095848889
TCGA-E9-A5FK,1.95474217405757,-1.2867026142897569,0.238078599859816,0.6564068951462273,1.031547958159435,-0.4546762361227668,1.098476342000623,0.8705455738384779,-1.125295340713197,-0.0387843799340929,0.4241112398628396,0.8896076230118496,0.5073719460468232,-1.3569202595888674,-0.1208132352452778,-1.3744686849825096,0.2082877575353515,1.209966009704914,1.283100516220377,0.8231515340914205,1.9643175467868783,1.8211234317175995,0.6135060776901307,0.6390763093293912,-2.434327459430565,-0.9231049084785748,-0.2076129976042667,0.2929299769734999,-0.2127712117644179,1.4086782451575584,1.5367205003724915,-0.2226840715440843,1.990972154260818,-0.7605136075497826,0.3011111833260609,0.3365319092695324,-0.9192432128422316,0.6561965718945407,0.3396569210850942,0.8891433603510288
TCGA-LL-A7SZ,1.265274069484985,-1.3062459681117091,-0.7552581842455028,-1.0834910151754062,0.1929284919148233,1.5840304791906985,-0.0802309916166088,2.723926096241502,0.6539917742012099,-0.6053485817185519,-0.2759670084530781,0.3566694441871687,0.5736250811196671,0.3296893066007313,0.9336188968214204,-2.260267316570699,-0.5421539284373839,-0.0889086054254343,0.2489010827502638,-0.1378007427305676,0.2246686319637882,0.4239937231017799,-0.2982056976770239,-0.6309071299049733,-1.778794069530004,0.7416956948251442,0.9181498164265904,2.007728332956799,-1.768941642719961,2.4745364632821167,0.3864648882042736,-0.5199532759965917,1.0500944998972075,-2.368930127208645,-0.8925581932043369,1.9135016771377136,-2.472228822003698,1.387793082342934,-0.7124944158520883,1.1974036902175238
TCGA-E2-A572,-1.2105058053512627,-2.624553308510748,-2.733510363451963,-1.4749347349208104,-2.161161279334347,0.0406317020382128,-1.490077026113505,1.8030125449829009,-1.1153235942144966,-2.410336061962268,-0.5153702093589559,-0.1108134048184768,0.7151796019260076,-1.6407717799731707,0.3277039612285647,-2.631719472488595,-1.4683782137943038,-1.8193720474161497,-2.034242389843369,-1.5106507054833176,0.562719414752787,-0.3679690565445725,1.357839734447235,-1.7663882101296329,-3.8800309810409943,-1.6889931698393916,-0.4018825309785467,0.6761372809880577,-2.15231488656214,2.5428181698281924,0.1643253537973103,-2.9803916105441903,0.1328282511640639,-3.0967311210501225,-1.7063455284953315,-0.6521856292423934,-2.707065811917308,1.2089017427084945,-1.9484229821079384,0.217660229020933
TCGA-BH-A0B0,0.7303147338372845,0.4551841774531585,1.0582100592900867,0.5652023757056551,0.9733191438403632,1.115310028302789,0.6797403039621073,-0.1734167982492545,-0.9349265020889248,0.9350387554602848,0.3148132274074528,0.58901280733009,1.4525476844882728,-0.8140938307873368,0.6283367173271722,0.0776123903067717,0.7692006261290669,0.7450403010830058,0.6041235993016931,0.5832214813020966,1.4478325341620062,1.1772490928948312,0.1529932598467611,1.3004603264491217,-0.8141659444523043,-0.1715549737463506,-0.5833209075859234,-1.026048541981771,0.702193479666138,0.7732183141699058,0.7713127221259494,0.8734803144086724,0.8758715583185448,0.5138420413585463,0.188348198459944,-0.550669263946025,0.5855518712459353,1.023327098744953,-0.6855479929769344,0.8323737636046
TCGA-A8-A09D,0.1760059344934469,0.4230170702142056,1.058165087916915,0.6020322421969381,-0.0442724534868181,0.7907746911845822,0.4968618251454862,-0.6371860732427345,0.1161906706772598,0.7693532941537672,-0.1269166181261729,-0.2892741543618399,0.5859559523947685,0.3773710793182628,-0.2803691776356527,0.4692669734511307,-0.0135380321487324,0.3249596819606384,0.1576769856072508,0.2403049973522191,0.222038042325664,0.2393761561560215,-0.7404402665715221,0.4536156331274046,0.8352018779775531,0.3353682091861314,-0.0486781277403301,0.059024929448525,0.4343621065769594,0.0282234551803132,-0.0432695868113374,0.7584012953608957,0.4025334569270939,0.6678193719925994,-0.6760496085414202,-0.0482292066075636,0.5231085975266632,-0.7513588262657823,-0.0235779248481992,1.0502318374813782
TCGA-A2-A0YJ,-0.8948746444890016,-0.4674551806781564,-1.1841723308607135,-0.1349018646991578,-1.1423329763312156,0.6458801987911017,-1.1265569742028714,-0.3914975884604908,1.0266658737648844,-0.4169074546061235,-0.7964172157485382,-0.7588810644260708,-1.157509895485837,1.1228345557944113,2.214466335785686,1.3637175298203277,1.276839236865304,-0.5439637181080598,-0.8096979411174976,-0.5506390410371844,-2.204525532435039,-1.729366887227806,1.266776846150402,-0.9224630097357164,1.3091016688119463,1.4667637101830129,0.7418324708213618,1.4167550781011178,0.0597007584788447,-1.0926885254985554,-0.6320150844212427,1.143457368187656,0.5042190916804616,0.0749642479055702,-0.4247911315738063,0.9543631441854822,-0.4867715386068184,0.8223350396807941,0.7087277950430104,-1.7612593048465353
TCGA-D8-A13Z,0.7450845815137486,0.7501129290999298,0.131937818474537,0.6219979592717931,0.549708491690721,2.3749292041200563,0.762593479686098,-0.067683888913032,1.1786443374660616,0.6406998386729077,-1.0841218235400976,-0.4855119666901295,-0.6720384436878124,1.2439659673372432,2.792526320192961,0.869608025641607,0.9509033166551676,1.355567704598048,0.7522170694899245,1.044797012890372,1.287932411289744,1.1938615761456963,-0.0620957843310558,0.9387175179742916,1.8569293220196237,2.017349901673122,0.5757778543483821,0.5133736843935565,0.6139471432284515,-0.774655666948364,0.6365057815740363,1.716995009205902,0.2794331268045424,0.6597695318349422,0.3685439585577034,0.7227134494163793,-0.1151674379152128,-0.2414634842103847,0.5763356931325226,-0.1013000113844296
TCGA-A1-A0SI,0.7527056226390874,0.618768022100335,-0.0476550089401595,0.5970372316177477,1.1354455237378,0.5976099215948938,0.8558829619925624,0.1100013409311284,0.683925330513494,1.2796773212709445,-0.5404333343177771,-0.1160379652320337,0.0885223742204037,0.6227071456500446,0.8010656115871125,0.5986614005594101,0.411567300449796,0.6988011507302105,0.9856708900764118,0.8620740875130822,1.0934246499457057,1.1045500154048469,0.5145465543448875,0.8436922007518873,1.0749103420628694,0.4740690687301743,-0.2258610144073994,-0.4554773360228706,0.7814921461058818,-0.6712212936173985,0.9884782564030944,1.2707791514884197,0.1953110790875362,0.5441559271053871,0.7609117927879209,-0.8115364837559926,0.5507855316836591,0.2101956360647362,-1.0570857313671125,0.1075286780839662
TCGA-E2-A14O,-0.8798818249953788,-1.0427928288246702,0.0109087805199474,-1.2985358098440103,-0.0913470799269239,1.4626955166146571,-0.74750381298194,1.617561046315606,0.6217785302502082,-0.6051545964176882,0.929495631047295,1.3724000410874926,1.3970294078260317,0.2114238377984593,1.7767626013970963,-1.6295310006104595,-0.3164774673866745,-1.128371676743076,-0.8887666016851462,-1.0161363123656753,-0.5241769128776049,-0.6963238167248895,0.0092680466387915,-1.6967854630722556,-1.4077275514069012,0.8163351722159349,0.5786499923272436,0.9465460120999464,-1.4173995116478186,1.8454512732746209,0.2249367257520977,-0.0732027892970104,1.3998470909390537,-2.4480149426732125,-1.033694114633957,1.0804742894287684,-1.5982023822778122,0.8498601818093632,-1.5678333415354488,1.0918682541140847
TCGA-BH-A0E0,-0.6035142056331554,-1.4489565274995992,-2.409749687887005,-1.208936798527546,-1.2317998975621027,2.054762284106649,-1.3180780887261532,0.8466582872686739,1.1015317803970446,-2.153833630624804,-1.2851973635045582,-0.8410824969128086,1.3854856028705824,1.1445391573957886,1.0696323796519378,-0.2787843247442359,-0.5400227523584066,-0.7835026064600679,-1.2795076776534782,-1.2880309303112925,-2.1890417871454697,-1.7521918514768826,0.8653923835590919,-1.5158192445852965,0.4333221648095225,2.032112686685311,1.532507054560223,1.0984254427661224,0.2917614243503549,2.083571465798238,0.5822796296618392,0.6077783952127815,0.5804258475488253,-0.9863229889666856,-1.2547311961280458,1.0104053175709065,-1.5371958123624774,-0.4149356372291606,0.1872812438611702,-0.7417044697676386
TCGA-A7-A3IY,0.7165199402842679,0.4416509351263445,1.8009177759005042,0.4274039718348594,1.2920145124661466,0.4561768404857167,1.16060534653549,0.8729905428632599,-0.4333108523385514,0.6527345092927143,1.025225779708949,1.6373676360244755,0.0970651868610724,-0.6647396662421967,1.2471847201124957,-0.1156295986770497,0.9512582655475976,0.5710498305749514,0.4519314279677954,1.1977241065162203,0.5380561430632048,0.479191004164705,0.4995634817754781,1.2450177351885725,-1.2222980523833662,0.7153877764703928,0.3983780936752822,0.0367564403951834,0.1357446983728478,1.0808415695514673,1.7090369467056945,-1.1603352489709016,1.285467894671711,0.7227344861042041,1.3424611309266394,1.143489051580822,-0.0278073606440228,2.3565166440375074,-0.3308446670749397,0.984808057565257
TCGA-EW-A1P3,-0.4913562285244486,-0.6943245861329281,0.7765343356469308,0.3526903664819321,1.1338277254882108,1.127352793164499,-0.2961138064648692,0.3892468523125922,0.1080491278803498,0.3691463615022129,1.558085103396741,2.4001415892501803,0.1369853648443856,0.057815562772938,0.0315325977055133,-0.9495670487702008,0.5289497667362751,-0.010029229002221,-0.1546641946174613,-0.2235369695559954,0.2734826881178713,-0.0194268367450255,0.5184708984325792,-0.0506751534149377,-0.560421133582712,0.2188339656225575,-0.1443588104655166,-0.6256918278187865,-0.303727847070823,0.6395405127069305,1.45804963223555,-1.0206162243856969,0.0317049343646438,0.1515295820283015,0.993057879330492,0.2862574959324085,-0.1709549840117069,1.1332217933424584,0.221832837935768,0.5393070344049844
TCGA-AR-A24V,0.1409601527164764,0.7813884903347077,1.192051564015938,0.3326446357681903,0.7857722853311229,0.6526055628511288,0.7016134050070368,-0.7454027200453361,-0.3571806569022535,1.424514288843049,0.3232125248619678,-0.0401359715182808,-0.3962954574939526,-0.4116956572025232,0.1973699709862325,1.824629071066912,1.3387170766784051,0.8474598255635777,0.6639621673427043,0.8794018813397068,1.219725672645338,0.9077398834334895,-0.8447800457105381,0.5782131145282334,0.0303378281955149,0.3249098604820414,-0.5524246453519185,-0.4368501493085657,-0.034045825464112,-0.6953512540473947,0.129234947489597,-0.7246986576798963,-0.169041661331001,0.8474126026031351,0.42967110227487,-0.2969617986670389,0.6989601666586691,0.5725334507269099,0.0845388737038127,0.7352970743749017
TCGA-EW-A423,-0.1135203051782926,-2.002393807061921,-1.6875450237586362,-0.7736352921659151,-1.2464575184949356,-0.7568618928372403,-0.9059184712674252,0.9581553640520554,-0.5098942743677444,-1.8041931548522407,-0.5874306330735795,-0.66807305146757,-0.6620545235938752,-0.8382156756488419,-0.5961594001946162,-2.065404985966844,-2.034053446685134,-1.3271739535023055,-0.4335046265785294,-1.046552950065803,-0.2654954780922182,-0.6325471482412691,-0.497719627742681,-1.270646063707013,-1.4486380243903667,-1.415425949977336,-0.8072270064909299,0.1164361834758559,-0.4008380527216183,0.6510052473565145,-0.1750509780016078,-0.318906733554923,-0.3659308173253379,-1.9721434297467333,-1.7903803220734007,-1.0753072648420572,-2.2023503482775237,-1.35228700394684,-0.7949170265130611,-0.8972120056923739
TCGA-LD-A66U,0.5041391431305889,-1.482084140486023,-0.6166031073748196,0.3620612153372576,0.8122041524022465,-0.7760801400285657,-0.3212524302156185,1.3164026395734605,-0.8993920817408187,0.4690777571602343,1.1802496212494256,1.5906424174440068,0.1199780891318456,-1.2932982500572812,-0.2892720668407054,-1.434414328531908,-0.0031032378944998,0.0922143737920378,-0.0227307351501066,-0.1359798869501463,-0.0197427183517435,0.0742216256110804,1.2201735628448205,-0.2049457115433441,-2.3902130471025766,-1.2511596267662115,-0.0897432358654741,0.5811803935160635,0.1664582565969423,1.1430313295394314,1.333977550295812,-1.0435027912489634,0.7869560713625355,-0.5663403919340754,0.708184988577012,-0.149271176235031,-1.0230167300482518,0.8255880249785151,0.2748104449256206,0.4381576118575646
TCGA-A7-A13F,-0.797285763918361,-0.2583625110401263,0.5073991519179671,0.2807008366277282,-0.0680847536503345,0.1012693441491128,-0.5028515963988998,0.5758169657951904,1.1303705423786832,-0.134123534103014,1.6676417770522654,2.0903138848252807,0.3923489715405799,0.9252165010513536,0.5714313344718681,-0.5290016088593904,-0.2987422374385122,-0.9803428227046778,-1.043219040170617,-0.4445425135912622,-1.4971628110476958,-1.4401409912208156,0.2354340280200209,-0.506488782280118,0.8385268708472692,0.3131395656622238,0.5980009228976229,0.2485447656876631,-1.0790532136637867,0.955060198375456,-0.0547940985123765,-0.9048373766863254,0.524761538756782,-0.2748268647533841,-0.3228564189746649,-0.0482634998010098,-0.3187364671756462,1.2985641562571149,-0.9433157994399934,0.6092589607976977
TCGA-BH-A1FB,1.236722596817221,1.3288951015241053,0.7900873574868256,1.3561896137333196,1.3205007441015475,-1.275635160676171,1.1528492224648437,-1.662709261168604,-1.0524949719967611,1.0147789828764708,1.1840124233980958,0.817766455599132,-0.1764556285888867,-0.9402897021934956,-1.314319000874287,1.1438222626717578,0.8071864496209303,1.6149056613176829,1.1977878769268615,1.359585376693322,0.2249759553632641,0.7959072468929353,0.352156076871191,1.5828027486222729,-0.0916216528208175,-0.5998422663093791,-1.0518664108239415,-1.3125787733162642,0.0337969077743293,-1.4004909712687963,0.8155576524020332,0.8453399992014042,-0.8971161561276593,1.520067366138051,1.620406388465776,-1.040552753305002,1.5381692594641103,-0.3783241611596251,0.1480689566541398,-0.0502285377403151
TCGA-BH-A0BM,-0.5016620489003889,0.8845449978927029,0.2155270897273089,0.0743786477830545,0.1770044528046401,0.1055177090734021,-0.2521315808274145,-0.2030057359787227,-1.6567337196699117,0.6434809005955776,-0.0167416734040256,0.0287279339084123,2.0809640513376797,-1.735407543361186,-0.0404858354112527,0.1458308801028104,0.5709167082427746,-0.0192793170402534,-0.3707954372637394,-0.4552655538366774,-0.6475619264453482,-0.6727827702548319,1.1018515442845542,0.7927013981939757,-2.0715538783609877,-0.9182187218579048,-0.5900142646078925,-0.9552379232474604,1.0979167115980586,1.331981769629025,1.101204573819369,-0.4845152314146207,0.27567503557785,0.5142398604869686,0.5795607655572786,-0.6426006183209279,0.5204055420685955,0.51017639587751,-0.163315515670952,1.3167368066796583
TCGA-AR-A1AU,-0.814134303305387,0.6268865414618905,0.6401560931882279,0.985246763836272,1.0503262676293006,1.0196999442602592,-0.1682537865472122,-0.8788176328039125,-0.2705536266215302,0.7512256549902425,1.5952738532831576,1.5190218269709177,-0.1053392156955398,-0.0692727294352327,0.2245607107972116,1.1441610450786668,1.5551121164115178,0.3139324150885366,-0.3145855324836398,-0.1960685089322743,-0.6888382925792943,-0.6708403871532926,0.5430712243621215,0.3289678748351227,0.7929033288616364,0.0450678323036323,-0.2926619017226216,0.0097415935128567,-0.4608487649184139,-0.9230182728925362,0.3537293078202528,-0.2909311060897414,0.0160549077003064,0.79557306704237,0.9849093148287326,-0.1039776834791304,0.8710221186284178,0.7079675835683676,-0.303708416823915,0.6295263242197959
TCGA-A2-A0YF,-0.1342540335617538,0.9885254560035984,0.1792566965304027,-1.186948116152096,0.532878729429035,-0.3962134748702164,0.6002575601079518,-0.5279852701962859,0.2645326523306761,-1.0338788267718997,1.4237970227278438,0.9924690044709822,-0.0318686867298162,0.3600804174389104,-0.2424838235699561,0.1684655628560796,-0.9031304650333406,0.0037537745771057,-0.1233337425280438,0.0871998329278144,-0.2050630082098881,-0.3284561418169058,-1.8875123432556984,0.1735260937846976,0.5275764014243084,0.0562894006064528,-0.2727286535624327,-0.8980986982421957,-0.0929058516181071,-0.3324823614367379,-0.586608046615251,0.6809792721508534,-0.9940255215103354,0.2304077093518816,-0.3578175879220032,-0.2059365637045506,0.2097565988405085,-0.9266991144607478,-0.2701185038681254,-0.4396420466692126
TCGA-E2-A1IE,-1.675592636795432,-0.3682701495050688,0.0438500204585026,-0.4800372507248434,-1.1979756649976243,-0.720031503728117,-1.6956788021343845,0.3158905349943526,0.369516767690735,-0.9629338870845608,0.7724003351866615,0.5542174607569536,-0.4124316242102107,0.045535051334425,-0.602929111446712,-1.171153202603021,-1.4980750343277804,-1.7664602325557253,-1.7699749555128017,-1.9131273059367344,-1.502531267340069,-1.8191049969819948,0.4125926441467434,-1.611043041073514,0.383215902684935,-0.6595321856186854,-0.0917245196522928,-0.2025125166805072,-0.918248034553989,-0.1879178768633206,-1.452182229431887,-0.8353436148211871,-0.9927122710019156,-0.2210294817670604,-1.3679587273524556,-0.2730337884024649,-0.2399364096572573,-1.0834533313552874,-1.100877236284313,-1.027137881040875
TCGA-AC-A2FE,1.2560494280779702,-0.1705545508605293,1.5420154439520732,0.6261203652390868,1.3966233200083205,0.0068492969462884,1.3128214471852468,-0.5741825117158293,-0.8030497945767079,0.6537766751300939,0.7779317302067869,1.251838418922372,0.4700373097385563,-0.8002979770029935,-0.2397120346070944,0.0662964733323345,0.7768091327041116,1.6701328474616528,1.7465387597028197,1.476190082778476,0.8094297024514598,1.0584006764350686,-0.3098976039009526,0.881777413291398,-0.340949443986325,-0.3157213521392507,-0.4083469212036992,-0.1963991315760358,0.3945021316352705,-0.0122255635141184,0.984884606861043,0.122507492715712,1.1741752012628863,0.6573369064311081,1.7781520292505717,0.001045243028264,0.3001968488873625,1.3201784200862725,0.6601088371126316,0.9786451103889552
TCGA-AC-A3W7,-0.8263980798414455,-0.1791343485464342,-0.1214625567369046,0.8491072564560124,0.3015573308802836,-0.7699659890407018,-0.6594372743621596,-0.5590523526653545,-0.9767343129042432,0.6345386937438279,1.157623356945784,1.15226948635885,-0.1816740997418885,-0.8262201608896695,-0.3952048875720348,0.0874306399672716,0.1699825551614765,-0.6106224223826435,-0.3621177476034842,-0.531562511927391,-0.5931272812918913,-0.7705916580261278,1.1653401593785573,0.0321196801383821,-0.2973546124331051,-2.038846564320488,-1.5617393038787295,-0.955965572181144,1.7838995769982644,-0.897787824232658,1.6121902795215832,-0.0722754362928956,-0.0701615719494702,0.5107032319033301,0.1996617531101069,-0.8155711381562679,0.2033955718637414,0.0130127006412009,0.5189769547327762,0.0917018897020029
TCGA-A7-A26G,1.0664575518874606,1.2421867249682426,1.0201965356259504,0.5685034726324895,0.386340672068133,0.3269348648493079,1.5661083709743566,-1.5227590595144749,0.3267094566982816,1.2402736591494394,-1.3930052128692092,-1.6943979521269772,-1.0148123062794794,0.6369070448850646,-0.0066729499822268,1.131913951319102,0.1633347458244727,1.4440605789490022,0.7879014118341021,1.4259459703441542,-0.2676480437299267,0.256860062024478,-1.189581118300676,1.9671069124883325,1.01754633902757,0.4861336400687224,-0.2835268758404926,-0.2193867797200774,1.4020753256400649,-1.8753161667851328,-0.3637399074089258,1.310153568383419,-1.1434291735146636,0.9567754489957456,0.4479458720950237,-0.3748508163434229,1.2094433922254106,-0.5511475256215629,-0.1361231025221875,-0.501985779497724
TCGA-LL-A8F5,0.8503503077341683,-1.5670772571843574,-0.4231605949215313,0.3040290140859064,0.1912907302115097,1.860843326863032,-0.200320524830431,2.3071351330372063,1.5507840880656594,0.2620542961175582,-1.96113810479006,-0.9216374713654096,-0.4191479213915168,1.165361424404341,2.685295748879191,-0.9939849462350016,2.589080265478101,0.0214558168326534,0.3991205472505921,0.1809236503486035,0.8846858626869338,1.1244098462745755,-0.0184953903117713,-0.0837493431103755,-0.5210071758575011,1.5721967669225785,1.7693205385597754,1.5561105493777383,-0.2146248985141041,1.4483042990505357,1.3486023939480032,1.235284306126351,0.5023543106983246,-0.8360760400225175,0.7756063586058678,2.0593695705044697,-1.241563127684412,1.9923555417991627,0.9076635489580048,-1.00147982351452
TCGA-A2-A4S2,0.5716760152977274,-0.0874213878224593,0.1904525884374112,0.3900416943861027,0.759772489546248,0.0175271290760803,0.5638090251099525,-0.4603698409489733,-1.093772426324274,0.2135951107772943,0.5480462871032071,0.2304271862090381,-0.2960502133021429,-0.99613889091502,-0.1334364418301197,1.0660240498882194,0.3872484498068297,0.473429202521983,0.5560713202975208,0.7517086546175571,2.4711229322474115,1.7670403939949404,0.6408451760614625,0.1700605343089259,-0.4998373395840085,-0.671125369947584,-1.3037676471833022,-0.2375836286672085,-0.6218637077374366,-0.4215150219347206,-0.007379121742664,-0.6847342767331739,0.618334482579865,-0.3623920647133289,0.5005165372081506,-0.296569236457212,0.0829327760511865,-0.2527125583671995,0.2499090491165242,0.000473448372187
TCGA-BH-A0W3,-1.030941514955616,-0.279284572729737,-1.105354387790558,-1.9574200185574957,-0.7453477191147537,-2.703695495573933,-1.2625590458489822,0.0641205232091174,0.5133538914392576,-1.8446168340947444,0.7470243524602299,0.6309230490197943,-0.6722133344949642,0.3970983922033413,-0.8413697829043093,-1.529050994232137,-1.9968798590421493,-1.707037970171039,-0.8024709057790946,-0.8976317878663537,0.1555334775467884,-0.5720172608689063,-0.0962505148272141,-1.6579534413058052,0.8054394777886725,-1.0602960109398625,-0.2957290451392425,-0.4730757862230797,-1.0579403999499273,-0.0959171204190515,-1.051012156984302,0.2974828444364953,-0.4745360923369467,-0.5746123712755611,-1.2379254371393211,-1.3571040036258384,-0.8228317151383747,-0.015116943384416,-0.2877223117022401,-0.9143701716829534
TCGA-LL-A7T0,-0.071881221023805,-1.9599854743558076,-0.7560810912423827,-0.6407081596282402,-0.221207148818618,-1.581116332117125,-0.7269342527567588,1.5015914068703713,1.07924610558941,-0.677961227214401,-0.1104244177594206,0.0485939012204551,-0.6966516994969256,0.9603304620030788,-0.2697912210119436,-1.4557833151963526,-1.0553998375350884,-0.911374283634294,-0.6497837713097816,-0.8836702091701167,0.4205986557186143,0.0282859888075067,-0.1862467753414622,-1.2056515489695736,0.1283939425745718,0.1582300582365755,1.1623894367806773,1.2781976046944117,-0.9646948955279157,0.5759062607451596,0.2791294796945064,0.389113131398072,0.3019343907085704,-0.200854351168609,-0.9260360870702012,0.5577600443394259,-1.6005378696931387,-0.4998318347036487,-0.0618879293628862,-0.3032171901132829
TCGA-A7-A5ZV,-0.35376093916275,-1.095532631079587,-1.2928301985111024,-0.3435584743303089,-1.6796456162416098,0.1768700035693124,-0.4298763120411469,1.2831230317175293,0.549796272513746,-0.5791150679116245,-1.703526031277206,-1.0113013407494784,-0.7963322148783062,0.5018547980122741,2.500823479847243,0.4933273110262139,1.556675682973143,-0.7679618532361566,-0.0576529303798588,-0.2437011589368566,-0.4847331162013411,-0.5879460235946805,1.1798697009621466,-0.9884908318733796,-0.0058221430237404,0.9330191913410144,0.2950796904577048,0.8349041505502147,0.5424193860916773,0.5517849513763696,0.0950982620326743,-0.1341475703891513,0.0821980109935878,-0.6782049789261874,-0.2045843365033028,0.9712152358460796,-0.7967971734037858,1.4329154246315332,0.316841308611325,-0.2608992516812412
TCGA-AO-A0JB,-0.1324487492406496,-1.5723088228768378,-0.11068277517381,0.3524361688886803,-0.2414810181297299,0.562380143216398,-0.599005582199163,1.5284334212739428,-0.08939636852347,-0.1320819461690484,0.2008756314111142,1.20473522528177,-0.3218961082597873,-0.0049847442832734,-0.1819815402630221,-1.4844890060321978,-0.5020898485703723,-0.2604400975612764,-0.7285213042490397,-0.789622956078078,-0.508116198109696,-0.6340627309112122,0.511654273548823,-0.4216801257061978,-1.5305574688356027,-0.1695210709165115,0.6368814464630537,1.6073243221569962,0.4247749922877099,1.4228132034224292,1.2626388703503832,-1.1817696193946212,0.2620673804425809,-0.4856717968184248,-0.2729010473645443,0.4933118967875933,-0.7342173207601447,0.6028555835835672,1.8008529638101831,-0.0185495899326857
TCGA-B6-A0I5,0.0351594003450954,-1.0799720350266864,-0.2177611140819582,0.1400837924572332,0.3584856088338429,0.6389628327333713,-0.5388110090877338,1.31293874083371,-0.4871903718255829,0.3796723863951052,1.0023799666723754,1.839060739406648,0.0136924802487791,-0.5398620072939805,0.556123473867145,-1.2729776691642896,-0.4890828629764987,-0.3952096155676297,-0.5945318458907065,-0.4781381808776439,-0.7694388150736012,-0.7102599426686078,-0.2443242369128271,-0.3839313449385499,-1.890520700473379,-0.1525327236181573,0.5507934915278647,1.1600115086800005,0.0236167182027319,1.4214731179892728,1.1458659348411553,-1.4292460026332918,0.7405716838025502,-1.0818619995622984,-0.0315583250147014,0.3295418515804366,-0.9622007664073712,1.0697528162513958,0.040362385011506,0.2512617396568632
TCGA-EW-A1IZ,2.000434332630012,-0.8298913136774462,-1.0990374882924323,-0.2004174854874198,1.4083882461196708,-0.5040482950404914,0.9787988554185262,0.9122064316503518,0.2208250056167308,-1.0019249933642589,-0.5049160891435531,-0.3334532214805268,-0.3909125510926815,0.0536664175794858,-0.4100855951711666,-1.3942195973227542,-0.3383909634241295,0.9029626084480634,1.07761622614019,0.5275043850227306,0.531533681976999,1.130032828882679,0.5310661236174669,0.2398036299079073,-0.4780665155702449,0.0443603381384858,0.6533144912432781,0.065027975596543,-1.1800189555382183,1.2977930461838143,1.0211854661653132,1.7592484531034982,0.1407939246018033,-0.7995924393715635,0.4234649383308121,0.1458382409507928,-0.9254992674865378,1.50067531883631,-0.3251121152919723,0.0564748698678876
TCGA-AO-A12H,-0.9305227705140132,-0.4175902623034916,-0.3414563441705069,-1.4562402862591577,-0.9767353778120562,-0.3966944972156502,-1.337716594848931,0.3767417321588159,-0.6592831383286507,-1.3619027907646035,-0.1469595242013355,-0.0586716520123443,-0.0425426515428683,-0.6503414169774899,-0.5819426738132728,-1.2334444703111742,-0.8693599486533585,-1.308551974473243,-1.1455609148076504,-1.1367180569676805,-0.089137644758288,-0.5376861057996263,-0.713004863836666,-1.4729760017975522,-1.1505753865970916,-0.6131580809566436,-0.197709120520184,-0.8213674524213616,-0.8266338652686429,0.7761369985282034,-0.6235970336174429,-1.4294658376737217,-0.2802439058200424,-0.9819706448824552,-0.9719954851058368,0.1065319615368553,-0.9340326888207308,0.1954825919448099,-1.257994074093772,-0.832637583845947
TCGA-A8-A0A9,-0.2973620073548396,-0.4323705714291589,-0.0339450190071153,-0.4214244651573202,0.6580646502667464,0.3473371713105727,-0.3083660090572085,0.0715723593534716,0.0914747001414246,0.3212517861748842,0.8568458541646874,0.471758409261398,-1.00125861635649,0.2069275358641319,-0.1629597984413434,-1.2625544640933273,-0.518457660700787,-0.5700233993809725,0.0619101118007586,0.0832395666405343,0.6759287937280978,0.3378742031116026,-1.3235846317114752,-0.6976230066128379,0.490329238966116,-0.5719289434233394,0.1275621776559108,0.2858972490819931,-0.2684032592009132,-0.7207061680618504,-0.5878965208835336,-0.5934545268905269,0.6954019769312049,0.0550231119895228,0.1328858070629459,0.8845231548359827,0.1870040506033506,-0.5186696693992205,-0.388987380906593,-0.7418522570193299
TCGA-AC-A2FG,-0.651736680358189,0.8435361794029108,0.6100208554551855,0.5384211191999235,0.4465248898867665,-0.3324855020030372,-0.4355277597946386,-0.6989460056369163,-1.0585376693732935,-0.0242608332714312,1.298913195129325,1.064344734309482,1.2166243765648552,-1.1273048821580156,-0.8857445594272388,-0.187474713522876,0.371790707791426,-0.1488216095645428,-0.3301420949729227,-0.5418487650429487,-1.1022076551793003,-0.9759440345744282,0.3430622400700014,0.2858589222835486,-0.8761402551705673,-1.0203811237237632,-0.9333255240176268,-0.6711754481724724,0.2717092116745166,-0.0199902282516296,0.5390153586650208,-0.596243519522067,0.3141413836278023,0.6938723928023942,0.1281756031122447,-0.2872190848403457,0.7134468672813312,-0.340591417398304,0.0709373976209747,1.2056057019963773
TCGA-A2-A0T1,1.8041641901716436,0.4032972544425958,1.1602836765875064,0.6650775855237276,1.273869036236465,1.427686671323914,1.59851036696229,0.4965136817191489,0.2487902806562508,0.976056211967276,-1.0898129967864587,-0.9856646340090788,0.7754096474900624,0.1876637452636562,0.6090876988918091,0.5362515633140281,-0.1189741261242235,1.2049241534982604,1.7682671681985005,1.231960545379972,0.8900518349096178,1.3801341378673326,-0.4697142891063742,0.9908631831734928,0.3008622859558224,1.0697881659162982,0.4004763450025237,0.1030903478506834,1.1932607061462754,0.5343417217392237,0.3150616309495432,1.3542708485699453,1.2975521045015708,0.1637472253770926,0.4912053584856675,-0.0718531001127106,-0.1630217396396465,0.8704341165103571,0.5451220278107781,0.6084548663981345
TCGA-AO-A0JJ,1.0617924450803058,0.99047397866061,0.3515916746276357,0.3267498469355882,1.262059614070162,-0.2500770293398458,0.9627554182773168,-0.1798521685618641,-0.1751766481707574,0.8065508377941915,0.8666831518888418,0.9117569385078425,1.323584203575138,-0.2918639275973787,0.4393281258179869,0.8115307463539742,0.7648679687079248,1.122253179102871,1.1558907908421308,0.7782476999821056,0.4161601209600081,0.6532915792942725,0.4773108024591801,1.4285186977233444,0.031340906808459,-0.0627108517412782,-0.4142440814619387,-0.9104570101869504,0.7517405277539508,0.2658520444780497,0.9096504101228136,0.7048226636312397,0.6817799663802634,0.4684841691518006,0.6191132770333942,-0.7124858188441587,0.9100662360939844,0.6671031736703819,-0.0225231165330009,1.0762373856500982
TCGA-BH-A0E1,-1.165260180985246,0.442655007302264,0.4095183295215537,-0.1383076298531371,0.109968897698165,0.2924996687994812,-0.7736710916382389,0.5084694880732732,0.8278548022650195,0.4604367357970503,1.247028722521601,1.922756135938972,0.5616874044681918,0.8759053009228299,1.2204566724867585,-0.1163390505727842,-0.0326784143695871,-0.0252601330624084,-0.7909939359338818,-0.7869500115171789,-0.3180443883497901,-0.785329698500891,-0.0112683327169329,-0.1032276995324198,0.8508657855647255,0.1817580130861178,0.4509682217772718,-0.1012790897105936,0.1224034820296827,0.7060980544604791,0.0613541882598866,-0.5167618449575906,0.0709201064699393,-0.4778862633778758,-0.3446270342432577,0.1692053246003033,0.0621744103466854,1.1294291121362512,0.1233543303743829,0.1421034335742597
TCGA-AC-A3QP,0.2117203143934366,-1.1015708273752722,0.5799380559508317,0.4819175498469542,0.5683372817045506,-1.172807820102922,-0.0889252436637093,1.3403606950844396,-1.2040504500531994,0.6221687590543628,0.0654033897888556,0.2492175560851092,0.5627533309623147,-1.509919414895094,0.119082099947145,-0.9688907521755746,0.1612282288501132,-0.0567913953940963,0.0236828401012063,-0.0108301764780551,-0.2122889866290259,-0.2958888536932689,0.0367749255194764,0.1086837303386101,-2.2245497497808144,-0.9917896291653034,0.3231642478646646,0.6041467003593987,0.4528265137697115,1.9974315106608704,1.455596758486266,-1.1096992211511507,1.0608084009535996,-0.7569683838817401,0.0718717899890366,0.1362636037755174,-0.8011671381225501,0.2003356660466768,0.0935288505620687,1.107487070422606
TCGA-B6-A0IP,-0.2967855411853011,-0.1323804619903384,-1.0168146409696606,-0.2625734464378711,0.2125478447181159,-0.6699855927858486,-0.5449773346961054,0.2217940196797076,-0.0167269308500724,-0.4923468263279531,0.543973289615826,0.5326306562749932,-0.3352170617851425,-0.1250169673854955,-0.8472587561791196,-1.2290431678068412,-1.1035085724624234,-0.6294194698381442,-0.3663015121963227,-0.7292097707377185,-0.5764350251768077,-0.5604034838064892,0.2722039779513806,-0.5631847996242271,-0.0349467885248063,-0.5230180470449153,-0.0721875862660271,-0.2298087777972278,0.2384396337506863,0.0006952269738557,0.3670007268526344,0.2631301450713474,-0.3377081352511391,-0.5185319427634977,-0.8221397629874093,-0.2062593608605303,-0.3787284925957748,-0.6728203420365787,0.0498375811807676,-0.4426854337870579
TCGA-Z7-A8R6,-0.7495289341490117,-1.100232279177376,-0.5678325166077856,-0.8036519500717124,0.4991675487810845,0.4649959111378872,-0.8735528147845179,1.9619028799634035,1.5044690650249533,-0.3235302549071225,0.6647211891624687,1.352531634899188,0.4138804726697415,1.4285362486550397,1.029567274753325,-1.0601707839827892,-0.0454746958021035,-0.6710936850810275,-0.6735650241859608,-0.8743060510237766,-0.2837243742282554,-0.5131893479733037,-0.6758833258631701,-1.1547123899921656,0.5693375254340031,0.5086613385809555,1.1746788001028532,1.070574946241795,0.2812619832705214,0.5827445751023914,-0.0035603634099568,0.2057410224398623,0.6508419312385968,-0.656987830149531,-0.2919811265430402,-0.0395701015400753,-0.8366919669144837,0.8177113435027767,0.2304286387075443,0.0431778819250335
TCGA-E2-A154,-1.1803490247054098,-0.3230901140446111,-0.3601464506432219,-0.9717509706161968,-0.4844959660864837,-0.8924700972542542,-0.9729976923726896,0.2108563703012889,0.4791362708324012,0.1787363161084101,1.5060259822178856,1.036911737433654,-0.5537057658738799,0.3167186086777664,0.4531851723084443,-0.65126831706747,-0.5187032930338632,-1.1228423761033863,-1.2208618833162717,-0.7392803556260383,-0.9513756028732472,-1.0910811967570313,-1.1171260825114298,-1.1813140444746333,0.5026654905418579,-0.3430040982821846,0.5057850849850622,0.5604929927659609,0.1364145973811485,-0.524565741488976,-1.3910670140120185,-0.7137246867871316,-0.75009018150315,-0.411574397991729,-1.0314545957665715,0.151023125474578,-0.0632929349958642,-0.7478348402305747,0.5505640850335075,-1.6404669658085738
TCGA-A2-A0EW,0.1056229732381496,1.8604795793719475,1.4457130086353422,1.0521229582356058,1.029758827148675,-0.3723352862525975,0.479213031213129,-1.453322399544758,-1.1619725968344796,1.0623931383103038,0.9624513612875598,0.5548607492444675,1.160805418809432,-1.1071022844467149,-0.7279403927839334,1.110177175464729,1.3205862674944038,0.6095139951234604,0.4502132967873639,0.509539249593108,-0.3417475874441008,-0.1130694471234952,0.8246489609715556,1.2392899377734563,-0.0600538467339622,-1.0027111891955007,-1.3446664836861404,-1.2154139121473495,0.4245123180179983,-0.6035685183791163,0.747975278992521,0.1637362066327485,0.1846500469676828,1.251173936813764,1.204511268710776,-0.9882055486537225,1.533104691000191,-0.1832174099665284,0.3214777562166463,1.3050799614946778
TCGA-BH-A0AU,-0.0414840548861934,0.252489183793407,-0.8800227963346492,0.0728857995419443,-0.0658661553638768,0.5181525020246498,-0.1064489905346506,-0.6262523361149183,0.1851968456400845,0.3336054634469862,1.1045804623995652,0.6222048143011473,-0.0428185142098773,0.2808279324169527,-0.4138876428715534,-0.2100088841642182,-0.6298075193836302,-0.463409319085716,-0.2776683758528706,-0.3160490951698746,0.2815975362995729,0.0220297481532028,-0.2012660623440813,-0.2797964845759006,0.637290313656728,0.5427865094536297,-0.5159092337113116,0.3790769907525544,-1.0086522249609906,-0.6776338543457943,-0.6452412532525401,1.1561567099539851,-0.659601821666021,-0.3586672639143322,-0.8829056526514953,0.6078990018547663,0.1325259899043968,0.4804737084309355,-1.0588308010073944,-0.1009809557815005
TCGA-BH-A1ET,-0.3247036040936484,0.7273770116429159,0.2735307311735218,-1.0060464253878545,-0.5193244370026985,-2.0321539761591088,-0.1109647849452696,-1.1766717497630912,-1.058216177606773,0.0559218381692259,0.8146269699688372,0.176017463897964,-0.1970579636589959,-1.0829113440715934,-0.6449801378988715,-0.0730632666530044,-0.3902679533059275,-0.372801358993431,-0.374937790207713,-0.1160776666707463,-0.5997455749051195,-0.4329343693792669,-0.5569906883382593,-0.066620841048936,-0.6643410979729157,-1.0005559685285592,-1.1895969908316633,-1.4947651631380376,-0.1571538255292685,-0.5398729345918435,-0.8439336145815589,0.2650677421260212,-1.611371980565255,0.5713055029183909,-0.410729432227339,-1.001019179870811,0.7185582317034369,-1.4459766944753922,-0.945777543130704,-0.0208287499978144
TCGA-AO-A03V,-0.8771933900100763,0.0245061767200488,-0.2342155940256644,-0.471711987621039,-0.3699266893667992,-0.198921282914638,-0.839685412405195,-0.2478807001203373,-0.4782276935416026,-0.3756928868415691,0.5881156931755014,0.3507528595117567,-0.2535649778102481,-0.3667487709243884,-0.2203059002873268,0.0629204211745565,-0.0093702392832528,-0.5459450150122273,-0.9616075461345128,-0.8169454047939855,-0.2164768809581285,-0.5497340609928185,-0.7073334239775824,-0.6237741381193327,-0.6400992821062694,-0.3773106906382899,-0.2406754137500868,-0.1614874623581654,-0.551667343534286,-0.4590236868122168,-0.3521216084542386,-0.1413998663353894,0.5606702936627203,0.586807122727304,-0.2916406962049987,-0.3378178261837217,0.1251739241869336,-0.2973143471593931,-0.312614906634546,-0.9301673542050496
TCGA-GM-A5PX,-0.5407998731455015,-0.7386676969946948,0.4010492708652337,0.0372574779916962,-0.0750496513297983,-0.2922812963957437,-0.3586164857537863,0.7330368002423852,-1.4833295402032345,0.7669448500542276,-0.3939865409794538,-0.7052227839808111,0.9321850376710592,-1.8442186722937584,0.2301962006114283,-0.5566337374739725,0.7152366401246988,-0.2614791373307222,-1.0509534126055031,-0.5642670213093554,-0.5215847821896984,-0.5132052302749306,-0.2683786647009107,-0.0604859738673382,-2.2804111206070923,-1.3529192125253924,-0.2643609276182081,-0.7650706409522182,0.2822493646843898,1.6237047173532908,0.8803261978286538,-1.6103671353234366,0.5545914951704978,-0.1200844863676832,0.0074246085341995,-0.2944853795384664,0.0820195810104303,-0.2595903294598118,-0.3604073831699758,0.5160940511171191
TCGA-C8-A135,0.1695718046387418,1.15102620553103,0.363003490187789,0.0073868328534338,0.1568574299579463,0.95618517137463,0.3450129812803983,0.4855545690886919,0.7245960247169165,0.3649309033285123,-0.9053260523843636,-0.9945100840136616,0.630372235488273,0.8128212877685891,1.290426623646784,0.8071984954623801,0.2424521727366393,0.4466765782461974,0.2171116438510353,-0.1102390248062976,-0.7248007229548399,-0.3035867579083224,0.2141306881707263,0.1712733438309596,0.9188076328326212,1.6162751134870428,1.016594869870486,0.9414206824704484,0.7976302719423339,0.8000587834074585,0.2915011724321149,1.410576924227872,1.1577929353492222,0.3144601651255842,0.2030119027659772,0.9838468445730484,0.3034091505904042,0.4975549338328068,0.5369659290463509,0.9302250505596388
TCGA-BH-A0AW,1.783609499423935,0.1220260473552857,0.7470342858841313,-0.0756150844199306,0.2230891113844108,1.3911282479043858,1.4222896463175294,0.794837872796015,0.3495754270568099,0.3591144170050392,-0.9082799743913432,-0.033486712118812,1.3308331438653205,0.2755483042199051,0.1739868342393705,-0.9670150597317864,-0.5765028093396357,1.5304822728636278,1.2648207985815785,0.9044881824684552,0.3809622369293324,0.9079615761311416,1.5704620756596308,0.8505996475835987,-0.4362156553543375,1.4068734548774913,1.0318868146567357,-0.0449646781845291,-0.3669855224144894,1.8656507659507988,0.7246877220228228,1.129244660295959,2.033575687663287,-0.5140620049349657,-0.1128726255018619,-0.2658770192639478,-0.6936700281688453,0.3705053877297317,-0.7116881858860256,2.0945511356309643
TCGA-AR-A24N,-0.5298098733208543,0.5319806315878571,-1.015171575943535,-0.6665085003432571,0.6663198360270295,0.0795405354681422,-0.1943947930485316,0.0520300091003453,0.5695019605589637,0.1807694352681812,0.576995649966939,0.1536269058646222,0.235340494969243,0.6866797370193435,-0.2043288263382402,-1.085501823257557,-0.3861952373382871,-0.2949337716298522,-0.7243497536177697,-0.3480551705928074,0.9515122156549176,0.5692748148408424,-0.7261854983789392,-0.6085893517272104,0.7748231384188793,0.076801486548823,0.0231306914151418,-0.6592779774734352,-1.7396298350921369,-0.124963744967665,-0.5772905987067971,-0.7692526403642138,-0.9430706035024669,-0.0079602005326522,-0.2386104063547819,-0.1796626604595529,-0.0571321474641103,-0.6573335886701139,-0.5623855412568076,0.1938866373908529
TCGA-A8-A09Q,0.7469420618886119,0.976439360592735,0.2329568448219566,-1.0331996977491609,-0.378915638667067,0.6440565925176459,0.3185917587020581,0.0336389505380705,0.4534041765913987,-0.2306242229119899,0.1819536768668832,0.1043096074033521,0.3247715066843336,0.4648725196944909,-0.0301755113690605,-0.335706806826606,-0.4465841155350104,0.3756016426489934,0.2959042799495803,0.5328010076238631,-0.8607539461537191,-0.3030990172683132,-1.2003103198044331,0.1088029461514654,0.5798563618975863,0.741538034494349,0.7438051121394833,0.8893975888473312,-0.7257092652956262,0.7199592147334778,-1.311770852064615,0.8843828444330776,-0.292749105279186,-0.491167323172151,-0.6112571546175954,0.8079302382056202,-0.1136715402649855,0.3756524806583793,-1.3730361711059853,0.182844064432054
TCGA-E9-A22D,2.3280388543920503,0.3652782711397504,-0.3034576264907554,-0.8493402911100082,1.2560212074826689,0.0622181620741427,1.4289368600493786,1.4327658843185542,1.122944903884525,-0.5908858938983488,0.4445381573640278,1.1916639100724464,0.3883679725366176,1.0550641669211294,0.1139756996410035,-0.0030039766205029,-0.8013228876630587,1.437212013092376,1.1568229028483508,1.1329096147051734,2.1458267639809816,2.367544314470017,-0.0055972954825232,0.3253061786385081,-0.0854287671411774,1.2538018870444925,1.0339290370036749,0.4692543924569272,-2.220978507037745,1.177762477737292,-0.0444233688858723,2.139014656392432,0.7510467206221639,-1.2250096241198147,-0.0345338426017148,1.068542616675921,-1.0630161688321482,1.067886824079813,-0.4449253374093571,-0.0615049062289438
TCGA-B6-A0I6,-0.4166886102639093,-0.4608853866207471,0.1860442459361447,0.5995119576712965,-0.4777461183988107,1.0240686746768004,-0.9718352708209402,0.4995903919686096,1.6077910410356435,0.8965847428641813,-1.394588381537136,-1.2355900682651009,-1.7183810101526649,1.7612776742250793,0.8030376679838159,1.586326620830144,1.3738970579404532,0.0468402485508424,-0.8280006623318493,-0.5433251643191953,-1.6377389471686743,-1.2856366607644036,1.2096122714896096,-0.420006936425207,1.972479041863941,1.116514088547565,0.9976094968524772,0.8286373615565844,0.9570581921737848,-0.8782266999028381,0.3903945180195738,-0.4074563142873494,-0.2429301091433037,0.4953708504131321,0.4871133773222653,0.7194619991190789,0.2129499367253476,0.8680623221553981,1.8588981745709503,-1.6810423028402222
TCGA-D8-A1JH,0.2242247246250007,1.223238048058926,1.3410672135528323,0.8335942211191375,0.80962479595582,-0.3794103696672197,0.6617096195504927,-1.4078680753168265,-1.0330148152002168,0.9226160430599484,1.225666144064022,0.9578452469740824,-0.0794967678006458,-0.9377921809853867,-1.1402725924495234,0.5673454356726103,0.3741393678518893,0.582814228104925,0.3292934643555839,0.6245956156030033,-0.2661175859525207,-0.0685868321314726,0.3969885923038887,0.9226789280292632,-0.0166747551461498,-0.8475801529091468,-1.2010252422799368,-1.2946626992618495,0.6897819972123268,-1.363890855930566,0.5202434185222781,-0.1107389022683336,-0.4692181234630818,1.5946021942811763,0.4757640072200364,-0.7750141081305593,1.1741537706085945,-0.2606616116640111,0.0773791114794057,0.207029359651457
TCGA-E9-A1RE,-1.2169077367290575,-0.1762985049589563,-0.1661683540759869,-1.1048742875863424,-1.4421553428343925,-1.3860698500820556,-1.3658336943518763,0.2234322581007235,0.4970607944143934,-0.900769069646566,1.2093684615647216,0.8337330672063255,0.3123057920726376,0.474679363324705,-1.460951944137329,0.2189370052047897,-1.5984916332662849,-1.3240318871311028,-1.2993617207399102,-1.393864285167337,-1.573162889704209,-1.6231823356492288,-2.025100103758854,-1.5844216576660388,0.2503878888711243,-0.0500422966868956,0.4937226183474533,0.5328939074337905,-1.3997355488232148,0.5365376194153235,-2.024926050559473,-0.664818780064292,-1.177009144467632,-0.4893161542357323,-1.6685623436993249,0.4183618085376627,-0.2178596444332981,-1.260183404867626,-0.0791837685268397,-0.4423149163629155
TCGA-E2-A1BC,-1.0251077785984788,1.006708974702326,0.1394574173184872,-0.4462806565893654,-0.2155186539085772,0.2113497094847318,-0.408959091779665,-1.3790119293082308,-1.3921146104635564,0.5991622009151794,0.00364811902394,-0.4350598431865093,1.6597625820820066,-1.4053371895276077,-1.035133979394249,0.3192705084477493,0.4590867596058472,-0.177708296708557,-0.5833053488659307,-0.4967537158295917,-0.8616034655734544,-0.8191908055576463,-0.7419222579623956,0.2569705994190578,-0.9589778495215604,-0.6259172960603643,-1.2235280748826896,-1.2473976565004996,-0.4651368723470256,-0.5191866081738947,-0.0842623218104636,-0.3424290939384143,-0.5358745079658438,1.0214278072853922,0.029059364360432,-0.9326200100536168,1.0943755359127036,-0.6272988891223831,-1.2615646656096575,0.9660622996265372
TCGA-BH-A0C0,1.812367771597276,-0.2235461157713586,-0.9841138322001152,-0.6760543039522146,0.6925702936041626,0.670335999335504,1.1267630553942984,0.4810481094164675,0.9190237960156123,-1.056564350968449,0.2871423829763249,0.6008904711707782,1.1134817224632003,1.012373907055042,0.1314613105112153,-1.7281812677112665,-0.5855841653294163,0.9030693698935064,1.7117847042469954,1.4725655299741576,1.4476831422694103,1.7734196121415446,1.7969589444689529,-0.0005678220805894,0.7731106343023378,1.7333026504578246,0.9602254331025196,0.8447797928285695,-0.8706556968080683,0.6303701811983259,0.3036569490295971,1.5188676747653334,1.4382144342306329,-0.8766782833799955,0.4060369521750044,0.98126854612075,-1.166431912798671,1.0005518269874916,-0.4734839553895217,1.5128674290647186
TCGA-AR-A24X,-0.1973776697671502,0.5298683671731846,-0.9507483664755384,-0.4658608642327873,0.4862677663808775,-1.1806407111515844,-0.5176853593979052,-0.3610952506384043,-0.0557366526182107,0.6337577291554324,0.5789013123032456,0.1520107246121624,-0.3956341519965987,0.0549364789147188,-0.7134579477343889,0.4529559998339216,-0.3618854693505313,-0.3529422111449709,-0.3220763743616516,-0.2370329284447725,-0.7411354338425179,-0.6693217244563299,-1.101040382210234,-0.2105872961823227,0.6015981534802737,-0.2970252679000957,0.180173992989814,0.5344146341573442,-0.5857289688846009,-0.605970925225143,-0.7853842218878565,0.3363158431026973,-0.9304925779655292,0.4868181623230759,0.413311340354019,-0.1591670066591891,0.6445911713450143,-0.5589147452510878,-0.1571899096313348,-0.91431322658688
TCGA-EW-A1OW,0.3129437076964729,-0.6003303136035087,0.5368146400540932,1.041023268841289,-0.0506967276537722,1.0022586236097228,0.3782355752094898,0.2430942932031666,1.459050986131021,1.0949035452036784,-1.425231762739133,-1.2781925339143656,-1.3464438004721873,1.5753149710753351,1.3022862041646777,1.1849390196963634,0.8017727979599975,0.2297646468844884,0.2773137409055534,0.121616850952126,0.6368193800796406,0.5075249933614309,1.102754384828034,0.2843923978717526,1.6207877622054043,1.4396760742918628,1.4279607934205376,0.9911450698616502,1.3351444308266112,-0.8996459851560291,-0.8107388453619934,0.225454940052925,0.2540814568441632,0.7082065244158852,0.2966689621217792,1.046279611462387,0.2866305339207743,0.5864415764298447,1.5304130466553356,-1.2430744366099171
TCGA-A7-A3RF,-1.2898694555340615,-0.8156343518974494,-0.0379268350331347,-0.6173203571843835,-1.9467146560908903,-0.4907629591082351,-1.4747308461407298,0.1733238106670153,-1.0486778048411851,-1.102546304483068,-0.8804189638143534,-1.0836858566620486,0.0596824685235614,-1.082596758617422,0.8161250754794572,0.2539589826980258,-0.1001084059656643,-1.3745006663804635,-1.8451001564918603,-1.3512476682890977,-0.7111208926067618,-1.088393088853584,-1.4682323285115346,-1.302681362424889,-1.633731402200815,-0.3402190805095387,-0.6999645938227965,0.2378441354476923,-1.186611592420456,1.275003060347344,-0.5563902362010839,-1.8156714442426185,0.1095143617438111,-1.6973027983928777,-1.0874182635174274,-0.1642128433813713,-1.2765052729948974,0.1657297858225332,-0.8425163077376686,-0.5957617535310676
TCGA-A8-A07G,-0.0387561363700437,0.6249407492080717,0.2224869548851226,0.6674227271284892,0.0090883919435877,0.8081492371906527,0.4160311575071859,-0.9817355655106668,-0.7849760480754389,1.1147444014645524,0.3910940890421165,-0.0313658554850489,0.1736522696549512,-0.7198220670314873,0.5460730800715239,-0.0253765734993503,0.3688195356298032,-0.205778005138182,-0.3078019912816056,-0.0720476851896528,-0.1423085666199751,-0.0495018355911796,0.1755327896596444,0.4954024095059047,-0.4500764318044575,0.5013814202217157,-0.5165493506192365,-0.9157195684193614,0.272969058153292,-0.3354883904685706,-0.3375244717593323,-0.4942713602009151,0.8088297429759742,-0.0183331374365748,-0.7920463297622876,0.0679256382027286,0.31084212806096,-1.6255839946473385,-0.6332177044782052,0.4692005502837149
TCGA-AC-A23C,0.0942194639901096,1.2217512747069914,-0.1559767425357719,-0.6101862552063841,0.5125352567050803,-0.9316100160029348,0.4537589058452661,-0.6983948038971108,-0.296489226221825,0.1062217191649622,-0.7843962800510682,-0.959998973608727,0.2322458644599627,-0.0527248457878483,-0.904435332318588,-0.5743296279016257,-1.043979571199636,-0.5001314704946914,0.1174006500634587,0.0276518205891035,0.4733372770705289,0.4165737884699125,-0.1852899236943795,0.3029532832477509,0.0210979284021811,-0.0822189355067503,-0.5444861804417161,-0.9586975857601612,0.0898764147091025,-1.023496883446666,-0.7934487455930084,0.5080982138215111,-0.5358868988008472,0.1688110560416807,-0.7340695139807846,-0.7171853050025114,0.0327897151070924,-1.102491769653244,-1.9444955315039651,-0.2171036816296536
TCGA-AC-A23H,-0.9773893483370214,0.3417637016572404,-0.2740796584568662,-0.1843002741855768,-1.0023946361596574,0.8275679522699887,-0.5197787480551428,0.7250441862188493,0.716282562439741,0.1223191736511689,-1.0403318480594004,-0.4011716046624753,-0.1605880561340257,0.8756838038755724,0.6618706182269536,0.3541987289699503,-0.3660485569677086,-0.7402602493061108,-1.0991673136658724,-0.6997988504951641,-0.6302606077912886,-0.8167566003931659,-0.700728614139112,-0.6162426394403527,0.713544947405509,1.4783691437013995,0.4052521425576425,-0.2101774990430258,0.0644851663256348,-0.0706951265966506,0.7291655593281503,1.5737434205562943,-0.0439682168099133,0.585882854243739,-0.625322780927037,0.1471237577480278,-0.1861033422612252,-0.5915351444395951,-1.595934047057704,-0.173994721422262
TCGA-D8-A1XF,-1.0669528617936872,-1.3228777964777378,-0.9302949017600978,-1.0288393700900431,-1.8930485420413563,-0.4905690094997014,-1.8345037480196575,0.7249133767995344,1.366162906581822,-1.9763115248609888,0.5362209603402267,0.5065701499613646,-2.115070899916555,1.1771898361628237,-1.775645021423374,1.765023428348835,-2.596461699602252,-1.6533004763667762,-1.6535462915939665,-1.4581152101054031,-0.0333776158108944,-0.6394176961132725,-0.1610606563728515,-2.108730736562262,1.0624767395355263,0.1153644300347509,0.6162647545630686,1.4220892166856849,-1.0302930353147175,-1.7599131018183884,-1.8353024464046577,-0.6468558520831406,-1.2591022411381,-1.6394926377035948,-1.71314577125845,1.2993537583875283,-1.495835988323803,-0.6997795054857795,-0.1121676445896343,-2.883351503454325
TCGA-AR-A0U4,1.9462630983666,0.0299656162119146,1.1052768515743585,-0.1462941958560223,0.7475754948905968,0.3713444738175981,2.231366840782796,-0.1106158749012154,0.9094840027449388,0.4638999723162602,-1.672645052953529,-1.5153651849256382,-0.7464356924430879,1.1836637304265432,1.1134221183121962,0.9622494455139968,1.1742272675076364,2.187888497320869,2.910873270106338,3.035967042120852,0.3943679408104696,1.3206025826058216,-1.573715429131178,1.3010697169091836,1.1352743000931211,1.309332827417958,1.1007441522136752,1.28048819134945,1.060226883787722,-0.4334857884736541,-0.6003206180406846,1.0257839870849976,1.0782951902430402,0.8895216958384552,2.4258070524720923,1.28288226485412,0.0162371183588883,1.7672989172747005,1.1110732998133253,-0.0354790652385702
TCGA-A8-A09C,-1.3022122075958449,-0.4502260922534685,-0.0300328798596044,-1.4317357970680429,-0.8298432365283245,0.1137470211288027,-1.0595705328084062,0.5526253882474658,0.4838061143130494,-0.3624431814979401,0.2386192879874024,0.0657256300906897,0.1929157939793502,0.5268721595520361,-0.440449932249258,-1.6853013158890957,-1.1740986480076774,-1.5699470614142856,-1.132371429678981,-1.3081850571591922,-1.4237376647447757,-1.410331913296753,-1.67607857161395,-1.3469415416040176,0.3470107803497395,-0.0515189835931717,0.7038669969376854,1.0485751806032602,-0.493894499572091,-0.0174109434281833,-0.9331446276213724,-0.5310755194798724,0.1216274327589236,-0.5289871227544669,-1.4317625726330048,0.1839704320348003,-0.2770746508888971,-1.8207268922460484,-0.5087318962743443,-0.5860593980851795
TCGA-AN-A0XP,-0.8857371977162429,0.223208124118055,0.2861637099071777,-0.9977596740589196,0.184986925602433,-0.1620638955607093,0.2782070394805647,-0.1573793670816664,-0.774586505284198,-0.0189616099131038,0.5665733615848245,0.135414633477229,-0.3301661574238128,-0.7157909999971138,-0.2349421007674633,0.1569281006808233,-0.7019837672414414,-0.6373677216114899,-0.4475730341935668,-0.3707561431922251,2.0828932206362025,1.0203677748902116,-0.6003978232879756,-0.3594260924988208,-0.4947895820381934,-0.7102050975873103,-0.9965612063161304,-0.7294877788758569,0.5273138402551215,-0.3777044962626252,-0.1328265620876808,-0.7899152150652389,-0.3380024103316445,-0.0288807489980479,-0.5090695484342324,-0.2838111549059742,-0.3398607266172211,-1.0058998253572242,-0.7853598569831277,-0.4715766668940951
TCGA-D8-A1XK,0.9765505741760448,-0.3418661711915819,-0.1760230493966585,-0.9047476903596066,-0.1918473590057577,1.1689856743234186,0.3601387026609567,1.138020244295396,2.3862831071505988,-0.6255260222951413,-1.907773770505529,-0.9072764640141544,-1.4052813929040762,2.2070326419019235,1.0166945759698154,-0.6892566381226279,0.3752796854540741,0.2854148321099934,0.954353560510215,1.6187749069522264,0.4631755460558772,0.5613475830112613,-0.8298898494710126,0.434089685279298,1.6826084757192508,2.7859978649241737,2.119476080675017,1.5792278866904936,-0.5972599046467654,-0.5440499516163794,-0.0792243596044078,1.3263505385541066,-0.2671215180085851,0.5354393577206592,1.251600256925344,2.4741811481135234,-0.5719675720103377,1.479564777390472,0.3166742792251639,-1.4944765465570635
TCGA-EW-A6S9,-0.7045189081414723,1.1918667977559652,0.1422413770196018,0.2405287208867517,-0.1655046918573814,-0.1481038854313737,-0.5747286352531527,0.5045500868183729,-0.0651633802535043,0.8921340261662601,0.0533834419669359,-0.4298391618513718,-0.321066342957358,0.1461987136876488,0.9484260670553118,0.4461184878690897,0.2105747657140481,-0.1708969554341219,-0.5327320104822533,-0.3748590559406874,0.2856382644138783,-0.0026295906649678,-0.4718097681508223,-0.2539235326828756,0.1108473451090547,0.3348392562044723,0.2045534472011853,-0.1804296687011417,-0.0307517395708111,-0.1225220526225746,-0.1150506363808539,0.2474637501008364,0.7877563847639983,0.7933182301989438,-0.1101825026229905,-0.173835441080878,0.3123520151307524,-1.2478458761242293,-0.4226708853042018,-0.2596826272313338
TCGA-A8-A08T,-0.5944027201954524,0.0147836776731609,-0.3932274529877572,-0.8737181109976857,-1.1042054357269575,-1.4744830891161174,-0.8348577058419142,-0.440090223919256,-0.4796850587455981,-0.1348667810362545,0.357028312494657,-0.1805052455593968,0.1770729027365187,-0.293946222407655,0.3170642283082788,0.4866962567185398,-0.0487808604238128,-0.7142636136730018,-0.9660483926336808,-0.6210865015164461,-1.5877609545131532,-1.2822487576772583,-0.9610911803921116,-0.2584391527910518,0.0109340057681825,-0.4799497007185709,-0.0005953410243419,0.2443685613078559,-0.9288136481862872,-0.053282631640767,-0.9541887442609528,-0.5720750733175067,-0.9676193935903212,0.0356035222824611,-1.046486121827097,-0.0181202696596404,0.1296011513182961,-1.506631100561451,0.5927811600165183,-0.8960504454758559
TCGA-AR-A0TP,-1.250543061158233,-0.1694078206081982,-0.2642127985500853,0.809913400553946,-1.6634418478136306,-0.3696525804153219,-1.496244687182607,-0.5909223027265982,1.1918244910353384,0.175813069587455,-1.2951521322350663,-1.532401517528753,-1.6294896434900974,1.172251257411645,1.195620890007906,2.541788028764792,1.9742494250205944,-0.5701459873343198,-1.660650014454932,-1.4798290077437268,-2.479757646810932,-2.238513660923311,0.2783599582184968,-0.5526759822136732,1.2845240964368898,0.5893460023734408,0.6411540270981858,0.7150293957770874,0.4875017725181787,-0.8508717798272236,-0.5107762516387179,-0.2156119547662865,-0.9216154437264876,1.404655729817782,-0.3563283343045395,0.5792987641218078,0.7624981704404068,0.3377713335025674,1.9373223070131969,-1.3168620953267167
TCGA-E2-A15D,-0.4518258226990831,0.1134178407688595,0.150409225239386,0.0767916590856212,0.16905673529727,-0.8164946006315761,-0.6095826363445258,-0.8635683227760335,-1.1390518870759174,0.4771114625088775,0.0639589849967367,-0.0028453255525773,0.326370653434128,-1.1065683069453918,-1.0052250890881085,-0.0971832941288734,-0.7077576863577353,-0.5339864322532581,-0.5852318552819366,-0.5521883105986759,-0.6873740136166103,-0.7109414379941286,-1.6976295974170823,0.006010584773911,-0.586893840134682,-1.2259398066949174,-0.8824447335603127,-0.7966025626385089,-1.076129914909834,-0.597707675276298,-0.6402238870942294,-1.3446829382731915,-0.5888929539924735,0.8033026140880669,-0.3031499973505504,-1.442821479867693,0.371281909873136,-0.2637006013332504,-0.0213001080887602,-0.3056425818914415
TCGA-B6-A0IQ,-0.1265243761948652,-2.071971784146799,-0.8449690770902085,-1.2623752417022165,-2.1853466754495687,0.9873200008759804,-1.4770047774783608,1.1449493867320484,1.8224120495667904,-1.2251271207460137,-2.1310199907598046,-1.953073432094237,-2.107883781091389,1.8863971277354763,0.3978103109408297,0.145172639460588,-0.551659385337354,-1.2535431337768548,-0.8353689355144597,-0.9870850319875112,-0.4943783553823745,-0.4567821283255065,0.0979405918273572,-1.152914319387111,1.4018366834938898,1.0545547473122217,2.000208081008963,2.2549745816456546,0.628020662289246,0.2528046454353442,-0.8812587313549495,-0.5566292489103513,-0.2635141714608133,-1.548071119465137,-0.6515803605408422,1.313853811765687,-1.7875286794568332,-0.4494966783062828,1.2222010916529706,-2.143564086840813
TCGA-AN-A0XO,-1.2752573311651385,0.4915976027960539,0.1337456164499715,0.5973765585977759,0.2446369819659201,-0.2695288592790617,-0.8768154491720241,0.3501118228556644,-0.2009377560122778,0.7067354713289794,0.7965463985238741,1.054189162491692,-0.4292113400454341,-0.0854859482788173,1.3698488690543014,0.6040644996455384,0.6125558739785346,-0.7175582412391447,-1.066889110207763,-0.7548112592415478,-0.872161104852438,-0.914164916781528,0.0363815589303968,-0.4786889263248626,0.088841570058875,-0.2407483011625507,0.042857885447607,-0.5628231481575161,0.3211595436105338,0.0681954844625773,0.2439632054933979,0.3472397138394166,-0.1655642872588776,0.4880121105424848,-0.5086258942177365,-0.193868995297247,0.3058802235152656,-0.1542015839298034,0.184376563184139,-0.4960577082453679
TCGA-BH-A0B8,-1.0108926168102748,0.2526344187156615,0.4817652283227933,-0.5848421777396842,-1.1922464097146854,0.0043461148513592,-0.9534597135382458,0.0502666219551431,0.0449993163888126,-0.3363763155088906,0.7203040809603471,0.8552566811390302,0.4098086013337065,-0.1607157677021968,-0.2353250679484368,0.6656791333194879,-0.8617005987991985,-0.692416505128069,-0.6932906866681109,-0.8346112427289739,-0.3695731737274988,-0.5681938352938195,1.7616244487934862,-1.1032023042791592,0.0362411641424833,-0.1278813663285668,0.3636662731360283,0.8551521552343961,-0.5984696866170715,0.3381884656740404,-0.8886566593561257,-1.0310869818117108,0.369409197295019,-0.5785659179010009,-0.9279148081767934,0.715382285359867,-0.3075563994729647,0.2976713926985807,-0.2154670397996047,0.121403673536602
TCGA-AO-A129,1.329926093891626,-1.04735891379193,-0.1613742296214548,0.587081331215492,0.3311057597395472,1.8316975279483765,0.7246372992332579,0.7794538908678744,1.1634407660426789,0.2087139992888559,-1.4759949659360465,-1.212361958769426,-0.8181740410836054,1.150694250344358,1.7256138418549638,-0.3406200512156383,0.6675216268655441,0.9048566898626949,0.9625475496366284,0.8197090453559486,0.7359107358326766,0.9689566865809588,-0.1062607574838396,0.4212540087186159,0.8366570988519986,1.368474639115365,1.591578907907827,1.749399893433982,0.7431832572805647,0.3108801262990788,-0.3365472921174427,-0.1072160425364051,1.331485150897743,-0.3043568549619989,0.7400007767271798,1.2627270714227383,-0.4321559473850745,1.0795123636455373,1.9929487194034807,-0.59257116838462
TCGA-GM-A2DF,1.339251270776128,-1.5459464467068431,0.6918282687796925,0.6427034712368171,0.6192127836459551,0.3494764258840001,1.1157626886629042,1.09024592712331,0.9820552016400672,0.3212095740515299,-1.6792846161005033,-0.8221898768244033,-0.244811973161164,0.7832117168851981,0.9195413640479924,0.333872334061614,0.51956968929986,0.912097561062872,1.225914411420575,0.9963939556749036,0.3049982648477574,0.7152354403167877,0.8103706419386612,0.8927555200492163,0.4361110435133902,0.6461503628876148,1.2378282299715595,1.1721801636816265,0.2120294980104571,0.571987704177508,0.5537971913884189,-1.4407681258680975,0.9384914256860796,-0.2629733363216675,1.0592365369311774,1.1623519285406518,-0.7448927760720373,2.8639452131265597,0.135870536999945,-0.2867905832595943
TCGA-D8-A27M,2.0199839639936457,0.5924492231205711,0.5133790671269977,1.365183773268244,1.3990736477423509,1.105352556699046,1.9674054015052256,-1.4252877513233602,0.1740895233780682,1.3678179942955264,-0.99709567470375,-1.0821006771081938,-0.5242566054093826,0.4815207456861008,1.012596282352178,1.1878257133744343,1.7627355057719047,1.8244381377737275,2.095525107346736,2.0197593179551983,1.5976365410973163,2.047400639995033,0.5703953743140568,1.5723022337954744,1.4577411445781856,1.2003615110280546,-0.5957881057605425,-0.9860586210399416,0.81601808381079,-1.6439136134740695,0.260542890649877,2.11709786592323,0.0933099162333338,0.9783700622307028,1.112366604530207,-0.2527828788403936,1.0761217669664582,0.0777322388848964,0.004805172953425,0.0074806642072829
TCGA-AN-A03X,-0.5854303442184388,0.5749187473348343,1.4651770902039485,0.2647893130388626,0.4648666831746212,0.248147266858837,0.2401625370370929,-0.0129826538507682,-0.6504226625983182,1.4490294497252116,0.7633809191061653,0.5057806324977676,0.1944541447572871,-0.7929725518670773,0.4184445806967988,0.1182328375654478,0.7982263118396674,0.0128536506308864,-0.2566627850426208,0.0891320787984687,-0.0169446642316394,-0.0705925260197269,-0.0845697350182839,-0.0286322883258055,-0.9114619315009134,0.1722459240570508,0.0179663586256842,0.0719156693086878,0.4462820162140639,0.946982807123212,0.1943098211015487,-2.175008551526596,0.9261373084487978,0.7882726614428939,0.460640922758899,-0.0587193058464378,0.6768833321428412,0.6760171082952956,-0.496671919074263,0.4527775643892782
TCGA-OL-A66O,-1.5307067415511988,-1.9113403675590892,-1.4733112558123078,-1.304641306546199,-1.1950983245605564,0.2138017060572493,-1.9085701169906857,2.470878111231189,0.8137214872276036,-0.9297911671787388,0.7642450676791711,1.461958712755805,-0.1868323216782153,0.3027605732767303,0.6626934633690373,-2.385585408736766,-0.9587391301528458,-1.9353040993684716,-2.119891880210046,-2.0377331291454275,-0.2658782542123769,-0.9451818207896726,0.8583291609836345,-2.2769056277061117,-1.3768751454697352,-0.4783319400832125,1.006761856071757,1.4942651070716984,-1.0135758724573134,1.7705032246997148,-0.1300915357814232,-1.5950940647441787,-1.05606863525328,-1.9658881351481845,-1.3982122517896942,0.62572667416993,-2.070554874344124,0.2139043279502093,-1.071606361152647,-0.2135433585837571
TCGA-EW-A6SA,-1.995343420648297,-1.1562349508435463,-1.184185636320867,-2.2885504782676027,-1.6052570954208447,-0.2738032677367576,-2.467638818868417,1.5782844803799343,1.128511964615635,-2.115285497392942,0.7294795814996319,0.6624871321689351,-1.407343885545718,0.912751050804293,-0.8676592102139741,-1.067504942831471,-1.3678600743378844,-2.3044277339580383,-2.0753423170438,-2.787766493567333,-2.44365390342914,-2.68339767394004,-2.0889731722037683,-2.6684320118755185,0.4949565229222959,-0.1998089831565006,0.9430797311442356,0.7920647076242225,-1.1775474548495333,0.6721376279262351,-1.071390677998994,-0.7162676182784908,-1.081602672961932,-0.5378515995299776,-1.687798594970295,-0.0385277511955392,-1.434879115912546,-1.2635684283328683,-0.4048802004027449,-1.3396728527399486
TCGA-BH-A5J0,1.0788180229400255,-0.4382207291781229,0.0790391574644747,0.3200360026545659,1.004727819084299,0.6285911686727237,0.6956686393089169,1.518694304940023,-0.4597529952842872,0.7805516900684718,0.4555441213596147,0.906326278292408,0.5750179363777118,-0.6679932935127163,0.9409584267204316,-0.762632371827208,0.6849710254043604,0.7622950589013525,0.3183009677165274,0.6605818622936053,0.7740982626064907,0.804502769591445,0.5439047172388434,0.5450001384788766,-1.8515189491901012,-0.2519007822705057,-0.1594929522879681,0.051523313522385,-0.3331161190274088,1.38808828739984,1.572216698139998,-0.2423386858058716,1.1739915300077497,-0.6414289737675142,-0.0125408236735635,-0.1757453775054021,-0.9123290048895148,2.0541879762636133,-0.5898487904076054,0.85189254351225
TCGA-BH-A0EB,0.7925048208023997,0.6114585082634817,0.7539147687615927,-0.0857596297769873,0.3941187402843127,-0.9540291014101968,0.9680391760942788,-0.2064692736480441,-0.7549844662021545,0.6040334470655404,0.3493230171884396,0.0559736806952218,0.2534060282137447,-0.7221688151062655,-0.5016163585418341,-0.0337444964325507,-0.3618307439488363,0.5572454743622519,0.730158540603511,0.8452054128250724,0.6894241339892675,0.6371880689191983,-0.42062515499005,0.6936771304452307,-0.5772830200362961,0.0539830301445474,-0.3048110003230511,-0.4709150974250533,0.0237432360136402,0.2081687556282838,0.32179902564286,0.6935649813789979,0.1514660590024915,-0.0998135607427457,-0.4206022730911914,-0.6989422680287489,0.1387618306483171,-0.8508370440875974,-0.5826067617523311,0.2416479510505
TCGA-B6-A0IB,-1.7962141097652058,-0.2767924528137908,-1.1172578960314037,-0.9192999215868886,-1.2435088315769016,0.4819716425151053,-1.640109395351506,1.1623165715272024,0.363906199915348,-1.4785524841183015,0.0827547733898115,0.4805746828897376,0.8846128054162861,0.3573874094514442,1.2564938948682078,-0.6389033524188097,-1.4340420910509413,-1.715587876209813,-1.9325402581700928,-1.8344603192326072,-0.9398033661141324,-1.1533067515216604,-0.0096399842399023,-2.045230981845055,-0.5845271251978332,-0.0126746888187451,0.2655447349906517,0.3288178034827781,-0.3812433750281018,0.6970204332030533,-0.8151694826839396,-0.8917832827681864,-0.0289543102964429,-1.3766888301981608,-1.71882615503114,-0.4304197838058676,-1.1972525972955304,-0.0195541453609047,-0.4238343277050273,-0.3884119104397818
TCGA-B6-A0WY,0.1171023658509238,0.2653921435371242,0.8924597690831119,1.6080761553352287,0.6723359832759014,0.2974549545903057,0.0417351718572915,0.0415575498541145,-0.6063233031498794,0.7852248914572689,1.1514729775574102,1.2537531266003168,-0.4340900658751285,-0.5705751300590302,0.4107995803417282,1.1211130297537495,0.1495866788937483,0.4755153467337244,0.5317499845059942,0.060055141095199,1.4859054168546286,0.9294099912998992,0.8986735997383879,0.1619642185823644,-0.4392071135440231,0.2880855220548828,0.1425276629982095,0.4064248367234752,1.0348934092778916,0.0900523398108421,1.9483851285069576,0.5687368022316792,0.4174267140425874,0.6233547027929,0.0886446850155295,0.6292325197374802,0.5414094923792505,1.0104022622391062,1.892703707543769,0.2697640539274449
TCGA-AC-A3BB,1.2366268003590335,-0.618286334145353,1.012467536463177,0.7368935503350355,1.5445658952167125,-0.2217284786923078,0.964547232523756,-0.0190638122852891,-1.0928553014730058,0.8867735703304118,0.947138309427025,0.9172936378886396,1.0432316996345803,-1.298527432271343,0.2790343520466509,0.0603650274090767,0.8006601650757351,1.2936945603897092,1.3139806262043774,1.0269157364830024,0.4689501243922533,0.6878994600474104,-0.028278750288871,1.1224247308657975,-1.11168354061191,-1.0963586362179012,-0.5638270358642424,-0.077322311442057,0.10902087391599,0.4761576881151589,1.1926239445939797,-0.0011827864924556,1.3027025551061848,0.4914426435910664,1.1620475610079295,-0.6131600767237568,0.1722560828433054,1.130528673967898,0.2875079336265787,1.3091090222752106
TCGA-AN-A049,-0.1150280191788068,-0.4786440134216486,0.3222335101213799,0.1003972450263731,0.461195991989377,-0.5984124748377344,0.3704830395884105,0.8067579955440998,0.4198456546121692,0.3614837414442076,0.7119597919452476,0.7298340633343435,-0.0891519603055246,0.3726497369702828,0.3053556721946401,-0.3710196439544023,-0.1993005342965729,0.0140717097857814,-0.0521124218024319,0.0174092325044491,1.2470110995777477,0.6126424122809203,-0.3938329653428419,-0.2437265892911893,0.4180186486003031,0.2067069677705973,0.2279287880244962,-0.0634624899096956,-0.7908431339343361,0.4030885777375196,-0.0027659430571315,0.1526129085856226,1.247792485018468,-0.5071882539367374,-0.3209648503698469,0.1580230605939958,-0.2186600213525225,0.0513728599230189,-0.3994191796040018,0.2891417276857176
TCGA-A8-A06Z,-1.2507317096814077,-0.3076144275955624,-0.9995582832968042,-1.7527706561566938,-1.607860106883033,-0.3522890627296899,-1.1051086640165166,0.4297227962784876,0.4136070935082623,-2.2247076131730616,-0.0913269481674741,-0.4556703799028609,0.402230170349975,0.2820304647163073,1.1608939894447066,-1.1330518846262003,-1.5899026788484223,-1.7103923414959934,-1.4727601896096747,-1.6272307499300092,-0.733359646772023,-1.3277066901164591,-2.018668414039594,-1.5547055053531385,-0.1054071126172361,1.0565573225962872,0.1664912823112353,0.5771502349125995,-2.288023784407338,0.9156103032194084,-1.8284545501816756,0.2997757080326755,-0.4063063719887617,-2.0283433917950955,-2.0146372753752413,0.1724298724302751,-1.2724093620788373,-0.3613822339270909,-1.4653234322922497,-0.6664217566643286
TCGA-C8-A1HI,-0.6598103817413837,0.4464946725810417,-0.4882076517881215,-0.0576857697567158,-0.1964593958394507,-0.920941597792136,-0.6869838626420263,0.8232151273333242,-0.3257597657980362,-0.011570807792223,0.7069443966648818,1.0688037961731107,-0.0626973064561318,-0.4364298293527366,0.0204152997256593,-0.667330875890444,-0.853178164300864,-0.7117654676196465,-1.3452694137733785,-0.8371205952938082,0.4436692940276233,-0.0573489275557361,0.8968340754159019,-0.369519373968081,-1.0384165961126663,-0.0343225309359503,0.302186446164024,-0.1823442444730195,-0.1641560721943459,1.1188235298457807,1.3710238190059778,0.4293253212085902,-0.2732043228534312,-0.2302124177076285,-0.8102197787814224,-0.2448970573260427,-0.2287829285867318,-0.5485034462849487,-0.2654421014396789,-0.3578326720366857
TCGA-BH-A0HL,-2.143573872893464,-1.167037285093682,-0.3866394867962371,-0.7499141179008255,-2.1003353294356786,-2.365936817318217,-2.599343598081909,0.228157586558236,0.1031995730041232,-1.644595298477303,0.3996862789135786,0.4540509944484842,-1.1016207480354183,0.1849797692534942,-1.202461479553109,2.579900903928136,-1.233248151300444,-2.377833752915328,-2.216861088766364,-2.3606083223560725,-1.6246437230792918,-1.9997494042039288,0.2747295613818349,-2.358942384375605,0.1415314128936927,-1.093527833014898,-0.1969972700756462,0.2856993475975388,-0.4424083563756713,-0.4795624385312999,-2.0075946562773708,-1.033254860372546,-1.8132717162868668,-0.9290289373225106,-1.983797987583552,0.0934704808344771,-0.709231502090437,0.2993997412857922,0.2147957078571592,-0.9477462338640792
TCGA-A1-A0SF,0.2030630402732255,0.3477354912765557,-0.9767810269276876,0.574210752884845,-0.0768666038984477,-1.373872493612807,-0.4783606930014964,0.0854649156183776,-0.2625099870755458,0.1411300649834463,0.9728700598028468,0.9896385501085632,0.3718422395715782,-0.3520315589693379,0.1605596864152687,-0.3581590121659965,-0.2552257142874196,-0.2551761416542933,-0.4061805679927689,-0.6413319211155464,-0.6141748425145818,-0.5451181240094984,0.5490017241360736,-0.329633923156545,-0.2183849321199046,-0.6178853753973209,0.1555995512943531,0.6786112422928112,-0.237475298843639,0.4478207235130244,0.0658544128350197,0.5662012256158035,-0.1724860492195252,-0.4978597686205171,-0.5239809319585027,-0.0220246888719099,0.1884067310167737,-0.0912366539958838,0.1130328892906176,0.4121070565752611
TCGA-AR-A2LR,-0.5653988552291418,-1.0025240106010331,0.4898768977956301,0.9689218649021728,-1.587084723767157,-0.7406359554539573,-0.735482264000093,-0.0622013342988105,1.5276970943607877,1.1932188294988595,-1.923145202799712,-1.5054195510744866,-1.6576820078721757,1.617826970592702,-0.4253624720445431,1.6994832611760855,0.3173462663231234,-0.1793884161842375,-0.1804104247320258,-0.5415934258796613,-1.0413587893070253,-0.8849067897883961,1.067318415912133,0.2855033424250811,1.6933397220627568,0.3120956584126844,1.2475378955925305,0.8614366362694371,0.4005473923340085,-1.1477772886345097,-0.5283335786276747,-0.95770054579271,-1.2496528338983637,1.2438654761491272,-0.3226842701604657,0.5908476569630585,0.5473143496252393,0.6053419699315821,1.6545329394904194,-1.728902844639686
TCGA-E9-A1RF,0.7469185711537426,0.0812944405771209,0.4002443581521481,-0.1765133738495905,0.3379027638441545,1.156806072615451,0.5058985854029252,0.5495264753065153,-0.1528980518891675,0.682332473628039,-0.5631715716619653,-0.544770208843162,0.4132867778389073,-0.0554939238414438,0.1918670128855285,-0.2684373807974067,0.0026669852731173,0.3104937691401931,0.3904298451628469,0.4328354488979238,0.6877364763190627,0.7414379586170692,-0.5403265062756792,0.4710492879027918,-0.1563566856379207,0.4388565114964227,0.2098090405426777,0.2031469831735451,-0.4607158879058163,0.6090765321082687,-0.1144500041705691,0.375993762139953,0.9960393110653932,0.351864266857147,-0.0422580685782544,-0.1882962992579316,-0.0801794063034847,-0.7445188093349929,-0.6872094436753289,0.3508737718318357
TCGA-B6-A0RT,3.0632609981891217,-0.471886089707256,-0.5622932035635145,0.2994034748526992,1.1539422173196927,-0.7879051904017679,2.025764418776176,0.0442925670683765,1.1551290498450717,-0.3532583156195486,-1.6957562000188329,-1.6066841396675209,-1.268179687198668,1.2758748309188008,-1.639123377893267,0.2585154381067761,-0.807378163489087,1.954633266088197,2.3034009513734115,1.87156030485226,2.1690329710833423,2.5632612342301067,1.163109456831622,0.9927231387752612,1.269956953347365,0.3342467131427927,0.990346881987101,0.4720801851053943,-0.6012326675505867,-1.0707884498965632,0.2032326945103972,1.837140819981336,0.7094040596471568,-0.0281759788258289,0.7038445130798645,0.5111911643356343,-0.3935473311406383,-0.0876672453589271,1.718303457717579,-1.017971685872587
TCGA-E9-A1RI,-0.2739885962851237,1.077534887787586,0.3093928815480971,0.247794649116986,0.1494747279600111,-0.6148000074637466,0.0194489040134399,-0.9251589578397202,-0.7571649123537192,1.1161123921617353,0.7397123972462365,0.1092809320624634,-0.4008305109604722,-0.8233906144662724,-1.015452354148315,0.1686866863885773,-0.0745796153052504,-0.3333874478029274,-0.5083827954047149,-0.0920576669052705,0.2894650487029558,-0.0297747655434289,-0.5522552753147848,0.2451160410882852,-0.4718538197349852,-0.6995612169104727,-0.5208943679956966,-0.93728839290492,-0.1277250521989293,-0.7077154427155644,-0.2524122188902853,-0.107680648195791,-1.3776590651646443,1.0706023364488453,-0.2098310297738349,-0.1669530690977426,0.9794969646739322,-1.1364069441297813,-1.2022826995564364,0.0459569604040621
TCGA-BH-A0DL,1.800017171307833,-1.2061124448107063,-0.072579747699072,-0.1099909396694266,0.4840995154104378,0.1181355496024613,1.7925037344488213,0.1222177880252716,1.0972402326417463,-1.0347550119828248,-0.9932243858698526,-0.3104071015055678,-0.8815569835890887,1.294993424862887,1.2101806337862333,-0.6942998798054448,0.1523963073614498,0.8641175455077544,1.9660719365090396,2.0484111391138367,1.6842559766405116,1.8913038299295808,1.5690842098826565,0.8538363970294335,0.5467271435664609,1.5293255025520918,0.7126539770096185,0.4743097747113721,0.8359814839694297,-0.5875740437452117,1.6900657677966346,1.8389917789798291,0.2090932321583012,0.3873109962273404,1.35721164130113,0.3908113294022668,-1.2720681515185486,0.0405711661046294,0.0330460683007309,0.1470068765378422
TCGA-AR-A251,0.0001009111318529,0.3596322670957353,-0.6831323043935245,-0.6434617660876915,0.1357854353390109,1.3533434480662956,-0.1696446450584371,-1.0462254913491928,1.2408063603864834,0.0409491231010944,-1.2356820367949988,-1.073813827057592,-0.8529665859696841,1.4266663809330609,0.1455385217891225,0.6909995169940566,0.5962432307994536,0.5265092866931521,0.5520743850367554,0.6986791770204819,-0.6660024184563944,-0.3193710732601302,0.7095732480470713,-0.1740958853465598,1.9029599273431368,1.734966079090507,0.4254034844168375,0.3398613411105973,-0.4726665576216434,-0.9949212529992276,-0.1855942468167147,0.2299397948130321,-0.5346686599712818,0.4927602919919058,0.7895190378460311,2.6856673722575675,0.9282470642939016,0.7484916188348435,-0.6708044603090288,-1.0253006108625549
TCGA-AC-A3TN,-1.1685841364408818,-1.4721123551696396,-0.8460545168572738,-0.6856155577018128,-0.8587353163487731,-0.049236877678969,-1.1289137679515615,1.2639856030654395,-1.0175370953919405,-0.3998970982762962,0.4482836172246221,0.6249183044450896,0.253966044864005,-1.4439502549984575,0.1361107907255831,-0.9478752615450564,-0.8809768791234017,-1.5214912730939325,-1.4849579813642388,-1.3672827680958322,-0.7748395505722012,-1.1358721248702062,0.7417117028351272,-1.3264077954790998,-2.460076501288227,-1.411725785076288,-0.4669527811332886,0.1156691616977997,-0.1946623112590384,1.360625896425251,0.4805936993689336,-1.1248151188613913,0.1263388972652512,-1.9343785652610288,-0.9664293701863856,-0.5827941533734605,-1.5131650940264367,-0.7123895272494375,-0.8255067438071647,0.5106063260212972
TCGA-AC-A2QI,0.3194218353253247,-0.5404491896948618,0.4132840956625488,0.4550062343208318,0.0536815501857689,-1.3297269548388717,0.2476391859830553,-0.1532300645475099,-1.3217542586765254,0.4453964762212043,-0.0968106816507579,-0.7992484306722866,-1.028498357421681,-1.246923170577912,-0.574426564404334,0.1303160392993744,-0.2152742753871952,-0.0548565427506176,0.1972003384140231,0.0698867705201569,-0.2162934302902105,-0.0860192205410968,0.0757705991943976,0.2623337113949833,-0.7310722486162812,-1.156559025019368,-0.9600175897973308,-0.4912610326381305,0.879760298753685,-0.4923687279901063,0.7509488751280059,0.039823965829,-0.3942809914360583,1.2366953395946176,-0.0393034747419005,-0.8380110967334398,0.1576614155710355,-0.5689926432453247,0.7896571005710367,-0.6765032939007101
TCGA-B6-A0X4,-1.9650770629283305,-0.5480294358442017,-1.698596432018259,-1.4745337724654806,-1.9801784417336223,-1.467637758901327,-2.2826958489547406,-0.1777959710394744,-0.9592444327119152,-2.1171541851160445,0.1736587242324421,-0.070968184263648,-0.2964109527739571,-1.114191027563951,1.0161395315360668,0.5434686836514444,0.0513678176839473,-1.6784163568315231,-1.7825964005625516,-2.1305453441136564,-0.8967152165894836,-1.5106479197124838,-0.7299712408323598,-1.9651596629113877,-1.5478619253019967,-0.0703183025515275,-0.3641810742235712,-0.5375851013379004,-1.8818226291692917,0.6858956694378197,-0.5025340727211814,-1.2034862088207043,-0.3446603219325284,-1.0689584851776168,-1.3754264298664245,0.2669067725506344,-0.9949903609805774,0.5972753916368035,-1.388506353341307,-1.2984753415943722
TCGA-E2-A1B5,2.28201902124026,1.0548327295728668,1.0013498309051665,-0.5344680786666755,1.783626742154452,0.0378585864998803,1.88410652397762,0.6099773257990965,-0.4922649970673186,-0.1061698993523149,-0.4385064663868905,-0.2685781301343494,1.4459502918164633,-0.5961898460035191,-1.1352548410518462,-0.0948903779152999,-0.0457434961887287,2.229991018274723,1.589329199085164,1.5214263332145908,1.1329512135750688,1.682718118570273,-0.2673182225021893,1.3746234790526592,-1.1561749243224653,0.5170512348358407,0.2794340720471933,-0.2755064295443972,-0.4968176962504933,1.0107134050481623,1.2870773426240825,2.0386333817472844,2.0885975563220875,-0.1443223769648763,1.1399486576462283,0.5815109083443439,0.1848092697322446,1.468769334403508,0.714911639522557,1.0200731739199256
TCGA-A2-A0YH,0.9260442455748008,0.5904894557753982,0.6410027581470397,-0.1082469318427758,0.2816077771667443,0.7361996553727089,1.2768705239584457,0.4319216182919581,0.4583308486890978,0.4266504828573913,0.3510723884780041,0.4341781053442916,-0.1682592570315246,0.5138685209264736,0.9810464955951708,0.1141489270882354,0.174514998306251,0.582322049618457,1.3097310993644722,1.3098496887875115,1.997856469704288,1.7035579115091244,0.041077567180121,0.4102531848596308,0.4248421461210203,0.5933279670935445,0.3490110373187582,0.364129966565265,-0.9942668184636196,0.3561279963293867,-0.6982757799995243,0.4006593350678695,-0.1612637396886063,-0.4474826143585866,-0.2308207660905391,0.4459005246907032,0.0701839799145471,0.6163171807459626,-0.8884818804678617,0.0349459466535086
TCGA-A8-A06T,-0.3254788860306209,-0.3061685080191074,-1.1925567658762704,-1.7533933638760126,-0.9904825942201336,-0.10024909191217,-0.595163748041193,0.545593185293964,0.0637877218344958,-0.8779834169500285,-0.2971055355330585,-0.7640245281676433,0.2938649408035023,-0.4288736791316782,-1.0857993520251437,-1.2737939853433835,-1.4554350916943848,-1.1223881987769528,-0.615453915166308,-0.7821966865550546,0.8950200570613247,0.5209137922557388,-0.93200105707495,-1.4178762315346756,-0.6206526798330485,0.1289631358994526,0.091998668795488,0.1407002929903959,-1.786232552116604,0.7800168050700798,-1.5244335347703486,-0.5178861714086496,-1.204966720579899,-1.1314205850549155,-1.143761043514084,1.0001832274633526,-1.2164110661016758,-0.4299301285625206,-1.0288290384247616,-0.0166084471540577
TCGA-E9-A22H,-0.3203640895964638,0.4070637535163329,-0.3896219857813948,-1.5675791094143674,0.1544087654183583,-0.1794970295321435,-0.0550750700826007,0.0887551851091333,0.8256714840180561,-1.225017457143439,1.2839908856121225,1.720128387432125,0.2839186869199498,0.7605397960792685,-0.2289106956719798,-0.2186224115597351,-1.550594184043474,-0.3827578927244723,-0.4115307311138108,-0.5934764190600742,1.6224311594216356,0.7867502281551898,0.0657806871139882,-0.8604246403955877,0.8344894326807445,0.1812551006844716,0.1250363134230739,-0.9076064659046278,-1.73834837576093,-0.2667309796911525,-1.2394834617284,0.4179525515740726,-1.5122325262741358,-0.783232259295623,-1.230938507450042,-0.2996455461508507,-0.267391691958651,-1.0823839501581862,-1.4484044811445802,-0.3593973872024573
TCGA-BH-A0DE,0.327565936219526,0.8559682991210087,2.3977724296372416,0.9193810710048336,1.0112232225782056,-0.2068876634755098,0.8693069440871173,-0.7896719770348479,-0.9941827086280528,1.0070392774854542,0.6759102427427429,0.7549968726345543,0.3892117770891975,-0.8857290295826608,-0.568445875946957,0.1477048103342215,0.8366008022113272,0.9040052497386332,0.7125868694067625,0.8393957937408145,0.2331027781742871,0.4493951947294052,0.3945149442688139,1.1526479423785092,-0.4040592227247216,-0.2480715068820976,-0.8469455236169182,-0.5804711945543422,0.4368222237371535,-0.2953264753603801,1.2014117522725805,-0.0007604709270666,0.2684330404410667,1.0750869509555052,1.2550954862843329,-0.4996828752505655,0.6724677851184845,1.2408339444090453,0.8621229317562012,0.9620831276619356
TCGA-OL-A5RW,-0.0354604375953729,-3.474666023363021,-1.206521466911633,-0.1323393343576498,0.3112235976824814,0.3626485521146615,-0.5362106220176539,2.186331782130348,1.1781739862091725,-0.5025088807146824,-1.4426576097858514,-0.693359100647644,-1.6006524567945188,0.8058028736014129,1.803012398540391,-0.3269122775535298,1.0769620501073554,0.0261959292864322,-0.4265952401199382,0.0720475271872531,1.815645558152728,0.9964272802481432,3.539206807952912,-0.5215962807233893,-1.0614815142316183,0.0336501487900612,1.2792376619525003,1.8213166144188573,-0.1863180784773019,1.5350168820840957,1.9385066480502169,-0.9378258226380566,0.6995807046678746,-1.291612007454772,0.3456148573107268,0.3200298348133968,-1.7293542659336694,2.9355631489738654,-0.5651339494453902,-1.2059421202983198
TCGA-A8-A090,0.1361476635626353,0.0486229763529184,-0.0406101936504265,-0.0993032057943335,0.428942575863241,0.5776066553255255,0.5181369535277442,-0.4322736001611382,0.3948855132112735,-0.0151881182744274,0.6112207250487343,0.1633406603903437,0.4057298689439897,0.3296658764484201,-0.3506207975858004,-1.0010608793919382,-0.5996953320758368,-0.0803302326266683,0.3978602632942731,0.5136619471275942,0.7544004721029813,0.5538876524359909,-0.6024344063147543,-0.4012691217212298,0.668533371988373,0.5602380963292598,-0.2533245155065828,-0.0064125776744281,-1.5468004387533694,-0.2349223673969012,-0.4100142045260808,0.9446371064232396,0.7170701339787802,-0.0993978228145739,-0.1994629573297876,0.1536987458434901,-0.2250742242375998,0.3304636943133737,-1.3196450376059186,0.3870555156674807
TCGA-AO-A03O,0.2262986935345886,-0.2607474105623011,-1.7296261682867655,-1.45200837389447,-0.7924784965468262,0.6223681338176137,-0.3147237869424949,0.7804329976360072,1.1324179062179411,-1.5008956659106316,-0.0105293555102647,0.316171486481857,0.3054673838769455,1.3175200555242577,0.1663970240018424,-1.643087944354503,-1.259957805308821,-0.7692841700373152,-0.1010034390869335,-0.1627841876698511,1.8923508084267264,1.3843836985826017,-1.563256870496078,-1.0035874127011404,1.008952103523792,1.4032045172048833,1.2880180813751398,0.9809775601449098,-2.149484262138412,0.2830592158381926,-1.830918473318046,0.9804985978566226,-0.3020820827446394,-1.1171206129337272,-0.9604239333694226,1.3155854751370435,-0.736031191815312,-0.3508531263043537,-0.8762152544477533,-0.7502203989759404
TCGA-BH-A18S,-0.7399301150454263,0.1298659572719063,-1.044925153597718,-2.340406662950969,-0.8190390020416497,-0.3306957408295778,-0.7182940033668643,0.0524041086007462,-0.9405997046946856,-1.5656733937997285,0.2161054138748525,0.1529356557892355,0.2903860289681245,-1.1001583705317444,0.0190404721408411,-1.438827982806423,-1.1125751377857618,-1.3513588511083063,-1.2251110259710862,-1.03802060393032,-0.9024090420865472,-1.1030975610076923,-1.3218665613747818,-1.1408605210574547,-1.5012696676826514,-0.1510122001424444,-0.23923767830236,0.0092823136729401,-0.8226679259708458,0.3727250273844895,-1.002434947033103,-1.0501821538781473,-0.6490212505747786,-0.2128767951549748,-0.8694138152639873,0.5059310210531629,-0.5129836602260973,-0.8119315816453901,-1.4618247416869654,0.0349792995745286
TCGA-A2-A3KD,-0.4980510869296246,0.8631504182801286,-0.1460786091972411,0.3099392770912391,-0.2304845653740628,0.7228636411346309,-0.2881921799886652,-1.033521744740187,-0.6283652756769679,-0.1316338936473391,1.4707082032130272,1.5225869605652231,-0.4091687853963254,-0.3124695022988413,0.4665246604092872,0.1349702346561544,-0.0831389698009356,-0.3823795518178473,-0.2709949633060061,-0.0503616609487306,-0.8872114154449059,-0.7810414743294141,0.2146841162907948,0.1599418411617586,-0.1958666167185834,-0.2660231332014657,-0.953902745360348,-0.1347731779202755,0.9763962792253436,-1.1004908142007617,-0.0365601229544043,-0.8520028777928933,-0.1612173303822578,0.4428588526041661,0.188907531007274,0.3105413948075652,0.5651041792550145,0.8678037003221006,0.2027473069304946,0.3574837853812651
TCGA-E2-A56Z,-0.8359264095814395,-1.1376117835624622,-0.2247660103996648,-1.1424643877977003,-0.5060902497883313,-1.1172959027319076,-1.0426408141605392,1.7537639584932536,0.3047715970136841,-0.950076137275352,-0.0505092350671545,0.3621750641368275,-0.5839912219179182,0.1742026888980724,0.0440573089791054,-0.9070928017401066,-0.9310209274292608,-1.0533958542602355,-1.3020082502598436,-1.330442489364894,0.3403772717269584,-0.2185972008617887,-0.8836131337087606,-1.3923256424279662,-1.0539143486128246,-0.5398780604729816,0.5972300392158283,0.1293166995338438,-1.1121224489209451,0.709091607943056,-0.665556086856722,-1.0508395108794697,0.0524131368737158,-0.8459823508420488,-1.2720960264762882,0.6267086436652444,-1.4519086761971027,1.1259101234175188,-0.058896277564186,-0.2876025416484518
TCGA-BH-A0GY,0.2218662205401902,0.555673559031665,0.3052364925720182,-0.063113452161072,0.5120505145415228,0.2813150720769107,0.769206148462205,0.2768760985309505,0.3858079952218849,0.4561614203848829,1.081914110220047,1.3307720843264583,0.3458638416094073,0.3666622704992917,0.5895289652791671,-0.129923112958531,-0.061016857895651,0.2256534291470289,0.5228573354275805,0.6071569165283804,0.4798087979061576,0.4977615695735055,0.9649788338565264,0.4511922393881071,0.3525933698835103,0.9798584522413468,0.7660457273629716,0.8961250765088735,-0.7454009814738753,-0.1968089826630925,0.1792340625068695,1.1627356834321587,0.4943723675106768,0.1473298001535115,0.3162015616898088,1.3953977506032376,-0.2059243601345197,0.7778074750556854,-0.5678996990689784,0.5384846565991056
TCGA-AC-A2FF,0.7338421986712076,0.9220719695977458,0.6358011702874395,1.0897417847459785,0.5152341432201001,-0.7110663305934506,0.704017878808231,-0.8718869402126398,-0.5693679793531573,0.7399793759800032,0.3367346787198017,-0.0030640676114173,0.5076001416704918,-0.4909505426015374,-1.3939548367068395,1.0315123087765152,0.1798753056944826,0.9786239332279584,0.8219663061410305,0.5373464025510415,0.005743528963193,0.3724154921508921,0.2322565654464747,1.2268255056371098,0.0565785834069168,-0.8788201642037307,-0.697980523447786,-1.0833356335373718,0.5139643048969543,-0.7946105538769903,0.1386279159858386,0.4643743971601932,-0.1490683730275739,0.8080921357487578,-0.2142519179034518,-0.8693852693897538,1.5779240867326918,-1.766610497975477,0.2954066689875175,1.01390866102823
TCGA-BH-A0H3,0.0011395047303501,1.259810618355632,0.931170215925266,0.7782130384212202,0.555352890921048,-0.9690542149892818,0.0153467803041974,-1.0789453238269102,-0.9885609128409472,1.0378398062742358,0.4424081455442761,-0.2178436036314993,-0.1245079118842668,-0.7835333269392857,-1.139198099482447,0.3978292770642037,0.1181232986214922,0.5650048454373963,0.057891165342744,0.4587109929803227,-0.5133033534707665,-0.2046095971979359,-0.937831179598291,0.808622951486359,-0.149962361586969,-0.8825825496650324,-0.6398642956730592,-0.6238984494793862,0.2263858748090109,-1.159495904247092,-0.4674868132713033,-0.8965154094032323,-1.198687547450768,0.9910868202606512,0.4188930694222261,-0.5983259204430794,1.4450962671053291,-1.3825693781610604,0.0493804886865277,-0.6072262877773407
TCGA-A2-A25F,3.430184045518576,0.8540408539741449,1.117023102087049,0.5134351125744133,1.7351138232590335,-0.7459556789996591,3.1823664577564443,-0.9655111132128972,0.9119551533733672,0.9904205057378208,-1.9822079576093767,-2.0549669221204465,0.146705839462181,1.133107900618792,-1.0893548549849603,0.6064430961940935,0.99256768627863,3.209290292733814,3.359767368728637,3.206167508097035,1.598722381308974,2.4689831513052924,-0.8133234010658357,2.2430889488520207,1.6787358733454902,1.112215830408856,0.6134580132839801,-0.0853146992896612,-0.2518899328591096,-0.7355002057203909,-0.1430304968944891,2.199632969507088,1.2308031920388705,1.3049760948803486,2.0473565969498315,0.1932088269382934,0.976241093907281,1.30453512926184,0.3551391175816992,0.984131992721084
TCGA-A7-A26F,0.9758674741838992,2.064070427317769,0.7282504433847099,0.3333703972288115,0.907377011486319,0.4770328512773054,1.6213750521459316,-1.61456938468315,0.6430948471812341,0.8452712018707469,-0.7027806655568055,-0.7441747816320389,-0.3778475481368705,0.9357043529757972,1.12255698056513,1.1745613684464409,1.076253643160212,0.8856925058574883,1.5460279398412682,2.1187830843124438,1.385229015227971,1.5183712504540792,0.8560377133124303,1.330352384334318,1.4174253333151212,1.8300745694589475,-0.2160166185447121,-0.3856460876073342,0.5663641749518951,-2.4129221557401044,0.4714439209206834,1.503624471963002,-0.3239154741271181,0.6373959874817057,1.5513552321835884,0.8237668095436299,0.7980499225118046,-0.3408227747243664,-0.2099017918288323,0.1952871985140421
TCGA-A7-A26H,0.092746579492686,0.7364525573557814,0.3854010224462633,0.2419032889072453,0.2023276523183439,-0.6098014796199533,0.4390421002780647,-0.6821846189262951,-0.1862011921487152,0.5902406768316086,0.8642430558390348,0.6089936232988238,0.2087535053229018,-0.0899408574522544,-0.2550846178373284,0.0211341829044132,0.2832311118381472,-0.0848021721743976,-0.0136486523810066,0.1715023068674658,0.1471717983787475,0.1469302900595314,0.1751483208294793,0.4394268392249132,0.2933799437679623,-0.0998585010742787,-0.6418629243297789,-1.0654922173950636,-0.626214385450074,-0.9550523487851804,-0.3062593034463144,-0.7670276161055916,-0.2115435421426644,0.2835009711176739,0.0371851608724061,-0.670301638081393,0.5475279136204535,-0.5177884103336583,-1.0946593979687071,0.4404072529517498
TCGA-B6-A0WT,-0.7916290107674745,0.5858233908757393,-0.2700511999871731,0.0015938813378711,-0.2763425846059537,-0.159978161876388,-0.7242774382768503,-0.1492413632086134,0.1073768193628007,0.7356729177632029,1.127329524022378,1.5120024173190685,-0.978284910769386,0.019690310581043,-0.7494997858050935,0.7335876812890827,-1.0395439755479363,-0.95658162299561,-0.6840838495713888,-0.6329913727961782,-0.4771242302062891,-0.6116963562984504,0.2690025416132402,-0.4706567582402478,0.6627069923280497,-0.4893374507856542,-0.4356997906164432,-0.838094209130036,-0.5338866670704392,-1.177381678725462,-0.6741436491129371,-0.5524511514083592,-2.5818203953319734,0.6800735886062752,-1.0478419762046425,-0.106874079503584,0.5417795881385978,-0.816595689659727,-0.5570400561427971,-0.9096069604318155
TCGA-BH-A28Q,-0.4775541213588331,0.3541550653092735,-0.1364019382207368,-0.095377011731885,0.3248819580591127,-0.9227002193806604,-0.4438298248551146,-0.7420264906129393,-0.7702344272893886,0.2965976765108109,0.8677373365718833,0.2966088575338449,-0.7626539042416296,-0.7565671641609046,-1.0422278356915815,-0.0586208793727716,-0.3978837793666547,-0.3198025947260947,-0.3413216311415264,-0.1456217952987135,-0.9039130444950746,-0.7138816714025397,-1.1470692586501583,-0.0971354320580938,-0.1414930791990457,-1.144533792296205,-0.5675582787770446,-0.012602742787786,-0.0104552971456119,-1.0055801089862395,-0.7267560208701754,-0.4232059777127712,-0.7756611527970715,0.6920429004963922,0.2865470746303704,-0.6680937585668825,0.8933913226961954,-0.9874475713137196,-0.2256467254453129,-0.6811180095131233
TCGA-B6-A1KF,-1.6851879991078211,-0.7530550423888112,0.1107630300930088,-0.3738982534853369,-1.3684374055615531,0.4376177374639642,-1.3473019943194635,0.2776447219308786,1.2831300552039495,-0.6436662098327891,-1.2944783060098313,-1.3952731186412088,-0.8946371873939774,1.4586546935285607,2.171970838776812,2.435396881800365,0.3314019434106803,-0.9199449755624348,-1.7121377202752617,-1.711346489674726,-2.356046376543813,-2.1509647699315364,0.0556002328886814,-1.0891930763822617,0.9604082025807804,0.8515907070738095,1.3079089428060804,0.7927235595462501,1.1306216754399312,0.3998974065588473,-1.110752174778027,-0.356063798592972,0.3394619281731946,-0.6626752508178596,-1.128685816977568,0.4142947692581172,-0.6524454933695333,-0.4403144827970992,2.108223143453139,-1.2232475067364683
TCGA-S3-A6ZF,-0.0091031994407567,0.1898925023055309,-0.3270534458839951,-0.8011007829364672,-0.0410891839808932,-0.5375356304704669,0.189688670654279,0.6312638496469575,0.4844156689320077,-0.2339901467077484,0.0754242600345872,-0.1910187829010375,-0.3614757810224154,0.4532495353271579,0.170408896055812,0.4563176873813128,-1.1145163831787734,-0.6117279671913016,-0.3184983046675499,-0.1998749040958564,0.8064327611946503,0.529873563054537,-0.3074037342645883,-0.5929636890760055,0.4924379801669544,-0.0130166567374084,0.0810827292353876,-0.3778188509709283,-0.8098393898869766,-0.131844767498179,-0.9768600155762855,0.9435924516115702,-0.5572186785685995,-0.4945942320624241,-0.7091861601406965,0.3280440122813273,-0.549083265341734,-0.1182744728454097,-0.5583958664774273,-1.0743267530085392
TCGA-WT-AB41,1.305019642601594,-3.332879429500115,-0.864660155464029,-0.6708383459207657,-0.0006475928283491,-0.4150868587515969,0.4656854122904673,2.096547330782794,-0.6616821024943943,-1.2811196361274846,-0.6024933102397029,-0.3803691509287364,-0.4094497718660607,-1.089422590656297,-0.4983467524277609,-2.629542456007531,-0.998558977473423,0.2301616850811547,0.2005405161261341,0.3845322943651719,1.2225975089804926,0.9174314259666986,0.8212338665980294,-0.1829817361714374,-2.9037512020883693,-1.260009594562416,-0.1062551816647295,0.8770435389055213,-1.0432637789242345,1.274432412791936,0.0901099184430508,-1.6977107372085067,1.1543241775698236,-2.578130463057545,-0.4246086266739708,-0.5551621561488033,-2.1474429367769816,0.7543086578092683,-1.0394652795242283,0.0535335454903647
TCGA-AC-A62V,-1.089852669454487,-1.2600145477861957,0.1811846921434924,-0.6352745636970943,-0.6924651960990108,1.0484364523497718,-1.451227548805926,2.476705462486856,0.909916966932997,-0.4585246330014894,-0.089912141205977,0.1151424762622411,0.2420873053397557,0.4921270447577734,0.8056323148701866,-1.883871010125324,-1.1540912508485857,-1.50787612468188,-1.7991764149707212,-1.435117975869859,-1.283210783658757,-1.4539068595876932,-1.1236584671630905,-1.3921002143320471,-1.348059557197838,0.2873078448214464,1.049076874123086,1.477934853955814,-0.9153015923306212,2.004607185469677,-0.0050311411828935,-1.985248353658733,-0.0702744160222004,-2.1616047429140983,-1.6168727777455258,-0.2279799357275797,-2.004791202411957,0.4633253927990478,-0.4398560974759246,-0.1698356605130026
TCGA-UU-A93S,-0.3668089430541588,-0.3741635435170379,-1.5652934453104732,-0.9408186111884236,-1.1119835001875975,3.239316633412364,-0.4872706134686957,1.6774024129767562,1.3160698476385555,-2.168113390932554,-1.116167878159564,-0.9404970928213142,1.4604669521253322,1.1165683094024907,1.4323628144360336,-1.3240913296230754,-0.7886899936236009,-1.0724977178218953,-0.5667134085439464,-0.3811876503277646,1.471886255390781,0.8775175561381192,-0.2508700777664314,-0.8955538894726176,-0.3782478024150336,1.819780269629585,1.2703732581163611,1.001162846423707,-1.0387166530129714,2.1074711786099045,0.0079746523055612,-0.1450600082121157,1.308070981940327,-3.204432678890783,-0.2490772433798773,2.0256410877657403,-2.177091165837677,0.8847428944209144,-0.8430402337733558,-0.2150794183006341
TCGA-E2-A1LK,-0.4798254850595255,-2.6149319061453307,-1.382098472138107,-0.6118068914166781,-1.508756073399154,0.4011378555548474,-0.5907396602478049,0.6253083053132849,0.6841843086786575,-1.0823788330313495,-1.968378590447094,-1.6613006564072363,-0.8544706573123751,0.532712127036452,1.0974554307894802,-0.1304386068662484,0.4747986557688675,-0.580961621255518,0.1000792041142125,-0.0194251482569182,-0.0463625058253779,-0.2626191792159353,2.32637729071005,-0.9646110026636896,0.3399070388744152,0.8720601993180945,1.1361316977750584,1.7606363296647805,0.8161055265393088,1.2149894102184702,0.1629732432362045,-0.6963446485638041,0.2187521394809443,-0.7404773482547709,0.4259223423055506,1.6346421273007457,-1.3011860661919656,1.492996740828035,0.6088413704015369,-1.124768696450139
TCGA-S3-AA17,1.9228941591942863,-0.4367327449828929,-0.3003525865771302,-0.3657261551838302,1.1740160956742738,0.0097605249109552,0.9928038171406524,0.0481162470464329,0.0845956700161406,-0.768305355742822,0.4242608096380165,0.0960116755377832,-0.9791663608447776,0.1577480287860229,-0.4389246224983808,-0.97900561039152,-0.2475108050334357,1.2978899244132611,1.737456866343499,1.3247167222277203,2.065419159698595,2.0749285117437912,-0.010574345378735,0.4068107842874002,0.2321455845847795,0.1946266258496267,-0.2205492780236979,0.2979266653609784,0.1362059896978216,-0.3944633283016012,0.2950747163127037,1.0763768154403193,0.472236841564823,-1.6886638135446783,0.5844568826376697,-0.3715332996258725,-0.6367167108357378,-0.0336746308288647,-0.0768111608409053,-0.2502093048057003
TCGA-BH-A209,2.018573072757977,-0.0106459326997982,-0.1922732762586887,-1.3841647586618586,0.7454422166303759,-0.7176336363297822,1.701629054979945,0.7436651681752864,1.512383624899712,-0.5633319812283646,-0.5023504781269896,-0.5866639572384429,-0.0487522901122318,1.618568909617677,-0.8536908639451807,-1.4713733967039384,-1.0384113228358578,1.4583915195440451,1.6320582304301787,1.5696795654705922,2.027984878583102,2.161013412211639,-0.9265698473751576,0.3642271083934308,1.0894659866699548,1.4333298535172334,1.7681283549655968,1.3912792485438987,-2.3051954059691258,0.2217461842287841,-0.8417886002522738,2.375097142842937,0.4708554247037867,-1.3291678514450047,0.262941879116955,1.485085341771368,-0.328450347054437,1.6292609607386246,-0.9914891695206024,-0.2623066494882528
TCGA-GI-A2C8,0.2900213045935084,1.456221096885538,1.3913238177992615,0.1928494707893109,-0.1187568002901265,-0.5689808403225429,1.1256457056879214,-1.3619136593753731,-1.94724337999286,0.8238944285619313,-0.5897545445593937,-1.0609182359988816,-0.2648005036897193,-1.694630221301945,-0.3920847060561575,1.5080889667722654,0.346447551435217,0.8382156962276545,0.6252905547229883,0.9271391828054434,-0.0198043796179339,0.215754773183333,-0.6647410995246296,0.8235759196733824,-0.8662067427332206,-0.3956673488245454,-1.9609996113999435,-1.337885931350852,1.2489813201426114,0.0704429090692296,-0.1749121659473982,-0.7918348504266136,-0.5773310111847588,1.0621189189405518,0.7264241356570391,-0.9966923584652704,0.7442372260379878,-0.6450654454183701,-0.0980585288587448,0.8442407002250887
TCGA-OL-A5D6,-0.3437780648265318,1.6581041426999334,0.2701713489942412,0.5733010453377266,-0.5877478001363265,1.2233733581801278,0.0238401496304168,-0.3508519595527941,-1.0322986521939894,0.798661201808251,-0.1854390965790809,-0.0458078478246974,1.688802980463844,-0.9242957450790096,1.3419122723782235,0.163090387770501,0.2156747365686677,0.2409727027452163,-0.2638580257681588,-0.2543874944792345,-0.882172988586212,-0.7810621953568206,0.1506129945755458,0.0480452671784257,-1.190428316406666,0.7825893295329758,-0.5437598576611626,0.3306358193877462,0.9715482180053197,0.8999317227449551,0.9102577580482084,0.5478796488365815,1.5591979792105255,0.4206014405731099,-0.0194202680991329,-0.0166446949202652,-0.0083359403531531,-0.0796255263459956,0.1521514106595818,2.148855370661728
TCGA-BH-A0EA,-0.3668934557268338,0.5190689774630164,1.1109228673118547,1.6013544158764357,-0.0765788617975279,0.2188719582666283,0.0520713929344335,-1.3328073278257442,-1.7129393457226656,0.9149308655005672,0.256486698195263,-0.008504211643403,1.1075481222746393,-1.6691555874659505,-0.3867491275234342,1.0712431651159515,1.0204989363488204,0.0955984298591144,-0.1731870113574719,0.021083190351759,-1.0171588057120415,-0.7879579389161022,0.5618099260289546,0.8615561393959461,-0.8747259387900128,-1.4329072184623104,-1.5800190482102696,-1.2911986684766252,0.3115043696995042,-0.6237517485682224,0.6898245316268945,-0.6315848103364071,-0.0569009165775702,0.9176775818589322,0.4394535650019894,-2.029967339379661,1.2050540326849195,-0.0023187467304124,1.137002710494903,0.92138883122712
TCGA-E9-A1R4,0.9651778306474442,-0.2704669318451983,0.0533129355330227,0.1444765784381099,0.2642243372535279,-0.4978866366780682,0.5937549000414041,-0.4407424510524085,-0.0557122621672985,-0.3370805074847239,0.4634738776611721,-0.1717320277590614,-0.8689761301733171,0.0302115298464535,-0.699923062756651,0.0225994759806496,-0.9324569403280988,0.0663935661030375,0.8647823630264397,0.8882788647605686,1.4814994985530348,1.221637129667687,0.0166024812458557,-0.0693775333740126,0.6092256663519302,-0.0011413749241888,-0.7570137226690559,-0.5677348904260312,-1.5774217946692553,-0.7873219783378184,-0.1261569238365773,0.3568005719393232,-0.037123216509963,-0.019305759456115,-0.5462797048848299,-0.904594318427647,-0.5383168086677469,-0.2864330277770042,-1.423018165091278,-0.3591832805297734
TCGA-A8-A092,-0.567194619539956,-0.2137698744739831,-0.8843676031567261,-0.96695213182789,-1.5291830899127608,-0.2904947829018929,-0.708479560306267,0.8865346750796326,1.4391935893395176,-0.6078149539837521,0.4355597773930628,0.314206718651143,-0.1589734533208063,1.3692167053478692,0.6354457592261217,-1.1037644457444027,-1.5195729100545454,-0.8599441073675033,-0.8163012538444955,-0.7595995844317857,0.234177381362437,-0.1542038576705241,-0.4869803949777756,-1.130954757589994,1.080498007706835,0.9492827389970208,1.1269703256087082,1.252838542088495,-0.9378233984468932,0.5173043265879909,-1.087085908765702,-0.0463031063136756,-0.1331999980578696,-1.1216846702289536,-1.695552656981759,0.687095650356329,-0.6294897046902901,-0.7585203764994466,-1.1870848835784409,-0.6989768924674927
TCGA-BH-A18F,0.204798302029255,0.2103007417686488,0.7102998382039702,0.6577816849359094,0.8765648701285816,-0.0596920340639954,0.3881386127419911,-0.2481752311012345,0.6149274428903039,0.8702997301351445,0.7350404808407743,0.7312602657033822,0.8929940024262998,0.7289527646533315,0.2957647756591773,0.3628114005749648,0.7068672484904206,0.5201122067711584,0.3759784931319608,0.2980057529113172,-0.068342282313201,0.1097989335881526,-0.0178331507806724,0.7955980770275902,1.2357776123459254,0.0244026560809111,-0.0227647966623228,-0.0748487660994536,-0.0995087671344851,0.0290812679963638,0.4295451764774472,1.500366695569194,0.3035314826912568,0.2483346307015804,0.529416952418676,-0.6538170965447829,0.9833455105648262,0.6007729929141092,-0.0533531108533117,0.9170627454276208
TCGA-AC-A3OD,1.0074961960351227,-0.0360315022253104,0.5037700788239309,0.4213402762387799,0.6431667866016434,-0.889485632996683,1.1832830051534935,-0.5787143906905041,-0.3064601835874582,-0.4227850112388621,1.1118408791396597,0.9253401649798596,-0.2681950948023504,-0.1152986271574701,-0.7448745230877643,-0.6273685273899766,0.0283728521161679,0.4859418031973829,0.875168739747502,0.619443900884285,0.8709612944420455,0.8809032084199441,0.2721910365024306,0.6910902133499758,0.3660705153167213,-0.6140263306092032,-0.3630263199771841,-0.434136058380051,1.144855135567918,-0.8020201047023281,-0.3211788484759683,0.816161571293607,0.1272927608049443,-0.120718156108793,0.0146251783261241,0.1757736088945415,0.4302061744363065,-0.439725889659845,-0.0707958723104555,0.1731943752714576
TCGA-C8-A12V,2.8556072715002205,-0.7356110203845123,0.305249209071906,0.1774530229026305,1.0526739257030189,-0.9605344701541848,2.1210786413373617,-0.0407398383304285,0.6184266948100232,-0.0245108398973883,-1.869593531681117,-1.8627420181524867,-1.2522516275669089,0.778720618373123,0.5068897679534659,0.2725732773734874,0.0537381853743681,2.0627492995969154,2.366620334136273,2.372287280603808,2.520100323350977,2.726283155575432,0.6342319727626233,1.2330943225203512,0.9747296568707576,0.9761998604571523,0.714244143633762,0.2247438230029126,0.8612340826792173,-1.107093942789311,0.3057507234880136,1.356055927571094,1.6976515623370718,-0.3798215435222222,1.285272388854987,0.7943296313282404,-0.2501684816317396,1.1435006054759227,1.4743794497926943,-0.0293808235129394
TCGA-A8-A06O,-0.4707497353661254,0.1467770098469066,-0.7270542950648684,-1.0257320684350062,-0.2610263950281003,0.8202499134805441,-0.4282416959062212,0.3061880418014714,1.0033354942712418,-0.7042191179291317,0.330714190512144,0.1960491801541879,0.6390102800789678,0.9720872820412488,-0.3674555015060992,-1.869732581160596,-0.7901213574987169,-0.7695019886866551,-0.6134030941541563,-0.819321367929005,0.0231333475575761,-0.1583599892612595,-0.940309279489925,-0.7184413904407824,0.6218828152923863,0.6919106854936955,0.9838598692944468,0.8105004682362233,-1.8846229039013545,0.8654743948636388,-1.5333036100862842,-0.4714293220619555,0.409929306112312,-0.5849821716992175,-0.8144121918291398,0.9070172613612288,-0.370060654872857,0.5095272190056095,-1.0928928827883493,-0.2335538826668554
TCGA-E9-A1RD,-0.8613507889651075,-0.1894647266043307,0.1138534152929394,-1.2245385173626842,-0.5418402053021254,-0.7366752750982135,-0.3009742271059979,-0.4500711424967675,-0.4110052163229375,-0.3831957876368539,0.7696953387570848,0.5032584897708565,0.0730024831659303,-0.4947124777326024,-0.2730637154693713,0.2311377074261565,-1.0887853505777385,-1.0260690206400152,-0.9551051777368036,-0.591753001684402,0.9763797926035988,0.2352150086538335,0.2506041080054237,-0.868681663943617,-0.3627721653326306,-0.4938475734338207,-0.5553021195985647,-1.2925424190015462,-0.8311489119983806,0.1424624915955022,-0.8071158598243415,-1.0029138329124867,-1.222386149298533,-0.2686190597487733,-1.0773145476496502,-0.6313406238191241,0.0668884226344228,-1.4243050589134447,-1.135817981133069,-0.724633472790007
TCGA-A8-A06N,-1.6543299827397646,-0.3098368861596586,-3.5485790995160635,-2.8364526861591903,-3.954559898384725,-0.6358881233954676,-2.5542262272797007,0.328452667621118,-0.0573319578103279,-4.383570122382882,-0.4681345863192565,-0.8161027641540374,-0.9386270141215056,-0.3071393961201413,-1.6201239864535817,-0.3151218129335154,-2.5120590843684103,-2.3244652797733494,-1.2243263589330096,-1.788755072534005,0.7188445062161363,-0.4549930607147927,-0.1827145362214447,-2.53346050336404,-0.5906504769296536,-0.7985322688509143,-0.5843356981048057,-0.2000598854400806,-3.5248795860820894,-0.2103082936058607,-2.2351308326005275,-1.0356061655763675,-3.595276943709682,-2.110761570209828,-2.2095373199411865,0.0119768824578109,-1.619974521526487,-2.6542673168146336,-1.4092377945339754,-0.4171110268236623
TCGA-A7-A13D,-0.7145311869851141,-0.5725401162721607,0.1829835495961821,1.1857234762263815,-0.5053466797180007,1.6029894001393603,-0.499444767976515,-0.1696213666646734,1.1753183536931928,0.8938474467132287,-0.9880602049954644,-0.9167837078232688,-1.4659215292407206,1.281668705640563,3.096657002930037,0.9785636920985916,2.446856362465334,0.0773347186950985,-0.5132784638219897,0.0343724256181996,-0.0942134460400516,-0.2515543749811804,0.324528088141928,0.1501816818714734,1.6306521306206463,1.6578526549502202,1.0873121559050607,1.4658735619000869,1.307267730501449,0.0952259248401794,0.2362781692823789,1.0045235072299477,0.5104440134461384,0.90311521794694,0.3691884786369858,1.6350223066487708,0.1754082201413952,1.535290223402848,1.5652652939501095,-0.8675189672496115
TCGA-D8-A1XQ,1.2004713174339166,0.0674699640234682,0.6014854617513695,0.3604596431235902,0.4120818482572342,1.7757867993305474,0.9343971767864628,0.5936068279174244,0.6633769424131778,0.4712462135465298,-1.6782814667847967,-1.4198121105117845,-0.5048314618707785,0.7732609350179103,1.5315359419692718,0.4558024115274316,1.8159698735452927,0.4685813737444168,1.1272552097106106,1.1740504418827913,0.4606836098264316,0.9468360608470476,-0.4947971741570853,0.5554518898284763,0.8135019408683025,2.07658353542773,0.8842107196354713,0.6338289804703676,-0.8080920982338662,-0.008021659984235,0.1731011043995127,-0.0482007432727199,-0.1383176580640476,0.425734229988538,0.980969371621803,2.116221272337065,-0.2298610992833883,2.0347735339113298,-0.2936527211377513,-0.7551095160040642
TCGA-AR-A0TW,0.6376851684870334,0.1516605328159606,-1.1527930821827423,-1.5706045635886334,-0.468032488117337,-0.2582535864646113,0.3415453320065207,0.5627747816729587,-0.0401159871949755,-1.03473343613101,-0.4000116469265884,-1.0270839522388997,0.1125461742316197,-0.1695748642881055,1.0397657532108546,-1.5769055884140697,-0.71380124890184,0.1135368132862788,0.0887330417344593,0.1313448834751557,0.4580789259554184,0.609456430218884,-1.020119533326158,-0.5921388351712473,-0.3924008585241298,1.1632546156107983,0.463101491901919,1.3824057193262993,-2.1182783635440523,0.9987392657289093,-0.8372545584322383,0.967640511689307,0.6254057967414807,-0.6721322676362876,-0.0205207428774738,0.9123149758142064,-1.2808889642611647,0.8605409148401696,-1.4051183877779805,-0.3416937010406181
TCGA-JL-A3YX,-1.1955193040072063,-1.198498168024592,-0.6931503146870945,-0.3217855895102444,-0.1543026660058579,0.2027408648962521,-1.358866044748046,1.4850801478283482,0.571904267074247,-0.1401807448601272,0.8713339847091914,1.1109575631076187,0.4872583247179008,0.2818547651391714,1.2718942315268902,-1.064411425565581,0.0417846762809961,-1.1965874459716128,-1.2368426310661222,-1.0676116357354215,-1.2956261411971577,-1.2978232637955265,-0.5058680920978534,-1.3441446775902075,-0.5697758635874737,0.551781243042911,1.005077955137567,1.6781424685824653,-1.3216835773762707,1.5659261791880668,1.048905531159652,-0.5761357887503059,0.1363656877646992,-1.013469533910228,-0.2126414986163473,1.124954852787859,-0.9072999193155868,0.5709477651023357,0.1519091288457019,-0.1614902847114016
TCGA-BH-A0H7,-0.4308675296374565,0.1668350917841925,0.9223398827884716,0.51149351709177,-0.0920404944017885,1.1045212039127252,-0.1226979283328878,0.6340586006169572,0.0645698288156057,0.877643317045753,0.7702172890416932,0.6110973837855154,0.12630124148038,-0.0085567358101354,1.2734201228934476,0.328733680255958,0.0966097632806679,-0.5848821978574442,-0.5178434606058364,-0.4202717523180395,0.1073837339263573,-0.1619466775681943,0.0746021243342427,-0.3630566677868257,-0.4239310496314638,0.6627420710908949,0.1555247552238556,0.2353146844535457,0.3811187480729173,0.7173758844233579,0.3918768017950689,0.9794193558077224,-0.4562048988418148,-0.3771799366914634,-0.8767609080261529,0.486469250398781,-0.056816519030291,0.0053387859901255,-0.0716954124702127,0.6361626707757175
TCGA-OK-A5Q2,0.5562422267578908,-0.3735225770299472,0.6963201852299589,1.6015809660217672,0.9458311629058244,1.2619059695884034,-0.00185156618048,0.1352419886379822,0.0233618420496687,0.4210015399408406,0.1127124973619919,0.5520543309242348,0.1534540854964056,0.1196031391385262,0.0830261206175211,-0.1836343277672076,0.3185652442984689,0.4437927406913223,0.4081891561176702,0.0287932978696464,-0.226293526165095,-0.0486267622457881,1.6231537137426937,0.5318920959897141,0.2726398799028969,-0.0380098039030577,-0.102927631719494,0.148573562848239,0.3046434351252741,-0.0139055582087856,0.9416943208309306,1.4789910559655566,0.7973562570757097,-0.0247005392569707,0.3090448665712573,-1.0007392300110842,0.1148964323516305,-0.0160052613764045,0.6361141666306566,0.495084752756063
TCGA-D8-A141,1.8399863010347648,0.5777813169793042,0.4908462177930191,0.4480743510670273,1.5827840519335412,-0.6834543948170809,1.5086645087411217,-0.8258259099692415,-0.7086897081577366,1.4177743986188376,0.3469404124359955,0.2051638020934402,-0.2558214750466052,-0.6006105013475306,-0.7241709976724797,0.7892583954660555,0.7043423527421384,1.6297046207105468,1.4923524308189304,1.582480089151825,0.9759930292064412,1.2993005801001325,-1.077353449682193,1.2011965275803391,0.0548236101291333,-0.1308661485856291,-0.4330741303351469,-0.0801111851602525,0.704996269586385,-1.0967861721793817,0.2530123479529524,0.4429335414933054,0.0756752811548217,1.0190011158932728,1.30707573750456,-0.0215716689899817,0.7010011199958706,-0.0818866013933796,1.0320816747288553,-0.1705369812659885
TCGA-A7-A56D,-0.1934573119134248,-3.082482767502813,0.2091148131650087,0.0121215583287997,-0.7439936123830503,1.317104128156552,-0.3341244408275411,1.738507735633228,-0.4252571595813655,0.574872695084226,-0.8193427686309058,-0.0786214154015372,-0.7503593088104613,-0.8566428915778813,1.934545787780895,-1.7895995645563747,0.5795425760009174,-0.3246803662954034,-0.8863469320749005,-0.1180804288652628,1.303074725740604,0.671482500375487,1.412534015908555,-0.4645728807146567,-3.100455628392514,-0.8046501960745388,-0.3888528601919184,0.7559820504816682,0.2642149506363812,1.507232913022807,0.6467102063858922,-2.68983103486742,1.0845184052066814,-2.3126241285355045,-0.8178523987332422,-0.1482908083415789,-1.8201044996217952,0.421694435815431,-0.6068757786059811,-0.0009832197159935
TCGA-C8-A26V,-0.272979083131503,0.4767519547073677,-0.4968374303433854,-0.6337336489663297,0.4512824021000376,0.1160169807345431,0.2762547343439743,0.2748168514020945,0.3021146787952714,-0.0185715411291171,0.3800424265149406,0.4301332651103189,0.6186349149294473,0.3628993658679677,1.628444374493164,0.2148809106735909,0.4179827814552896,-0.1070103550451102,-0.254468814119185,-0.1687939316380186,1.35750255814593,0.9521053811083104,-1.007395585998328,-0.6003727260676514,0.2740834564929636,0.780942220441704,0.1540476566916781,-0.4859918667563129,-1.6987906430137116,1.215823203259111,-0.0653278829847079,-0.2694895883326649,0.4479579226985433,-0.0950541428357203,-0.6333645961941602,-0.0286011204310554,-0.1848849620940899,0.061000146460628,-1.673217558954611,0.5494452852434353
TCGA-A2-A0YE,-0.4981271904509549,-0.4395482588790936,-0.3763370752529533,-0.0099386056461943,-1.6791633955460012,0.3395177036242119,-1.0306905856137931,-0.3355640097668884,1.1723507146269736,0.3592570179269133,-1.7965939976922112,-1.2671067943686638,-2.632150477550529,1.240509244446021,1.9478680368848016,0.0949269300610785,-0.4613760702740646,-0.8149183539633864,0.0019321297614464,-0.3391816134863055,0.1276847960470687,-0.1527701742115662,0.6371157778157687,-0.6014451373336668,1.811484397565311,0.5395905225281319,0.5067740791854476,0.0844998967335633,1.3859933555743689,-2.037747557544035,-1.674911182433206,-0.1606142746607323,-1.4571809243502682,0.9430230050592824,-0.659284210128258,-0.0550726520891878,-0.2731089800545606,0.0377149302885385,0.4129575139996985,-1.6571048813007172
TCGA-A2-A0CW,-0.3467319483452739,-0.6763384475336145,-1.1230443715403466,-0.5834028983243839,-0.7591611100757321,1.392552505786645,-0.3164657730483086,1.1287944019139635,1.1165220524143398,-1.5227702553304767,0.2167873425721873,0.6506119812526746,-0.6208184377695918,1.1628000561076832,0.3227140821234338,-0.3576926187575801,-1.8452127226324624,-0.9283759152168792,-0.3382212864524624,-0.860594088459858,1.4627876311342878,0.8248814239664359,0.865472527785633,-1.5733838204331752,0.5969389885284078,0.7892702358991516,0.8100033144282435,0.970292643490674,-1.2013059112449458,0.3768268932950545,-1.4605628197942375,-0.7633002703230661,-0.0331971163790424,-0.7046715916309632,-1.178910677971617,1.091186319860873,-1.5683699491549343,-1.0590347865695269,-0.9826334379669426,-0.4282091541895712
TCGA-AR-A24K,-1.2764903639994625,-0.4562584081203283,-2.3618480415587277,-2.0920488349115494,-1.2676096549354374,-1.339216578244233,-1.8787893714676416,-0.063705664570521,0.7813423674370992,-0.7771697279448666,0.2904489702255637,-0.5720121859143996,-1.3720511396411106,0.766692726219119,-0.5667809922106362,-0.8612809089461515,-0.9311796929650576,-1.470386673735259,-1.7076956728213386,-1.1041216758919157,-1.381395356331401,-1.5149973745237215,-1.932159572634819,-1.7817939913514331,0.8069504781243768,-0.1154139827056451,0.6203370120312014,0.7141524671951947,-2.17720132251817,-0.0623550060394819,-2.1885027135704016,-1.1674608809618834,-2.1505412694488864,-0.9041123012776922,-0.8615632849620991,-0.0558660775043779,-0.2178577312109326,-1.7731014545754662,-1.397675223386201,-2.10255012116342
TCGA-A1-A0SQ,-0.7650192480032493,1.2474408577208451,-0.1590929655798125,-0.7147806725487285,-1.0114309551621103,1.006191835983472,-0.8516053804011612,0.6291447960140448,-0.0396701701878638,-1.0311259667224986,0.9833385430063396,0.6378211784760723,0.3666099504408703,-0.1096161742063478,0.5509459887039,0.38736399712568,-0.2051667774869175,-1.2387976171337272,-0.8217251268933433,-1.0404042840672076,-1.096276191411115,-1.2021350480718345,0.0201666735738941,-0.808654684691535,0.0116638399763861,0.4534465156989909,-0.272729402787011,0.1784152389242871,-0.422401438170788,0.1233156652446716,-0.7598635573414685,0.1693031006818087,-0.1573375129209625,-1.0784097002729134,-0.8132429309220368,-0.4017398139526463,-0.0644929883058529,-0.9873699414052308,-0.9202252498863857,-0.3787442283826789
TCGA-C8-A27B,1.6741355183459807,0.1500863478608335,-0.4300784684053096,-0.7240165426755452,0.2468380945013902,0.2140184190426047,1.7461845162842509,0.3851960208128198,1.881070003017047,-1.2144624543797635,-1.5200197649332248,-1.1234766839415888,-1.2975168174890774,2.039822440309276,0.379706400275756,0.2194515465182065,-0.0580508332201125,1.1716967420210869,1.5034144676602814,2.152650061491233,1.2724224583309902,1.6700724874863733,-0.9236726984274236,0.700536501382825,1.703274205540931,1.8901578080528267,1.5686018118345406,1.10516065747996,0.8542178277964658,-1.362230657361192,-0.7758259904341587,0.1760042235874959,-1.2447376515413868,-0.4372670401165822,1.1916989550966166,1.444239925576103,-0.5062992665865729,-0.1934671539117328,0.0527977504425728,-1.0391455194013015
TCGA-D8-A143,0.1698854479865532,-0.730673952130714,-0.8238816352295029,-0.2202988192581949,-0.3733160596471935,-0.2110934803163239,-0.2411576766225793,1.0788025311002054,2.049448363891331,-0.3593746087004023,-1.514579971943727,-0.4996132091624265,-0.6588050104390144,1.9799967871796789,3.48160540397394,-0.3509792994424845,1.569874830985935,0.32074359668064,0.0093106257602463,-0.2496190195148351,-0.9421474196287816,-0.3972735055093133,0.1946039568778682,0.2196700015599047,2.0409930437723918,1.920532265023453,1.7439477883276402,0.7848786524983673,0.0797773944310056,0.3111552255603019,-0.3163622435255418,1.6577077871068513,1.4158746298534215,-0.9816315116783788,-0.3322999502600213,0.8698309492561532,-0.98707188108516,0.9967461073636756,0.7796737709990557,-0.3994500894019078
TCGA-E9-A248,1.638516849751766,1.1881333669035803,-1.0442679053027677,-1.123253513097585,0.0606832553059012,0.0946144670015842,0.8351028731007938,-0.5192929171119381,1.2929786513123986,-0.993764725877967,-1.266782629320608,-0.5225364781520431,0.2316092372297135,1.5079858126649155,-0.2021054709230826,-0.7213295655507806,-0.9745613366199553,0.7405469099240428,0.8271598641924974,0.8862402929542077,1.217383616211482,1.2993559411888045,0.2787511613486799,0.5039843136183333,1.8268079171707337,1.3988297630725894,0.628649575537661,-0.4551787336324858,-0.4989814492765494,-0.7063085788504901,-1.1938666563279976,1.9956523498131264,-0.5011348185487149,-0.5321202676295971,-0.6304680392767046,0.4602240751804966,-0.4075654515349967,-1.1090126387760264,-1.1039883498511769,-0.5793752293718654
TCGA-A2-A04N,-0.5918343133401748,-0.3504234274635437,0.2968249860851367,0.2667155845398558,0.1277252869058515,-0.1463024009251441,-0.6348238434790466,-0.1106497073806495,-0.6637136359984938,0.8447185558682311,1.0992475300262083,0.7826035503069435,0.1561040380611059,-0.7640950881015902,-0.0796494811034178,-0.2738936052663204,0.0682702894989778,-0.5273786176663922,-0.5325605901521109,-0.4208844976977633,-0.9334324026622706,-0.8784522192601889,-0.5181120799054088,-0.3163338033334961,-0.7452846418986682,-0.3266335718837123,-0.1938680136551106,-0.088847022455798,-0.2951611111146431,0.1370197728206308,0.4739765763305898,-0.6688417024578197,-1.0156599930174066,0.6576327715013642,-0.1858869142573117,-0.1243900201609661,0.2315363332642444,-0.3247836296983081,0.5579198605795173,0.0224294597835948
TCGA-A2-A3KC,-0.14047160190513,-0.0323357536480024,1.4474553937715933,1.3434102998960986,0.5598238432912662,-0.8381810426803864,0.2103207376286683,-0.913459321018685,-0.3867369179845466,0.8242279904773739,1.113495130211654,0.8722048645848952,-0.7312045887391176,-0.164995895938579,-1.0514500634647366,0.3043853950253434,0.1174023857837546,0.3622156055592999,-0.0633751897093607,0.0611463704454525,-0.4187555893181821,-0.3319129816586013,1.0316822446143048,0.3857759952224744,0.9463534898023852,-1.3326485849725096,-0.8506919739560233,-0.4579681125105551,1.566179574192543,-1.2246184664367534,0.0177202505414856,-0.6975243108312937,-0.1411772494288815,0.9693735501447428,0.2422578987907475,-1.242596553157855,0.8341507626100115,-0.6419272990522605,1.3017051150452676,-0.3688578416633054
TCGA-A2-A0EM,-0.7224987580608476,0.390351726935103,0.2572091521171207,0.2075043757238927,-0.711358148497182,0.4689360833025792,-0.7005856488973541,-0.3778871349234999,-0.3470814558564689,0.5225757463424195,0.84162889551642,0.7313047705010031,0.0892996963839446,-0.4727795565591097,0.0717018354540421,0.2410220947141635,-0.5317463498096326,-0.318644315286333,-0.7155902680975554,-0.5100721405311265,-1.0187077254115104,-1.023236666553984,-0.3119499112432632,-0.4404053758015539,-0.3899466004086283,0.1126107438419825,-0.1342862617553669,-0.0732728149922897,0.284272291289427,0.2577605736052552,-0.3228113471988206,0.2743821412568224,-0.1067228319434662,-0.3383475432312312,-1.2394361413230048,-0.8552937854144809,0.4661932854371173,-1.7618897724044855,-0.2499439545959001,-0.207354328961417
TCGA-GM-A2DI,2.350417473468562,1.101016846324232,0.3719487248694493,1.0260920266994409,2.1823409498923074,-0.4582594443156591,1.8168793609298648,-1.210783493357067,-0.6653136580807818,0.9131517159455186,1.155956380964929,0.6933762705077581,-0.901996002233203,-0.3807387757199172,-0.8698392698666874,0.6506696993057485,1.0443083038514436,2.1365135402502164,2.1506113102113367,2.014143171986491,0.8122854092402902,1.5066990739123391,-0.0106071787135921,1.5114450314121195,0.6056120529544586,-0.1630222925286743,-0.858161818961482,-0.610159232347072,-0.297317294743507,-1.6985122308315372,0.5633541089532418,2.0520489324935114,1.0172603672513068,1.1762223308775166,1.8466513992290912,-0.4682512707787958,1.1211373293966864,0.2239804151363398,-0.1123755594294538,0.4169036566202913
TCGA-AO-A12B,-1.0470522649003902,-0.4440805880473514,-1.676606073149633,-1.2914832561368963,-0.4430736377823516,0.0989726554731843,-1.07221442524882,0.8379182029703308,-0.0894740885616212,-1.5355427561598585,1.2582275612239302,1.5369861917442469,0.8336659771168952,-0.4993625637104343,1.0475082377981706,0.0140414572181648,-0.8377625201532238,-1.2059583944472694,-1.360414762777926,-1.6081093456580269,0.4113800928125687,-0.3309187792336159,0.1415865428966653,-1.42454316269814,-1.099608759660304,-0.0250476102923884,0.0486168830483857,-0.2375868363417718,-0.3640330079935197,1.5950913272865443,-1.0974176103273818,-1.1880600072501304,-0.7250428786524855,-1.756217168120259,-1.577464632688453,0.3355930078198146,-0.9128791892312144,0.3218381686817137,0.444528451474562,0.0863837886606678
TCGA-BH-A0DT,0.1960853773917654,0.2777725768184744,0.5059572102758392,0.952935720247756,1.2126790498638582,-0.3109801752325579,0.1815183598774017,-0.869082702258915,-0.6925767745481987,0.9306112762936608,1.4212414825625217,1.2273486324890168,-0.0696436909131271,-0.6048672084402305,-0.0681771129113343,0.2936298541386406,0.5143593709661848,0.245454440889028,0.3043084250517466,0.4183555974817135,0.0465730160883377,0.1300486352944707,-0.6016227024064307,0.5935943819633615,-0.1338549803191234,-0.7642880409137119,-0.5951971027123045,-0.6283646268814758,0.4375965737086327,-0.7632348002773968,0.361316191981252,0.1811364515371744,-0.4022454608976021,0.8637647713772528,0.777106904357677,-0.758757238526357,0.8776453537396618,-0.734287686378515,0.7906388150954395,-0.1072277034267313
TCGA-A7-A4SC,-0.1722576313276126,0.4686542677961428,-0.3432621131393956,0.1768578730470923,0.3361791472498055,-0.2853199962208799,-0.1129802557965716,-1.364236944808439,-1.128134925487042,0.2498447832269021,0.1810956551599825,-0.4320305064728427,0.0382402629112555,-0.9601833731853894,-0.0359452382380036,0.1872242648140504,0.5041047203873061,-0.4273486202311836,-0.0042451171644333,0.1279612613186612,-0.654717459392682,-0.474963920918508,-0.1364783899246745,0.311872427176848,-0.3010575772736823,-1.2890654163068411,-1.7695654815947222,-1.0228687487750594,1.5352041605611106,-1.1472347839208392,0.2267811287880033,-0.913021544944012,-0.2558230611711927,0.2318324314686126,0.7980583492594218,-1.0587494844337926,0.4363542222381767,-0.628599600243666,0.827442128377374,0.0796794950465711
TCGA-D8-A140,-0.0025628639265135,0.2821084064110357,-0.1915007925001711,-1.1222070702405549,0.1243946791492011,-0.7142923400707205,-0.2972918865119425,-0.5354015230308304,-0.25606426828311,-0.7996597178095499,0.7609791232220161,-0.139852090641717,-1.0120447567827913,-0.1441950744068177,-0.4100068057735417,-0.4021483176089102,-0.6390892634958835,-0.2889749038510027,-0.0953531666637687,-0.269281544542982,0.8911067341550026,0.5284716219370775,-0.9325175602427632,-0.3458437235655144,0.480477861891792,-0.6723644568400597,-0.8274226579391404,-0.5313582562592714,-0.9236066551127504,-1.448125703440451,-1.318019200116491,-0.7701683673432046,-1.597436479835642,0.3227661356739918,-0.3649066519919737,-0.0576609065666884,-0.098261749718047,-0.4562662324677493,-0.4521753134459593,-1.1978700288132176
TCGA-A8-A07O,0.3469237401918867,-0.3780869074119007,-0.2703292677888322,-0.6230415874591957,-0.8767791735949128,0.0683112151689114,0.1791418275208293,0.942355954938862,1.8310274890491949,-0.7758357074879123,-1.4124849751044035,-1.116941308075114,-0.7625727789168707,1.969546803108527,1.572720626787583,0.9937930481276142,-0.1120222353295203,0.3577590453745807,0.5451093244103035,0.6928564553542264,-0.7378054899190006,-0.239957927360256,-0.3809066544644651,-0.4137298467303356,1.7574155784385224,1.766074725418422,2.062575417630876,2.650565467179752,1.1060675183028532,0.0692876350808966,-1.1549348076126045,0.9991271782262016,0.8304936734919716,-0.6288099790402727,0.0752148451084278,1.339351050883136,-0.8474876067793238,1.5051686727593747,0.556507409744203,-0.7474732476569991
TCGA-BH-A208,0.1633559361619617,0.90187257582866,1.3927829950666857,1.530787721387123,0.4134613544941015,0.4378750642229401,0.6050110696008011,-1.1026532416512054,-0.8199165793249928,1.9231137979864696,-0.8673786384890646,-0.9878868351401148,0.082388927786029,-0.6178156491608362,0.3112467862695292,1.1866815657350869,0.8776478563448984,1.0266871804781377,0.4025543685795134,0.6212069802247014,-0.5562966172188413,-0.1216172537466602,0.5195123452229792,1.1828279329999636,-0.0953733443327093,0.0107871462521344,-0.7647890389218115,-1.3246144958966728,2.2203977152590744,-0.3632605535335542,1.2736616953973767,0.0094319426430017,-0.3403595605091969,1.8145043052505736,0.6497536081563368,0.0784515689939127,1.618476244595662,-0.581986482930667,0.5500943451186803,0.1062785762471819
TCGA-B6-A0IA,-1.1134022745817247,-1.0420771516442302,-2.2271958896527315,-1.4708289470189522,-0.4289444079058936,0.711460410151578,-1.632065338225129,1.7716839533953417,0.3790658528829179,-1.417249465045876,0.8147908326370855,1.4954465334771998,0.8305520231287771,0.005101387095507,1.4749681378854524,-1.0648950012454388,-0.4688216744894327,-0.7304936089310538,-1.01363605444535,-1.4228739088014808,-0.5621539766027166,-1.0405928725701978,-0.9114404540272948,-1.856232899889332,-1.5226641270332193,0.3665582346587077,0.7102397150413041,-0.1215382341594086,-1.6255817373950372,2.416924562611878,0.806190496366013,-0.1965755850000899,1.137810616456043,-2.02668317326992,-0.4930884857676693,-0.0651042598758415,-1.9256287090001276,1.6773368569484917,-1.8223362706449533,0.5447930626316753
TCGA-AR-A0TZ,-1.110484533084183,-0.0715030331037471,-0.5585886640369275,-0.9046790576674528,-0.7217597136908032,-1.500535178318378,-1.2497192554253524,-0.0273576144080318,0.9048774202785504,-0.5110887980166556,1.4617427547589212,0.7234530534980482,-2.614279242265403,1.079449236013253,-1.756705791138648,-0.1276308619608102,-0.9803991271409856,-0.991177664835079,-1.03330315824206,-0.5252310901770814,-0.835509015272493,-0.982040169540052,-1.5204996447456092,-1.149553440434215,1.2841916933896658,-0.8431605090649975,-0.239224814154812,0.0540491691924677,-0.6767127459795514,-2.1361752054814582,-1.0615285915962422,-0.0202684633707213,-2.282476550765092,0.3144036714618868,0.3357414711135562,0.1747887930775771,0.1588752113867844,0.4123776156296478,-0.5299738205559505,-1.8151776401687036
TCGA-E2-A10A,-0.7414534468126818,0.4844053674843314,-0.1073303079104313,-0.3545942275807386,0.039992457242165,-0.6744989932040223,-0.1839280007053025,-0.0887475254317587,0.5614352185145979,0.0133613466142924,0.6690363548750202,0.2854479795676559,-1.172031122731676,0.4766957237565254,-0.5202341953890752,-0.8281665432888552,-0.7249590818517765,-0.6313924117057383,-0.600634021136959,-0.1717243970972808,0.6389133769710482,0.0467981515464509,-1.6959361313729515,-0.3092490809339733,0.95834575284754,0.0774038035977921,-0.2644628492325808,-0.7128597491781734,-0.9006051370372805,-1.0144735253190111,-0.6265302500071217,0.3638129097401461,-1.083696754722802,0.7513126854590538,-0.1200898699204543,-0.3875747858008121,0.1060582949544041,-0.6624025834742996,-1.03980211771494,-1.167881708674139
TCGA-A7-A6VW,0.2783581275277845,-1.7530705625388736,-0.9283881519604872,-0.4853810460837478,0.5429262198376675,1.1912979943474893,0.4119687295992117,2.170034778045767,1.5776588752206473,-0.2967443522739637,-1.0593664997031234,-0.0839285190666703,-0.7806449708388752,1.3630470354877886,2.2527043193487635,-0.9672442668758504,0.1322029261751958,-0.2002049921747959,0.6394344981262949,0.6645952507027678,1.576459895708351,1.1832386310500345,1.7270945999255378,-0.2980662523549438,0.1426498570127882,1.1885884126133384,1.8569494573254937,1.8820987375443408,0.2448197063232096,1.8888266949485548,0.7044501105619246,-0.5843771226659832,1.381351620360029,-2.16252334622846,0.6953171734781652,1.4773089194600764,-1.6494551240229731,1.6092120070756104,0.062936933171623,-0.0675060146884384
TCGA-C8-A26Y,-0.3095478071384965,-0.2030889520070265,-1.1837893250516145,-0.8891946756781246,0.1856771332139918,0.9204720175293176,0.2411773177486652,0.2738685462998408,1.2093265507960422,-1.6321765171683045,-1.1760050802300068,-0.2486976657313937,0.2192563699855895,0.9793275363103996,2.6040458972653835,-0.4564907875808775,0.5604837201499613,-0.8577444222219268,-0.2050135943787719,-0.4478957261129387,-0.2183912574114156,-0.069059662425469,-1.3355347590733064,-0.5030635834668566,0.9598436339194824,2.083973993391744,0.4771234415687969,-0.6797421255945456,-1.0540136237797957,0.5734516702973549,1.0504235348938396,2.5369749753782678,1.056635894892933,-0.8056347471535334,0.0964360646872876,0.397436117434248,-1.5154133028520649,1.3363875023913527,-0.7664974873981889,0.3325145167787389
TCGA-AO-A0J5,-0.5551826255078862,1.253922082565256,0.6554950497248244,0.4443841174024434,-0.3062821720808946,0.9626111061104644,-0.4269425513674422,-1.1422477345654014,-0.568058932730681,1.0114697205948102,-1.234588701661767,-1.4038488409673149,0.0195133635135736,-0.3546128527449211,-0.3714230175519504,0.5938476123339066,0.0582356416437545,-0.2923709727615027,-0.3627630828515554,-0.4527553676323489,-1.2087752771510136,-1.005022634268069,-0.8215034504739442,0.2449230453416569,0.3894434882895638,-0.6188099480018506,-1.241553424189778,-0.7597877859063225,0.4253351731577534,-1.2315919338897323,-0.6564946465525199,-0.7964031276520672,-1.0232734522094245,1.226394762234026,-0.3873124154741448,-0.7476095593340125,1.084701374508772,-1.1085801981446486,-0.6634836000519525,-0.1990329124859466
TCGA-B6-A2IU,-1.4844649171974018,-1.0256145377767467,-0.6353633148595256,-0.7875701818231887,-0.7404213367376531,-1.1547527033264289,-1.3128341433701691,0.1902680036537938,0.1113454018310602,-1.0307616459107294,1.1714133351543174,1.057731128447133,0.1541173572184401,-0.1642668069257445,-0.3582561212561952,-0.0958475562476182,-0.7418951652477476,-1.0521902400653305,-1.1990862007302747,-1.3507640502245484,-0.6876427796862083,-1.1515054673282847,0.6283788017350525,-1.0708215750247798,-0.1903571407081554,-1.2566007372705146,-0.5764741818479868,-0.4125292945193879,-1.213341304750301,0.5520232349917427,0.5223066648297047,-0.8031387547015416,-0.6847169748682088,-0.4809902961007165,-0.4566981151400953,-1.1083077016570404,-0.5906176171483306,0.0543818033247227,0.0720173219473859,-0.5198985332529822
TCGA-C8-A26Z,-1.3302083551348245,-0.1596540425643996,-0.2829663075568688,-1.0483208790726266,-0.5932298670934824,-1.0457015062702482,-1.2448215491669212,0.4777240446979444,0.0557139294979184,-0.4202616770070078,0.7118835928919313,0.6325175936850346,-0.9446906070288166,-0.0514773380371509,-0.1503268501879875,-0.5837737810581087,-1.0382289333807304,-0.8060099483485732,-1.599043229838526,-1.2971895706560237,-1.384096834154916,-1.370331679925329,-0.7593583793526053,-1.305172637161583,0.0391541010656767,-0.2374089668510675,-0.055363097837763,-0.1726286372399017,-0.3577324731894111,-0.0680980161409367,-1.0650343819597488,-0.3458346911269278,-0.8346486854659855,0.2579369152427933,-1.0238051320516264,0.4350297105797951,-0.1324693841842093,-1.0193946033921797,-1.0734632418984853,-0.9256455630752064
TCGA-D8-A27N,0.3540416692338824,0.442481539169331,-0.232120983179939,-0.1159761296981735,0.6857111451326157,1.4183543873753508,0.8918078497679852,0.4129374130508062,0.2189883981231046,0.8460418314029198,-0.3800850085985105,-0.2344314984024391,0.595282879084142,0.3271999498741917,0.5727079972414234,-0.1938205205794086,0.4971248815370804,0.5443270821987588,0.2001200792476569,0.3858463805781048,0.8483698536066088,0.7120269145007482,-0.867743267828287,0.7175739964943009,0.2986553028051011,0.9649516318041944,0.6392641953996875,0.382771696494581,0.4710281093984983,0.816838321629555,0.4040685093046302,0.5287534280793662,1.0851223296240071,0.7286693357604339,0.2786780551736089,0.8415813052338785,-0.2519201050424436,0.627078202148256,-0.6741027233115288,1.0870876663298032
TCGA-D8-A27K,0.2923490812260511,0.3761942162731619,-0.9652384448800352,0.3192090765264761,0.5508236368036049,-1.6271269331223537,-0.0452832684660017,-1.6097238573602364,-0.8071697010081965,0.3493314745463019,0.4532572264332817,0.0808011457323864,-0.826790762555556,-0.634794394495262,-0.9712615926011186,0.6643699500206673,-0.6528177839996795,-0.0104723667087061,0.257794012594126,0.2535088501656049,-0.3598270900223057,-0.2007976784696175,-0.6483112959773014,0.2440789797916515,0.2146702982265533,-1.171444683842025,-1.3629985434618794,-1.2858170569259244,0.7526550416744087,-2.0434313371541712,-0.6810511457427952,0.3000045685208552,-1.63623612657355,0.8010769647444308,0.0033067489236743,-1.296516169918137,0.7165137010266063,-2.021113031952721,0.4202211773190023,-0.571635180345765
TCGA-E2-A14X,0.8670806832042881,-0.1105640524267573,-0.8124437143677959,-0.6775406557875503,0.0041845028027828,-0.0214435912692897,0.3886299104945025,0.0497299647006885,0.8854724699131437,-0.6354805468370915,-0.954399819354858,-0.9647992803469152,-0.7630671273511394,1.0614177215526044,-0.7355033066272127,0.3443685953291684,-0.1952844570408849,0.1000454812845124,0.3588543388239518,0.120233325419648,-0.5700767040562791,-0.062013280993172,1.3411147366721614,0.3009821354532458,1.174600142577752,0.3768439576338323,1.014250288106653,0.65067173145504,0.5382161731957327,-0.2103618388213174,-0.1102782591644623,-0.1162334553809349,0.98133525600505,0.2016933267561077,-0.0317231420134165,0.276535006000182,-0.181871315718807,0.8775007388448575,0.7523801079043114,-1.348760259347877
TCGA-A2-A1G1,1.4772476240565875,0.2806894724393261,0.5913851926190331,0.1499618205242336,0.9412569500993804,1.0614546706755048,1.1404689380677706,-0.5232929024197696,1.236804959050297,0.3950475968871179,-1.5423662170650214,-1.4678929896151611,-0.9956093733467394,1.4458709419447515,0.2197534209279903,0.6680502171435824,0.4605878987605364,1.1108927335216647,1.174475357341248,1.7736485576742922,0.87039935733599,1.228416939930792,-1.28657083424396,0.9181015235318408,1.9843151521823912,1.660946360001745,1.120097094226805,0.5813266661852421,0.0945382216046937,-1.212679284024919,-1.0033830626700688,1.7119360291875685,-0.1187923449645526,0.6373839626304362,0.855571592414318,0.4497476947465389,0.2026581106195854,-0.8179235859512515,-0.2039519987730342,-1.649352926687958
TCGA-A7-A26I,-0.2607132315977598,-0.0401377830847167,-0.0351208407144074,0.4667439745110345,-0.6866473391863449,0.8981685105151401,-0.0750918511618866,-0.7061858495845351,1.2429589185404042,0.8084755204359301,-1.5897410576863744,-1.4356241596669208,-1.0928366072931095,1.323388925582087,0.9029538812517576,0.7769495847694758,-0.190845084808391,-0.2396090509137061,-0.0895060278673919,0.305667461288673,0.255177996664595,-0.0510710608112965,-0.3577290957568154,0.0266016259184958,2.0553902258035026,1.0849362821523625,0.7962798646181056,0.0434163605973405,-0.2930425503790975,-0.0742634785695447,-0.7116488848611934,0.0039064719397808,-0.2551710082781474,0.804386937725912,-0.4904036674059743,0.9732355802418546,0.3308972872851472,-0.9903438148908076,-0.4929791586335809,-1.072037512167833
TCGA-BH-A6R9,1.507478007609216,-0.6913470872172053,2.099203838552868,2.075070537354686,1.8767814705699175,-0.7279092437686616,1.6678356322113363,-0.3847945599704798,-0.835961471185432,2.39393968761396,-2.1115261726353034,-2.652978260476519,-1.663427688886056,-0.5719814744849594,-0.2304208756851025,1.565500106524627,1.1287796109392638,1.684326364413174,2.0493095103508567,2.430659490732413,0.9881325180282668,1.4670594652490223,-1.2324105282520967,1.849455845076302,-0.1534057801753185,-0.3145053663863746,-0.327066809477006,-0.4077557496328076,3.382569946647197,-1.08782241897696,2.0152649054747744,-0.1659076656487186,-0.6601140027314953,1.5320275539041586,1.8265031946072965,0.2884575446999677,1.389308380815286,-0.0851531714970083,2.8582726363041244,-0.0197109156239017
TCGA-A7-A0DA,-0.4148686332042466,-0.4384547409102389,0.3378828186928558,0.6516967905589589,-0.1010878846002613,1.9156861763537425,-0.8178371680219876,-0.4572493565541236,0.321138902809422,0.7909572887710098,-0.7164816378476528,-1.1189092894454378,-1.8000316930878617,0.602696703035821,1.171125231773367,1.1764925051734545,1.3532515324958143,-0.2654751510339351,-0.5284878748177517,-0.1809154696903563,-0.1701275165120871,-0.4202768958132054,1.4378166786192734,-0.0669189519808384,0.9701118976776266,0.6787564231718565,0.2082319966348735,0.4217250527402322,1.4036328397937206,-1.116892180471392,-0.0149390216658366,-0.6396646311813579,-0.4497827189881857,0.909045123618201,0.1485911992184779,1.223013304985768,0.5198581702208239,-0.0188704563207385,1.2025259568919633,-1.7099860037276786
TCGA-A8-A09E,-1.138443842983437,-0.3747303211652079,-0.3258035804126648,-0.6747481592393626,-0.7534044855867196,0.9568697233824331,-0.9956878953532862,0.8555603703973677,0.8063498776916626,-1.0741921365507805,0.5696269783540638,0.8290668465626849,0.9601107468481612,0.6043641457522717,0.6228843300686046,-1.8433673366724497,-1.0827817777184057,-1.2791610267611753,-1.1165969973759942,-0.9391659028226468,0.9730133271163356,0.2030631414673585,-0.0666561801448913,-1.5562680917712275,0.2122183757552508,0.5912733065407182,0.9707879853546156,1.0900400183800505,-0.8479487992056,1.141844138200581,-0.036762560749518,-0.6024565423409426,1.0651337602495088,-1.8078463957724984,-0.9034378941227847,1.2578153147330489,-1.2747052380606665,0.8320031216802339,-0.4995405137208531,-0.2748288222178344
TCGA-AN-A0G0,-0.1310378493649529,0.7453521826691751,0.2969960651380418,-0.1528230456939143,-0.7013813887895991,1.486586722869254,-0.0350652536148458,-0.1894443526949104,1.400487041182323,-0.2604703681068929,-1.3636549197208083,-1.333249096174281,-1.2841761300915049,1.8140095630453403,2.407351425766095,0.2071204510536459,-0.028214709101669,-0.4422387301327029,-0.350754835783726,-0.2559449882307131,-0.8995429212527478,-0.7704771586047527,-1.1102629295182678,-0.1994606125172228,1.478782780082413,1.8182167038297463,1.1016135319200098,1.3507878899648202,1.08461606180966,-0.6452881355911492,-1.7625291256454658,1.4749141393052694,-0.351085694534909,-0.5100007294185406,-0.6694603599099683,1.2714880227459249,-0.3209799290569732,-1.2063366737283336,-0.5549148726891069,-0.8313896828261378
TCGA-E2-A15E,-1.2986431009722643,1.72517146001846,0.207151995795861,0.9893189381153727,-0.4387480694203505,0.7888323883336511,-0.8248655565674188,-0.4398415644284994,-0.2834296136091735,0.4062868597405483,1.2145817402759824,1.0663018977747711,1.2167661708934108,-0.1177940481923043,0.248400724634184,-0.0215150314718334,0.3682872497723694,-0.7011730500717751,-0.922167305258528,-0.6955954696306119,-0.9354601455004212,-1.1482516045515694,0.5870994325457238,-0.4711215123063221,0.1619292493561306,0.1214596856049589,-0.2546373356891099,-0.1785566796073675,0.5618646591041305,-0.2884425772818803,0.4551105369461361,-0.4417685760966962,-0.187732719869929,0.2512062176103175,-0.1900608114152165,-0.2389157405016694,0.9357990231305776,-0.5620913963934429,0.5519104367629736,0.9437127472773787
TCGA-LL-A73Z,0.5923108896464232,-0.0938655038115245,1.2141315957765166,1.2331065135293582,1.0289661974914106,0.6809041317617301,0.8632623848691435,0.98445720313784,-0.0091225933270974,0.7453478958099863,0.072036204631406,0.6202227339346393,1.1934625756668291,-0.1320105693825313,0.4942800130101059,0.0466447891917854,0.1831326623573793,0.9493570878669352,0.7218373968839882,0.3515658542642273,1.9171740676360085,1.4544947138495714,1.1480126173560516,0.6226418722051376,-0.5837209457899333,0.3839411798745328,0.8860711857968384,0.1659389211817116,1.068298200947634,1.7598667282141658,1.3170758199121924,0.03588209063292,2.107360493371465,0.0608087825389825,0.1789750303806656,0.6938080029170363,0.0757403257628405,0.9393379419529928,1.475084639974804,1.3242577826329045
TCGA-E2-A9RU,-0.4610808199821882,-1.7050111632151586,-0.8948175511881106,-0.4285503051747751,-0.513515430643506,2.9596871677657246,-0.6615164959084125,2.4171759556355306,1.202975970521972,0.2169214465673193,-0.5020554142378437,0.1578935779423778,0.5166356194559689,0.7907563733299916,2.366922212410524,-1.99288022228812,0.6007821742006039,-0.5637475332605032,-0.5775872977470924,-0.0890272821885831,0.6068146987435397,0.2453906753573906,-0.9948732504069112,-0.9398587966840768,-1.2594856332268445,1.499269109465998,1.899200708971571,2.09267190512826,-0.8062873658839115,2.3891413103053085,0.2228163984096766,0.7712272863693703,0.1861031058655163,-1.960228086994952,-0.0903725534668959,2.1306976055740856,-1.5702907416673346,1.3937153570058924,-1.3125414566712394,-0.1128134540100167
TCGA-LD-A9QF,2.3153222657412496,0.4569280002927931,1.2983978178840574,1.2822215890368311,2.518305053858024,2.383438436537479,2.2249517424479257,0.1609005968466131,-0.5178374355099685,0.9507773791998708,-0.506457410845,-0.2850253404780284,0.1428559428764942,-0.4272684780367489,0.3563912335647523,0.4825252832311566,1.1177155022564735,2.273596086536009,2.2977001522757994,2.3272661661732794,1.40465147504923,1.8947488880276588,0.5923462922323341,2.076977360467238,-0.34260051712138,0.8442461681933531,-0.2199235791531768,-0.1322138987303042,1.6447001280040143,0.0962646661328432,2.308763840326605,1.6240799147153353,1.629363425442334,0.5614524594024137,2.0784369005449617,0.0622041833254425,0.1321686457603221,1.087789524327204,0.8849456950110385,1.2448254274926482
TCGA-OL-A66P,2.1792020581823075,-0.029656023332385,-0.255275586974343,-0.010484938682306,1.6970082841492131,2.525441002357381,1.3178353676613397,1.398485203665226,-0.2039681072564887,-0.0027821100734811,-1.450864475345698,-0.6898008714755143,1.9339784906640047,-0.5172602022899981,1.4715620539595138,-1.815116081312551,0.3587415550416024,1.6445306473466446,0.98255890754804,1.183285369455931,0.4909855434567785,1.3234678373431668,-0.0017513482848716,0.4554981691196091,-2.354693005939564,1.367897797074154,0.4622001764158394,0.7430832861328082,-1.006563839469669,2.2330932739105025,2.3788788310654385,0.6915628404873656,2.812872973505241,-1.5986543483313431,0.9436094328729276,0.7833355141076098,-1.581034432880632,2.070556817393065,-1.0226932838276352,2.6804278107682493
TCGA-E2-A1LG,-0.1124133968655569,-0.531057795398902,-3.50983375537868,-2.1740349176163933,-1.4355451532896235,-1.0587032552352216,-0.6731883748469949,0.3098074531971996,1.6521680091227802,-2.4493939746930744,-1.03871492651474,-0.394200339861571,-0.3678005790836381,1.6862447525838944,-0.6135985198217649,-0.975360415087436,-0.7149785019545296,-1.4281340467708916,-0.5237522200873398,-0.5119817839928588,0.2488977241991671,0.3302288871577896,2.739269462210608,-0.5789342633520923,1.1192437236307355,0.8067141627925811,1.256414474660805,0.4670754936216929,1.1815899208411615,1.39771030467306,0.1280571574779433,1.5950898330172811,-0.3435926863793295,-0.524009223636329,-0.2396060624065278,-0.3520178297366751,-1.3599963664583683,0.1323467295880936,-0.2103459192848132,-1.171277131028264
TCGA-A8-A081,0.5387769585776992,-0.5790719786506707,-0.8498210106391149,-1.4271194202627313,-0.8140552310830138,-0.9345738774358312,-0.0191496623535326,0.3800348461075603,0.9406149862210196,-2.3499111153503347,-0.709961268543381,-0.1821242592651989,-0.0721238006717764,0.96691715684143,0.4897822566809579,-1.2833978385047988,-1.3024783876956372,-0.5346881446599155,0.079708089501059,-0.3387433929715062,0.3648464830770527,0.4091075433766405,-0.0025762512427243,-0.4388364371054533,0.7230385529504895,0.6091075719881227,0.3003745674156046,0.0615121858227029,-1.23562809233786,0.694588166556657,-2.2521326629923,1.8755254456296044,-0.5981828086808251,-1.0640581503858768,-1.7906848658176575,-0.2210795300648377,-1.2920392591739318,-1.8909596053249067,-1.9436761172334085,-0.0646713369498694
TCGA-A8-A0A6,1.3361860972830404,0.4892321206246676,0.2469401452000297,0.4734563643875089,0.6374395554984637,-1.2737040492001224,1.2529179067491276,-0.8826704485074633,-0.8218129992810527,0.0234945967376117,-0.4948757692856004,-0.2048151992154955,-0.4135682409727731,-0.8214506150591729,-0.5128545096888536,-0.3921661032702342,-0.4114433417145604,0.8269184153615682,1.1157444812907016,0.9321518862349586,0.7196793860033057,0.9718147428460844,0.2221602574956117,1.0137023288298392,-0.3619309265675957,-0.1865023539546215,-0.4667318465589838,-1.1659572202055597,0.1435468569983379,-0.1655054559965955,0.1986365047198351,1.3045101166740585,0.2661594910567367,0.2621535333314943,0.1399617301968507,-0.0023966671818533,0.2574703910644612,-0.9847956776622028,-1.3276820010166188,-0.3834260764911423
TCGA-BH-A0HB,0.4447372417967578,-0.3958931859672862,-0.0607953386939069,-0.4706889704887657,0.300033907154947,1.5075068247843595,0.3247218255454241,1.4512752935336115,0.7343856398326958,-0.0826973852606963,0.9015593539337424,1.7255577692307291,1.186016297830894,0.625908983478075,0.5590712222199605,-0.9933242021193188,-0.0188802758215943,0.121259266781909,0.0795017831686939,0.0665568067773574,0.3086512335734707,0.3360303818175964,1.9264761621829736,-0.4874673079365982,-0.5470085895407644,1.0780612300512316,1.3560774026538935,1.2137243372095547,-0.3615259039035561,1.6280548421638574,0.6861845975104788,-0.0038422062249729,1.2071723146042508,-0.4453046654253342,-0.0385055003952349,1.2905690842217674,-0.6106405542254801,0.8250963195237233,-1.168160697313892,1.3366451565185418
TCGA-A8-A08B,-0.0644137773999483,0.2996323486346386,-1.363900319298431,-1.102095215344597,-0.5141021381318631,1.1840296172444065,-0.1571281620055737,1.1872370127192546,1.1027824426725583,-1.17389714787941,0.1357634660362613,0.563912078031537,0.4198363399790255,1.0797633709897565,1.7775241926384786,-1.4310145232791354,-0.1043610343602422,-0.8310939205520709,-0.4546650804669252,-0.3199980125571079,1.60842875886728,1.0160783275918668,-0.4642315374322616,-1.099833704443979,0.3834004940575531,1.5080959210236111,1.4760406648290652,0.9913263648115426,-1.3155151694810518,0.4878461625314868,-0.7997022688318647,0.8628830871851764,0.498409205758493,-1.3850977483293954,-0.4260543993732971,1.1128889777082296,-1.4217749207201211,0.5721033882691878,-2.1976099561630784,-0.976265084082956
TCGA-E2-A15L,-1.032639340651417,0.8042598796290507,0.1006315148983507,-0.5256728537375925,-0.0414964876847617,-1.3587562282280936,-0.4503265581334929,-0.1960390748611609,0.3138342070557947,0.6714940336890163,0.273117161078587,-0.070091872751728,0.4859574669003088,0.2832615140034509,0.2311342397143498,0.7876927518178116,0.2819578513078776,-0.2552612628893052,-0.9172957379261178,-0.6667796915614286,-1.3155305931840109,-1.302440193825948,-0.7314550489850375,-0.1663623463635552,0.7365456091351721,-0.310695002706396,-0.0889911101707006,-0.4679229895637977,-0.2956166036424847,-0.0101060011717764,-0.4886518964314695,0.0413189074996647,-0.2824395892472713,0.0973830690905222,-0.2221451587981701,-0.8367026758748419,0.6141499278034396,-0.7031377153148419,-0.3968046447861585,0.3928946856370221
TCGA-B6-A1KC,-1.394529954737001,-0.2768549119110798,-0.665217095662486,-1.6064824179490262,-2.6444586235615968,-1.263702053924587,-1.4655000453828635,-0.1356282346143424,0.2531921798559993,-1.7313259105269891,-1.0014001384337767,-1.6584452245467132,-0.6577394096953727,-0.0107268143095518,-1.810085615765176,1.349757700332275,-2.1995513995687896,-1.5291796866659453,-1.625250176287401,-1.6497984119217777,-1.8683876449631904,-1.987756765584184,-1.0603510372971006,-1.2456603095612435,-0.1188792475081182,-0.6655556943768951,0.1328199781835611,-0.0472058369177724,-1.3769793389953309,0.2894157397651176,-2.854424701960633,-2.3806643591598347,-2.9640411499001265,-1.080349456671332,-2.0315009500289127,-0.1231072543202154,-0.3779359990455524,-1.505287078329247,-1.0497428599136198,-1.413052626576054
TCGA-E2-A15S,-1.9086161672465392,-1.3337021333751724,-1.251670278366013,-1.4491191259486125,-2.5936694190486684,-1.331288820970162,-2.5060754193478374,0.9275338148336716,1.3477511347171758,-2.1507090712907497,-0.6835499967909021,-0.3406889053785508,-1.156531560016814,1.287724097967234,-0.7343827483283482,0.4491504454302614,-1.5327774950042674,-1.4817448200917116,-2.002310333819448,-2.515782658655915,-1.7761965942256366,-1.9647745009816984,-0.5747107586516927,-1.8972682151612048,0.965553392518227,-0.273015984419495,0.5750504560362266,0.0635660271585163,-1.19508526112307,-0.830612915674096,-1.819046969996515,-0.3915719867146988,-3.347102096361764,-0.7243333951550254,-2.240387167149309,-0.0518614799052581,-1.3122690937996222,-0.2448655013686594,-0.4338182786242018,-0.8605228219445235
TCGA-A2-A0YD,0.6790566248289197,0.2519905191441284,1.5157569172531091,1.1655821741216954,1.9849133611121457,-0.2519430278151223,1.1804590925575924,-1.4956094301276668,-1.003281425390326,1.5293744783002632,1.690125467551344,1.5687970084905662,-0.0590423170535045,-0.7707813235211858,-0.1841206034752017,0.5017693892965044,0.8812968978154527,1.228699606014695,1.0679234823891623,1.338341610802336,0.7420120555436818,0.8225209437750437,0.3088658239114673,1.3767785577041078,0.4824557620955796,-1.0734396719017814,-1.60536166977352,-1.232554140419902,0.974766510235365,-1.5016629799403245,1.3507135577554892,0.2867843978787634,0.0532748921141743,1.4225925708781242,1.9390319971900103,-1.0233398099450852,1.346105448562473,0.1439436189803987,0.4808627409562678,0.2739440228110479
TCGA-E2-A1B1,1.152245040848525,1.5820494883048672,0.3434793342721911,0.9586550150908928,1.0617837836607775,-0.8404219013826727,1.5536108297241813,-1.4223026507365129,-0.0890978434180419,1.1479106953789509,0.4234235718584865,0.3001765545549127,-0.1377015747392721,-0.0963736825818783,-0.7702380075429854,0.2282563846280075,0.5996077797347156,1.4699139376068069,1.3087921480142914,1.5046139082332115,1.6904546824957227,1.6186753764629709,0.7231498085525493,1.7383768580070356,0.5871316923503943,-0.0985109829858304,-0.6613296238724382,-1.1055584385071064,-0.5746823476570972,-1.8375769721652964,0.604206352173314,1.031147831624838,-0.671876436223662,1.1793344299137507,1.243907115402234,-0.3963831628877303,1.293593578506345,-0.4289506646570269,-1.2684538052994052,0.3631495503029037
TCGA-C8-A27A,-1.060198992633222,-0.2144591851641285,-0.1451387413843229,-1.440962601291441,-1.73317098033145,-1.708149209610129,-1.457911509631464,0.5646057006494375,1.5094487376042005,-1.520017456373263,0.2368706834772689,-0.0023025600880552,-0.8391126698112454,1.5410402957825684,-0.1733480130089163,1.5631572212748113,-1.822954031692202,-1.034127598383916,-1.647123919042687,-1.4477558914428823,0.8832954802894322,0.0088739177975961,-1.5732600052424832,-1.0932362822131063,1.2380166969045576,0.3087019018232794,0.9336966587969396,0.4515406004373885,-1.9872684909669347,-0.9143715579124092,-2.231118697315643,-1.199512436119849,-1.9288238828740325,-0.8332904014528348,-1.9288322599827388,0.9574184861500012,-0.5334047947780022,-1.1719609337426138,-0.2278118629451857,-1.847198010223604
TCGA-A8-A082,-0.7847820061745193,-0.7664974605714269,0.3508654740908353,0.2508545093194347,-0.6403995987907133,-0.2531818611753124,-0.8901451292756164,0.3324238961077955,0.670897780324807,-0.2040002809383367,0.915495695623917,1.047543907300921,-1.2365121977482332,0.6839366691590214,-0.4592935603323937,1.864791737073212,-0.8068837225543017,-0.3717857494313701,-0.9735931860331282,-0.5359832020726504,-0.8502716866209403,-1.0181318466718692,0.0566719648442069,-0.591282937148487,1.247522125080993,-0.0770193219534956,-0.0179273685529216,0.0972577868989851,-0.079256155576763,-0.7728096438820625,-0.7976848147000207,-0.3449622302233622,-1.823551613079785,0.1598791541465275,-1.2546312369737629,-0.8190004416556617,-0.1840461382935677,-0.3588245241753904,0.0233603597119076,-0.6071734089531633
TCGA-D8-A1JI,-1.111958568259959,-0.0410415131253964,-1.183514725284949,-1.778600637160489,-0.9571074481646964,-0.406586220412195,-1.307863293467109,0.1246408547522748,-0.6506444061724523,-1.8188949734594588,0.4932019912589009,0.6838497729631533,1.0194609792771436,-1.1621178344263223,-0.3197158952892358,-0.5767821117833483,-1.9318888545297457,-1.952960884486047,-0.8371943300076992,-1.1067211597310749,-1.218363086976003,-1.3747167613293314,-0.7510533615875565,-1.6102607193128695,-1.361406678598548,-0.6462506152492059,-0.4715478861268928,-1.010163979845642,-2.123149468805388,1.1970793252850436,-2.1383597623406643,-0.9326418793411928,-0.7681378880868115,-1.3517939211314571,-1.0401388456197436,-0.7470015254889381,-0.6616817578527017,-0.1112860779382449,-1.119897789128584,-0.2888546261018246
TCGA-A2-A0T7,-0.1576046633835985,0.364888146021781,0.4649405038119847,1.0999049815247186,0.3152788062715978,-0.249791295358473,0.2494425819391876,-0.6838807533899741,-0.231104036558852,1.0917727465292648,-0.0346770296746265,-0.048823725465186,-0.4957993271784786,-0.0101854362772579,-0.0019248876864176,1.1179277829338714,0.2231792741966637,-0.1964901313732141,-0.1270680489973825,0.3536683390448839,-0.0018369264472932,-0.0217324615030773,0.7104592202609917,0.3445997756493689,0.6682190321219204,-0.1246704550443968,-0.5436673396978317,-0.4156832106550859,0.6364887816521035,-1.0419078440109482,0.7444265217528477,0.4877178396850622,-0.7706938640744382,0.890388190527252,0.4812089494542327,-0.4797784467405314,0.9796718662169276,0.657251567873582,1.413578147328106,-0.2622354408543167
TCGA-E9-A1N3,-1.382800716601527,0.1223533668750682,-0.492836242391853,-1.905973058211516,-1.4418474439004012,-0.0968700802572076,-1.4448215162049003,-0.3037137181928609,-0.1654155978613357,-1.821683206793633,0.0301103994634284,-0.3956677389376966,0.3090673752324974,-0.1966936975428101,-0.6967582737515168,-0.3614767303415072,-1.9999554810114888,-2.0422812090690114,-1.6129075127510528,-1.664640939315505,-0.386948962049292,-0.9536603595472792,-1.1738240723236146,-1.3190143266051224,-0.0544276070993728,-0.3797859407234511,-0.2843702338231887,-0.2878448221689679,-1.7293215179534414,0.2941332701470009,-1.8987952311245715,-0.7493190628949292,-0.3552491723882736,-1.970112753832308,-1.810953583096332,-0.0466214546660032,-0.841655799111165,0.0085102134418358,-1.813463924460072,-0.0249680149341502
TCGA-OL-A6VQ,0.0927819381083185,0.810835776058025,0.9783055268380256,1.3603830654966202,1.8821397441123688,0.1512275206794054,0.5688047329283098,-1.1643590034989924,-1.0038809209680504,1.3933693178633462,2.084890585020543,2.258662960978778,-0.1081044339431794,-0.9188655705343484,-0.1699681998342119,0.2446421377288071,1.6753902707821535,1.0058790749352755,0.6881782218835013,1.1026115855668124,-0.3430218258894587,-0.0047563066397261,0.9170382679627752,0.8756174649723331,-0.2558510088930957,-0.8535709839377363,-1.356608821793182,-0.6473179443141326,0.5914695106886877,-0.8601157157939503,1.7655104928054577,0.6592266273465642,-0.266936959456358,1.2588997195157052,2.3796595757710057,-0.2783645293681737,1.2261619657124707,0.9501591981545366,0.804643742804136,0.679353856209355
TCGA-AN-A0FK,-0.7228327785722429,1.004207408093467,-0.2438853016211903,-1.0169136405681718,-0.5323970567801951,-0.3292315737116955,-0.3548357936684398,0.8141207233709916,0.0987069808866275,-0.4907923703487311,0.7516697242149845,0.5640679172110639,0.0136796015288318,-0.0780552056664288,0.9239467034718916,0.3879357157353005,-0.8937343129981643,-0.6674707053458604,-0.8990821340249405,-0.968536918545676,-0.3764265120136421,-0.7724528413475178,-1.8532082986974037,-0.8754474635317576,-0.5604810413783141,0.0422669402009177,0.2776298059686523,0.5391739738493039,0.1737359007668554,0.9068104682256772,-0.5075404073019462,-0.8973547816513581,1.092512317292162,-0.6093879272315483,-1.0228808837136971,0.2102537719771557,-0.7190511142183368,0.4445100819005059,0.6690244148752568,-0.0790917487392158
TCGA-LL-A442,-0.78491861183458,0.1036055860342874,-1.650444454202982,-1.3696146294632057,-1.6286818578779805,-0.023064589517811,-0.8766710763627957,-0.0875531095020444,-0.1301195063137585,-2.412563275750774,0.2986756736175327,0.0573564748768173,-0.4970531013355266,-0.4270193723912875,-0.7687769776799787,-0.722477770955104,-1.0696995152757454,-1.45058604360593,-0.667071378807244,-0.8487264298821602,-0.8079267002175629,-1.1325054523935598,-0.0585062840752401,-1.466561054572978,0.2092459388041458,-0.4050686563770501,-1.1036314757058814,-0.8727481527011833,-0.940897358237626,-0.2216732737505774,-0.554943249679633,-0.6262927881861108,-1.260688263333769,-0.9581165727589848,-1.4401457765104102,-0.8330406284261677,-1.0113831319482132,-0.3291832231956732,-0.0252948001171005,-0.6613173054792646
TCGA-D8-A1JC,-0.0629938238878371,0.6199130181571889,0.1547617905081773,0.4304080068751474,-0.077065249676599,0.7448701553295126,0.2423499004967855,-0.0896308753711317,0.5709168663699093,0.2972300874122681,0.457918472920004,0.5679020369262869,-0.2727658847686224,0.7456436390832263,0.3709267767843993,-0.6339649198890818,-0.3565711638150904,-0.1675303914747921,0.1111255266248906,0.2621906466695634,1.285336979421043,0.8820462498757763,0.6397218289877322,-0.0277074618225573,1.0986445538205658,0.7584841909539644,-0.2504871266740994,-0.388203131328834,-0.0985626586892346,-1.027029993891354,-0.4209968829796511,0.4525962113397359,-1.0020990728418826,0.6247326960206051,-0.5831377031985615,-0.1743561866510983,-0.1014713381970487,-1.0970435446737588,-0.2557360614127232,-0.4807934876468442
TCGA-EW-A6SD,0.7633593525325827,0.3827510679174182,-0.023181012959788,-0.2646904415050918,0.3280994729890919,0.5786642773434932,0.9294941728449244,0.342301156574494,0.2344130598904579,-0.1355711481163328,-1.0496134804180002,-1.4931705369633916,-0.8121738675172703,0.356042135055545,0.3898518447088893,0.1668832221844685,-0.0698674141014335,0.2645167854996063,0.6099473747022982,0.8255135565682843,0.5995428987151221,0.8724808122280724,-0.4241673062874643,0.2669082355623098,0.7504854609982499,0.9850886429419716,0.3295682019664514,0.6483639185127934,-0.2328913211960852,0.3129986741483675,0.3099407705522611,1.0127556143776095,0.8891345432285552,0.3147304120386881,0.4072100101902431,0.5214666038196683,-0.6568761489772309,-0.3394226161788256,-0.440170681161757,0.800093515768557
TCGA-A1-A0SP,0.4534204795304172,-0.1578187401794379,0.090062683902015,-0.0560771837368066,0.5057129660548979,0.7503388073134072,0.1694717677296471,1.1642285129764025,1.7580719433728182,0.0658870846294486,-1.3304353312979618,-0.769139524649294,-0.1116915387121286,1.7926221338316817,0.9548466469521436,0.9530636242608888,-0.0289301325711566,0.2813344962696908,0.0895877794770324,0.219716486309638,-0.4983222107197907,-0.2660532001757735,0.7445843504754454,0.2720532942467664,1.6145529690013154,1.7455002173443843,2.081015335410489,2.079283784923306,0.82035849967503,0.3156414662272646,-0.226212455227809,1.683368692454344,0.9680612746108758,0.4451862331997501,0.437638561463745,0.8480723233253035,-0.2110454349069467,1.853694592512076,1.6407289820782789,-0.7168996189283856
TCGA-E2-A15P,-0.9034739149049652,0.4674690138030226,-0.2182657108750498,-0.1412954201011015,-0.8836827977543121,-0.210852397161223,-0.7148672678308812,-0.8371447519499264,-0.7423794682746385,-0.2928975941840282,-0.0064303676938751,-0.3716457370491403,-0.0325841962684052,-0.7819670273932375,-0.6057992864766811,-0.4795107991162664,-0.9356078822787648,-1.01974737570972,-0.7844964077084139,-0.909652729851093,0.2588425249679202,-0.2481450144101851,-0.1476358782357572,-0.667503889162777,-0.1989144850470734,-0.8023153548198614,-0.98880143449445,-0.7937925508913415,-0.3631640580954692,-0.7196727304566811,-0.8652393639104775,-0.939498175672304,-0.6420000394745516,-0.1656527755170656,-1.178898724262912,-0.3795461594369818,0.0931204071627358,-1.1780484069793682,-0.6420033812074916,-0.2500066595191283
TCGA-AC-A6IV,0.8934094507555259,0.0756663200301505,2.1003632592460084,1.0615681174266869,0.8271914169384377,-0.0458047490353266,1.1147264121475453,-0.6605055369165235,-0.606231576636753,1.2804192636677,0.72854655104101,0.3606449485447069,0.7919126294078239,-0.5593329284952584,-0.4944552429646173,0.7777346937686744,0.7424270846021515,0.8432910159983077,0.967565094047805,0.8261138038936466,0.3629889532546158,0.6121909439820981,0.4610234508786703,1.3870945380313144,0.4223852881237253,-0.9530979101859416,-1.1334822290655682,-0.911740007882922,0.9407894988946036,-0.7515281260571608,0.7756202487855074,-0.1292157585606778,0.6314255664755566,1.1340635588179635,0.5432042602285037,-1.1049638673887725,0.9374084732603384,0.0852912193542811,1.2177595845975238,1.3954494367110672
TCGA-C8-A1HE,-0.7342248541732636,0.5753879341049446,-0.0012397056534345,-0.9370882315150428,-0.8451348122298856,-1.1661791773700587,-0.2697407602118549,-0.5136642251763138,-0.4666771997796183,-0.6872630121964823,0.8632291188832013,0.6729444244273198,0.1252091191353289,-0.4545454324759852,-0.0495486389870547,-0.6338645927442623,-0.9850270575784532,-0.8079571005416939,-0.648785141483222,-0.5475867945963726,0.0565758581433772,-0.4523438328808456,-0.0133985733141663,-0.4443245266240632,-0.1095657867756945,-0.5419503425096112,-0.8922736930236815,-0.9911645958740004,0.2831741876702778,-0.296505973897499,-0.5999637367087625,0.0034570353226551,-0.5313749806170815,-0.1585566567936983,-1.0255115764635965,-0.4151238296464789,-0.1558791766474321,-1.1213079896994056,-1.1147673723069216,-0.2858164905036629
TCGA-A8-A086,-0.8860278777125927,0.0121322217429688,1.436286170653828,0.3254333524613,-0.2545101439649413,0.3558894961758895,-0.2659981058784337,0.6898371544028417,0.3899314512105133,0.7768984584986971,1.2853518571415985,1.212688423697252,-0.2267543489034759,0.1909367081117264,0.3962390604758727,0.2447706581299404,0.2842983162764779,-0.4590672979102665,-0.9013533550044148,-0.5966300283648813,-0.2955990884982245,-0.5828982668845089,0.3996220222873478,-0.451349646381762,0.2585925669882197,0.5424275220494978,0.4480466648752373,0.2173385344936811,-0.053410351473114,-0.1732693102057086,-0.3631929396883472,-0.6669418030434986,-0.9354142975082717,0.3344046452536617,-0.9125169956769632,0.0721227301547613,0.2887778146757858,-0.2031354217460838,0.6051761432894539,0.0725130260330459
TCGA-OL-A66I,2.619299944957376,-1.4499960890891703,0.2976324562620286,0.5227450332743362,1.418282706314547,-0.2605324305109216,1.446252169324287,0.9895249025497856,1.4019352920857986,0.6823975766766089,-1.7693209983962188,-1.218931239236425,-1.145862594114429,1.3630608912150377,0.1468084066693695,0.1823614093395859,0.7111155258495411,1.8777469659369808,2.1124928802934773,1.6503046903657856,1.5826456109409028,1.913652421604847,0.8313030415964439,0.4598083050417252,0.5409444911278365,0.4570245053759337,1.5566913303886518,1.5770996396883752,1.3375178387114994,0.0230787139711464,1.0449220096990055,0.5226889193999912,1.3964370681335252,0.1254439481579795,1.4887099021203034,0.9797082316905354,-0.5895999812937994,1.5512325645695697,1.805506337327809,-0.75742754568581
TCGA-E2-A1IG,-0.5479488024376098,-0.7880361327813882,0.5410996635022443,1.1606662068409332,0.2775860709879491,0.4298972560043254,-0.3201959088201914,-0.224237976467697,-0.4253679209394825,1.1732321594268926,1.0618399252233928,1.0145939335317204,-0.9802496797687256,-0.3221875608100586,-0.3476517415623461,0.1643672712147884,0.2447467681261627,-0.2896504524649198,-0.4013863848892052,-0.0973842078731958,0.0577285811803723,-0.2827122765073078,-0.608221137188176,-0.1089277233368212,0.2043157759027184,-0.6473753749416741,-0.5780927786205395,-0.165205023922811,-0.3933639908417154,-0.7626939794874104,0.5644158394626261,-0.4340579549128744,-1.1543089101434367,1.515057402990735,0.1016143978227952,0.6876525582932161,0.2576297628934476,0.1098864214543363,1.054718866255374,-0.058472694109561
TCGA-AR-A24Q,0.5606841733869617,0.1951212522739757,0.2434935217817392,0.9167946924866665,-0.3611305686773042,-0.2652453586314715,0.0542638110672235,-0.2718016653014451,1.02081420742061,1.23253378008739,-1.2391960923948429,-1.0269424131510003,-0.7753118590123546,1.1954863600623764,0.6787953814821291,0.4998850877468881,1.3850064140512175,0.5024509714690267,0.0484073688376453,0.0720247769873418,-0.961589932238903,-0.2745262869159907,1.3461383202062265,0.5002889904100191,1.5292591063563408,1.0993447248921318,0.8362024655037683,0.2921634619800543,0.4998131374731298,0.360714825826766,-0.5500231440252239,0.6584194516100244,-0.549670051169897,0.6405125562478657,0.1190389461243094,0.4134783532291104,1.0289734135669015,0.5231257077920841,1.0962931433151557,-1.4787660563399394
TCGA-E2-A1B4,-1.2908118284456835,-0.9968304569395334,-0.5844543965004275,-0.9949768153661966,-1.1400779869045123,-0.6567672267182731,-1.3391402262834569,0.52964268530151,-1.272360274365474,-0.2680130509741844,0.5106037396814209,0.6421711348964969,0.1649353065960291,-1.6252049686847252,-0.6121244390017744,-0.6845504344756591,-0.8368258616693162,-1.4143377371410308,-1.3982372186184049,-1.298276760872245,-0.8082670039396729,-1.3316385552748882,-0.0755207354482322,-1.427054202791422,-2.136472568796884,-0.9485071355505827,-0.6997693524601344,-0.6152999161628289,-0.0910664778661683,1.2403992312114072,0.654199218295387,-0.9502708586351144,-1.0821188350944706,-1.3638954998476296,-0.9833004854056788,-0.93195376408389,-0.6913837050080858,-1.3322606937194663,-0.6400747127451902,-0.2081267265491683
TCGA-B6-A0IM,-0.8836862967909989,0.0412552688575652,0.5603656364840033,-0.1261185140600314,-0.1334554388784863,-1.5970807796408342,-0.3942817818820582,-0.2553996291991357,0.2259836261581231,0.2413429266629365,0.7652777111120391,-0.3309010089084224,-0.926416282282152,0.3542899490018759,-0.5427484270176341,0.9179398858857905,-0.4540193087684092,-0.482896099603646,-0.6840948377953251,-0.4722314590838395,-0.3255214762437469,-0.6114583282931536,-1.2969978195388514,-0.4143483142478615,0.7006848177041554,-0.92941698221762,-0.2284814968048908,-0.4928031596384494,-0.2546327965143687,-1.0357988684999668,-0.8780605230017405,-0.4322915277817232,-1.063337974168452,0.7667959600528587,-0.6585946888257088,-1.0462227302058829,0.1653585703454861,-0.5881271880089461,-0.1847024345660258,-0.7183360765220121
TCGA-C8-A12T,-0.1703112850801269,0.3112295607781857,0.005529269762468,0.6400153266914117,0.1604895455765348,1.1026996031412486,-0.326534379500513,1.233292102066921,1.1628802171228432,0.9473486730767872,0.6485593033283138,0.7488468031762491,-0.1133493726640588,1.151636748630497,1.282656939601157,-0.1762091760191836,0.6508601565556373,-0.2247229055045398,-0.3093801696340873,-0.1306012867506963,-0.2903290122472965,-0.3233239193013778,-0.0227747876522228,-0.2535651455725877,0.5862639727032509,0.946254338187084,1.4125491602514988,1.1682059529523323,-0.0761983666395193,0.6003649126608945,-0.0728487120406989,-0.2859779483323624,0.9323464529359408,0.4103095215120218,-0.3663848019467475,1.07473355389616,-0.0459767324718331,0.4094547370060876,-1.138003376337369,0.0792094266318244
TCGA-A1-A0SK,-1.8981041950345556,-2.0817333890467142,-1.6727236667653127,-1.4832048333464218,-3.355266426449004,-2.3116573928852127,-2.5541935643301223,1.1693644742994174,2.602461878248669,-1.8064532452974107,-1.9233468068382311,-1.878022865129257,-2.467526980870255,2.396912775831767,-0.8412475356055574,3.0027520851635723,-0.6922451980346315,-1.6574682093681246,-2.079623985465475,-2.593269142155689,-2.777055201876832,-2.858582209963933,1.1824538034581802,-1.5298640666390777,2.3932899323384142,1.0935024741261865,2.1899698826271607,1.5934969817810536,-1.5800349214495315,-0.745595115141791,-2.8438363613842275,0.1195468443832809,-2.033943153840387,-0.2239972911842689,-1.835618408103792,0.077292557389186,-1.2428256961641528,0.230995340815393,0.5711326953451729,-3.564556197794296
TCGA-D8-A147,0.6700578390539503,-0.9474871447182628,-1.3927261369746649,0.5049745503816268,-1.0601983502027368,-1.2860030818152677,-0.001766468580115,-0.7990777007394801,1.3522242541984124,-0.2137016869189381,-1.7694169957459955,-1.8591219044490257,-2.533199593823048,1.5732326938942858,-0.3324442308836651,0.5075708218858401,-1.0884572421663303,-0.0698622413703875,0.0878831683511399,0.5342094077050129,1.571301404272641,0.9914354601436648,1.4217487448666823,-0.1884876655870039,2.2183164933843003,0.1048162204837899,1.0024482894333848,0.6347940495986665,-0.8395143694702417,-2.6037258053001064,-1.7783842354552626,0.993597353218762,-1.3300642894194452,0.2353709927387965,-0.5902167540536778,0.2772312967426174,0.0136529372083359,-0.0159331906627649,-0.6633698193956394,-2.3758312306322225
TCGA-A8-A06P,-0.2782808123067719,0.2289839400369075,1.0905038961942104,0.5332228943148146,-0.2030565294258804,0.4790343573908982,-0.1685713963618376,-0.1973097774392521,-0.9727545341326376,1.055041959363068,1.7616890143641455,1.1915838734643958,0.0918605936183274,-0.9588768631740662,0.1833535900161542,0.2023066910218304,0.3132901159888037,-0.3266917877115957,-0.2697049418970014,-0.0571431612673061,-0.9902050652303984,-0.8645343000382214,-0.0577546608131838,0.1357727260930588,-0.633940452176602,-0.1409019674434633,-0.4738466550763832,-0.3259478084102474,0.120426512073113,0.0076768237405117,0.3788071732404926,-0.1815060418071651,-0.3079282570001665,0.613679267013989,-0.6099613044574662,0.5544314106733571,0.5429002430775149,-0.2926674354848507,-0.1099540652710976,0.3236606788081427
TCGA-A8-A07J,0.5161185234852126,0.5736191799721142,0.8036745031413913,0.6632724700334349,0.0121360765103373,-0.2614454173773649,0.8728815298170375,-0.799971115360696,-1.1284416773037464,0.9823963204098624,-0.3033528726224361,-0.5845981955880158,1.2549302411759662,-1.2555153913868229,-0.427336578906391,0.8244799386274462,-0.0602860464467375,0.3490416824193095,0.4914105763394318,0.329371640409018,0.6527554669415854,0.4220087597855986,-0.7951091673452281,0.9494708288487708,-0.5868320945467421,-0.6949104975963695,-1.5046048242176109,-1.72256356569199,-0.5171286581181401,-0.1206088497542474,-0.4541679847006755,-0.8692592861506819,0.2106168218375181,0.6369315574817707,-0.6929016696984033,-1.5086716355185592,0.7989134006033077,-1.062982946826584,-1.4325433358074575,1.001820341664209
TCGA-OL-A66L,0.2937971991184301,-1.5668318577848668,0.4699866216395332,0.1487046864445339,0.672391861216134,0.5632036547256091,0.113186256214858,1.48140655718328,-1.212057215793043,0.4009266210936497,0.3017037267732995,1.1754990084064558,1.4416397268131176,-1.7020356193815842,0.3000627957022911,-1.7370729236403222,0.709976201438025,0.1775652840329031,0.1963393909068633,0.159232889382259,0.1794913784186274,0.1465020077990924,1.3024591234724028,0.2806334845255528,-3.273759839356678,-1.191460821562706,-0.4803612601383509,0.7418155333573313,-0.4634333108094943,1.9664240858373845,1.5920635983778495,-2.023215865610824,1.3993634676280784,-1.237681140341912,0.9712789844871702,-0.2339217322683386,-1.0573962421947491,1.2177149300608834,-0.6159733551800275,1.5138468015661846
TCGA-A2-A4S3,0.4156311707531203,-0.4551105866435858,-0.3930560328339389,-0.6097808138320497,-0.3004494497824227,0.0449199874544271,-0.1476824435903967,1.0394921447106449,1.419341518016333,-0.6564889023959907,0.086010612108367,0.2320379791493952,-0.4120128403351549,1.2366511017887494,0.541080783989588,-1.5889593678543257,-1.4094561794573222,-0.7738439465201512,-0.0795351640106024,-0.2655414997201884,0.5999363946087773,0.2181786893233092,-0.739982997653315,-0.655251936281529,0.6929167150670453,1.354263004808845,1.0618397066725496,1.6837664710910012,-1.1465791549916269,1.0015916852754103,-0.9341413668166482,0.9003839319997858,0.2471637462553419,-1.55201076757503,-0.9653431426415576,1.1045378755316348,-1.5570273282892908,0.5803124533024238,-0.3393416026400093,-0.1366430955989954
TCGA-AR-A5QM,0.2194922345219121,0.0300029472510651,1.3498086353271277,0.308553792154585,1.1188484725062968,0.2948719984336536,0.3826440863279725,-0.2278703652109112,-0.6084310555752964,0.683572328280164,1.366024482193308,1.7224391239072028,0.7246492684272189,-0.6382590748609722,0.3539678537363571,-0.102671593714516,0.6918075048991666,0.5540383070537984,0.6931551460131369,0.6559449066394885,0.646479041940345,0.573614596561212,0.7337252117329583,0.6662785916685726,-0.623755924688778,-0.8610174258046579,-1.04204130202004,-0.5679792995672973,1.0642442701814712,-0.0206212075909922,1.288069126254522,-0.1814943374044384,0.6287952704200233,0.3646255301906457,1.352031522127093,-0.3677257730529376,0.0756049101052895,1.0366839055658192,0.4886637268588068,0.4046984196182805
TCGA-AR-A0TR,-1.2239446194419452,-0.5481585202156478,-3.744008525225174,-3.1023385514836006,-3.103863214872372,-1.5881989517469588,-1.9007990029869208,-0.0539665627105092,-0.5932933851774935,-3.49027315220096,0.4258829077025425,-0.1152499172607257,-1.3081682138272426,-0.6220121472678006,-1.6196565173027024,-2.022836395315395,-2.80309024972136,-2.457037378544328,-1.6648335919620068,-1.8010252985116015,-1.1837662666399849,-1.5687159294883457,-1.5789424740447524,-2.50585257426936,-0.6496473491037396,-1.2109669910703105,-0.7182312900893602,-0.0162802065589378,-2.097322103350584,-0.5813230647071849,-2.520189951872862,0.0328739506900307,-2.369354169991154,-1.9729491240927948,-2.5274777693335424,0.327999092558184,-1.9148868378369963,-2.909123472846953,-1.2428238023509477,-1.8398064176763875
TCGA-D8-A27V,-0.5257015900240614,0.9533935239752892,-0.4656155021053469,-0.0720844388463871,0.1452326349817115,-2.2159165808841497,-0.6947533152050968,-0.8571148176617546,-0.6361682113687146,0.152842053305991,1.160811386744879,0.7480203849917124,0.2964542895762576,-0.492657518373267,-0.8985926564366,-0.3309525099639558,-0.2787123214576206,-0.0606521579252337,-0.8861267169987088,-0.5258873424184644,-0.128029688297843,-0.219996804716904,1.3632420872745885,0.0291703501030036,-0.3124180644648417,-1.255053913948232,-0.4340086148600943,-0.4994358393247778,0.6947330585292372,-0.1999346229360143,0.0522717525352152,-0.104054157728112,-0.713215124115323,1.1352433011315315,-0.3632843176479601,-0.7339719421150989,0.9863334082299184,-1.3601592841117995,0.1413621377497692,-0.0365004142558628
TCGA-A2-A3XS,0.0490989091240953,-1.9653934656785697,-0.5639840388242722,0.6312455356969741,-0.5279476303926263,0.6754890319425907,-0.7937874955734705,0.6865122712972187,0.9835023358616748,-0.1122856506594993,-0.8679895226965693,-0.5506900129577379,-1.2710608719901697,0.7621668170740941,0.1659754521276459,0.3940623467135037,-0.2377800641686177,-0.0964228072393794,-0.0959050285308707,-0.3298564155998091,-0.0924469649267216,-0.1836177821530151,1.657310459500336,-0.2673046440319541,0.410912099256347,0.2421905279891836,1.1184349873421309,0.759161546364319,-0.0603769620523893,0.3761944480860727,0.1587878879890058,-0.237126487220959,0.5607296183804524,-0.6027511623975864,-0.5206482814732998,1.5471003151134577,-1.0963931565716545,0.8673876434912792,0.8676279769372001,-1.2131870110979122
TCGA-A8-A07W,-0.3437458810080755,-0.0545408447976288,0.6643648876407758,-0.2654930313704325,-0.1515700826838032,0.4991829159479742,-0.2028923346195395,0.6324578104062067,1.1626545939910369,0.04935322751304,0.3483358299592437,-0.0341160380039647,0.1547676169334307,1.1768265419842014,0.8787649724290755,1.0858739347556343,-0.142264203415994,-0.3448854592785203,-0.3013697775559339,-0.0512376717559643,-0.6344418118201495,-0.637355076277196,-2.1677882424073576,-0.3570273443844783,1.0756612128336025,1.4434687637171997,0.3839232138944345,0.4670210481427627,-0.742670860494893,0.092339748629103,-0.3436561940895276,1.1089903868706508,-0.2065684674753614,0.369232188465241,-0.766752044533375,1.5789305252795434,-0.2463125223174828,-0.1004715301701435,0.4192783029572013,0.0332382178028142
TCGA-EW-A424,-1.353363337733104,-1.5410369533257915,0.211299779763732,0.4627358886422826,-0.4287118954592185,-0.7057758608326402,-1.7542045384266014,0.6873941485827115,-0.3266086881735301,0.5037022063943755,0.9292557786702283,1.1425449788498565,-0.5512565618205374,-0.5970524912088713,-0.124898682641936,-1.3721135394117412,-0.4744949536495819,-1.3062644494204187,-1.4908969746383838,-1.3499396129649637,-1.1192721844547735,-1.4103403729092194,0.4750169051675991,-0.9330708775322516,-1.1618637528876503,-1.083751512566658,0.3535662522670636,0.682961787454786,0.7639061226983934,0.813567381585547,0.5181356287084958,-1.5072627807022854,-0.2505840445074609,-0.1151509883741819,-0.6232415078764297,0.1616350140669986,-0.2315484417064398,-0.4075756124191099,0.8074224284470717,-0.1553012099683188
TCGA-A7-A0CJ,-0.577363184591506,-1.4696618626265603,-0.4664418364372656,-1.0428810212563833,-0.5463995821333538,-0.3955017591689868,-0.8015051684869713,1.2463408792684334,0.9819856750154876,-0.857673046504825,0.7309009948665501,1.2348447004154732,-0.0016214292930055,0.9289859847884248,0.7325356595798201,-0.786745820875487,-0.046828607922294,-0.6519400286057446,-0.6222887700743694,-0.5145269973308684,0.9616479776374676,0.4191092066243553,0.1341570676430702,-1.6652243376424285,0.0917202202562806,0.6722808352065386,1.3659346625859432,1.49455764239202,-0.748632382356092,0.5852738596533243,-0.6064716980644449,0.2327850369311744,-0.6677546026350866,-0.8303121431705942,-0.759678060001983,1.831046142734852,-0.770628178454185,0.1113894456399861,0.277354873284455,-0.3813741715205311
TCGA-S3-AA12,-1.5998571473783054,-0.7568746855001222,-1.3948968260901715,-1.352572123751833,-1.876150837203116,-0.5799024876262903,-2.2770669496764206,0.9191639071104974,0.2037292175631273,-1.3381560213448147,-0.2783892361573181,-0.420043247609239,-0.1891667070612667,-0.1177917995368585,-0.0194293147723295,-0.2623341485616144,-1.5350087842770888,-2.3081443846348835,-1.7397320709225454,-1.6062244468276434,-1.1323659095239031,-1.5471803142569844,-0.7317931553304993,-2.207428862599932,-0.2551916038308763,-0.4008564955809958,0.2102561844707698,0.3952600320017056,-2.120182055557194,1.1249027299326757,-1.985287464047988,-0.8977228181456149,-1.925793347587209,-1.4122264982626684,-1.902032973688588,0.220131725665702,-0.8189716760405081,-1.7405265442042055,-1.1074487984418704,-0.4070864331478191
TCGA-A2-A04V,-0.3707173556541995,-0.7142471757948542,0.1347926281246468,-0.2691577409803968,-0.1542148775240061,-0.5563461088446007,-0.5172243088742527,0.707585713976586,0.1324005116068736,0.7378467565915223,0.1832409405185643,0.2625357196783952,-0.2439392978544035,0.2145037799553514,-0.5367589869795395,-0.1270469417287511,0.0225708219867651,-0.3820439809474603,-0.1245192339038007,-0.1573811190099032,-0.4293316084707533,-0.5644805919747851,-0.9852371857143573,-0.3910631614035026,-0.0596250382831104,-0.8635407632849533,0.3693339473807137,-0.0771134670657947,-0.8682193097517632,0.4105094557106172,-0.3655503594299839,-0.35095345224603,-1.4964368035627127,0.2947555922278821,-0.4234183285613404,0.0509736482595776,0.2534899522053557,0.8511624649032158,0.2827719886860626,-0.3938908495649599
TCGA-AC-A2QJ,0.8881331860696007,-3.876974224603991,0.6988061040847207,1.0192587252878451,-0.2180400916147893,0.2257031522880601,0.6995264336674994,1.61822819559671,-0.2887853355556687,1.0176133894353596,-2.8875492358655093,-2.113098432659898,-0.4577537997044379,-0.561824332333422,1.0019786897114762,-0.9109004549771754,0.8623007348448056,0.0550624823351528,0.8169590563766986,0.7185308906961355,0.0918455766777307,0.2233624940218874,1.2611663988864112,0.4871913146291033,-2.307556437682073,-0.6554814852840177,-0.1037356078069765,1.4374892273678757,1.1824371905544626,1.347471743784232,0.7668270285310759,-2.480140476416162,1.461258962265814,-2.5509934207371225,0.3622480011606655,-0.1134817648633158,-1.5098455810362503,1.3445741493529308,1.2196363173251452,0.7714355138445786
TCGA-A2-A0EV,0.3533513432949633,0.5466130001712975,0.2439584275314272,-0.1595036080112644,1.0767253784234527,-0.049951937684399,0.731723469290956,0.2308037736774309,0.0989461346262539,0.4732762931972039,1.0884959761276156,1.074321365624945,-0.0229376533461703,-0.013861065886859,-0.2181638410845429,-0.0239651815351249,-0.2243770244306641,0.1731531549748933,0.2657513862689141,0.4102079514334444,0.7038961613704761,0.5481620430303179,-0.5847219330672123,0.260585539875269,0.1060397430978545,0.1228742169814453,-0.2082538567664633,-0.8308239712449963,-0.8732063832225402,-0.3235793036233278,0.8251652238085619,1.0497357672500596,0.5059915472353096,0.5301052228039961,-0.1544027871619875,0.133693562949401,-0.1293823183762297,-0.2943807868947781,-0.303369044341034,0.6810005607986606
TCGA-EW-A3U0,2.357763357299896,-0.7011291363085149,0.3159588885216631,1.1387839286090822,1.4406609938872847,-0.0400230182011629,1.7652287846891452,-0.1805468218223815,0.6963964828845948,0.6023872479096289,-1.3186469983412832,-1.1240862415152566,-1.0899189424833768,0.8332894392499612,-1.112533128534127,0.7735105033093835,0.3071318120080652,2.052134233208148,2.080141148934816,1.6717203851938285,0.9044970483636272,1.5594528535993886,1.135556997363989,1.6644919760099328,1.4859445085993452,-0.1573113250784015,0.3451176673047556,0.4570139945825672,0.673384964180596,-1.055190246820176,0.1032393722324142,0.1726580580513716,1.2725930287482077,0.5002487920604922,1.6487328125810494,-0.7413098491870831,-0.0492107327859173,0.7338657226420708,1.847956893348082,-0.0597886478834309
TCGA-E9-A228,-1.1254242094333056,-0.0775715111989191,0.6735519006348523,-1.18298670733454,-1.148936263611284,0.3119761216464905,-0.8881352458225735,1.1944075409155823,1.4271578974196295,-1.2162166823091507,-0.0597174003059359,-0.2472215861964701,-0.6082649436419666,1.2566663985667017,-0.3629205850705019,0.4842363913498901,-1.1593439061632418,-1.5794625524179216,-1.5134634030608698,-1.5988221956483313,-1.6847876314565255,-1.7251332977485578,-1.2727329449148137,-1.1108556770339155,1.235900954532284,0.581107163402445,0.8690489607099288,0.2564122904501092,-0.5830024031224886,0.3396694902360414,-1.3465923480837598,-0.9816399508770396,-0.6718865710481834,-0.5905299971950896,-1.980305450904404,1.0431760365492146,-0.5855044706226673,-0.4462001206551643,-0.4874611010246423,-0.9802460209544368
TCGA-AO-A12C,-0.8950883784147332,0.8841790552324225,0.767607911617216,0.5797309379500432,-0.6835009567889129,-1.3603307203191564,-0.3627616906949344,-0.9244474956661262,-1.071928224662218,1.1656232746034547,0.672263305513111,0.1356921842983523,-1.2248821913393655,-0.8053741788337279,-0.9106473225786664,0.8396780137686805,0.0664986054074963,-0.4434537199167636,-1.21909169346513,-0.5702115961795474,-0.8253804081939288,-0.959632194632694,-0.3728402700139611,0.2959806373358188,-0.3582581218519469,-1.0952285159125554,-0.8017181365824304,-0.6202030864722649,0.8500626314611345,-1.027624989474811,-0.5520132827426542,-0.6044730074913143,-1.6212335627973045,1.223728454654684,-0.437451086348063,-0.7848170243831478,1.1837680574258598,-1.204919707484557,0.6038689122913382,-0.8084157911184701
TCGA-D8-A1XM,0.5627886730387295,0.0877382547911254,0.0952418329805507,0.6435489923313753,0.6296725909327785,0.5322942442684183,0.509624042606189,-0.9563638089295652,-0.0882654356189352,0.6533346665238933,0.6573263566470895,0.5096901095695618,0.0937743077606969,0.0629653306078399,-0.8053258027356242,-0.0220822981321739,-0.4588447101724383,0.3515890563168983,0.6248758996558319,0.6404885850857502,0.8516435902557978,0.654600985532943,-0.3870449386377033,0.6120708276159885,0.8535120217979866,-0.1630869852713332,-0.6765202153402569,-0.9495948911027076,-0.8875862645817727,-1.0129991611090916,-0.2372449567702534,1.1132159752853283,-0.9659494277178208,0.5520197770747696,-0.2892206101295876,-0.5541131262169293,0.7357017280297953,-1.026176063848424,-1.2904516321028945,0.2071337508742354
TCGA-AO-A125,-1.7065676424250866,-1.6237969118254942,-2.954448721874919,-1.6468165893980764,-0.9300788926834276,0.1977730025235475,-1.6965561875313744,0.4749707163395046,-0.6057197024372758,-2.5376204452149524,0.8524771878231703,1.137568292234738,-0.0731903384729073,-0.7984760485571266,0.1265946090064832,-0.5629543146458403,-0.3880095275849261,-1.706443020645603,-1.3844800164550215,-1.6657864802756612,-0.7147318099118792,-1.3133139088415096,-1.2331808176576051,-2.247442336382232,-1.435920195699251,-1.300842610529307,-0.7637136775070256,-1.06722399627791,-0.2389345660079546,0.3755587383720436,-0.115873204104126,-2.286787312327296,-1.1637802828909625,-1.4155144168157865,-0.7589104070421118,-0.7249214605811544,-1.0168016506845603,-0.6864330960852703,-0.4805273367488309,-1.0829882907758936
TCGA-BH-A0B2,1.2230765174083094,0.0306734564261141,0.4820272230369495,0.6572224877897764,0.5483578169578285,-0.1848333509086674,1.3636895882836069,-0.0734284989174051,-0.8163199216162607,0.9125958025816134,-0.002963470217648,-0.2109323864677622,0.4769291744366681,-0.7749681040700707,-0.3351327645600995,-0.1247888681871409,0.178227284204165,1.1076709583148243,1.1885718206585787,1.2186168615264894,2.2842200983170384,1.8352989569854528,-0.3818437800459907,1.0428889349491235,-0.6344157450855465,-0.4564950917832415,-0.2298291543506121,-0.2091527590487993,-0.3533966624689733,0.3309596816889994,0.3134761744266034,-0.3257625760057884,0.4018333788877304,0.0920764164017451,0.2935383571823315,0.0422709599311354,0.5688518528115536,0.3958917003607592,0.6852672399760724,0.5051299592361972
TCGA-E2-A1IL,-0.9930252955752698,0.5274746867059287,0.1200908356521165,-0.000770489143339,-1.1128722560774336,-0.2071086507564465,-0.7752844431719155,-1.298479305597998,-1.1311299588904675,0.0968535905331394,0.3822348896775937,-0.2242395933695876,0.5553567023622487,-0.9768311292689712,-0.8091874705870264,0.2128323131044008,-0.726823853646801,-1.453068417242884,-0.4394540775352103,-0.7955893660725001,0.0517827448738091,-0.3989567460278783,-0.4573385418414635,-0.5458212558400626,-0.2980922311888466,-1.2023951839844291,-1.8221394196632852,-1.0214264628793268,-0.0404333258567849,-0.7468044769431336,-0.601480839663613,-0.9962397351625578,-1.0203810504609183,0.5445354336537493,-0.8898093476096337,-0.6717897535482985,0.1881035075190829,-1.243518865911009,-0.6923076191826435,0.2109358270632789
TCGA-E2-A150,0.8500074366702359,0.8378728208871632,0.1169377801445202,0.6086107234610929,0.4160068195695121,0.9937317202982914,0.9694017992396208,-1.0030109247919372,0.4207469975423923,0.2593086352898368,-1.320608383749102,-1.2104025302037826,-0.4505757867625755,0.6762613341468622,1.6840823414744956,1.1072433751967008,0.8576907841726051,1.3785983256677912,1.4036304281461194,1.2011725116273926,0.7803153741064393,0.9756810170243244,-0.5322428010014982,0.6498862941547442,1.324239686704144,1.070651891228951,0.2251907227134584,0.4712576712361307,0.4577713580949799,-0.8277472089287198,-0.1437314984367199,1.1824042574392066,0.951827586022142,0.5836110522293468,0.6617462461982874,0.1092894664280126,-0.1091784331903877,0.1828205351096772,1.084660596541042,-0.3584095136921265
TCGA-BH-A0BO,0.5827193201473078,2.4971299243364555,1.905464695853124,1.116211948174173,2.190693227497434,1.0644025205790122,1.4645370180163002,-1.7129800134468347,-1.4987168063654046,1.5953895495909456,0.9319028006128188,0.5166311155834242,1.0283943980123396,-1.2583588786328184,-0.5476335270171034,0.8067628864064773,2.231690517269969,2.2169077707487754,1.8734069045401192,2.5132535812231573,-0.4389973664323457,0.4033304715627148,-0.1264011406572447,2.106318621314445,-0.5266460505893865,0.0482537980396037,-1.155254065468771,-0.0608950983327657,0.8068585524181452,-1.4503648973174257,1.6572590311344846,0.6999874036585418,0.6125304245285561,1.8565690976584963,3.308938694158855,0.1808924449750063,1.6549981413601842,2.074577730737884,0.6394718334002014,1.670413265178215
TCGA-AO-A0J8,0.2310859011725907,-0.2012252738278375,0.0403184701735006,-0.5831959448986431,0.4559441559655611,-0.6234943816291515,0.3468471459122625,0.0113749433731166,-0.5958442765942454,0.0473516510884689,0.1631821681304153,0.1970513667144036,0.162907902571636,-0.680506354560204,0.1714037542965754,-1.150733653117143,-0.6322662225924824,-0.4785674225096806,0.3009144435628054,0.2937213143207824,0.9029432005604696,0.6072528221189097,0.418670411578103,-0.056049110514739,-0.6153051128287531,-0.3612552229966645,-0.75870762967186,-0.3929592112717688,-0.9009101934540452,0.2733948279139171,0.2702731543956458,0.0410582912445746,0.1514742275855283,-0.6423907369902363,-0.3573714845809376,-0.3251354217671753,-0.4594082636895681,-0.283850432963733,-1.418547042523974,0.1973417076965492
TCGA-E2-A576,-1.0337943773808402,-3.132999048755245,-0.4204054462016675,-1.6680634243815664,-1.2764635518998964,-0.1936428311549267,-1.760895851248002,2.0690818749436137,0.2262693684593532,-1.3654500137554486,0.010093934532646,0.4728877185897302,0.3025081191564231,-0.1037059355522252,-0.603320447274736,-2.1911378702526285,-1.6967227112333156,-1.4169184216510389,-1.557958423950486,-1.574436561597532,-0.4703890461594716,-0.8709672452517722,-0.0530968785661432,-1.6177390259995548,-2.1171201165199487,-1.029179440615425,0.7580241682900765,1.438162870638822,-1.302423233327219,1.6302941941029856,-0.7113141331575891,-1.6214658076748756,-0.3006349294331173,-2.0669528580094445,-1.5232849747685495,0.0475646479811395,-2.068526888383795,-0.2639292315406148,-0.4666063636518657,-0.0462575980227657
TCGA-3C-AALK,-0.1947938551115831,0.2798849201683163,0.1461715529574809,1.1611618154374066,0.8355658695475869,1.7309682355094262,-0.2766516824993856,0.3034418508200793,-0.3693628473374743,1.2367604613045509,1.465052421601046,1.6934681198548631,-0.3275189604780008,-0.2725283061556994,0.2748123787364334,0.1840972951560114,0.1527372537994509,-0.0571071460579534,-0.1299125464184738,-0.2141802142963105,-0.6007182500074953,-0.4337967945996062,0.6562605040432987,0.1152509641245553,-0.5024809687624303,-0.1478229955004886,-0.0509279248631747,-0.0985398465336249,0.7123171605652724,-0.1029045590598643,1.5108963629139591,0.5415881695007829,0.2582756156130162,0.519401151833049,0.5987963999524714,0.2056271121034648,0.2623650303856984,-0.1728395808239227,0.3935192501254613,0.8257638665680818
TCGA-AR-A1AT,1.178373761108882,0.2963940053344571,-0.3671831717613653,-0.1398538494704945,0.7709292238994535,0.3927773647086401,1.1584182716389384,0.3055874348021242,0.6512865944602593,-0.4834510170456942,-0.2452567243827408,-0.3937616161064132,-0.1962802266943441,0.7612356762913897,0.2551896206414206,-0.5495655194425609,-0.4298507731498402,0.7236634553891997,1.190899191075028,1.0419722152881392,1.42024801812117,1.3844844816695958,-0.7336631244515613,0.2837771010724351,0.8353468283806429,0.7737588898926749,0.5385176215023656,0.8614603090868634,0.2988598259439141,-0.1570564121454226,0.4072138773835223,1.4968203288361162,0.8198375426066941,-1.0176203327934268,0.6091761772650516,0.3242249558877392,-0.415401051968054,-0.3526253364025118,-0.5315393599269975,0.4646131941730186
TCGA-A2-A1G4,-0.8492676278820261,0.3095693953461653,-0.251285604851889,-1.2736098145097725,-0.8822561042489888,-0.0978990858347257,-0.8104908735099742,0.5355540917868867,0.8042079322990834,-1.4975516947310163,0.8866278380307344,0.802795514492784,-0.3673426903165792,0.7246643509929616,-0.871486071951072,-0.1036092317146879,-0.9031889780151638,-0.981952911172494,-0.947830031373993,-0.6518922401139994,-1.117647695255625,-1.2214956670897714,-1.0690099526478467,-0.7429114837492137,0.6249541336723606,0.3155755440748167,0.354200122746322,-0.0432363592763122,-0.4110713043144361,-0.7453058617748656,-1.423200423416746,0.5820109899007946,-1.4202789709993084,0.0784335530339666,-0.9722871527213268,0.0818361336505154,0.0503849662949201,-0.9712315411276056,-1.582502345014947,-0.5096188278597663
TCGA-BH-A1F0,2.2010693312687417,1.1644644651259064,1.1832041611355193,1.0891617022293971,1.7612023426987016,0.1389077132618393,2.5544269544639984,-0.8958198501677216,0.6035832217096775,0.5545595740310785,-1.1424479988113885,-1.1911786942002114,-0.0065547478295009,0.7601468797811273,-0.187729739281356,1.4481235767098215,1.1360627375132957,2.6152415974350767,2.733810607091859,2.95241920246306,2.194386368721611,2.437095412787148,0.3786100592655725,2.1301821138457595,1.436129798654113,0.9780373413630158,0.352314123373604,-0.2483774548393821,0.7272424046722098,-0.7911329697915449,0.4055723241447404,1.6202253734464842,0.6769375293876865,0.8392600446896669,2.12419002384314,0.2237837616085985,0.8607943475809667,1.011899032470146,0.5251857477696552,0.4846902370657862
TCGA-A2-A0CS,-0.3360473088010513,-0.0018665230619705,0.4132629513140026,-0.4171090901477891,0.213334534211304,0.8573310283991434,-0.3303561050809994,0.5096092665722752,-0.6326436292904334,0.641843799976587,0.8682941686306564,0.9538424353729926,0.3153560682679908,-0.8137827198025764,0.7703818602697773,-0.480945953801758,-0.1708408886969205,-0.718525935358448,-0.4694158161471749,-0.3568753352022894,0.280498294000526,-0.0941659983554335,-0.1989829647262567,-0.4279171758006652,-1.4291583401573733,0.0570291393091736,-0.2149602536978969,-0.5437803214940246,0.0109770268712501,1.125149954636581,0.0777575641127457,-0.6729683061451169,0.8720667091492063,-0.5040520149019379,-0.4221085007670332,-0.0743315690378435,-0.5008979007001968,0.5150652036403669,-0.937551933036547,0.0702954869060065
TCGA-EW-A2FR,0.0857850074616063,0.1154605192918976,1.0311088043739125,1.5201498511074247,0.4489468272134577,0.2139008646943913,0.5277039410668972,-0.2983182802822651,-0.2959464731594463,1.7664661526062533,-0.8357708208374414,-0.836729720211546,-0.7228417291763874,-0.221333089396001,0.8939390131855938,0.7271911730983848,0.8489686765620142,0.6099728967610335,0.3066994548560254,0.3590028271769728,-0.3413260240985794,-0.0573516933850703,-0.5922718658205585,0.8121686691177536,0.4481264525787786,0.7188653160161028,-0.1665049633639408,-0.6139567690191202,1.593795370126477,-0.1905735200502727,0.5007443796387829,-0.1629594736210222,0.0074072454504726,1.4225366380110231,0.3876931592257028,0.5885547080737821,0.7887314960176118,0.734075994382161,0.2670174031598306,-0.3463699604873348
TCGA-A8-A09X,1.178191946115216,1.534909370428472,-0.0640345368755839,-0.8819018878774051,-0.0481366374817198,-0.2096015608656797,0.940433142954432,0.6090426969726545,0.9230241902779952,-0.1575140191044759,-1.0044465397685742,-1.2181603402244725,0.8848006561941327,0.9191301508009913,-0.1311426289653564,-0.465193747465083,-1.388395444773717,0.6766743064689537,0.7840658114064143,0.4845568531915944,0.5024113900657282,0.8483069383857054,-1.2977287229931156,0.106653994474282,0.522279029897028,1.409140958754045,1.187090175998074,1.473017161763287,-0.5986539163564263,1.5309098852985197,0.0566017373959074,1.3448755816745632,1.9484931097228115,-0.7632059165951594,-0.6257574763030592,0.3405338439533495,-0.6668416266761863,-0.5963748392914631,-0.8846299068160217,0.1673619967494591
TCGA-BH-A203,0.3591093277457707,0.4640790453807955,-0.1463383105111371,-0.5758694831099581,0.3152728405693224,1.775966400741409,0.7549620131685414,0.3665952782438016,0.9746981680045856,-0.3008822101275925,-1.2254572296680286,-0.8898166597551612,0.5460376221425407,1.0689728614768286,0.8208710987662646,-0.1837081543094506,0.1821006845014246,0.4581437065699571,0.3853045924135896,0.1436842199900648,-0.4167966201447386,-0.0623638613086034,-1.2187513844094766,0.1253931999811882,1.0328025978660105,2.040869543520797,0.7877574765868782,0.351774962905127,-0.3198789622879584,0.5377971010334888,-0.0919504912354952,1.940066624663986,1.005115577914785,0.2278583377424096,-0.0333181979182237,1.1767056346717988,-0.5841835430362565,0.5463647909194469,-1.0342388356242385,0.7649894234493065
TCGA-A2-A1FX,-0.2812892771507204,0.4288832427403823,0.7917365561049191,-0.5284744505221499,0.2471386005630391,-0.4170776614111545,-0.6918529938450976,0.4008779821709177,0.9938809219263092,-0.2751964817851167,0.9258611052774424,0.6359125701987034,-0.6467264215322556,0.6715411773216889,-0.4488008152680412,-0.1776616757420691,-0.809487444101852,-0.4841026452958616,-0.2525683290648931,-0.107015204402529,0.1987174934341544,-0.0852552331467725,-0.3579228882098825,-0.6379725376510641,0.473353682269261,0.22607222198587,0.6344981276096437,0.6675993265594776,-0.1017083471918895,-0.0341643189298519,-0.4319807850894733,-0.445344367267465,-1.2477548295988314,0.1352628844289777,-0.3626259528082501,0.3990690202381168,-0.4555496590816137,0.6223415456075275,-0.2041084118769367,-0.6688145569697975
TCGA-BH-A1EX,0.3042389669794445,1.0460213191238368,0.2101957684383575,0.0116193560925573,0.7011722934001765,0.0156223481367511,0.841932093565054,-0.9328550234349988,-0.5940498223554984,0.6878873843247737,-0.884580471180871,-0.4384703256028255,-0.2408305688911743,-0.6300268772752358,-0.6912337439431425,0.1644073314602247,-0.4172045602899074,-0.1866741117911107,0.2432508618185037,0.5112104468644776,-0.5564137631726991,-0.2034163659258373,-0.771395287822451,1.059541722281638,0.0600868477559859,-0.1502433997615918,-1.178998621071591,-1.3385436646614373,0.3359653389302485,-1.1063387228099664,0.3575363800662558,0.4403613200040732,-1.076623703512315,0.6279485334400079,0.5861062138565062,-1.012296882157396,0.3438003396128481,-1.3358203460395737,-1.7276139114558913,0.0735952653657624
TCGA-HN-A2NL,-0.1117763342550244,-3.1135620324098845,-2.7886107292481266,-1.2318390012194047,-2.169814747268608,-1.4320004252487564,-1.37385528394466,2.13465706886869,2.197938017132303,-1.852571229349135,-2.7441503331571404,-2.970090337873085,-1.381185208648604,1.9424076743183032,-1.119761437249422,-1.0255866896197685,-1.816980771752294,-1.0411666288098689,-0.7765596634706046,-1.4254182365435408,0.1492583866274333,-0.1246732759088095,-0.0213122398348259,-1.2893464709706255,1.4150706195375036,0.3664510613744823,2.034434800274113,2.412002315259906,-0.940368792188062,0.7470299275959738,-1.705786439618408,-0.3042441066252344,-1.4656004881207512,-2.380071366051787,-1.5157437368736204,1.0167554774610903,-1.8903148114056425,-0.33274387633404,-0.3266714377179106,-2.153756539696518
TCGA-A2-A0SY,0.4365332012935311,1.4862539762566171,0.0836879662715952,0.2485635500461193,1.0247495803275253,-0.8116126557527598,0.4334260548264949,0.1402499178987397,-0.2777197019726456,0.7614498027742649,1.139427737453612,1.2335135474164818,0.6811838506625107,-0.2486799614209964,-0.1579215920367197,0.3365139726518721,0.6820726490089914,0.5847512902401334,0.5697245066532208,0.4415852930665348,-0.3863513418826943,-0.0370666924008683,-0.0396300512348331,0.8624212376867129,-0.1179043998905541,-0.5265337918023065,0.2658040174427447,-0.2234503787762012,-0.580676813539628,-0.0235382199949443,0.0515520651154063,0.7734853874471159,0.4045750453527566,0.6977206068776226,0.5203523849302434,-0.2420148772068577,0.6499871885497727,0.7100293272009798,-0.7963470027122538,0.608215522304416
TCGA-A2-A0YT,-0.5596057722200923,0.0960632770008717,-0.5534055950256398,-0.6352203878415695,-0.4679888165040802,0.6068443887517582,-0.4301871959217045,0.3740589523111199,1.0231622471971529,-1.018901809845929,-0.1915214079008146,-0.2786620837847355,-0.0241046717449138,1.0463353727586924,0.4588333660572183,-0.6139966561147827,-0.927663018056641,-0.8205467443813439,-0.5292133730756258,-0.393091976823624,0.3716672014736223,0.0954473914651908,-1.0026895576724737,-0.8374205251439827,1.061013407823004,0.9084624792799708,0.5166964592863706,0.2911901485759528,-1.6838608862756794,0.3158823276802096,-0.4809600645162842,0.7213642227798845,-0.132616908278288,-0.279425619181431,-0.724126162843389,0.9145626092761128,-0.499226801117512,0.1721067022884378,-1.2802080420208997,0.0237593014570537
TCGA-E2-A1IO,0.2463927010899203,0.3723480444949675,0.8482902603500532,1.2470384335136768,0.2980955438123449,-0.9881502790988804,0.0783492187596327,-1.4130178841851864,-0.8935989679084724,1.4458343843485626,1.128266049654727,0.4366341310113398,-1.1532386000044674,-0.6265646342284736,-0.7181944589030942,0.5076534117831178,0.6252191154155939,0.3099534365003984,0.3721335742989447,0.2134142776189923,-0.3971896014397372,-0.1191905086730254,0.6339454439666469,0.7234067570135527,0.2687607532684095,-0.958904685969782,-1.7162436003318138,-0.9041692679931408,1.0073511110168654,-2.183299088456867,-0.5322870515016023,-0.1204613367907508,-1.0765513841712933,1.5261493388538954,0.3395499592755689,-0.8256159320581921,1.4643333589761915,-0.7082745521267076,0.7630772484754661,-0.6885956419620093
TCGA-B6-A400,0.5276190188077277,-1.285635598760677,1.1686064220106018,0.9819267249146828,0.104166518395605,1.951636830924496,0.1638555650605566,0.9761489099240588,1.3667994886042825,0.951324082642631,-1.435940696636899,-1.0215918600371137,-1.391833170437771,1.5301199054284556,0.4601919155119659,0.9092234790187296,0.8097939745452932,0.3889977742285986,0.3996024203209705,0.7476185611625371,0.5705598671306737,0.5107821468000115,1.5844697440369848,0.1715319011403844,1.9408746329617144,1.147787601189736,1.5722236145029014,1.9700289429387472,2.050148339523311,-0.0034321279698797,0.6342462846885671,0.0421442862022847,0.3918087813223437,1.9174169606815048,1.2936613418975926,1.4055717191571078,-0.6527711907816778,2.1484266258928173,1.5767919137554958,-1.025112737333265
TCGA-B6-A0IK,-0.0608191440859128,0.494418181795332,0.0511756779887897,0.2262273160533497,-0.3300025850172326,1.008665436638328,-0.1954160676098462,1.1369359243722927,0.8652872410033395,-0.1280786807270978,-0.3962247136266404,0.3698691089446233,0.2484440742882916,0.9952295573008508,1.7009154518677685,0.187829414734374,-0.392580897742976,0.0094138711895512,-0.3457830373803174,-0.3250362756159794,-0.5639711893748351,-0.456288573332259,0.6574353605797358,-0.1419860037047913,0.5074479660853384,1.5214804995837288,1.4005353421229172,0.7635624684847386,0.004368919138239,1.1287641558474495,1.2555582414794255,1.2319438436221886,0.6609418418335226,-0.1046014949501791,-0.1811656051294548,1.7774384912515797,-0.4240540151822439,1.1236533647447795,-0.5119384949628639,-0.0638152387417311
TCGA-B6-A0IO,-0.5920380211576723,0.0332392641773921,-0.662012203172349,-1.0929253676686816,-0.4709620028337362,0.1653282378433537,-0.631445965806343,0.5392543209859547,0.1310224408026627,-1.1844616928540046,0.4343186853602245,0.4167727596403089,-0.817936822317818,0.0205401133028295,0.6168045666322498,-2.0450306006188,-0.6113017592182738,-0.9415593554986962,-0.7137955884250796,-1.0905779546241994,-0.6176731650190191,-0.8325001723998525,-1.05138968897545,-1.046123387894152,-0.2654647115159058,0.4589656701150143,0.4470111945772753,0.4337106025589385,-0.6758794092660506,0.4755953785937085,0.1692444101121909,-0.0931773087805729,0.9137785639300138,-0.2120941931697084,-0.6398259269124617,0.8032646568827528,-1.0330833632485514,-0.0207966778935335,-1.5022945318348049,-0.7661724232715057
TCGA-BH-A1FM,-0.7646801763008017,0.4878106228279347,-0.0847977655461533,-1.5036543802498787,-0.7194964181771015,-0.7045553856015075,-0.3815086505380241,-0.2809471134534487,0.8495225114473183,0.3154192401920418,-0.6010715579075511,-1.0325523868000688,-0.6964872805064793,0.9112005346342692,-0.0200837052507351,-0.0666389078496589,-0.343222623148062,-0.0540724247635007,-1.040936070675383,-0.429969346479878,-0.8039838173699815,-0.6919255651583665,-2.324935740552363,-0.0085816083809722,0.2274833552360909,0.9119418525749852,0.1839668345055291,-0.8387846280157378,-0.1498229963396279,-0.3583910454906053,-1.5509520618711992,-0.1232679292968475,-1.01177369901062,0.5678324221788158,-0.9920642181787472,-0.4640262052046709,0.5218783107510816,-2.297229627665124,-1.635767618193747,-1.3955214775589655
TCGA-E2-A3DX,1.2168472563004755,1.207965710774762,0.7121602109912749,1.250337403479129,1.2520986330670878,-0.1544753881415235,1.283555594432254,-1.8085084484482532,-1.3457923905487368,1.2359858674604225,1.437694373101131,1.2378941607751246,-0.522971027820261,-1.232906966622603,-0.7631240159441548,1.0580814051575245,1.0569721454487762,1.4970136970866217,1.2709800275538854,1.1282419562692758,-0.2723965104081089,0.3573540272006683,0.0680414264024997,1.163962968529045,0.1410217895364675,-1.0880630243577234,-1.6893692233983415,-1.0053413541550071,0.2816448183897108,-1.7502449767281452,0.593614804113203,0.3510981072435626,-0.1288604999587494,0.8308302488204986,1.207554536798714,-0.9784823468099418,1.416358518348069,-0.4295393919354362,0.4101429248202376,0.4264860294113802
TCGA-D8-A1J8,1.1607860200184106,1.4693938860130904,-0.0008206010627824,-1.1742908538326742,0.6383886358624964,-1.3189971661917468,1.2077330061995708,-0.9162482051805038,0.9606277714799376,0.1175372015541887,-0.2802292491857003,-0.2565130440402886,-1.2896769994165638,1.157540829688538,1.1221290129753203,1.0722388017360804,1.2266631297051211,1.247730944193927,0.9193353304080424,1.419873725595143,0.2790217561303308,0.9856228371864932,-1.309629617215006,0.9918106716178766,0.6973274905402099,1.1268384877546709,-0.2004100691246966,-1.370360593141228,0.155978429746625,-1.1194710043870018,-0.7833233913412432,2.197095128897603,-0.5934592119129461,0.3776361242329684,0.8105375074827029,-0.0140743434788233,0.2652149566530198,-0.9164323238124706,-0.936623483801132,-0.7150682453976903
TCGA-A8-A09B,-1.159885680893573,-0.239730212627336,0.4963183809158932,-0.0446640042795256,-0.0939367292512552,0.1607716281401179,-0.8025267437703816,-0.380344186284599,-0.4073588254155362,0.2097408559971702,1.4868902515878832,1.559270504291831,0.6162277947481308,-0.5019067675921886,-0.4007155682232919,-0.2414433130290241,-0.4432688273571156,-0.6306749196215469,-0.8724026062162585,-0.929972717973326,-0.8530559299716409,-1.0255362056698225,0.526814740519069,-0.866855481813376,-0.0405227680580086,-0.5915864637035314,-0.4217479432268264,-0.0503678381562924,-0.53611799340141,-0.1189361106178461,-0.0249780974811296,-1.063985100945832,0.0632375938330146,0.3237262125541718,-0.1909300222534388,-0.3107351226223134,0.0776061364259614,0.1391415613374286,0.1300381858830168,0.1745906511254526
TCGA-A8-A09Z,0.808810884341119,-0.8636701103259811,-1.3223708109105274,-0.7465194466196751,0.3213638704418676,1.0212699025422909,0.1448266930134211,0.0583284190970968,-0.4070451334047266,-1.636882986787179,-0.6775465892557668,-1.381244035554317,-0.0965564038995018,-0.5392906163474338,-0.2006456692034741,-0.6800185301955898,0.0362646357769619,0.0755384621655226,0.8717373946928668,0.5072069049851494,1.2798828942524594,1.264607688189645,-1.5113571992952572,-0.8037846641202253,-0.384772361301266,0.3985338835696764,-0.7155675601514407,-0.0292695310506455,0.020513447864743,0.2940647396716539,0.7596589652436362,-0.2605277140764377,-0.1376444369116801,-0.6511648354564755,0.6962568022117861,0.9932454188180204,-0.5720130020518795,-0.7527168144022934,-0.3309823840724344,0.072296299311132
TCGA-B6-A0IG,-0.7691950943108415,-0.4069972198224985,-0.9041730510012808,-0.2705157509537519,-0.2705596440109464,0.7352625744916392,-0.7682917601468876,1.0829017013215,0.6000083897828989,-0.3085820438157366,0.1818879764530255,0.6744163461508741,0.1581718782543922,0.6982671873027623,1.7758160404899213,-0.9330957784092352,-0.1647974838984441,-0.6520463772714389,-1.0392891225164098,-0.7616624342146512,1.14107861874701,0.4818111079352567,0.1251196095555651,-0.769814997486231,-0.4839036452633001,0.9385427912008932,0.645695971754819,0.7365621138816971,0.5283348239127253,0.5299553006882526,0.2488547917694097,0.5776454007233522,0.6036498580623423,-0.338657490210174,-0.4408835983674208,1.4429751394656356,-0.9188743222213088,1.1382447658161303,-0.4083628118350755,0.5270020099904018
TCGA-A7-A6VV,0.6517056422270514,-0.3011267587616838,1.018857504057625,0.743845262521061,0.8061584151253124,1.511211853644463,0.4265137640466868,0.6964109374976316,1.2583884035224924,1.3517038443153904,-1.1141388461852824,-0.981722304741747,-1.1077229911642985,1.367765264160368,1.35979948736835,3.043158789788494,1.9751096355473603,0.6341691861300258,0.6947151505162154,0.8401271646303106,-0.5004027709166547,-0.0305424833922029,1.3069329038772366,0.5723940816546965,1.3679510838245434,0.9514836762730496,0.6015804164369996,0.7077930842490215,1.6042125781346628,-0.3717696524384544,0.6500359982932594,1.0462761773352338,1.0085338684858358,1.2062303104008825,0.9663322693984326,0.2141345398193637,0.4806525940641097,1.297471297281492,1.8962590073983283,-1.015116097983058
TCGA-BH-A1F8,-0.7797135496738835,0.6197765562227635,0.3174297098943211,-1.5582509676541405,-0.9783413827012294,-0.8153943412459218,0.1611912935742922,-0.4727407819356005,0.5982124332275299,-0.4616662450999554,-0.2670863208191225,-0.2266335296862824,-0.2918585645583487,0.5020646390586985,0.1200277849636913,-1.3854777535841267,-0.9432537817253236,-0.5631467431105392,-0.9144978384715472,-0.362705392537772,1.1226036876422023,0.5478892650216277,-1.4748639520158215,-0.4647071038004571,-0.1380560812861129,0.9428394262023296,0.2042828799611326,-0.5626654576131923,-1.458264425214924,0.2234756314702753,-1.799464957744395,-0.1413298260830707,-0.6826586541554535,-0.6977786710537542,-1.1309892487901243,0.3462254707100706,-0.3085770144007786,-1.2800583405377055,-2.516168219748172,-0.5642269051783886
TCGA-A2-A0CV,0.4383262646734853,0.1235072306483219,0.6458538825152207,0.6420464250249678,1.6070202617948914,0.018633132983974,0.3225393804361769,0.0749484125973872,-1.2887971384492,0.9476675870392626,0.5273988372332375,0.2798350423206092,-0.3209632288161483,-1.3849344431850856,-0.6868491080100375,0.7162460755608636,0.9293269417750856,0.9329352425807308,0.4184031989906372,0.9234535815547013,0.0064767567570407,0.2955454007053143,-0.2588395217252616,0.7088554080452082,-1.3488248377606018,-0.8048631892592992,-0.4205010075579222,-0.7348452074947756,0.4992969590893575,0.1678111271880139,1.4627467799692784,-0.1712343339244672,-0.0282574263314385,0.8828390926067101,1.9234519943465864,-0.138658493513497,0.6192642569552127,0.4630306893004397,0.5375302549006387,0.3110106251485205
TCGA-B6-A0WS,0.868819486651263,-0.3766492927568147,-0.3006883895477883,0.3862135355998892,1.1693222794679126,0.2856530628772121,0.7469998620364725,0.0278852836544017,-0.1330467992843319,0.3995216102237663,0.9815484306960068,0.5523126475270315,-0.2818378142980472,-0.146539891344242,-0.1430915652776463,-0.15400495330494,-0.2543301621950026,0.8071827156603623,0.6864255598491468,0.5565952359196716,1.106414028248348,0.8926998589093853,-0.3915925363367238,0.1144728897668031,0.3412294460753406,-0.2589812108879398,-0.1683461294874866,-0.3928421733341934,-0.0435424781109373,-0.5479048631355031,-0.3387203243631465,1.1511910910912913,-0.0685272626984641,0.574278771932363,0.1224505233511662,-0.0668933893570873,0.156875138405908,0.0852641481964139,0.2020825491698772,0.3164379864316286
TCGA-OL-A5RZ,-1.2934724016176486,-1.611092380754086,-2.220853753295064,-1.5783487711826332,-2.4490185110669667,-2.452729606869141,-2.137918157935066,1.836302316380079,0.7328039497643909,-1.7924318381694455,-2.0031052450680487,-1.8362550652470675,-1.4414907747102046,0.6300594311954533,-0.9385672170852007,-2.5952862156441467,-1.9296731529744315,-1.7814702498495714,-2.059358258369925,-2.02472794187456,-2.3590487046691067,-2.1346953761992857,-1.283428157652449,-1.7635540721942513,-0.3664685599101589,-0.4388559426852486,1.404315235584076,1.7705181527256275,-1.393348221786953,1.2843129491475531,-1.1585062496007827,-0.2531630331131814,0.4197621627647583,-1.0643479122626718,-1.4448648833503364,0.6394870250580557,-2.157426282452245,-0.0921364152913021,-1.031287055508909,-1.1930765807364982
TCGA-BH-A1EV,-1.0719623262514977,0.1219402168152832,0.5946328085251466,-0.6031477433659992,-0.9277513072680992,-0.5354508860582088,-0.7888429923722957,0.0108070879390397,0.4176853616706973,0.4594711682432782,-0.0365366949402362,-0.1048064130702984,-0.4454707747356523,0.2565780139060408,1.1211334486673692,-0.4089511557970324,0.4652660503852494,-0.7915277766975544,-1.0457077022764738,-0.5444418619478808,-1.1705702107007356,-1.131903326347279,-0.0795729313222771,-0.4506616676771733,0.7337605383790111,0.2447115774148938,-0.2120272582041041,-0.293321622018776,-0.2181842459872898,-1.3119606428249209,-0.7923449798960364,-0.5678773395661039,-0.6823589746633228,-0.0424787567182791,-1.268962587420121,-0.3895978894366884,0.0818052240476905,-1.3788509116121273,-1.1556626024492067,-0.9863992438374884
TCGA-AR-A0TU,0.8093309340581022,-2.0222715428050986,-2.3058747031103914,-1.8502620345288812,-1.7486737720884875,1.0875906620628042,-0.1450481420190778,1.528870680917423,2.2133566332790866,-2.015581846780208,-2.321099265094117,-2.356981923869633,-0.4923164944961747,2.1925781077384072,0.8584717062039339,-1.1310481388877522,-1.8633225189471585,-0.522782455517079,0.3635144636098852,-0.0469105896768716,1.0230312866324869,1.0113144785422756,-1.3838064200313809,-0.6462542941690085,0.9731305877794212,2.048877330180208,2.5998461602234224,2.3588655842354567,-0.0549887612614865,1.1072581379151805,-1.664665644569226,-0.334951645108137,0.7754010852411183,-2.106144253441005,-0.3093240348855224,1.9551357880576108,-1.7592196629474124,0.7685835830355896,-0.5673638670482948,-1.240705126807535
TCGA-EW-A1IX,-0.2539931070701646,0.5271965938462476,0.7984595771128703,0.5578919879228301,0.3789119270667342,-0.720886695014874,-0.1950685776204209,-1.340275917861726,-1.4013646599521818,0.9726906745810366,1.2108066413666927,0.8333679469133132,-0.3888108433117309,-1.40035749867749,-1.1098897585734069,0.9612963944544118,0.1756055493839513,-0.2679924790014413,-0.2665152054315537,0.0949789448664401,-0.8184964240420061,-0.6460827920219426,-0.1177052566613274,0.3367162208046513,-0.2907356797395158,-1.3162558588320867,-1.850139176052214,-1.3060707867755683,0.367782516784465,-1.7173513322463163,0.3881227447585831,-0.0952636325300417,-1.148950229147664,1.352621558202531,0.3926793512725396,-1.2286009291469984,0.9560724607170964,-0.3049569039600875,-0.1199865194450997,0.0119710192567808
TCGA-E2-A15K,0.604327636303918,-0.3374668675920093,-0.3282254981473345,-0.5885899380457902,0.6587055485652243,-1.0326168425995934,0.1967722580698694,0.508188050205742,0.8642128292311084,-0.1855570183904394,0.4029756918563402,0.568363833793122,0.3154790346885249,0.7840192000405941,0.8307297585422359,-0.7244351218250146,-0.6222086745812279,0.1242975729555882,0.3363608717622435,-0.1926308784235204,0.2793918082711242,0.203978568813211,0.1960523089269803,-0.073229562047077,0.580341402924175,0.0355863547467282,0.1309255353140687,-0.0503800798116932,0.3303600120072414,0.0679206663249186,0.2226926026603443,1.0835055139021883,0.4987029225223469,-0.1592762275970374,-0.6410013979961837,-0.4449708222789015,-0.6648548185266726,-0.1641318949619103,-0.4381690299892583,0.214514438111166
TCGA-AR-A1AR,1.6851494307519816,0.2309668057928001,0.4829831661181497,-0.4752348551675164,0.5063632782208681,-1.0014366754161623,1.7687269685649682,-0.5360536523507913,1.4893273686650206,0.1398793419478989,-2.2865908052456105,-2.052396672263193,-0.4446087306945393,1.7320258019888697,-0.5563873186470064,1.2947409880518963,0.3362024662465335,1.3072301411407656,1.798014343842859,2.160788035769219,0.7968574473698216,1.134376585878186,-2.203722824975745,1.4344658687037557,1.6238545560429658,1.0493422791409392,1.3610395165715146,0.3715712602252802,0.0440032124541021,-0.4996411369909318,-1.1079889193644674,1.2480383724764648,-0.0197249431039441,1.0162614179131964,1.3640626109520375,0.3197307683955577,0.2838791866571413,0.0670917834346484,-0.5646860069307313,-0.688379282309535
TCGA-E9-A1R2,-0.3398749229559443,-0.8202365286732407,-0.2884798316522666,0.1048762729270218,-0.5806674073683661,-0.4768467025427371,-0.6716430680838933,0.0147021990482126,-0.2951389775611281,-0.093564007999037,0.8063060489470874,0.5044787589636108,-0.603786001516173,-0.2811643123926466,-0.1442133314208409,-0.5483234040246298,-0.9719117188310142,-0.5754505383018339,-0.000894915210991,-0.4843914226801384,0.4675468300133747,0.0359505721057662,0.5991485506804015,-0.5733443317744997,-0.1119293435271009,-0.6813189981646427,0.1907058967621314,0.2992935251616875,-0.2816078748256351,-0.2195955410334303,-0.1299256620739627,-0.8256478887330029,0.1882209341367014,0.2571495577761445,-0.7106826746028982,0.7101150053172405,-0.3948620369522619,-0.0149055726955197,-0.2024285828547018,-0.112079438153011
TCGA-E2-A1B6,2.6549068176198065,-1.521364143875798,-0.9583178288036136,-0.3454269591909438,0.4094612983687327,0.0378140264487333,0.9750952264582008,1.6950424073709605,1.0438904135640312,-0.9862301997656036,-2.027507755926488,-1.1044529663566864,-0.5756891174357354,0.9338556516166902,-0.9951775584380184,-1.061248546663413,-0.7598478350535254,1.2648714034185928,1.2270676239766585,0.687680707044584,2.4414315022934168,2.350153869374883,1.9369201922621175,0.1713560389534695,-0.3472122768687349,1.1755954933533483,1.7592776827907852,1.390174196074663,-0.7589333070039819,1.6556809985264929,0.3633255876628822,1.7857129603703743,0.907429140366417,-2.041710840542243,0.2946521825166125,0.7719156770129179,-1.5068328422004114,0.7380418596106512,0.1574184638974965,-0.6810714131657549
TCGA-AC-A5XS,0.7901178514127919,-0.0275716187201864,0.1279840910013145,-0.230774536177739,1.504750283395551,0.704498784501477,0.7010785230952593,1.236811493888332,-0.1659005076145905,-0.1057693407823758,0.3201731041222072,0.7787337883700557,0.9932152178516168,-0.435139974049921,0.4971833346777942,-1.4581226732498405,0.369679348768489,0.1605578012435901,0.7968518760879595,0.7604942148217597,1.4350654410511343,1.2460664563106716,-0.1379183439467921,0.3583936355171926,-1.3675888652358477,-0.0739535269644669,0.3930740528603141,0.2371477598478652,-0.7746807314389551,1.1997030452037016,1.5611611676156778,0.5138359043235561,1.0749995674198511,-0.5269265084230387,1.055892790535472,0.9592008089492428,-0.8034959484888663,0.5188156765789141,-1.096519222221756,0.8564749255024889
TCGA-AQ-A1H2,-0.832034809365119,-1.0630326617756265,-0.9109004264325112,-1.2273023479255565,-0.178972009011416,0.8036595588795935,-0.607436908830227,0.2870381300477764,-0.8905305956207336,-1.0201768198885772,0.1184823076604716,-0.1137155972886974,0.7992355728743462,-1.1699828539164532,0.383964950943687,-1.4092571325371728,-0.6869824855182203,-0.7304659003341087,-0.5867381812068871,-0.4943760152740494,1.1218194504842631,0.4662785924234814,0.7873897332862512,-1.3094799850979255,-1.2695422164520644,0.0215605152308714,-0.4682296436636179,-0.5758626608950865,-1.4732180589217156,1.188906088365914,0.0389301272402895,-0.8967070181741518,0.6459134254458946,-1.131185205328626,-0.9599166041178095,0.2499223822067943,-0.8015384249896438,0.2923453875109209,-2.037259851247502,0.149179831334934
TCGA-AR-A1AO,2.083863001008025,1.0840765167575896,1.503946429625371,1.3915320325124498,1.8574032184794371,2.0301255866914776,2.7864403588535454,-0.3437680077155555,-0.1604973584190129,0.9407572179624676,-0.871200776353191,-0.3658983295494191,0.9657173929575652,0.0267286879963706,0.1345488960183689,0.4251433713599913,1.244149711078656,2.2418920265057043,2.2579713310864147,2.5470431690693007,1.308302714263,1.7787855651055693,0.5430900074137092,2.0822336597719904,0.4009171190759791,1.2034517967528051,0.1126632418640913,-0.1192916257146729,0.7375961129050976,0.2164402412818199,1.5290330200793858,1.775347390421991,2.303349410827486,0.8534561420014336,2.013256224231684,0.622321299257628,0.7447488076248799,1.0966071599727445,0.6480139092734669,1.4973065493038222
TCGA-E2-A15H,-0.953458507949242,0.0243662023438268,-0.1120639792371625,-0.2584154829845,-0.2909081269935907,-0.5430262298347316,-0.8630628795200216,0.5349865598599819,0.4628230657431291,0.1402828671026493,1.01569939083486,0.7755805495338437,-0.4514126383266022,0.5585168671020538,0.5979926957732863,-0.997027709412163,-0.7653879413525403,-1.0953652755273957,-0.9655973089488644,-0.8527653791810708,-0.4997345975761899,-0.6951796488820019,-0.4674147482480136,-0.6921178560825878,0.5522243465429626,0.1650751526257016,0.2575120765790627,0.7395510867872014,0.1538342784511363,-0.2377900446735809,0.0033415881124792,-0.0502953519770039,-0.4258444303964468,-0.1487715051823515,-0.5754138916686428,0.1732948340318513,-0.4464950561463247,-0.2356948986959478,0.2553349704378266,-0.803747355754817
TCGA-B6-A0WZ,-1.2018591654482935,-0.7914861946499163,-0.1181168019434945,-0.6096490559425237,0.177721739751554,1.3789937778411323,-0.9343474871327584,0.5364749725195567,-0.1401061797337669,-0.2589698266271176,1.491545932228759,2.023342139643572,0.3020657712321849,-0.260901070965963,1.2161052294568238,-0.0764597746199487,-0.4411374295446665,-1.2973209653169728,-1.448051882979312,-1.0102607667262653,0.4349291829435225,-0.2904779468860609,0.1415648339848314,-0.980190704468157,-0.9599541578997728,0.1659330905310643,-0.115479834340925,-0.7694378848089662,-0.1230977770313162,1.213723672202586,0.6830290976847947,-0.1651514897742561,-0.7035961538689949,-0.936373623055352,-0.821702138553037,-0.1776904194920964,-0.652472304284115,-0.127370912811842,-1.6017995358571275,0.3152193147463755
TCGA-GM-A2DD,1.8209462387811728,1.4069817387217998,0.3780483263225605,0.7831071786852386,1.5934098322975394,2.883381777844256,1.4674091235778337,0.4126815281172465,0.0317660665122803,0.6981073100304822,-0.9333958841412254,-0.4527957966263723,1.7175642605388262,-0.0758753238651165,1.842374114734218,-0.6758414391420554,1.370905316143937,2.0470661253308022,1.809267635047294,1.5010366525156031,1.5049706692981553,1.6609675537812736,1.0016334947676269,1.1831130334187732,-1.1205368458974525,1.671374971531688,0.4108281986121644,0.4205136836045079,0.0164162289892465,1.2270129295709822,1.6510625471496714,1.401675637923549,2.4886025363718423,-0.0463452514360382,1.3817298419475943,0.4129392801343002,-0.293032607363155,1.4797312434794097,-0.3291449440830368,2.6040927570374524
TCGA-AR-A1AV,-0.8941636182486523,0.1779032213639398,-0.064254549452825,-0.6131381699198722,-0.1789399204290785,-0.914094301088472,-0.2395012778761507,-0.2269255641444861,-0.0340329067249729,-0.0716117913067869,1.2910164867554683,0.9044695561494764,-0.9745986455357232,-0.0736714713927214,-0.1123938649327908,-0.8838718225380577,-0.3696724660667355,-0.8559114510791457,-0.911418302411745,-0.5914831597919233,-1.2034967809434067,-1.2111562425815832,-2.2688833896080456,-0.382209381661966,0.3252127882168749,-0.5872940983340862,-0.6728663811359336,-0.0925734548533819,-0.3483544038374919,-0.7981772620981887,-1.1634664018568748,0.1628685010664098,-1.1519270778411244,0.6068533363506107,-0.4068777369802536,-0.1909828288775928,0.0491783185141296,-0.953616250533312,-0.8912629609028366,-0.9720866669301134
TCGA-C8-A12P,-0.0565295251948044,0.4010524534857568,-0.7177244981982344,-0.1842674125660803,0.0421745033065277,0.3663674157043972,0.1883828069252498,0.8382546206315659,0.7105410692631523,0.4057888222566785,-0.9066916127893272,-0.8166238735547049,1.2236072304816334,0.6978298376372128,1.2631046629861562,0.7226425199795701,-0.6280890068054332,-0.0366271711124439,-0.007017100241355,0.1652677297417557,0.5277192139572294,0.4737297391751295,0.3217635657150666,-0.1297753412066094,1.0028250734350403,1.8453869432036645,0.8412508609297463,1.1902696951818073,0.182846056601707,1.1969087539941303,0.1146147182160984,-0.9330952405709108,0.6204113002483582,-0.2812814880557073,-0.4645620187317085,2.14618340210853,0.0690953708636097,0.9233617760224224,-0.6636736068489877,0.0102870612715652
TCGA-AN-A0XN,0.7800763518284024,0.9113795655144808,1.0583569543100582,0.651283290309593,1.1471761359799226,0.973508171975562,1.3318451374542504,-0.7980360455523997,-0.4017948537650329,1.8105744134063184,-0.130478627009401,-0.5691974096933342,-0.749577892613453,-0.1874578538407177,0.7863169792532824,1.376264776768737,2.2448375259192117,1.3548531567520472,0.9103768530508596,1.7497535363901853,0.1739302157633839,0.5173225925314896,-0.8041653840946077,1.1579332110480505,0.3875175982536347,0.8593042187186861,-0.2063821715809169,-0.2580539884288074,2.1657520343374723,-0.7319625032237388,0.4240319170756585,-0.3367544384475276,0.4327442061323882,1.9037469413797905,1.1838493088609114,1.3014891222094296,1.0978133903218554,0.4970648824651466,1.4165007319158802,0.7434291982242659
TCGA-AN-A0AL,0.8617161786338602,0.8601986791310978,1.5002209645514606,0.5272624700250234,0.681656354513526,1.6283678890239872,1.207049169894045,0.614251976655553,1.0467545187338625,0.9254898530204958,-1.1173278110124851,-0.5839704332198532,0.4500422968415079,1.1814239496429737,2.40178531850025,0.5714529464479688,1.0823777833091075,1.2831779215531427,0.8063269739497636,1.3019963229284102,0.9578617922831628,1.1009323141700753,-0.2643773337396729,1.4353403864482506,0.7885214492407738,2.0755581147430737,0.9155615986736958,0.4477380510210769,2.611637084292595,1.0666076727127352,0.1114631256015774,0.9627713209195004,1.8675662898090453,0.4602256188397142,1.1600066724643363,0.9697528521300088,0.0521580504292938,1.5105850249818102,0.3591944402860478,0.6041096824746106
TCGA-C8-A12X,-0.5610593464457138,-1.1250324083613492,0.0776577475001824,-0.7661390498150026,-0.8602075838696833,0.6070270091466943,-0.7751044603557794,0.91963564037526,-0.0467599081796192,-0.7339813656302963,0.7567306500095548,0.5908773704421004,-0.113210468347828,-0.3358408626767403,0.0538866207565948,-1.0560452190236953,-1.1782193245361208,-1.636400031799622,-0.8354953754250056,-0.9023031074101746,1.0232422517867934,0.2340824479392863,-0.097139376195392,-1.1627976997908636,-0.986474223649609,-0.3630738570348522,0.1371336186397476,0.2947648429151446,-0.8517748868885242,0.8732025950572613,-0.482760649488373,0.8911973216933358,-1.0218928434866157,-1.1644757074540917,-1.402217876007068,1.4552370886422508,-1.33546693941994,0.5424374777231956,0.1441316385404721,-0.1821383460431045
TCGA-AO-A03T,-0.2521451842654076,-1.0970196622266144,-0.6119756600576216,0.4790660469061442,0.0471309586230174,0.9690817330037343,-0.5982257068224961,1.2300780648590304,0.155172794799569,-0.5816691270959805,0.8193333908014486,1.774063974609882,0.273061965502806,-0.0008308615052227,0.6629296814823152,-0.0210595984558561,-0.2606403088239502,-0.1754078700320523,-0.4678666773440197,-0.9102286973059897,0.6325657143993083,0.2589018669247964,2.135320497339715,-0.5395564716173705,-1.173064549526429,0.4213809860391104,0.404678783656473,0.380684042868487,-0.7822363254973751,1.650669442196924,0.8202044927074698,-1.046274976498281,0.2020185574615242,-1.2851199043783037,-0.0893635124655563,0.7181709176412189,-0.9206982983846403,1.5401094039768626,-0.9142176027806128,0.8713112818925401
TCGA-GI-A2C9,0.2108671970397245,0.1187132243646498,-0.2554110554439588,0.4386327689288721,0.1403483180367031,0.1357667939101941,0.0478259554171221,-0.1780451330824986,0.337287260489712,0.5449597412602196,-0.9490376798061084,-0.6728441423860979,-0.8548331807187023,0.4960395836957594,1.6164873286911876,0.5212590395503314,0.8715473858953655,0.0581633077579744,0.3107517705607961,0.2983116209011775,0.3467342794662988,0.2985552271394535,2.310933520145148,0.2689570137279644,0.6032865703826659,1.009886742491118,0.7305853489628279,0.3815714272621787,0.5349206006525105,-0.0030056879094377,0.0577742542131814,0.3318414572077345,0.9750656459416248,0.1847499886957754,0.4088129810808659,1.5862687089967165,0.2892285111206148,0.8814951869291868,1.323053753093084,-0.4697467054645342
TCGA-BH-A1FU,0.6306290349610827,1.3627155172759202,0.8405241199246292,1.4745468943414122,0.4890072666728218,1.7722773143146606,0.7143685778553368,-0.9523031721424268,0.3119961038477122,1.35096219092498,-0.5581797940435661,-0.954901859424516,-0.5391311527113071,0.7041948769844382,0.8675494164018893,1.3648014793013372,0.625954642403807,1.053522091381466,0.6360176721761566,0.7995189137200208,-0.7887688503521675,-0.1482942611146331,-0.2263173476514027,0.9670137511479177,1.469897403589108,1.2251358743633087,0.3761106552893611,0.496795377469036,0.960428271059366,-0.6219989135051931,-0.0129751952211022,1.6421286817306702,0.5136850001543788,1.3542251190345669,0.5740445437768793,0.8455663372566105,1.082435861291433,-0.5938187558978096,1.64038010186615,0.145260570436018
TCGA-E9-A226,-0.822812956606997,0.9371539787386484,0.2608463764518545,-0.0802739139403902,-0.3226438784284531,-0.3201931866385346,-0.2539883643084257,-1.379664311830806,0.2254422009816342,0.8976960076321115,0.5209736182010315,0.2055527616493338,-1.0734409198735675,0.5461656337424663,-0.048449772910903,0.4709149166321015,-0.056111916104649,-0.4112534980516862,-0.5765727139035103,-0.1090473162863292,0.4445328855104336,0.069864751628655,-0.678510769921654,0.0116210377547223,0.5714950380308118,0.4129210521876512,-0.7411168837660267,-0.7687607762774727,0.759641056434605,-2.411951785841491,-1.3044333142348037,0.4984064668691628,-2.0838357479198777,0.7690331277101272,-0.5358032403885536,-0.1167000525666888,0.790629371110343,-1.6624163131033278,-0.3580023184810477,-1.533294706746767
TCGA-A8-A095,-0.466645804023033,0.6991819427345637,-0.200563858976129,-0.2236914323855983,0.2860065858745237,-0.9735383785074136,-0.0084188308715824,0.4303691004630879,1.1668231634273298,-0.0255609159350558,0.8725604127091258,1.3193418665677257,0.6037234035060639,0.9788173761958264,0.2661262859403282,-0.4160213278932074,-1.0677853393314078,-0.3427486578144184,-0.4541008782517363,-0.5884953261407576,-0.7264304926324336,-0.7294104090182633,-0.5446142401815822,-0.144379824571869,1.2664422091627274,0.1856444129539234,0.4808394816488476,-0.2329746795315443,0.2646763817317724,-0.3559777022328766,-0.0719454757594862,-0.1064087057158763,-0.0472331746626774,0.0705457756170682,-1.0452858148786002,-0.5833320040236349,0.0804084422728633,-1.1327456744063815,-0.4772437068614796,-0.04484561400943
TCGA-E2-A2P6,-0.7094939134720014,-0.7249142738290908,0.0980677378935158,-0.8773750793574304,-0.2339417468929268,-0.4137143627962192,-0.607961618078139,0.1682000586768173,-0.0481629691204089,-0.9678203920289888,0.9495385408875544,1.0428196973536026,0.0234237804300581,-0.2897944816544177,0.0417397930318805,-1.281784923913477,-0.8473446328211243,-1.279497385704368,-0.8769333400173844,-0.9716033838325844,-0.3028549562010201,-0.6435687885875376,0.3173822931006816,-0.6140698464597432,-0.5991191069873772,-0.8441210157005742,-1.0697783115994055,-0.9996048099673082,0.0471896550030737,-0.0906228142630804,0.5566130385116331,-0.9506178598035868,-0.4476173791896707,-0.5507311868958835,-0.7508783642360961,-1.7310993964269314,-1.4256034310222845,-0.2618382620626758,-0.1760008857072925,0.117015512658394
TCGA-E2-A158,-1.260363351696172,-2.0580069841487862,-2.3894121263533115,-0.565633423761362,-3.818928694961286,-1.2843953727648012,-2.0736474030247494,-0.1726046710037186,0.6159083087691017,-1.9264173801533773,-1.960085350428704,-1.8621245210571191,-2.17238669867509,0.668569486987323,-1.567600077753636,-1.2465464377847824,-1.823898547920092,-1.9742034402149529,-1.5609781712177049,-1.8870831232678724,-1.608801100513009,-1.7963211239177288,1.8257301045745855,-1.6560385231550234,0.4629681200694036,-0.5966121149447556,0.7680462973371446,1.2236486808293194,-1.4364706465051245,-1.672864191496834,-1.1773555154863136,-2.454858274770835,-0.9980674861676112,-1.1691250872218517,-1.6044922988606698,0.6662742275868784,-1.8148027534498596,-0.7015417969886288,-0.3245568160786238,-3.3132367978813027
TCGA-C8-A137,-1.4455840334376409,-0.1884010578875567,-0.3573224460161442,-0.7989581104029533,-0.8563250065887577,-0.9082020307096014,-1.0127388572063318,0.7896433163826563,1.0872701963707352,0.0184836810839419,-1.053776579735541,-0.97082322326944,0.1681126871218655,1.137767479041335,1.1414030956970604,-0.5347487880032176,-0.2577552351407696,-0.9884360292889746,-1.7366743155613629,-1.3458837213196182,-1.1899009456632337,-1.3256133108059405,-1.5462392436663894,-0.5656264677069841,0.6708075293246114,1.5991221261086597,1.2684873324131498,1.2347057638760262,-0.7701523067569633,0.8195623527638463,-0.2752734601870887,1.667941337549016,0.6678363078428247,0.5353115614194515,-1.167901262810118,0.7989691714007842,-0.279863260642018,-0.9108976614536048,-0.2747171922118106,0.3232664940429686
TCGA-BH-A0DD,-0.6700019728336393,-0.2836095373221528,-0.4400149775921987,-1.4504968102036284,-0.2653289442930165,-0.0643128388226392,-0.5970205889981312,0.2427991080195508,1.6016726476191854,-0.5761999579259811,1.4782911511162706,1.304275608206751,-1.547356475783244,1.79559108564894,-0.486933071760776,-0.9364619979346488,-1.173110063409401,-0.7236445717237505,-0.897030958879181,-0.365336187108555,0.9469352446465594,0.526916027621385,-0.8466478246542033,-1.1493748287923478,1.7621239512455535,0.4065295298318521,0.5903999127153319,0.6321181686694041,-0.7847437406874892,-1.060640490980494,-2.139373541469073,0.5364559967299829,-1.6000558611874176,0.0695050088923463,-0.6453040766360335,0.1035674474387299,0.1119856401760878,-0.531124681304975,-1.3125463956289385,-1.6130105455219816
TCGA-A2-A259,0.3770159995075843,1.3394832950132587,1.1916413390293377,0.7412535247519537,0.5574182516965835,0.2117401031737645,0.358512519730946,-0.8731234832062034,-0.8280449342892039,0.5011987158035464,1.2290031173388742,0.5684759147980918,0.1171909977036164,-0.6988738494938083,-0.8091760440720833,0.0980740265845556,0.5141513753301806,1.0517863666976746,1.0962260569007831,1.1501011686131573,-0.1073143253114986,0.2495259483463119,-0.1034971460983079,0.5806683315159958,-0.4219946200955013,0.3567920303400159,-0.0798963998193797,0.6370553985631878,-0.8467659981401526,-0.317072069308799,0.6894709198997453,0.5867152977252094,0.3353086463171503,1.0592384605570178,1.3661721323997171,1.0181792737515352,1.0448678952627175,0.5794740565674332,-0.1300155619658622,0.0343276733956436
TCGA-BH-A0RX,2.1239957112684467,-0.7543030695521881,1.3532950401388972,0.6843937929170167,1.155294072696183,1.405870309327885,1.793326727407932,0.9339360953533464,0.8173257823821057,0.85265592346169,-1.1565617830804762,-0.719162967341351,-0.451192698990226,0.7673989438768306,1.5019528604907062,0.8259555744346401,0.6686849897124278,2.258133281697309,2.145463935728221,1.934462856018829,1.7735493456300229,2.204837320293035,0.6265791133626544,1.2810987799811953,-0.1806643913341598,1.555137905129064,1.716021947300811,1.454932664989652,0.6514117440878371,1.37985883192559,0.3098291229294866,-0.3281738751132303,1.7233019552482487,-0.3597816595117299,0.8899278931071365,2.0015200265831017,-0.2955154443485372,1.700313890861254,1.5898857872023189,0.5228272412223228
TCGA-E9-A1RA,-0.1168466381373783,0.0550543206721878,-0.1133194529693324,0.286550901620562,-0.0876713308144357,-0.6707895227008032,-0.3544410284668415,0.1545898617829278,-0.23390459731283,0.2274948965593203,0.5813756951021426,0.3823551824072613,-0.1939316386598463,-0.176790877664143,-0.6618640131502875,-0.1394078996783215,-0.8632120158065029,-0.3256966190159746,-0.4233831917398701,-0.4328158678750503,-0.5091740335450429,-0.5084286534460587,-1.6914725254636092,-0.4232916607368512,0.0147291782464458,-0.5167319088853312,0.3558498282642663,0.4857818205045518,-0.614475860641391,0.0408932208404717,-0.1872250445124229,-0.5178187002431562,0.5163532895395347,0.009362837201418,-0.3133859800690226,-0.0280420635526576,-0.0715563397385393,-0.5781896513247474,-0.7484810467790194,-0.8080517750899271
TCGA-EW-A1PA,-0.4448262962057735,-0.1286658671349288,0.537239982634758,0.3983906338284479,-0.212233085161265,-0.2179119810216976,-0.6313836141026987,0.1477360718047608,0.3993663387424238,-0.2046225243633619,0.7443573571136164,1.2904179535572171,-1.1361345450340048,0.4294104081407537,-0.6280587939750181,-1.0594718264901055,-1.051593001990052,-0.2721765174733204,-0.2450536180213219,-0.15658675550134,-0.5015459936650897,-0.4192828445183704,0.5767484747239362,-0.4086260624528556,0.4895810097856911,-0.4035906238452099,-0.293230184720757,-0.438485641931218,-0.3278585504930729,-0.8662452060235494,-1.2806483484242912,-0.1835358261460733,-1.5446930634398572,0.7866971843901087,-0.4807322026751046,0.1947110617962099,-0.0779989941125229,-0.4412415671732213,-0.6009696512549525,-1.0294694255341978
TCGA-A8-A07R,-0.7365072267380416,-1.5535901956708205,-0.9406871545580832,-0.4129302703636758,-1.1906109807390126,0.6714833816539226,-0.7378150773937718,0.9642576806359572,1.9617476638971216,-0.7174972116043038,-1.3943978799494037,-0.9803086309546074,-1.657185576669525,1.796341391957094,1.0763834279150033,-1.0551970007638651,0.0482482157777239,-0.5901530090889562,-0.1989403695802082,-0.3167352699317386,1.4280833460533096,0.6043008412961973,1.553794187799728,-1.5991552371579485,1.2330669277975408,1.9049609145710409,2.187785908023499,2.1797031100519724,-1.493339623039199,0.951740913463058,-0.3650057665588835,0.0168288805478944,1.451568171713508,-1.5531181925065976,-1.222385675126839,2.4313465879807965,-0.8963624982694401,1.5893428213951686,-0.875753635213784,-0.9136918082213542
TCGA-C8-A8HQ,0.4710130494905493,-0.5386203621489655,0.7666482458201743,0.4637432327463635,0.7423349815331618,0.8280606248737301,0.2172698916914105,0.4479304420197196,0.7846766110111336,1.066928586774514,0.9009075837706086,1.077060191441194,-1.0023759167422148,0.9056118214209352,0.1678405800624313,-0.6464089689539875,0.5637453685523883,0.4515713248946179,0.5009896718268285,0.4702774910383654,0.105623638462451,0.3134701508400153,0.4053379899946018,0.2842765431430817,0.7819015825873801,0.2942984941822782,0.4251491628624501,0.1264728589942744,1.3894118196631229,-0.0558793464255212,1.0729144825695436,0.4103835579702244,-0.1239522561565204,0.9832537446016444,0.890040648580211,0.3438521432122088,0.0571288639800058,0.7621394799192838,0.3485257731908058,-0.1057632109713819
TCGA-E9-A24A,0.3217665600552916,0.6005401475413358,0.3226112207165201,-0.651023266519775,0.54483008218889,-1.3950330886907676,0.8214951725583063,-1.115924603123745,-0.6175575317752097,0.3146152078102125,0.379389350120425,0.0557395094559832,-0.1782449281026093,-0.5874780633293097,-0.5257657737634709,0.0961572101609581,-0.404642983193316,0.2066126786203404,0.3566205929518686,0.5317862113322954,0.7261368239857118,0.4678319824824876,-0.3994888134837557,0.7993532251244592,0.210154314314444,-0.6137567695153531,-1.2702809138349769,-1.640107223777892,-0.2255202745975781,-1.1502715667274712,-0.6555211464010962,0.1816335946390204,-1.33018308409961,0.5524139532668598,-0.3544546338535272,-1.6425025377299565,0.4202592175031527,-1.9057716288123383,-1.2518774692957804,-0.4674904141752245
TCGA-BH-A204,-1.509957930036005,0.517900256256178,0.0128436861062866,-1.7050674686385137,-1.5061504641904513,-2.145884178201829,-1.272508962223245,-0.1531604759022828,1.1443625301906135,-0.7883521208193035,-0.1598470511552945,-0.6863066000799648,-1.576944198867234,0.9488912681245422,-1.3351664354189985,-0.1313221851656489,-1.4557962518782586,-1.6424358308911686,-1.8435681186912487,-1.1965550817431831,-2.0679116230778747,-1.897764242344576,-1.863336543650712,-1.0908730754745346,0.7932775085850385,0.2723570038598905,0.6297691596929165,-0.0344653150171679,-1.254750527442335,-0.5503144211126711,-2.6716322235937757,-1.205912587523014,-3.025264929029863,-0.1361887528198735,-1.5718601871824849,0.4608935575517588,0.10699362042273,-0.7756481731257612,-1.724446374176695,-2.12800050042382
TCGA-A2-A0EN,1.6061355754166609,1.26224627272217,2.0876258207799743,0.3295318791165843,1.4114286085900878,0.0791821911228526,1.822293501932319,-0.8629135810392523,-1.116855014073146,1.1507487291221976,0.6868877303855354,0.6369017425398733,1.0546478398301844,-1.0023918400571252,-0.325693966085998,-0.222743288355108,0.8393032760646568,1.8333164856299693,1.9138976786088957,1.6147548587449816,0.6351956826955136,1.060184813984999,-0.5115882266906059,1.4912061433289296,-0.5149646335514816,-0.1182974167282431,-0.7845233937863019,-0.7845145809176267,1.091058115022021,-0.1433422172707899,0.7414239985738916,0.3829415844835277,1.5527374113502883,0.8704930614240451,1.1941278211104038,0.0157264419333605,0.7694211881573992,0.1077803247678597,0.310841044318561,1.2541940260649016
TCGA-B6-A40B,-0.3802314400161893,-0.1569709185833445,0.5477166288852829,-0.133201677953746,0.6614106661465002,0.0425419393037726,-0.4512260361815591,0.4974320141703234,-0.2588373824227997,0.707913353312302,1.2263251088681233,1.4554156012408517,0.1984204984764081,-0.3056126244606266,0.9492949293637326,-1.0776493539592318,0.5650380927260853,0.0863059282973386,-0.3486310620423904,0.0574486966057878,-1.076496555996649,-0.8182459840931713,1.142548876711964,-0.2244310539393339,-0.8852366601055551,-0.6211207856285913,0.1513904672367093,0.7750721545428102,0.7305180446386976,0.8976861913558122,1.43581180352155,-0.6340884450891386,1.4445250841661452,-0.0729705218972716,1.4158588017283746,0.5370595375334667,-0.4478937397789716,1.2162841629672183,0.2001701154379808,0.586142761324879
TCGA-A8-A094,1.034299761241802,1.4479574281173566,0.4016474032945991,-0.2105648586148085,-0.1719716333569217,2.090598493439226,1.115633398067151,-0.0892547397656377,0.6472112133702418,0.0895243596273482,-1.0353151855045997,-0.4934632798868715,0.8394962847505487,0.9105276252108924,0.97634217434559,-0.8614637479988186,-0.3328668853890288,0.5293313046942798,0.9652737089130148,1.0048378271792435,0.1134418224082579,0.6939154299933408,-0.9789166251265288,0.5431087692588141,0.7771379224011482,2.382961464284284,0.6192512776148431,0.2456889062055447,-0.7474677939632927,0.7959037946490929,-0.6177120899459259,1.8885777672138115,1.3288091249528813,-0.5905591694224996,-0.2091839362578948,0.6683536677913055,-0.4968732026116067,-0.1509062140729764,-1.3634207030570389,0.6474720071766593
TCGA-A2-A0D1,-0.9006536930221324,-1.6050112292160592,-0.6629491301585391,-0.6424582368204386,-2.084590021486099,-1.014661254628339,-2.048412476922325,0.8115045620487022,0.630090526590187,-0.6699387274881895,-1.7253223135952735,-1.917538871710354,-1.2385295596326218,0.7282889388088146,0.8095901347698569,-0.6904129766534456,-0.515806367542575,-1.2938047611709025,-1.8180805357291647,-1.681314967921959,-1.2926748471230969,-1.3086078518552515,-1.2507521777735355,-1.4457513674425364,0.2319861877728241,0.4116687710585835,0.6764272621738046,0.6795380858194713,0.1023201484463777,-0.1211732507790666,-1.641523847731842,-0.6229955436578978,-0.61240881414482,-0.4519071859045564,-1.4889683968992002,0.9698679322055848,-1.3709099281070023,-0.5995478134442793,-0.287711243143735,-1.5944535494941146
TCGA-PL-A8LV,0.7334431995738073,-1.654530497772717,-0.0928862678523903,0.5004643536243077,0.1065587406075102,1.444887897387548,-0.3467017026236836,0.8483171246265597,1.2103211533974827,-0.3200674645039488,-1.3839063917081575,-0.8063037292494611,-1.112353110436994,1.1205323501736328,-0.1366495788774463,0.4627514841587705,-0.519947528378805,0.5457094902141951,-0.1255882561396475,0.1632485832831752,-0.0626707670528395,0.1120625809488216,1.87723551660818,0.1634340801708005,0.5966881628850538,0.4286768753915962,1.0946313836994732,0.4473249377473244,0.5212520282562757,0.6693163467450459,1.1950959006241852,-0.2110552591944603,-0.4055373977005692,-0.2840445904601114,0.0849489642785894,0.3538268368399034,-0.8539485079301872,1.403994885510519,1.157161068586153,-2.1861096135303564
TCGA-AN-A0FD,-0.0673912377619141,-0.3237885739048656,-0.2565651956840885,0.0020687281120611,0.0369510088028025,0.0073203504523785,-0.3730017786085862,0.7940418208463262,-0.0233473104979411,0.9960883400084002,0.2353672469105966,-0.0671432753216378,-0.7672494730704672,-0.0018099081818149,0.4504148292667176,0.0885479527590312,0.1883269314441158,-0.112028864478254,0.0503293934252271,-0.089853722171758,0.9594594050202996,0.6501020902664116,-0.6696216228704802,-0.1765159520241461,0.0752771864596016,-0.1165198838965817,0.4218668162069562,0.7342789828389116,0.6552256723388994,0.1966761947948557,-0.1761544478869922,-0.9476097410887012,0.2483516827548427,0.2234622998639473,-0.2644464514846872,0.9935283177074872,-0.2116118623779138,-0.4655752175906038,0.27292287798577,-0.6754223749487153
TCGA-A7-A0CD,-1.0719534598530591,-0.4163312632386186,-0.5749260242391016,-0.9983291346237966,-0.532534229395487,0.3980828972954523,-0.9501776540941184,-0.0489116973558912,0.0041680939375215,-0.8815546267116796,1.3978563060128302,0.6748583229889141,-0.4564368593325321,-0.0854444169291252,-0.9345607257058232,-0.3142510014214761,-1.0896607550674735,-1.2202159456352348,-0.9622373385129734,-1.1517217642671298,0.1059261262924664,-0.6114396004880306,-0.1004586814035992,-0.9302482584887064,0.0748131305140287,-0.7876292691933224,-0.1141366436251174,0.0331764593145741,-0.2389144794742751,-0.1285129267515901,-0.4244529711467661,-0.161637743890003,-1.313718938699722,0.0063790584536228,-0.8088318916861679,-0.7153271086605866,-0.1835655542977078,-1.3389275742954063,-0.7808894255418455,-0.5598431964996374
TCGA-A1-A0SD,-0.1161141838611725,1.4417238025112036,1.6898819701748002,1.0166783810379802,0.2381056590544545,0.1079999904367477,0.2944107056278342,-1.1458752883307282,-0.8123556315353997,0.9272939442978596,0.7840590809748607,0.666138609726561,0.1504165343144176,-0.5585188884996953,0.348125104080331,0.8478247341136894,0.7759767076724018,0.4186969687968059,0.2664202637761837,0.461338415670528,1.0151240369448755,0.6754005238316656,1.0791807253678984,0.538863295727975,-0.0447164971068365,-0.4649753742306704,-0.8296129827027452,-0.8706532289570506,0.3954034582025557,-0.5496283706345013,0.8835648633494553,0.0741975854136586,-0.4124406132289082,1.230882810554014,0.5559495609576243,-0.5514948276584993,0.960807751582516,0.5790303404752954,0.6116185392411697,0.4445742974667854
TCGA-BH-A0BJ,0.1124474357462432,0.5814999132911886,0.1676954324337297,0.6201639895614957,0.5597113721334115,-0.402125826841673,0.0447184519989735,-0.2965904840881818,-0.6689461025897632,0.6744114316522221,0.680935124655105,0.4291156032701776,0.2838361238576459,-0.763503369116455,-0.1524028537273787,0.7121911424425145,-0.2631703492087935,-0.0133544069974335,-0.0376001586394833,-0.0197476874831489,-0.5974044030279299,-0.4541653817336255,-0.5157516803577002,0.3381057978292486,-0.2375506555667521,-0.5871821848389726,-0.5638943335896018,-0.9993791860205692,0.2825949642422615,0.8977406596267623,-0.1215425522876604,-0.2011377686592546,0.6320192804563428,0.636698466071026,-0.2743053794898918,-0.5900820181436904,0.2909023649532651,0.0372808403774679,-0.4841941190684947,0.0459045951913046
TCGA-A8-A08J,-0.3816915138867141,0.1306134466510311,0.5410999241885924,0.2591847178667008,-0.077449747025119,0.4740763979984485,0.3065383336328159,0.6643260986637162,0.3737733320324725,0.3638432861573502,-0.70666801715198,-0.4546874872571796,0.4855362584884022,0.4280690018298056,0.8910986371453576,0.8421403988694683,-0.0484569481619771,-0.3884347028294244,-0.7293255349826501,-0.4447186919203185,1.0760003380752807,0.5688863121929084,-0.9807964788486248,-0.1808934723934718,-0.0659457937232388,1.204771770018789,0.4936321281441943,-0.0857300931805123,-0.8600143054912927,0.9291219578437204,-0.1825535520034929,1.0203591920943995,0.6607965264979507,-0.326141992195472,-1.0711613000018263,0.3432723192923947,-0.4379925327975849,-0.3947984823102611,-1.361987709125849,-0.2295116866560909
TCGA-E2-A1IN,-0.6061883743396395,0.1272682809905416,0.5904965189761022,0.2430158394454876,-0.6016765224127285,0.1343447376031372,-0.5688202677875497,0.4843824007119695,-0.351417941486203,1.1387463154438928,0.230653985256149,-0.1287141398743822,-0.6872923874054588,-0.3700297648422919,0.2088540271561051,-0.5137626494449731,-0.2991282990679438,-0.4361360137090891,-0.8870871849328456,-0.3923269122309077,-1.0421648973985362,-0.9096560724488992,-0.6915839347500334,-0.2494762920727833,-0.4559897938390665,-0.3929951837012053,0.4056739952133681,0.0587155787928709,0.4848650541867878,0.2969063132026426,-0.3683177509265178,-1.1744599671498204,-0.8165961323211781,0.8437560402989153,-0.689933814002059,0.0705006670001017,0.4597070252843271,-1.4028570018695137,0.1603064473156644,-0.7473514003089692
TCGA-BH-A0BD,0.4568373614589349,0.1374131464489275,1.227715505524111,0.4430324953455764,1.1557775048905,0.6678793698389169,0.7724873912059216,-0.1105881556294397,0.7772560719463677,0.6081884252070526,1.2484779927829712,1.5574221144375346,0.9114919003339916,0.8169388384680768,0.0717844161217567,0.3093226537469036,0.1342904729543238,0.5122241724986594,0.7980440808410019,0.7216138669905766,1.2238017514607074,1.0500617636623069,0.6886590468322847,0.5941230650916396,1.121208155527646,0.683577401691354,0.2891824728534541,0.1703933754765056,0.8263627801215037,-0.4316086003901481,0.4278137221109487,0.1452747531851128,0.9246649944962874,0.161034733089611,0.4841452940041228,-0.016722223899322,0.1419894179875074,1.2858858224808667,-0.5633270641386274,0.8514178784789631
TCGA-BH-A18U,-0.1543067614530092,0.161842874413204,-0.7469848346625588,-0.9249325229356768,-0.1085416569259355,1.446767621395905,0.2001205815592478,1.15891663633334,1.474773697479255,0.0130941339656073,-0.2325135033445199,-0.3337458844463859,0.1265090118660073,1.5806764368134565,1.0056434458119214,-0.3137038980098525,0.2263352202684848,-0.6317750716179185,-0.0072674493636545,0.1064969504568774,0.4390506059813132,0.3503340557381704,-0.9644006577637086,-0.5662802478930383,0.7567021574988654,1.958449263048076,1.1945458951230503,0.7507297462031193,-0.8820935887220459,0.6493525370562953,-1.1125054692173624,0.5737362195694234,0.1768346335907334,-0.9321332385182056,-0.4302981652868167,1.8427161069044835,-0.5552212609072332,0.5186557216926295,-1.761912822710328,-0.2910016865930437
TCGA-A1-A0SM,-0.4711176226798766,1.6326672934674489,0.9174116262530364,0.7502457164300264,0.313409496204932,1.9829306707680177,0.2040091610449187,-0.6873384877194599,-0.2097356946331805,1.1400866553372233,0.9351820706169408,1.0637414348229826,-0.4789601916867669,0.0034699340580165,1.231447771891899,-0.4233579822883244,0.6239750596040007,-0.1361658064512584,-0.3346259772939625,0.3034921303287192,-0.8915770632844182,-0.5938436840762528,0.340318302687172,0.4645099628183822,0.291818646605902,0.7411483215795203,-0.410655266694484,-0.6849266865775022,1.97949053105734,-0.9028306942764064,0.7262655685471233,0.5976152263448619,0.2132729739447613,0.944016764465235,0.5954609106645671,0.1525412945412424,0.4497459353774806,0.5843564859545244,-0.8178987117828294,-0.3970505267333267
TCGA-A8-A09I,0.524535693071461,0.4560940939488742,-0.0433665205119383,-0.7733749226302021,-0.0934793031386266,0.3599648531489366,0.7940351696129041,1.0897429123745714,1.3673866098344458,-0.2508886046566616,-0.2799232129251305,0.161839445048425,-0.1996012498546637,1.4447814848412823,0.1944658180226838,-0.4166687693518121,-1.0715105341963738,0.636201482404483,0.3758867726632096,0.4423411225689167,1.6201396231031246,1.4354687139359297,-0.2349928157797856,-0.189916791373528,1.0311896309567026,1.1389044993471753,1.0618905953651685,0.7052391919005877,-1.034296080830783,0.5626976286849018,-0.4511020123793474,1.2346734003604722,0.4312553517086083,-0.6864121930479801,-0.0859175280867743,1.219151203094342,-0.9267611160103356,0.2086921377391603,-1.6777239829709074,-0.3112041596526493
TCGA-D8-A1JF,-0.1674301149194058,2.4709036814649386,-1.1457524919127178,-1.1963259026773858,-1.1352567383716874,0.1760172714998825,0.2201702075866447,-1.0440842602399232,-0.195923609494329,-0.1735958232518733,-0.8362573191901316,-1.210755857414311,1.7731342016912517,0.0218333638328913,0.7572998239938173,0.0902299348337023,-1.1402856397840826,0.0026223416903948,-0.3940301835182456,-0.3211836490251988,-1.3894433370670385,-0.9666579162647214,-1.3322417690100796,-0.0936067737455335,-0.2761939232963587,1.1827701257202523,-0.725798026097714,-0.8220147728432344,-0.3029654028406203,-0.1215526114664362,-1.4353942831408226,0.6888992754338702,0.790090484153775,-0.4347905009692246,-1.202216435590865,0.7276731767774518,0.1038148085321738,-1.531829689360941,-1.5829362740337307,1.8088434052163704
TCGA-E9-A5UP,-0.6569831145517294,-1.42712527612441,-3.637144965734349,-1.745904944061368,-1.195369056937794,-0.3289855160144727,-1.277411068823672,0.0918012211301136,-1.2500991002449315,-3.409497545615488,0.2111619308489555,-0.3386573256288739,-0.576940859488474,-1.189311474533969,-0.4514225787030624,-1.4507219534099085,-0.833702380731383,-0.6209889651754312,0.104265398438242,-0.3051574398013713,0.8000020229275625,0.2461341730447276,-0.6628695370406843,-1.4424908535668868,-1.7123640069029649,-1.4191973691061477,-1.1134506293745392,0.1177015438359312,-1.3938277365219678,0.1726242298867364,-0.4591446075320491,-1.6152018047457433,0.6713300787277021,-2.045171570327512,0.0219508682396193,0.3981549887039122,-2.1196572460595524,0.3905643660870317,-1.0864642419624406,-0.2288537272942614
TCGA-E2-A1IH,1.590979379343602,0.8976381045520173,1.606770650736811,-0.0633423456608807,1.4083155197285693,-0.4999576513494038,2.0432353308918363,-0.2919927957987036,-0.1907909676871051,1.37716316805102,0.1984047459200253,0.1502266717060282,-0.207208061135348,-0.2224289046788281,-0.6056318146833688,0.2128048769418219,0.900330358729872,1.6934672208714072,1.2608905515001831,1.6021318968420315,-0.1230797461779899,0.7408851227578412,-1.3042295669607882,1.6627542513936582,-0.5596121443566688,-0.0165688552226838,0.3720947684374587,-0.5152923669755181,0.499193648195338,0.2350742909223155,-0.0117717839938602,0.80650387225008,0.0224336487779364,0.7157046172574073,1.5002454172390411,0.6327654448538637,1.0189791256112088,0.7747086793063661,-0.218433268926657,-0.0656507497362426
TCGA-PE-A5DD,-0.3197530316817376,-0.7059427105736316,1.0069233105061006,-0.2411613760710753,-0.2524156107726192,-0.915795601490192,-0.3213767425569697,0.5383090552501159,-0.4073610478126285,0.1175415498055064,0.3863136092327124,0.4844659050620039,-0.2861448544494813,-0.571087382034561,0.4104538856961647,0.2231176501565878,-0.1624077340961009,-0.3036062340501132,-0.2698363850136167,-0.378199030747175,-0.184910743656269,-0.2544977076180101,-0.4974240766945876,-0.0167344249158549,-0.6181925473120157,-1.5094110718431484,-0.9411910207249332,-0.1477068607713349,1.569980158851611,-0.380257518351672,0.0513236930535432,-0.5155449712217187,-0.1334187956501845,-0.1908101701269771,-0.2479405230085349,-0.9515926562719847,-0.3399306515675498,-0.0770687532793638,1.3263149139960444,-0.0066268996328253
TCGA-AO-A03N,-0.9842816776202,0.8368300765485441,0.4200054217373707,-1.1177414448785947,-0.5261738021870551,-1.1724616926580904,-0.2978910699696041,1.0084682550777144,0.385028160372962,0.3243243864157823,-0.5382667463453142,0.1191041797886975,0.0527138385017084,0.2027737214349685,1.1891135756816442,0.2349719970873981,-0.3062005142543345,-0.3421657721868974,-1.1402609983663952,-1.129962175184254,-0.6704088686849223,-0.812860377783569,-1.4480538245354235,-0.1015816242707713,-1.2455018391578283,0.3331532513648842,0.5705166146690736,-0.2037610070638209,0.8431348013644786,1.2240886591739997,0.1662564326628502,-0.3463579504802445,0.17332163476608,-0.1139347816927064,-1.0291349967660557,-0.2639429866711316,-0.6384723188082535,-0.2968724584467643,-0.2776634209713089,-0.0682862451821599
TCGA-AR-A1AH,-1.005531744534934,-1.192882195848066,-1.028159297384839,-1.4802521520969931,-1.9343978479093795,-1.9735283500414904,-1.2863521866260768,0.6450741768864084,1.6324150455317246,-0.7283928937389698,-2.5087733080488315,-2.325736446260177,-1.8790750450282976,1.7459346429367535,-0.2151789338873051,-1.128515968062083,-1.624192370947207,-1.7192594138139976,-1.140294685306093,-0.9141685370189786,-1.839251765958141,-1.5843765026668557,-1.5854814039933052,-0.6992050977892709,1.0373120785199668,0.4709685139116595,1.7957238176846912,1.7722261270674082,-0.1300993650041088,-0.4380047626072045,-1.7247720091346967,-0.0351297110233239,-2.1362987618709584,-0.6147731876960195,-0.3514457504678658,0.57985091637889,-1.2351300685360922,-1.740261710723587,-0.3576589349643952,-1.963166125139588
TCGA-AO-A0JI,-1.3608035802905398,0.7874219408516253,-0.860353760791645,-1.5666057611977664,-1.4768142917390457,-0.2218735713921031,-1.8259984946080208,0.3101280532887639,0.0791834664982956,-1.9150409828698376,0.4191240164426628,0.3365115036984913,0.2754634027784771,-0.1544833932359116,-1.1682902598555012,-1.3292761068104724,-1.4631653292554765,-1.0030553573859085,-1.4542813624688002,-1.1747698771416062,-0.4778597723553593,-0.8710497189639659,-0.6579069618987311,-1.732845666730572,-0.2759592025632895,-0.7611969815553356,-0.0574709220840057,0.1397979098982666,-1.4390851469804358,0.7914170283302104,-1.6333203265025442,-1.4943680461795994,-0.1302294872648393,-1.465971832255465,-1.3908866155265704,0.0432700389760419,-0.420168413678679,-0.0619306874086832,-0.2074518123072605,-1.0159032249481816
TCGA-OL-A97C,0.0248559204108163,0.2593606510491106,1.1087205048599205,1.635608609786735,0.6823036795127345,0.8596162695198811,-0.661720097246121,-0.5070494467916995,-0.4647966512063877,1.3162151827642463,0.3808815961517663,0.2167370988155482,-0.9016922128846198,-0.3537619767114557,2.283679097283436,2.7921446698990118,2.199602430908118,0.5487168927586771,0.0908292578185078,-0.2468711329044349,-0.964218590182599,-0.6014553153696621,1.1828618614460222,0.3194516163251348,0.1188496992689006,-0.3398735839284792,-0.4662436753147322,-0.5633380284607634,2.2368582016972622,-0.2738606129583118,0.1481466816241829,0.7010287592044047,-0.080933418795674,0.3937957499719398,0.0819779631625232,-0.6278552113427842,0.7899846792602639,0.403378080418273,1.5433138125326338,0.3853384614511999
TCGA-AR-A250,0.3721315102183153,1.25532605832943,0.691391734331541,0.5794006376981128,0.1664665554719998,0.6618253904477774,0.5437914045590445,-0.3514888659903293,0.5206558298887427,1.0893442090680103,0.1745694868505864,-0.1461115845495597,-0.4645918583520297,0.584290603797933,0.1237943653761642,0.2846245129771721,-0.0106087216640164,0.6922864234959102,0.238364164736519,0.6019874610378547,0.6923724831136865,0.654165470980927,-1.0609893567084712,0.5930399178109441,0.8905798195633383,0.653836962347677,-0.1583302579227932,-0.0585474548572593,0.8568098826839409,-1.0183365134898483,-0.4981731777843932,1.0243308359433252,-0.9966014578445006,0.4998174054934071,-0.1983238582346738,0.2014286413621493,0.3281396255077143,-1.184833374121689,-0.7519463879033604,0.151311897395307
TCGA-BH-A0HQ,-0.6336805526413049,0.3630749438068692,-0.0332950198371304,1.2082250790558222,-0.8933693277403303,-0.0478321833448386,-0.7599039385718932,-0.7169546117669112,-0.7205286021596845,0.4895654528794825,0.8369269125088368,0.6680148813776131,-0.4427333955180347,-0.683278747029806,-0.1950135102470328,-0.354452592478668,-0.9163057206210108,-1.026383228218015,-0.9016408557201478,-0.7722183121776387,-0.8759233470666515,-1.0319348504208536,0.1107266672696291,-0.3082046525553308,-0.2073209132590358,-0.7860894803341596,-0.7832172580208127,-0.0719395912625029,0.5945097185841861,-0.3453324991196982,0.1278657519928743,-0.3284380856989892,-0.4423983671139536,-0.2256707458024976,-1.0842956364703629,-0.5935775417266694,-0.0648216782936528,-1.7335905298436816,0.2541241049626314,-0.2826946680694953
TCGA-JL-A3YW,1.375053110488312,1.0247161934808011,1.1711019457175635,1.3613963997421623,2.094865765542378,2.697703104523085,1.7788200918132746,0.2519685096220828,-0.1641871191883382,1.684789840682018,-0.6629508391838644,-0.1659047694466431,0.8696037453090489,-0.1660856117398537,2.3243745639752635,0.1549589724705635,2.779818549002105,1.9512046481771008,1.5960269716664692,1.9906629087606356,0.9857686866461256,1.3464609643282763,0.364671698995105,1.7558974611175384,-0.4838129263061936,2.096027279821464,0.4315891136047943,0.4056740230154786,1.0894385108465108,0.6770683907305427,2.6105125417084927,1.1179657066015802,2.306570216611433,0.9820836400555784,2.377315841045324,1.4453400952861997,0.0760079753222729,2.69082493320733,0.7703264891147873,2.1743847889036227
TCGA-AC-A3YI,0.4665316941310952,0.4739823342611908,1.8339158149456127,1.7421777486126695,1.3915168516382994,0.4570238378598801,0.5619501687305357,-0.5538751284350393,-1.2786404140904648,1.5897081835642026,0.3433486000957896,0.1802985625758654,-1.1483427780471116,-1.1257582502373826,-0.4929655293611319,0.3999551609695401,1.72170627863666,1.4348766273879732,1.2636872350562118,1.9112898590205425,-0.4546202283154904,0.1844580576143469,0.7260804442157733,1.3387208139095108,-0.7564723519358695,-0.8018202850295832,-0.1785002892199413,0.8932444570764267,1.855442990409444,-0.6726913615710597,1.8698092044882364,-0.3172420666216667,0.0376304411327606,1.6650754108929164,2.580045657644637,1.0553719818940426,0.8990934466570376,1.4778423208588056,1.1853351619593722,0.5099573937882207
TCGA-C8-A12U,0.0936080437208892,-0.9296613033392654,-2.3556871382629287,-2.145509660116931,-1.4339383976422118,0.2562135775461383,-0.7370551519808808,1.8064105312570675,1.3727667316280912,-2.4463724946561247,0.039258180747708,0.4217636952823667,0.2920227951598895,1.234716071714289,0.7344910576972533,-0.2374337032214201,-1.3718870411969022,-0.8179623023397384,-0.6467075547624781,-1.177952893115698,0.5826392830443112,0.5678607910549914,-2.024291022323293,-1.4652506183945555,0.140462230647949,1.6163638952185349,1.426487470061646,1.306255682684644,-3.4182695830911785,1.775580611056533,-0.7570367909423934,-0.2336366084938913,0.8401005220079887,-2.357234995000364,-0.9225401848015444,0.7887467112499661,-1.920181464747815,0.2035804063536526,-1.97681976357468,-0.3662891702384269
TCGA-AO-A0JL,-0.7755528537339385,-1.8786912125143516,0.7293159239868449,0.2781461982350804,-1.328429682888243,0.6341687961482703,-1.1759570116005955,0.1472924332053327,0.4694598924097852,-0.1327733364439445,-1.9775947630529649,-1.644340845454849,-1.495278320654209,0.5458467041623336,1.110970660134449,0.4157365925061586,0.4832960179283455,-0.818576416205264,-1.070102169857737,-1.349578648026547,-1.8745429474882809,-1.5271205150941252,0.5317990472600772,-0.6393344194817696,-0.2437394725052046,-0.4652618434973624,0.732624992062663,0.4144488120120992,0.7094253291070672,0.8256471580476816,-0.9238599369110064,-2.436164303174975,-0.0203528088539163,0.2130921962502096,-0.6310675444454359,-0.4213604215018092,-0.656889482402861,0.373596842072223,1.732193627001368,-1.3512975075209723
TCGA-AO-A0JF,0.2883998571162373,1.2879003443278338,1.380722290045303,0.379679987559374,0.3982406377077614,-0.516550505973423,0.9373033390242136,-1.1664415874788432,-1.0033859387678372,1.1522267264357329,0.5933489792744757,0.4653525366732803,1.7379274193483931,-0.955486255770368,-0.473649447552998,1.023230491126594,0.3712927789883606,0.7411378105664665,0.4863137277953049,0.5203605413511987,-0.2815767431804263,0.0230733514270082,0.816443610865617,1.1124745401730325,-0.2355487189403159,-0.3702017046210962,-1.0065394299417207,-1.5755871681389757,0.6757032920415895,-0.0456181475866606,0.1076632194657075,0.2916881452198925,0.7458575125383213,1.1741388085944473,0.0263998362562455,-1.3638976846097304,1.2617995067070211,-0.3870986656574359,-0.022130551908359,1.586703673194652
TCGA-EW-A1P6,-0.8551091924224845,-0.5175240817162262,-0.6243525452810093,-0.4138515013924071,-1.0277583412196405,-1.183114045020028,-1.1091928072412156,0.4160502746342985,0.2107691580936447,0.1770513669238917,1.3933592392787415,1.2478855771290247,0.1431602008463765,0.0124349816405606,-0.629049630942483,-0.5671009997560874,-1.6389981407720364,-1.4255672100545336,-1.2935443140941734,-1.1180215571402372,-1.327332078429322,-1.3129731233130473,-0.676203176067039,-1.2201229404432057,-0.0332366340444318,-0.1714390213716704,0.1978516175590383,0.8043994553001954,-1.526120561223584,0.0424766710909508,-0.752141301532065,-0.0938058067300699,-1.6434566258017376,-0.5819419992292065,-1.6377029259811355,0.0717121052755595,-0.527070424675298,-1.081925031791197,0.778552210847056,-0.5785780480164047
TCGA-A2-A3XZ,1.2238562007240763,-0.7290609069137626,-0.9411851759862476,0.2428166114847177,0.3188804659711086,-0.3961093392024427,0.5804178274244933,0.9088231600841664,0.147716597609161,-0.6882611882292564,-1.0784627450613784,-0.5036844178621144,-0.5911134390699453,0.2104688862308727,0.5335385620882938,-1.2309354008238922,-0.9512748801145,0.8272942359158928,0.667463536516206,0.3483041534541811,0.1106399514791978,0.4897012833714255,0.1510257211789425,0.4216699429554918,-0.1491803441253031,0.9186829325229392,0.4124822057756691,1.015413315461129,0.1631361898879824,0.6076024989586479,0.5337540732026356,0.8037474829801355,0.7926300108903831,-0.6776591498509016,0.0481403442150236,0.0184187136107854,-1.3521758836755144,-0.2599601961940743,0.0544107708072092,-0.0261264214619094
TCGA-BH-A0C1,0.1853747084011485,1.2719271148332878,-0.4827528681107556,-0.0025796183779286,0.5124715995610792,-1.2504922385728106,0.3022308579003148,-0.720510555498533,0.0561537772918939,0.5821414202249456,0.9121654462813568,0.4747048307544856,-0.7923307764179514,0.3506493666768113,0.3338323301997091,0.5357151216465155,0.0111939214600821,0.5496973993899553,0.2715378346509263,0.513301668102725,-0.3945648212944423,-0.1503894770582464,-0.1015783684918617,0.3369615488433903,0.7687163030521711,-0.3429887671299255,-0.0695124334128744,0.0929463948814331,1.0881066536802877,-0.6953211553421866,-0.7650265804661038,1.0816818136631277,-0.4674330582776875,0.3772747035308734,0.3623246344933706,-0.5920791911451848,0.8926760394995894,-0.2503418347135197,-0.0358170199593345,-0.4739108949672462
TCGA-BH-A0AV,0.1462172526583107,-0.2468606862880762,0.3241444322430966,1.275250144958173,0.0489970969764685,-0.3169265654880966,0.4913095485181153,-0.4279462523113911,1.21212976774986,1.5984627875125967,-1.15272611465024,-1.1349427883171228,-1.7938961554768351,1.2964280136212265,1.12803623405547,1.40098007930343,2.289494481087643,0.8894940502626156,0.420033493663968,0.8265387348752979,-0.6055011069717673,-0.2083333408927318,1.0415541368591943,1.079722632477239,1.845695921875712,0.7529063685520929,0.6342472122225599,0.0058701555007814,1.697040225358125,-1.3661819160212312,0.0214179624961738,0.6262521574803808,-0.6080775542969675,1.8446247356688976,0.8247264477083363,0.5908914848033542,1.3658941321617115,0.8686206120285362,1.2271117153546574,-1.1987386690713715
TCGA-D8-A1JD,0.135683339386294,0.7464851090392199,0.0802064003401882,-0.1069831813538075,-0.1703586157136522,0.745887592786837,0.2270247860504794,-0.0488357759154867,0.8104619362929911,0.6943196106637574,0.5386645293171117,0.4692791664701156,0.2140106008226861,0.938899140052464,0.2282171715949526,-0.4523937078249665,-0.1112504614143439,0.0312209435566388,0.0855541718017823,0.2536125498617185,-0.0119111250142434,0.0825864969797219,0.0976877615516272,-0.1379067012975875,1.108947048198862,1.2257146022430203,0.4947192855487438,0.3813730237519701,-0.6185707790033933,-0.2549776109525218,-0.4824050831643164,0.8659928931589516,-0.1675669618359216,0.0411660491586009,-0.4279239518062916,-0.152097677663328,0.2637308483760399,0.3650731753937901,-0.8473093537571272,-0.1273224440945909
TCGA-A2-A4RW,-0.2666021061475464,-0.6586899667033799,-0.0743966043681152,0.4628306168593837,-0.6953425026218089,-1.7158381728361547,-0.6701004066862087,-0.8304991994893398,-0.7524816674631618,0.3363504098485201,0.1322212322639382,-0.3178159117273501,-0.8900954463769349,-0.5648778878876465,-0.6566288300678276,0.8520537125926232,-0.2388402170447518,-0.344148557663958,0.246571645166414,-0.3461630196042164,-0.6875403967724928,-0.590054349518938,0.1534047194419215,-0.3029584669364198,-0.1925397816446629,-1.3200405184363695,-0.8472242706450392,0.132174414326926,0.4071619277904264,-1.2765220350862276,-0.3616241525550147,-0.5261469594220936,-0.4245176706634915,0.2104536213166839,-0.4512514394209231,-1.4614922732366324,0.4792900456425533,-0.8645383230346999,1.1346345400398072,-0.5006373982603952
TCGA-AC-A2FO,0.8062059561210867,1.255049470784412,0.8726953442280408,0.829899224637721,1.555571345224489,0.3184720978477537,0.9706503683742684,-1.099361401377984,-1.045223135331685,0.5643283890101429,0.8105546648876186,0.5046391122354956,1.0295585652104613,-0.9142564276223,-0.6472784123027762,0.0655245256179613,1.0946027642239724,1.1629371627099507,1.0022049617430913,0.8584590389301539,0.2852929737853367,0.7074696536804087,0.7136076731033043,0.9992994636518048,-0.5185340832972818,-0.6380339733501381,-0.9296192107656206,-0.9571030372603604,-0.6199645292727549,-0.143315130992377,0.5112566662734453,0.8797586270626528,0.5537617479680481,1.0212756184322596,1.221638190208986,-0.223277787943612,1.0419136492498997,0.686004097185417,0.207682936756513,1.4958269373459645
TCGA-AR-A2LN,0.1364922954873761,1.3021199062119104,1.1617683583599476,1.248550310506967,1.5423465339650504,-0.6318126061015448,0.7965292462621665,-1.94681088459726,-1.7766020446999449,1.296016454766807,0.5162371219042637,0.0422275738140357,0.4009571520977235,-1.6325628420370326,-1.2038365723582585,1.3264048079975077,1.6169540383055865,1.0411429741066327,0.7536766996584019,1.25547133871133,0.0083810149941295,0.3016273154335526,0.6198145258081033,1.5229094014178133,-0.3653085352326828,-1.9400708929234936,-2.379222460505514,-1.9204792056284616,0.8336826746937985,-1.891775838577072,1.307181100635815,-0.3161733858889875,-0.227339423879336,1.8460720596112572,2.031694247135108,-1.3865075123236452,1.404478085898938,-0.2829064530996125,0.7717596280863408,0.6669078712551717
TCGA-E2-A1BD,-0.9136801403298428,-1.3489581438682616,-0.0888905957703264,-0.0762749832747586,-0.8962695098025056,-0.8703311573595152,-0.6210444793852676,0.5466485169842221,-0.2360467796365157,0.0092264757412317,0.7687969794515492,1.1231555081140363,-0.0461443708805188,-0.4300834604209954,0.0215868538967784,-0.7271854453909438,-0.8321310271933652,-0.9853078006338108,-0.6762266553331099,-0.9858683229610464,0.0088719252712912,-0.4650703962164834,0.5180590554806116,-0.8665481518760261,-0.6059004795888497,-1.0314038677088606,-0.4376563025086257,-0.0161233977316712,-0.1856617886298132,0.3586727050218203,-0.034097632389861,-1.587827774538627,-1.4697854326505235,-0.9695801717523536,-1.0789297884137523,-0.8174779421800221,-0.3118625190982629,-1.031711787327089,0.3663755400641466,-0.2718841705466202
TCGA-S3-AA14,-1.0124895672161418,1.7958953284275003,-0.0176138525099979,0.7001299218502876,-0.4786921723359904,1.01816191226255,-1.1207227480430877,-0.0606975547918628,-0.2281111473461628,0.6335962844835017,1.289269644640208,0.7067775904852313,0.775257388655683,-0.2966965804373813,-0.2505692490098504,0.1297818694941069,-0.0359160564806393,-0.3220161410079457,-0.9008684715254976,-0.888917261970631,-1.441623203532639,-1.2354971728465431,0.1165404465797846,-0.5742939294449122,0.1304359732740697,-0.0693890464228581,-0.6422376013899087,-0.1680459988053486,0.7875586524912881,-0.1620356115065914,0.468121582288415,0.0524628151984628,-0.2595795289232834,0.682423069387789,-0.3825875648646106,-0.2839866990913993,0.6794954561707971,-1.2877254611584958,0.1211557458186474,0.70753773737284
TCGA-A8-A07L,-1.08776427566616,-0.0672055018154947,-0.2066586117624504,-0.811309318294429,-1.6430764161353784,-1.017120864532307,-1.353059133759804,0.9284281235410508,1.5003011238119617,-0.2115435005074227,0.2774034778423937,-0.2373256374476817,-1.6826131424331334,1.494877431666819,-0.0609181113071545,0.2215934231168272,-1.3575678339048325,-0.9604400254685992,-1.1000928108097623,-1.354654822911827,-0.8393053252812963,-1.083748822076622,-0.9926845577764034,-1.5381017612535623,1.1883702421031712,0.4517873199092758,1.275491131315177,0.914271215508732,-0.9224361681697276,0.1209217915887515,-1.0524906308986928,-0.7313290040220306,-0.687280349381613,-0.3550423252363706,-1.8856600584899124,0.7818337624984688,-0.5540083345578443,-0.8398089696372019,-0.1081121037385779,-1.4651493473414052
TCGA-LL-A5YN,1.856366962051451,-1.8206210466816488,-1.2258429720114703,-0.1361898463089248,0.2512911316050029,-0.138706893490923,0.637839326903313,1.743648153393895,-0.2682127407960356,-0.6787412219800154,-0.4526534713890603,0.0553353790840928,-0.1621777007090403,-0.5197944130478355,0.0393737775388365,-2.7267516706603536,-0.8423025236146934,0.8543596577013218,0.7294955755767195,0.6038243205495883,1.4267718152938411,1.287604917281478,1.4813998496967786,-0.1894942504605866,-2.035510874550532,-0.3809810478165547,0.3288996558290135,1.1487598343636802,-0.6756929754713129,0.9240112076094376,0.77495348705835,-0.1570251228852952,0.9550257907615082,-2.3359922250194045,-0.2948351902494603,0.2331578283454438,-2.043494711794377,0.405753677441847,-0.5556442659367524,0.0119826267258613
TCGA-AR-A24R,-0.0702062844853906,-0.531575130603022,-0.5067692029334305,-0.6440064462943865,-0.4527386397510664,0.3429597763242981,0.1372733793477714,-0.1151603902964375,0.402512598469658,-0.4009206866957436,0.7729031587904036,0.8796504925034244,-0.1560817707944486,0.4639694692320156,-0.7452998476902518,-0.0686407594851838,-1.6774806615042464,-0.7304607944714073,-0.1674045094704862,-0.4199217783530097,1.0808200284490623,0.6619871656770839,-0.4439808258597748,-0.8037396503125355,0.2396567653120982,0.0458938901493647,-0.1483312623710762,-0.3900934379035612,-2.6393744044277727,-0.7031778526640053,-1.4903817427379404,0.086671557679019,-1.0538351578108065,-0.567718295317524,-1.1508810678890762,-0.321201288393507,-0.2022617552342629,-0.5846046369881126,-0.6360220840585287,-0.5783607323292239
TCGA-BH-A0DH,-0.2962413202167799,0.7778405106492741,0.5060650309880623,-0.2087338793167691,-0.0973863236553164,0.5359741731061609,-0.6400185424718178,0.4348377382068078,-0.0004331347779568,-0.5417064530814655,1.2530620604136469,1.4520655337719142,1.3756262198992395,-0.3373672418947987,0.049392785751006,-0.6247764362062422,-0.9168814535069152,-0.7698457573270456,-0.40099904601851,-0.6972546565936213,0.1376056893914199,-0.1858221984934808,0.9457410961472662,-0.7542073873945461,-0.8852418160626689,0.288954113884254,-0.5491230264358765,-0.4289081062206157,-1.4236546626543067,1.0087592372177177,0.5890941810999123,-0.5083098196033725,-0.6881075269429124,-0.5792797921120013,-1.1458684753938713,0.143620970697844,-0.788813456921806,-0.5173317503499636,-1.3513948961802438,0.8239372069653339
TCGA-D8-A1XT,0.4611776839858673,0.0086569110306517,0.9671309070538048,0.3158558894714084,0.2876963062690491,0.5453568920297496,0.8425308246864457,-0.0366596363467725,0.4475143539689549,0.7857057366006857,-2.221021125315823,-2.8229924524115053,-0.8833175776839626,0.5779956228371957,0.8958559206429105,0.2625007138706943,0.7304702206563086,0.2737115537627617,0.8949552817876515,1.126149691170074,1.8179592686877504,1.3293949290512852,-1.7963148955888717,0.1244028698817862,1.1741201261156071,0.9452675359474924,-0.0617051727993069,-0.770877334267718,-0.1412759204408209,-1.0648298958416087,-0.7131846905717917,0.3916963271743268,-0.1191306574693864,0.6078406809621149,0.3058966861660221,1.2658641796519772,0.305361862109442,-1.1187660129049335,-0.1279802397507145,-0.4608692715113281
TCGA-EW-A1IY,1.1586019945437926,1.6039961138608478,-0.5605242036711536,-0.3273363533646281,0.8252378583330653,-1.4584822612907982,1.2780405163789954,-1.304189449901325,0.2293887610435503,0.7498338665835866,-0.2742979021913359,-0.2983265341742039,-0.4276617746218368,0.4132281205571177,-0.4738229967808774,0.8928669350163471,-0.1672084938819493,1.213265975153378,0.7334842694992741,1.2980552087968644,0.8573052735284844,1.272512382637295,-0.98027242706714,1.1798295569130242,0.3635101807930898,0.5394542254602283,-0.4076532930963276,-1.5248703564736936,0.5122345918348308,-1.035718773406784,-1.0234501743994129,0.7244517664019614,-0.9469705946271628,0.6301657974164229,0.9432213070081544,-0.8842570735180624,1.0970694752521726,-1.148998891206369,-0.9936912335674368,-0.4761607837553783
TCGA-A7-A4SE,-0.014279821165711,-0.6266754562002824,1.0420762261647458,1.6461152926245726,0.1460007548784889,1.1235422137651765,0.118392501645647,-0.3479983906457677,1.0942853336927088,1.2131286848660838,-0.9691544739161532,-1.068507224329603,-1.755455161170179,1.3516614025501472,0.767373840662954,1.6096701007805834,1.719541155832726,0.3061911445881408,0.5730724345135118,0.5536100402768289,0.952110996014295,0.5925026598901858,1.5968576823204852,0.1799536610400531,1.5751062914543947,0.8280152924160477,0.5090813403264975,1.053185638070328,2.461824928946364,-1.4536603060988655,0.4599144251263928,0.2187866514005391,-0.6912106494915726,1.647404483289218,1.1285863108576115,1.086147107817507,0.2721441458348843,2.161614024280477,2.7533292084299963,-1.1782389862384597
TCGA-A2-A1FW,-1.1291172182546378,1.377378802936686,-1.5529583042542436,-1.6180419976993203,-1.2645363385405477,0.2930237240416222,-1.1379544262894628,-0.0700349757303463,0.6486933972454975,-0.8279989812496744,-0.9119387453403948,-0.9860361725261828,-0.9973427596345334,0.9149823833401868,-1.855591179828041,0.8655556354497935,-0.8158835120080121,-0.915681904566163,-1.3566858768700982,-1.00262313409017,-0.0154319838672136,-0.4487270869342724,-0.4731607311708571,-1.139318422349188,1.0794357892854607,-0.2338088097160685,-0.2743440808805552,-0.2947913265271412,-2.335029717457432,-1.1701720796757051,-1.6493217650505356,0.5303997786644568,-1.847254155141825,-0.2442449761511904,-1.559072009244559,-1.130263775703322,0.5611260128258416,-2.338809916393968,-1.1591561368597871,-1.081817921391348
TCGA-E2-A155,-1.4258876177578483,0.3403152510278911,-0.2949005087799243,-1.006768381176837,-1.202727595150654,0.137988360343786,-1.538465687284314,0.0740240912855772,0.6882774256726548,-1.7195267244165724,0.5003763898909245,0.5082156409450725,-0.3919835927742255,0.7496578258279861,0.1259656576849769,-0.3254298101469116,-0.8764827614078273,-1.927919703775945,-1.3548245215220012,-1.6533156305971222,-1.36171003315861,-1.5553261802962526,-0.9820392811024188,-1.4326681532826238,1.4261867566228843,-0.1323220346374297,0.0507757329339251,0.1086339506306328,-2.1761777962322744,-0.8266518389156791,-1.922605153943116,-0.4763692976748417,-2.074591231076855,0.2699949067069679,-1.2229237844469707,-0.3441633167381033,-0.0030967154520466,-1.2637892947337357,-0.8650943473112827,-1.1131490248990523
TCGA-B6-A3ZX,2.2305622767693127,-0.3781159225360531,-1.3001018027049491,0.502967821713265,0.5515472557836727,-1.7836163924264772,0.6646419314594881,-0.2401728783307111,0.5436890267244286,-0.706605090553281,-1.5601643709637594,-1.5758703099640363,-2.1916501164612563,0.6491751358110734,-1.0238172446112332,0.1528021279276896,-0.8722514078101846,1.3142229772377114,0.8461649962601405,0.7020338429071832,-0.0913444538869139,0.5333446434007849,1.4461401057760292,0.4896966950311484,1.1334258366551129,-0.3441813819876756,0.5286565562788526,0.6906288124958703,0.6967431049364285,-0.8577432657423891,0.2475537245188775,1.0666320945568637,0.4127548875057303,-0.539685428161458,0.0550433567421519,-0.363699428253658,-0.9479775353523332,-0.023973298109779,2.065831506605629,-1.362580069311783
TCGA-EW-A1PB,2.2940956817605787,-1.976796495195693,-1.4547581011393258,-0.3512189113995712,0.7097014608856473,0.9426314480491682,1.6991316030903447,1.3842492653585896,0.9404973718691464,-1.8394057682628613,-1.337927482213346,-0.8320870512316239,0.0054980101837,0.9725884605389384,0.7960411529495132,-1.4935650984972793,-0.450978012538009,0.9242465311052688,2.7485138981630293,1.9326851197833,2.629218265890652,2.990804145997527,-0.2903927397236214,0.074019364084866,-0.1073665219618869,1.397512667471595,1.2448648635450124,1.3385419083629009,0.2630017836040428,0.7635644366824508,0.6606877530378169,1.1138968384729009,2.040184545449785,-1.8030078603657809,0.8615123592993046,1.1408652075801555,-1.6928377032271793,1.6278810365176315,0.2441949404888242,1.0991161818479396
TCGA-A7-A425,-0.4870785175980792,-0.730769844359621,0.4062337153978952,0.4437288753234226,0.3762881992329899,-0.3824642817370532,-0.0882105375574086,0.940988564379204,-0.3280267957970199,0.1549891161874952,0.4855096810209093,0.7113830258369783,1.1347239434986218,-0.345897297040879,0.1191123935839504,0.1479233720528784,0.3282358978940226,-0.3336639339183219,0.1204087948119766,-0.3182110379884329,-0.8695196526442867,-0.8156785096522313,0.8870177957050187,-0.1126308683156531,-0.834626992637287,-1.4615693733976474,-0.8670835648175408,0.4038717740940422,0.5955549720109475,0.4866895756878041,0.7975693184478782,-0.6748843268299528,1.2721418972556766,-0.7498993358162673,0.3736792295078115,-0.8444332228577738,-0.4573045922569625,0.2033779179193182,1.031272068162432,1.318545168204584
TCGA-LL-A9Q3,-0.1557133895837654,-1.7314614095217586,-0.7719415825472885,-0.6836896791909965,-0.880287160059982,-0.6806320990065107,-0.422286625214704,1.134131434944096,-0.8735544236306504,-0.522244498968818,-0.1369317683177832,-0.0202918755714386,-0.0439668969901661,-1.1463813683974955,0.4642499256716247,-1.346193881511341,-0.9943137318582884,-0.4854888860067159,-0.5098763055881372,-0.4855538948598588,0.1960930501623019,-0.0932855613311144,1.194131013703026,-0.7517345045425107,-2.520253953327689,-0.8576400444101243,-0.2621451265197786,0.3318717907096679,-0.8566849492742468,1.7931139149149729,0.4666117076550182,-1.4869867078986567,0.0132330512414179,-2.0832705235355764,-0.6159752595791461,0.2549297562006344,-2.034633910539715,0.4272211489617548,-1.1351367597693958,0.110793586201786
TCGA-AN-A0FJ,-0.2642679102804781,-0.4545399331701115,0.3346863333578151,0.1352762914369344,-0.4856644444642806,0.2529839279437568,-1.3916458364539908,0.0192296176573318,1.2936667717313386,0.2004888376609718,-1.5801093492936424,-1.676548538434726,-1.570386086998341,1.3219384850763851,1.4117522797260051,1.3601299085591925,0.0255303085042642,-0.5734645747758805,-0.8511484250628102,-0.6013231896786525,-1.87132313651223,-1.416126525717891,-0.4853823988413114,-0.5717552388934127,1.7956098029913852,1.2900828739767063,1.3847921819843134,1.6722922458302636,1.3380856652991635,-0.7582747721178253,-0.8580197432830318,0.5246779977241511,1.3013133518320648,0.0774527423112216,-0.8150299741056409,0.2222017801914685,-0.1652162622148639,-0.6616771863976562,2.190251113572858,-1.7832065789051457
TCGA-AN-A03Y,-0.4056838904362583,-1.075301391706855,-1.106083217046608,-1.4709201442804545,-1.0452014740488342,-0.5214559147878436,-1.0116929461731112,1.6765403338394484,0.8992788996794249,-0.8272849551159545,-0.0550839565245663,-0.2759090281601024,-0.8823304027927035,0.7924380924950406,-0.7068983367722027,-1.6384176474114904,-1.7751818713197145,-1.085186439603885,-0.5549015331496359,-0.8068657324621684,-0.4777078662322613,-0.5679378840651401,-1.8403029126558716,-1.4513690136355288,0.352632959744636,0.4418344092458424,1.2505867076965065,1.4677655055553007,-1.356520427586532,1.033950926584961,-1.1192919502924354,-0.2957722765116211,-0.0057200210770805,-1.4886352215402534,-1.5943457535317955,2.942840665233166,-0.8596894232999257,-0.6970570253916843,-0.9994935325799486,-1.2703809436831486
TCGA-E2-A15M,1.4975123326658724,1.3640199763631815,0.9710837576486996,-0.4387063935232784,0.6857958238964438,-0.9632980846393856,1.6545500160607725,-1.0370453758740066,0.4550828538782839,0.7007447893246825,0.0178476056191227,-0.1114853846679242,0.5524860010343902,0.6336979182821848,-0.1803674118151642,1.0216709814002978,0.3005307194056163,1.7658540133702032,1.4647816784949497,1.6511106793346564,1.124564410637294,1.3501649242558782,-1.187857880837819,1.7849471627347693,1.4869785633825578,0.1904867454822802,-0.1550188646332976,-1.0758645016350796,-0.2818096828459612,-0.9197293129475188,-1.1049110445533858,0.7674092998965781,0.2207817903786769,0.5261090356069713,0.4262839721512511,-0.5426295653771066,1.1698204228645417,0.249176400269608,-0.6193375814248172,0.2304443562058605
TCGA-OL-A66J,-0.513057044199544,-0.817173765728561,1.8281817207055877,0.3825238405425301,0.5035332738982866,0.1084497183520304,-0.0395932734567232,0.2120168461064953,-1.0472267863510072,0.636089195899413,0.942763505308727,0.824926765361263,1.2547364253229707,-1.1993662129067244,-0.2301511691453731,-0.2000745548139011,0.8957668565334305,0.4133135246307799,0.1110432064755847,-0.1651421703760886,-1.0058894960609852,-0.8383539537444572,-1.1749112195486469,0.2372938375735965,-1.3197019045048697,-1.2042025373008725,-0.2970578135329059,-0.4033868053052,0.2896084588616126,0.7187021558861613,0.9483878416997632,-1.0745511737219442,0.2434712254346018,1.150507745337129,0.8254649869265934,-0.9030913296935388,0.1313744748765714,0.5347008760412391,0.2882851406294509,1.359009401535835
TCGA-AN-A04D,-1.8657149770640893,-2.423304147864933,-2.364992668255754,-1.685799734733328,-2.283741118703163,-1.273622094373133,-2.3433034949152463,1.68542129464336,2.053255406763146,-1.7426691383906567,-1.915926689208964,-1.348446633564136,-0.7949681309351649,2.0296524523251653,0.3705300127403478,-1.1352839251374736,-1.6674949748815315,-1.452526292186169,-2.0127713090769763,-2.382935384666713,-2.319928893451725,-2.230517652331371,0.1742829234078461,-1.873823419055648,1.2105974054474853,0.3720044789846102,1.488208512562055,0.7720167680648131,-0.2727128879195473,0.381090715034221,-0.7472077596252622,-0.250293397180098,-0.5317856513466362,-2.303061470226595,-2.002541219937946,0.7518393635604508,-2.1247866679691945,0.2899921802874021,0.1871808035897011,-1.8221533792912408
TCGA-A8-A08I,1.6996696136408869,0.285408384601031,-1.202279899842441,-1.126495163925901,0.0300639641682793,-0.4406897821886569,1.3918808667508995,-0.358612270436013,0.6790921179468493,-1.905969263856684,0.3381251338195564,0.6573199938121795,-0.4863396622330432,0.7311070018424108,-0.0569705218524427,-0.1438463131947058,-0.606708836318962,0.6750550944559651,1.4452623807169722,1.1330749495488657,1.59687575637755,1.8771669845986791,-0.0023189674690932,0.1480726893151518,0.9871175537149331,1.0572185104034983,-0.2560175614345518,-0.4708153161442772,-2.6089366110930285,-1.3553517736534904,-1.618806760762958,1.710430507912306,0.1633492474814708,-1.4756035772442249,-0.5512881564615674,-0.2093607714963003,-0.6024786604373145,-0.6430098627778295,-2.0161044983710985,0.5449526344067434
TCGA-B6-A40C,-0.3891925799974633,-1.9166242035712144,0.7139925202397268,0.3642611336800154,-0.4283198513808834,-0.6773949074223589,-0.9895393721201846,0.4364059986651745,0.2540484363920787,0.6839089999889,-0.1178593578453629,-0.095200314518128,0.0052218195122823,0.1547009926276703,-0.4702011698215881,-0.9008407480249936,-0.8603018712887928,-0.772471682230781,-0.2487265772303779,-0.3077538099756312,-0.0489554668867706,-0.3161068545044289,-0.0405671257847935,-0.7131942407988161,0.1612956972665037,-0.9570275123042724,-0.2497745725348789,0.6217782006159499,-0.2597761813417137,0.185278885687466,-0.2024888264697809,-1.6427244313182268,-0.7834686138297933,-0.5968740773410638,-0.6401309009884635,-0.396678712260094,-0.6826719712250869,-0.4041275256465397,0.4797865561363308,-0.130672603289873
TCGA-A8-A08F,0.5306554773564736,-0.3029346419951569,0.5755977644583627,-0.2339548540656504,0.0601916690712935,-0.6595474087264688,0.396002785678772,0.9766011070562204,1.2412245557636066,0.3220921880493834,-0.6445347025966311,-0.4252986703788223,-0.5667636888820898,1.2836826155991956,0.4650069023084798,-1.2162501142764337,-0.7871024996306776,0.2225533704536778,0.7961344510893813,0.7289773067595443,0.6233204766406217,0.734356447162941,0.3693546408073006,-0.1525270936918001,1.3483381526845044,1.08146069323385,0.5835386189892728,0.5867644591806752,-0.701246120680502,0.0908563445131271,-1.364225976896663,0.3242068685500009,0.099165876541346,-0.6197491012889832,-0.480020185625939,1.2003295882822684,-0.8799326236690086,0.6047418478167713,-0.5541984136199084,-0.4119725057144455
TCGA-BH-A0B3,0.9832055233565636,-0.6578427796163309,0.4473283068367231,0.8173312367508108,1.0027778420229412,1.3207808428174284,1.109004010364092,0.8718796146001788,1.6801406422020309,0.6714989992391857,-1.1718416330525838,-0.6590282596285794,-0.5636198565261542,1.6462357730390509,2.043017864906441,0.1419838381135816,1.6017644048962971,0.742629123631235,1.1086689767355835,0.9595668799433136,1.4756521792854531,1.5993562908718308,1.1426703351094984,0.3031093050343313,1.566845436131921,2.0200867714564903,1.55357013732786,1.0639190144384518,0.2872743060905475,-0.1673327068686741,0.7394884683101399,1.8396973091054056,1.2952784021698458,0.1520054985814679,0.6120896157538185,1.8716093186188845,-0.409810716125181,0.9740825355127296,0.7596841515053613,-0.2326438101103696
TCGA-AO-A12G,-0.4370284504161506,0.4650123589443779,0.8299735377457585,0.0677269669595759,-0.9673129419084344,0.7836762207008795,-0.81115864967939,0.4579867468417986,-0.2270476298102627,0.279896905112828,0.3256635330466721,0.0594398041003184,0.368599448993257,-0.3395158575110653,0.8947145872600476,-0.517584362435514,-0.1449083118435522,-0.3125726811052878,-0.7391214719025132,-0.6407823980189755,-1.0601887729497588,-0.9364991883524854,0.50225856080779,-0.2696838869248233,-0.6550118544666044,0.5228408247223396,0.656216430008131,0.8221691103842178,-0.463033994105793,1.6258704988432742,-0.2852436783873575,-0.8518363371737006,0.1657521994318271,0.2356151050120117,-0.9566492076947032,0.0069542900525996,0.0328604795858121,-0.1137587134464657,-0.3307806804321855,0.5603156781695778
TCGA-AQ-A04J,1.3531817663589063,0.6701301024445634,1.1286067724402122,1.0166350866550788,0.3637725719582329,0.915989389716783,1.0451374102453408,0.1344826942445227,1.2038048030514217,0.6475437101302667,-1.1066145980924882,-0.9359637546856424,-1.038967454767471,1.3062145472790183,0.0800455880939944,1.0527020652348773,1.2381233461556571,1.438071465058531,0.9142322339748336,1.0292864442525314,0.2979785858395122,0.6606196654175432,1.4230216109762357,1.2701929929269218,1.5817344324589129,1.1658250215784522,1.1961398057206318,0.5160171055258395,0.3736488402826779,-0.8876837920112243,0.5296765226868811,1.316934463033292,0.2046687150285535,0.4187964363575179,0.6761074069173807,0.5198715051236418,0.7957562189071058,0.8594754631287449,1.3280368413867594,-0.6364659114467229
TCGA-C8-A1HM,1.819672524523427,-0.163921263423801,-1.2987312089377792,-1.5676470409620038,0.8034301051002739,-0.0948598980573702,1.4705711598669031,1.1547366017124754,1.8811467034561635,-1.6229170543481723,-0.7626240672080808,-0.2304676102999069,-0.2497051961367022,1.8007898558390898,0.4902950897284281,-1.4775577066259025,-0.3755424743688558,0.9914492176247672,1.2028906863875757,1.0970952105874343,2.4052754232411906,2.310571300578025,-1.0382234634648924,-0.1362942576580275,1.0831644501193736,1.7918930293418645,1.4641564821201234,0.7844490503908528,-2.467462073154513,0.2747525731160735,-0.5407773509346842,1.975423720522141,0.5288812994823425,-1.3530085240587797,-0.1400809848241742,1.0827082964483128,-1.0861868955286922,0.0595667710249982,-1.1727953256871388,-0.4759899133914402
TCGA-A2-A3XX,0.0943868342033594,-1.6961270670116124,-0.1580268528432103,0.8696943866424464,-0.3722065026626636,1.6917416441598092,-0.3507687355435718,0.8231447967645089,1.2091299435204652,-0.2203313182401262,-1.292202095945825,-0.8273200708020702,-0.6001443340639911,1.0758796799659016,0.9868175726543552,-0.1151181102851812,0.4219788876006692,-0.4282668083482767,-0.1753513444497031,-0.3160854248039913,-0.236018597854636,-0.1661759496806954,1.5338617885005257,-0.5729732194054491,0.915617703862455,0.7264692477837444,1.507686476036539,1.9019157058721252,-0.100359074611415,0.5658044519723944,0.0655334849675811,-0.6385265932691918,0.8837567709434808,-1.033953464567382,-0.2022278663704256,0.7435559568184151,-0.886529319882568,1.1373688210120596,1.0659772806987204,-0.8060650592374444
TCGA-EW-A1P1,1.2567316282091403,2.255087677347699,2.385089667368069,2.2562707152429327,1.9103549817829968,1.214403062491015,1.6633359950537745,-1.222972675651641,-0.6931348987972689,1.810385991082712,0.1509988991956925,0.0205412542966568,1.0425470519899809,-0.5194805658331643,0.0494913865421299,0.7159634310408102,2.097827069878147,2.582613017833022,2.070647423027802,2.18766943104689,0.2390223596746348,0.9007905647494512,-0.2619416756507454,2.2376784510737058,0.2073816302481457,0.4962691703744325,-0.383769405792328,-0.1848468493587408,1.029972554773564,-0.7439389184112881,1.8351024719972373,0.8756257716358452,1.400606122908555,2.085589326516801,2.8158061509441072,-0.2051306718681729,1.860861324647674,1.2996760039604904,1.1624295729082696,1.735964582314381
TCGA-A2-A0YM,0.8799104519497485,-0.9021969686556432,0.079070422963942,0.3166969510950436,-0.1504667298183385,-0.3548017301544313,0.8325117243884851,-0.3541225307254442,1.7548963460345688,-0.2309194616696176,-1.3169069831844882,-0.8266056884173939,-1.8129058460964795,1.8424802881763196,0.9446985258637842,1.6574532944548463,0.5297454456343963,0.8438091940137783,1.2830469579493342,1.6187692036455958,1.19575224590243,1.214978016434318,1.9075525259969264,0.4010276194198577,2.6885357680847046,0.6923578197372101,1.0628116959881504,1.2960693315948175,-0.5795443362819428,-2.1514644086479824,-0.8533129404097862,1.1809868400359342,-0.6861601442252513,0.6451906166807885,1.2067172356910647,0.8589091982418308,-0.1441136930957,1.5895944047352812,-0.1378074902951513,-1.9120200633437097
TCGA-E9-A3X8,0.5695092110757684,-2.7657492601122424,-0.4376732680632009,0.145552555842028,0.2974732946763926,0.5699617391346963,-0.1999550179083062,1.5891219364418514,-0.8175248510154148,0.4731999731744321,0.4802475831817703,1.328741031183631,0.3951892963959823,-1.2396802314703148,-0.0184155633145323,-1.7472313263316934,-0.1168377202276894,0.1386307483780066,-0.3903640309492761,-0.3039016951026549,0.0378982858292179,0.0504138251575569,0.516802284343101,-0.0618552255784437,-2.993695306238762,-1.6627201214885732,-0.2106767861646809,0.820587753826414,0.3387908731722013,1.6428449340654248,1.0805014908524762,-2.3557946723225456,1.3223135448240098,-2.073200240123691,-0.1929654995778746,-0.9221521471795616,-1.2158715987880808,0.3941819222008319,-0.2560745243317314,0.4223255601276042
TCGA-A8-A08Z,0.3963593797521033,0.538308429073709,0.4234920463314962,0.2934318432525034,0.7030093791964799,-0.8470386102074776,0.803388915681,-0.903171100290266,-0.3572817144883582,1.3273335842237224,-0.2692093599642727,-0.8589915943223129,-0.8995455695315207,-0.176935739159034,0.2518390691177828,0.5692421620030104,0.834148327657949,0.349505305261122,0.3412488567049071,0.9264782997121562,-0.5634683385549262,-0.1717104405848315,-1.7977711051827203,0.5772708847221468,0.8669477640962484,-0.1857255831645856,-0.5625078330995521,-0.4590996635147008,-0.1383400395929466,-1.1177861103121054,-0.3761253177158667,-0.1603461177024554,-0.964820701908848,1.269860740905247,0.2551814614738996,-0.4986149970490475,1.0333761059996531,-0.9655965126931438,0.3404933239335479,-0.3227787743694301
TCGA-D8-A27F,-0.2930438986223982,0.2288280822721923,0.1509515597306867,0.7816557995081577,-1.137331895420977,0.6934470114158974,-0.0016904781347901,-0.3196257651410866,1.5492271844748449,0.7649831730770604,-0.8273255439398709,-0.6166712408466459,-1.8148546176251623,1.91085409981072,1.3944896175239747,0.6434424623336373,1.30814280917935,0.0708262019759184,0.1257024213007404,0.289802380847773,-1.046507553960592,-0.6073359552380199,-0.4303868552579621,0.270596252423033,2.2887310359246995,1.2227260946445062,0.8291804455273958,0.7291749901964774,2.2408225865271896,-1.6326224240243854,-1.064822199952619,-0.6194557839656079,-1.4568738670175965,1.3108674798203994,0.5021621395768227,1.2938814817365445,0.7181333669959198,0.2537926758098156,0.3826318337793072,-1.5732988061466362
TCGA-AN-A041,-0.4703757287350171,0.2331575163078154,1.0675183277051017,0.084077903977145,-0.6043028184082,-1.9430308817093247,-0.1821270420614354,-0.3657232938055468,-0.0502001585938079,0.6424813312531555,0.7521901538331474,-0.0545368586394817,-1.6593687056295343,-0.0271870036201683,-0.6726918849911324,0.9649714400249692,-0.678875302225834,-0.5176838077586355,-0.5214025950035771,-0.6578853657188629,-0.5247335915183313,-0.5479973992639688,-1.3893017257777025,-0.0063601875528188,0.4709306949165396,-0.5242638386661248,-0.3159416593550933,-0.3190277659614782,0.8632413774316151,-1.6626904282416062,-0.3839330188463681,0.643590843619975,-1.4759955611624411,1.0698012453966907,-0.6702593395322054,0.2703862384925382,0.4334949762265825,-1.2278441278316925,0.7081856785977,-0.9242576101337452
TCGA-AR-A0U3,-0.5454925554793975,0.4959083818468315,-0.7558200188458116,-1.158403752135839,-0.5887361705467709,-1.6880534445424906,-0.5170011048299289,0.2162618144229214,0.8210829606873299,-1.3621873453046294,1.2431663986072443,1.2058867665452708,-0.4783095076130623,0.9918366807208984,0.2125694228554673,0.0254557725080414,-1.359611215674252,-0.5749810464556224,-0.7942701541159835,-0.6386132507720131,-0.2227807252517549,-0.4487780683206068,-1.7569035750171322,-0.7125622202239121,1.2776205545379753,0.6067605437452064,0.4275462434285116,0.1157695800057943,-0.8597374056232723,-0.1635523829380841,-1.0754147006141912,0.3637738682957665,-0.1669265424088229,-0.3974957933396886,-1.0981028077735686,0.7923539164654222,-0.4416748139980426,-0.4042187209963096,-0.7516036065231667,-0.4774006672106929
TCGA-A2-A0CL,2.505041471457024,0.6707687405856407,0.2500075119399063,0.5365948443153709,2.0548867368046166,0.0840380695786333,1.7109921749143782,-0.6112827990872212,0.5581994536035959,0.6102300835031549,-0.3703277467904947,-0.8863520938451694,-0.5931262023526065,0.6460702481962468,-0.9087059364885198,-0.6624163075847629,0.6186422022222633,2.1920428891290133,2.323296547146422,2.209535801969144,2.338582144922336,2.548783453970431,-0.750115711989145,1.6135039954107055,1.1406942963511946,0.9332277307402436,0.0432760252744279,-0.2559723601067074,-0.3609088741696715,-1.0842537958424725,0.1598800394896648,2.518577288197834,1.2721793972475173,1.0916868647407094,1.9403092264711732,0.1660006363907804,0.5292546985335729,-0.0387057645922606,-0.0931053987607669,0.158015412749036
TCGA-LL-A5YP,0.5329891378426828,-0.8684156341402219,1.1355751066157784,1.3979195172512977,0.2784500695570629,1.7133719634783653,0.5011642088879132,0.9297442152311166,0.9786366912223038,1.4818013165542618,-1.5355378557868422,-1.1300493343865283,-1.2713675190219502,0.8396061083188412,0.3502751064424613,0.0267363390793831,0.7677886487391922,0.7202821483892181,0.8001754646068264,1.0325883669874143,-0.7840365386980988,-0.2083337863526796,-0.0613853976677066,0.678400407768329,0.6481948952605792,0.9530966342632826,1.3165786419866323,1.2523832783320905,0.659778254341008,0.1400659673556867,0.4527093942651836,-0.39328000260141,0.519613899387088,0.9419377368733552,1.2370069084259168,1.719677261881207,0.1826552911710914,1.6816364888994877,1.438343422971475,-0.7329531134599524
TCGA-AC-A3EH,-0.7179712584628661,-1.167035358196777,-0.1584901347783266,0.3202366549329158,-0.5907155490687659,-0.1362048102174344,-0.6751026317311791,0.3428636585271458,-0.4424381169946346,0.0746615875101824,-0.1927032182656509,-0.6240419557630585,-0.6976646416260376,-0.4372355859944615,0.4880111312506804,-0.1011552773243214,-0.5028589521971769,-0.7302864846566791,-0.5371606034844115,-0.4894759059170213,-1.059541116529489,-1.0202928751213949,-0.2390647961004964,-0.6712535117879364,-0.5472287348190209,-0.5156967132707619,-0.4877560471389336,0.2551335614036272,-0.1232585066090605,0.4466637718391187,0.2078197573072799,-0.14289049734347,0.0805882822890189,-0.4495353321673477,-0.639982231109212,-0.6492729844531017,-0.4644020634720997,-0.9961583275136984,-0.2766337006234597,0.1665942061063204
TCGA-AN-A04C,-0.3686235260455393,-0.8636225711600636,-1.1193728610369973,-0.9896979992702328,-1.041988165733583,-0.2746788995874236,-0.8902609307913324,1.384220203354056,1.003747408605134,-1.23903640606271,-1.612924592035777,-1.231406456790158,0.4420685279882221,1.0842170513971805,-0.0869085966978695,-0.7736495192594187,-1.3955773262615014,-0.7292060398813595,-0.474241499631647,-0.9130429211820924,-1.0696866696960254,-0.9316750940443432,0.5796776664340128,-0.8244218635953882,0.1802290979749867,0.8521072599003049,1.5800565661540398,1.7413510997108883,0.1331585755783339,1.7274244094048556,0.0593812703257055,1.1592398151581538,-0.2166886139943656,-1.1657004453394963,-0.5603196984754301,0.6827473236600994,-1.4232244339327222,-0.6673804559607526,-0.3327535424954522,0.4059013223337667
TCGA-E9-A1RC,-1.4845723427616373,0.1220968879561185,-0.1013412490036549,-0.9523895520378338,-0.6595746064608702,-1.4172646534986568,-0.8126065270872905,0.3481116158238815,0.3889191437733305,-0.1143424994056544,0.5411263129150409,0.0815573761860504,-0.4738836230866463,0.3956716387439921,1.2796608235811575,-0.3209604073402612,0.2600439532087327,-1.3171018030047486,-1.3759820076023737,-1.1595003809663562,-1.2436855406381595,-1.2202565884004526,-1.6468864029894872,-1.2241260385413566,0.4288619536543277,-0.094335093317573,0.0183342977578494,-0.2129357504636211,-0.7767941607538948,-0.5214728088187813,-0.7664318978896193,-0.7701021957952637,-0.4031154032529098,-0.7358200965229998,-1.126022899060939,0.1209031318420653,-0.0162210034619164,-0.8655904968932829,-0.4061736279350191,-0.9457222779309536
TCGA-AC-A2FK,0.1443345878764682,1.8659317618935156,0.8881204252720494,1.7311772895300042,0.5778676503873004,-0.7610119134868589,0.0846173166685714,-2.323777407422357,-1.7689382079186635,-0.0429642709054769,0.7019864657152459,0.2899672437053147,0.2592021479880949,-1.4844438014232126,-1.4844058775986455,1.1358563918812898,0.5146770950091433,0.7982820334798687,0.3333282944614367,0.1923281543939495,-0.6691900484823297,-0.3826111012776086,1.1641053564550587,1.0960339287330272,-0.3053054681972233,-1.4336064946591314,-1.9246033984228612,-1.300704854534575,1.296367491988215,-2.1689998474601366,1.0455900841202408,0.2506276252953526,-1.0848242068274585,0.8452626304389984,0.8415910396622396,-1.916604880793232,1.4421190135203754,-1.566975943166525,1.4479548876203814,0.9319824007824092
TCGA-D8-A1XB,-0.9139427768066818,-0.2015522337288832,0.110690412129075,0.8635334626757569,-0.1857866115209126,-0.6901041397737046,-0.9206549004197064,-0.8041197712901522,-0.4631005300725944,1.024615291623787,0.6780341533639207,0.0705065620302854,-0.9392971651227178,-0.3563124116826359,-0.4981769433762965,0.3186052099847351,-0.1364802292595964,-0.8014496492918086,-0.8266921274358799,-0.5590981803914877,-0.9547311458097348,-0.9706647756550678,-0.3013861652918421,-0.3179512302833864,0.2883533001377493,-0.7078885534708556,-0.9050047732969676,-0.2180329304058391,0.0910662035484173,-1.3588958051432098,-0.0895369740769873,-0.4221108233604544,-1.303961120247689,0.743273071338908,-0.4915223194812914,-0.5618029653263226,0.7835375040775415,-1.5996585437732975,-0.1308300635486865,-1.2816734851497382
TCGA-A2-A0D3,0.0504946146945532,-0.643098283021233,-1.6190782501199217,-0.9525653244245258,-0.3696744801486057,-1.5518413753895812,-0.9076508957415226,-0.2166753581661263,-1.0525039141091634,-0.9335871806046346,0.5093408896828304,0.2121409904589814,-0.6106034726023207,-1.0532754407743994,-0.7437662516428077,-0.8925951274765845,-1.1106109943428335,-0.8688339798050976,-0.6786865150014837,-0.8157196660967002,-0.6324884315200427,-0.7394868759218755,-0.834834981011607,-0.99427068245269,-0.8308065968214476,-1.1704430329610933,-0.2121653178537565,0.2968672118987792,-1.826727722075015,-0.1475336366267062,-1.3045266095617998,-0.4346642245605022,-0.6685438479266995,-0.6147795697845668,-0.3939928293805894,-0.4920395504530864,-0.7456810137910194,-1.1084929863530084,0.0817462815643419,-1.2994163852305958
TCGA-E2-A152,-0.2405540394381706,0.7657427512367168,0.7940510750844303,0.3668691923226269,0.1029677092265006,0.5610840126157197,0.2474384213362633,-0.4588652771063858,-0.16768853096488,0.912527045710158,-0.744731738308387,-0.5353008117153636,-0.530426890426912,0.145246528088541,1.8877544067758916,0.7847881265231497,1.2431209916057608,0.1476962061800729,-0.4072586571763718,0.1199763514408914,-0.4593318869048352,-0.2835460922948033,-0.2941934659291005,0.3176336432447706,0.3744221879339378,1.1407313405410129,-0.3318369417649475,-0.6479699040982821,0.182428843077318,-0.4122512810258767,0.1138785946459154,1.5731826960709543,-0.0378810836865773,0.9672220281723528,-0.3591531434595859,0.2019931180106743,0.4441398478534378,-1.025007236171813,-0.8305561812255762,-0.0304136544828274
TCGA-GM-A3NY,-0.5571717580609961,-1.6677211671415286,-0.6744595467283588,-0.4427368594575268,0.031347913502235,-1.0149941750534974,-0.8545778859390781,0.5828060805344354,-0.7946335670630478,0.0466148280855042,0.5926268519571142,1.167563824243056,-0.1357424743941301,-1.0072133317598306,-0.3852962886015356,-1.3435342511691473,-0.6087211684188426,-1.3806379502003776,-0.5968440084351921,-1.1183944194188735,-0.3725764183868058,-0.7181302355545083,0.7084581211056957,-0.6357901640885627,-1.883403716473079,-1.632078198232796,-1.0270939082287387,-1.0916306934140485,-0.1048983097562402,0.563651049747892,0.2823040055673722,-1.493357898160302,-0.2703732851118645,-0.4729016447209176,-0.3367831440279524,0.4111835248478666,-0.6164913618175027,-0.7928995342371543,-0.4714827193260646,-0.169036577166405
TCGA-AC-A2B8,0.4127587777367606,0.8674737897904099,1.2214157041650475,0.6783704412345429,1.382326927238244,-0.0364573744916304,0.9792970574311411,-1.410912984097231,-0.8583259718050877,0.9667397309494308,1.0273454131744737,0.812283278384841,0.593680676059627,-0.7053876769844832,-0.1155487166382173,0.9113873618034306,0.9194834362073268,0.6958428203286278,0.7307784835629247,1.010176419911499,0.193368059299631,0.4062884740584375,-0.3588187833256451,1.044921542503272,0.2155554755606373,-0.8450274862219019,-1.1382800112994444,-0.9371473542274368,0.2912478954138564,-0.9557486627908564,0.2857907261359909,-0.1139020561782018,-0.11167781084937,1.2262836426463095,0.8845207028610431,-1.4780838873526163,1.359756781530019,-0.0433565732109055,-0.0709327209675586,0.6265653197654613
TCGA-E2-A1B0,0.5450838926049086,1.4271217244042247,0.5392781286157601,0.3258242480936153,0.3906258131193669,2.244176427942232,0.7009184919734127,-0.5465587002346038,0.9659414236692432,0.7224764538047,-0.900543634341784,-1.089225711967395,0.20498332216047,1.009235567847853,2.23246253087258,0.137640331568334,0.9915713647555672,0.9430705390987154,0.5123571002038846,1.1684661634464917,-0.6408569415752166,-0.0878146261984088,-0.1461575260568552,0.622328738213785,1.7913748738269315,1.7839301505179637,0.7564815378025967,0.9346774661928736,0.6399715035179363,-0.3063870754320312,-0.7071857632795108,1.2664764159804591,0.4024399313611826,1.3487299637514063,0.8076175511431422,1.574857196906526,0.4647237691479629,-0.0390665320917775,0.6742393444192174,-0.1014115553729937
TCGA-BH-A1EU,1.207222579009405,1.7423730067958356,0.6494903334112927,0.0458026110925512,0.7916556277873691,-1.413272440808507,1.5538131803421067,-2.018462332951048,-0.9959996271066138,0.4867288657994314,0.7591377034878485,0.1987217277223051,0.3454111488801928,-0.7590354678073916,-1.376180177230528,0.5470209190085034,0.3495790430908599,1.4413832926008403,1.271936609804503,1.2143432114634043,0.3944610476808619,0.7255387969869336,-0.1232606604043739,1.5987426183663371,-0.0430820880384538,-1.0453583048874802,-1.7452732569374605,-1.9884300976840303,-0.2827615185817242,-1.9070353181021225,-0.5810623311799639,0.5764083434891992,-0.3168153037894953,1.1494290145243715,0.8315611428728338,-1.4897003705743983,1.5253435604014889,-0.9237782363831744,-0.8381441661311216,0.4729914411155826
TCGA-AR-A1AK,0.9920813222533552,0.4726980954547118,0.8752224187409191,1.1079620398663887,1.7389885736512944,0.4579501803714689,1.2506596787099973,-0.6988968938754807,-0.240029867529035,0.1432680970477579,1.2743838368135256,1.228708761965437,0.3596437865131817,-0.2368436008128079,-0.8782489629222578,-0.0551621291818586,0.5396647898434929,1.1811384115873227,1.5096177999855986,1.320520850517369,1.825239617775778,1.7038932207385524,1.280501389790288,0.8744947811069596,0.4659989515765036,-0.365447405004956,-0.7890745499392666,-0.141281863444247,-0.3993437032858872,-0.7536428785179772,1.5068333292085274,0.4831732655082698,0.3618067988947223,0.8163524854020332,1.280220280721992,-0.3627816234917426,0.4094411731834593,1.0285278031037028,1.0897654585993786,1.0551109136362502
TCGA-E9-A2JS,-0.9283805326174616,-1.143625099086197,-0.4272112173112269,-0.3553378214360647,-1.367715671268836,-1.5865295132671582,-1.337590589377582,1.0380353971076577,1.0519128125340955,-0.1948659313716395,0.3188114236135728,0.1012353816315851,-1.097268577837584,0.9805362434316648,-0.3253167690681388,-0.1573581473776307,-2.0940621266830863,-1.261714152306821,-1.0781727020080176,-0.991791167918082,0.3705570781953939,-0.2248003346405462,-1.117134107938739,-0.9975388610922594,0.51488222252328,0.3483807656571767,1.00622399227938,1.292256149939717,-1.3681268207503692,0.8682356670819731,-1.7111805082413944,-0.8168625399642134,0.5870175120981664,-0.9261475918368246,-1.5339942527014814,0.6368695381203727,-1.128113107978252,-0.7921350894358673,-0.7881083154026572,-0.3508523224282153
TCGA-GM-A5PV,-0.3901183064165688,-0.0181785266006618,-1.342555677224734,-0.7998115182108478,-0.2944434165780482,0.0464942571753115,-0.5448422787506586,0.8574909769917562,-1.0007924984766976,-1.5904163116825158,0.9275490618859318,1.4535601324400458,1.481283330289815,-1.3154775558968648,-0.4420149408277825,-1.2710587830689284,-0.3315974264133762,-0.8499404728552895,-0.8557974579808112,-0.7675843820384538,-0.3556381870429037,-0.6653768860443232,1.1258586296479434,-0.7602059272645686,-2.0872200943347874,-0.3103577461626811,0.094659644872821,-0.2936160794970031,-0.6193841845503457,2.07675844914753,0.8788349482389419,-0.0380043126667141,0.3164690519742298,-1.1257146604613528,-0.2337415266544739,-0.2567349980092068,-0.6292423600926984,0.3869002036108786,-0.3798178704228903,0.9568664742351798
TCGA-AQ-A54O,-0.5086843414022887,-2.0797362194266333,-1.4662030052191417,-1.021326239827571,-0.7005516318102073,1.461757910706018,-0.5118728511243995,1.4647659305608436,-0.6612301424040076,-0.5737208696018975,0.5873690831424239,1.3958633230647677,0.0996325230235789,-1.1320472712396012,-0.4424029593293175,-2.2238527260650547,-1.5497207536247235,-1.5332562519340738,-1.004287482268773,-1.1594571975085195,0.0489855837878806,-0.3277283943478128,0.4239454597924563,-1.3799063257479016,-2.677668529017919,-0.85783866264222,-0.6511887941918683,-0.2852286206183092,-2.334800712290684,1.5877623250588366,-0.3462108234845715,-2.197803457122221,0.1364122030787721,-2.402023587357584,-1.0251859142778572,-0.7542165191790173,-2.1466632493991087,1.3214612395385843,-1.622921035336215,-0.2653598013962471
TCGA-AC-A6IX,-0.1024015750009498,0.0197431598337295,1.219796766424682,0.4111053835893926,0.8716943685452166,-0.0620322605692461,0.2038366460085984,-0.2899613497011225,-0.8022418899540896,0.6679686681515066,0.4884631906356312,0.3350233248543,1.1982051711802235,-0.7534370459812392,-0.3405619600308449,0.1770108352559688,0.4310720775839283,0.1163140029482789,0.1643737212301283,-0.0315927228759711,0.4765573841593721,0.2997158638226714,-0.3416698084185494,0.7221384216636368,-0.5284540159077056,-0.8442217983854695,-0.786836729475477,-0.8310302993681918,0.2664449370713512,0.1174387201888402,0.7637247423814749,-0.0362881435658922,0.2959997282675231,0.6016997320532576,0.3290359996513771,-0.3528594644349881,0.1980431909121827,0.1542046133744757,-0.4027020199297587,0.8684238097737472
TCGA-C8-A1HK,-0.3847744133963376,0.5041206635453245,-1.2560983678962765,-1.4328779331373591,-1.247692082045009,0.4474422663043529,-0.7756338734053715,0.2590521034366417,0.8478213106933604,-1.367855946346261,-1.4805787377807391,-1.3666111805369197,-0.2810684857280392,1.1529816747399926,0.2285773771313292,-0.2906603641362308,-1.831544284790649,-0.9636885252682724,-1.073199687061953,-0.9566589955927216,-0.0207780960043292,-0.1577510941993865,-0.1656204660955383,-0.8573922899261052,0.7587527486176243,0.7445925230454249,0.8352776899959427,0.3999334509089677,-0.2998229392449261,0.4700618412517354,-1.1760770528004787,1.3379156430677537,-1.2707888532656666,-0.0851384395800289,-1.2711101424354194,0.4684538714532154,-0.6770019615555333,-2.159152602690652,-0.8284754447482202,-0.6300988533704195
TCGA-AN-A0FL,-1.0289654543601248,-0.3595558573241245,-0.3667444877506514,-0.9282657087403616,-1.484238556156405,2.498657925362475,-1.0942414593436487,0.4730330834368567,-0.0651121132962377,-1.4776172853052654,-1.8203381211156908,-1.7958354420859797,1.1446775919725942,-0.0299769202474893,1.726770561901051,-0.2010358271191367,-0.3787064018537966,-0.7679882982827609,-1.1608483836679373,-0.7186954669877585,0.2972725962730366,-0.510776238364396,1.131114811501841,-0.8741354302102801,-1.5822510082267174,0.8467044800485676,0.2778245056727523,0.6055112952940247,1.443939348243808,2.43527661525028,-0.5421254855339583,0.3105430977287973,0.8412555463835951,-1.2226136718678042,-1.1405208402789404,0.1588278006185887,-1.091827709240336,1.2087127184767472,-0.8816327245280212,0.1691050828793396
TCGA-BH-A1FN,-0.2857774896113378,0.2181992154089419,-0.2995729450827865,-0.2077432208146924,0.1128613926443659,-0.1719748981502205,-0.0396121705487741,-0.0844917169116541,1.190441670813925,0.7878825883499783,-0.2719226660106919,0.0249687427326366,-1.0801419003220545,1.3011238507627552,2.7887019543168505,0.6458903592744558,2.2047284260536872,0.2851306692857714,0.3321468112376525,0.4288485116515649,0.9254766058864958,0.5676801985223772,-0.2536976030340882,0.1408636126889947,1.2348492323975084,1.563916234877767,0.9498868856252076,0.1720827008359243,-1.0593665909937096,-0.880174564748882,-0.6215346666854209,0.7670837853083103,0.0232077735999003,0.8923777021163275,0.5299537950216197,1.3071569891648316,0.467504051178648,1.3195902475798384,-0.3989260160098896,-0.6030462760407447
TCGA-A2-A25E,-0.6703610508925602,0.3675469266260169,-0.3457316407956523,-0.9400915444740424,0.0815732939464209,0.2270653463142741,-0.5219292578446765,0.1755331486345754,0.9107526065583822,-0.5194782351177214,0.6637418338322283,0.7374473095425269,0.3640427582176811,0.8017581667294809,-0.2791857811814616,-0.5530031083883149,-0.8915568075193606,-0.601542339805422,-0.5464611151094029,-0.6238310125179127,-0.3899274342145677,-0.4383915200161595,-0.3248574321681948,-0.7051003686924548,0.6910017634020358,0.7410742875551009,0.880380284812676,0.2532558880461639,-0.9862887126364508,0.115232160686323,-0.7257732891052265,0.4027769594737443,-0.4794098696689028,-0.1230062690036242,-0.3168142357423523,0.8135181753130672,-0.0979707137676666,0.7283015173258175,-0.9631227566387548,-0.0858093553786095
TCGA-A2-A0YC,-0.2792396005262595,-0.4849128289554083,1.005058321119069,-0.6664398296761496,0.5643885904116034,-1.056344065013168,0.1497072549769731,-0.4490480159528386,-0.3032000558464258,0.1231851900949974,1.4072758867386042,1.260802614836009,0.3923415167130211,-0.3000447030745925,-0.0556682576117403,0.5623101921693098,-0.4481577066468776,-0.382971116819814,-0.1014365860335684,-0.2145799377127885,0.9904498587900932,0.4079894547313529,0.0864737695207539,-0.4692145814221007,0.1812218227224736,-0.5600058775749733,-0.679312311470141,-0.6356282199913549,-1.2456689340696183,-0.0791152931580107,-0.3642493869462456,0.0297760438930983,-0.1761533779820156,0.412990105242178,-0.1740374133541068,-0.618250255434562,0.4440829538143344,-0.5934682791100121,-0.3333377167947238,0.7829672130718662
TCGA-A8-A09V,-1.384848265889295,0.0498786026899726,-1.309957289541812,-0.6925188117328573,-1.251616135414977,-2.234512569933213,-1.2928296403927035,-1.3352770878467886,-0.3319055621706633,0.1614897817411207,0.9204212088611968,-0.0055425392746381,-1.5531480641522772,-0.2879701297129507,-1.8405363788336957,0.272871566747339,-1.426804045242634,-1.3261974374137164,-1.1544099447449503,-1.1326151756861558,-1.1503746168847822,-1.3957891921290135,-0.6146838761805107,-0.8520880414978319,0.9408515416885272,-1.9742284514260775,-1.6447284026520856,-1.3040894238784655,0.0968446008878673,-2.669638388935134,-1.5563886306912411,-1.8746294938630976,-2.761324080955643,0.0183493996005453,-1.4197151986967167,-1.9810847356204155,0.4142852768578868,-3.646569598086471,-0.3421252742432034,-1.725548302455382
TCGA-A2-A0CT,-1.0263985917179848,0.2077274599151059,0.2255817943414687,-1.2996376698614047,-0.5617396992207413,0.7493549671308543,-1.2744681876982384,0.8191635934681386,0.4656802920523716,-1.1102066945157576,-0.4780428388620299,-0.4676018145185752,0.078301945691222,0.2458824975298681,0.0184151081407805,-0.0938312077369074,-1.0911342347173398,-1.245260627963464,-0.786360422143221,-0.7882475989924802,-0.8833596100693961,-1.049961314780113,1.5444819224985422,-0.9484850385275474,-0.7910245036715158,0.0075957221813429,0.7545594355337354,0.3051144608216976,-1.1146222343353045,1.322703441442798,-0.5286349448808761,-1.2683934381253197,-0.3027726655607232,-0.5574987508782143,-0.6457486200490162,0.0194159171367391,-0.6708863001807445,1.3036506983284086,-0.6609874530081388,0.7255402818186429
TCGA-E9-A22E,0.5788022245962942,0.7962089436923183,1.4470434858288963,0.5995683253128572,1.021622269826921,2.301233097468391,0.8581493476306933,0.0970749806842967,-0.5981596515692701,1.887490006676544,-0.3313342873894664,-0.082825390430825,0.5012876857239115,-0.4630162401905777,0.7953567440109858,0.5347544313900089,0.9947725264869948,0.8755738483340326,0.8850399577550606,0.7182704429449941,0.8974844779122385,0.9684063099785448,-0.8310829870625462,0.8133238146595255,-0.4011634503809121,0.8242827248797469,-0.2325099432006842,-1.071333820558363,1.4331159412925023,0.7205311772259987,0.4616419030549534,-0.4723689088392012,0.6597459850761088,0.927656474108687,0.150500874629982,0.6649912454161381,1.0147006504429437,0.6887734204930595,0.1258310821656089,0.9814657316320584
TCGA-BH-A18Q,0.5413545566273209,0.439671969991478,-0.6739352551078919,0.3129624131886779,-0.0976348141514429,-0.0628532782100723,0.3387370052971212,-0.1490988570415485,1.299276635791127,-0.5003027443634815,-0.5145675769033262,-0.1496411330451728,-0.8127604693732793,1.3119108341114445,-0.7816070232649022,0.7003597095327351,-0.0812585166403116,0.4304531382947018,0.4534746385328086,0.0227088229615613,0.7157574555821363,0.8072845365224637,2.2730352829957727,0.0633799780815217,1.7948270257116992,-0.246721440989953,0.534001556704606,0.1281417818164083,-0.31215781348104,-1.446076405042766,-0.2828765772283824,0.4540989637797244,0.413633737395947,-0.5696311265051076,0.1861916696590641,-0.0450483904099069,0.2351182537950991,0.9039385308412712,0.5314535408331232,-0.995988916916309
TCGA-A2-A1FV,-1.7085238807733982,-0.2637888725504772,-0.2627752614654188,-1.113045685206011,-1.5900804499315813,-1.7888119676487952,-1.5769782024736156,-1.3447902994992966,-0.4484693853357714,-0.507393486611089,-0.5530380249144038,-1.1691796529543823,-0.8439586332721417,-0.3270635513391177,-2.303024997361488,0.8813934077083067,-0.6514797738808881,-1.506951504687727,-1.5080643435396743,-1.2981850750836434,-2.529433499031093,-2.108266332378813,-0.2542318491279759,-0.6949005590774454,-0.1407770312265659,-1.1472223115430429,-0.6002502677601445,-0.9809227507812112,-1.2235255403281455,-0.7843172884453015,-2.993470878230497,-2.1749363158164146,-2.495992613883788,0.6183844420855474,-0.6655341369331866,-1.2546610159788658,1.1040483090663709,-3.0953372382529425,-0.4521086981128966,-1.3425391571870142
TCGA-AO-A03L,0.0394800530513651,0.6139100417759142,0.054535160714692,0.1091317004291578,0.7513595254769045,0.0350851000952556,0.0801190202804179,0.6073303569781793,1.086803614118795,0.4160224960624097,0.9533605808745608,1.1018657633597455,-0.719537895798683,1.2255332215296335,-0.0496908886783342,-0.7050032999085789,-0.5879272537372116,-0.1359554031211301,-0.2371172824442219,0.0147439582806714,1.2593611356293315,0.7396555999627001,-0.0581901528029295,-0.1632017069303786,1.0764484980413411,0.3966594613060166,0.8605169926800256,0.7937561948666254,-0.3131771666738728,-0.2484060205731744,0.3435039035936637,0.8454395979125044,-0.4054710959606418,0.6562080062214992,-0.0214642418713719,0.9838751672828964,-0.1670360017228594,0.0266990782396577,-0.2005914414232288,-0.4067763433448998
TCGA-B6-A0WV,-1.9620980444910372,-0.3258178542188953,-1.5602911360203198,-1.0516792093843237,-0.3513194807046534,1.2073637316340728,-1.5300840899317447,0.3386206941831025,0.9218696653685472,-0.9805501580655154,1.0188429421196123,1.0780791187503662,0.5158121116836855,0.8529916589222112,0.4548157895538778,-1.1888004287433636,-1.0741945943601616,-1.7178713038260285,-1.8956007140268007,-1.708083038420935,-0.7472661782513673,-1.1007256639675929,-0.4792588242936828,-1.966315005398578,1.0017721125742802,0.843318047828703,0.5012404458833933,0.0672452041170477,-0.9728395156159948,-0.0160446552418234,-0.8280827571795286,0.6159451212671951,-0.5763727449194201,-0.5649070401241011,-1.3851563258060542,0.8582523183724945,-0.3755784590059507,-0.1687243448656322,-1.2462836395985395,-0.3692244681782382
TCGA-AN-A0XW,1.2978763075887816,0.710055305472991,0.8767508218402756,0.8675125422701593,1.4647928217309587,0.8815735303671212,1.0749506090058123,-0.3486057870629717,0.4667195832924827,1.5190070146430543,0.4201509002842498,0.8802772083058247,-0.3967792104616489,0.5362152519016944,0.6579624417180142,0.2130709959893358,0.5668512019320936,0.9530856384720104,1.2766183689389925,1.2633648539657,0.9095509756909652,1.308034977363154,-0.0513409286013241,1.180677803331816,0.992141076246156,1.2570199790588952,0.1885729525604888,-0.6501244878838855,0.4585344400559915,-0.2383848747053342,0.6255229842435914,1.055438027735855,1.3206222038677318,0.9589540121977564,0.8795983075559446,-0.2268861872742625,0.6693929066187402,0.435951646657018,-0.8410193359013792,0.060361481746415
TCGA-AC-A23G,0.559371231886942,-0.0725205943752053,1.7499857178434528,2.142979936138754,1.3793611222775315,0.0734384132345252,0.9013001060210818,-0.7093233512892946,-0.962939688523412,1.9327637701880505,0.7769626427767816,0.5823622470275909,-0.9455674379206348,-0.917992150720538,0.47628248499249,1.1923038432645623,1.592812147573749,1.1332421590910329,0.6413003375817093,1.3156383017831537,-0.6482982440505972,-0.1393276280929718,0.7773475727716828,1.327126660130122,-0.0760183813071523,-0.9547745804447176,-1.13866977066174,-0.4460068676206607,1.8673119776615124,-0.6059951292555372,1.9635988500875927,-0.7314553003871277,0.2786174693724929,1.5571527625245494,1.957114613874651,-0.6821548114894145,1.201918953633543,0.4680076836835171,1.627960299304969,0.4946251288485201
TCGA-AC-A3QQ,-0.1976784718492261,-2.998444273658921,-0.23479269660214,-0.2123958074177203,0.4309559970048066,0.9285272037271822,-0.6082530028158442,2.0266052991896046,0.1264671922259671,-0.4886142489672413,0.3882685262811092,1.1171337976579638,-0.0422535917411515,-0.157255621030926,0.4887504199401211,-2.905003266834429,-0.5879660062285126,-0.8560543252606448,-0.7136527217471972,-0.6757150394576997,-0.2800130469825481,-0.4930261158255856,1.251302425489505,-0.6393859354272319,-2.012688928343381,-0.9651956467593376,0.094835484747152,0.98881341952204,0.056236606462514,1.2533091547614272,1.0016569079451223,-1.47853738348746,1.04937241648748,-1.6859917384453134,-0.3526167490998561,-0.6808260583229043,-1.899950499268786,0.6797020579984353,-0.324560692370098,0.1637067637829767
TCGA-EW-A1P8,0.9812261345051398,-0.9835840833069778,-0.3451709102641482,-0.4129281679477358,-0.1304183648565528,0.2732759588923604,0.4188148684311518,0.6977772607425192,1.7220684489211722,-0.1703452808162886,-1.4581207358271862,-1.062558361976572,-1.3375011572223412,1.5547130620033258,1.720167780799874,0.4544974313314189,0.3930175129131263,0.1370342339901855,0.7198277809950808,0.8401835964754591,0.0551816712812996,0.1961256423032334,0.4574491712134783,0.4424865130925958,1.3743436982931712,1.5680424619187194,1.676557119982199,1.5683243637959368,0.6437052570037923,-0.0273552263912122,-0.5617377194303597,-0.4076543763368328,0.6446958416542902,-0.4427460282184747,0.4882392234331825,0.7265278806096764,-0.6891270917795018,1.7825221469998551,1.377936500743851,-0.9204452541422232
TCGA-B6-A0I2,2.015228009267562,-1.4134242821146727,-1.787233330241949,-1.3708652263637489,-0.205226462501129,0.2308952241009362,0.7153814370998528,1.542597255126227,1.0329800435663774,-1.7949591582932178,-1.618455035690681,-1.2099543985803574,-1.087083068701575,0.9053803638567384,0.5299389377276487,-1.277311616459376,-0.5835681326920487,0.1015473482141234,1.3165351240258767,0.8218073991516324,1.1598661780299364,1.6493690529431355,-0.4783888455601304,-0.2598731620947181,-0.3086819791938587,0.9473376248870928,1.483883974410039,1.9190530283740743,0.3407677666277446,0.2817182990851161,-0.2030088372079135,0.8451582900008978,0.0906141025387834,-2.062916169266333,0.4425882507189307,0.867181886286313,-1.3165042965168294,0.6125630144885343,0.2066391054059428,-1.472046899314351
TCGA-A2-A0CX,0.2790616783624489,0.6610434445376355,0.2878333941276574,0.2134533523667595,-0.0590332820127026,1.0918209859677608,0.7285597676350283,0.418869373324814,0.7806386558588633,0.6528754298517373,-1.1172927586796206,-0.5061237813592081,0.6297341483102783,0.6482740835427634,1.5733808384036423,0.5441208061971335,0.4897877939484211,0.5744225685300012,0.4039475123697628,0.3342956129332841,0.4876173723374953,0.4911736935010741,-0.772585555829108,0.3158194777538107,0.4055284304730381,1.7714883685798526,1.0760346443708737,1.367879885226158,-0.3689458321198779,0.8342140928940245,-0.0900798259310304,0.9534673462348044,0.7864438467693806,-0.2315889125243579,-0.0302215720134248,0.9734338245943084,-0.5312976977932892,0.2179413938847071,0.0307965154271031,0.7645612206815543
TCGA-B6-A0RI,-0.6560958018491904,0.1169372077253886,0.2173258810365127,0.4532258826884785,1.1002094403044231,1.1556226667172027,-0.2322359643567991,-0.1914769144577802,0.4494253224861657,1.1161051743665042,1.6555112656373234,1.9506556183106032,-0.4338345745639568,0.5494473751892731,0.9864542620430466,-0.0269060673415056,0.3811636710254756,-0.6190887167715767,-0.5544195625296223,-0.0439302361939149,-0.5516470548004455,-0.5837212787994838,0.5500097209587966,-0.236598172413753,1.0994766140185663,0.3964619731451472,-0.3022170003857832,-0.5164087573931093,-0.0445461140150597,-1.10303015119345,0.7059781397395911,0.3233361805479324,-0.6379735090990093,1.136766062108151,0.1415131981430101,-0.3042573383937205,0.341916359157998,-0.3846854933510135,-0.0017331717550157,-0.2107025191429174
TCGA-B6-A0WX,0.650814437712444,-0.5560272653327847,0.2687778995746133,1.4860770725840982,0.049752220171942,-0.4505367686633662,0.0537883149492853,0.0740599371268591,0.1407590116087184,1.3419067941061638,-1.3819942317879754,-1.572316863422577,-1.1814048868571412,0.1808370831654746,0.0834123155288156,0.9188225219794915,0.0264160555344842,0.2674879353418545,0.1935313285293853,0.0848782169726337,-0.1825068838876075,-0.0867271006578653,-0.2098601126246221,0.3904411799000017,0.2299838449051187,-0.5543908865131237,0.5168801291608704,0.163781390220338,1.3966097513456064,-0.2743147832290009,-0.1598140441069165,-1.416794104185798,0.1615690536424852,0.2157851917410121,-0.0944453743662905,0.0473525885874234,0.6242105034175619,-0.6892388037553315,2.147425122606701,-1.1975460274121896
TCGA-BH-A42U,0.6540264432640368,-0.6623775745561545,1.000651835259139,1.813658678041817,1.5386666131604363,0.269937209207002,0.2212842001758138,0.3363993767172539,-1.4961070577380495,0.6832369130238582,0.3728767617918216,0.7440174412033956,0.879089716239425,-1.6353590586444262,-0.2709993455160263,-0.3053994130989656,1.4985846102989695,1.0288978832133375,0.4550960681066512,0.7691781228052318,0.0175378438304791,0.2803820044499253,1.9148199276441225,1.0414619477864877,-2.1322100439280143,-1.3483320969163402,-0.6148236804524112,0.3770367832605997,1.2805113399366688,0.6964163556378704,2.9337948837560512,-0.9792793069459992,1.1354647273261635,0.5340358611776147,2.0762006239908075,-0.3165679085215875,0.2170770891378006,1.4463097698626286,2.2153908917118708,1.5985762318437098
TCGA-A8-A09G,0.4692367531912051,1.0603843368257206,-1.5104783043405927,-1.137655884901028,-0.9088025886674672,0.1540263357574109,0.0702232549608323,-0.4530831867795846,0.5765901134873487,-1.3294595672693883,-1.1055862951905282,-1.019297523714204,0.4534162550801107,0.7197233535476226,0.5496583113878569,0.0836505284794195,-1.2952799128590804,-0.1221323588744575,0.2901985470722368,-0.3298978436774398,0.6035034246510104,0.5334489440269168,-0.7529130794644174,-0.2546880773878517,0.8237585646508754,1.1938522284421038,-0.1079454375432448,-0.0315277441820572,0.4855443885218347,0.2415082278810497,-1.1700679268497416,2.288186930833428,0.5422471438821217,-0.6154285695323057,-1.0167784040310994,0.3942744054703676,-0.7990229363653129,-1.4745725697651542,-0.9811876262846516,-0.0326756499253686
TCGA-C8-A26W,0.4670205467075816,0.1192019348118059,-0.0145549906208628,-0.3771983718557246,0.9760541128068012,0.6200112188550385,0.2901083021407287,0.9306829438571648,1.2159156808422116,0.1612839606635548,1.0585475112992633,1.4107047379089572,0.464232699319914,1.2153664662551338,-0.2082956055614061,-1.139818617058174,-0.1924062111377553,0.0668023974108531,0.0660808260931448,0.1093070400575681,1.1468715714368063,0.8301727580344236,-0.0279354236929766,-0.0334024519773983,0.7919596141082864,0.6330161436996646,0.912889111207564,-0.281236926534571,-0.4257806804819301,0.4721438014521898,-0.0235122078772069,0.2471664677382138,0.0497305011715556,0.6115100907435309,-0.0586751335520135,-0.0164196923980307,-0.0082609371864462,1.629350443141702,-0.3914522384955128,-0.0897787944983478
TCGA-AO-A03M,0.9507001650378236,0.1290280960889911,-0.3490867925754172,-0.0075249339298273,1.001607687665702,0.2135881364738905,0.7780994987527845,0.5608800852889163,0.6202602492900333,-0.2405990594411831,0.769181636166385,0.97392196859818,0.2105506329033567,0.7242206945050799,0.6013054383909416,0.0218120347207025,-0.2428501639627404,0.2452180936276127,0.8096669851251901,0.5014018322282068,1.3597854198115098,1.2894840684608762,-0.2659188936621083,-0.0553838901517227,0.3538517786040729,0.7626478051454747,0.8484523023586168,0.1421634363212213,-0.5750778092420938,0.2373440267614213,0.1620220610896946,1.5470783571367024,1.3177151238785765,-0.0666338588756422,0.0011925872203163,0.708042012316004,-0.0736024652956372,0.570153875050435,-0.5465784771823882,0.1350883502007286
TCGA-E2-A1LB,-0.9321526433039538,1.8196857192085336,-0.5960421361448698,-1.0035744834666689,-0.5283752883826089,0.8304700603846448,-0.4026109682179007,0.2892712016082106,-0.3031648197887187,-0.3418427226005307,-0.8012021681291388,-0.9465963118353704,2.182549175923187,-0.2637632760638765,1.0423733224968768,-1.2261474214509456,-1.0689278902180248,-0.7957891279654254,-1.0733695907418117,-0.8924005559263821,-0.843610729838479,-0.8101239294581347,-1.4818833657069126,-0.6087916327608582,-0.7489766130281644,1.105698714556851,-0.1593402019896084,-0.0911400784639956,-0.8687140349519828,1.0611227367860911,0.2800113309909746,1.2715684040047284,1.3680146693295905,-0.130004051992126,-1.0128115257003816,0.287365549894673,-0.6961924710832265,-1.1974826404063883,-1.842885340985455,2.7634618485390487
TCGA-BH-A0DX,0.3140128435599627,1.635243151972411,0.938471778461331,0.5589165649691452,0.908952089811174,1.42854005027028,0.986799760776048,-0.3099111032205834,-0.2605931162885824,0.9962794697865064,0.2916505991268494,0.3672086697340948,1.418066163301586,-0.1343718233743273,0.2325040213734013,0.6010398714900366,0.8884413615734911,0.632090614521029,0.6000828958886355,0.5872613020624303,-0.4129231915249637,-0.0565295609517123,-0.4436908457291326,1.0361916459630849,0.2094076503619035,0.295974812361731,-0.1751175618216117,-0.4303019789878362,0.7489499977498365,0.6217184738532828,0.4209460928494542,1.9134961628217355,1.5613842320951457,0.6808066327560494,0.7047232756628521,-0.1529376471949991,0.526547335872619,1.3716655923298178,-0.2845460896372098,1.64645053176956
TCGA-AC-A6NO,-0.8944810465747403,-0.8629199890497051,-0.8541737899922652,0.0309596244707491,-0.6871312942257083,-1.2488184483348412,-1.6776645268508263,0.7410431210485059,0.1313958970696642,-0.2936738907397813,0.7817670363245441,0.5666496248992962,-0.1456838915386351,0.0058468667942174,-0.2992405744662439,-0.5656253366493911,-1.6176071964776348,-1.4965884500307534,-1.1280976072965854,-1.5166452978743543,-1.0373020575357923,-1.2482325636799725,-0.3570196894934122,-1.340958866892122,-0.2112059589330418,-0.8874925438638427,0.372995692356354,0.8105812016974013,-0.4272785494409877,0.2034471339389631,-0.5628957766179947,-1.03061523549879,-0.7165307054882619,-1.0526435579165263,-1.0829475539897548,-0.7299307935526895,-0.7989398063209006,-1.3960534474420878,0.3424475430507422,-0.9115678327019754
TCGA-EW-A1J5,0.8242411162864233,-0.1548987179559621,-0.5952335607081017,0.0273526450496715,0.6489894451430838,0.4842500960968539,0.3703306358310664,-0.7278922721130219,0.0062622718270149,-0.5139937359633272,0.7066407769828856,0.3320286584266536,-0.349804472461162,0.1757265447035947,-1.3990892219058222,-0.957169982570192,-0.7398353174717696,0.504663852856954,0.6743835924636066,0.9352429478663804,2.0697928770921745,1.6192626116487907,0.507627409962137,0.0877821065678539,0.8286640205718252,-0.6482245246842298,-1.0471184137201357,-0.6753502165359508,-1.3987951680346244,-1.2871636497438377,-0.4756655235976053,1.4253008944277157,-1.4301960933293432,-0.5339717597259752,0.1947353639770164,-1.224614999267249,-0.0134159979518877,-1.1555959787828434,-1.2509550459368404,-0.7293577295768636
TCGA-AN-A0XV,-0.196300572788765,0.7348429017822197,0.0234340974339855,-0.1943589982179848,0.4853033850040094,0.4957165355779691,0.1383445502455738,-0.676169131370287,-0.0784605491163549,0.5653517026715426,0.5199239302420441,0.253932525924097,0.8926238480014671,-0.0344816539685281,0.5067860026609656,-0.4890323476460822,0.7468796166189776,0.3276089003345439,0.1495455206115545,0.0464095716590171,0.029624604139453,0.1164953220213383,-0.2925618878741828,0.1982792432365364,0.2942526053159029,0.5600415033905455,-0.1065748021329054,-0.5453643646023784,-0.3597017769277631,0.3250161188635044,-0.126012310166656,-0.1524064290594735,-0.3119339465334682,1.0074671586320831,0.3001242600143026,0.7798929041512526,0.7342647309580734,0.483595452844298,-0.2479744240708928,0.4932483207567604
TCGA-BH-A1F5,-1.1285701927447442,0.5112243036276078,-0.9031176899352196,-1.6081307881838118,-1.7921423252536064,-1.1299493731316836,-0.9639741290805472,-1.5617749982249882,-0.5476907501696636,-0.6468656556408208,1.307879514054884,0.8526733523164219,-0.7597703473234307,-0.5495331517645298,-1.3596133108178594,-0.2121213007745785,-1.051630320996477,-1.1113616046727344,-0.8499280913118229,-0.4476934676039527,-1.0579407086340509,-0.9533541214227148,0.4193479074349598,-0.7671524930573416,-0.9862156222686856,-0.7063897023344562,-0.9893686606756792,-1.4880595874124312,-0.8826546254226318,-0.8959778283984966,-1.6293894008115708,-0.37078322115217,-2.972752379565058,0.5119517338063924,-0.3987310262181228,-0.9485488684937112,0.6378034739683558,-1.3439409202444632,-2.2561807293134515,-1.3380646297119745
TCGA-A8-A07I,0.3322669632140476,0.5209879325653441,-0.163441594951354,0.2646293242402358,0.4069921026673375,0.504041013141262,0.5958089186258365,-0.6331025084120384,0.4894520026828889,0.7712789588107067,-0.0038393167432121,-0.6037043571873385,-1.4199745967801978,0.8426574702308324,-0.4141911262245308,-0.2333831692217431,-0.1338908749648973,0.2864900227265627,0.5756688505195575,0.5721875860081261,1.558408785016366,1.1786311849643458,-1.3489558914948414,0.1261430209353111,1.4893169612509556,0.2202077291044726,-0.4122424617982092,0.0777185681935783,0.3101853097886175,-2.080870429620429,-0.0524353836960703,1.141729353213219,-0.5735961058667434,0.8935925774689292,0.2953056120057374,0.5085631890236831,0.1786017113676538,-0.605561191158973,-1.1607753879074028,-0.9520389698418472
TCGA-C8-A12W,0.0243286516647495,0.3840032960164036,0.1936558913360866,0.4905815731878102,-0.2601556947897062,1.2657476863741406,-0.1122590864150261,0.2917669296109011,1.0581297845110818,0.6614019034998403,0.6176794999321891,0.7152848156336783,-0.0875727201056574,1.073463047228653,0.3446794351189249,0.0239317777611725,-0.4747331394798069,-0.4839117805349932,-0.2357629722678484,-0.13643327710334,-0.5718596661921933,-0.3528870806806866,-0.410421757132391,-0.1585449937373238,1.351066112323981,0.9673285193016352,0.4636326674972278,1.215166230281552,-0.6242172835413067,-0.5872616742695946,-0.7162277991739576,0.6656074373459914,-0.1564062901239587,-0.064767590305111,-0.7779424277968223,0.7036643746826294,-0.201465954932925,-0.0251148540253882,0.1045658863318029,-0.1579685346120528
TCGA-AC-A8OQ,1.100788054862505,-0.8170414870180214,0.7116975234085879,1.559739841706712,0.850797192739153,1.078194597296159,0.4499201225839896,0.0619275311696522,0.7733340606162297,0.6908954213608489,-1.369160274011477,-1.4891099108444548,-0.2597391623815215,0.8097670624497597,-0.0941247146209551,0.4314790306865259,0.5150608705420218,0.9494498341377716,1.1152038605407175,0.6705048552942146,0.5854791458293519,0.8962950443792452,0.4678131282746304,0.6676260660498476,1.1714975442126814,0.4384977249909728,0.5754181225746187,1.4366802830635512,0.5714041935930894,-0.3707445732252135,-0.0357729335756893,-0.0401881542251926,0.6000868012038001,0.3634504307269369,0.6230813266529727,1.037533166401842,-0.1937029634819736,1.678801223037881,0.9151845546510105,-0.7416273390998507
TCGA-A7-A4SF,-0.4977620070527951,-0.9079764318298376,-0.320909096425332,-0.9677791901253966,-0.7483008626780775,0.5065653394893234,-1.2699947954638509,1.1218145537382498,0.8758171060779552,-1.2515818830144414,-0.1937537700035966,-0.2066869940126541,0.3000051186404835,0.6983762892468054,1.0148149584527582,-1.8999559242559405,-1.2681199321787195,-1.6734797797689989,-0.8315744822545577,-1.2975675459313465,-0.3511668654410623,-0.6094823321203472,-0.3339755461924625,-1.7300143074687615,0.0796799595998876,0.7316116073612489,0.2245086832185308,1.250607726456914,-0.2899636199927758,0.3407651494585389,-1.2383055137298309,0.4191484649439379,-0.4884838466251793,-2.136725403560243,-1.8846093673477389,-0.2718854370508958,-1.7107453791058436,-1.1059713449830617,-1.1213258960993635,-0.0556903526949325
TCGA-EW-A6SC,0.0838944342604408,0.5518365960371302,0.8271446201716639,0.4377965203291094,1.6421807821112344,0.0798111494975008,0.3256552608849976,-0.2520905234127994,0.2785378369273322,1.177149777208654,0.8141622685133079,0.9852814684166096,-0.4950777266489778,0.3839350407702293,0.3099682736761973,0.413780896291695,1.085956237673141,0.5566626853943488,0.6772053102724803,0.8464741528461212,-0.1447857434722863,-0.0649940660200527,0.2857703717407338,0.5273368452357096,0.9213604195841184,-0.234750614647359,-0.0290941304253528,-0.2069666344436398,0.3027649757492029,-0.7050754225684277,0.921936866261992,0.4599285916143032,-0.163249633949608,1.2567092552517023,2.161536388744474,-0.2874709299540354,0.603806047143626,1.613924844668325,-0.0112919564248681,-0.0063155233174076
TCGA-AO-A1KR,-0.0834690556402157,-2.291698556946933,-1.5602531400799966,-1.4686247992070538,-0.6363002419027797,1.3874936205495414,-0.9377979851689624,1.932356311897501,1.5039617136595005,-1.6616984646292547,-1.8385047569825768,-1.1109454131677186,-1.0823378826986991,1.2387556784272102,0.7632944325662558,-1.7384185010639694,0.0308610405610334,-0.6949892530693083,-0.5856965950136069,-0.8571783947571376,0.5847154813455392,0.3199019430076467,-0.735271295857935,-1.2626688371300705,-0.4392218023217521,1.0489798584392669,1.7515591923878175,2.7010231784615297,-0.4024331493769993,1.7433091046072942,0.9212859017087234,-0.5061349922348211,-0.0185319082040072,-1.7931866130978404,-0.24403645125087,1.5421919002936142,-2.171191616911388,0.6703611474160839,0.1763178472433697,-1.3432656745133147
TCGA-EW-A1PD,-0.8170526730160478,0.2631760841006712,0.7764074915429114,0.6659701125361774,0.1582268234418892,-0.1966724999661884,-0.3302026718473179,-0.3695295945738067,0.7752983089472257,0.7228743472719552,0.4762963552252794,0.1831856201061001,-1.1102745991170688,0.7961892421213536,-0.8067483280223937,0.2572586519347209,-0.1606288659951323,0.0623949910523379,-0.525209517915481,-0.3537131228202964,-1.2908927067192058,-1.0357687028579248,-1.9045387975673076,0.0104393057348133,1.6014565325902348,-0.0555190089224443,0.0566496718804506,-0.1514559549757389,0.5470526341175365,-0.8459156878209518,-0.0046437892847724,0.6356167694988197,0.8548674633094292,1.5448077060261227,-0.0818315039759313,0.1721746363117021,0.4744168806036213,-0.9349188507763632,0.5737762905064492,0.0659339885134134
TCGA-EW-A1PC,-1.1787182754036911,-1.755717379247606,-1.1909292388176624,-1.0903955904521532,-0.6538579777576562,-0.1483765616554979,-0.8423126207477514,1.571963230822584,2.1186991360218133,-0.503013870900942,-0.662031387382318,-0.0060495233959437,-0.0651064860258824,1.917827174509368,1.6739067948759625,-1.9043294831907496,-0.919049142707022,-1.3728126800725062,-0.8735466792750219,-0.8913096350604375,1.1660641014758462,0.3329235732784621,-0.3398491715363607,-1.5762487221501762,1.593212123748866,0.687272656736553,1.1981750660503607,0.6871128486675172,-1.1385825209136022,0.934619782345175,-0.8977466350901437,-1.537609991567539,0.0574877962457449,-1.5784421220888456,-1.1427660473528052,0.5960478332675654,-1.7819365350060663,1.6982962710704443,-0.0840070459785279,-0.2706791564662913
TCGA-E2-A10B,-0.3499787669151989,0.275242222449485,0.1411929550971143,-0.3097823346439941,-0.7580587865138975,-0.4772321121704205,-0.2004972449486716,-0.283386419917169,-0.0176176143041432,0.2905068510011573,0.5881444490460878,0.6775779739979206,0.0852091959131879,0.0488208730798138,-0.1679890994936505,0.4313403127902085,-0.9729441718919952,-0.5552488718361736,-0.3829484174728257,-0.6269765962308019,0.6785479932813636,0.2109788074559569,0.0852169029809415,-0.3550834697447341,0.3614751246199951,-0.1065913717684526,-0.3438197066287271,-0.2598581891064473,0.0736760038726487,0.0562612743986123,-0.5560854569725341,-0.3111342046311968,0.1616431289313822,-0.6286742506389894,-1.3024678897883284,-0.4788358184288291,0.0351544482519071,-0.2235191460783773,-0.0763826394070361,-0.3142597225999353
TCGA-AR-A0TQ,0.4306708352518542,0.3099903633284447,0.2965685500006442,-0.2915504970616719,0.2842789895460874,1.9970685295732007,0.3269961805578236,0.6113023835447433,1.211653821429463,-0.5193073944153821,0.7954886780120755,1.136688333972242,0.1226984444663516,1.1651278477340956,0.0231668809158636,-0.087830027792543,-0.2600640013085845,0.2709886750791436,0.3300242054817686,0.2163909333046894,1.2835090568390433,0.9664802311007712,-0.1185900509495552,-0.1316210865194224,1.1577331997113354,1.3236424182487605,0.4932453002641729,0.5464952764130621,-1.20800318875153,0.0150074469478566,-0.2360767682882138,1.3974620867708427,0.2393730934932406,-0.0200484539910673,0.0825260266086284,1.3557965541465131,-0.0692314583204286,0.5651027984505301,-0.798295813410009,0.2053742792558556
TCGA-A2-A0EX,-0.1795851790309331,1.173421485886282,-0.3546220892300218,0.4260990950619172,-0.1426481398076957,-0.5969178299572084,-0.3705537691615069,0.1485817681798497,-0.8338559011782437,0.6658440371719336,0.6524393515214538,0.4786755121982876,0.7291662666837552,-0.9445520544857676,-1.012638385374482,-0.2264349426019506,-0.1687142092052794,0.1748330637476373,-0.483517758865475,-0.2676438361201869,-0.8793312143075771,-0.7492104435476442,0.524596326289628,0.1596196628624093,-1.1424660408639566,-0.1114298417243791,0.2708472785621388,0.4229104162525328,-0.0803673958291498,0.9573637846198484,0.2131745566786274,0.1219894276666517,0.3650069858359758,0.187588090944679,-0.530290342906507,-0.0710395354349349,0.723533742615608,-0.5442371245016959,-0.1112670630931024,0.6123827483173574
TCGA-E2-A14N,0.6796889655290828,-0.5709563369861285,-1.2921151752515034,-1.5393200436501802,-0.9229078178340728,1.4921088649813417,-0.0555630627849789,0.8532706940740187,2.0239531384023337,-1.2164530580894235,-1.8171181351300456,-1.483618605375993,-0.3810538018223425,1.9630865226388856,1.2620920955226056,-0.6884885477769975,0.2899541986716163,0.300684358450167,0.3180357621018837,0.6968084753522455,1.4681414809948208,1.088526176959654,0.1768227944508925,-0.4708780683971504,0.7723002011201991,2.8315279698416758,2.558215638510711,2.1786825636870963,0.0701605446044602,1.3403595286580878,-1.2628488609794457,0.6285856168923907,0.8655761520189611,-1.3399802523001056,0.6394403481027597,1.914830579976595,-0.7295162625786209,0.868048068251481,-0.2481701506244219,-1.155988615315131
TCGA-5L-AAT0,0.4419688698157479,-0.4706755122313194,0.4242621141990605,0.7498405698415895,0.3487699123027774,-1.1458739806855054,0.0393612870910322,0.2990254516896003,-0.9313051514191644,0.8371600855116977,0.2890850779230815,0.3939383262561838,-0.546860637044315,-1.0926403479344706,-0.2561813130001743,-0.5885534917296121,-0.0977985247116371,0.2446136196308265,0.2135321146624385,-0.1016314313892151,-0.2572222349077025,-0.1844187739695821,0.6581476387773647,0.4043936708227446,-1.0733324533855526,-1.4140202810805849,-0.3982099822474036,-0.3855300208414763,0.8253955710594462,-0.1549931789817147,0.4938409028649508,-0.5472931401720578,-0.4216535000693943,0.5481272648950052,-0.5286469808003609,-0.7194976954486629,-0.1103258663037078,-1.046493719548057,0.1439577297421873,0.1440773157024285
TCGA-AR-A1AN,-0.155469939848713,0.5519440816119037,0.9059896444989366,0.1716708927505749,0.4191930870942285,0.6465285134694069,0.1225484920517968,-0.4667812548765637,-0.4654963436986705,1.2239820442671523,0.590327479228006,0.4262872464163005,0.6365186029647428,-0.3089658699603979,-0.0998587198944614,0.4416490891073725,0.3667883843323601,0.432322400529983,-0.1127158314253109,0.1482102971290359,-0.9707173208606084,-0.7558543463003489,-1.9799435259527265,0.8330690220503003,-0.1819999834235716,-0.0982976051863542,-0.0661562851210139,0.2251991057069423,0.7943709029956401,0.0035783934265954,-0.4620640835043671,-0.2555091093304085,0.227751908315848,0.3984298741871638,0.0341275533797677,-0.1248009473353458,0.4864115369590677,0.4794267904705205,0.0203396406579819,0.7255063637547342
TCGA-D8-A1X5,-0.1447047353018833,0.9071266985558656,0.2680124457296715,-0.6971335287702348,-0.2610770186114008,1.1168636431563617,-0.082927636047266,-0.3767409225570043,-0.1749031767316312,0.1146907255448126,-0.2841437923789285,-0.4287530477794145,0.0088622796286461,-0.206622723755728,0.6680989684809548,-1.4813136838970906,-0.2584007065119464,-0.269990638741738,-0.3642068811399034,0.5205146540315237,-0.3206071865765109,-0.1728715000033733,-0.6404108569468848,-0.2837515665576098,0.1190531328744253,0.3674216125299442,-0.3119997955453655,-0.4674122181436508,-1.179089831230642,-0.5582104086587988,-1.290406838159491,-0.491294309864841,0.5104996412469676,-0.41650497894172,-0.4570219519478346,-0.7445810439550457,-0.304497187731743,-0.247885081562652,-1.4377662639769897,-0.2359665211080807
TCGA-A2-A1G6,-0.103762807184288,0.9323085877710268,1.0736176995624138,1.2006658590200223,0.7066086475413876,-0.6606363367577511,0.183125850634208,-1.2375094297435083,-1.4797255471201232,0.2221612262030992,1.0753970235153585,0.8810227537720374,0.269498827209249,-1.4666745314288745,-1.451451143363687,0.8840908050175993,0.684222440350805,0.2942062759018841,0.1258242931618793,0.1157966559339453,-0.8827626408199878,-0.5230288119678049,0.3885417794376657,0.812728027888173,-1.241461273878276,-1.2686304021622226,-0.9169812830488794,-1.4383427241328683,1.518883618784934,-0.7633564876257576,1.06070883024106,-0.3229021684586035,-1.0619632583067975,0.9714030851103748,0.8266193813345617,-0.7391370699211477,1.5653936591565825,-0.949957785385005,1.906576185841626,0.2425204906919701
TCGA-A2-A04T,0.8112630218749398,-1.0865547175563586,-0.8719917818671442,0.2642705362933542,-0.7797442664832884,-0.8201593787011028,-0.277222634074543,1.1503587610436332,1.9133470979724567,-0.61169674099219,-1.8757961479438297,-1.9241143271269077,-1.3742376254338795,1.933711713759231,-0.6764237580352187,0.0532404477409358,-0.5010640176050939,0.0855274943005958,0.033470249655663,0.1871038648790773,-0.4965103070615688,-0.050635771686755,1.378768661216578,-0.2141339326395256,1.6929870072963906,0.9704984740071504,2.008145611597619,1.3944536130147644,-0.5323115683207544,0.2390992023740674,-0.918891089504493,0.8406622981755849,-0.716921006312459,-0.6539887568259342,-0.493325843735314,0.925076611850972,-0.4360331468658117,1.676499718467508,1.391944536462153,-1.458904399082916
TCGA-B6-A0IJ,1.7769366679657386,-0.3772009204729702,-0.8050946649495965,-0.2487322740153309,-0.2637050352224612,1.0058184855422336,0.8529616327217705,1.7004114061420224,1.9377851373324213,-1.3316033200182311,-1.6834471504092234,-1.0070370976558054,-0.6444521359047359,2.020851437843613,0.5068936774794759,0.4480044437127706,0.0682982116404987,1.1909614650765317,1.5356999935851177,1.2836738150799434,0.6884351316078517,1.335725905060685,-0.1848036427302573,0.2083802200887564,1.3670094875636385,1.7103482585634002,1.8916183202245531,1.8683255370711052,0.8912958384945091,0.8513691480365249,-0.2703524634786705,1.099597228129541,1.152758526537565,-1.342662038063949,0.8491455797489599,1.9265823565747533,-1.300857480796394,0.9832695013341222,1.416671334825952,-1.0736471402151988
TCGA-AR-A256,0.0630958229809391,-0.3306035017149584,0.0565189343639795,-0.3761809788565713,-0.6834266258033819,-0.4237772686700642,0.1143139469663707,0.4157606820953573,1.7027177027729965,-0.1584155916776996,-1.5806830305505826,-1.8728747365395773,-1.08558826794699,1.9164559627737827,1.3257751512754503,0.3497807203389576,0.240976740058182,-0.2276199618674035,-0.1946997038357837,0.5414574001314468,-0.1838212968602133,-0.0067229639102768,0.3834348390783178,-0.2581888705834339,2.078597272435828,1.07958888476844,1.746658636357162,1.5652497570337454,0.886980337840413,0.6355617459422547,-1.295585663521618,0.5333870532402013,0.7784244513937061,-0.3432230186219415,0.6281536428877946,0.584693331517658,0.1479250011540895,-0.0921924703558728,-0.2531189302154629,-1.7694107419083698
TCGA-A7-A3J1,0.8454644076265297,-0.1824782877061397,-0.578882073829831,0.4684210106428061,0.257097663696277,-1.2033744437873666,0.4030809996405884,-0.995398636476784,-1.038405615064733,-0.2601782546149789,0.7618957363588759,0.2496739839808889,0.1032236776907418,-1.075779370606526,-1.427003144584096,-0.5603787669161238,-0.3343692108637121,0.2157358985740587,0.9699623046583028,0.4647041325569891,1.7834181069477626,1.2877681967984025,0.8654503879333829,0.3475310718203365,0.0434330395348697,-1.981311320539458,-1.777209458076441,-0.6710576949574861,0.0597660191008385,-1.0995803866304807,-0.1510751701107026,-0.3595200830528964,0.0611115945525134,-0.0274716069369444,-0.0061237656799034,-1.3328596603581435,-0.052165453777579,0.2252895686723173,0.8665408794990354,0.6318858566030501
TCGA-C8-A12O,0.3942504751565718,1.6599445100113936,0.8325572489826805,0.5241653934694871,0.5159834820262206,1.1316004228377272,0.5530655739403918,-0.6130970010268617,0.438000929415785,1.0723061658604354,1.0562239240547278,1.112136126471181,0.5092492922793074,0.5207552503793988,1.4126126056545751,0.1292240614427334,0.4679585227841528,0.296305541840621,0.3032417174553027,0.6355573546069919,0.1801516500421416,0.2931122268185137,-0.5458414140882827,0.602774686612933,0.9032555768771884,1.732607161811588,0.2641129043714024,0.6748161359160026,0.3312119526243531,-0.3083933724074488,-0.1823817410378459,0.1740921756207342,0.4606268697667235,0.416894558730919,-0.1256372844212392,1.6367010804071531,0.6140545070693969,1.0150999642942402,-0.037997528810418,-0.0012213618466695
TCGA-E9-A249,-0.2401756578698488,-0.9388244962119756,-1.371357352622585,-0.96069716426879,0.7437184716823801,-0.5790481650318224,-0.5861837455658719,0.487409456077943,0.5207710642281398,-0.7513813618379663,1.1193009090808432,1.219581727768292,-0.7308888963234381,0.3709506415907351,-0.3519292951186284,-0.6602424236704513,-1.6151916470668668,-1.2795358195452462,-0.5104224443055582,-0.6309448821507676,0.1955203958858107,-0.2183940653819665,-1.6277551752931831,-1.343989691894737,0.3181140753923042,-0.4702278668482851,0.5564169926533579,0.1628662719646552,-0.8565728289499177,-0.1707209103491628,-0.6426458313276515,-0.6824210646427095,-0.5219156672741704,-1.22607009166119,-0.3877422007949431,0.0844242710053573,-0.2410633404696159,-1.38176211456933,-0.6560753353107018,-1.3930444490935172
TCGA-UL-AAZ6,-1.115964796037259,-2.2786382116161987,-0.6314858219456493,-0.7878512231958679,-1.2814181561286018,-0.0519718200788555,-1.1769092330040114,1.711318209014764,0.556451662907241,-1.3919261519242123,0.5361948416411954,0.5652027413017037,-0.4790613340743649,0.2318988555448596,1.2293435852670245,-0.8672820513132511,-0.563126257281444,-1.0776000738767493,-1.25480874970253,-1.016403947434425,0.843891339620857,0.11369520898968,0.3293783047851681,-1.0181951525108208,-1.3672445726630262,0.6967615237160333,1.154954770512375,1.294246885881114,-1.5370349267434291,1.3254948490446887,0.0032613201130477,-1.6679341945346202,0.3430920523499623,-1.914733908647197,-0.9566285010702597,1.3660908905351037,-1.7797185395493569,-0.2606022468764165,-1.1157115193934717,-0.176667101408986
TCGA-A8-A08R,1.146145680628884,0.3481844343785963,0.1856679265247685,0.4968254179165229,-0.1021838192309625,1.148003611116112,0.8428260879787374,0.1651172667581487,1.49785241267866,0.2185589501747535,-1.175877807561596,-1.1198643285632095,-0.9681582567309912,1.5974467641708838,0.4459534958773725,0.9864220125770384,-0.1556617149228303,1.3070833336541603,1.060141179970188,1.1395268716079343,1.2614914598211224,1.301983955949226,0.6060330315643397,0.2633438081020358,1.6149379027126065,1.3271077487777134,0.9941821171492188,0.8680601817119009,0.7668211170518071,-0.8322995582997117,-0.9672803212817492,0.1368658396326522,-0.1912014460979933,0.1539675020478844,0.2185825136159606,1.2101964047075515,0.2066666225644979,0.8178633691042749,0.376608225259145,-0.9243296738305624
TCGA-A2-A0T4,0.3681837446306455,0.6902975271142082,1.5362562054103484,0.4623293281748857,1.249532539497452,0.9282921659819866,0.7031866680217843,0.076941241247404,0.3071435708786056,0.8933352307663506,1.0259358810742911,1.3591851073511452,1.386462816592238,0.3503478715116199,0.5901329705046193,-0.2373966936821319,0.7822443586963115,0.8124916257189191,0.5557520563490077,0.5795131273229222,0.8968150943038696,0.8481265033837303,0.5992996920253428,0.9424675689415468,0.2722403346851167,0.5748174025990543,0.2751778994123274,-0.0692191881226476,-0.2133398597381352,0.7886212349655386,0.7728216821142744,0.0934862217148042,1.5434119132861246,0.6299042869079792,0.7079448758530863,-0.050713455316462,0.8019869517623807,1.4133263930053228,-0.2212231008634263,1.309063879995194
TCGA-BH-A0AZ,0.0508636125236327,0.6515690181764617,1.169877257111482,1.3028565277774329,0.3693391180339507,0.1351703445263815,0.6427645826928892,-0.6413086118191875,-0.9407000757114288,1.759670755079293,0.6158840760353254,0.5709398642519812,0.2874983983944215,-0.824406917571099,0.5635230983728359,0.8151365958224913,0.5338916554720686,0.5592128461084145,0.2681775079353327,0.365566515551756,-0.0718525645715331,0.0686124773150301,-0.0204715012962035,1.0951902409890562,-0.1510475221855504,-0.7340099784710281,-0.7866700218266934,-1.1603633549722938,2.3945815707726985,0.0373041939105292,0.6909284977990766,-1.0316075758351642,0.5976984541170451,1.5174068980841469,0.2817133510105439,-0.8105022813664673,1.0735290834748554,0.3085673235059361,1.2813939313418123,1.0405918676228831
TCGA-AO-A03U,1.5255072799657965,1.2854123714015886,1.7367274887518986,1.089765351112773,1.2397765299707186,-0.9953694358305162,1.8370760294610844,-1.162719156478435,-1.1514556092240895,0.8149740776531154,-0.7282387562954729,-0.7696313891101954,-0.7188804919092293,-0.9857654823203992,0.6489933350594971,0.8725956830458773,1.2661686223604602,2.0636579838646125,1.887851668935276,1.796271200904312,0.3857888622804395,1.0718960875037606,0.6371598162337474,2.33304706762092,-0.1174461941090281,-0.6425445056238767,-1.3446087356838272,-1.5108817777194228,1.2563200140196378,-1.49282313364703,1.1381977725194776,1.156380782948973,0.1102341836071278,1.430420718471615,1.2953259349807436,-1.417318622254737,1.3106703205301016,-0.8662961517059252,0.2191686524631891,0.6544091869133751
TCGA-A2-A0CO,1.314921368174326,0.1756392231120819,1.7726282095950494,1.5714266577918237,1.6019282521561644,0.8996362889131216,1.3305608975032928,-1.090922585227247,-1.7701698164496509,0.902037396260048,0.8696120629909114,0.8494056662124918,0.5498163318453844,-1.6589789133394968,-0.4605644595952439,0.7459257181442801,1.7659063216146311,2.32177662067979,2.0652824459343453,2.070319461860772,1.2426809796617844,1.4911480503962564,1.8312049313066892,1.8248736165460973,-1.0363133598416263,-1.2154292723550035,-1.958183437553368,-0.7904984978634241,1.467550233634387,-0.85742050785031,1.7686680212951933,0.412062919133255,0.547401384902561,1.1670983851287065,2.798331745149357,-0.8043970266428092,0.819013893092579,1.3803982525869147,1.972942375806234,1.2393066211467778
TCGA-D8-A1JE,-0.1133574052417638,0.07467551063344,0.3350593498683974,-0.7994707272074447,-0.1621759292394267,-1.031544226782448,0.7270768269836111,-0.986456830454394,0.1180923611374939,0.8139093359775169,0.325791735363167,0.0974450232093,-0.6667938159411468,0.0639304282124762,0.3812131241357105,-0.0594600878179819,-0.2209088070264898,-0.1077418185246696,-0.0573366688445002,0.6184777410069026,0.8138720653377197,0.5618031500422325,-0.4883680434008569,0.291055968414438,0.3151603094719578,-0.2469646264624173,-0.5981408161636504,-1.1971123066711136,0.0343071021759462,-0.8493060920937754,-1.3835158154704283,-0.2728170788431422,-0.6796831431793826,0.3640061930142809,-0.540567178222795,-0.9624376675805724,0.6967828535616325,-1.1717840666132269,-2.176567301677845,-0.6614682085854995
TCGA-BH-A0H0,-1.0585475309180807,-0.9039861264895328,-2.406458704982404,-1.915451833504201,-2.534361882346349,-1.4565624330821942,-1.9071258904222137,0.3388666999488359,0.9510600797359898,-2.400093605756539,-0.4593798333097899,-0.6178612592410977,0.9954445094090104,0.7783965948658709,-0.4706564353672994,-0.7680193678818565,-1.8921336319180968,-1.413270888438608,-1.1384505926587762,-1.9467780978681244,-1.446222181941174,-1.5273123460258358,0.177053538570058,-1.9304091833212889,0.6106642854570042,-0.8546391702931934,0.7410977260589363,1.0987105382068083,-1.4037173171517083,0.3188878687955821,-1.6859727727600426,-1.3122514051020906,-1.9520497087810331,-1.134994836415599,-1.6779279716768742,0.1533430922166018,-0.5302558331214202,-1.2822434974682488,-1.33440132957083,-0.1695209267878409
TCGA-AR-A5QP,-0.4550883056836054,-0.3275955697774663,-0.485650748546711,0.7794619161705248,0.6071800692907718,-0.8257825974443538,-0.7132886875556935,0.5039104680976596,-0.1850129678136425,0.4688623104817826,0.595755024585168,0.440744750535894,-0.1123247135984101,-0.3990190141523726,-0.4523743238499869,-1.0941583983486705,-0.0724510952860606,-0.5311249181676546,-0.4731567033182038,-0.6204742078455933,-0.8062598059595416,-0.7024680843649619,0.3675940730890101,-0.122240731840009,-0.444675844593364,-0.7979939930513801,0.2720492214672285,0.1301196240545546,0.2363742615388587,0.7841467663691055,0.6937741356879444,-0.2736559344197097,-0.0593898894173142,0.0454772604416249,0.2428404314926482,0.0702252254041481,0.3968209653862278,-0.222656485696549,-0.3001757860951335,0.2079100631580162
TCGA-D8-A27R,0.0908388997556592,-0.8790018197644713,-0.6365355980866493,-0.3231709294443843,0.5134726012050365,-0.2096455546460297,0.0423566711644033,0.8774852157284347,0.6959515667908687,-0.179451998769027,0.3111257692395158,0.5770950817393172,0.2179858382687013,0.7354422506026013,0.4783545199851287,-1.097448307872486,-1.0021482717761248,-0.608256347002632,-0.3589501250153749,-0.3652509157368006,-0.0953607199310062,-0.0643670999860165,0.1523352045961522,-0.6997105211524505,0.0804394216207244,1.095060210514569,1.2806307130822203,1.1290404309887012,-1.1206638285266126,1.0704997289101104,0.0472993699484039,0.2008317023782432,0.718781034683983,-0.7996055293561526,-0.8040142654575719,1.7812444187416432,-0.975192539846999,1.1351856504605953,-0.7760260563384956,0.2703819118161121
TCGA-C8-A278,1.2500339510726302,1.6187685948539126,0.4198000489114284,-0.8364478143703772,0.0068880421030986,0.3730767973833002,1.7288749585822631,0.2814953297512226,0.7435674729327612,0.285062608710895,-0.8522328242913121,-0.5154065755101644,1.1171574360179577,0.8085240676706452,1.039630584744215,-0.2825680798437137,-0.3981215790012558,1.3369495914791345,0.8542063752097577,0.8700045591506058,1.2759231663730428,1.4698426784161065,-0.9634774658240284,0.8092134324973811,0.0432667068112323,1.97801721960994,1.302865979633312,0.9150644369520368,-0.57665004300518,0.7393961856500284,-0.3011500576903119,1.6323692460992305,0.6499448824165862,-0.2939519111879565,-0.0133361706311523,1.2869547593996502,-0.4342953209468939,0.8207620851845383,-1.117543716025575,0.5937236397540325
TCGA-A7-A13G,-1.4944371434027195,-0.0735588625200734,-0.6212104849504202,-0.9848881222801878,-1.0329023721369297,-1.1291549611905132,-1.3510760459255429,-0.6705362130491171,-0.9360715761776384,-0.70852145644506,0.7724867697262453,0.2321223498348179,-0.1476866664974817,-0.9356143510730984,-0.4647208070176459,-0.5009818039740039,-1.135095519940171,-2.0342955755421537,-1.6031133837557496,-1.68181529589191,-1.146433995027894,-1.5172967792192218,-0.1751815545145191,-1.274713710401319,-0.4958338715274439,-1.293131763596927,-1.1832372917897165,-1.0801388766925708,-1.287645492808656,-0.369556218774439,-1.1874373582279971,-1.2448238992156309,-0.9089012090461998,-0.3953183719354472,-1.518058015336498,-1.2131028387946714,-0.6735020731488118,-1.7575109201449155,-1.886399046430625,-0.6230052350097657
TCGA-A8-A079,-0.8000509411249185,-0.9637869228460773,-1.2002060465061528,-1.0830743174878157,-1.0382269134247353,0.5161355622978433,-1.1183271606060037,0.8526520359356807,1.479804035087627,-1.102666395866171,0.4822224819144861,0.7612525379425805,0.3634366632996014,1.585673283540433,0.4272523687991853,-1.3573363852134714,-0.8045015543489005,-1.3271779828635837,-0.6016376492214033,-0.989611203994714,-0.5243349677570035,-0.8103435963218684,-0.2210582289762541,-1.4191810646424938,1.1265168162797476,0.9259983604039974,1.0335705015607628,1.1256573190841472,0.0468325549772971,0.2908499561161137,-0.6520656991885976,0.2639733140918515,0.606487969171634,-1.385683625517837,-1.506704591412681,0.4530565115731241,-0.6489027803285505,-0.3511693780867584,-0.8729591816725,0.3446568741853218
TCGA-A2-A0EP,2.6609919262953805,0.5477760075089875,1.9495669194832148,0.8265364496939969,2.694686421218239,0.3106858939915284,2.7002108286427733,-0.6518327045117343,-0.7720101197846595,1.2539982767568971,-0.3813533412856739,-0.2887376233595456,1.676152047604203,-0.762198751701776,-0.4545016703594002,0.7393120040171859,1.9654209940898368,3.097842563059908,2.703458937845036,2.989742321286124,0.364416817650786,1.3775903873440791,-0.5030030254537456,2.547202639091123,-0.2737160895219197,-0.4509603768228176,-0.8579629211092352,-0.8484363211638999,1.2556941171884393,-0.1280355208520216,1.6836781791921498,1.2004369933064858,2.0183674774607185,0.8035275731098728,2.855231501328761,-1.1680774401749623,0.7795670200165756,2.416519802647998,1.1014340739297186,2.2632561052897224
TCGA-A2-A0T0,0.0137243033640502,-0.0926609340568943,0.1429894834021322,-0.4937697244525625,-0.2907587972417554,1.661773890146359,-0.2389576619677385,0.9040000519027996,1.2938314900502073,0.0806950244164602,-1.7842317839049031,-1.5701911766405825,-0.982672958729788,1.308420800220756,1.9408664537320677,-0.1288706870575557,1.536138922938859,-0.1275814594469215,-0.088675169355778,-0.1323143103172451,-1.116776248179414,-0.577893704328396,-0.0214959018379473,-0.2626826562011428,0.3211417828241104,1.4240598826056248,2.14921652845662,1.8898655971501188,1.8653151573883733,1.1339699783435486,0.5208924338165603,0.164315184255741,0.6419410291395475,-0.6161059617357729,-0.0927031387772567,1.5719081460269917,-1.2288575435323985,-0.1434073980700882,0.95367833451464,-0.6396932854441975
TCGA-D8-A27I,0.3998149533394837,0.6311667967659543,1.4009219162454432,1.5492517839470783,1.3291579766137882,-0.22164942831126,0.6816486954923995,-1.0296451751020952,-0.7736981268247255,0.9908765639028484,0.6319123687453427,0.3013537869141108,0.8078812293050439,-0.7631771948729038,-0.571070019949019,1.1822236397939705,1.0805865067548948,1.1306937357580968,0.721841146532792,0.6581966190695319,-0.3293133159336209,0.0512299575091615,-0.0823520005388665,1.0535458646134856,-0.1341858360060137,-0.5962783055353067,-0.7457148136303965,-0.9178094993035172,0.4690553348304036,-0.5597808433714272,1.02100659174079,-0.1566748153658139,1.0899982224418794,1.3114964737726296,1.119594887538789,-0.7316012787444179,1.2010786786018544,0.0242065325517184,0.7633892921942712,1.2359995732433589
TCGA-BH-A0EI,-1.2374682003761794,0.5447674727143098,0.7173573879696178,0.30796854509943,-0.7597725900974791,-0.7011424558751576,-0.7756916474463011,-0.6460967334061354,-0.5163028289209337,0.9883298538756354,0.6199608326374669,-0.0465106852664896,-1.2556074377218538,-0.5213559758697591,-0.2113108028840438,1.346797923821059,-0.2109696184070186,-0.5485372023542637,-1.2722949082160788,-0.6179318430526899,-0.947651350192784,-1.068225924521832,-0.3377851852036949,-0.5570386526049595,0.0359704030285411,-1.0458082755227402,-0.9106318006314664,-1.357919192570835,0.0199640055779916,-1.3112666933963342,-0.3931999948081773,-0.4783275498450434,-2.075254772301099,0.871803366620114,-1.158911251778757,-0.87500491736476,0.9330547741075418,-1.8052576813921533,-0.6913543878925642,-0.717622464419255
TCGA-E2-A15A,0.2514379281666359,0.1579032859435287,0.1966875439149437,-0.2290631270124875,0.1623018362434595,0.3885447548263371,0.3243622121772089,0.0130204529767796,0.7444178314837072,0.0189521454125184,1.149511972599489,1.0831368628060325,-0.4257134936918937,0.7563048700199281,0.0795835379977104,0.2845961425697693,-1.0255846955548036,-0.4639147399658991,-0.0863542070260732,0.1638739599652996,0.5484421997843366,0.4611341826045663,-1.000294442076851,-0.3573892127725311,0.9400857228725498,1.1958890731458056,0.4347952852949954,0.2948589089261615,-0.4922242693676061,-0.1869420938605738,-0.4932629404373083,0.959585164044457,-1.237503463450992,-0.1741184033108031,-0.7391791968251615,0.4750754888621462,-0.4438646489819594,-0.1146517995979313,-0.6054641101555893,-0.3730811456974658
TCGA-AC-A2FM,-1.5104415176662318,-0.7689123423336327,-0.1197107285733362,-0.9050463310342682,-1.1529314381036662,-0.7041930554724286,-1.638306291302311,0.3658068417233373,0.1258211929417558,-1.1891911580379817,1.1170726578459436,1.2779990904815093,-0.5513990781734943,0.0911570394837636,-1.1779003404910842,0.007650647519699,-1.084347536089745,-1.3546950746878952,-1.5310024535787976,-1.7662914292212328,-1.5742495489392418,-1.6936856243252714,-0.927874395550168,-1.7911641937212204,-0.3005912603991734,-0.844555844928955,-0.4483516456324767,0.3309892626949086,-0.7656946735113181,-0.1795316910862227,-0.4962841756970401,-1.0378445621285095,-0.7988139248316449,-0.4052243623899808,-0.7745158377383964,0.4419711978303821,-0.8167842278640712,0.1550182633947302,0.6233689047141099,-0.9651431313738434
TCGA-BH-A1EY,0.5887191065944097,0.7179037241021657,0.4706685023301815,0.0365697933654608,0.2239905982662739,0.5043744600353545,0.9565872965227368,-0.525831908633513,-0.7547277271577663,0.8954423152969787,1.0050023808880744,1.2789224469430869,-0.0876619164183485,-0.6630315166435047,0.356440304505711,0.1117616304057662,0.047946094854839,0.6360606787845585,0.5952311395029644,0.5223306071503151,-0.0578293590133919,0.2228180859363836,-0.84524437648858,0.9629706212207644,-0.4229447073256756,-0.1177702685589714,-1.1087316989897609,-1.4122044537212357,0.0827208908155411,-0.3959951218275346,-0.7779864014380752,0.8330773854018998,-0.1855143684755354,1.0112287059716314,0.2322228934180304,-1.0703673986761877,0.4498768400172596,0.1515433058506229,-1.0557891863843851,0.1938908071947774
TCGA-AN-A0FT,-0.13959954617928,-1.2694648504500077,1.824153029756245,-0.3728877156702463,-0.1088020450710838,1.1189336904008464,0.0941303309082183,0.8421598485418401,-0.557516966755361,0.2475057289371926,0.0573458753582794,0.6617446748160166,0.0503399762561159,-0.684555212560327,0.3665940709393854,-0.7196935679037799,-0.3045422663924302,-0.515557493332324,-0.0650496026616189,-0.2155291886856331,-0.6159366749098023,-0.4574114333639486,-1.151144971077947,-0.120690185262324,-1.9058961039873088,-0.0870901414794481,0.0845850361476168,0.8996520410491358,0.0670821791189093,1.3043357495550847,0.0258000352676202,-0.4944332961457373,0.1805038363407215,-0.4055306910203302,-0.0398903207214944,-0.2186600153656828,-0.5662274897236836,1.2411125750713994,0.2125234491888334,0.3152997472716043
TCGA-E9-A1NF,0.187553495382495,0.0674505966742654,1.2426182332191262,0.5708884921997172,0.7844333774376254,-0.1631337063793388,1.0281068356028702,0.0746787555799765,-0.4248155904388169,1.6094196595377814,0.0724905700150757,0.0472696139120176,0.1808092899896573,-0.3847332324500149,1.3394555496812723,0.2102807341491537,1.030205008869563,0.3975246861797443,0.2441308666586402,0.3299192587349221,0.4899674193113538,0.4613104059298232,-1.2300865381240766,0.6938052212532797,-0.1502846316327314,0.4911846111426314,-0.0347271114804724,-0.4928270196321989,0.7651762866689431,0.5281451712495525,0.541902575392007,-0.3573289724331603,1.2113485931028287,0.9135587844111112,0.2130379261284345,0.2565017107139978,0.5381031205017329,0.5199080762517679,-0.247769935061443,0.863477490557771
TCGA-BH-A0B6,2.377047859018421,0.1226237896616381,0.2013238171643546,0.4005239821561315,0.6865085294021978,-0.9284700658202184,1.5324519216185228,-0.1185724665548739,-1.0295647705396105,0.0554343720000573,-0.728945738124787,-0.2459154328470966,0.0883912323974282,-0.9740309223799009,0.2566174978809551,0.5824391721053497,-0.1918828034533659,1.4290962794490512,1.6586993963733805,1.2724555703734537,2.058674783646099,2.208799566754847,0.4384914677328962,0.9756535848633526,-1.4419049620694415,0.0808732119222589,-0.3215138946907464,-0.3640491517689749,-0.2156501989669597,0.9003960484995196,0.1992906518969309,1.4596034222411862,1.39536576867616,-0.6068703829070117,0.2249784984665019,0.0984287795946057,-0.8311732180615004,1.0926397881941028,-0.1609690608535622,0.7148963166003146
TCGA-C8-A130,-0.6509503463049756,-1.076009287823302,-0.1000179549175414,-0.2643351497102935,-0.9115234886089608,0.6751846900735582,-0.6962089473679435,0.7780268655624615,1.2683982363982151,0.2015726523225972,-0.0181988822590621,0.0272825356138499,-0.241248738763657,1.149769669211363,0.1776652622200761,-0.8725006834563889,-1.062408010548122,-0.8829429927409637,-0.9157285147761274,-0.947453159372657,-0.2755616920438157,-0.4287573926773675,-0.4338987506541585,-0.8427254181182038,0.9770625248929252,1.0387172297140357,1.1363211139213625,1.1165369339920288,-0.1542343017450209,1.2035879131481462,-0.9609671419898208,-0.1773838477657509,0.0261623678204027,-0.6340773563814182,-1.1483224813882995,0.7009678440265765,-0.473394195228523,0.1133267416257069,0.3374866858206681,-0.1434863974023292
TCGA-A2-A0ER,-0.646273478790772,0.3927481733497728,-0.0085212420418152,-1.048370821925315,-0.121345338837593,0.2977724139475636,-0.6605488869195749,0.0217111961058233,0.4913263080745907,-0.7505794421099234,1.3526617031269936,1.4488487249637974,-0.0415709486020603,0.4218856753107592,-0.7059575345450098,-0.8883515473220274,-0.6432090477846883,-0.6307883137016711,-0.5537058120189965,-0.1493183567751665,-0.6275652249476511,-0.765529959809483,0.5752113566364875,-0.6661231469144342,1.0674397214668876,-0.2217364807934013,-0.1132459411138348,-0.8546061929498326,-1.2228492271424265,-0.002977427017303,-0.7590169599570056,0.684771246576505,-1.4622926951476067,-0.0537417256651221,-0.3970846329236165,0.2150564982275855,0.0404539767386136,0.0954660558209773,-2.1501425182656777,-0.203779053122042
TCGA-A2-A0EQ,2.12797797680188,-0.2925144843295745,-0.4521040690598377,-0.4211279816166555,0.8307148743559206,0.4659577035954897,0.9091881909397992,1.0000490157590611,1.16823627489744,-0.8945729333157623,-1.5474532011787747,-0.9724527974277052,-0.2688218455991041,1.2697540491263533,-0.183513692008208,-0.4454789241379235,-0.4917515334789333,1.126681173020328,1.430233562565422,1.0840840848131392,0.8300249220335963,1.36479650297363,-1.3733679188063552,0.2693898224762116,0.7697613931706091,1.5393090517149808,1.3293647629696623,0.9534982174071456,-0.5344580296475626,0.9532810927635276,-0.6212650519358781,2.81599195379116,1.3481370735712104,-1.034217007647739,0.2173828838031413,1.0512319898664364,-0.986204354320068,0.4682250119145557,-0.655439312978739,-0.2932998454166252
TCGA-D8-A1XL,1.0926482022783506,-1.6181538787916745,-1.1018947296185555,-1.1967195297523785,0.2714187057857014,-0.1167795880473766,-0.1050788073849852,1.9678884216989825,1.0913001450205866,-0.9384106368314872,-0.2095819817380924,-0.0378736172461486,-0.3491415356641023,0.7568809411320266,0.5321156781930967,-2.417745834749121,0.1374715834089805,0.2608741784688738,0.2536937372107542,0.6433030004533343,2.1425491871497924,1.7822153746106617,-0.0568750420422708,-0.7328089136290817,-0.7519838882536047,1.3349857279512574,1.893438937209604,1.9811474839853676,-1.8842729576170056,1.5842425204421278,-0.2827138294314488,0.7658382018366823,0.0064060435088719,-1.642725477230566,0.0092834198346334,1.6889674550411742,-1.5219409912418551,1.6587152884643777,-1.6102666454062338,-0.5864884528278231
TCGA-C8-A12N,-0.1793106229299453,-0.8075141158848408,0.1777348324943879,-0.2865046528689065,0.3934734420765896,-0.2621875203844615,0.1087696927068769,0.2412709182133383,-0.9076160437461516,1.0379994251121036,0.8386842983486477,0.637392222419903,0.2160867562342423,-1.0358984598794547,0.1180165273894149,0.4732977478922986,0.5115202884524072,-0.0870396265929278,-0.28980033735058,-0.0550475421370532,0.8799252901347833,0.432508918754848,0.0835931156161036,-0.1666255969808799,-1.2055646955599426,-0.1927874209499696,-0.170410174381288,-0.7549387975485986,-0.0972980473637385,0.6750214326503255,0.3179290413610481,-0.7840559736398783,-0.6066896122881735,0.7226167054254824,-0.1704018690513995,-0.2676727566550123,0.1662678192676489,-0.0926305303009442,-0.0035671182172672,-0.0300769623463496
TCGA-GM-A2DO,2.7737412680064937,-1.277071502433769,-1.1207282900059985,-0.7033434064473872,1.230697363417386,-1.933569456458992,1.4503892703668613,1.071347457837912,0.487686780509176,-1.296891557883863,0.0979992296178725,0.4343156763396146,-0.8107983642201518,0.3719386094452006,-1.8650916800241333,-1.2870503323965137,-1.1065074592728743,1.4364649665735196,1.4397927192723698,0.9650259925744024,1.4378358244002425,1.7746349598362805,0.213233689364558,0.1765949179408527,-0.1505129310832456,-0.9329108990826508,0.2219349052909082,-0.5063382190617006,-1.3648220480971252,0.2398006452211353,0.2069469342372775,1.3654369058074065,-0.7129461269453851,-1.4190265021661508,0.2610519202420382,-1.240778083697199,-1.041139930544183,0.5510045367118535,-0.2597858974435029,-0.1970358723371955
TCGA-A8-A0AD,-0.1708411863268227,1.0193011724968957,0.2858724542334001,-0.341838315791544,-0.1479901280971654,0.6091793919341815,-0.199436654083931,-0.4773727369628051,-0.2657597348010727,0.5129393654822795,0.8285575766819088,0.812910901221754,-0.3819468963311747,-0.2169977648149196,0.360009949969656,-0.5461226687101209,-0.1520922002219469,-0.3465145863151694,-0.3391475444199211,0.294407091935678,-0.7430391504033497,-0.5670455829673392,-0.742948412625692,0.198620766320102,0.0308698736995445,0.56766598825268,-0.3934589913209418,-0.5135112287315791,-0.0893549116784564,-0.5397324099708715,-0.4012476790649406,0.3524980256989611,-0.5562503481118266,1.0135736686714127,-0.1522865323476083,-0.5085524316049794,0.3597351687530772,-0.7985647242735279,-1.43945847587791,-0.5183739917271594
TCGA-Z7-A8R5,0.6270357572683065,-0.8455643190576734,0.892713732678515,0.9611535525098774,0.3301259242542573,-0.4153944641144927,0.4121810832377484,1.2445795764154295,-1.310028132939919,0.2318150128195868,0.0249588531582266,0.5742257851011043,0.2630059114685309,-1.5715009941147255,-0.037657665762507,-0.7375614303594583,0.6729376800848995,0.3371286608128323,0.2431018843420971,0.3415406486232247,-0.4164752314174528,-0.0861013521433029,1.1331464351694085,0.5167825935196573,-2.701460585506572,-0.8449329579530771,0.1714285762243164,0.1739469315629196,0.9508911440660444,1.7127345351472392,2.2779511319006542,-0.726325734281423,1.3051448958295726,-0.2100592470892473,0.5860367874836956,-0.0958124946873598,-0.5724677792707026,1.0532843439298574,0.9051642516607236,1.3154495663852035
TCGA-A8-A07S,-0.7370635168176857,-0.6035443281469035,-0.7671361716304144,-0.8427885616382867,-0.1002602700656757,-1.6610878772392912,-0.7632397653260493,0.1579226019717436,0.3540204874815787,-0.3293124722312417,0.2402332551165474,-0.1333995958437248,-0.0824797837917799,0.252663470079663,0.5245653900704379,-0.2074472273562289,-1.2166338701431354,-1.014086489351632,-0.7324234959137971,-0.793524151843395,0.1242966341104736,-0.2727161397048642,-0.3704464522380357,-0.894902894011279,0.2708519322000406,-0.095109608623598,-0.0954637385373486,-0.0828655136474305,0.2135846783556307,0.21716697092407,-1.1745660074635562,-0.5562081760741803,-0.129253775085962,-0.441187880416512,-1.1478507104379378,-0.4204368137107573,-0.4489429886950357,-0.6042927675119303,-0.1833069868275136,-0.7656186082384284
TCGA-BH-A0HI,-0.3325883919023949,0.597787194577124,1.0207145584531498,-0.5215625916091194,0.6354578274006417,0.2035311255567586,0.1506532386114747,-0.2634765298612207,-0.8205445812535012,0.4229625580556498,1.2515437554304791,1.2533423125299812,0.6158617434498513,-0.7867146383713348,0.6206775421557975,0.5562844960781169,0.3172240114651175,0.136276428904173,-0.1951790810410201,-0.0109484829799427,-0.1005860791018565,-0.2708642404325051,0.2893861037239638,0.0822454469934828,-0.6526033173743103,-0.2165970721024174,-0.5199755379876192,-0.6384802558370996,0.7326871315685081,0.4848328437349663,0.7106357545752251,-0.5249267469463916,0.003090879656565,0.4595646592442922,0.4513903001929529,0.1815896112519872,0.0765645789341787,0.8341216628666854,0.4582182681142913,0.5635970494111893
TCGA-AN-A0FV,-1.206693915322445,0.1633325732343132,0.1200901850084429,0.2186336688619283,-1.3000623164328091,0.969881301443788,-0.8311010158401886,0.4591437914410242,0.1657081143623534,0.3587946723508521,-0.7878631777349392,-0.6298727256263086,-0.0734642583663812,0.3139241554771189,1.5011586368280392,0.3411149027596139,0.1043985817648095,-0.93796806400989,-1.4158030632277911,-1.1563956512766,-0.4554854682238928,-0.7290457226086264,0.1633241529829367,-0.3843025147360448,0.248941604532341,1.3062671058592232,0.2768192958642451,-0.0624753255054604,-0.018225240208054,0.6235636145926615,-0.2769710524068042,0.6547284110568342,-0.2144229227897457,-0.278001571553109,-1.208854884961404,-0.1744431910460247,-0.3263478795816369,-0.6516831732972724,-0.9395856115167004,0.0871010070175867
TCGA-AC-A23E,0.0789039182286683,0.9860329868965176,1.135882724288221,0.833275561520215,0.0751934775704713,-0.5153309045884472,0.4965107102547311,-0.8746083286680743,-0.5918302847166164,1.5018250687795909,0.5175494872390807,0.3786513842279278,-0.2469728125566767,-0.4388198816051874,1.1785051365762278,1.4664728629694437,1.5514305515534372,0.4534736859621372,0.3325283046654292,0.6149626276994383,-0.2742702620802125,-0.1810743890681948,-0.6924225887701541,0.7513143372028739,0.0936924697110216,0.3468574039608206,-0.3105253301286749,-0.5090219032463119,0.6143833837079186,-0.6535029600836835,-0.1859671752597336,-0.2431627227541533,-0.3922359643992157,0.5184983471666889,-0.1383296762316669,-0.0369270196894479,1.0729869401901806,-0.856317857565206,-0.551381569178675,0.2717123054579748
TCGA-AQ-A7U7,2.197909348715622,-0.1215657403146385,0.8736606555857798,0.9435411923821068,1.7528191998193652,-0.8240748787318266,1.6487100202644491,-0.8080084247185607,-0.8586242058507431,0.9687910185640636,0.4470440560436233,0.0391629810430477,-1.7137170566001627,-0.7594598907451217,-1.2082122846634482,0.2892639246319629,0.2791510701381847,1.7781794203550128,1.7430042086952822,1.9160557111461376,2.2394089130977872,2.370110157414032,0.6063612113990813,1.1992384906227491,0.2271576568480709,-1.0397659267390718,-1.539713921151321,-1.2575051843994274,0.1247809941920843,-2.1187356573476626,0.7498462994898677,0.7600247059383971,-0.4273322383153843,0.7888122311394138,1.4433640157889374,-0.6751425267055006,0.6375067507551935,-0.6973359194458748,1.084213586470821,-0.5457168806694006
TCGA-C8-A26X,1.852523688532536,1.232390969575016,0.5641632613450732,-0.0453719930314821,1.6494106138495088,1.2540799569579075,1.8708852722186755,0.4961352329739535,0.4909346015034445,0.5986854270249381,-1.1802570738782516,-0.6393984116419658,1.6145148198925234,0.3230892655694902,2.0480139833396285,0.1064973647234666,1.7564658180607486,1.94688920863396,1.5871388175241008,1.623221713774246,1.1463235681245862,1.6734505610224713,-0.7749255101019273,1.3175341585434333,-0.6237152753650662,2.091888981209795,0.8442961806899855,0.6778951402600183,0.1408568398307387,1.1875703238079487,0.9094575944467784,1.804411003705387,1.7236222798479162,0.6868660842607497,1.082191697044515,1.2093583993300956,-0.3977234408281789,2.295371758797005,0.1637274705503264,1.7916651186433823
TCGA-D8-A1XJ,-0.7206520593376937,1.4458167919563705,0.0762505044472595,-0.4971793163040122,-1.1826686873153125,1.28214546156078,-0.1357157051329645,0.8178919523601461,1.4977127003509505,0.0366475690596737,-0.2545392948505088,0.2819979470339921,0.6548849650666378,1.4901453803789677,2.38604945885368,-0.4667196647655511,0.2718217424493975,-0.3552613207470692,-0.974621764750934,-0.614768951365865,-0.3626622811755818,-0.6509099940114906,-2.0827269515922904,-0.2155770577299464,0.9475846496941932,1.5981938406573162,1.4218685439387693,0.5452157275341051,0.6113989223418689,0.4950664342885268,-1.345136604432049,0.7968471631238222,1.0049147394369202,-0.681863322277436,-1.065214676403525,0.9223207492757298,-0.5627646374867769,1.0589051987533706,-1.0233971555828574,-0.2311096939388023
TCGA-A8-A08X,0.9650817080399806,0.5343207569955379,0.3236810941673413,0.4560155795829874,0.7825051981350005,1.8251168341788195,0.3498894732850486,0.5868595192661007,0.8440223175805845,0.8373107661136348,-1.1441101249049936,-1.502222371189592,-0.3862795982083875,0.9712903430793032,0.7740670874098676,1.1629356647019928,0.3112421066075467,1.0822511828816523,0.9097660258400656,0.6774722198155516,-0.1078848747173989,0.5248037488914185,0.2489858742951035,0.3713606228411457,1.2966967635663318,1.4551757939500438,0.7600191323287372,0.9658285659442364,0.1529277458388891,0.0711565724801916,0.2611230845579247,1.3106352053723536,1.116490515001371,0.4275325349552918,0.01882077943881,1.6315543744302676,-0.2360608639801304,0.4563102551440078,1.1248989549383794,-0.4995069696008248
TCGA-B6-A1KN,-0.4662580349435518,0.6578192721650793,-0.3460807614888102,-0.530116108883159,-0.3106513384800168,-0.5820017125705627,0.0113856474766355,0.6304008277990025,0.901980140081488,-0.2343782180963505,-0.1744297987305572,-0.0629848464652693,-0.7913805274976818,1.0559664108563973,0.1127893240116547,-0.0175772067582993,-0.558549424192121,-0.0227180830702395,-0.4669701291404309,0.1148153596495881,1.073135875712974,0.5116783473729287,-0.4503606910468948,-0.2643541756635122,0.7318981818193987,0.4407358584901381,0.718593906548592,0.2483691117108151,-0.4100011598178241,-0.5945464394924888,-0.642421213122141,0.2450364138221165,-1.572507320000924,0.068296242840877,-0.0871539863524685,1.4106918253875853,-0.1063082634967335,-0.3666921454040148,-0.6625691349132097,-0.8543529309684372
TCGA-AR-A1AM,-0.0836018995404037,-0.0301833883186569,-0.0420566321701806,0.9931954049909678,0.5015537157720443,0.1230717966182151,-0.2717584913428263,-0.3377212201092136,-1.3289612276057508,0.4445532799669467,0.6106517790560708,0.5275493640193896,0.2299792257179417,-1.4092450943544723,-0.7291743506225132,-0.1931738339787984,-0.0788337888872121,-0.3005038722129653,-0.0742416829080005,-0.3274898575135851,0.1693306230284669,-0.0898779052388438,0.7301541818577327,0.1376661985869127,-1.0177202716378686,-0.9783915911185924,-0.9756539360865516,-0.7917307538299216,0.5130849739397545,-0.2565718605506553,1.237801139606952,0.0596727764362403,-0.4330876215368649,0.6517707122542922,0.0490495756465338,-1.1676527688125964,0.1143039784463329,-0.163971353442511,0.924145760101295,0.4793588619185693
TCGA-A2-A4S0,-1.484684120573315,-1.228690145994676,-1.3822476859404564,-1.5115436813386465,-1.7416224537902194,-1.6617806886482274,-1.6474517064414045,-0.5718091506684714,-1.3652851934745367,-1.511375367066639,0.2769432509400772,-0.265427692855223,-0.3941583891679223,-1.4295011674385325,-0.5440208038874651,1.7789785788848085,-1.280763719221186,-1.4019443556029343,-1.6550970125787257,-1.7438819792135352,-1.2077967118790145,-1.5911699475702104,-1.2975568413619725,-1.5009626075008475,-1.1599513535233934,-1.3213111472484604,-1.4764975025451887,-0.652412027905357,-1.7789115725521736,-0.1168595229640785,-1.9108826738216191,-1.5201108624679354,-0.0568113782654143,-0.8490860798237726,-1.314919888335487,-1.5727636225161383,-0.8217318754704784,0.1579489148154117,-0.4799212373691356,-0.7432809314107536
TCGA-AO-A1KP,-1.8519424752881195,-1.0399294599163846,-1.6450088708026924,-1.5086072496899128,-2.464410201550353,-1.5920358219865036,-2.2512182717276543,0.4940639460003569,0.358998133871252,-0.8224914710055227,0.1698479685996342,-0.0334202780672332,-1.5246084220024132,0.0995409101055478,-0.998209826009853,-1.47305863487273,-1.590235378357873,-1.5694021996001122,-1.8914400323991052,-1.3583504382650775,-0.7932126335568094,-1.413605986334698,-0.988548089350793,-1.2787269034689226,-0.8401657874259083,-0.9317706706849698,0.2503101113393735,-0.7599773243689493,-0.8747123964761385,0.2645487595570674,-2.292759385729644,-1.90729096019905,-2.926098375909238,-1.143224148940893,-1.24131415908581,-0.3123530930434535,-0.6382477123988813,-1.168229917158376,-1.0519038020832463,-2.2750460320347825
TCGA-EW-A1OX,-2.1087250633536505,-0.5434078323823327,-1.7235840649024112,-1.484633468649799,-2.847125233466637,-1.3185261102565535,-2.5712365421941152,0.181371305714075,-0.2986162292620841,-2.60587714157144,0.3347406625182237,-0.3155497572971398,-0.7109194805465773,-0.4486605562354683,-0.7315538204871924,-0.6007829566769416,-1.8350636829150933,-1.9738786041160483,-1.9718864397620488,-2.4780777561952063,-0.0600848442774235,-1.1829905622625825,-1.5689061814342633,-2.442224100428074,0.0332257417755208,-1.0143630131209225,-0.7154889360672013,-0.7465365241169118,-1.3493944922696617,0.2461533996425379,-1.0965113196758014,-1.5752150407168464,-2.3861295464111536,-1.167106401101741,-1.5513518465902854,-0.1531852095289378,-1.0173376181729925,-0.4160789001672655,-1.3085012779048284,-1.727639149662081
TCGA-E9-A1NC,1.5823531128908523,-1.018289769401347,-0.1711253006878351,1.1736971295224112,1.0134480550385756,1.327774390183761,1.2136044276133462,1.065866461885629,0.2958457010710085,1.033465124994698,-1.0874322525721518,-0.5942969006103891,-0.640402332188041,0.1584405594532234,1.6672990294601424,-0.405437156673507,1.6481881930155071,1.209763629630095,1.0753564585297253,1.3496793214937128,1.4586027490549114,1.6535503173659862,3.1208122554698736,0.7564871379645406,-0.3876492804902061,0.7324685201931513,1.1268410953147978,1.305276876229868,0.8701453398441754,1.092080601568992,1.4267445461797277,-0.7173434702095356,1.400930897162792,0.3446871584607663,1.18392763714598,1.013991050656161,-0.2842733394264569,2.1337088079544038,-0.0768813559720674,-0.4234904206696636
TCGA-LL-A740,-0.050859760188401,1.90675797967356,0.3540040637913711,0.816858364816081,0.1241907754008216,2.092380590099045,0.1496666224997329,0.250575596151703,-0.5133723306161213,0.7513423164240481,-0.720291451308615,-0.8064774021806954,1.022034970198808,-0.4644613863896845,1.3598038362781355,0.5134908799596132,0.1813523292508101,0.3911188394295454,-0.2785001337209565,0.0587491502990969,-1.0547341387621605,-0.9086486478205276,-0.9038607994612364,0.3727682262196149,-0.9077280883450448,1.1988099691039682,-0.2040058434973351,-0.0615745373848229,1.3744212189268543,0.3461478976229532,1.5937383183925846,0.5430992032799783,2.126275292708069,0.6523869654487572,-0.0241186031342786,0.1828055436288812,-0.1359595491922944,-0.2146289032083656,-0.2197693419984093,2.149239498227685
TCGA-BH-A0C3,0.4851472956971968,0.6874463839109128,1.0179396075738378,0.687761633825425,0.972405781234064,1.2666259231145884,0.866761516124891,-0.9509175646350188,-0.0116585130794823,0.9026864993381688,0.7067757962160693,0.4593847852244697,1.7434058209175505,0.1189251801062497,0.018845286543209,0.4774005789531005,0.477927905221848,0.9603492198512704,0.7885642125348846,0.5694340699938897,0.6473015240988017,0.6704646450701992,-1.5028808808897418,1.0047242130529717,0.6517250095344704,0.5326920818153349,-0.5779736646187663,-0.5915463205448046,0.2963839120583895,-0.3412856646345637,-0.1496775312378269,1.432831308406508,1.061602507538778,0.5049646435822251,0.1112714238923376,-0.5219497941773189,0.9729234642880088,-0.2050052860388542,0.5600854491539321,1.346030736530737
TCGA-BH-A0H9,-0.9339398048258544,0.2499615955594511,-0.6624795891686152,-0.3114674025825136,-0.2693627633374005,0.2725789154424653,-0.5534563043864549,0.3342789298865042,0.1350849295766498,-0.5721539447188729,0.2120109281966621,0.5032552870403443,0.8058922751647184,0.1910675652123936,0.5126430576101377,-0.9548555367752092,-1.4550654068588256,-1.2083562222570832,-0.6469167857458401,-1.2552320588698511,-1.4852290159056347,-1.4428866820036883,-0.9163988867227936,-0.9570968919345196,0.2343401598793459,0.1492286672514824,0.5245207678819324,0.2665831060813864,-0.4352043537703829,0.5564933142726528,-0.3328221967001518,0.1657562597958746,0.9348532856023808,-0.3908412875524349,-1.006321612848238,0.46835495866818,-0.3116755206522859,-0.839168025415282,-0.7704636388675995,0.0344252648437737
TCGA-D8-A1X8,0.0424881387796644,0.9860739448984168,0.5955044413480717,-0.1024102562950359,0.5592629419112402,-0.0627034048166295,0.1974896003889867,-0.6803505414930799,-0.2923737527900113,0.000264261419938,1.170268905218006,1.0618788677533562,0.3604177292225575,-0.2496349503465749,-0.5614493882372534,0.1418325267166132,-0.2078015189495828,-0.3894596665754711,0.0469596674919469,-0.0715002444558655,-0.2317126759374568,-0.1977624636262306,0.2927619990474667,0.3660482130739782,0.4464412398095306,-0.0928703128371204,-0.3671962213402279,-0.8890421924718304,0.3324997428183631,-0.2366938027438634,-0.5569657279453443,-0.4067318516410776,-0.7877709964490484,0.1939135678890953,-0.2275208122399945,0.0364882071923547,0.8541990859428663,-0.4696951621244902,-0.0970246248381308,0.1798148499120473
TCGA-E9-A22A,0.9713188721892568,-0.0458933507448283,0.7128355761009606,0.665729494093877,0.9941785355519478,0.7483353366565878,1.1270028948000892,0.6353699914899418,0.4219311747447451,1.4580117974947135,-0.544232829956542,-0.3845868216782793,-0.1750913836750464,0.4348812640655655,0.2459979596055035,0.0509156667548403,0.120725850879729,0.9429008137533664,0.9766514322057288,1.155338147148746,1.7639650431742957,1.53131508783413,-0.7533460373340986,0.7709919038172549,0.1575419014995419,0.9322810305503144,0.7075280841350301,0.1508984539377925,-0.2107765846488535,0.9791804536305324,0.3187885638247013,0.1353424025401003,0.5331093858296009,0.1618655688260382,0.0330015626337324,0.9385282134966272,0.2007984653621597,1.1376350636181656,-0.8910127907627116,0.4657218890584631
TCGA-AR-A1AI,1.5430452259099168,-0.6766451685679615,-1.0629187084192715,-1.0174718074766826,-0.4602842475770816,-0.6699157813555356,0.950200875303709,0.3952010258311872,1.6443815478288106,-1.2610708782752358,-1.8823271941507105,-1.9919989960339373,-1.40963362174136,1.7523815734521009,0.8003071045342445,-0.2407135967153043,0.1005711324399318,0.8814880283271141,0.9451855782481582,1.1913178826861923,0.887824567108959,1.3256722424601048,-0.3253544681099037,-0.1809168232581226,2.384840373329748,1.3762356122875188,1.5253312390292242,1.414108851232356,-0.4683649914258648,-0.5859175170280156,-1.4415709595331525,1.0429378547485926,0.2737222817116121,-1.1012595818855624,0.2240845957491423,1.3649049827219752,-1.1037965292870504,-0.1224431236944998,-0.2141506120495819,-0.8816304616143039
TCGA-AC-A2BK,-1.0567946561385213,-0.3411007881684223,-1.709950399504045,-0.9284551788817148,-2.826563477717516,0.4767198425655426,-1.325055676336915,0.372007365114444,1.7636485802067303,-1.9659868428330576,-2.1040754284070995,-2.085167375515452,-1.7770021096203583,1.76348616045186,0.5487607344952277,1.4535799724823166,-1.0802838349128463,-0.4268629596916542,-0.9530083788515796,-1.0241437123764154,-1.8300711229780784,-1.7416155134466365,-0.0029929102069384,-0.9605421985492604,1.888254048431592,0.730329392821044,1.516972142664312,1.7792639808432036,0.2744330900537485,-0.7881309741554442,-2.162518783321314,1.0899695901359931,-0.8228847893549219,-0.3595342515472877,-0.9530706275752696,0.4741188605357163,-0.5436814400056496,-1.2111939302778487,0.1320230128940931,-2.094047182726706
TCGA-A7-A13H,0.7701038763818183,-0.0660999069771836,0.392915117616894,0.9442984456775,0.5236160182643013,-0.5006782668076866,0.6977427957139806,-0.7939956381143127,-1.2339365219852545,0.3497299909703318,0.9364895463210862,0.8369374594428842,-0.2446675332684258,-1.219878237080522,-0.6643235102892178,-0.2648983271197575,0.3194702071725601,0.1731711712326532,0.8217518217464135,0.6457531346824718,0.2835035046180594,0.434386979636608,1.23157644771341,0.6917411930078388,-0.7205047750381889,-1.2766120949802242,-1.655962787586927,-0.5627667795069176,0.9941233508932196,-1.32793712880978,0.985619557094886,0.5025741889216231,0.1707841805429793,0.2413566361499138,0.6208252213136368,-1.2318449939318172,0.0663114722697197,-0.3916834332234207,0.5775975482839861,0.8022759013948277
TCGA-LL-A6FQ,-0.6915398755466395,-1.6466451267600182,-1.2750990091478274,-0.9021283990491245,-0.0070744399412019,0.2451159642342796,-0.6513349641458941,2.217970110580191,-0.3064380577580671,-0.7017217819169909,0.06936005904894,0.7379071936746714,0.8726116905625406,-0.6700622783694073,0.2727464295638869,-2.39778740426816,-1.0598681779092616,-1.185996509372512,-1.426447001081427,-1.037043235827158,0.2775732898156541,-0.2455908616169413,0.2822775252020973,-1.250299160813994,-2.3417035778030333,-0.4597584595552453,0.3582044362446961,0.7342826078437518,-1.056409208546328,2.072948702476952,0.4965612985402857,-1.6507294617599664,0.8801173768501858,-2.086661557672889,-0.7381797457803414,-0.1203990795729833,-2.009635571621665,1.0649840771687902,-2.101430516717482,0.1824916061619712
TCGA-C8-A1HO,-0.8673496205741409,-0.4977075679509022,-0.9794668847607464,-1.652960680910902,-1.356300939237831,-0.8337434419833656,-1.0304830628628447,0.4301299368656425,0.2652511793607783,-1.2898994582236376,0.387699412248874,0.1549732882617112,-1.031629491810765,0.2611720776565961,-1.046561629129387,0.315313797269765,-1.9736348373261567,-1.3335079363811404,-1.2631574514519588,-1.2219191190872414,1.6848729855321956,0.6557642642734521,-0.0401013618988587,-1.4639170041348166,-0.1583276403810936,-0.1260690600727781,0.3724750078936886,0.2569716456708457,-2.0150993012467957,-0.2259086292773007,-1.3363434108507384,-0.7546470669286451,-2.410451519981025,-0.5593062276267615,-1.048450964185605,1.3046864644000509,-0.7605198173483038,0.0152881976481119,-1.3665578230048725,-1.2328382535882536
TCGA-D8-A1XO,-0.0195643877932268,0.57395131285806,-0.3952938275492256,-0.1030268199093767,-0.0483545374983792,-1.710033557358004,-0.0175629565394928,-1.2157642166752218,-0.6630556965968509,0.4810813417418951,0.5181451339575307,0.283982479887337,-0.8124352821328745,-0.7019705956915308,-0.9459314184899964,0.0034990424828204,-0.5887759838414521,-0.3637695148825244,-0.2248475926938759,0.1296234027694799,-0.2756090871950408,-0.3126899335209369,-0.2805773968779066,0.3761919079732155,0.2078767237983762,-0.7986896441047598,-0.9851056288595976,-1.0325224044431067,0.4384623039469846,-1.1852162663728152,-0.3352529351046389,0.281011474766063,-0.9304155615336216,0.4455266342734925,-0.6017902183904396,-1.1150733842653668,0.4022917371558847,-1.912171693717483,-0.5952466315929168,-0.7445670976155875
TCGA-E2-A1LE,0.8407415416257501,-0.8456635557975914,1.2932317488907803,0.7367048237690148,0.5858101068058261,-0.4758581623008142,0.7908316189434593,0.4862902827709258,0.274758762432393,0.9736012900291324,-1.3177765883909005,-0.708260462599717,-0.3225604408120626,0.2065304563437545,0.2433844763509458,0.1898509440624606,-0.1660845743360792,0.6172043099848146,0.643229317489745,0.4537575773773775,0.1421441591137109,0.3663912745253606,-0.258704167493641,0.7454985781908148,-0.0196808545080755,0.3812454079512734,0.1467968843860651,0.3422079460244727,0.5033929224721568,0.511587165234434,0.8258536624461817,1.4409904750317593,1.00084749119972,0.3649220668583234,0.4164786299255131,0.229561240530898,-0.4835556982785018,-0.1261468039866259,0.9363575725513622,0.656663388206232
TCGA-E2-A15J,-0.918177821569048,-0.6159171812769662,-0.7782733281016494,-1.0484454067172706,-0.614097275548809,-0.9021276238622218,-1.298074372931893,0.0788070251865412,-0.2312682877289399,-0.581320948035795,0.5216013049216705,0.2432203718015799,-0.166058241375775,-0.1686030395535266,0.0454479858772682,-0.491637864691413,-0.7644829162384527,-0.6554739373445051,-0.7965156248013121,-0.4956890362620371,-0.5429173803215678,-0.9242770678817342,-0.9420967528998831,-1.2212159504644802,-0.2971811810704932,-0.4155057093368602,0.2418862219761345,0.8326115983655591,-1.5321976822848835,0.513934905473317,-1.0492595656692691,-0.5076141435095026,-0.8271143300847754,-0.8677119654532566,0.3055375439045474,-0.2179702575873522,-0.6221707719776346,0.1613442022896396,-0.444921252480467,-0.7232909297569068
TCGA-A7-A0DB,-0.4599611473796331,0.19174955827241,-0.07712150227993,0.1230940741272246,-0.4393097119934602,0.3946034229731338,0.0890046486886274,-0.240568262801412,-0.5164929969336195,0.3239852973086212,0.2282449527070383,0.4895257140661705,1.457631809449561,-0.6223445434257197,0.6420461666679129,-0.636280062036864,-0.2808743910842519,-0.4402696505306689,-0.6879994259734149,-0.5875749567232553,-0.933783965401598,-0.9223521344741996,-0.1313149956983855,0.1958615656253473,-0.8318237282730296,-0.2503090113930845,-0.368312278700602,-0.7084980029093417,-0.0557168393158086,1.0193307048558804,0.1523305558440411,-0.4197988859543627,0.8759304736255585,-0.4116496052462754,-1.024163275644666,-0.394737722474944,0.1486726535581247,-0.8955260344282856,-0.7552308929093944,0.8792470975392382
TCGA-BH-A1FE,1.146824234024237,1.1800879400156823,-0.4364334311908845,0.7717905784508979,0.901564533433796,-0.1089396288989209,0.997389532270756,-1.1899283581871012,0.3443526882953812,0.8443862027168201,0.56013594069058,0.1561792033192381,-0.786351398930377,0.4766947371314258,-0.9607258266436232,0.2044703737706247,0.1914449351573443,1.154689646395365,0.8805556742836117,1.388912242178301,0.9463044925584166,1.059219085413177,0.049497847600798,1.136226154242974,0.9804578509951928,0.2338523329671634,0.0362090843885011,-0.4815118633442947,-0.157376604029524,-1.2881624575263808,-0.4838970118313359,1.2461551067402583,-1.2552910798053427,1.306308301108508,0.9629156946833431,-0.5629787384259618,1.3152301701464653,-0.5901138000947049,-0.5540801463012572,-0.7017844767275122
TCGA-D8-A27G,0.1801158991810776,-0.1574801504494817,1.1359941628395425,0.6574432829886871,0.6777373280743012,-0.9396678091307308,0.3139544938590759,-0.6056972930067056,-0.1897824086938055,0.5823661209142456,0.3449312618261532,0.505621948400557,0.0920173126314501,-0.081712705927442,0.1573516022058309,-0.0439613616086998,0.4335112562640336,0.3325589324406665,0.0066564817887182,-0.0742885082340272,-0.2675025583327053,-0.0092054185147018,-0.1448989673579388,0.2882191292130847,0.4935435085063145,0.1210543648733466,-0.1109963843952531,-0.3782506250313265,-0.5791498215479761,0.2399825055992222,0.0223648293729174,1.0079403815570025,0.5617286624908459,0.7235843172921324,0.1917157790916505,-0.2774707642924449,0.4367029360703034,-0.0979350066132224,-1.2001682615047051,0.1706821326052615
TCGA-BH-A42T,-0.1188486685397137,-2.2414135273092537,-0.1638892938424372,-0.3577278493125175,0.8552546435669208,-0.4878334323111276,-0.6108407540844032,1.2771165707100691,1.0329422507461417,-0.1989892800195307,0.6536163044767502,1.1483500081020657,0.0619846157110404,0.686677907435344,0.2189095095480314,-1.936564878652568,-0.0976503578101885,-0.7755702345761809,-0.0660843410145015,-0.2183326425903051,-0.780490701186771,-0.591046929909315,-0.2276502714158548,-0.819250990627886,0.0514904754541956,-0.5665957622867698,0.983805585864003,1.615336986470569,-0.2509405814354197,1.652949004772102,0.4814688854228923,-0.8982424122678296,0.8688167497291167,-0.1889497645340681,1.1336113946770732,0.7835004829154,-1.1702437935574503,1.6250741753636024,-0.1172076313648043,-0.1519164204147576
TCGA-AN-A0FY,-0.6649683154679328,-1.0327383605280085,-0.5572388189401,-0.325520348565416,-0.4685667156377286,-0.7048540392643028,-1.1284521378686894,0.7813462821875933,1.4593815702000017,0.3210838956964218,1.0445768547190633,0.9851270050424236,-0.9675097373006945,1.3574154484271166,0.0598368013400416,1.5645643011606585,-0.1359577113864835,-0.9138757119501272,-0.4496946016665795,-0.7722925714622118,-0.9508181786390556,-0.9679630261995996,-0.6286367749257745,-1.0457905838212198,1.113144231508383,0.1451308063142067,1.0209887913193407,1.0124452533450548,-0.731023871348203,-0.7461511946390155,-1.0538959008509423,1.0858402003088965,-1.0225049194061442,0.4529496482100221,-0.9663162033026363,0.6140807836055212,-0.0042440635569113,0.2996894300922803,0.1920899901628486,-0.7191766015395814
TCGA-B6-A0X5,-1.622099473562692,-0.6226395611414839,-0.9207155828134204,-2.0148244812146983,-1.082805923847748,0.4270138423693015,-1.240647218373188,0.8877480731953779,1.2824289162041218,-1.3549153529370952,0.7380754040397901,0.4062165231383554,0.9577358817872512,1.061916983561744,0.5140755788050106,-0.8891069864877487,-1.327144294941749,-1.5530589211459565,-1.5351261264642868,-1.9611281564514509,-1.352063484791882,-1.4057749377132007,0.1008953009391332,-2.0373149116039926,0.0965113305344201,0.8603958146878443,0.6401306021035328,-0.1976415884392372,-1.276982569336753,0.9346681360953326,-0.3371349623751545,-0.2309381834080494,-0.2235808815041876,-2.705807292741641,-1.9562568016110375,-0.4816420122969573,-1.4929000315882135,-0.31524187370511,-2.278819447344058,-0.409771139717369
TCGA-A2-A0YK,1.551654431135338,1.8814472909429325,0.953971843499216,1.30488388690242,1.1063469339069805,-0.971740654773081,1.589333002751825,-1.9580455190617403,-1.0218126605118365,0.7053726727311407,0.1914600652526396,-0.209524019621803,0.6667463645867289,-0.7421896562726401,-0.9819033364818316,1.1881363277196235,1.094495989238047,2.0902293215943017,1.574000132288374,1.4323686650157732,0.6977451702765277,1.1928138600701934,2.5414989958882983,1.8905402350831748,0.170675855783185,-1.0344659113557149,-1.3357551059433277,-1.2383839073695748,1.4618715765448336,-1.2924789894167157,0.8312392074926556,1.6133822384682857,-0.1013624322432705,1.642428834114746,1.4330071824634016,-0.9260431816895348,1.5504968225567513,0.1342613402223938,1.2045852508353851,0.7331090700169822
TCGA-A7-A0CG,0.8594579321768598,1.6950930531551884,0.3427259971623219,0.8177612006418263,0.8363512653781152,-0.6906827065795024,1.0837775341650435,-1.2493570912423249,-0.4910482292726875,0.6227870834316188,0.7751378426330606,0.4743149475128472,1.2476219665476935,-0.3629805004998961,-0.5767608860854954,0.5511333124583446,0.3165580286748352,1.070188428897964,0.8685823666444907,0.6186386059715906,0.1258773768717203,0.3866815050668327,0.3056174259104011,1.395339195559571,-0.2166540918874541,-0.2799503745949378,-0.6478540367184158,-1.0694066648353755,0.6335794106152062,-0.3543947905010487,0.5614274850054193,1.6723805234349989,0.2901219863108619,0.7651345671511298,0.2358254171240063,-0.4880090187173624,1.0427806919778226,-0.1118905826326307,-0.5292517988635183,1.2263563331390652
TCGA-AN-A0FW,-0.6908179748353049,-0.6658238993977902,-0.5085245378367879,-0.9935578354940832,-0.3927025263498987,-0.8110376597486987,-0.747126009602221,1.1295835485184702,0.4936976920560599,-0.4659063610003923,0.2713025585087469,0.1840631830211699,-0.1312374390391574,0.6420494807150101,-1.1678655978405057,-0.7297426084064365,-1.5022913645727265,-0.7834072216266832,-0.8361014587692399,-1.4651131004450524,-1.371784860918142,-1.2463429273895177,-1.4725201382013535,-0.8507485599334197,0.1460764538336436,-0.5107308153937605,0.6225382278910407,0.7647598402673297,-0.7677663575469872,0.3191224426687747,-0.6926700776020808,0.139612461824269,-0.6652413590811589,-0.5547644737205548,-1.5641573353294047,0.503891067137147,-0.2766527765824977,-0.5917277542948817,-0.1678339502289187,-0.4001236540479099
TCGA-D8-A27P,-1.042311726852003,0.9714834984090204,-0.3112835846742372,0.445659300837338,-0.350309622861925,0.332480291703581,-0.9117261628229985,-1.0528393770578324,-0.8554571247245591,0.2100244390150318,0.7123236149144067,0.247347739461007,0.2338235981790712,-0.8551586926078605,-0.0799930553054927,0.1027887134373454,-0.0790975738129494,-1.0132876706914384,-1.3503599286964212,-0.9065167907725258,-1.3048379621373782,-1.381926205804693,-0.3180481351516381,-0.1248681062217671,-0.1650342820679023,-0.4602210628004831,-1.135908535127148,-1.18484866907948,0.9905840746662404,-0.4816713292858635,0.3297008569023252,0.5210603664790664,-0.8539439705404983,0.173184871476291,-0.7553224452938649,-1.3283801174026677,0.48756365589696,-1.5069482000809016,0.0796878680596608,0.0394219455788841
TCGA-BH-A0DS,0.2960517629406171,0.4907332787512646,0.409466142675739,0.1843969947941855,0.5861310104269217,0.1864409498741865,0.5521285914884352,0.325588037083352,-0.9637834184158272,0.5162347705287361,0.1039373574572127,0.0520288235726993,1.008658344803233,-0.9313979197718176,0.5381959920721235,0.3161536792567234,0.3645736915373692,0.2405701749167692,0.1320605294939672,0.3064495331083779,-0.2850293780068835,-0.0783779725473125,-0.860689255763345,0.3622274274786167,-1.2248493895076766,-0.0602822819328571,-0.1195096677705512,-0.5150696486848413,-0.8915748191845767,1.243884733315029,0.4203807348318603,-1.1212077793010815,1.3083435572819346,0.308278201945343,0.1823251061156805,0.3377367154798428,-0.0541277650143093,0.8165498740459636,-0.3757530886703554,1.093628334832193
TCGA-E2-A1L6,-0.3933118112383521,0.933261993943273,0.9491705523171202,0.3020926762982969,0.5299622464252688,-0.2685766542259374,-0.0901205550344124,-0.8735910821121528,-0.4047918173385245,0.4830908204300219,1.5903101466662295,2.0103358878580493,0.8128025265764941,-0.3909973797928901,0.0618008737146722,0.4288447705010853,0.3132214753077026,0.1076789477985949,0.1642759966768208,-0.1130794665801622,-0.4248496841040335,-0.4941346212968086,0.603230832401038,0.2851565200873497,0.0999613651893949,-0.2678784379798561,-0.4749079958138484,-1.2713098347661038,0.1620474865691194,-0.0144075150375557,0.7742493061943325,0.1416155187832564,0.0093936163718619,0.3859431140065606,0.2672289273122943,-0.3941805385319845,0.7561724633892439,-0.2778432488952455,-0.0228556418996128,0.5323929377626636
TCGA-BH-A0DG,0.3268404141179206,0.6255649981535756,0.752568016788539,1.1366253959697774,0.0710890108459302,1.099126539711382,0.762029122619159,-0.2456950050492569,-0.2545421974458811,1.039654830350863,0.195987071720778,-0.2197186509167284,0.0401056960767212,-0.111507488628546,0.2124585506240038,0.44025229572017,-0.2960524707144024,0.5173475196019898,0.2552330864299572,0.3550838879912034,0.5952417631234745,0.5401199822538136,0.8473475845412277,0.8590897949802327,0.321448076558867,-0.1077187894366646,-0.6481032651659884,-0.4705150401640674,1.6640632650827936,-0.1053665279767695,0.0556198799012972,0.0329851132172645,0.2244380358640662,0.6310464403011848,-0.1222384905685039,-0.3494902403076038,0.5946711877150447,-0.6929972438242366,0.4608620619913896,0.4380759165700816
TCGA-A2-A0CP,-0.5112274730419634,-0.4505925844779098,0.5572815193374253,1.3784966417306534,0.3257203977698318,0.3499433343762491,-0.3713776573848207,0.3391687677376809,-1.3853093382926729,1.357069194074516,0.9112833791915168,0.7310955790553372,0.2646186720906109,-1.5366407038728584,-0.0080775406095831,-0.0893545442788191,0.9310091401846694,-0.0447299728524885,-0.3723706823709685,-0.2670100185887896,-0.5901228538768964,-0.5638833353485441,0.9502808651927692,0.0915116996335085,-1.9322111841853145,-0.6686345068434573,-0.1945469294624268,0.0235446328650886,0.0206086597722305,1.0149875548254343,1.3692988962899315,-1.0318519302319025,-0.2468232387680692,0.5189063705216684,0.3341268088571222,0.0685449792214965,0.3279404172390024,0.6592054083557856,1.0791681261622883,0.899132093990783
TCGA-BH-A5IZ,-0.1870285659519404,-0.511396151348483,-1.0747779201001155,0.2049960784104502,-0.3300142811314018,0.2716632127471799,0.2117825111415159,0.6786114440360689,1.5549619882926218,-0.4318521290190695,-0.8685379111976923,-0.2268328850326708,-2.005279371694048,1.5373248609143455,1.477484565984351,0.5377132751067137,-0.1595847563065603,-0.3298553711582374,0.1565851184549198,0.0438158169626371,-0.9387311604906664,-0.5653865788348984,0.3320209271667476,-0.3705912122585661,1.2140287265707614,0.5547055967698248,1.3046632354430885,1.4222335810567477,0.6345971345998904,-0.4037543167438028,0.2253695267476213,0.1432465183419099,0.2230442597991373,-0.2907613982559632,0.6751681846057433,0.2299377390347315,-0.7493483635406358,1.472581793680282,0.7546936453607361,-1.2470219997780938
TCGA-A8-A09W,-0.1680044325298895,1.4844498147727911,-0.3265950451003434,-0.8933348566716286,-0.4343705337637527,0.7671009782646268,0.1093804836032426,0.6402958042041945,1.274611827596114,-0.419101084515968,0.2449948883238337,0.1679649278707518,0.8557253791608518,1.3321411517885704,0.6710698409203977,-0.8509408523297991,-1.0554356144371668,-0.1641039256836685,-0.4206687044350348,-0.2865045727312576,0.234750898947516,0.1424836088099407,-1.0482111474838445,-0.0187624726148826,0.8480204267845628,1.6068575697709655,0.9315267268636626,0.5025898663198256,-1.126189235485804,1.1516467816375853,-0.0373137822187063,1.3542015190116727,0.22945459079269,-1.443657384953117,-1.4585440351696115,0.0688633407685158,-0.4676871348612202,0.1265737430480848,-1.1178282063697036,0.8167707563092185
TCGA-E2-A107,-1.097473945655726,-0.9563449776243572,-1.1435905785169735,-0.8101305118200979,-0.559233968344512,-0.1279667016528788,-1.3377422611145935,0.935369561834492,0.9191094682673095,-1.628209227955672,-0.0946820999567457,0.4408044425349918,0.3419688751384209,0.7578223927008246,-0.3679950042578943,-2.1077212137893757,-1.709476083966229,-1.682028516784953,-1.3278026668759508,-1.5515741862468784,-0.7387111089975499,-1.0043302904334783,1.0902543729969685,-1.296147612900023,0.3073709613788357,-0.483524765780662,0.2778764597867917,0.4206588368511675,-0.4302636170599309,1.6072633003064989,-0.1424019494761268,0.8767618562807343,-0.0069950682498118,-1.87790487616085,-1.535024964885653,-0.6225509091524283,-1.3347101678876698,-0.5031189200404614,0.446223031978389,-0.2532518898568394
TCGA-AR-A252,1.9629521501801264,1.7670561568155272,0.5598903424112518,0.2266054122805195,1.0100304743180764,0.8507211052170714,2.150598614790988,-1.3485685460757182,-0.2783532359981175,0.0942614958355467,0.0270578064498304,0.037359364999016,0.5445032366172291,-0.1215137347850296,-1.2174094165662013,0.2911568797252767,-0.2736273932560364,1.913396109260857,1.4678452565483102,1.524700410771569,1.096446380415895,1.637427887587442,-0.3269618717855924,1.8240061919353752,0.2663024334340179,0.5707122057347274,-0.6600268071203526,-1.1015445238179002,-1.0854891720720874,-1.0712626222713373,-0.6419247925781827,1.5308330015479907,-0.2194390711956051,0.4453840092681478,0.3421867675337535,-0.5444058545705813,1.1147891359294313,-0.7441845150989002,-0.6172297058187491,0.2323862608446493
TCGA-C8-A12Z,-0.9823251536115016,0.5782047379982135,-0.4840275974416325,-0.7546990622342014,-0.5627479571867007,0.8536017673628973,-0.6932003915055472,0.215684182597203,0.6156154426771865,-0.311622509885376,-0.5328181293372036,-0.6379728009063164,0.0456429491178106,0.8506700541119178,1.7935234049044704,-0.1226249853412093,-0.183194644008473,-0.4742918211158163,-0.9058241897358988,-0.7826854223437429,-0.6468327169318255,-0.8294891586348283,0.0561607135390127,-0.3839036011781283,0.9458269156997025,1.2055913544619583,0.5023065746136339,0.1734924541863151,1.007593907299562,-0.2562559066035005,-0.6569850385920135,1.096651196275048,-0.5380930499707736,-0.3292010553957077,-0.7228836474840764,0.657098873364676,-0.5587170565695386,-0.2033492410870739,-0.7160160600343952,-0.9502777416318364
TCGA-BH-A202,0.6409583418212265,1.0824075573768792,-0.0435980862359748,-0.737312665264578,-0.21885028437391,0.9489964922975818,0.804678216510932,0.1257098371790702,1.1544019845129887,-0.0537903028135914,-0.1899772720590997,0.080381021407422,0.7487552532061054,1.1472701279025956,1.4971365357164588,-0.3809958860043443,0.0994848044140791,0.4967486121981939,0.4645101473746355,0.537511131725549,0.4325051102081829,0.53947579386737,-1.5427436175103904,0.4221790969504323,0.8987837209410772,2.170068826769882,1.16909033451385,0.6581852957942079,-1.0346689064724506,0.233595844540173,-1.1638247785625393,0.8655013575778625,0.3379456566488061,-0.6180437883785429,-0.5728479278722501,1.5237795752601644,0.047499828352429,0.3426306324606228,-1.378934356111225,0.1480469751430178
TCGA-AO-A1KT,-0.1882417561709654,0.6952889171600061,0.8623842870263768,-0.1050958180774022,0.4861041394761463,1.5755181227035024,-0.1110680222266567,0.9040777850555404,0.6299080351924632,0.6352788044467087,-0.0165126129558889,0.2286835816357881,0.4415352308440901,0.5749933324852722,1.023680067073735,-0.0553028783107891,0.9468965886627912,0.2713011502795195,-0.0808195321440914,0.4093254554725192,-0.2417782796796237,-0.1980511989473976,-0.5907572723393458,-0.0299504407985056,-0.249970541366244,1.2115403462746663,0.93099945790112,0.9025873573952462,-0.1235764828735541,0.7843041818297697,0.931380656035717,-0.2732786279411072,-0.2551216901585759,-0.094265678836138,0.491282243273639,1.6839534356435446,-0.2642144984435171,1.7187574066652829,-0.8690527860129847,0.8624011352999724
TCGA-D8-A1XW,0.97824090293575,0.8522747122984843,1.1050440629318805,0.6078756476910285,0.1892885345587946,-0.1473530588526557,0.851624664514164,-1.148954432240692,-0.5582036927829039,-0.1498178637883939,-1.2077317731166992,-2.0006867928747414,-0.5826840251446955,-0.3221760480726807,-0.4501205782589215,1.9307537615077333,0.2948524524758156,0.6583972942496126,0.7991233474423697,0.882030897164732,0.1471007899317459,0.4235022648326749,0.1401127750596124,0.8602231366425518,0.4914724755325163,-0.0879264667189602,-0.8771522481411913,-1.123319304639848,0.9667141742142918,-0.7143797288747001,0.2601610878757449,0.8217886009459968,-0.5334084653199186,0.6698584442091932,-0.0800423856699857,-0.3644680166851421,0.2353299938521981,-0.4505153555950976,0.1127564087636739,-0.6646645320760243
TCGA-D8-A1JU,0.3908555226211264,0.8555253974814497,0.9674178706124148,0.7440778108773355,0.7482610543566866,-0.608154841238521,0.6638716608777407,-1.4806961916688794,-1.7709020945963725,1.435105831436209,0.0287673145250493,-0.5818217640821198,1.024980456213361,-1.737549480595486,-0.8655785320334521,0.5411569636288083,0.7779732148961817,0.7702825378919588,0.6569540401894501,0.6507648249483469,-0.1273637293578665,0.1342200316252569,-0.8376781312922026,1.0232699959911618,-1.0741931358583163,-1.183660000073558,-1.2636141164200911,-1.87826542645148,-0.0355172383634402,-0.1384604350395426,0.1425596651397483,-0.7357332502180103,0.2185515430664269,1.6468691071081012,0.4262324171131376,-1.3042768392458417,1.6044412449494978,-0.4250810887559362,-0.4758178565011384,0.6669410983250867
TCGA-E9-A1N5,0.2590716843806829,0.4449544761328339,0.7893243899923115,0.4323175154641652,0.6315939378122718,0.3897839602901456,0.3338174564983988,-0.4552982605109718,0.0328725994792534,0.992279183192532,1.3018556207439351,1.304362054833866,-0.3447332274573356,0.2297920662698192,-0.1922230673135146,-0.1549936695584403,-0.0269860708074599,-0.2679667531111003,0.3152815405440999,0.2005419237991568,0.2984660533661444,0.3157010563416202,-0.2795169480058423,0.2771627602316333,0.7457717617016937,-0.1609531333338156,-0.6066996256423947,-0.1031308745934803,-0.8320600446481169,-1.1710866485774196,-0.4014311932397427,0.265977953854508,-0.3728006719389808,0.7806109011088236,0.3541653270704577,-0.5425074051063451,0.7217033318497136,1.130920265999935,-0.2768072411875882,0.0993529549450385
TCGA-A2-A4S1,0.8172761652414744,-1.5107245722475973,1.219576592776196,1.1047528625458447,-0.0240934134031632,-0.3019986087632024,0.8803795629495396,0.5161162998182266,-0.8659301390973105,1.3618958354196715,-3.392790455291665,-3.3700252930382457,-0.0390192812481616,-0.9365003699981632,0.9190150405331142,0.7954246705295074,0.9831121079570816,0.3649646077252591,0.8400062953520356,1.2417909330099617,0.786941887093291,0.8863728243837707,-2.0581557035563702,0.6414323126663762,-0.8645665252203699,-0.273197459467026,-0.4929726690105903,-0.685187058007702,2.485674139061302,0.2673157779159,-0.0878008304068733,-1.7089463465360255,1.1460186925094578,0.7889648887579781,0.3828771426143754,0.2785659350243177,0.1092083957488606,1.2780319911633131,2.2915356864790493,0.9611193243276605
TCGA-E2-A153,0.0139856359162772,0.0342597860733538,1.1859024432854146,1.0382620718513846,1.1190679716811107,1.2567119600440355,0.5456213037623142,-0.5996505067320472,-1.1450488174389633,1.6571570952182295,1.6036260211417044,1.356564871651556,-0.5740700536287766,-1.0727120752193413,0.9239970836046152,0.4572973521717703,1.9193215076564407,0.3734515040961365,-0.0644388051467462,0.7107002762112532,-0.0865137677257142,0.0134539466294496,-0.1214557505948259,0.7176865222271417,-0.5864552465508601,-0.1311719686470138,-0.9025004814315328,-0.590607151076984,0.8645192765774883,-0.5877261125934722,1.5027031484182205,-0.7386883953685428,0.0613694893343556,1.1601958268223087,0.7741375952112958,-0.2520328906198185,0.7409077608773118,0.0861574434692114,0.7089430855252215,-0.0595288599311742
TCGA-A2-A0YG,-0.7712854257700197,0.0732763308103107,-0.0952799869705252,-0.9384662123173632,-1.218891996019032,-0.982936772283014,-0.495650192085654,-0.0729123181662161,1.200055892320442,-0.9462599156911248,-0.1901962427190365,-0.4537014650450208,-0.5080934791283507,1.334762186532848,0.6150472391208651,0.0598604191828298,-1.6892042078048617,-0.7113219972517487,-1.0585844934359645,-0.8430397947775897,-0.5184716559315993,-0.5301293318553966,-1.2415321114340148,-0.8078380263753038,1.472518652248716,0.6413350776747073,0.439196504044704,0.2830339263077656,-0.3797834827138378,-0.2221381909330996,-1.7872954795999054,0.9329158264510212,-0.1995691029649151,-0.2625812417788404,-1.0426180060706889,0.7578860346187473,-0.3317371091155291,-1.2086054015821557,-1.2629648253514254,-0.9960172956083958
TCGA-BH-A0B7,1.0710893324313298,1.3771911077569206,0.8932558436020036,0.5535959878437836,1.1206424033546651,0.2630030080555003,1.600587561307791,-1.0412388406191269,-0.1283428985237239,0.7566124578857646,-0.4223126848291331,0.0154834676726154,0.8972209389520419,0.1258306263527824,0.7679097866521447,0.5727958817034985,0.5395305069860148,1.457350726329817,1.0111188001662563,1.20251257844886,0.1458416506250229,0.5990142865297821,0.2832225946161495,1.6501483144309994,0.6138611064351519,0.5048674558608595,-0.2691168546127024,-0.6869432859405384,1.2467517107667134,0.3561646915957991,0.1953779856191197,1.519615716021359,0.7914492522306608,0.9900925723764812,1.1634098476347117,-0.3226342037904571,0.6248612147732702,0.5465110734431862,0.1038503695514574,1.0133381168521725
TCGA-D8-A1X6,-0.1992284552807654,-0.349884557322984,-1.4054272787438014,-1.6055369099266346,-1.025470448764177,-2.029561501594653,-0.7237583516386186,1.231332360010814,0.5155121035525769,-1.508248569062784,0.5314525172466426,0.6564557054126271,0.7409244344275109,0.2174363167891823,-0.8911972482602329,-0.4043583512209432,-1.5441906193600536,-0.6284494892201028,-0.4120999172066822,-0.4392268059048945,0.680168223569955,0.0758607315407347,-1.1486916007406738,-1.088356775798609,-0.6408974399480108,0.2170482504491351,0.8620357003745039,0.2872362807055202,-2.374655055821586,1.75116346261087,-0.5107907748322731,-0.6111510435340076,-0.8661966740991071,-1.5923490104969436,-0.8370357459481087,0.0235999090510805,-1.3029568785195786,-0.1235837983111917,-1.0034241152501164,0.0715329399358871
TCGA-BH-A0BL,1.397390077859315,0.3344881347056764,1.7063078540983914,1.700458791480178,1.086431522705783,0.6029234776738465,1.6487673628153403,-1.148968760185896,0.7673721614826399,1.535057906918004,-1.1612274591496656,-0.8600303169345199,0.2037634548444602,1.0034817270239438,0.9014516522951764,1.259233342149152,1.503907514236284,1.7390809101895246,2.065871299739404,1.5576065759282482,0.792936348087774,1.2057985993555984,0.2119629286347298,1.4902548241858589,1.8137757451935856,0.9447722036060848,0.4382506975046801,-0.4362397740426886,0.6676979475687866,-1.04160295806891,0.1602030550343881,0.0734720793070661,0.2588722573137332,1.702529581737664,1.1272048464638516,0.4331845115381006,1.2585244593637577,0.8869749382930198,1.1205406461619942,0.0167617357715686
TCGA-BH-A0DO,-0.8660960376520741,1.2814196603281505,0.1712406098048398,0.4027169783267398,-0.5929989982662439,-1.004506882409374,-0.4437730834483476,-1.1654580469047515,-1.2191142468294105,-0.1710323466561541,0.7115280516846391,0.3682980592407536,0.2178135721576843,-1.279435341493073,-0.3258123445748912,0.5308603769372486,0.0623945354225977,-0.5233387242885185,-0.5735955990484956,-0.7583981606572847,-1.249151196887841,-1.3126183026190106,0.5288386811341154,0.1439523767022749,-0.7564775536263616,-0.9576464699111388,-1.2921642224578664,-0.8029905615396203,1.3248725744711716,-0.5997990298414868,-0.1449360774004691,0.0285536054356578,-0.2946171242291964,0.749447274351349,0.1092613102943922,-0.6263535542088866,0.7590800417403889,-0.6226183802883034,0.4374953652383102,0.1008053595473039
TCGA-A2-A04Q,2.819323139158889,-0.1925407049739743,0.2443884405079553,0.0751166916865685,1.8753388270070632,-0.6242895217388504,1.922478037130039,0.6231156866143712,0.5959040479449782,0.4328910243483755,-1.313699639991081,-1.291121037242762,-0.9706392450555276,0.7706757979348232,-0.0732833819155699,-0.3548831682100221,0.0214164651979026,2.1405411789918345,2.287136825276244,2.018032234348494,1.7114792064290052,2.3025429025083355,-0.2464008843412,1.2763410467381746,0.4668795902454812,0.7119368564549903,1.2346262295023789,0.8131580625612825,0.9924597895893088,0.3979558406732844,0.7187938056872268,1.6329676307731542,1.4097014340820528,-0.2131755315874943,1.177008847596985,0.594663207555866,-0.2038715236176008,0.4642857057145164,1.465559129356013,-0.1379915286319236
TCGA-E9-A1NI,-0.7243372267400953,-0.525684460521862,0.326115662772518,-0.52987965408517,0.7350581896904999,1.0248073511054143,-0.1173531948213441,0.9045860196344162,0.3641918381489521,0.6626351536242922,1.0489540052552235,1.4481842282466597,0.7989931566498004,0.3319578124548646,1.3584245721374095,-1.0964173759675486,0.1005711824969811,-0.5472301955933347,-0.6321025223874165,-0.6475923243964082,0.6998919229224764,0.2158868438035062,-0.2081642995433779,-0.7062992710979058,-0.0933826183070496,0.458680764691918,0.5033851603060728,0.187242142339713,0.2242696654611198,1.3793784812200205,0.1099349032427967,-0.7269783288685282,0.0623475464606415,-0.3355241515547458,-0.1952760397306237,0.590695622218886,-0.3921494832973492,0.7665731273596778,0.0042861579765273,0.1619159939467433
TCGA-BH-A0HY,-1.049072105748584,-0.0615781493711572,0.4440123299634812,-0.0157685626295166,-0.8315537472263115,1.0109333608961772,-1.051751267068637,0.5098275237197432,0.6110597672736395,0.2240568485170429,-0.2554780950555303,-0.6354895261741357,0.0348484925660017,0.8338185866017243,0.8627451848086125,-0.1019514464928814,-0.2404034414630141,-1.094358432822572,-0.7440519827296102,-0.9651453396796684,-0.4934205423848207,-0.8277026461128199,0.1480174951970454,-0.7711043270108929,0.7612301075748596,0.4325002982573991,0.0869831023622438,-0.1118283858934154,0.2540183594009467,-0.153381726802375,-0.2887146316694337,0.8295839991331515,0.1321589558396238,0.0301177792268629,-0.9401274771706988,0.4659503426521045,-0.1122461051527321,-0.9577984256083172,0.3295091734057954,-0.1917879124225708
TCGA-AR-A24T,-0.0516874130214014,1.3008277687023098,1.0882693910035408,1.0512875421360697,0.2685646711221782,-1.3181016698449797,0.3827673660105937,-0.9861663726484446,-0.9537259442598922,1.027371801111708,0.4776032673519499,-0.2647292508637598,-0.6170332225217477,-0.9206463682314436,-0.4971050886693614,0.4863528050769603,0.46644687288095,0.4325759810701378,0.0090242800796728,0.3707245512812459,-0.0001471828150391,0.0668858922755409,-0.2161780312666846,0.6666171307289547,-0.4843684280850036,-1.0016137758572128,-0.798404049222811,-1.1663768576270324,1.200213057967301,-0.8733475725631908,-0.3016410278215736,-1.1978489111095134,-0.9820693026209388,1.359742202680807,0.0524687406364754,-0.3981237306910213,1.2771980297261254,-1.5465257855437196,0.3222094672841773,-0.4846043278446815
TCGA-AO-A0JA,0.004961655746235,0.8315084890959266,0.3958601409168063,0.561570974869001,0.2784340110000909,-0.7674635493649394,0.6671435956408546,-0.6066933853372471,0.0350856154809845,0.8546275985533299,0.3331733985909738,0.8620925018139309,-0.8190904869101487,0.3455908183703461,-0.6107573811830765,1.03594939584233,-0.6839002687166745,0.168950975252598,-0.2566417470450831,0.1679660222598507,0.2296716141349839,0.0406452061362278,-0.207813308930754,0.5725393842641288,0.7881319367109415,-0.4832302326305809,-0.5237669768196083,-1.1804560192909117,0.3623109694094265,-1.023523919973568,-0.1944498861359538,0.5680276803237895,-0.7143553847424322,0.979344435093639,-0.3289655209457817,-1.0088354076493735,0.6723474432339177,-1.1332786689774137,-0.1361479447718805,-0.1692602322603904
TCGA-D8-A1XZ,0.0928429156394022,0.0743095797950149,0.3725566082683956,-1.0174688025526006,-0.2247307554521046,-0.0586488439149867,-0.1206327062929251,0.5509203295418923,0.744849441232342,0.0978334538770901,-0.8723753156904391,-0.9343955056470876,0.5739682034807776,0.6637308517136139,-0.109204063986408,-0.7592954257943882,-0.388126614197227,-0.348449441289383,-0.4632860444147099,-0.0401408710621386,0.2704628552393806,0.176116298059499,-1.7883477719202503,-0.5367218994141677,-0.0709676695306134,1.161180531691575,1.5119910234850418,1.6218997523222196,-1.5924375603403902,0.1937455139405412,-1.4841051578846425,0.2281151021954424,-0.6663992316131194,-0.736347230328991,-0.8377647348720023,0.7463067396626635,-0.5608922992625859,0.0440633021008132,-1.6723623403541628,-0.3886057753358654
TCGA-C8-A8HP,1.078977688768376,-1.240388237332365,-0.1375124344966879,0.4011002816426185,-0.1378851792634024,1.1123903475657355,0.6528262236803215,0.750402227050965,0.3973856972092681,-0.2817992797180772,-1.3104194235233766,-0.4218018117568292,-0.0348976971497899,0.380008610501469,0.5668290414716953,-0.4164414900865418,-0.2481303306753349,0.2441630993749659,0.4584843010655827,0.3212746137817975,0.3195552676426254,0.633515375728971,0.8740809543967238,-0.0856553541374264,-0.2945315010741361,0.8648599570473279,0.2329399728613094,0.3660953445073187,-0.3256380392042171,0.7752035956783087,0.5555337559722165,0.9013835256376072,0.8829197255911249,-1.197512164820464,-0.2488162374333049,0.9368063401397312,-1.6378865928747062,0.8950358031613664,-0.8162161574337766,0.3265290898769701
TCGA-E9-A5FL,-0.4954985467270234,-2.5611928059131888,0.5000036613669551,0.0308080290264582,0.7495099223605037,1.101150491967602,0.2229415490425034,1.3215155003212755,0.1617796594039069,0.5044303543345453,-1.7008100200381977,-0.7810545457300725,1.2217390530153194,0.0646766037575142,1.482208575732756,-1.1270813878244736,0.9744774084659862,-0.1634321777213634,0.0442792342723121,-0.266258632882537,0.5353377261423212,0.1542904340001803,2.3155855681596,0.1587874000256781,-1.5478754541829112,1.031907139477101,0.7411003179447292,1.4399474145143958,0.3435865185856335,1.9153629978553184,3.2425010134608074,-1.2573433484017829,2.6506144514101533,-0.7257609938895824,0.9970714733803486,0.3964964642773339,-0.8812755314354738,2.5293304812678423,0.6289024502747744,1.4241140746952872
TCGA-E2-A15F,-0.4130370387841313,0.131608082010339,0.3620685450741606,0.1055016320986521,-0.3031863077272921,0.7507616657553553,-0.3375298367932492,-0.450291256405555,0.0286225507382592,-0.3136995256920342,1.2451808575664074,1.2949119103848303,-0.4321502675928498,0.0038111745932724,-0.2571171651786676,-0.3820511462323331,-0.3389239712127898,-0.3149864182318598,0.2048503885037824,0.1538323100447806,0.7355635375191092,0.1679605035087422,0.4602822717924131,-0.3227313122255372,0.4676933182729991,0.2258975020379182,-0.4147878062623729,-0.2344787018320794,-0.2118982949653646,-0.5148904811130433,-0.7441216019243949,0.518813395197499,-0.5648246545255987,0.1748502758149775,0.0651923087131333,0.8494140840731368,-0.2014897016929724,0.8779192089925972,-0.5623047889887892,-0.1147381990845582
TCGA-A2-A3XT,1.09787108681563,-1.7896598386867488,-0.6293284769085358,-0.1847986383575529,-0.9480859427702356,0.7155523353418388,0.6554315915341361,0.9847628171647004,1.4484378454331732,-0.4664578086391452,-1.5740810229567572,-1.6725534163614793,0.169404841177078,1.4104542651554748,1.116147751757167,0.8306372180315743,0.133238374349794,0.8450739787863304,1.0360402119875314,1.0844861073856558,0.4993553512106847,0.8036668672124719,-0.8906183581026881,-0.0133414553144779,0.8324226823633113,0.9489705587339324,1.6443160814974631,2.318076388591559,-0.1834384514150536,1.3340069718420762,-0.0934609804106235,-0.8933122254127844,2.2339316426095124,-1.2045452908309224,0.7980296232405085,0.8778622209683965,-1.1222813344934026,1.8205155687376064,0.9995262019961773,0.150331127858778
TCGA-B6-A0X7,-1.1125618737095575,-0.6525372440674226,0.446444682808873,0.1719999124725907,-0.7190101093501723,-0.4795812576637028,-1.2429979965649385,-0.3791504558362003,-0.9405608206772988,0.3726215943251279,0.1631435647924664,-0.3673068468301562,-0.1101576837058481,-0.9618777660572848,-1.190155664378974,-0.4321090273962403,-0.5491746009506189,-0.7565034026849257,-0.9735995149217648,-1.2270363405524838,0.0287041441396982,-0.4037342769849695,0.1129430102402674,-0.3070839130519298,-0.8251337632470811,-1.5027632762387215,-0.4922657246902926,-0.4904768400718934,0.0008677608713558,0.1085965575346746,-0.6244998905783827,-1.074014986992896,-0.9344927834640624,0.5258474744181042,-1.2872872504331276,-0.4335577994734755,0.5244768804083692,-2.128320993522105,-0.3458053591644935,-0.2610102623754511
TCGA-3C-AALJ,0.2483993460934673,-1.09721766494857,0.7216797235391336,-0.6118988551887933,-0.101898242265917,-0.6738636819210444,-0.0666466116863961,1.4395699388496754,0.3537766860238093,0.30419177900016,0.2913969858050076,0.0850805229440656,-0.7734031034893833,0.2834517815379008,0.598826785300251,-0.3815763351535002,0.0237423151374395,0.1523861837564957,-0.2383256920956386,-0.3033247987513573,-0.4880913528608696,-0.3766403455426687,-2.0043559603536565,-0.0166594532740335,-0.0920379964843776,-0.0362865064605021,0.4337835766889809,0.8399672510476496,-1.3364480680765845,0.2983932253474072,0.4045372715612176,0.4554714834940309,1.4212893540047222,-0.1913102634520798,-0.2952618284215826,0.0637423631936572,-1.0521594989462486,0.1876745983151227,-0.0088927110839241,-0.213643110614706
TCGA-B6-A0X1,0.8897149972415096,-0.9527809718843306,-2.447118350050231,-1.0081409797475167,-0.2496628973386262,-0.62803119850381,0.4711218330356438,0.222610114851519,1.7520081087151724,-1.9338642445264955,-1.7938538070113808,-1.5185053236027668,-0.9887131721187729,1.8766277624011616,0.6520695702839436,0.3855252161614931,-0.9900146309546244,0.5785872759900351,1.338204172389536,0.6891654150798844,2.0463429344904256,1.796951589881112,0.1598886632085603,-0.6992022039675717,1.446440539819178,1.7469297674872606,1.4460830856078288,0.9070703397259796,-0.1092972586789402,0.0360884680008757,-0.0328574604478515,0.6821899887431717,2.733231619543113,-1.547451954580377,0.281757816225493,1.478996352145476,-1.5855463027623866,1.300922518953819,-0.5899139677711205,-0.2404866861744277
