=== gate: anchors cover omics ===
gate passed: 510 patients
=== UCEC | head=linear | k=4 | Wed Sep  2 01:03:10 AM EDT 2026 ===
Head type    : linear
Cancer       : UCEC | bio_dim: 16 | lambda_bio: 0.1
Bio anchor   : data/bio_anchors/bio_anchors_UCEC_gsva_H40.csv
Cluster num  : 4
Epochs       : 1000
[dataloader] Loaded bio-anchors from data/bio_anchors/bio_anchors_UCEC_gsva_H40.csv: torch.Size([510, 40])
Device       : cpu
Model params : 73,947,340
Epoch [0/1000] Step [0/8] Loss: 6.8676 Bio: 0.8578 GateEnt: nan GateDiv: nan
Epoch [0/1000] Total Loss: 54.9584
Epoch [1/1000] Step [0/8] Loss: 6.8727 Bio: 0.9078 GateEnt: nan GateDiv: nan
Epoch [1/1000] Total Loss: 54.9642
Epoch [2/1000] Step [0/8] Loss: 6.8707 Bio: 0.8683 GateEnt: nan GateDiv: nan
Epoch [2/1000] Total Loss: 54.8853
Epoch [3/1000] Step [0/8] Loss: 6.8745 Bio: 0.9208 GateEnt: nan GateDiv: nan
Epoch [3/1000] Total Loss: 54.5238
Epoch [4/1000] Step [0/8] Loss: 6.8059 Bio: 0.7955 GateEnt: nan GateDiv: nan
Epoch [4/1000] Total Loss: 54.3046
Epoch [5/1000] Step [0/8] Loss: 6.7666 Bio: 0.9858 GateEnt: nan GateDiv: nan
Epoch [5/1000] Total Loss: 53.9100
Epoch [6/1000] Step [0/8] Loss: 6.7144 Bio: 0.9539 GateEnt: nan GateDiv: nan
Epoch [6/1000] Total Loss: 52.4948
Epoch [7/1000] Step [0/8] Loss: 6.4640 Bio: 0.8853 GateEnt: nan GateDiv: nan
Epoch [7/1000] Total Loss: 52.0119
Epoch [8/1000] Step [0/8] Loss: 6.3501 Bio: 0.9371 GateEnt: nan GateDiv: nan
Epoch [8/1000] Total Loss: 51.5975
Epoch [9/1000] Step [0/8] Loss: 6.3917 Bio: 0.8981 GateEnt: nan GateDiv: nan
Epoch [9/1000] Total Loss: 52.0407
Epoch [10/1000] Step [0/8] Loss: 6.3681 Bio: 0.9805 GateEnt: nan GateDiv: nan
Epoch [10/1000] Total Loss: 51.6280
Epoch [11/1000] Step [0/8] Loss: 6.2066 Bio: 1.1702 GateEnt: nan GateDiv: nan
Epoch [11/1000] Total Loss: 50.7461
Epoch [12/1000] Step [0/8] Loss: 6.5186 Bio: 0.8602 GateEnt: nan GateDiv: nan
Epoch [12/1000] Total Loss: 51.5061
Epoch [13/1000] Step [0/8] Loss: 6.5101 Bio: 0.9634 GateEnt: nan GateDiv: nan
Epoch [13/1000] Total Loss: 50.9973
Epoch [14/1000] Step [0/8] Loss: 6.9169 Bio: 0.9099 GateEnt: nan GateDiv: nan
Epoch [14/1000] Total Loss: 51.4469
Epoch [15/1000] Step [0/8] Loss: 6.1811 Bio: 0.8545 GateEnt: nan GateDiv: nan
Epoch [15/1000] Total Loss: 51.5154
Epoch [16/1000] Step [0/8] Loss: 6.2306 Bio: 0.8879 GateEnt: nan GateDiv: nan
Epoch [16/1000] Total Loss: 50.9311
Epoch [17/1000] Step [0/8] Loss: 6.4116 Bio: 0.8747 GateEnt: nan GateDiv: nan
Epoch [17/1000] Total Loss: 50.4975
Epoch [18/1000] Step [0/8] Loss: 6.2218 Bio: 0.7714 GateEnt: nan GateDiv: nan
Epoch [18/1000] Total Loss: 49.9529
Epoch [19/1000] Step [0/8] Loss: 6.4125 Bio: 0.8562 GateEnt: nan GateDiv: nan
Epoch [19/1000] Total Loss: 49.9614
Epoch [20/1000] Step [0/8] Loss: 6.2710 Bio: 0.9578 GateEnt: nan GateDiv: nan
Epoch [20/1000] Total Loss: 50.2551
Epoch [21/1000] Step [0/8] Loss: 6.3895 Bio: 0.8501 GateEnt: nan GateDiv: nan
Epoch [21/1000] Total Loss: 49.9720
Epoch [22/1000] Step [0/8] Loss: 6.2918 Bio: 0.9087 GateEnt: nan GateDiv: nan
Epoch [22/1000] Total Loss: 49.4332
Epoch [23/1000] Step [0/8] Loss: 6.3731 Bio: 1.0304 GateEnt: nan GateDiv: nan
Epoch [23/1000] Total Loss: 49.7141
Epoch [24/1000] Step [0/8] Loss: 6.1464 Bio: 0.8023 GateEnt: nan GateDiv: nan
Epoch [24/1000] Total Loss: 49.4426
Epoch [25/1000] Step [0/8] Loss: 6.4154 Bio: 0.9270 GateEnt: nan GateDiv: nan
Epoch [25/1000] Total Loss: 49.6489
Epoch [26/1000] Step [0/8] Loss: 5.9808 Bio: 0.9287 GateEnt: nan GateDiv: nan
Epoch [26/1000] Total Loss: 49.5502
Epoch [27/1000] Step [0/8] Loss: 6.1183 Bio: 0.8568 GateEnt: nan GateDiv: nan
Epoch [27/1000] Total Loss: 50.1709
Epoch [28/1000] Step [0/8] Loss: 6.2730 Bio: 0.8466 GateEnt: nan GateDiv: nan
Epoch [28/1000] Total Loss: 49.1895
Epoch [29/1000] Step [0/8] Loss: 6.1179 Bio: 0.9387 GateEnt: nan GateDiv: nan
Epoch [29/1000] Total Loss: 49.5908
Epoch [30/1000] Step [0/8] Loss: 5.9052 Bio: 1.1531 GateEnt: nan GateDiv: nan
Epoch [30/1000] Total Loss: 48.8607
Epoch [31/1000] Step [0/8] Loss: 6.2382 Bio: 0.9541 GateEnt: nan GateDiv: nan
Epoch [31/1000] Total Loss: 49.4441
Epoch [32/1000] Step [0/8] Loss: 6.2998 Bio: 0.9226 GateEnt: nan GateDiv: nan
Epoch [32/1000] Total Loss: 49.5341
Epoch [33/1000] Step [0/8] Loss: 6.0862 Bio: 0.8365 GateEnt: nan GateDiv: nan
Epoch [33/1000] Total Loss: 49.3373
Epoch [34/1000] Step [0/8] Loss: 6.0706 Bio: 0.9731 GateEnt: nan GateDiv: nan
Epoch [34/1000] Total Loss: 49.8040
Epoch [35/1000] Step [0/8] Loss: 6.1834 Bio: 0.9598 GateEnt: nan GateDiv: nan
Epoch [35/1000] Total Loss: 49.2880
Epoch [36/1000] Step [0/8] Loss: 6.1102 Bio: 0.9027 GateEnt: nan GateDiv: nan
Epoch [36/1000] Total Loss: 49.2279
Epoch [37/1000] Step [0/8] Loss: 5.9480 Bio: 1.0366 GateEnt: nan GateDiv: nan
Epoch [37/1000] Total Loss: 48.4727
Epoch [38/1000] Step [0/8] Loss: 6.1680 Bio: 0.9798 GateEnt: nan GateDiv: nan
Epoch [38/1000] Total Loss: 48.9671
Epoch [39/1000] Step [0/8] Loss: 6.1658 Bio: 0.9035 GateEnt: nan GateDiv: nan
Epoch [39/1000] Total Loss: 48.8954
Epoch [40/1000] Step [0/8] Loss: 6.0110 Bio: 0.9161 GateEnt: nan GateDiv: nan
Epoch [40/1000] Total Loss: 49.1081
Epoch [41/1000] Step [0/8] Loss: 6.0244 Bio: 0.8614 GateEnt: nan GateDiv: nan
Epoch [41/1000] Total Loss: 49.2989
Epoch [42/1000] Step [0/8] Loss: 6.3771 Bio: 0.8249 GateEnt: nan GateDiv: nan
Epoch [42/1000] Total Loss: 48.8612
Epoch [43/1000] Step [0/8] Loss: 6.0003 Bio: 1.0526 GateEnt: nan GateDiv: nan
Epoch [43/1000] Total Loss: 48.4190
Epoch [44/1000] Step [0/8] Loss: 5.9434 Bio: 1.1074 GateEnt: nan GateDiv: nan
Epoch [44/1000] Total Loss: 48.1330
Epoch [45/1000] Step [0/8] Loss: 6.2062 Bio: 0.9056 GateEnt: nan GateDiv: nan
Epoch [45/1000] Total Loss: 48.5223
Epoch [46/1000] Step [0/8] Loss: 6.0539 Bio: 1.0151 GateEnt: nan GateDiv: nan
Epoch [46/1000] Total Loss: 48.7950
Epoch [47/1000] Step [0/8] Loss: 6.1429 Bio: 0.9349 GateEnt: nan GateDiv: nan
Epoch [47/1000] Total Loss: 49.4784
Epoch [48/1000] Step [0/8] Loss: 5.9248 Bio: 0.8934 GateEnt: nan GateDiv: nan
Epoch [48/1000] Total Loss: 48.2200
Epoch [49/1000] Step [0/8] Loss: 6.2354 Bio: 0.8371 GateEnt: nan GateDiv: nan
Epoch [49/1000] Total Loss: 48.5254
Epoch [50/1000] Step [0/8] Loss: 5.8847 Bio: 0.8558 GateEnt: nan GateDiv: nan
Epoch [50/1000] Total Loss: 48.1373
Epoch [51/1000] Step [0/8] Loss: 6.0463 Bio: 0.8464 GateEnt: nan GateDiv: nan
Epoch [51/1000] Total Loss: 48.1418
Epoch [52/1000] Step [0/8] Loss: 6.1114 Bio: 0.7830 GateEnt: nan GateDiv: nan
Epoch [52/1000] Total Loss: 48.4410
Epoch [53/1000] Step [0/8] Loss: 5.9492 Bio: 0.9026 GateEnt: nan GateDiv: nan
Epoch [53/1000] Total Loss: 48.4964
Epoch [54/1000] Step [0/8] Loss: 6.1567 Bio: 0.8651 GateEnt: nan GateDiv: nan
Epoch [54/1000] Total Loss: 48.1665
Epoch [55/1000] Step [0/8] Loss: 6.1012 Bio: 0.8554 GateEnt: nan GateDiv: nan
Epoch [55/1000] Total Loss: 48.6229
Epoch [56/1000] Step [0/8] Loss: 6.1009 Bio: 0.9556 GateEnt: nan GateDiv: nan
Epoch [56/1000] Total Loss: 48.4800
Epoch [57/1000] Step [0/8] Loss: 6.2372 Bio: 0.9497 GateEnt: nan GateDiv: nan
Epoch [57/1000] Total Loss: 48.9961
Epoch [58/1000] Step [0/8] Loss: 5.9122 Bio: 0.8316 GateEnt: nan GateDiv: nan
Epoch [58/1000] Total Loss: 48.9906
Epoch [59/1000] Step [0/8] Loss: 5.9088 Bio: 0.8691 GateEnt: nan GateDiv: nan
Epoch [59/1000] Total Loss: 48.5635
Epoch [60/1000] Step [0/8] Loss: 5.9472 Bio: 0.8950 GateEnt: nan GateDiv: nan
Epoch [60/1000] Total Loss: 48.2970
Epoch [61/1000] Step [0/8] Loss: 5.9358 Bio: 0.9848 GateEnt: nan GateDiv: nan
Epoch [61/1000] Total Loss: 47.6685
Epoch [62/1000] Step [0/8] Loss: 6.1282 Bio: 0.9951 GateEnt: nan GateDiv: nan
Epoch [62/1000] Total Loss: 48.0202
Epoch [63/1000] Step [0/8] Loss: 5.9838 Bio: 0.8600 GateEnt: nan GateDiv: nan
Epoch [63/1000] Total Loss: 48.3452
Epoch [64/1000] Step [0/8] Loss: 5.9996 Bio: 0.8749 GateEnt: nan GateDiv: nan
Epoch [64/1000] Total Loss: 48.4324
Epoch [65/1000] Step [0/8] Loss: 6.1033 Bio: 0.9401 GateEnt: nan GateDiv: nan
Epoch [65/1000] Total Loss: 47.7973
Epoch [66/1000] Step [0/8] Loss: 5.9232 Bio: 0.9520 GateEnt: nan GateDiv: nan
Epoch [66/1000] Total Loss: 47.9476
Epoch [67/1000] Step [0/8] Loss: 6.1209 Bio: 1.0292 GateEnt: nan GateDiv: nan
Epoch [67/1000] Total Loss: 48.3767
Epoch [68/1000] Step [0/8] Loss: 5.9399 Bio: 0.9226 GateEnt: nan GateDiv: nan
Epoch [68/1000] Total Loss: 48.6097
Epoch [69/1000] Step [0/8] Loss: 5.9585 Bio: 1.0396 GateEnt: nan GateDiv: nan
Epoch [69/1000] Total Loss: 48.5640
Epoch [70/1000] Step [0/8] Loss: 5.8063 Bio: 0.8339 GateEnt: nan GateDiv: nan
Epoch [70/1000] Total Loss: 48.1699
Epoch [71/1000] Step [0/8] Loss: 6.0727 Bio: 0.9788 GateEnt: nan GateDiv: nan
Epoch [71/1000] Total Loss: 48.1455
Epoch [72/1000] Step [0/8] Loss: 5.8713 Bio: 0.9599 GateEnt: nan GateDiv: nan
Epoch [72/1000] Total Loss: 47.3694
Epoch [73/1000] Step [0/8] Loss: 5.8806 Bio: 0.9821 GateEnt: nan GateDiv: nan
Epoch [73/1000] Total Loss: 48.2876
Epoch [74/1000] Step [0/8] Loss: 6.0198 Bio: 1.0235 GateEnt: nan GateDiv: nan
Epoch [74/1000] Total Loss: 47.6686
Epoch [75/1000] Step [0/8] Loss: 6.0494 Bio: 0.9498 GateEnt: nan GateDiv: nan
Epoch [75/1000] Total Loss: 48.0646
Epoch [76/1000] Step [0/8] Loss: 5.8661 Bio: 0.9716 GateEnt: nan GateDiv: nan
Epoch [76/1000] Total Loss: 47.9454
Epoch [77/1000] Step [0/8] Loss: 6.1894 Bio: 0.8797 GateEnt: nan GateDiv: nan
Epoch [77/1000] Total Loss: 47.9765
Epoch [78/1000] Step [0/8] Loss: 5.7829 Bio: 0.8019 GateEnt: nan GateDiv: nan
Epoch [78/1000] Total Loss: 48.2343
Epoch [79/1000] Step [0/8] Loss: 6.0466 Bio: 0.9710 GateEnt: nan GateDiv: nan
Epoch [79/1000] Total Loss: 47.6443
Epoch [80/1000] Step [0/8] Loss: 6.0556 Bio: 0.8610 GateEnt: nan GateDiv: nan
Epoch [80/1000] Total Loss: 47.4775
Epoch [81/1000] Step [0/8] Loss: 6.0543 Bio: 0.8649 GateEnt: nan GateDiv: nan
Epoch [81/1000] Total Loss: 47.3959
Epoch [82/1000] Step [0/8] Loss: 5.8177 Bio: 0.7848 GateEnt: nan GateDiv: nan
Epoch [82/1000] Total Loss: 47.1472
Epoch [83/1000] Step [0/8] Loss: 6.0732 Bio: 0.8675 GateEnt: nan GateDiv: nan
Epoch [83/1000] Total Loss: 48.3016
Epoch [84/1000] Step [0/8] Loss: 6.2286 Bio: 0.9635 GateEnt: nan GateDiv: nan
Epoch [84/1000] Total Loss: 47.3750
Epoch [85/1000] Step [0/8] Loss: 5.7605 Bio: 1.0231 GateEnt: nan GateDiv: nan
Epoch [85/1000] Total Loss: 47.2881
Epoch [86/1000] Step [0/8] Loss: 6.1000 Bio: 0.7988 GateEnt: nan GateDiv: nan
Epoch [86/1000] Total Loss: 47.9811
Epoch [87/1000] Step [0/8] Loss: 5.9901 Bio: 1.0119 GateEnt: nan GateDiv: nan
Epoch [87/1000] Total Loss: 47.6416
Epoch [88/1000] Step [0/8] Loss: 6.1167 Bio: 0.8227 GateEnt: nan GateDiv: nan
Epoch [88/1000] Total Loss: 48.0742
Epoch [89/1000] Step [0/8] Loss: 5.9361 Bio: 0.7743 GateEnt: nan GateDiv: nan
Epoch [89/1000] Total Loss: 47.2829
Epoch [90/1000] Step [0/8] Loss: 5.8511 Bio: 0.8584 GateEnt: nan GateDiv: nan
Epoch [90/1000] Total Loss: 47.8632
Epoch [91/1000] Step [0/8] Loss: 5.8221 Bio: 1.0128 GateEnt: nan GateDiv: nan
Epoch [91/1000] Total Loss: 46.6880
Epoch [92/1000] Step [0/8] Loss: 5.9930 Bio: 0.9922 GateEnt: nan GateDiv: nan
Epoch [92/1000] Total Loss: 47.4790
Epoch [93/1000] Step [0/8] Loss: 5.9338 Bio: 0.8501 GateEnt: nan GateDiv: nan
Epoch [93/1000] Total Loss: 47.2344
Epoch [94/1000] Step [0/8] Loss: 5.9068 Bio: 0.9830 GateEnt: nan GateDiv: nan
Epoch [94/1000] Total Loss: 47.6841
Epoch [95/1000] Step [0/8] Loss: 5.8534 Bio: 0.9423 GateEnt: nan GateDiv: nan
Epoch [95/1000] Total Loss: 47.4437
Epoch [96/1000] Step [0/8] Loss: 5.8253 Bio: 0.8006 GateEnt: nan GateDiv: nan
Epoch [96/1000] Total Loss: 46.8854
Epoch [97/1000] Step [0/8] Loss: 5.9094 Bio: 0.9258 GateEnt: nan GateDiv: nan
Epoch [97/1000] Total Loss: 47.0227
Epoch [98/1000] Step [0/8] Loss: 5.7521 Bio: 0.9080 GateEnt: nan GateDiv: nan
Epoch [98/1000] Total Loss: 47.6630
Epoch [99/1000] Step [0/8] Loss: 5.8819 Bio: 0.8898 GateEnt: nan GateDiv: nan
Epoch [99/1000] Total Loss: 46.5826
Epoch [100/1000] Step [0/8] Loss: 5.7743 Bio: 0.7292 GateEnt: nan GateDiv: nan
Epoch [100/1000] Total Loss: 46.9043
Epoch [101/1000] Step [0/8] Loss: 5.8551 Bio: 1.0462 GateEnt: nan GateDiv: nan
Epoch [101/1000] Total Loss: 47.2480
Epoch [102/1000] Step [0/8] Loss: 5.7367 Bio: 0.8103 GateEnt: nan GateDiv: nan
Epoch [102/1000] Total Loss: 47.4261
Epoch [103/1000] Step [0/8] Loss: 5.8312 Bio: 0.8579 GateEnt: nan GateDiv: nan
Epoch [103/1000] Total Loss: 47.3555
Epoch [104/1000] Step [0/8] Loss: 6.0185 Bio: 0.9082 GateEnt: nan GateDiv: nan
Epoch [104/1000] Total Loss: 47.7146
Epoch [105/1000] Step [0/8] Loss: 5.9243 Bio: 0.9440 GateEnt: nan GateDiv: nan
Epoch [105/1000] Total Loss: 47.5461
Epoch [106/1000] Step [0/8] Loss: 5.7751 Bio: 0.7923 GateEnt: nan GateDiv: nan
Epoch [106/1000] Total Loss: 47.6555
Epoch [107/1000] Step [0/8] Loss: 5.8618 Bio: 0.8959 GateEnt: nan GateDiv: nan
Epoch [107/1000] Total Loss: 47.7270
Epoch [108/1000] Step [0/8] Loss: 5.8777 Bio: 1.0221 GateEnt: nan GateDiv: nan
Epoch [108/1000] Total Loss: 47.8570
Epoch [109/1000] Step [0/8] Loss: 5.8825 Bio: 0.9371 GateEnt: nan GateDiv: nan
Epoch [109/1000] Total Loss: 47.6492
Epoch [110/1000] Step [0/8] Loss: 5.8600 Bio: 0.8697 GateEnt: nan GateDiv: nan
Epoch [110/1000] Total Loss: 47.6035
Epoch [111/1000] Step [0/8] Loss: 6.1075 Bio: 0.8461 GateEnt: nan GateDiv: nan
Epoch [111/1000] Total Loss: 46.8343
Epoch [112/1000] Step [0/8] Loss: 5.9841 Bio: 0.9670 GateEnt: nan GateDiv: nan
Epoch [112/1000] Total Loss: 46.8216
Epoch [113/1000] Step [0/8] Loss: 6.0722 Bio: 0.8963 GateEnt: nan GateDiv: nan
Epoch [113/1000] Total Loss: 48.0404
Epoch [114/1000] Step [0/8] Loss: 5.6699 Bio: 0.8959 GateEnt: nan GateDiv: nan
Epoch [114/1000] Total Loss: 46.8235
Epoch [115/1000] Step [0/8] Loss: 5.8099 Bio: 0.8937 GateEnt: nan GateDiv: nan
Epoch [115/1000] Total Loss: 47.0578
Epoch [116/1000] Step [0/8] Loss: 5.8775 Bio: 0.8753 GateEnt: nan GateDiv: nan
Epoch [116/1000] Total Loss: 47.1981
Epoch [117/1000] Step [0/8] Loss: 5.9036 Bio: 0.8905 GateEnt: nan GateDiv: nan
Epoch [117/1000] Total Loss: 47.7979
Epoch [118/1000] Step [0/8] Loss: 5.8903 Bio: 0.8434 GateEnt: nan GateDiv: nan
Epoch [118/1000] Total Loss: 47.3527
Epoch [119/1000] Step [0/8] Loss: 5.9671 Bio: 0.9040 GateEnt: nan GateDiv: nan
Epoch [119/1000] Total Loss: 46.6291
Epoch [120/1000] Step [0/8] Loss: 5.7536 Bio: 0.9243 GateEnt: nan GateDiv: nan
Epoch [120/1000] Total Loss: 46.9221
Epoch [121/1000] Step [0/8] Loss: 6.0894 Bio: 0.7531 GateEnt: nan GateDiv: nan
Epoch [121/1000] Total Loss: 47.3422
Epoch [122/1000] Step [0/8] Loss: 5.8770 Bio: 1.0179 GateEnt: nan GateDiv: nan
Epoch [122/1000] Total Loss: 46.7836
Epoch [123/1000] Step [0/8] Loss: 6.0202 Bio: 0.9012 GateEnt: nan GateDiv: nan
Epoch [123/1000] Total Loss: 47.3694
Epoch [124/1000] Step [0/8] Loss: 5.8687 Bio: 1.0616 GateEnt: nan GateDiv: nan
Epoch [124/1000] Total Loss: 46.9404
Epoch [125/1000] Step [0/8] Loss: 5.8332 Bio: 0.9296 GateEnt: nan GateDiv: nan
Epoch [125/1000] Total Loss: 47.4618
Epoch [126/1000] Step [0/8] Loss: 5.8202 Bio: 0.8298 GateEnt: nan GateDiv: nan
Epoch [126/1000] Total Loss: 48.1760
Epoch [127/1000] Step [0/8] Loss: 5.9161 Bio: 1.0284 GateEnt: nan GateDiv: nan
Epoch [127/1000] Total Loss: 47.3864
Epoch [128/1000] Step [0/8] Loss: 5.9345 Bio: 0.8685 GateEnt: nan GateDiv: nan
Epoch [128/1000] Total Loss: 46.8997
Epoch [129/1000] Step [0/8] Loss: 5.7839 Bio: 0.8914 GateEnt: nan GateDiv: nan
Epoch [129/1000] Total Loss: 47.6241
Epoch [130/1000] Step [0/8] Loss: 5.8496 Bio: 0.9039 GateEnt: nan GateDiv: nan
Epoch [130/1000] Total Loss: 47.0820
Epoch [131/1000] Step [0/8] Loss: 5.9188 Bio: 0.9298 GateEnt: nan GateDiv: nan
Epoch [131/1000] Total Loss: 46.9251
Epoch [132/1000] Step [0/8] Loss: 5.7994 Bio: 1.0063 GateEnt: nan GateDiv: nan
Epoch [132/1000] Total Loss: 47.5207
Epoch [133/1000] Step [0/8] Loss: 5.7798 Bio: 0.9538 GateEnt: nan GateDiv: nan
Epoch [133/1000] Total Loss: 47.1205
Epoch [134/1000] Step [0/8] Loss: 5.7894 Bio: 0.8237 GateEnt: nan GateDiv: nan
Epoch [134/1000] Total Loss: 46.8747
Epoch [135/1000] Step [0/8] Loss: 6.0080 Bio: 0.8415 GateEnt: nan GateDiv: nan
Epoch [135/1000] Total Loss: 46.8491
Epoch [136/1000] Step [0/8] Loss: 6.0038 Bio: 0.7626 GateEnt: nan GateDiv: nan
Epoch [136/1000] Total Loss: 47.2781
Epoch [137/1000] Step [0/8] Loss: 5.8949 Bio: 0.9267 GateEnt: nan GateDiv: nan
Epoch [137/1000] Total Loss: 46.6321
Epoch [138/1000] Step [0/8] Loss: 5.9875 Bio: 0.8968 GateEnt: nan GateDiv: nan
Epoch [138/1000] Total Loss: 47.3601
Epoch [139/1000] Step [0/8] Loss: 5.9033 Bio: 0.9681 GateEnt: nan GateDiv: nan
Epoch [139/1000] Total Loss: 47.3188
Epoch [140/1000] Step [0/8] Loss: 5.9687 Bio: 1.0328 GateEnt: nan GateDiv: nan
Epoch [140/1000] Total Loss: 47.2202
Epoch [141/1000] Step [0/8] Loss: 5.9723 Bio: 0.8822 GateEnt: nan GateDiv: nan
Epoch [141/1000] Total Loss: 47.5118
Epoch [142/1000] Step [0/8] Loss: 5.7717 Bio: 1.0414 GateEnt: nan GateDiv: nan
Epoch [142/1000] Total Loss: 46.4554
Epoch [143/1000] Step [0/8] Loss: 5.7449 Bio: 0.8925 GateEnt: nan GateDiv: nan
Epoch [143/1000] Total Loss: 46.2813
Epoch [144/1000] Step [0/8] Loss: 5.7393 Bio: 0.7293 GateEnt: nan GateDiv: nan
Epoch [144/1000] Total Loss: 46.8490
Epoch [145/1000] Step [0/8] Loss: 5.7020 Bio: 0.9036 GateEnt: nan GateDiv: nan
Epoch [145/1000] Total Loss: 47.2131
Epoch [146/1000] Step [0/8] Loss: 5.8152 Bio: 0.8313 GateEnt: nan GateDiv: nan
Epoch [146/1000] Total Loss: 45.9055
Epoch [147/1000] Step [0/8] Loss: 6.0583 Bio: 0.9504 GateEnt: nan GateDiv: nan
Epoch [147/1000] Total Loss: 46.6722
Epoch [148/1000] Step [0/8] Loss: 6.0901 Bio: 0.8460 GateEnt: nan GateDiv: nan
Epoch [148/1000] Total Loss: 47.2129
Epoch [149/1000] Step [0/8] Loss: 5.9748 Bio: 0.8967 GateEnt: nan GateDiv: nan
Epoch [149/1000] Total Loss: 46.5566
Epoch [150/1000] Step [0/8] Loss: 5.7866 Bio: 0.8419 GateEnt: nan GateDiv: nan
Epoch [150/1000] Total Loss: 46.8909
Epoch [151/1000] Step [0/8] Loss: 5.6747 Bio: 0.9042 GateEnt: nan GateDiv: nan
Epoch [151/1000] Total Loss: 46.1126
Epoch [152/1000] Step [0/8] Loss: 5.8859 Bio: 0.9025 GateEnt: nan GateDiv: nan
Epoch [152/1000] Total Loss: 47.1168
Epoch [153/1000] Step [0/8] Loss: 6.0785 Bio: 0.8467 GateEnt: nan GateDiv: nan
Epoch [153/1000] Total Loss: 46.4167
Epoch [154/1000] Step [0/8] Loss: 5.6842 Bio: 0.8964 GateEnt: nan GateDiv: nan
Epoch [154/1000] Total Loss: 46.4525
Epoch [155/1000] Step [0/8] Loss: 5.7642 Bio: 0.8323 GateEnt: nan GateDiv: nan
Epoch [155/1000] Total Loss: 46.2534
Epoch [156/1000] Step [0/8] Loss: 5.6485 Bio: 0.8657 GateEnt: nan GateDiv: nan
Epoch [156/1000] Total Loss: 45.6651
Epoch [157/1000] Step [0/8] Loss: 5.8163 Bio: 0.8690 GateEnt: nan GateDiv: nan
Epoch [157/1000] Total Loss: 46.0243
Epoch [158/1000] Step [0/8] Loss: 5.8600 Bio: 0.8689 GateEnt: nan GateDiv: nan
Epoch [158/1000] Total Loss: 46.0814
Epoch [159/1000] Step [0/8] Loss: 5.9236 Bio: 0.8010 GateEnt: nan GateDiv: nan
Epoch [159/1000] Total Loss: 46.4912
Epoch [160/1000] Step [0/8] Loss: 5.7714 Bio: 0.8583 GateEnt: nan GateDiv: nan
Epoch [160/1000] Total Loss: 46.9062
Epoch [161/1000] Step [0/8] Loss: 6.4137 Bio: 0.9362 GateEnt: nan GateDiv: nan
Epoch [161/1000] Total Loss: 46.7573
Epoch [162/1000] Step [0/8] Loss: 5.7260 Bio: 0.7512 GateEnt: nan GateDiv: nan
Epoch [162/1000] Total Loss: 45.8950
Epoch [163/1000] Step [0/8] Loss: 5.9983 Bio: 0.8932 GateEnt: nan GateDiv: nan
Epoch [163/1000] Total Loss: 46.0487
Epoch [164/1000] Step [0/8] Loss: 5.6276 Bio: 0.8854 GateEnt: nan GateDiv: nan
Epoch [164/1000] Total Loss: 46.2887
Epoch [165/1000] Step [0/8] Loss: 5.8632 Bio: 1.0288 GateEnt: nan GateDiv: nan
Epoch [165/1000] Total Loss: 46.0805
Epoch [166/1000] Step [0/8] Loss: 5.6092 Bio: 0.9288 GateEnt: nan GateDiv: nan
Epoch [166/1000] Total Loss: 46.4646
Epoch [167/1000] Step [0/8] Loss: 5.6109 Bio: 0.8968 GateEnt: nan GateDiv: nan
Epoch [167/1000] Total Loss: 46.1633
Epoch [168/1000] Step [0/8] Loss: 5.6766 Bio: 0.7471 GateEnt: nan GateDiv: nan
Epoch [168/1000] Total Loss: 45.9698
Epoch [169/1000] Step [0/8] Loss: 5.5222 Bio: 0.9831 GateEnt: nan GateDiv: nan
Epoch [169/1000] Total Loss: 45.7622
Epoch [170/1000] Step [0/8] Loss: 5.7645 Bio: 0.8270 GateEnt: nan GateDiv: nan
Epoch [170/1000] Total Loss: 46.1444
Epoch [171/1000] Step [0/8] Loss: 5.5211 Bio: 0.9355 GateEnt: nan GateDiv: nan
Epoch [171/1000] Total Loss: 45.4574
Epoch [172/1000] Step [0/8] Loss: 5.8395 Bio: 0.7918 GateEnt: nan GateDiv: nan
Epoch [172/1000] Total Loss: 45.5013
Epoch [173/1000] Step [0/8] Loss: 5.6289 Bio: 0.9338 GateEnt: nan GateDiv: nan
Epoch [173/1000] Total Loss: 45.7252
Epoch [174/1000] Step [0/8] Loss: 5.9176 Bio: 1.0915 GateEnt: nan GateDiv: nan
Epoch [174/1000] Total Loss: 45.7251
Epoch [175/1000] Step [0/8] Loss: 5.6367 Bio: 0.9215 GateEnt: nan GateDiv: nan
Epoch [175/1000] Total Loss: 46.7214
Epoch [176/1000] Step [0/8] Loss: 5.7300 Bio: 1.0223 GateEnt: nan GateDiv: nan
Epoch [176/1000] Total Loss: 45.6937
Epoch [177/1000] Step [0/8] Loss: 5.6084 Bio: 0.9948 GateEnt: nan GateDiv: nan
Epoch [177/1000] Total Loss: 45.4149
Epoch [178/1000] Step [0/8] Loss: 5.8590 Bio: 0.9994 GateEnt: nan GateDiv: nan
Epoch [178/1000] Total Loss: 46.1157
Epoch [179/1000] Step [0/8] Loss: 5.7599 Bio: 0.8461 GateEnt: nan GateDiv: nan
Epoch [179/1000] Total Loss: 45.7539
Epoch [180/1000] Step [0/8] Loss: 6.0590 Bio: 0.7969 GateEnt: nan GateDiv: nan
Epoch [180/1000] Total Loss: 45.7362
Epoch [181/1000] Step [0/8] Loss: 5.5787 Bio: 0.9149 GateEnt: nan GateDiv: nan
Epoch [181/1000] Total Loss: 45.5160
Epoch [182/1000] Step [0/8] Loss: 5.5996 Bio: 0.9707 GateEnt: nan GateDiv: nan
Epoch [182/1000] Total Loss: 44.7695
Epoch [183/1000] Step [0/8] Loss: 5.8543 Bio: 0.9219 GateEnt: nan GateDiv: nan
Epoch [183/1000] Total Loss: 45.0748
Epoch [184/1000] Step [0/8] Loss: 5.6488 Bio: 0.7962 GateEnt: nan GateDiv: nan
Epoch [184/1000] Total Loss: 45.1368
Epoch [185/1000] Step [0/8] Loss: 5.8147 Bio: 0.7827 GateEnt: nan GateDiv: nan
Epoch [185/1000] Total Loss: 45.7395
Epoch [186/1000] Step [0/8] Loss: 5.5264 Bio: 0.8854 GateEnt: nan GateDiv: nan
Epoch [186/1000] Total Loss: 45.6982
Epoch [187/1000] Step [0/8] Loss: 5.6638 Bio: 0.9814 GateEnt: nan GateDiv: nan
Epoch [187/1000] Total Loss: 45.4419
Epoch [188/1000] Step [0/8] Loss: 5.4783 Bio: 0.8932 GateEnt: nan GateDiv: nan
Epoch [188/1000] Total Loss: 45.6588
Epoch [189/1000] Step [0/8] Loss: 5.4312 Bio: 0.7865 GateEnt: nan GateDiv: nan
Epoch [189/1000] Total Loss: 44.8319
Epoch [190/1000] Step [0/8] Loss: 6.0160 Bio: 0.9450 GateEnt: nan GateDiv: nan
Epoch [190/1000] Total Loss: 45.9032
Epoch [191/1000] Step [0/8] Loss: 5.7811 Bio: 0.8708 GateEnt: nan GateDiv: nan
Epoch [191/1000] Total Loss: 45.4740
Epoch [192/1000] Step [0/8] Loss: 5.7644 Bio: 0.8249 GateEnt: nan GateDiv: nan
Epoch [192/1000] Total Loss: 44.8161
Epoch [193/1000] Step [0/8] Loss: 5.6041 Bio: 0.8386 GateEnt: nan GateDiv: nan
Epoch [193/1000] Total Loss: 45.3829
Epoch [194/1000] Step [0/8] Loss: 5.7410 Bio: 0.9770 GateEnt: nan GateDiv: nan
Epoch [194/1000] Total Loss: 45.6869
Epoch [195/1000] Step [0/8] Loss: 5.6615 Bio: 0.7849 GateEnt: nan GateDiv: nan
Epoch [195/1000] Total Loss: 44.9413
Epoch [196/1000] Step [0/8] Loss: 5.7578 Bio: 0.9167 GateEnt: nan GateDiv: nan
Epoch [196/1000] Total Loss: 45.2622
Epoch [197/1000] Step [0/8] Loss: 5.6157 Bio: 0.8913 GateEnt: nan GateDiv: nan
Epoch [197/1000] Total Loss: 44.7413
Epoch [198/1000] Step [0/8] Loss: 5.7107 Bio: 0.8542 GateEnt: nan GateDiv: nan
Epoch [198/1000] Total Loss: 44.9978
Epoch [199/1000] Step [0/8] Loss: 5.6463 Bio: 0.8348 GateEnt: nan GateDiv: nan
Epoch [199/1000] Total Loss: 44.9449
Epoch [200/1000] Step [0/8] Loss: 6.0011 Bio: 0.7321 GateEnt: nan GateDiv: nan
Epoch [200/1000] Total Loss: 45.5734
Epoch [201/1000] Step [0/8] Loss: 5.8423 Bio: 0.9201 GateEnt: nan GateDiv: nan
Epoch [201/1000] Total Loss: 45.2278
Epoch [202/1000] Step [0/8] Loss: 5.6986 Bio: 0.9496 GateEnt: nan GateDiv: nan
Epoch [202/1000] Total Loss: 44.8861
Epoch [203/1000] Step [0/8] Loss: 5.9444 Bio: 0.9728 GateEnt: nan GateDiv: nan
Epoch [203/1000] Total Loss: 45.1001
Epoch [204/1000] Step [0/8] Loss: 5.4460 Bio: 0.8063 GateEnt: nan GateDiv: nan
Epoch [204/1000] Total Loss: 44.8264
Epoch [205/1000] Step [0/8] Loss: 5.5666 Bio: 0.9277 GateEnt: nan GateDiv: nan
Epoch [205/1000] Total Loss: 45.2568
Epoch [206/1000] Step [0/8] Loss: 5.5649 Bio: 1.0128 GateEnt: nan GateDiv: nan
Epoch [206/1000] Total Loss: 45.0525
Epoch [207/1000] Step [0/8] Loss: 5.7781 Bio: 0.8997 GateEnt: nan GateDiv: nan
Epoch [207/1000] Total Loss: 45.2620
Epoch [208/1000] Step [0/8] Loss: 5.6898 Bio: 1.0008 GateEnt: nan GateDiv: nan
Epoch [208/1000] Total Loss: 44.7682
Epoch [209/1000] Step [0/8] Loss: 5.6258 Bio: 0.9039 GateEnt: nan GateDiv: nan
Epoch [209/1000] Total Loss: 44.5049
Epoch [210/1000] Step [0/8] Loss: 5.6446 Bio: 0.9530 GateEnt: nan GateDiv: nan
Epoch [210/1000] Total Loss: 45.0270
Epoch [211/1000] Step [0/8] Loss: 5.6286 Bio: 0.8729 GateEnt: nan GateDiv: nan
Epoch [211/1000] Total Loss: 44.9280
Epoch [212/1000] Step [0/8] Loss: 5.6006 Bio: 0.9053 GateEnt: nan GateDiv: nan
Epoch [212/1000] Total Loss: 44.5872
Epoch [213/1000] Step [0/8] Loss: 5.6015 Bio: 0.9369 GateEnt: nan GateDiv: nan
Epoch [213/1000] Total Loss: 44.9127
Epoch [214/1000] Step [0/8] Loss: 5.5323 Bio: 0.8622 GateEnt: nan GateDiv: nan
Epoch [214/1000] Total Loss: 44.7525
Epoch [215/1000] Step [0/8] Loss: 5.5027 Bio: 0.9852 GateEnt: nan GateDiv: nan
Epoch [215/1000] Total Loss: 44.3446
Epoch [216/1000] Step [0/8] Loss: 5.6245 Bio: 0.9308 GateEnt: nan GateDiv: nan
Epoch [216/1000] Total Loss: 45.7759
Epoch [217/1000] Step [0/8] Loss: 5.5266 Bio: 0.8506 GateEnt: nan GateDiv: nan
Epoch [217/1000] Total Loss: 44.1405
Epoch [218/1000] Step [0/8] Loss: 5.3420 Bio: 0.7850 GateEnt: nan GateDiv: nan
Epoch [218/1000] Total Loss: 44.0841
Epoch [219/1000] Step [0/8] Loss: 5.6246 Bio: 0.8488 GateEnt: nan GateDiv: nan
Epoch [219/1000] Total Loss: 44.7158
Epoch [220/1000] Step [0/8] Loss: 5.5138 Bio: 0.9280 GateEnt: nan GateDiv: nan
Epoch [220/1000] Total Loss: 44.6066
Epoch [221/1000] Step [0/8] Loss: 5.6086 Bio: 0.9823 GateEnt: nan GateDiv: nan
Epoch [221/1000] Total Loss: 45.0963
Epoch [222/1000] Step [0/8] Loss: 5.4885 Bio: 0.9013 GateEnt: nan GateDiv: nan
Epoch [222/1000] Total Loss: 44.6577
Epoch [223/1000] Step [0/8] Loss: 5.6659 Bio: 0.8284 GateEnt: nan GateDiv: nan
Epoch [223/1000] Total Loss: 44.9515
Epoch [224/1000] Step [0/8] Loss: 5.6473 Bio: 0.9848 GateEnt: nan GateDiv: nan
Epoch [224/1000] Total Loss: 45.0026
Epoch [225/1000] Step [0/8] Loss: 5.6129 Bio: 0.9799 GateEnt: nan GateDiv: nan
Epoch [225/1000] Total Loss: 44.4911
Epoch [226/1000] Step [0/8] Loss: 5.4480 Bio: 0.8957 GateEnt: nan GateDiv: nan
Epoch [226/1000] Total Loss: 44.7323
Epoch [227/1000] Step [0/8] Loss: 5.6808 Bio: 0.8915 GateEnt: nan GateDiv: nan
Epoch [227/1000] Total Loss: 44.7698
Epoch [228/1000] Step [0/8] Loss: 5.2555 Bio: 1.0056 GateEnt: nan GateDiv: nan
Epoch [228/1000] Total Loss: 44.3971
Epoch [229/1000] Step [0/8] Loss: 5.8380 Bio: 0.8926 GateEnt: nan GateDiv: nan
Epoch [229/1000] Total Loss: 45.0548
Epoch [230/1000] Step [0/8] Loss: 5.5713 Bio: 0.9370 GateEnt: nan GateDiv: nan
Epoch [230/1000] Total Loss: 44.8881
Epoch [231/1000] Step [0/8] Loss: 5.5850 Bio: 1.0536 GateEnt: nan GateDiv: nan
Epoch [231/1000] Total Loss: 44.4057
Epoch [232/1000] Step [0/8] Loss: 5.5796 Bio: 0.8954 GateEnt: nan GateDiv: nan
Epoch [232/1000] Total Loss: 44.5324
Epoch [233/1000] Step [0/8] Loss: 5.7152 Bio: 1.0255 GateEnt: nan GateDiv: nan
Epoch [233/1000] Total Loss: 44.1131
Epoch [234/1000] Step [0/8] Loss: 5.4551 Bio: 0.8763 GateEnt: nan GateDiv: nan
Epoch [234/1000] Total Loss: 44.7198
Epoch [235/1000] Step [0/8] Loss: 5.3627 Bio: 0.8737 GateEnt: nan GateDiv: nan
Epoch [235/1000] Total Loss: 44.7529
Epoch [236/1000] Step [0/8] Loss: 5.7168 Bio: 0.8789 GateEnt: nan GateDiv: nan
Epoch [236/1000] Total Loss: 44.6226
Epoch [237/1000] Step [0/8] Loss: 5.4615 Bio: 0.7815 GateEnt: nan GateDiv: nan
Epoch [237/1000] Total Loss: 44.1592
Epoch [238/1000] Step [0/8] Loss: 5.6741 Bio: 0.9169 GateEnt: nan GateDiv: nan
Epoch [238/1000] Total Loss: 44.2377
Epoch [239/1000] Step [0/8] Loss: 5.5510 Bio: 0.8482 GateEnt: nan GateDiv: nan
Epoch [239/1000] Total Loss: 44.6848
Epoch [240/1000] Step [0/8] Loss: 5.5196 Bio: 0.9155 GateEnt: nan GateDiv: nan
Epoch [240/1000] Total Loss: 45.0770
Epoch [241/1000] Step [0/8] Loss: 5.6180 Bio: 0.8899 GateEnt: nan GateDiv: nan
Epoch [241/1000] Total Loss: 44.5243
Epoch [242/1000] Step [0/8] Loss: 5.4502 Bio: 0.9753 GateEnt: nan GateDiv: nan
Epoch [242/1000] Total Loss: 44.7788
Epoch [243/1000] Step [0/8] Loss: 5.5335 Bio: 0.8202 GateEnt: nan GateDiv: nan
Epoch [243/1000] Total Loss: 44.8561
Epoch [244/1000] Step [0/8] Loss: 5.4113 Bio: 0.9290 GateEnt: nan GateDiv: nan
Epoch [244/1000] Total Loss: 44.4404
Epoch [245/1000] Step [0/8] Loss: 5.6905 Bio: 0.8431 GateEnt: nan GateDiv: nan
Epoch [245/1000] Total Loss: 44.8450
Epoch [246/1000] Step [0/8] Loss: 5.4161 Bio: 0.8229 GateEnt: nan GateDiv: nan
Epoch [246/1000] Total Loss: 44.8039
Epoch [247/1000] Step [0/8] Loss: 5.6023 Bio: 0.9169 GateEnt: nan GateDiv: nan
Epoch [247/1000] Total Loss: 44.0230
Epoch [248/1000] Step [0/8] Loss: 5.6100 Bio: 0.8726 GateEnt: nan GateDiv: nan
Epoch [248/1000] Total Loss: 44.3277
Epoch [249/1000] Step [0/8] Loss: 5.7092 Bio: 0.9426 GateEnt: nan GateDiv: nan
Epoch [249/1000] Total Loss: 44.4539
Epoch [250/1000] Step [0/8] Loss: 5.6534 Bio: 0.9311 GateEnt: nan GateDiv: nan
Epoch [250/1000] Total Loss: 44.7480
Epoch [251/1000] Step [0/8] Loss: 5.5817 Bio: 0.9716 GateEnt: nan GateDiv: nan
Epoch [251/1000] Total Loss: 44.5367
Epoch [252/1000] Step [0/8] Loss: 5.4173 Bio: 0.8826 GateEnt: nan GateDiv: nan
Epoch [252/1000] Total Loss: 44.6712
Epoch [253/1000] Step [0/8] Loss: 5.8329 Bio: 1.0179 GateEnt: nan GateDiv: nan
Epoch [253/1000] Total Loss: 44.5627
Epoch [254/1000] Step [0/8] Loss: 5.5354 Bio: 0.9856 GateEnt: nan GateDiv: nan
Epoch [254/1000] Total Loss: 44.3949
Epoch [255/1000] Step [0/8] Loss: 5.6321 Bio: 0.9824 GateEnt: nan GateDiv: nan
Epoch [255/1000] Total Loss: 44.4991
Epoch [256/1000] Step [0/8] Loss: 5.8201 Bio: 0.8875 GateEnt: nan GateDiv: nan
Epoch [256/1000] Total Loss: 44.2993
Epoch [257/1000] Step [0/8] Loss: 5.5867 Bio: 0.8869 GateEnt: nan GateDiv: nan
Epoch [257/1000] Total Loss: 44.0624
Epoch [258/1000] Step [0/8] Loss: 5.4954 Bio: 0.9693 GateEnt: nan GateDiv: nan
Epoch [258/1000] Total Loss: 44.2504
Epoch [259/1000] Step [0/8] Loss: 5.5863 Bio: 1.0225 GateEnt: nan GateDiv: nan
Epoch [259/1000] Total Loss: 44.3005
Epoch [260/1000] Step [0/8] Loss: 5.4682 Bio: 0.9472 GateEnt: nan GateDiv: nan
Epoch [260/1000] Total Loss: 44.5512
Epoch [261/1000] Step [0/8] Loss: 5.6248 Bio: 0.8610 GateEnt: nan GateDiv: nan
Epoch [261/1000] Total Loss: 44.6117
Epoch [262/1000] Step [0/8] Loss: 5.4976 Bio: 0.7944 GateEnt: nan GateDiv: nan
Epoch [262/1000] Total Loss: 44.5377
Epoch [263/1000] Step [0/8] Loss: 5.4202 Bio: 0.9435 GateEnt: nan GateDiv: nan
Epoch [263/1000] Total Loss: 43.6634
Epoch [264/1000] Step [0/8] Loss: 5.4503 Bio: 0.8464 GateEnt: nan GateDiv: nan
Epoch [264/1000] Total Loss: 44.4240
Epoch [265/1000] Step [0/8] Loss: 5.6670 Bio: 0.7826 GateEnt: nan GateDiv: nan
Epoch [265/1000] Total Loss: 44.6445
Epoch [266/1000] Step [0/8] Loss: 5.5764 Bio: 0.8300 GateEnt: nan GateDiv: nan
Epoch [266/1000] Total Loss: 44.3524
Epoch [267/1000] Step [0/8] Loss: 5.4914 Bio: 0.8936 GateEnt: nan GateDiv: nan
Epoch [267/1000] Total Loss: 44.0912
Epoch [268/1000] Step [0/8] Loss: 5.5293 Bio: 0.7352 GateEnt: nan GateDiv: nan
Epoch [268/1000] Total Loss: 43.9865
Epoch [269/1000] Step [0/8] Loss: 5.6354 Bio: 0.8269 GateEnt: nan GateDiv: nan
Epoch [269/1000] Total Loss: 43.8485
Epoch [270/1000] Step [0/8] Loss: 5.4447 Bio: 0.9497 GateEnt: nan GateDiv: nan
Epoch [270/1000] Total Loss: 44.2202
Epoch [271/1000] Step [0/8] Loss: 5.6906 Bio: 0.9368 GateEnt: nan GateDiv: nan
Epoch [271/1000] Total Loss: 44.1473
Epoch [272/1000] Step [0/8] Loss: 5.5698 Bio: 0.8320 GateEnt: nan GateDiv: nan
Epoch [272/1000] Total Loss: 44.0480
Epoch [273/1000] Step [0/8] Loss: 5.3750 Bio: 0.9949 GateEnt: nan GateDiv: nan
Epoch [273/1000] Total Loss: 44.0234
Epoch [274/1000] Step [0/8] Loss: 5.3213 Bio: 0.9867 GateEnt: nan GateDiv: nan
Epoch [274/1000] Total Loss: 43.8599
Epoch [275/1000] Step [0/8] Loss: 5.6176 Bio: 0.8769 GateEnt: nan GateDiv: nan
Epoch [275/1000] Total Loss: 44.5441
Epoch [276/1000] Step [0/8] Loss: 5.6079 Bio: 0.7285 GateEnt: nan GateDiv: nan
Epoch [276/1000] Total Loss: 44.0069
Epoch [277/1000] Step [0/8] Loss: 5.5118 Bio: 0.8182 GateEnt: nan GateDiv: nan
Epoch [277/1000] Total Loss: 43.9064
Epoch [278/1000] Step [0/8] Loss: 5.6508 Bio: 0.8203 GateEnt: nan GateDiv: nan
Epoch [278/1000] Total Loss: 44.2780
Epoch [279/1000] Step [0/8] Loss: 5.3990 Bio: 0.8531 GateEnt: nan GateDiv: nan
Epoch [279/1000] Total Loss: 44.1926
Epoch [280/1000] Step [0/8] Loss: 5.3716 Bio: 0.8684 GateEnt: nan GateDiv: nan
Epoch [280/1000] Total Loss: 43.8121
Epoch [281/1000] Step [0/8] Loss: 5.5390 Bio: 1.0336 GateEnt: nan GateDiv: nan
Epoch [281/1000] Total Loss: 44.2484
Epoch [282/1000] Step [0/8] Loss: 5.5922 Bio: 0.7220 GateEnt: nan GateDiv: nan
Epoch [282/1000] Total Loss: 43.7554
Epoch [283/1000] Step [0/8] Loss: 5.5404 Bio: 1.0876 GateEnt: nan GateDiv: nan
Epoch [283/1000] Total Loss: 44.2793
Epoch [284/1000] Step [0/8] Loss: 5.4191 Bio: 0.8771 GateEnt: nan GateDiv: nan
Epoch [284/1000] Total Loss: 43.7143
Epoch [285/1000] Step [0/8] Loss: 5.5466 Bio: 0.9184 GateEnt: nan GateDiv: nan
Epoch [285/1000] Total Loss: 43.8878
Epoch [286/1000] Step [0/8] Loss: 5.5668 Bio: 0.9583 GateEnt: nan GateDiv: nan
Epoch [286/1000] Total Loss: 43.7619
Epoch [287/1000] Step [0/8] Loss: 5.5002 Bio: 0.7870 GateEnt: nan GateDiv: nan
Epoch [287/1000] Total Loss: 44.4999
Epoch [288/1000] Step [0/8] Loss: 5.5648 Bio: 0.8614 GateEnt: nan GateDiv: nan
Epoch [288/1000] Total Loss: 44.3629
Epoch [289/1000] Step [0/8] Loss: 5.5998 Bio: 0.9056 GateEnt: nan GateDiv: nan
Epoch [289/1000] Total Loss: 43.7916
Epoch [290/1000] Step [0/8] Loss: 5.3685 Bio: 0.8800 GateEnt: nan GateDiv: nan
Epoch [290/1000] Total Loss: 43.8204
Epoch [291/1000] Step [0/8] Loss: 5.5300 Bio: 0.9204 GateEnt: nan GateDiv: nan
Epoch [291/1000] Total Loss: 43.5995
Epoch [292/1000] Step [0/8] Loss: 5.5270 Bio: 0.7962 GateEnt: nan GateDiv: nan
Epoch [292/1000] Total Loss: 44.0975
Epoch [293/1000] Step [0/8] Loss: 5.3672 Bio: 0.9342 GateEnt: nan GateDiv: nan
Epoch [293/1000] Total Loss: 43.3576
Epoch [294/1000] Step [0/8] Loss: 5.6198 Bio: 0.9682 GateEnt: nan GateDiv: nan
Epoch [294/1000] Total Loss: 43.3754
Epoch [295/1000] Step [0/8] Loss: 5.4970 Bio: 0.9766 GateEnt: nan GateDiv: nan
Epoch [295/1000] Total Loss: 43.7156
Epoch [296/1000] Step [0/8] Loss: 5.5455 Bio: 0.7406 GateEnt: nan GateDiv: nan
Epoch [296/1000] Total Loss: 44.0141
Epoch [297/1000] Step [0/8] Loss: 5.5035 Bio: 0.8399 GateEnt: nan GateDiv: nan
Epoch [297/1000] Total Loss: 44.0242
Epoch [298/1000] Step [0/8] Loss: 5.3836 Bio: 0.8066 GateEnt: nan GateDiv: nan
Epoch [298/1000] Total Loss: 43.7389
Epoch [299/1000] Step [0/8] Loss: 5.3907 Bio: 0.8238 GateEnt: nan GateDiv: nan
Epoch [299/1000] Total Loss: 43.2434
Epoch [300/1000] Step [0/8] Loss: 5.3450 Bio: 0.8774 GateEnt: nan GateDiv: nan
Epoch [300/1000] Total Loss: 43.9277
Epoch [301/1000] Step [0/8] Loss: 5.4200 Bio: 0.9164 GateEnt: nan GateDiv: nan
Epoch [301/1000] Total Loss: 44.0677
Epoch [302/1000] Step [0/8] Loss: 5.4240 Bio: 0.9678 GateEnt: nan GateDiv: nan
Epoch [302/1000] Total Loss: 44.0271
Epoch [303/1000] Step [0/8] Loss: 5.3548 Bio: 0.8782 GateEnt: nan GateDiv: nan
Epoch [303/1000] Total Loss: 43.4139
Epoch [304/1000] Step [0/8] Loss: 5.3905 Bio: 0.8299 GateEnt: nan GateDiv: nan
Epoch [304/1000] Total Loss: 43.9693
Epoch [305/1000] Step [0/8] Loss: 5.4882 Bio: 0.7484 GateEnt: nan GateDiv: nan
Epoch [305/1000] Total Loss: 43.3545
Epoch [306/1000] Step [0/8] Loss: 5.2790 Bio: 0.8780 GateEnt: nan GateDiv: nan
Epoch [306/1000] Total Loss: 43.4240
Epoch [307/1000] Step [0/8] Loss: 5.4734 Bio: 0.9029 GateEnt: nan GateDiv: nan
Epoch [307/1000] Total Loss: 44.0894
Epoch [308/1000] Step [0/8] Loss: 5.5321 Bio: 0.9095 GateEnt: nan GateDiv: nan
Epoch [308/1000] Total Loss: 43.7853
Epoch [309/1000] Step [0/8] Loss: 5.6496 Bio: 0.9635 GateEnt: nan GateDiv: nan
Epoch [309/1000] Total Loss: 43.6389
Epoch [310/1000] Step [0/8] Loss: 5.4687 Bio: 1.0228 GateEnt: nan GateDiv: nan
Epoch [310/1000] Total Loss: 43.8483
Epoch [311/1000] Step [0/8] Loss: 5.3770 Bio: 0.9645 GateEnt: nan GateDiv: nan
Epoch [311/1000] Total Loss: 43.5269
Epoch [312/1000] Step [0/8] Loss: 5.4018 Bio: 0.8219 GateEnt: nan GateDiv: nan
Epoch [312/1000] Total Loss: 43.4094
Epoch [313/1000] Step [0/8] Loss: 5.3574 Bio: 0.8589 GateEnt: nan GateDiv: nan
Epoch [313/1000] Total Loss: 43.1878
Epoch [314/1000] Step [0/8] Loss: 5.3863 Bio: 0.8011 GateEnt: nan GateDiv: nan
Epoch [314/1000] Total Loss: 44.1057
Epoch [315/1000] Step [0/8] Loss: 5.4176 Bio: 0.9341 GateEnt: nan GateDiv: nan
Epoch [315/1000] Total Loss: 44.1657
Epoch [316/1000] Step [0/8] Loss: 5.4722 Bio: 1.0721 GateEnt: nan GateDiv: nan
Epoch [316/1000] Total Loss: 43.3458
Epoch [317/1000] Step [0/8] Loss: 5.3759 Bio: 0.9831 GateEnt: nan GateDiv: nan
Epoch [317/1000] Total Loss: 43.7838
Epoch [318/1000] Step [0/8] Loss: 5.5475 Bio: 0.9744 GateEnt: nan GateDiv: nan
Epoch [318/1000] Total Loss: 43.5069
Epoch [319/1000] Step [0/8] Loss: 5.6758 Bio: 0.7880 GateEnt: nan GateDiv: nan
Epoch [319/1000] Total Loss: 43.4723
Epoch [320/1000] Step [0/8] Loss: 5.6630 Bio: 0.8689 GateEnt: nan GateDiv: nan
Epoch [320/1000] Total Loss: 43.8107
Epoch [321/1000] Step [0/8] Loss: 5.4183 Bio: 0.9585 GateEnt: nan GateDiv: nan
Epoch [321/1000] Total Loss: 43.6028
Epoch [322/1000] Step [0/8] Loss: 5.3655 Bio: 0.8559 GateEnt: nan GateDiv: nan
Epoch [322/1000] Total Loss: 43.0656
Epoch [323/1000] Step [0/8] Loss: 5.6894 Bio: 0.8864 GateEnt: nan GateDiv: nan
Epoch [323/1000] Total Loss: 43.7643
Epoch [324/1000] Step [0/8] Loss: 5.3843 Bio: 0.8581 GateEnt: nan GateDiv: nan
Epoch [324/1000] Total Loss: 43.1674
Epoch [325/1000] Step [0/8] Loss: 5.4342 Bio: 0.8885 GateEnt: nan GateDiv: nan
Epoch [325/1000] Total Loss: 42.9574
Epoch [326/1000] Step [0/8] Loss: 5.7377 Bio: 0.8371 GateEnt: nan GateDiv: nan
Epoch [326/1000] Total Loss: 44.2054
Epoch [327/1000] Step [0/8] Loss: 5.5339 Bio: 0.8095 GateEnt: nan GateDiv: nan
Epoch [327/1000] Total Loss: 43.4670
Epoch [328/1000] Step [0/8] Loss: 5.4031 Bio: 0.8822 GateEnt: nan GateDiv: nan
Epoch [328/1000] Total Loss: 43.2576
Epoch [329/1000] Step [0/8] Loss: 5.3521 Bio: 1.0383 GateEnt: nan GateDiv: nan
Epoch [329/1000] Total Loss: 43.0915
Epoch [330/1000] Step [0/8] Loss: 5.4446 Bio: 0.8070 GateEnt: nan GateDiv: nan
Epoch [330/1000] Total Loss: 44.0285
Epoch [331/1000] Step [0/8] Loss: 5.3063 Bio: 0.9810 GateEnt: nan GateDiv: nan
Epoch [331/1000] Total Loss: 43.1139
Epoch [332/1000] Step [0/8] Loss: 5.2854 Bio: 0.9192 GateEnt: nan GateDiv: nan
Epoch [332/1000] Total Loss: 43.1808
Epoch [333/1000] Step [0/8] Loss: 5.4815 Bio: 0.9658 GateEnt: nan GateDiv: nan
Epoch [333/1000] Total Loss: 43.6600
Epoch [334/1000] Step [0/8] Loss: 5.3886 Bio: 0.8730 GateEnt: nan GateDiv: nan
Epoch [334/1000] Total Loss: 42.8645
Epoch [335/1000] Step [0/8] Loss: 5.2720 Bio: 0.8184 GateEnt: nan GateDiv: nan
Epoch [335/1000] Total Loss: 42.7754
Epoch [336/1000] Step [0/8] Loss: 5.4276 Bio: 0.9041 GateEnt: nan GateDiv: nan
Epoch [336/1000] Total Loss: 43.0099
Epoch [337/1000] Step [0/8] Loss: 5.4210 Bio: 0.8570 GateEnt: nan GateDiv: nan
Epoch [337/1000] Total Loss: 42.9974
Epoch [338/1000] Step [0/8] Loss: 5.3390 Bio: 1.0458 GateEnt: nan GateDiv: nan
Epoch [338/1000] Total Loss: 43.3878
Epoch [339/1000] Step [0/8] Loss: 5.3728 Bio: 0.9775 GateEnt: nan GateDiv: nan
Epoch [339/1000] Total Loss: 43.6277
Epoch [340/1000] Step [0/8] Loss: 5.4766 Bio: 0.8936 GateEnt: nan GateDiv: nan
Epoch [340/1000] Total Loss: 43.1615
Epoch [341/1000] Step [0/8] Loss: 5.2372 Bio: 0.9157 GateEnt: nan GateDiv: nan
Epoch [341/1000] Total Loss: 42.9077
Epoch [342/1000] Step [0/8] Loss: 5.4943 Bio: 0.9363 GateEnt: nan GateDiv: nan
Epoch [342/1000] Total Loss: 43.2592
Epoch [343/1000] Step [0/8] Loss: 5.2773 Bio: 0.9833 GateEnt: nan GateDiv: nan
Epoch [343/1000] Total Loss: 43.0978
Epoch [344/1000] Step [0/8] Loss: 5.5590 Bio: 0.8616 GateEnt: nan GateDiv: nan
Epoch [344/1000] Total Loss: 43.7224
Epoch [345/1000] Step [0/8] Loss: 5.3620 Bio: 1.0556 GateEnt: nan GateDiv: nan
Epoch [345/1000] Total Loss: 42.7277
Epoch [346/1000] Step [0/8] Loss: 5.4688 Bio: 0.9815 GateEnt: nan GateDiv: nan
Epoch [346/1000] Total Loss: 43.6857
Epoch [347/1000] Step [0/8] Loss: 5.5508 Bio: 0.8864 GateEnt: nan GateDiv: nan
Epoch [347/1000] Total Loss: 43.7198
Epoch [348/1000] Step [0/8] Loss: 5.3950 Bio: 0.8678 GateEnt: nan GateDiv: nan
Epoch [348/1000] Total Loss: 42.9563
Epoch [349/1000] Step [0/8] Loss: 5.5267 Bio: 0.8614 GateEnt: nan GateDiv: nan
Epoch [349/1000] Total Loss: 42.9938
Epoch [350/1000] Step [0/8] Loss: 5.3017 Bio: 0.9694 GateEnt: nan GateDiv: nan
Epoch [350/1000] Total Loss: 42.6949
Epoch [351/1000] Step [0/8] Loss: 5.2559 Bio: 0.9708 GateEnt: nan GateDiv: nan
Epoch [351/1000] Total Loss: 43.0408
Epoch [352/1000] Step [0/8] Loss: 5.5319 Bio: 0.8479 GateEnt: nan GateDiv: nan
Epoch [352/1000] Total Loss: 43.1834
Epoch [353/1000] Step [0/8] Loss: 5.3172 Bio: 0.8381 GateEnt: nan GateDiv: nan
Epoch [353/1000] Total Loss: 43.5890
Epoch [354/1000] Step [0/8] Loss: 5.3770 Bio: 0.8830 GateEnt: nan GateDiv: nan
Epoch [354/1000] Total Loss: 43.0088
Epoch [355/1000] Step [0/8] Loss: 5.4661 Bio: 0.8982 GateEnt: nan GateDiv: nan
Epoch [355/1000] Total Loss: 42.6198
Epoch [356/1000] Step [0/8] Loss: 5.3386 Bio: 0.8151 GateEnt: nan GateDiv: nan
Epoch [356/1000] Total Loss: 42.9921
Epoch [357/1000] Step [0/8] Loss: 5.5582 Bio: 0.9896 GateEnt: nan GateDiv: nan
Epoch [357/1000] Total Loss: 43.5252
Epoch [358/1000] Step [0/8] Loss: 5.4457 Bio: 0.7858 GateEnt: nan GateDiv: nan
Epoch [358/1000] Total Loss: 43.8205
Epoch [359/1000] Step [0/8] Loss: 5.5543 Bio: 0.9411 GateEnt: nan GateDiv: nan
Epoch [359/1000] Total Loss: 43.3019
Epoch [360/1000] Step [0/8] Loss: 5.4263 Bio: 0.8859 GateEnt: nan GateDiv: nan
Epoch [360/1000] Total Loss: 43.1517
Epoch [361/1000] Step [0/8] Loss: 5.5799 Bio: 0.8955 GateEnt: nan GateDiv: nan
Epoch [361/1000] Total Loss: 43.4650
Epoch [362/1000] Step [0/8] Loss: 5.3220 Bio: 1.0551 GateEnt: nan GateDiv: nan
Epoch [362/1000] Total Loss: 43.0533
Epoch [363/1000] Step [0/8] Loss: 5.2280 Bio: 0.8620 GateEnt: nan GateDiv: nan
Epoch [363/1000] Total Loss: 43.1168
Epoch [364/1000] Step [0/8] Loss: 5.3684 Bio: 0.8679 GateEnt: nan GateDiv: nan
Epoch [364/1000] Total Loss: 42.9257
Epoch [365/1000] Step [0/8] Loss: 5.5409 Bio: 0.8145 GateEnt: nan GateDiv: nan
Epoch [365/1000] Total Loss: 43.2526
Epoch [366/1000] Step [0/8] Loss: 5.2780 Bio: 0.9939 GateEnt: nan GateDiv: nan
Epoch [366/1000] Total Loss: 42.8749
Epoch [367/1000] Step [0/8] Loss: 5.2510 Bio: 0.8301 GateEnt: nan GateDiv: nan
Epoch [367/1000] Total Loss: 42.6939
Epoch [368/1000] Step [0/8] Loss: 5.4141 Bio: 0.8415 GateEnt: nan GateDiv: nan
Epoch [368/1000] Total Loss: 43.2124
Epoch [369/1000] Step [0/8] Loss: 5.3189 Bio: 0.9155 GateEnt: nan GateDiv: nan
Epoch [369/1000] Total Loss: 43.0952
Epoch [370/1000] Step [0/8] Loss: 5.4552 Bio: 0.8213 GateEnt: nan GateDiv: nan
Epoch [370/1000] Total Loss: 43.4945
Epoch [371/1000] Step [0/8] Loss: 5.5825 Bio: 0.8669 GateEnt: nan GateDiv: nan
Epoch [371/1000] Total Loss: 43.0240
Epoch [372/1000] Step [0/8] Loss: 5.4432 Bio: 0.9261 GateEnt: nan GateDiv: nan
Epoch [372/1000] Total Loss: 42.9661
Epoch [373/1000] Step [0/8] Loss: 5.4527 Bio: 0.7879 GateEnt: nan GateDiv: nan
Epoch [373/1000] Total Loss: 43.2185
Epoch [374/1000] Step [0/8] Loss: 5.4041 Bio: 0.7725 GateEnt: nan GateDiv: nan
Epoch [374/1000] Total Loss: 42.9270
Epoch [375/1000] Step [0/8] Loss: 5.5405 Bio: 0.8769 GateEnt: nan GateDiv: nan
Epoch [375/1000] Total Loss: 43.0181
Epoch [376/1000] Step [0/8] Loss: 5.2070 Bio: 0.9397 GateEnt: nan GateDiv: nan
Epoch [376/1000] Total Loss: 43.1468
Epoch [377/1000] Step [0/8] Loss: 5.4296 Bio: 0.8297 GateEnt: nan GateDiv: nan
Epoch [377/1000] Total Loss: 42.8332
Epoch [378/1000] Step [0/8] Loss: 5.4043 Bio: 0.9821 GateEnt: nan GateDiv: nan
Epoch [378/1000] Total Loss: 42.4958
Epoch [379/1000] Step [0/8] Loss: 5.5244 Bio: 0.8984 GateEnt: nan GateDiv: nan
Epoch [379/1000] Total Loss: 43.2980
Epoch [380/1000] Step [0/8] Loss: 5.2414 Bio: 1.0373 GateEnt: nan GateDiv: nan
Epoch [380/1000] Total Loss: 42.5370
Epoch [381/1000] Step [0/8] Loss: 5.2892 Bio: 1.0169 GateEnt: nan GateDiv: nan
Epoch [381/1000] Total Loss: 42.8730
Epoch [382/1000] Step [0/8] Loss: 5.3852 Bio: 0.8521 GateEnt: nan GateDiv: nan
Epoch [382/1000] Total Loss: 43.0963
Epoch [383/1000] Step [0/8] Loss: 5.2709 Bio: 0.8882 GateEnt: nan GateDiv: nan
Epoch [383/1000] Total Loss: 42.6325
Epoch [384/1000] Step [0/8] Loss: 5.2095 Bio: 0.9873 GateEnt: nan GateDiv: nan
Epoch [384/1000] Total Loss: 42.6620
Epoch [385/1000] Step [0/8] Loss: 5.4619 Bio: 0.8422 GateEnt: nan GateDiv: nan
Epoch [385/1000] Total Loss: 43.0387
Epoch [386/1000] Step [0/8] Loss: 5.3600 Bio: 0.8562 GateEnt: nan GateDiv: nan
Epoch [386/1000] Total Loss: 43.0661
Epoch [387/1000] Step [0/8] Loss: 5.5069 Bio: 0.7310 GateEnt: nan GateDiv: nan
Epoch [387/1000] Total Loss: 43.0147
Epoch [388/1000] Step [0/8] Loss: 5.2509 Bio: 0.9695 GateEnt: nan GateDiv: nan
Epoch [388/1000] Total Loss: 43.1853
Epoch [389/1000] Step [0/8] Loss: 5.3388 Bio: 0.9646 GateEnt: nan GateDiv: nan
Epoch [389/1000] Total Loss: 42.9436
Epoch [390/1000] Step [0/8] Loss: 5.2976 Bio: 0.9910 GateEnt: nan GateDiv: nan
Epoch [390/1000] Total Loss: 43.0077
Epoch [391/1000] Step [0/8] Loss: 5.2444 Bio: 0.9177 GateEnt: nan GateDiv: nan
Epoch [391/1000] Total Loss: 42.8763
Epoch [392/1000] Step [0/8] Loss: 5.4850 Bio: 0.8312 GateEnt: nan GateDiv: nan
Epoch [392/1000] Total Loss: 43.1016
Epoch [393/1000] Step [0/8] Loss: 5.3510 Bio: 0.9749 GateEnt: nan GateDiv: nan
Epoch [393/1000] Total Loss: 42.7247
Epoch [394/1000] Step [0/8] Loss: 5.1729 Bio: 0.9169 GateEnt: nan GateDiv: nan
Epoch [394/1000] Total Loss: 42.7986
Epoch [395/1000] Step [0/8] Loss: 5.3732 Bio: 0.7687 GateEnt: nan GateDiv: nan
Epoch [395/1000] Total Loss: 42.7488
Epoch [396/1000] Step [0/8] Loss: 5.4188 Bio: 0.8585 GateEnt: nan GateDiv: nan
Epoch [396/1000] Total Loss: 42.6674
Epoch [397/1000] Step [0/8] Loss: 5.3002 Bio: 0.8815 GateEnt: nan GateDiv: nan
Epoch [397/1000] Total Loss: 42.6480
Epoch [398/1000] Step [0/8] Loss: 5.2336 Bio: 0.8385 GateEnt: nan GateDiv: nan
Epoch [398/1000] Total Loss: 42.8631
Epoch [399/1000] Step [0/8] Loss: 5.2251 Bio: 0.8875 GateEnt: nan GateDiv: nan
Epoch [399/1000] Total Loss: 43.1441
Epoch [400/1000] Step [0/8] Loss: 5.4041 Bio: 0.8233 GateEnt: nan GateDiv: nan
Epoch [400/1000] Total Loss: 42.8305
Epoch [401/1000] Step [0/8] Loss: 5.1248 Bio: 0.9874 GateEnt: nan GateDiv: nan
Epoch [401/1000] Total Loss: 42.4971
Epoch [402/1000] Step [0/8] Loss: 5.3454 Bio: 0.8479 GateEnt: nan GateDiv: nan
Epoch [402/1000] Total Loss: 42.3015
Epoch [403/1000] Step [0/8] Loss: 5.3175 Bio: 0.8890 GateEnt: nan GateDiv: nan
Epoch [403/1000] Total Loss: 42.8447
Epoch [404/1000] Step [0/8] Loss: 5.3805 Bio: 0.7838 GateEnt: nan GateDiv: nan
Epoch [404/1000] Total Loss: 42.6392
Epoch [405/1000] Step [0/8] Loss: 5.4437 Bio: 0.9954 GateEnt: nan GateDiv: nan
Epoch [405/1000] Total Loss: 42.9971
Epoch [406/1000] Step [0/8] Loss: 5.2232 Bio: 0.9196 GateEnt: nan GateDiv: nan
Epoch [406/1000] Total Loss: 42.3634
Epoch [407/1000] Step [0/8] Loss: 5.3443 Bio: 0.8199 GateEnt: nan GateDiv: nan
Epoch [407/1000] Total Loss: 42.7029
Epoch [408/1000] Step [0/8] Loss: 5.4243 Bio: 0.8166 GateEnt: nan GateDiv: nan
Epoch [408/1000] Total Loss: 42.8233
Epoch [409/1000] Step [0/8] Loss: 5.4688 Bio: 0.8734 GateEnt: nan GateDiv: nan
Epoch [409/1000] Total Loss: 42.7303
Epoch [410/1000] Step [0/8] Loss: 5.3491 Bio: 0.8881 GateEnt: nan GateDiv: nan
Epoch [410/1000] Total Loss: 42.6343
Epoch [411/1000] Step [0/8] Loss: 5.3291 Bio: 0.8992 GateEnt: nan GateDiv: nan
Epoch [411/1000] Total Loss: 42.7582
Epoch [412/1000] Step [0/8] Loss: 5.3435 Bio: 0.8722 GateEnt: nan GateDiv: nan
Epoch [412/1000] Total Loss: 42.7677
Epoch [413/1000] Step [0/8] Loss: 5.3660 Bio: 0.9623 GateEnt: nan GateDiv: nan
Epoch [413/1000] Total Loss: 42.8573
Epoch [414/1000] Step [0/8] Loss: 5.4435 Bio: 0.9534 GateEnt: nan GateDiv: nan
Epoch [414/1000] Total Loss: 42.9671
Epoch [415/1000] Step [0/8] Loss: 5.3251 Bio: 0.8293 GateEnt: nan GateDiv: nan
Epoch [415/1000] Total Loss: 42.4545
Epoch [416/1000] Step [0/8] Loss: 5.4446 Bio: 0.8865 GateEnt: nan GateDiv: nan
Epoch [416/1000] Total Loss: 42.7688
Epoch [417/1000] Step [0/8] Loss: 5.3626 Bio: 0.9232 GateEnt: nan GateDiv: nan
Epoch [417/1000] Total Loss: 42.6160
Epoch [418/1000] Step [0/8] Loss: 5.3160 Bio: 0.9249 GateEnt: nan GateDiv: nan
Epoch [418/1000] Total Loss: 43.1885
Epoch [419/1000] Step [0/8] Loss: 5.3566 Bio: 0.8525 GateEnt: nan GateDiv: nan
Epoch [419/1000] Total Loss: 42.3703
Epoch [420/1000] Step [0/8] Loss: 5.3411 Bio: 0.8543 GateEnt: nan GateDiv: nan
Epoch [420/1000] Total Loss: 42.6224
Epoch [421/1000] Step [0/8] Loss: 5.2495 Bio: 0.9848 GateEnt: nan GateDiv: nan
Epoch [421/1000] Total Loss: 42.8777
Epoch [422/1000] Step [0/8] Loss: 5.3455 Bio: 0.7594 GateEnt: nan GateDiv: nan
Epoch [422/1000] Total Loss: 42.8336
Epoch [423/1000] Step [0/8] Loss: 5.4660 Bio: 0.9616 GateEnt: nan GateDiv: nan
Epoch [423/1000] Total Loss: 43.0230
Epoch [424/1000] Step [0/8] Loss: 5.3849 Bio: 0.8928 GateEnt: nan GateDiv: nan
Epoch [424/1000] Total Loss: 42.4747
Epoch [425/1000] Step [0/8] Loss: 5.2056 Bio: 0.8624 GateEnt: nan GateDiv: nan
Epoch [425/1000] Total Loss: 42.1326
Epoch [426/1000] Step [0/8] Loss: 5.2814 Bio: 0.8976 GateEnt: nan GateDiv: nan
Epoch [426/1000] Total Loss: 42.6196
Epoch [427/1000] Step [0/8] Loss: 5.5112 Bio: 1.0768 GateEnt: nan GateDiv: nan
Epoch [427/1000] Total Loss: 42.4379
Epoch [428/1000] Step [0/8] Loss: 5.2769 Bio: 0.8441 GateEnt: nan GateDiv: nan
Epoch [428/1000] Total Loss: 42.5784
Epoch [429/1000] Step [0/8] Loss: 5.3986 Bio: 0.9689 GateEnt: nan GateDiv: nan
Epoch [429/1000] Total Loss: 42.4007
Epoch [430/1000] Step [0/8] Loss: 5.3694 Bio: 0.9110 GateEnt: nan GateDiv: nan
Epoch [430/1000] Total Loss: 43.1407
Epoch [431/1000] Step [0/8] Loss: 5.3246 Bio: 0.8440 GateEnt: nan GateDiv: nan
Epoch [431/1000] Total Loss: 42.7943
Epoch [432/1000] Step [0/8] Loss: 5.2648 Bio: 0.8780 GateEnt: nan GateDiv: nan
Epoch [432/1000] Total Loss: 42.1734
Epoch [433/1000] Step [0/8] Loss: 5.1910 Bio: 0.8522 GateEnt: nan GateDiv: nan
Epoch [433/1000] Total Loss: 42.1878
Epoch [434/1000] Step [0/8] Loss: 5.0668 Bio: 0.9608 GateEnt: nan GateDiv: nan
Epoch [434/1000] Total Loss: 42.0646
Epoch [435/1000] Step [0/8] Loss: 5.1773 Bio: 0.8396 GateEnt: nan GateDiv: nan
Epoch [435/1000] Total Loss: 42.0419
Epoch [436/1000] Step [0/8] Loss: 5.4462 Bio: 0.9223 GateEnt: nan GateDiv: nan
Epoch [436/1000] Total Loss: 42.5998
Epoch [437/1000] Step [0/8] Loss: 5.4570 Bio: 0.8641 GateEnt: nan GateDiv: nan
Epoch [437/1000] Total Loss: 42.5643
Epoch [438/1000] Step [0/8] Loss: 5.2362 Bio: 0.8509 GateEnt: nan GateDiv: nan
Epoch [438/1000] Total Loss: 42.5385
Epoch [439/1000] Step [0/8] Loss: 5.0979 Bio: 0.9405 GateEnt: nan GateDiv: nan
Epoch [439/1000] Total Loss: 42.2259
Epoch [440/1000] Step [0/8] Loss: 5.2704 Bio: 0.9872 GateEnt: nan GateDiv: nan
Epoch [440/1000] Total Loss: 42.8944
Epoch [441/1000] Step [0/8] Loss: 5.2502 Bio: 0.8823 GateEnt: nan GateDiv: nan
Epoch [441/1000] Total Loss: 42.1909
Epoch [442/1000] Step [0/8] Loss: 5.3774 Bio: 0.8596 GateEnt: nan GateDiv: nan
Epoch [442/1000] Total Loss: 42.4134
Epoch [443/1000] Step [0/8] Loss: 5.4166 Bio: 0.8636 GateEnt: nan GateDiv: nan
Epoch [443/1000] Total Loss: 42.4947
Epoch [444/1000] Step [0/8] Loss: 5.2507 Bio: 0.8667 GateEnt: nan GateDiv: nan
Epoch [444/1000] Total Loss: 42.3335
Epoch [445/1000] Step [0/8] Loss: 5.2863 Bio: 0.8864 GateEnt: nan GateDiv: nan
Epoch [445/1000] Total Loss: 42.4221
Epoch [446/1000] Step [0/8] Loss: 5.1741 Bio: 0.8129 GateEnt: nan GateDiv: nan
Epoch [446/1000] Total Loss: 42.0213
Epoch [447/1000] Step [0/8] Loss: 5.1779 Bio: 1.0041 GateEnt: nan GateDiv: nan
Epoch [447/1000] Total Loss: 42.1066
Epoch [448/1000] Step [0/8] Loss: 5.3448 Bio: 0.7641 GateEnt: nan GateDiv: nan
Epoch [448/1000] Total Loss: 42.7159
Epoch [449/1000] Step [0/8] Loss: 5.1972 Bio: 0.9078 GateEnt: nan GateDiv: nan
Epoch [449/1000] Total Loss: 42.5913
Epoch [450/1000] Step [0/8] Loss: 5.2348 Bio: 0.8827 GateEnt: nan GateDiv: nan
Epoch [450/1000] Total Loss: 42.5207
Epoch [451/1000] Step [0/8] Loss: 5.2881 Bio: 0.9771 GateEnt: nan GateDiv: nan
Epoch [451/1000] Total Loss: 42.5675
Epoch [452/1000] Step [0/8] Loss: 5.2019 Bio: 0.9899 GateEnt: nan GateDiv: nan
Epoch [452/1000] Total Loss: 42.2194
Epoch [453/1000] Step [0/8] Loss: 5.0132 Bio: 0.8490 GateEnt: nan GateDiv: nan
Epoch [453/1000] Total Loss: 42.4067
Epoch [454/1000] Step [0/8] Loss: 5.2159 Bio: 0.8811 GateEnt: nan GateDiv: nan
Epoch [454/1000] Total Loss: 41.8748
Epoch [455/1000] Step [0/8] Loss: 5.1964 Bio: 0.9433 GateEnt: nan GateDiv: nan
Epoch [455/1000] Total Loss: 42.2547
Epoch [456/1000] Step [0/8] Loss: 5.1592 Bio: 0.8264 GateEnt: nan GateDiv: nan
Epoch [456/1000] Total Loss: 42.2991
Epoch [457/1000] Step [0/8] Loss: 5.2409 Bio: 0.9819 GateEnt: nan GateDiv: nan
Epoch [457/1000] Total Loss: 42.0268
Epoch [458/1000] Step [0/8] Loss: 5.3623 Bio: 0.8775 GateEnt: nan GateDiv: nan
Epoch [458/1000] Total Loss: 42.6556
Epoch [459/1000] Step [0/8] Loss: 5.2844 Bio: 0.8687 GateEnt: nan GateDiv: nan
Epoch [459/1000] Total Loss: 42.0206
Epoch [460/1000] Step [0/8] Loss: 5.1512 Bio: 1.0538 GateEnt: nan GateDiv: nan
Epoch [460/1000] Total Loss: 42.1427
Epoch [461/1000] Step [0/8] Loss: 5.3801 Bio: 0.8668 GateEnt: nan GateDiv: nan
Epoch [461/1000] Total Loss: 42.4381
Epoch [462/1000] Step [0/8] Loss: 5.1352 Bio: 0.8928 GateEnt: nan GateDiv: nan
Epoch [462/1000] Total Loss: 42.4052
Epoch [463/1000] Step [0/8] Loss: 5.2267 Bio: 0.9254 GateEnt: nan GateDiv: nan
Epoch [463/1000] Total Loss: 42.2561
Epoch [464/1000] Step [0/8] Loss: 5.3586 Bio: 0.9808 GateEnt: nan GateDiv: nan
Epoch [464/1000] Total Loss: 42.3444
Epoch [465/1000] Step [0/8] Loss: 5.2712 Bio: 0.8444 GateEnt: nan GateDiv: nan
Epoch [465/1000] Total Loss: 42.0908
Epoch [466/1000] Step [0/8] Loss: 5.2271 Bio: 0.9333 GateEnt: nan GateDiv: nan
Epoch [466/1000] Total Loss: 42.6084
Epoch [467/1000] Step [0/8] Loss: 5.1754 Bio: 0.8928 GateEnt: nan GateDiv: nan
Epoch [467/1000] Total Loss: 42.2668
Epoch [468/1000] Step [0/8] Loss: 5.3354 Bio: 0.7856 GateEnt: nan GateDiv: nan
Epoch [468/1000] Total Loss: 42.4555
Epoch [469/1000] Step [0/8] Loss: 5.2616 Bio: 0.8753 GateEnt: nan GateDiv: nan
Epoch [469/1000] Total Loss: 42.0596
Epoch [470/1000] Step [0/8] Loss: 5.3404 Bio: 0.9306 GateEnt: nan GateDiv: nan
Epoch [470/1000] Total Loss: 42.0593
Epoch [471/1000] Step [0/8] Loss: 5.3503 Bio: 0.8592 GateEnt: nan GateDiv: nan
Epoch [471/1000] Total Loss: 42.3335
Epoch [472/1000] Step [0/8] Loss: 5.1690 Bio: 0.9691 GateEnt: nan GateDiv: nan
Epoch [472/1000] Total Loss: 41.8189
Epoch [473/1000] Step [0/8] Loss: 5.4612 Bio: 0.8879 GateEnt: nan GateDiv: nan
Epoch [473/1000] Total Loss: 42.9753
Epoch [474/1000] Step [0/8] Loss: 5.3091 Bio: 0.8221 GateEnt: nan GateDiv: nan
Epoch [474/1000] Total Loss: 41.8434
Epoch [475/1000] Step [0/8] Loss: 5.3130 Bio: 0.9602 GateEnt: nan GateDiv: nan
Epoch [475/1000] Total Loss: 42.4088
Epoch [476/1000] Step [0/8] Loss: 5.3438 Bio: 0.8959 GateEnt: nan GateDiv: nan
Epoch [476/1000] Total Loss: 42.5666
Epoch [477/1000] Step [0/8] Loss: 5.3896 Bio: 0.8849 GateEnt: nan GateDiv: nan
Epoch [477/1000] Total Loss: 42.0732
Epoch [478/1000] Step [0/8] Loss: 5.3678 Bio: 0.8294 GateEnt: nan GateDiv: nan
Epoch [478/1000] Total Loss: 42.2900
Epoch [479/1000] Step [0/8] Loss: 5.1807 Bio: 0.9428 GateEnt: nan GateDiv: nan
Epoch [479/1000] Total Loss: 42.3840
Epoch [480/1000] Step [0/8] Loss: 5.1816 Bio: 0.7712 GateEnt: nan GateDiv: nan
Epoch [480/1000] Total Loss: 42.0815
Epoch [481/1000] Step [0/8] Loss: 5.2756 Bio: 0.9031 GateEnt: nan GateDiv: nan
Epoch [481/1000] Total Loss: 41.9067
Epoch [482/1000] Step [0/8] Loss: 5.1874 Bio: 0.8652 GateEnt: nan GateDiv: nan
Epoch [482/1000] Total Loss: 41.8560
Epoch [483/1000] Step [0/8] Loss: 5.3366 Bio: 0.8963 GateEnt: nan GateDiv: nan
Epoch [483/1000] Total Loss: 42.4541
Epoch [484/1000] Step [0/8] Loss: 5.5402 Bio: 0.9786 GateEnt: nan GateDiv: nan
Epoch [484/1000] Total Loss: 42.4853
Epoch [485/1000] Step [0/8] Loss: 5.2825 Bio: 0.7462 GateEnt: nan GateDiv: nan
Epoch [485/1000] Total Loss: 42.5896
Epoch [486/1000] Step [0/8] Loss: 5.3499 Bio: 0.9362 GateEnt: nan GateDiv: nan
Epoch [486/1000] Total Loss: 41.9482
Epoch [487/1000] Step [0/8] Loss: 5.0157 Bio: 1.0142 GateEnt: nan GateDiv: nan
Epoch [487/1000] Total Loss: 42.0244
Epoch [488/1000] Step [0/8] Loss: 5.4041 Bio: 0.9044 GateEnt: nan GateDiv: nan
Epoch [488/1000] Total Loss: 42.0415
Epoch [489/1000] Step [0/8] Loss: 5.2087 Bio: 0.9189 GateEnt: nan GateDiv: nan
Epoch [489/1000] Total Loss: 42.0939
Epoch [490/1000] Step [0/8] Loss: 5.3238 Bio: 1.0692 GateEnt: nan GateDiv: nan
Epoch [490/1000] Total Loss: 42.3433
Epoch [491/1000] Step [0/8] Loss: 5.2537 Bio: 0.9023 GateEnt: nan GateDiv: nan
Epoch [491/1000] Total Loss: 42.0133
Epoch [492/1000] Step [0/8] Loss: 5.4083 Bio: 0.8406 GateEnt: nan GateDiv: nan
Epoch [492/1000] Total Loss: 42.4920
Epoch [493/1000] Step [0/8] Loss: 5.2605 Bio: 0.8817 GateEnt: nan GateDiv: nan
Epoch [493/1000] Total Loss: 41.9396
Epoch [494/1000] Step [0/8] Loss: 5.1298 Bio: 0.8213 GateEnt: nan GateDiv: nan
Epoch [494/1000] Total Loss: 41.8608
Epoch [495/1000] Step [0/8] Loss: 5.4006 Bio: 0.8307 GateEnt: nan GateDiv: nan
Epoch [495/1000] Total Loss: 42.7107
Epoch [496/1000] Step [0/8] Loss: 5.2571 Bio: 0.9789 GateEnt: nan GateDiv: nan
Epoch [496/1000] Total Loss: 41.8590
Epoch [497/1000] Step [0/8] Loss: 5.2765 Bio: 0.9055 GateEnt: nan GateDiv: nan
Epoch [497/1000] Total Loss: 41.9893
Epoch [498/1000] Step [0/8] Loss: 5.4035 Bio: 0.8213 GateEnt: nan GateDiv: nan
Epoch [498/1000] Total Loss: 42.4049
Epoch [499/1000] Step [0/8] Loss: 5.3452 Bio: 0.9175 GateEnt: nan GateDiv: nan
Epoch [499/1000] Total Loss: 41.4835
Epoch [500/1000] Step [0/8] Loss: 5.1945 Bio: 0.9239 GateEnt: nan GateDiv: nan
Epoch [500/1000] Total Loss: 41.5684
Epoch [501/1000] Step [0/8] Loss: 5.0795 Bio: 0.9505 GateEnt: nan GateDiv: nan
Epoch [501/1000] Total Loss: 42.2411
Epoch [502/1000] Step [0/8] Loss: 5.2411 Bio: 0.9863 GateEnt: nan GateDiv: nan
Epoch [502/1000] Total Loss: 42.1616
Epoch [503/1000] Step [0/8] Loss: 5.3058 Bio: 0.9687 GateEnt: nan GateDiv: nan
Epoch [503/1000] Total Loss: 42.0405
Epoch [504/1000] Step [0/8] Loss: 5.1506 Bio: 0.9204 GateEnt: nan GateDiv: nan
Epoch [504/1000] Total Loss: 41.7185
Epoch [505/1000] Step [0/8] Loss: 5.4152 Bio: 0.8431 GateEnt: nan GateDiv: nan
Epoch [505/1000] Total Loss: 42.8105
Epoch [506/1000] Step [0/8] Loss: 5.3833 Bio: 0.8396 GateEnt: nan GateDiv: nan
Epoch [506/1000] Total Loss: 42.1710
Epoch [507/1000] Step [0/8] Loss: 5.2729 Bio: 0.9124 GateEnt: nan GateDiv: nan
Epoch [507/1000] Total Loss: 42.3572
Epoch [508/1000] Step [0/8] Loss: 5.1621 Bio: 0.9141 GateEnt: nan GateDiv: nan
Epoch [508/1000] Total Loss: 42.2382
Epoch [509/1000] Step [0/8] Loss: 5.0636 Bio: 0.8341 GateEnt: nan GateDiv: nan
Epoch [509/1000] Total Loss: 41.8305
Epoch [510/1000] Step [0/8] Loss: 5.2554 Bio: 0.9450 GateEnt: nan GateDiv: nan
Epoch [510/1000] Total Loss: 42.1290
Epoch [511/1000] Step [0/8] Loss: 5.1957 Bio: 0.8346 GateEnt: nan GateDiv: nan
Epoch [511/1000] Total Loss: 42.0867
Epoch [512/1000] Step [0/8] Loss: 5.4277 Bio: 0.9367 GateEnt: nan GateDiv: nan
Epoch [512/1000] Total Loss: 42.4992
Epoch [513/1000] Step [0/8] Loss: 5.3471 Bio: 0.7949 GateEnt: nan GateDiv: nan
Epoch [513/1000] Total Loss: 42.2353
Epoch [514/1000] Step [0/8] Loss: 5.2054 Bio: 0.8708 GateEnt: nan GateDiv: nan
Epoch [514/1000] Total Loss: 42.2443
Epoch [515/1000] Step [0/8] Loss: 5.2405 Bio: 0.7955 GateEnt: nan GateDiv: nan
Epoch [515/1000] Total Loss: 41.7867
Epoch [516/1000] Step [0/8] Loss: 5.2558 Bio: 0.8830 GateEnt: nan GateDiv: nan
Epoch [516/1000] Total Loss: 41.4616
Epoch [517/1000] Step [0/8] Loss: 5.2633 Bio: 0.9139 GateEnt: nan GateDiv: nan
Epoch [517/1000] Total Loss: 41.8819
Epoch [518/1000] Step [0/8] Loss: 5.3424 Bio: 0.8352 GateEnt: nan GateDiv: nan
Epoch [518/1000] Total Loss: 41.4680
Epoch [519/1000] Step [0/8] Loss: 5.0182 Bio: 0.8470 GateEnt: nan GateDiv: nan
Epoch [519/1000] Total Loss: 41.7289
Epoch [520/1000] Step [0/8] Loss: 5.3702 Bio: 0.9283 GateEnt: nan GateDiv: nan
Epoch [520/1000] Total Loss: 42.6132
Epoch [521/1000] Step [0/8] Loss: 5.5122 Bio: 0.9587 GateEnt: nan GateDiv: nan
Epoch [521/1000] Total Loss: 42.2153
Epoch [522/1000] Step [0/8] Loss: 5.2325 Bio: 0.9235 GateEnt: nan GateDiv: nan
Epoch [522/1000] Total Loss: 42.1114
Epoch [523/1000] Step [0/8] Loss: 5.3546 Bio: 0.9064 GateEnt: nan GateDiv: nan
Epoch [523/1000] Total Loss: 42.3230
Epoch [524/1000] Step [0/8] Loss: 5.4575 Bio: 0.8339 GateEnt: nan GateDiv: nan
Epoch [524/1000] Total Loss: 42.5264
Epoch [525/1000] Step [0/8] Loss: 5.2224 Bio: 0.8049 GateEnt: nan GateDiv: nan
Epoch [525/1000] Total Loss: 41.8899
Epoch [526/1000] Step [0/8] Loss: 5.1004 Bio: 1.0098 GateEnt: nan GateDiv: nan
Epoch [526/1000] Total Loss: 41.8421
Epoch [527/1000] Step [0/8] Loss: 5.4036 Bio: 0.8185 GateEnt: nan GateDiv: nan
Epoch [527/1000] Total Loss: 42.0898
Epoch [528/1000] Step [0/8] Loss: 5.1885 Bio: 0.8658 GateEnt: nan GateDiv: nan
Epoch [528/1000] Total Loss: 41.7002
Epoch [529/1000] Step [0/8] Loss: 5.2854 Bio: 0.8717 GateEnt: nan GateDiv: nan
Epoch [529/1000] Total Loss: 41.9116
Epoch [530/1000] Step [0/8] Loss: 5.1894 Bio: 0.9681 GateEnt: nan GateDiv: nan
Epoch [530/1000] Total Loss: 41.8923
Epoch [531/1000] Step [0/8] Loss: 5.2132 Bio: 1.0012 GateEnt: nan GateDiv: nan
Epoch [531/1000] Total Loss: 42.0510
Epoch [532/1000] Step [0/8] Loss: 5.2623 Bio: 0.8846 GateEnt: nan GateDiv: nan
Epoch [532/1000] Total Loss: 41.8579
Epoch [533/1000] Step [0/8] Loss: 5.3078 Bio: 0.8488 GateEnt: nan GateDiv: nan
Epoch [533/1000] Total Loss: 41.5627
Epoch [534/1000] Step [0/8] Loss: 5.1532 Bio: 0.8320 GateEnt: nan GateDiv: nan
Epoch [534/1000] Total Loss: 42.0982
Epoch [535/1000] Step [0/8] Loss: 5.0678 Bio: 0.7965 GateEnt: nan GateDiv: nan
Epoch [535/1000] Total Loss: 41.6534
Epoch [536/1000] Step [0/8] Loss: 5.3259 Bio: 0.8987 GateEnt: nan GateDiv: nan
Epoch [536/1000] Total Loss: 42.0727
Epoch [537/1000] Step [0/8] Loss: 5.2163 Bio: 1.0434 GateEnt: nan GateDiv: nan
Epoch [537/1000] Total Loss: 41.8870
Epoch [538/1000] Step [0/8] Loss: 5.0863 Bio: 0.8500 GateEnt: nan GateDiv: nan
Epoch [538/1000] Total Loss: 42.1426
Epoch [539/1000] Step [0/8] Loss: 5.1268 Bio: 0.8586 GateEnt: nan GateDiv: nan
Epoch [539/1000] Total Loss: 42.0902
Epoch [540/1000] Step [0/8] Loss: 5.3387 Bio: 0.9833 GateEnt: nan GateDiv: nan
Epoch [540/1000] Total Loss: 42.2626
Epoch [541/1000] Step [0/8] Loss: 5.2241 Bio: 0.9090 GateEnt: nan GateDiv: nan
Epoch [541/1000] Total Loss: 41.9099
Epoch [542/1000] Step [0/8] Loss: 5.2361 Bio: 0.8268 GateEnt: nan GateDiv: nan
Epoch [542/1000] Total Loss: 41.8272
Epoch [543/1000] Step [0/8] Loss: 5.2380 Bio: 0.8343 GateEnt: nan GateDiv: nan
Epoch [543/1000] Total Loss: 42.0359
Epoch [544/1000] Step [0/8] Loss: 5.2823 Bio: 0.8690 GateEnt: nan GateDiv: nan
Epoch [544/1000] Total Loss: 41.3196
Epoch [545/1000] Step [0/8] Loss: 5.4128 Bio: 0.9149 GateEnt: nan GateDiv: nan
Epoch [545/1000] Total Loss: 42.2956
Epoch [546/1000] Step [0/8] Loss: 5.3022 Bio: 0.8391 GateEnt: nan GateDiv: nan
Epoch [546/1000] Total Loss: 42.0012
Epoch [547/1000] Step [0/8] Loss: 5.1553 Bio: 0.8479 GateEnt: nan GateDiv: nan
Epoch [547/1000] Total Loss: 41.8592
Epoch [548/1000] Step [0/8] Loss: 5.2138 Bio: 0.7933 GateEnt: nan GateDiv: nan
Epoch [548/1000] Total Loss: 41.9291
Epoch [549/1000] Step [0/8] Loss: 5.2927 Bio: 0.8782 GateEnt: nan GateDiv: nan
Epoch [549/1000] Total Loss: 41.8525
Epoch [550/1000] Step [0/8] Loss: 5.1241 Bio: 0.8336 GateEnt: nan GateDiv: nan
Epoch [550/1000] Total Loss: 41.8313
Epoch [551/1000] Step [0/8] Loss: 5.3264 Bio: 0.8401 GateEnt: nan GateDiv: nan
Epoch [551/1000] Total Loss: 42.0419
Epoch [552/1000] Step [0/8] Loss: 5.1966 Bio: 0.9533 GateEnt: nan GateDiv: nan
Epoch [552/1000] Total Loss: 42.1899
Epoch [553/1000] Step [0/8] Loss: 5.1547 Bio: 0.8274 GateEnt: nan GateDiv: nan
Epoch [553/1000] Total Loss: 41.4992
Epoch [554/1000] Step [0/8] Loss: 5.3034 Bio: 0.8343 GateEnt: nan GateDiv: nan
Epoch [554/1000] Total Loss: 41.6622
Epoch [555/1000] Step [0/8] Loss: 5.1075 Bio: 0.8653 GateEnt: nan GateDiv: nan
Epoch [555/1000] Total Loss: 41.9832
Epoch [556/1000] Step [0/8] Loss: 5.1479 Bio: 0.8463 GateEnt: nan GateDiv: nan
Epoch [556/1000] Total Loss: 41.9545
Epoch [557/1000] Step [0/8] Loss: 5.2649 Bio: 0.8582 GateEnt: nan GateDiv: nan
Epoch [557/1000] Total Loss: 41.6038
Epoch [558/1000] Step [0/8] Loss: 5.1846 Bio: 0.8814 GateEnt: nan GateDiv: nan
Epoch [558/1000] Total Loss: 41.9634
Epoch [559/1000] Step [0/8] Loss: 5.1491 Bio: 0.7925 GateEnt: nan GateDiv: nan
Epoch [559/1000] Total Loss: 41.4747
Epoch [560/1000] Step [0/8] Loss: 5.3036 Bio: 0.8856 GateEnt: nan GateDiv: nan
Epoch [560/1000] Total Loss: 41.8361
Epoch [561/1000] Step [0/8] Loss: 5.1835 Bio: 0.7759 GateEnt: nan GateDiv: nan
Epoch [561/1000] Total Loss: 41.7381
Epoch [562/1000] Step [0/8] Loss: 5.3443 Bio: 0.8493 GateEnt: nan GateDiv: nan
Epoch [562/1000] Total Loss: 41.8203
Epoch [563/1000] Step [0/8] Loss: 5.2644 Bio: 0.9079 GateEnt: nan GateDiv: nan
Epoch [563/1000] Total Loss: 41.7625
Epoch [564/1000] Step [0/8] Loss: 5.4159 Bio: 0.9345 GateEnt: nan GateDiv: nan
Epoch [564/1000] Total Loss: 42.4946
Epoch [565/1000] Step [0/8] Loss: 5.1137 Bio: 0.8335 GateEnt: nan GateDiv: nan
Epoch [565/1000] Total Loss: 41.4266
Epoch [566/1000] Step [0/8] Loss: 5.2957 Bio: 0.8908 GateEnt: nan GateDiv: nan
Epoch [566/1000] Total Loss: 42.0845
Epoch [567/1000] Step [0/8] Loss: 5.2019 Bio: 0.8746 GateEnt: nan GateDiv: nan
Epoch [567/1000] Total Loss: 42.0097
Epoch [568/1000] Step [0/8] Loss: 5.2211 Bio: 0.9174 GateEnt: nan GateDiv: nan
Epoch [568/1000] Total Loss: 41.3352
Epoch [569/1000] Step [0/8] Loss: 5.3645 Bio: 1.0074 GateEnt: nan GateDiv: nan
Epoch [569/1000] Total Loss: 41.6890
Epoch [570/1000] Step [0/8] Loss: 5.3663 Bio: 0.8603 GateEnt: nan GateDiv: nan
Epoch [570/1000] Total Loss: 42.4775
Epoch [571/1000] Step [0/8] Loss: 5.2329 Bio: 0.8717 GateEnt: nan GateDiv: nan
Epoch [571/1000] Total Loss: 41.3606
Epoch [572/1000] Step [0/8] Loss: 5.1914 Bio: 0.8405 GateEnt: nan GateDiv: nan
Epoch [572/1000] Total Loss: 41.3318
Epoch [573/1000] Step [0/8] Loss: 5.3052 Bio: 0.8312 GateEnt: nan GateDiv: nan
Epoch [573/1000] Total Loss: 41.2532
Epoch [574/1000] Step [0/8] Loss: 5.3092 Bio: 0.8171 GateEnt: nan GateDiv: nan
Epoch [574/1000] Total Loss: 41.7284
Epoch [575/1000] Step [0/8] Loss: 5.3176 Bio: 0.8956 GateEnt: nan GateDiv: nan
Epoch [575/1000] Total Loss: 41.5663
Epoch [576/1000] Step [0/8] Loss: 5.1972 Bio: 0.7264 GateEnt: nan GateDiv: nan
Epoch [576/1000] Total Loss: 41.9407
Epoch [577/1000] Step [0/8] Loss: 5.2400 Bio: 0.9086 GateEnt: nan GateDiv: nan
Epoch [577/1000] Total Loss: 41.7187
Epoch [578/1000] Step [0/8] Loss: 5.2115 Bio: 0.8288 GateEnt: nan GateDiv: nan
Epoch [578/1000] Total Loss: 41.7098
Epoch [579/1000] Step [0/8] Loss: 5.0530 Bio: 0.7957 GateEnt: nan GateDiv: nan
Epoch [579/1000] Total Loss: 41.9822
Epoch [580/1000] Step [0/8] Loss: 5.2532 Bio: 0.9461 GateEnt: nan GateDiv: nan
Epoch [580/1000] Total Loss: 41.7595
Epoch [581/1000] Step [0/8] Loss: 5.1086 Bio: 0.7583 GateEnt: nan GateDiv: nan
Epoch [581/1000] Total Loss: 41.8855
Epoch [582/1000] Step [0/8] Loss: 5.2201 Bio: 1.0126 GateEnt: nan GateDiv: nan
Epoch [582/1000] Total Loss: 41.8771
Epoch [583/1000] Step [0/8] Loss: 5.1917 Bio: 0.9831 GateEnt: nan GateDiv: nan
Epoch [583/1000] Total Loss: 41.8777
Epoch [584/1000] Step [0/8] Loss: 5.2462 Bio: 0.8034 GateEnt: nan GateDiv: nan
Epoch [584/1000] Total Loss: 42.0220
Epoch [585/1000] Step [0/8] Loss: 5.2467 Bio: 0.8310 GateEnt: nan GateDiv: nan
Epoch [585/1000] Total Loss: 41.7358
Epoch [586/1000] Step [0/8] Loss: 5.4811 Bio: 0.8461 GateEnt: nan GateDiv: nan
Epoch [586/1000] Total Loss: 41.5606
Epoch [587/1000] Step [0/8] Loss: 5.2076 Bio: 0.7936 GateEnt: nan GateDiv: nan
Epoch [587/1000] Total Loss: 41.6408
Epoch [588/1000] Step [0/8] Loss: 5.0915 Bio: 0.7576 GateEnt: nan GateDiv: nan
Epoch [588/1000] Total Loss: 41.6044
Epoch [589/1000] Step [0/8] Loss: 5.1628 Bio: 0.7862 GateEnt: nan GateDiv: nan
Epoch [589/1000] Total Loss: 41.8613
Epoch [590/1000] Step [0/8] Loss: 5.0640 Bio: 0.9390 GateEnt: nan GateDiv: nan
Epoch [590/1000] Total Loss: 41.6493
Epoch [591/1000] Step [0/8] Loss: 5.0473 Bio: 0.8331 GateEnt: nan GateDiv: nan
Epoch [591/1000] Total Loss: 41.5407
Epoch [592/1000] Step [0/8] Loss: 5.3789 Bio: 0.8210 GateEnt: nan GateDiv: nan
Epoch [592/1000] Total Loss: 41.7098
Epoch [593/1000] Step [0/8] Loss: 5.2751 Bio: 0.8626 GateEnt: nan GateDiv: nan
Epoch [593/1000] Total Loss: 41.4254
Epoch [594/1000] Step [0/8] Loss: 5.0879 Bio: 0.9189 GateEnt: nan GateDiv: nan
Epoch [594/1000] Total Loss: 41.4358
Epoch [595/1000] Step [0/8] Loss: 5.1617 Bio: 0.8404 GateEnt: nan GateDiv: nan
Epoch [595/1000] Total Loss: 41.5570
Epoch [596/1000] Step [0/8] Loss: 5.2828 Bio: 0.9480 GateEnt: nan GateDiv: nan
Epoch [596/1000] Total Loss: 41.9103
Epoch [597/1000] Step [0/8] Loss: 5.2240 Bio: 0.8452 GateEnt: nan GateDiv: nan
Epoch [597/1000] Total Loss: 40.9915
Epoch [598/1000] Step [0/8] Loss: 5.2082 Bio: 0.7498 GateEnt: nan GateDiv: nan
Epoch [598/1000] Total Loss: 41.6014
Epoch [599/1000] Step [0/8] Loss: 5.3377 Bio: 0.8153 GateEnt: nan GateDiv: nan
Epoch [599/1000] Total Loss: 41.3897
Epoch [600/1000] Step [0/8] Loss: 5.1620 Bio: 0.9027 GateEnt: nan GateDiv: nan
Epoch [600/1000] Total Loss: 41.9064
Epoch [601/1000] Step [0/8] Loss: 5.2831 Bio: 0.8256 GateEnt: nan GateDiv: nan
Epoch [601/1000] Total Loss: 41.8544
Epoch [602/1000] Step [0/8] Loss: 5.2443 Bio: 0.9005 GateEnt: nan GateDiv: nan
Epoch [602/1000] Total Loss: 41.6197
Epoch [603/1000] Step [0/8] Loss: 5.1783 Bio: 0.8596 GateEnt: nan GateDiv: nan
Epoch [603/1000] Total Loss: 42.0409
Epoch [604/1000] Step [0/8] Loss: 5.1809 Bio: 0.7938 GateEnt: nan GateDiv: nan
Epoch [604/1000] Total Loss: 41.4001
Epoch [605/1000] Step [0/8] Loss: 5.2621 Bio: 0.7581 GateEnt: nan GateDiv: nan
Epoch [605/1000] Total Loss: 42.3388
Epoch [606/1000] Step [0/8] Loss: 5.1798 Bio: 0.7276 GateEnt: nan GateDiv: nan
Epoch [606/1000] Total Loss: 41.5868
Epoch [607/1000] Step [0/8] Loss: 5.3024 Bio: 0.8738 GateEnt: nan GateDiv: nan
Epoch [607/1000] Total Loss: 41.5069
Epoch [608/1000] Step [0/8] Loss: 5.1386 Bio: 0.8605 GateEnt: nan GateDiv: nan
Epoch [608/1000] Total Loss: 41.3969
Epoch [609/1000] Step [0/8] Loss: 5.1598 Bio: 0.9453 GateEnt: nan GateDiv: nan
Epoch [609/1000] Total Loss: 41.5301
Epoch [610/1000] Step [0/8] Loss: 5.0900 Bio: 0.9172 GateEnt: nan GateDiv: nan
Epoch [610/1000] Total Loss: 41.3036
Epoch [611/1000] Step [0/8] Loss: 5.3526 Bio: 0.8246 GateEnt: nan GateDiv: nan
Epoch [611/1000] Total Loss: 42.1565
Epoch [612/1000] Step [0/8] Loss: 5.0870 Bio: 0.9679 GateEnt: nan GateDiv: nan
Epoch [612/1000] Total Loss: 41.4503
Epoch [613/1000] Step [0/8] Loss: 5.2341 Bio: 0.8057 GateEnt: nan GateDiv: nan
Epoch [613/1000] Total Loss: 41.6460
Epoch [614/1000] Step [0/8] Loss: 5.1572 Bio: 0.8153 GateEnt: nan GateDiv: nan
Epoch [614/1000] Total Loss: 41.4505
Epoch [615/1000] Step [0/8] Loss: 5.2261 Bio: 0.9141 GateEnt: nan GateDiv: nan
Epoch [615/1000] Total Loss: 41.8365
Epoch [616/1000] Step [0/8] Loss: 5.1452 Bio: 0.7963 GateEnt: nan GateDiv: nan
Epoch [616/1000] Total Loss: 41.5672
Epoch [617/1000] Step [0/8] Loss: 5.2351 Bio: 0.8265 GateEnt: nan GateDiv: nan
Epoch [617/1000] Total Loss: 41.1345
Epoch [618/1000] Step [0/8] Loss: 5.2240 Bio: 0.8467 GateEnt: nan GateDiv: nan
Epoch [618/1000] Total Loss: 41.1904
Epoch [619/1000] Step [0/8] Loss: 5.0652 Bio: 0.9278 GateEnt: nan GateDiv: nan
Epoch [619/1000] Total Loss: 41.5576
Epoch [620/1000] Step [0/8] Loss: 5.1562 Bio: 0.7333 GateEnt: nan GateDiv: nan
Epoch [620/1000] Total Loss: 41.2731
Epoch [621/1000] Step [0/8] Loss: 5.2633 Bio: 0.8111 GateEnt: nan GateDiv: nan
Epoch [621/1000] Total Loss: 41.5569
Epoch [622/1000] Step [0/8] Loss: 5.3470 Bio: 0.7884 GateEnt: nan GateDiv: nan
Epoch [622/1000] Total Loss: 41.5732
Epoch [623/1000] Step [0/8] Loss: 5.2010 Bio: 0.8703 GateEnt: nan GateDiv: nan
Epoch [623/1000] Total Loss: 41.6863
Epoch [624/1000] Step [0/8] Loss: 5.0098 Bio: 0.7765 GateEnt: nan GateDiv: nan
Epoch [624/1000] Total Loss: 41.2113
Epoch [625/1000] Step [0/8] Loss: 5.4653 Bio: 0.9079 GateEnt: nan GateDiv: nan
Epoch [625/1000] Total Loss: 41.3383
Epoch [626/1000] Step [0/8] Loss: 5.2071 Bio: 0.8551 GateEnt: nan GateDiv: nan
Epoch [626/1000] Total Loss: 41.7319
Epoch [627/1000] Step [0/8] Loss: 5.2314 Bio: 0.8569 GateEnt: nan GateDiv: nan
Epoch [627/1000] Total Loss: 41.6785
Epoch [628/1000] Step [0/8] Loss: 5.1802 Bio: 0.8087 GateEnt: nan GateDiv: nan
Epoch [628/1000] Total Loss: 41.9252
Epoch [629/1000] Step [0/8] Loss: 5.1017 Bio: 0.8838 GateEnt: nan GateDiv: nan
Epoch [629/1000] Total Loss: 41.5282
Epoch [630/1000] Step [0/8] Loss: 5.2526 Bio: 0.7917 GateEnt: nan GateDiv: nan
Epoch [630/1000] Total Loss: 41.5726
Epoch [631/1000] Step [0/8] Loss: 5.2417 Bio: 0.7400 GateEnt: nan GateDiv: nan
Epoch [631/1000] Total Loss: 41.5677
Epoch [632/1000] Step [0/8] Loss: 5.1549 Bio: 0.7373 GateEnt: nan GateDiv: nan
Epoch [632/1000] Total Loss: 41.2357
Epoch [633/1000] Step [0/8] Loss: 5.2028 Bio: 0.9540 GateEnt: nan GateDiv: nan
Epoch [633/1000] Total Loss: 41.2494
Epoch [634/1000] Step [0/8] Loss: 5.1464 Bio: 0.7031 GateEnt: nan GateDiv: nan
Epoch [634/1000] Total Loss: 41.5715
Epoch [635/1000] Step [0/8] Loss: 5.0663 Bio: 0.8439 GateEnt: nan GateDiv: nan
Epoch [635/1000] Total Loss: 41.2796
Epoch [636/1000] Step [0/8] Loss: 5.2711 Bio: 0.8944 GateEnt: nan GateDiv: nan
Epoch [636/1000] Total Loss: 41.7567
Epoch [637/1000] Step [0/8] Loss: 5.3342 Bio: 0.7484 GateEnt: nan GateDiv: nan
Epoch [637/1000] Total Loss: 41.5354
Epoch [638/1000] Step [0/8] Loss: 5.2502 Bio: 0.9628 GateEnt: nan GateDiv: nan
Epoch [638/1000] Total Loss: 41.3617
Epoch [639/1000] Step [0/8] Loss: 4.9678 Bio: 0.7305 GateEnt: nan GateDiv: nan
Epoch [639/1000] Total Loss: 41.1400
Epoch [640/1000] Step [0/8] Loss: 5.1635 Bio: 0.8847 GateEnt: nan GateDiv: nan
Epoch [640/1000] Total Loss: 41.2501
Epoch [641/1000] Step [0/8] Loss: 5.1013 Bio: 0.7177 GateEnt: nan GateDiv: nan
Epoch [641/1000] Total Loss: 41.4846
Epoch [642/1000] Step [0/8] Loss: 5.2196 Bio: 0.7541 GateEnt: nan GateDiv: nan
Epoch [642/1000] Total Loss: 41.3282
Epoch [643/1000] Step [0/8] Loss: 5.3315 Bio: 0.7977 GateEnt: nan GateDiv: nan
Epoch [643/1000] Total Loss: 41.8417
Epoch [644/1000] Step [0/8] Loss: 5.1385 Bio: 0.7560 GateEnt: nan GateDiv: nan
Epoch [644/1000] Total Loss: 41.4982
Epoch [645/1000] Step [0/8] Loss: 5.1350 Bio: 0.8364 GateEnt: nan GateDiv: nan
Epoch [645/1000] Total Loss: 41.5817
Epoch [646/1000] Step [0/8] Loss: 5.2597 Bio: 0.8238 GateEnt: nan GateDiv: nan
Epoch [646/1000] Total Loss: 41.7346
Epoch [647/1000] Step [0/8] Loss: 5.2788 Bio: 0.8114 GateEnt: nan GateDiv: nan
Epoch [647/1000] Total Loss: 42.0320
Epoch [648/1000] Step [0/8] Loss: 5.1624 Bio: 0.8101 GateEnt: nan GateDiv: nan
Epoch [648/1000] Total Loss: 41.2217
Epoch [649/1000] Step [0/8] Loss: 5.2272 Bio: 0.7792 GateEnt: nan GateDiv: nan
Epoch [649/1000] Total Loss: 40.6883
Epoch [650/1000] Step [0/8] Loss: 5.1644 Bio: 0.7266 GateEnt: nan GateDiv: nan
Epoch [650/1000] Total Loss: 41.7245
Epoch [651/1000] Step [0/8] Loss: 5.1330 Bio: 0.9448 GateEnt: nan GateDiv: nan
Epoch [651/1000] Total Loss: 41.3074
Epoch [652/1000] Step [0/8] Loss: 5.1687 Bio: 0.8927 GateEnt: nan GateDiv: nan
Epoch [652/1000] Total Loss: 41.6620
Epoch [653/1000] Step [0/8] Loss: 5.3555 Bio: 0.8048 GateEnt: nan GateDiv: nan
Epoch [653/1000] Total Loss: 41.6076
Epoch [654/1000] Step [0/8] Loss: 4.9615 Bio: 0.7469 GateEnt: nan GateDiv: nan
Epoch [654/1000] Total Loss: 41.4364
Epoch [655/1000] Step [0/8] Loss: 5.2100 Bio: 0.8677 GateEnt: nan GateDiv: nan
Epoch [655/1000] Total Loss: 40.9891
Epoch [656/1000] Step [0/8] Loss: 5.0978 Bio: 0.7909 GateEnt: nan GateDiv: nan
Epoch [656/1000] Total Loss: 40.9690
Epoch [657/1000] Step [0/8] Loss: 5.0984 Bio: 0.8307 GateEnt: nan GateDiv: nan
Epoch [657/1000] Total Loss: 41.5214
Epoch [658/1000] Step [0/8] Loss: 5.2525 Bio: 0.8538 GateEnt: nan GateDiv: nan
Epoch [658/1000] Total Loss: 41.3734
Epoch [659/1000] Step [0/8] Loss: 4.9798 Bio: 0.8384 GateEnt: nan GateDiv: nan
Epoch [659/1000] Total Loss: 41.3636
Epoch [660/1000] Step [0/8] Loss: 5.3646 Bio: 0.7635 GateEnt: nan GateDiv: nan
Epoch [660/1000] Total Loss: 41.4004
Epoch [661/1000] Step [0/8] Loss: 5.1224 Bio: 0.9185 GateEnt: nan GateDiv: nan
Epoch [661/1000] Total Loss: 41.2998
Epoch [662/1000] Step [0/8] Loss: 5.2221 Bio: 0.9215 GateEnt: nan GateDiv: nan
Epoch [662/1000] Total Loss: 41.0130
Epoch [663/1000] Step [0/8] Loss: 5.0601 Bio: 0.7553 GateEnt: nan GateDiv: nan
Epoch [663/1000] Total Loss: 41.8238
Epoch [664/1000] Step [0/8] Loss: 5.2409 Bio: 0.9443 GateEnt: nan GateDiv: nan
Epoch [664/1000] Total Loss: 40.9186
Epoch [665/1000] Step [0/8] Loss: 5.1139 Bio: 0.8178 GateEnt: nan GateDiv: nan
Epoch [665/1000] Total Loss: 41.3750
Epoch [666/1000] Step [0/8] Loss: 5.4051 Bio: 0.7533 GateEnt: nan GateDiv: nan
Epoch [666/1000] Total Loss: 41.0141
Epoch [667/1000] Step [0/8] Loss: 5.3570 Bio: 0.9523 GateEnt: nan GateDiv: nan
Epoch [667/1000] Total Loss: 41.3030
Epoch [668/1000] Step [0/8] Loss: 5.0349 Bio: 0.9296 GateEnt: nan GateDiv: nan
Epoch [668/1000] Total Loss: 41.3408
Epoch [669/1000] Step [0/8] Loss: 5.2339 Bio: 0.9424 GateEnt: nan GateDiv: nan
Epoch [669/1000] Total Loss: 41.5753
Epoch [670/1000] Step [0/8] Loss: 5.1083 Bio: 0.8307 GateEnt: nan GateDiv: nan
Epoch [670/1000] Total Loss: 41.3242
Epoch [671/1000] Step [0/8] Loss: 5.0809 Bio: 0.8438 GateEnt: nan GateDiv: nan
Epoch [671/1000] Total Loss: 41.4063
Epoch [672/1000] Step [0/8] Loss: 5.3485 Bio: 0.7739 GateEnt: nan GateDiv: nan
Epoch [672/1000] Total Loss: 41.7200
Epoch [673/1000] Step [0/8] Loss: 5.1393 Bio: 0.7775 GateEnt: nan GateDiv: nan
Epoch [673/1000] Total Loss: 41.2334
Epoch [674/1000] Step [0/8] Loss: 5.2559 Bio: 0.8027 GateEnt: nan GateDiv: nan
Epoch [674/1000] Total Loss: 41.4723
Epoch [675/1000] Step [0/8] Loss: 5.2441 Bio: 0.9096 GateEnt: nan GateDiv: nan
Epoch [675/1000] Total Loss: 41.2559
Epoch [676/1000] Step [0/8] Loss: 5.2200 Bio: 0.7766 GateEnt: nan GateDiv: nan
Epoch [676/1000] Total Loss: 41.2765
Epoch [677/1000] Step [0/8] Loss: 5.3017 Bio: 0.8549 GateEnt: nan GateDiv: nan
Epoch [677/1000] Total Loss: 41.0628
Epoch [678/1000] Step [0/8] Loss: 5.0965 Bio: 0.8452 GateEnt: nan GateDiv: nan
Epoch [678/1000] Total Loss: 41.2380
Epoch [679/1000] Step [0/8] Loss: 5.1123 Bio: 0.7827 GateEnt: nan GateDiv: nan
Epoch [679/1000] Total Loss: 41.3652
Epoch [680/1000] Step [0/8] Loss: 5.1957 Bio: 0.8066 GateEnt: nan GateDiv: nan
Epoch [680/1000] Total Loss: 41.1217
Epoch [681/1000] Step [0/8] Loss: 5.0921 Bio: 0.7083 GateEnt: nan GateDiv: nan
Epoch [681/1000] Total Loss: 40.8951
Epoch [682/1000] Step [0/8] Loss: 5.1461 Bio: 0.7838 GateEnt: nan GateDiv: nan
Epoch [682/1000] Total Loss: 41.2830
Epoch [683/1000] Step [0/8] Loss: 5.2076 Bio: 0.8906 GateEnt: nan GateDiv: nan
Epoch [683/1000] Total Loss: 41.0176
Epoch [684/1000] Step [0/8] Loss: 5.1446 Bio: 0.7722 GateEnt: nan GateDiv: nan
Epoch [684/1000] Total Loss: 41.1855
Epoch [685/1000] Step [0/8] Loss: 5.0630 Bio: 0.9404 GateEnt: nan GateDiv: nan
Epoch [685/1000] Total Loss: 40.5543
Epoch [686/1000] Step [0/8] Loss: 5.3990 Bio: 0.7252 GateEnt: nan GateDiv: nan
Epoch [686/1000] Total Loss: 41.8776
Epoch [687/1000] Step [0/8] Loss: 5.2504 Bio: 0.8166 GateEnt: nan GateDiv: nan
Epoch [687/1000] Total Loss: 41.6154
Epoch [688/1000] Step [0/8] Loss: 5.0178 Bio: 0.8740 GateEnt: nan GateDiv: nan
Epoch [688/1000] Total Loss: 40.7067
Epoch [689/1000] Step [0/8] Loss: 5.2793 Bio: 0.8513 GateEnt: nan GateDiv: nan
Epoch [689/1000] Total Loss: 41.5356
Epoch [690/1000] Step [0/8] Loss: 5.1057 Bio: 0.7634 GateEnt: nan GateDiv: nan
Epoch [690/1000] Total Loss: 42.1468
Epoch [691/1000] Step [0/8] Loss: 5.1180 Bio: 0.8861 GateEnt: nan GateDiv: nan
Epoch [691/1000] Total Loss: 40.5424
Epoch [692/1000] Step [0/8] Loss: 5.0642 Bio: 0.9198 GateEnt: nan GateDiv: nan
Epoch [692/1000] Total Loss: 41.3194
Epoch [693/1000] Step [0/8] Loss: 5.0677 Bio: 0.8477 GateEnt: nan GateDiv: nan
Epoch [693/1000] Total Loss: 41.3455
Epoch [694/1000] Step [0/8] Loss: 5.2189 Bio: 0.8158 GateEnt: nan GateDiv: nan
Epoch [694/1000] Total Loss: 41.2432
Epoch [695/1000] Step [0/8] Loss: 5.2198 Bio: 0.7641 GateEnt: nan GateDiv: nan
Epoch [695/1000] Total Loss: 40.9103
Epoch [696/1000] Step [0/8] Loss: 5.1477 Bio: 0.9002 GateEnt: nan GateDiv: nan
Epoch [696/1000] Total Loss: 41.1050
Epoch [697/1000] Step [0/8] Loss: 5.0542 Bio: 0.7353 GateEnt: nan GateDiv: nan
Epoch [697/1000] Total Loss: 41.0567
Epoch [698/1000] Step [0/8] Loss: 5.3475 Bio: 0.7207 GateEnt: nan GateDiv: nan
Epoch [698/1000] Total Loss: 41.3174
Epoch [699/1000] Step [0/8] Loss: 5.1180 Bio: 0.8104 GateEnt: nan GateDiv: nan
Epoch [699/1000] Total Loss: 41.4238
Epoch [700/1000] Step [0/8] Loss: 5.0160 Bio: 0.8416 GateEnt: nan GateDiv: nan
Epoch [700/1000] Total Loss: 40.7476
Epoch [701/1000] Step [0/8] Loss: 5.2654 Bio: 0.7597 GateEnt: nan GateDiv: nan
Epoch [701/1000] Total Loss: 41.3254
Epoch [702/1000] Step [0/8] Loss: 5.0649 Bio: 0.7548 GateEnt: nan GateDiv: nan
Epoch [702/1000] Total Loss: 41.0588
Epoch [703/1000] Step [0/8] Loss: 5.1920 Bio: 0.8357 GateEnt: nan GateDiv: nan
Epoch [703/1000] Total Loss: 41.1936
Epoch [704/1000] Step [0/8] Loss: 5.2132 Bio: 0.9029 GateEnt: nan GateDiv: nan
Epoch [704/1000] Total Loss: 41.3136
Epoch [705/1000] Step [0/8] Loss: 5.2984 Bio: 0.7623 GateEnt: nan GateDiv: nan
Epoch [705/1000] Total Loss: 41.2691
Epoch [706/1000] Step [0/8] Loss: 5.1605 Bio: 0.7811 GateEnt: nan GateDiv: nan
Epoch [706/1000] Total Loss: 41.4354
Epoch [707/1000] Step [0/8] Loss: 5.0595 Bio: 0.8023 GateEnt: nan GateDiv: nan
Epoch [707/1000] Total Loss: 40.9402
Epoch [708/1000] Step [0/8] Loss: 5.2510 Bio: 0.8398 GateEnt: nan GateDiv: nan
Epoch [708/1000] Total Loss: 41.0374
Epoch [709/1000] Step [0/8] Loss: 5.2431 Bio: 0.8463 GateEnt: nan GateDiv: nan
Epoch [709/1000] Total Loss: 41.0104
Epoch [710/1000] Step [0/8] Loss: 5.1456 Bio: 0.7358 GateEnt: nan GateDiv: nan
Epoch [710/1000] Total Loss: 41.2673
Epoch [711/1000] Step [0/8] Loss: 5.0151 Bio: 0.7772 GateEnt: nan GateDiv: nan
Epoch [711/1000] Total Loss: 41.4492
Epoch [712/1000] Step [0/8] Loss: 5.0303 Bio: 0.9106 GateEnt: nan GateDiv: nan
Epoch [712/1000] Total Loss: 40.8582
Epoch [713/1000] Step [0/8] Loss: 5.1210 Bio: 0.7367 GateEnt: nan GateDiv: nan
Epoch [713/1000] Total Loss: 41.2191
Epoch [714/1000] Step [0/8] Loss: 5.2824 Bio: 0.8870 GateEnt: nan GateDiv: nan
Epoch [714/1000] Total Loss: 41.1288
Epoch [715/1000] Step [0/8] Loss: 5.2034 Bio: 0.8510 GateEnt: nan GateDiv: nan
Epoch [715/1000] Total Loss: 41.1554
Epoch [716/1000] Step [0/8] Loss: 5.1740 Bio: 0.8667 GateEnt: nan GateDiv: nan
Epoch [716/1000] Total Loss: 41.2322
Epoch [717/1000] Step [0/8] Loss: 5.0988 Bio: 0.8878 GateEnt: nan GateDiv: nan
Epoch [717/1000] Total Loss: 41.0550
Epoch [718/1000] Step [0/8] Loss: 5.1722 Bio: 0.7675 GateEnt: nan GateDiv: nan
Epoch [718/1000] Total Loss: 41.0515
Epoch [719/1000] Step [0/8] Loss: 5.0121 Bio: 0.7903 GateEnt: nan GateDiv: nan
Epoch [719/1000] Total Loss: 41.3444
Epoch [720/1000] Step [0/8] Loss: 5.3407 Bio: 0.8546 GateEnt: nan GateDiv: nan
Epoch [720/1000] Total Loss: 40.7358
Epoch [721/1000] Step [0/8] Loss: 5.0700 Bio: 0.7513 GateEnt: nan GateDiv: nan
Epoch [721/1000] Total Loss: 40.6184
Epoch [722/1000] Step [0/8] Loss: 5.2218 Bio: 0.8059 GateEnt: nan GateDiv: nan
Epoch [722/1000] Total Loss: 40.6682
Epoch [723/1000] Step [0/8] Loss: 5.1558 Bio: 0.8720 GateEnt: nan GateDiv: nan
Epoch [723/1000] Total Loss: 40.8634
Epoch [724/1000] Step [0/8] Loss: 5.2254 Bio: 0.7898 GateEnt: nan GateDiv: nan
Epoch [724/1000] Total Loss: 41.0936
Epoch [725/1000] Step [0/8] Loss: 5.0482 Bio: 0.8181 GateEnt: nan GateDiv: nan
Epoch [725/1000] Total Loss: 40.8916
Epoch [726/1000] Step [0/8] Loss: 5.2372 Bio: 0.8003 GateEnt: nan GateDiv: nan
Epoch [726/1000] Total Loss: 41.2086
Epoch [727/1000] Step [0/8] Loss: 5.1076 Bio: 0.8049 GateEnt: nan GateDiv: nan
Epoch [727/1000] Total Loss: 40.6383
Epoch [728/1000] Step [0/8] Loss: 5.2215 Bio: 0.7349 GateEnt: nan GateDiv: nan
Epoch [728/1000] Total Loss: 41.5761
Epoch [729/1000] Step [0/8] Loss: 5.2555 Bio: 0.9648 GateEnt: nan GateDiv: nan
Epoch [729/1000] Total Loss: 40.8176
Epoch [730/1000] Step [0/8] Loss: 5.1101 Bio: 0.8144 GateEnt: nan GateDiv: nan
Epoch [730/1000] Total Loss: 40.8192
Epoch [731/1000] Step [0/8] Loss: 5.1169 Bio: 0.9112 GateEnt: nan GateDiv: nan
Epoch [731/1000] Total Loss: 40.9419
Epoch [732/1000] Step [0/8] Loss: 5.0752 Bio: 0.7932 GateEnt: nan GateDiv: nan
Epoch [732/1000] Total Loss: 41.0196
Epoch [733/1000] Step [0/8] Loss: 5.1458 Bio: 0.6839 GateEnt: nan GateDiv: nan
Epoch [733/1000] Total Loss: 41.1850
Epoch [734/1000] Step [0/8] Loss: 5.0847 Bio: 0.7633 GateEnt: nan GateDiv: nan
Epoch [734/1000] Total Loss: 40.7798
Epoch [735/1000] Step [0/8] Loss: 5.1478 Bio: 0.7121 GateEnt: nan GateDiv: nan
Epoch [735/1000] Total Loss: 40.9223
Epoch [736/1000] Step [0/8] Loss: 5.2281 Bio: 0.9172 GateEnt: nan GateDiv: nan
Epoch [736/1000] Total Loss: 41.2719
Epoch [737/1000] Step [0/8] Loss: 5.0051 Bio: 0.7109 GateEnt: nan GateDiv: nan
Epoch [737/1000] Total Loss: 41.1820
Epoch [738/1000] Step [0/8] Loss: 5.1826 Bio: 0.8121 GateEnt: nan GateDiv: nan
Epoch [738/1000] Total Loss: 41.3225
Epoch [739/1000] Step [0/8] Loss: 4.9014 Bio: 0.8105 GateEnt: nan GateDiv: nan
Epoch [739/1000] Total Loss: 40.6262
Epoch [740/1000] Step [0/8] Loss: 5.0899 Bio: 0.7920 GateEnt: nan GateDiv: nan
Epoch [740/1000] Total Loss: 41.1443
Epoch [741/1000] Step [0/8] Loss: 5.0601 Bio: 0.9307 GateEnt: nan GateDiv: nan
Epoch [741/1000] Total Loss: 41.2242
Epoch [742/1000] Step [0/8] Loss: 5.0350 Bio: 0.7130 GateEnt: nan GateDiv: nan
Epoch [742/1000] Total Loss: 40.9932
Epoch [743/1000] Step [0/8] Loss: 5.1479 Bio: 0.7766 GateEnt: nan GateDiv: nan
Epoch [743/1000] Total Loss: 41.2874
Epoch [744/1000] Step [0/8] Loss: 5.1093 Bio: 0.7639 GateEnt: nan GateDiv: nan
Epoch [744/1000] Total Loss: 40.8741
Epoch [745/1000] Step [0/8] Loss: 5.2639 Bio: 0.9238 GateEnt: nan GateDiv: nan
Epoch [745/1000] Total Loss: 41.3359
Epoch [746/1000] Step [0/8] Loss: 5.1339 Bio: 0.8956 GateEnt: nan GateDiv: nan
Epoch [746/1000] Total Loss: 41.1425
Epoch [747/1000] Step [0/8] Loss: 4.9692 Bio: 0.7543 GateEnt: nan GateDiv: nan
Epoch [747/1000] Total Loss: 40.6850
Epoch [748/1000] Step [0/8] Loss: 5.0456 Bio: 0.7775 GateEnt: nan GateDiv: nan
Epoch [748/1000] Total Loss: 40.6211
Epoch [749/1000] Step [0/8] Loss: 5.0396 Bio: 0.8975 GateEnt: nan GateDiv: nan
Epoch [749/1000] Total Loss: 41.2636
Epoch [750/1000] Step [0/8] Loss: 5.2355 Bio: 0.8363 GateEnt: nan GateDiv: nan
Epoch [750/1000] Total Loss: 40.9513
Epoch [751/1000] Step [0/8] Loss: 5.1163 Bio: 0.7322 GateEnt: nan GateDiv: nan
Epoch [751/1000] Total Loss: 40.9014
Epoch [752/1000] Step [0/8] Loss: 4.9212 Bio: 0.7917 GateEnt: nan GateDiv: nan
Epoch [752/1000] Total Loss: 41.0339
Epoch [753/1000] Step [0/8] Loss: 5.1758 Bio: 0.7561 GateEnt: nan GateDiv: nan
Epoch [753/1000] Total Loss: 40.7866
Epoch [754/1000] Step [0/8] Loss: 5.0186 Bio: 0.7911 GateEnt: nan GateDiv: nan
Epoch [754/1000] Total Loss: 41.3160
Epoch [755/1000] Step [0/8] Loss: 5.1460 Bio: 0.8242 GateEnt: nan GateDiv: nan
Epoch [755/1000] Total Loss: 41.2337
Epoch [756/1000] Step [0/8] Loss: 5.2251 Bio: 0.8545 GateEnt: nan GateDiv: nan
Epoch [756/1000] Total Loss: 40.7324
Epoch [757/1000] Step [0/8] Loss: 5.2131 Bio: 0.7606 GateEnt: nan GateDiv: nan
Epoch [757/1000] Total Loss: 41.0963
Epoch [758/1000] Step [0/8] Loss: 5.2043 Bio: 0.9987 GateEnt: nan GateDiv: nan
Epoch [758/1000] Total Loss: 40.8512
Epoch [759/1000] Step [0/8] Loss: 5.1559 Bio: 0.8042 GateEnt: nan GateDiv: nan
Epoch [759/1000] Total Loss: 40.8786
Epoch [760/1000] Step [0/8] Loss: 5.1265 Bio: 0.8529 GateEnt: nan GateDiv: nan
Epoch [760/1000] Total Loss: 41.0381
Epoch [761/1000] Step [0/8] Loss: 5.1818 Bio: 0.7693 GateEnt: nan GateDiv: nan
Epoch [761/1000] Total Loss: 40.9395
Epoch [762/1000] Step [0/8] Loss: 5.1489 Bio: 0.8386 GateEnt: nan GateDiv: nan
Epoch [762/1000] Total Loss: 41.0207
Epoch [763/1000] Step [0/8] Loss: 5.0233 Bio: 0.7665 GateEnt: nan GateDiv: nan
Epoch [763/1000] Total Loss: 41.3427
Epoch [764/1000] Step [0/8] Loss: 5.1305 Bio: 0.7952 GateEnt: nan GateDiv: nan
Epoch [764/1000] Total Loss: 41.0974
Epoch [765/1000] Step [0/8] Loss: 5.1879 Bio: 0.7928 GateEnt: nan GateDiv: nan
Epoch [765/1000] Total Loss: 41.0655
Epoch [766/1000] Step [0/8] Loss: 5.1356 Bio: 0.8135 GateEnt: nan GateDiv: nan
Epoch [766/1000] Total Loss: 40.9407
Epoch [767/1000] Step [0/8] Loss: 5.3116 Bio: 0.7579 GateEnt: nan GateDiv: nan
Epoch [767/1000] Total Loss: 41.3129
Epoch [768/1000] Step [0/8] Loss: 5.1771 Bio: 0.8301 GateEnt: nan GateDiv: nan
Epoch [768/1000] Total Loss: 40.9592
Epoch [769/1000] Step [0/8] Loss: 5.1291 Bio: 0.8752 GateEnt: nan GateDiv: nan
Epoch [769/1000] Total Loss: 41.1677
Epoch [770/1000] Step [0/8] Loss: 5.2128 Bio: 0.7950 GateEnt: nan GateDiv: nan
Epoch [770/1000] Total Loss: 41.0846
Epoch [771/1000] Step [0/8] Loss: 5.0461 Bio: 0.8259 GateEnt: nan GateDiv: nan
Epoch [771/1000] Total Loss: 40.7078
Epoch [772/1000] Step [0/8] Loss: 5.1112 Bio: 0.8341 GateEnt: nan GateDiv: nan
Epoch [772/1000] Total Loss: 40.8964
Epoch [773/1000] Step [0/8] Loss: 5.1129 Bio: 0.9765 GateEnt: nan GateDiv: nan
Epoch [773/1000] Total Loss: 41.0668
Epoch [774/1000] Step [0/8] Loss: 4.9913 Bio: 0.7585 GateEnt: nan GateDiv: nan
Epoch [774/1000] Total Loss: 41.0042
Epoch [775/1000] Step [0/8] Loss: 5.3298 Bio: 0.9345 GateEnt: nan GateDiv: nan
Epoch [775/1000] Total Loss: 40.9452
Epoch [776/1000] Step [0/8] Loss: 5.0018 Bio: 0.8186 GateEnt: nan GateDiv: nan
Epoch [776/1000] Total Loss: 40.4469
Epoch [777/1000] Step [0/8] Loss: 5.0543 Bio: 0.7547 GateEnt: nan GateDiv: nan
Epoch [777/1000] Total Loss: 41.4019
Epoch [778/1000] Step [0/8] Loss: 5.1336 Bio: 0.7987 GateEnt: nan GateDiv: nan
Epoch [778/1000] Total Loss: 40.6526
Epoch [779/1000] Step [0/8] Loss: 5.0146 Bio: 0.8497 GateEnt: nan GateDiv: nan
Epoch [779/1000] Total Loss: 41.0403
Epoch [780/1000] Step [0/8] Loss: 5.1766 Bio: 0.8193 GateEnt: nan GateDiv: nan
Epoch [780/1000] Total Loss: 40.8875
Epoch [781/1000] Step [0/8] Loss: 5.1829 Bio: 0.8563 GateEnt: nan GateDiv: nan
Epoch [781/1000] Total Loss: 41.0864
Epoch [782/1000] Step [0/8] Loss: 5.3203 Bio: 0.8226 GateEnt: nan GateDiv: nan
Epoch [782/1000] Total Loss: 40.7749
Epoch [783/1000] Step [0/8] Loss: 5.0404 Bio: 0.8502 GateEnt: nan GateDiv: nan
Epoch [783/1000] Total Loss: 41.0086
Epoch [784/1000] Step [0/8] Loss: 4.9485 Bio: 0.7979 GateEnt: nan GateDiv: nan
Epoch [784/1000] Total Loss: 41.1339
Epoch [785/1000] Step [0/8] Loss: 4.9849 Bio: 0.7636 GateEnt: nan GateDiv: nan
Epoch [785/1000] Total Loss: 41.0499
Epoch [786/1000] Step [0/8] Loss: 5.3982 Bio: 0.8083 GateEnt: nan GateDiv: nan
Epoch [786/1000] Total Loss: 41.6998
Epoch [787/1000] Step [0/8] Loss: 5.2208 Bio: 0.8184 GateEnt: nan GateDiv: nan
Epoch [787/1000] Total Loss: 41.1340
Epoch [788/1000] Step [0/8] Loss: 4.9376 Bio: 0.8746 GateEnt: nan GateDiv: nan
Epoch [788/1000] Total Loss: 41.1435
Epoch [789/1000] Step [0/8] Loss: 5.1543 Bio: 0.9737 GateEnt: nan GateDiv: nan
Epoch [789/1000] Total Loss: 41.1599
Epoch [790/1000] Step [0/8] Loss: 5.1804 Bio: 0.7393 GateEnt: nan GateDiv: nan
Epoch [790/1000] Total Loss: 40.5731
Epoch [791/1000] Step [0/8] Loss: 5.1361 Bio: 0.7095 GateEnt: nan GateDiv: nan
Epoch [791/1000] Total Loss: 41.1725
Epoch [792/1000] Step [0/8] Loss: 5.1668 Bio: 0.8568 GateEnt: nan GateDiv: nan
Epoch [792/1000] Total Loss: 41.0663
Epoch [793/1000] Step [0/8] Loss: 5.1205 Bio: 0.7626 GateEnt: nan GateDiv: nan
Epoch [793/1000] Total Loss: 41.3410
Epoch [794/1000] Step [0/8] Loss: 5.1511 Bio: 0.8027 GateEnt: nan GateDiv: nan
Epoch [794/1000] Total Loss: 41.2067
Epoch [795/1000] Step [0/8] Loss: 5.0333 Bio: 0.8840 GateEnt: nan GateDiv: nan
Epoch [795/1000] Total Loss: 40.8639
Epoch [796/1000] Step [0/8] Loss: 5.0695 Bio: 0.7761 GateEnt: nan GateDiv: nan
Epoch [796/1000] Total Loss: 40.8598
Epoch [797/1000] Step [0/8] Loss: 5.3642 Bio: 0.8239 GateEnt: nan GateDiv: nan
Epoch [797/1000] Total Loss: 40.9398
Epoch [798/1000] Step [0/8] Loss: 5.1472 Bio: 0.8014 GateEnt: nan GateDiv: nan
Epoch [798/1000] Total Loss: 41.1255
Epoch [799/1000] Step [0/8] Loss: 4.9298 Bio: 0.8710 GateEnt: nan GateDiv: nan
Epoch [799/1000] Total Loss: 40.4425
Epoch [800/1000] Step [0/8] Loss: 5.1793 Bio: 0.7895 GateEnt: nan GateDiv: nan
Epoch [800/1000] Total Loss: 40.6541
Epoch [801/1000] Step [0/8] Loss: 5.0179 Bio: 0.8449 GateEnt: nan GateDiv: nan
Epoch [801/1000] Total Loss: 40.5429
Epoch [802/1000] Step [0/8] Loss: 5.0902 Bio: 0.7575 GateEnt: nan GateDiv: nan
Epoch [802/1000] Total Loss: 40.9405
Epoch [803/1000] Step [0/8] Loss: 5.1655 Bio: 0.8271 GateEnt: nan GateDiv: nan
Epoch [803/1000] Total Loss: 40.9349
Epoch [804/1000] Step [0/8] Loss: 5.1494 Bio: 0.7882 GateEnt: nan GateDiv: nan
Epoch [804/1000] Total Loss: 40.9534
Epoch [805/1000] Step [0/8] Loss: 5.0214 Bio: 0.8236 GateEnt: nan GateDiv: nan
Epoch [805/1000] Total Loss: 40.7829
Epoch [806/1000] Step [0/8] Loss: 5.0627 Bio: 0.7791 GateEnt: nan GateDiv: nan
Epoch [806/1000] Total Loss: 40.5479
Epoch [807/1000] Step [0/8] Loss: 5.0951 Bio: 0.9564 GateEnt: nan GateDiv: nan
Epoch [807/1000] Total Loss: 40.5978
Epoch [808/1000] Step [0/8] Loss: 5.1083 Bio: 0.6977 GateEnt: nan GateDiv: nan
Epoch [808/1000] Total Loss: 41.1486
Epoch [809/1000] Step [0/8] Loss: 4.9866 Bio: 0.8014 GateEnt: nan GateDiv: nan
Epoch [809/1000] Total Loss: 40.5358
Epoch [810/1000] Step [0/8] Loss: 5.1221 Bio: 0.7692 GateEnt: nan GateDiv: nan
Epoch [810/1000] Total Loss: 40.9004
Epoch [811/1000] Step [0/8] Loss: 5.3064 Bio: 0.8776 GateEnt: nan GateDiv: nan
Epoch [811/1000] Total Loss: 40.9693
Epoch [812/1000] Step [0/8] Loss: 5.1802 Bio: 1.0146 GateEnt: nan GateDiv: nan
Epoch [812/1000] Total Loss: 41.3203
Epoch [813/1000] Step [0/8] Loss: 5.0034 Bio: 0.8775 GateEnt: nan GateDiv: nan
Epoch [813/1000] Total Loss: 40.7239
Epoch [814/1000] Step [0/8] Loss: 5.3005 Bio: 0.9916 GateEnt: nan GateDiv: nan
Epoch [814/1000] Total Loss: 40.7505
Epoch [815/1000] Step [0/8] Loss: 4.9983 Bio: 0.8184 GateEnt: nan GateDiv: nan
Epoch [815/1000] Total Loss: 40.9326
Epoch [816/1000] Step [0/8] Loss: 5.0894 Bio: 0.8070 GateEnt: nan GateDiv: nan
Epoch [816/1000] Total Loss: 41.0822
Epoch [817/1000] Step [0/8] Loss: 5.3312 Bio: 0.7803 GateEnt: nan GateDiv: nan
Epoch [817/1000] Total Loss: 40.7377
Epoch [818/1000] Step [0/8] Loss: 5.2443 Bio: 0.7968 GateEnt: nan GateDiv: nan
Epoch [818/1000] Total Loss: 40.6955
Epoch [819/1000] Step [0/8] Loss: 5.2998 Bio: 0.7296 GateEnt: nan GateDiv: nan
Epoch [819/1000] Total Loss: 40.5754
Epoch [820/1000] Step [0/8] Loss: 5.0408 Bio: 1.0144 GateEnt: nan GateDiv: nan
Epoch [820/1000] Total Loss: 40.5645
Epoch [821/1000] Step [0/8] Loss: 5.1072 Bio: 0.8886 GateEnt: nan GateDiv: nan
Epoch [821/1000] Total Loss: 40.7193
Epoch [822/1000] Step [0/8] Loss: 5.0245 Bio: 0.7476 GateEnt: nan GateDiv: nan
Epoch [822/1000] Total Loss: 40.6489
Epoch [823/1000] Step [0/8] Loss: 4.9231 Bio: 0.7908 GateEnt: nan GateDiv: nan
Epoch [823/1000] Total Loss: 40.8831
Epoch [824/1000] Step [0/8] Loss: 5.0870 Bio: 0.8464 GateEnt: nan GateDiv: nan
Epoch [824/1000] Total Loss: 40.6512
Epoch [825/1000] Step [0/8] Loss: 5.0085 Bio: 0.9222 GateEnt: nan GateDiv: nan
Epoch [825/1000] Total Loss: 40.6400
Epoch [826/1000] Step [0/8] Loss: 5.1442 Bio: 0.8038 GateEnt: nan GateDiv: nan
Epoch [826/1000] Total Loss: 40.3075
Epoch [827/1000] Step [0/8] Loss: 4.9896 Bio: 0.9476 GateEnt: nan GateDiv: nan
Epoch [827/1000] Total Loss: 40.7320
Epoch [828/1000] Step [0/8] Loss: 4.9654 Bio: 0.8775 GateEnt: nan GateDiv: nan
Epoch [828/1000] Total Loss: 40.4741
Epoch [829/1000] Step [0/8] Loss: 5.1361 Bio: 0.7087 GateEnt: nan GateDiv: nan
Epoch [829/1000] Total Loss: 40.8720
Epoch [830/1000] Step [0/8] Loss: 5.0176 Bio: 0.8628 GateEnt: nan GateDiv: nan
Epoch [830/1000] Total Loss: 41.5767
Epoch [831/1000] Step [0/8] Loss: 5.0200 Bio: 0.7989 GateEnt: nan GateDiv: nan
Epoch [831/1000] Total Loss: 40.6684
Epoch [832/1000] Step [0/8] Loss: 5.1608 Bio: 0.8983 GateEnt: nan GateDiv: nan
Epoch [832/1000] Total Loss: 40.8666
Epoch [833/1000] Step [0/8] Loss: 5.0905 Bio: 0.7729 GateEnt: nan GateDiv: nan
Epoch [833/1000] Total Loss: 40.2752
Epoch [834/1000] Step [0/8] Loss: 5.2400 Bio: 0.8649 GateEnt: nan GateDiv: nan
Epoch [834/1000] Total Loss: 40.9574
Epoch [835/1000] Step [0/8] Loss: 5.2513 Bio: 0.8547 GateEnt: nan GateDiv: nan
Epoch [835/1000] Total Loss: 40.9450
Epoch [836/1000] Step [0/8] Loss: 5.0594 Bio: 0.7492 GateEnt: nan GateDiv: nan
Epoch [836/1000] Total Loss: 40.6491
Epoch [837/1000] Step [0/8] Loss: 5.0066 Bio: 0.9142 GateEnt: nan GateDiv: nan
Epoch [837/1000] Total Loss: 40.8797
Epoch [838/1000] Step [0/8] Loss: 5.1912 Bio: 0.8596 GateEnt: nan GateDiv: nan
Epoch [838/1000] Total Loss: 40.8796
Epoch [839/1000] Step [0/8] Loss: 5.2695 Bio: 0.8867 GateEnt: nan GateDiv: nan
Epoch [839/1000] Total Loss: 41.0674
Epoch [840/1000] Step [0/8] Loss: 5.2575 Bio: 0.8006 GateEnt: nan GateDiv: nan
Epoch [840/1000] Total Loss: 40.6153
Epoch [841/1000] Step [0/8] Loss: 5.0342 Bio: 0.8579 GateEnt: nan GateDiv: nan
Epoch [841/1000] Total Loss: 40.6665
Epoch [842/1000] Step [0/8] Loss: 5.1201 Bio: 0.8471 GateEnt: nan GateDiv: nan
Epoch [842/1000] Total Loss: 41.1407
Epoch [843/1000] Step [0/8] Loss: 4.9653 Bio: 0.7882 GateEnt: nan GateDiv: nan
Epoch [843/1000] Total Loss: 40.4586
Epoch [844/1000] Step [0/8] Loss: 5.0764 Bio: 0.8931 GateEnt: nan GateDiv: nan
Epoch [844/1000] Total Loss: 40.4326
Epoch [845/1000] Step [0/8] Loss: 5.2417 Bio: 0.7827 GateEnt: nan GateDiv: nan
Epoch [845/1000] Total Loss: 40.9662
Epoch [846/1000] Step [0/8] Loss: 4.9685 Bio: 0.8439 GateEnt: nan GateDiv: nan
Epoch [846/1000] Total Loss: 40.9108
Epoch [847/1000] Step [0/8] Loss: 4.9550 Bio: 0.8034 GateEnt: nan GateDiv: nan
Epoch [847/1000] Total Loss: 40.6656
Epoch [848/1000] Step [0/8] Loss: 5.1039 Bio: 0.7895 GateEnt: nan GateDiv: nan
Epoch [848/1000] Total Loss: 40.8410
Epoch [849/1000] Step [0/8] Loss: 5.0618 Bio: 0.7741 GateEnt: nan GateDiv: nan
Epoch [849/1000] Total Loss: 40.4314
Epoch [850/1000] Step [0/8] Loss: 5.1058 Bio: 0.8772 GateEnt: nan GateDiv: nan
Epoch [850/1000] Total Loss: 40.9031
Epoch [851/1000] Step [0/8] Loss: 4.9231 Bio: 0.8557 GateEnt: nan GateDiv: nan
Epoch [851/1000] Total Loss: 40.5608
Epoch [852/1000] Step [0/8] Loss: 4.9034 Bio: 0.8994 GateEnt: nan GateDiv: nan
Epoch [852/1000] Total Loss: 40.0858
Epoch [853/1000] Step [0/8] Loss: 5.0245 Bio: 0.7829 GateEnt: nan GateDiv: nan
Epoch [853/1000] Total Loss: 40.4178
Epoch [854/1000] Step [0/8] Loss: 4.9383 Bio: 0.8571 GateEnt: nan GateDiv: nan
Epoch [854/1000] Total Loss: 40.7316
Epoch [855/1000] Step [0/8] Loss: 5.0246 Bio: 0.7358 GateEnt: nan GateDiv: nan
Epoch [855/1000] Total Loss: 40.4008
Epoch [856/1000] Step [0/8] Loss: 5.1893 Bio: 0.8673 GateEnt: nan GateDiv: nan
Epoch [856/1000] Total Loss: 40.5584
Epoch [857/1000] Step [0/8] Loss: 5.2670 Bio: 0.7355 GateEnt: nan GateDiv: nan
Epoch [857/1000] Total Loss: 40.4910
Epoch [858/1000] Step [0/8] Loss: 5.1110 Bio: 0.8789 GateEnt: nan GateDiv: nan
Epoch [858/1000] Total Loss: 40.9864
Epoch [859/1000] Step [0/8] Loss: 5.0368 Bio: 0.7631 GateEnt: nan GateDiv: nan
Epoch [859/1000] Total Loss: 40.7616
Epoch [860/1000] Step [0/8] Loss: 5.0145 Bio: 0.8896 GateEnt: nan GateDiv: nan
Epoch [860/1000] Total Loss: 40.7640
Epoch [861/1000] Step [0/8] Loss: 5.0572 Bio: 0.9217 GateEnt: nan GateDiv: nan
Epoch [861/1000] Total Loss: 40.4650
Epoch [862/1000] Step [0/8] Loss: 4.9858 Bio: 0.8589 GateEnt: nan GateDiv: nan
Epoch [862/1000] Total Loss: 40.5251
Epoch [863/1000] Step [0/8] Loss: 5.1303 Bio: 0.8008 GateEnt: nan GateDiv: nan
Epoch [863/1000] Total Loss: 40.5577
Epoch [864/1000] Step [0/8] Loss: 5.1380 Bio: 0.8118 GateEnt: nan GateDiv: nan
Epoch [864/1000] Total Loss: 40.4929
Epoch [865/1000] Step [0/8] Loss: 5.0907 Bio: 0.7301 GateEnt: nan GateDiv: nan
Epoch [865/1000] Total Loss: 40.6132
Epoch [866/1000] Step [0/8] Loss: 5.0768 Bio: 0.8296 GateEnt: nan GateDiv: nan
Epoch [866/1000] Total Loss: 40.5993
Epoch [867/1000] Step [0/8] Loss: 4.9967 Bio: 0.7575 GateEnt: nan GateDiv: nan
Epoch [867/1000] Total Loss: 40.3852
Epoch [868/1000] Step [0/8] Loss: 5.0590 Bio: 0.8336 GateEnt: nan GateDiv: nan
Epoch [868/1000] Total Loss: 40.4927
Epoch [869/1000] Step [0/8] Loss: 5.0875 Bio: 0.7967 GateEnt: nan GateDiv: nan
Epoch [869/1000] Total Loss: 40.2384
Epoch [870/1000] Step [0/8] Loss: 4.9888 Bio: 0.8655 GateEnt: nan GateDiv: nan
Epoch [870/1000] Total Loss: 40.7820
Epoch [871/1000] Step [0/8] Loss: 5.0939 Bio: 0.7456 GateEnt: nan GateDiv: nan
Epoch [871/1000] Total Loss: 40.7206
Epoch [872/1000] Step [0/8] Loss: 5.2683 Bio: 1.1123 GateEnt: nan GateDiv: nan
Epoch [872/1000] Total Loss: 40.5852
Epoch [873/1000] Step [0/8] Loss: 5.2303 Bio: 0.7848 GateEnt: nan GateDiv: nan
Epoch [873/1000] Total Loss: 40.6030
Epoch [874/1000] Step [0/8] Loss: 5.0505 Bio: 0.7229 GateEnt: nan GateDiv: nan
Epoch [874/1000] Total Loss: 40.8375
Epoch [875/1000] Step [0/8] Loss: 5.0684 Bio: 0.8073 GateEnt: nan GateDiv: nan
Epoch [875/1000] Total Loss: 40.4651
Epoch [876/1000] Step [0/8] Loss: 4.9332 Bio: 0.7335 GateEnt: nan GateDiv: nan
Epoch [876/1000] Total Loss: 40.4155
Epoch [877/1000] Step [0/8] Loss: 4.9335 Bio: 0.7502 GateEnt: nan GateDiv: nan
Epoch [877/1000] Total Loss: 40.7176
Epoch [878/1000] Step [0/8] Loss: 5.0905 Bio: 0.8276 GateEnt: nan GateDiv: nan
Epoch [878/1000] Total Loss: 40.0081
Epoch [879/1000] Step [0/8] Loss: 5.0073 Bio: 0.8012 GateEnt: nan GateDiv: nan
Epoch [879/1000] Total Loss: 40.7730
Epoch [880/1000] Step [0/8] Loss: 5.0775 Bio: 1.0384 GateEnt: nan GateDiv: nan
Epoch [880/1000] Total Loss: 40.5793
Epoch [881/1000] Step [0/8] Loss: 4.9498 Bio: 0.8026 GateEnt: nan GateDiv: nan
Epoch [881/1000] Total Loss: 40.6360
Epoch [882/1000] Step [0/8] Loss: 5.0260 Bio: 0.8179 GateEnt: nan GateDiv: nan
Epoch [882/1000] Total Loss: 40.9150
Epoch [883/1000] Step [0/8] Loss: 4.9927 Bio: 0.7584 GateEnt: nan GateDiv: nan
Epoch [883/1000] Total Loss: 41.1441
Epoch [884/1000] Step [0/8] Loss: 4.9581 Bio: 0.9317 GateEnt: nan GateDiv: nan
Epoch [884/1000] Total Loss: 40.6055
Epoch [885/1000] Step [0/8] Loss: 4.9012 Bio: 0.7723 GateEnt: nan GateDiv: nan
Epoch [885/1000] Total Loss: 40.4051
Epoch [886/1000] Step [0/8] Loss: 5.0450 Bio: 0.7956 GateEnt: nan GateDiv: nan
Epoch [886/1000] Total Loss: 40.8803
Epoch [887/1000] Step [0/8] Loss: 4.9405 Bio: 0.8886 GateEnt: nan GateDiv: nan
Epoch [887/1000] Total Loss: 40.1082
Epoch [888/1000] Step [0/8] Loss: 5.0308 Bio: 0.9022 GateEnt: nan GateDiv: nan
Epoch [888/1000] Total Loss: 40.8100
Epoch [889/1000] Step [0/8] Loss: 5.0529 Bio: 0.8484 GateEnt: nan GateDiv: nan
Epoch [889/1000] Total Loss: 40.3513
Epoch [890/1000] Step [0/8] Loss: 5.0769 Bio: 0.9519 GateEnt: nan GateDiv: nan
Epoch [890/1000] Total Loss: 40.4544
Epoch [891/1000] Step [0/8] Loss: 5.0253 Bio: 0.8275 GateEnt: nan GateDiv: nan
Epoch [891/1000] Total Loss: 40.7153
Epoch [892/1000] Step [0/8] Loss: 5.0590 Bio: 0.7734 GateEnt: nan GateDiv: nan
Epoch [892/1000] Total Loss: 40.1310
Epoch [893/1000] Step [0/8] Loss: 5.0932 Bio: 0.6830 GateEnt: nan GateDiv: nan
Epoch [893/1000] Total Loss: 40.5714
Epoch [894/1000] Step [0/8] Loss: 5.1313 Bio: 0.8880 GateEnt: nan GateDiv: nan
Epoch [894/1000] Total Loss: 40.4372
Epoch [895/1000] Step [0/8] Loss: 4.8024 Bio: 0.7183 GateEnt: nan GateDiv: nan
Epoch [895/1000] Total Loss: 40.1738
Epoch [896/1000] Step [0/8] Loss: 4.8514 Bio: 0.7328 GateEnt: nan GateDiv: nan
Epoch [896/1000] Total Loss: 40.1286
Epoch [897/1000] Step [0/8] Loss: 4.9958 Bio: 0.7725 GateEnt: nan GateDiv: nan
Epoch [897/1000] Total Loss: 40.0759
Epoch [898/1000] Step [0/8] Loss: 5.0520 Bio: 0.7610 GateEnt: nan GateDiv: nan
Epoch [898/1000] Total Loss: 40.7660
Epoch [899/1000] Step [0/8] Loss: 4.9383 Bio: 0.8626 GateEnt: nan GateDiv: nan
Epoch [899/1000] Total Loss: 40.2935
Epoch [900/1000] Step [0/8] Loss: 5.1451 Bio: 0.9541 GateEnt: nan GateDiv: nan
Epoch [900/1000] Total Loss: 40.5555
Epoch [901/1000] Step [0/8] Loss: 4.8844 Bio: 0.9040 GateEnt: nan GateDiv: nan
Epoch [901/1000] Total Loss: 40.4602
Epoch [902/1000] Step [0/8] Loss: 5.1422 Bio: 0.8776 GateEnt: nan GateDiv: nan
Epoch [902/1000] Total Loss: 40.9575
Epoch [903/1000] Step [0/8] Loss: 5.1210 Bio: 0.7519 GateEnt: nan GateDiv: nan
Epoch [903/1000] Total Loss: 40.4917
Epoch [904/1000] Step [0/8] Loss: 5.0345 Bio: 0.7650 GateEnt: nan GateDiv: nan
Epoch [904/1000] Total Loss: 40.7164
Epoch [905/1000] Step [0/8] Loss: 4.9982 Bio: 0.7859 GateEnt: nan GateDiv: nan
Epoch [905/1000] Total Loss: 40.1497
Epoch [906/1000] Step [0/8] Loss: 5.0708 Bio: 0.8869 GateEnt: nan GateDiv: nan
Epoch [906/1000] Total Loss: 40.2444
Epoch [907/1000] Step [0/8] Loss: 5.1145 Bio: 0.8291 GateEnt: nan GateDiv: nan
Epoch [907/1000] Total Loss: 41.0168
Epoch [908/1000] Step [0/8] Loss: 5.0567 Bio: 0.7884 GateEnt: nan GateDiv: nan
Epoch [908/1000] Total Loss: 40.3176
Epoch [909/1000] Step [0/8] Loss: 4.9763 Bio: 0.7457 GateEnt: nan GateDiv: nan
Epoch [909/1000] Total Loss: 40.2571
Epoch [910/1000] Step [0/8] Loss: 5.2548 Bio: 0.8328 GateEnt: nan GateDiv: nan
Epoch [910/1000] Total Loss: 40.7859
Epoch [911/1000] Step [0/8] Loss: 4.9401 Bio: 0.7948 GateEnt: nan GateDiv: nan
Epoch [911/1000] Total Loss: 40.3708
Epoch [912/1000] Step [0/8] Loss: 5.0300 Bio: 0.8785 GateEnt: nan GateDiv: nan
Epoch [912/1000] Total Loss: 40.2024
Epoch [913/1000] Step [0/8] Loss: 5.1712 Bio: 0.7925 GateEnt: nan GateDiv: nan
Epoch [913/1000] Total Loss: 40.5068
Epoch [914/1000] Step [0/8] Loss: 5.1200 Bio: 0.8510 GateEnt: nan GateDiv: nan
Epoch [914/1000] Total Loss: 40.7723
Epoch [915/1000] Step [0/8] Loss: 4.9722 Bio: 0.8129 GateEnt: nan GateDiv: nan
Epoch [915/1000] Total Loss: 40.0258
Epoch [916/1000] Step [0/8] Loss: 5.0503 Bio: 0.9898 GateEnt: nan GateDiv: nan
Epoch [916/1000] Total Loss: 40.0479
Epoch [917/1000] Step [0/8] Loss: 4.9457 Bio: 0.7479 GateEnt: nan GateDiv: nan
Epoch [917/1000] Total Loss: 40.1262
Epoch [918/1000] Step [0/8] Loss: 5.2775 Bio: 0.8438 GateEnt: nan GateDiv: nan
Epoch [918/1000] Total Loss: 40.4182
Epoch [919/1000] Step [0/8] Loss: 5.0156 Bio: 0.9374 GateEnt: nan GateDiv: nan
Epoch [919/1000] Total Loss: 40.8261
Epoch [920/1000] Step [0/8] Loss: 5.1732 Bio: 0.8710 GateEnt: nan GateDiv: nan
Epoch [920/1000] Total Loss: 40.6854
Epoch [921/1000] Step [0/8] Loss: 5.0355 Bio: 0.8734 GateEnt: nan GateDiv: nan
Epoch [921/1000] Total Loss: 40.3011
Epoch [922/1000] Step [0/8] Loss: 4.9135 Bio: 0.8290 GateEnt: nan GateDiv: nan
Epoch [922/1000] Total Loss: 40.2192
Epoch [923/1000] Step [0/8] Loss: 4.9213 Bio: 0.9309 GateEnt: nan GateDiv: nan
Epoch [923/1000] Total Loss: 40.3543
Epoch [924/1000] Step [0/8] Loss: 5.0435 Bio: 0.7943 GateEnt: nan GateDiv: nan
Epoch [924/1000] Total Loss: 40.6980
Epoch [925/1000] Step [0/8] Loss: 5.0175 Bio: 0.8877 GateEnt: nan GateDiv: nan
Epoch [925/1000] Total Loss: 40.2667
Epoch [926/1000] Step [0/8] Loss: 5.0291 Bio: 0.7859 GateEnt: nan GateDiv: nan
Epoch [926/1000] Total Loss: 40.0210
Epoch [927/1000] Step [0/8] Loss: 5.1427 Bio: 0.8541 GateEnt: nan GateDiv: nan
Epoch [927/1000] Total Loss: 40.5838
Epoch [928/1000] Step [0/8] Loss: 5.1592 Bio: 0.8653 GateEnt: nan GateDiv: nan
Epoch [928/1000] Total Loss: 40.2214
Epoch [929/1000] Step [0/8] Loss: 5.2393 Bio: 0.7530 GateEnt: nan GateDiv: nan
Epoch [929/1000] Total Loss: 40.8338
Epoch [930/1000] Step [0/8] Loss: 5.0741 Bio: 0.8416 GateEnt: nan GateDiv: nan
Epoch [930/1000] Total Loss: 40.3650
Epoch [931/1000] Step [0/8] Loss: 4.9517 Bio: 0.8285 GateEnt: nan GateDiv: nan
Epoch [931/1000] Total Loss: 40.1405
Epoch [932/1000] Step [0/8] Loss: 5.1069 Bio: 0.8067 GateEnt: nan GateDiv: nan
Epoch [932/1000] Total Loss: 40.5448
Epoch [933/1000] Step [0/8] Loss: 5.1342 Bio: 0.9606 GateEnt: nan GateDiv: nan
Epoch [933/1000] Total Loss: 40.2560
Epoch [934/1000] Step [0/8] Loss: 4.9779 Bio: 0.7297 GateEnt: nan GateDiv: nan
Epoch [934/1000] Total Loss: 40.6124
Epoch [935/1000] Step [0/8] Loss: 4.9931 Bio: 0.8390 GateEnt: nan GateDiv: nan
Epoch [935/1000] Total Loss: 40.2230
Epoch [936/1000] Step [0/8] Loss: 4.9043 Bio: 0.8550 GateEnt: nan GateDiv: nan
Epoch [936/1000] Total Loss: 40.3815
Epoch [937/1000] Step [0/8] Loss: 5.0087 Bio: 0.7852 GateEnt: nan GateDiv: nan
Epoch [937/1000] Total Loss: 40.3581
Epoch [938/1000] Step [0/8] Loss: 5.0634 Bio: 0.7906 GateEnt: nan GateDiv: nan
Epoch [938/1000] Total Loss: 40.5252
Epoch [939/1000] Step [0/8] Loss: 5.1243 Bio: 0.7512 GateEnt: nan GateDiv: nan
Epoch [939/1000] Total Loss: 40.2923
Epoch [940/1000] Step [0/8] Loss: 4.9653 Bio: 0.7722 GateEnt: nan GateDiv: nan
Epoch [940/1000] Total Loss: 40.1918
Epoch [941/1000] Step [0/8] Loss: 5.0922 Bio: 0.8769 GateEnt: nan GateDiv: nan
Epoch [941/1000] Total Loss: 40.5373
Epoch [942/1000] Step [0/8] Loss: 4.8231 Bio: 0.7979 GateEnt: nan GateDiv: nan
Epoch [942/1000] Total Loss: 40.4469
Epoch [943/1000] Step [0/8] Loss: 5.1165 Bio: 0.9567 GateEnt: nan GateDiv: nan
Epoch [943/1000] Total Loss: 40.6593
Epoch [944/1000] Step [0/8] Loss: 5.0905 Bio: 0.7662 GateEnt: nan GateDiv: nan
Epoch [944/1000] Total Loss: 40.4216
Epoch [945/1000] Step [0/8] Loss: 5.2167 Bio: 0.8644 GateEnt: nan GateDiv: nan
Epoch [945/1000] Total Loss: 40.9673
Epoch [946/1000] Step [0/8] Loss: 5.1890 Bio: 0.8810 GateEnt: nan GateDiv: nan
Epoch [946/1000] Total Loss: 40.6521
Epoch [947/1000] Step [0/8] Loss: 5.0910 Bio: 0.7749 GateEnt: nan GateDiv: nan
Epoch [947/1000] Total Loss: 40.0722
Epoch [948/1000] Step [0/8] Loss: 5.1041 Bio: 0.8122 GateEnt: nan GateDiv: nan
Epoch [948/1000] Total Loss: 40.3340
Epoch [949/1000] Step [0/8] Loss: 5.1146 Bio: 0.7681 GateEnt: nan GateDiv: nan
Epoch [949/1000] Total Loss: 40.4881
Epoch [950/1000] Step [0/8] Loss: 5.2781 Bio: 0.7440 GateEnt: nan GateDiv: nan
Epoch [950/1000] Total Loss: 40.9372
Epoch [951/1000] Step [0/8] Loss: 4.9775 Bio: 0.7732 GateEnt: nan GateDiv: nan
Epoch [951/1000] Total Loss: 40.3652
Epoch [952/1000] Step [0/8] Loss: 4.8822 Bio: 0.7947 GateEnt: nan GateDiv: nan
Epoch [952/1000] Total Loss: 39.6453
Epoch [953/1000] Step [0/8] Loss: 5.0194 Bio: 0.8815 GateEnt: nan GateDiv: nan
Epoch [953/1000] Total Loss: 40.2591
Epoch [954/1000] Step [0/8] Loss: 4.9826 Bio: 0.7709 GateEnt: nan GateDiv: nan
Epoch [954/1000] Total Loss: 40.4444
Epoch [955/1000] Step [0/8] Loss: 4.9777 Bio: 0.7430 GateEnt: nan GateDiv: nan
Epoch [955/1000] Total Loss: 40.0783
Epoch [956/1000] Step [0/8] Loss: 5.1482 Bio: 0.8312 GateEnt: nan GateDiv: nan
Epoch [956/1000] Total Loss: 40.7694
Epoch [957/1000] Step [0/8] Loss: 5.1134 Bio: 0.7916 GateEnt: nan GateDiv: nan
Epoch [957/1000] Total Loss: 40.1748
Epoch [958/1000] Step [0/8] Loss: 5.0463 Bio: 0.9815 GateEnt: nan GateDiv: nan
Epoch [958/1000] Total Loss: 40.4436
Epoch [959/1000] Step [0/8] Loss: 5.0572 Bio: 0.7923 GateEnt: nan GateDiv: nan
Epoch [959/1000] Total Loss: 40.0927
Epoch [960/1000] Step [0/8] Loss: 5.0944 Bio: 0.7382 GateEnt: nan GateDiv: nan
Epoch [960/1000] Total Loss: 40.3758
Epoch [961/1000] Step [0/8] Loss: 5.1608 Bio: 0.8083 GateEnt: nan GateDiv: nan
Epoch [961/1000] Total Loss: 40.4192
Epoch [962/1000] Step [0/8] Loss: 5.2021 Bio: 0.6956 GateEnt: nan GateDiv: nan
Epoch [962/1000] Total Loss: 40.5732
Epoch [963/1000] Step [0/8] Loss: 5.0339 Bio: 0.8549 GateEnt: nan GateDiv: nan
Epoch [963/1000] Total Loss: 40.4135
Epoch [964/1000] Step [0/8] Loss: 5.1487 Bio: 0.8498 GateEnt: nan GateDiv: nan
Epoch [964/1000] Total Loss: 40.6706
Epoch [965/1000] Step [0/8] Loss: 5.0312 Bio: 0.7166 GateEnt: nan GateDiv: nan
Epoch [965/1000] Total Loss: 40.1282
Epoch [966/1000] Step [0/8] Loss: 5.0455 Bio: 0.7454 GateEnt: nan GateDiv: nan
Epoch [966/1000] Total Loss: 39.9174
Epoch [967/1000] Step [0/8] Loss: 4.9315 Bio: 0.8907 GateEnt: nan GateDiv: nan
Epoch [967/1000] Total Loss: 40.2394
Epoch [968/1000] Step [0/8] Loss: 5.1750 Bio: 0.8705 GateEnt: nan GateDiv: nan
Epoch [968/1000] Total Loss: 40.8097
Epoch [969/1000] Step [0/8] Loss: 4.9856 Bio: 0.8418 GateEnt: nan GateDiv: nan
Epoch [969/1000] Total Loss: 40.5368
Epoch [970/1000] Step [0/8] Loss: 5.1113 Bio: 0.7830 GateEnt: nan GateDiv: nan
Epoch [970/1000] Total Loss: 40.2320
Epoch [971/1000] Step [0/8] Loss: 5.0116 Bio: 0.8000 GateEnt: nan GateDiv: nan
Epoch [971/1000] Total Loss: 40.0962
Epoch [972/1000] Step [0/8] Loss: 4.9638 Bio: 0.8312 GateEnt: nan GateDiv: nan
Epoch [972/1000] Total Loss: 39.9470
Epoch [973/1000] Step [0/8] Loss: 5.0271 Bio: 0.7983 GateEnt: nan GateDiv: nan
Epoch [973/1000] Total Loss: 40.1181
Epoch [974/1000] Step [0/8] Loss: 4.9161 Bio: 0.8288 GateEnt: nan GateDiv: nan
Epoch [974/1000] Total Loss: 40.0813
Epoch [975/1000] Step [0/8] Loss: 5.0999 Bio: 0.7552 GateEnt: nan GateDiv: nan
Epoch [975/1000] Total Loss: 40.1513
Epoch [976/1000] Step [0/8] Loss: 5.1245 Bio: 0.8002 GateEnt: nan GateDiv: nan
Epoch [976/1000] Total Loss: 40.5269
Epoch [977/1000] Step [0/8] Loss: 5.1401 Bio: 0.7653 GateEnt: nan GateDiv: nan
Epoch [977/1000] Total Loss: 40.6768
Epoch [978/1000] Step [0/8] Loss: 5.0386 Bio: 0.8133 GateEnt: nan GateDiv: nan
Epoch [978/1000] Total Loss: 39.9138
Epoch [979/1000] Step [0/8] Loss: 4.9518 Bio: 0.7223 GateEnt: nan GateDiv: nan
Epoch [979/1000] Total Loss: 39.8057
Epoch [980/1000] Step [0/8] Loss: 4.9419 Bio: 0.8310 GateEnt: nan GateDiv: nan
Epoch [980/1000] Total Loss: 40.3823
Epoch [981/1000] Step [0/8] Loss: 4.9612 Bio: 0.7779 GateEnt: nan GateDiv: nan
Epoch [981/1000] Total Loss: 39.8372
Epoch [982/1000] Step [0/8] Loss: 5.1912 Bio: 0.7441 GateEnt: nan GateDiv: nan
Epoch [982/1000] Total Loss: 40.6924
Epoch [983/1000] Step [0/8] Loss: 5.0542 Bio: 0.7971 GateEnt: nan GateDiv: nan
Epoch [983/1000] Total Loss: 40.4880
Epoch [984/1000] Step [0/8] Loss: 4.9965 Bio: 0.7990 GateEnt: nan GateDiv: nan
Epoch [984/1000] Total Loss: 40.4623
Epoch [985/1000] Step [0/8] Loss: 5.0769 Bio: 0.8143 GateEnt: nan GateDiv: nan
Epoch [985/1000] Total Loss: 39.9541
Epoch [986/1000] Step [0/8] Loss: 4.9013 Bio: 0.7066 GateEnt: nan GateDiv: nan
Epoch [986/1000] Total Loss: 40.2388
Epoch [987/1000] Step [0/8] Loss: 5.0431 Bio: 0.7991 GateEnt: nan GateDiv: nan
Epoch [987/1000] Total Loss: 40.6361
Epoch [988/1000] Step [0/8] Loss: 4.8728 Bio: 0.7727 GateEnt: nan GateDiv: nan
Epoch [988/1000] Total Loss: 39.6011
Epoch [989/1000] Step [0/8] Loss: 5.1917 Bio: 0.8190 GateEnt: nan GateDiv: nan
Epoch [989/1000] Total Loss: 40.3012
Epoch [990/1000] Step [0/8] Loss: 4.9868 Bio: 0.7353 GateEnt: nan GateDiv: nan
Epoch [990/1000] Total Loss: 40.3449
Epoch [991/1000] Step [0/8] Loss: 4.8376 Bio: 0.8970 GateEnt: nan GateDiv: nan
Epoch [991/1000] Total Loss: 39.9615
Epoch [992/1000] Step [0/8] Loss: 5.0110 Bio: 0.6917 GateEnt: nan GateDiv: nan
Epoch [992/1000] Total Loss: 39.9691
Epoch [993/1000] Step [0/8] Loss: 5.0485 Bio: 0.7913 GateEnt: nan GateDiv: nan
Epoch [993/1000] Total Loss: 40.4674
Epoch [994/1000] Step [0/8] Loss: 5.0936 Bio: 0.8402 GateEnt: nan GateDiv: nan
Epoch [994/1000] Total Loss: 40.1017
Epoch [995/1000] Step [0/8] Loss: 5.1410 Bio: 0.8310 GateEnt: nan GateDiv: nan
Epoch [995/1000] Total Loss: 39.8925
Epoch [996/1000] Step [0/8] Loss: 4.9810 Bio: 0.8551 GateEnt: nan GateDiv: nan
Epoch [996/1000] Total Loss: 40.2112
Epoch [997/1000] Step [0/8] Loss: 4.9349 Bio: 0.8749 GateEnt: nan GateDiv: nan
Epoch [997/1000] Total Loss: 40.4275
Epoch [998/1000] Step [0/8] Loss: 4.8181 Bio: 0.8340 GateEnt: nan GateDiv: nan
Epoch [998/1000] Total Loss: 40.3558
Epoch [999/1000] Step [0/8] Loss: 5.2176 Bio: 0.8921 GateEnt: nan GateDiv: nan
Epoch [999/1000] Total Loss: 40.3411

=== Loss Summary ===
  Epoch   1: 54.9584
  Epoch 251: 44.7480
  Epoch 501: 41.5684
  Epoch 751: 40.9513
  Epoch 1000: 40.3411
  Delta (last 25% = 250 ep): -0.6103
  If delta > -1.0, model has converged
linear training complete.
=== DONE Wed Sep  2 05:15:00 AM EDT 2026 ===
