=== gate: anchors cover omics ===
gate passed: 1031 patients
=== BRCA | head=linear | k=5 | Tue Sep  1 01:02:18 PM EDT 2026 ===
Head type    : linear
Cancer       : BRCA | bio_dim: 16 | lambda_bio: 0.1
Bio anchor   : data/bio_anchors/bio_anchors_BRCA_gsva_H40.csv
Cluster num  : 5
Epochs       : 1000
[dataloader] Loaded bio-anchors from data/bio_anchors/bio_anchors_BRCA_gsva_H40.csv: torch.Size([1031, 40])
Device       : cpu
Model params : 73,947,597
Epoch [0/1000] Step [0/17] Loss: 7.1352 Bio: 1.0086 GateEnt: nan GateDiv: nan
Epoch [0/1000] Total Loss: 118.8146
Epoch [1/1000] Step [0/17] Loss: 7.1346 Bio: 1.0156 GateEnt: nan GateDiv: nan
Epoch [1/1000] Total Loss: 118.6510
Epoch [2/1000] Step [0/17] Loss: 7.1044 Bio: 0.7811 GateEnt: nan GateDiv: nan
Epoch [2/1000] Total Loss: 118.0528
Epoch [3/1000] Step [0/17] Loss: 6.9447 Bio: 0.9729 GateEnt: nan GateDiv: nan
Epoch [3/1000] Total Loss: 114.8013
Epoch [4/1000] Step [0/17] Loss: 6.8573 Bio: 1.0096 GateEnt: nan GateDiv: nan
Epoch [4/1000] Total Loss: 112.6285
Epoch [5/1000] Step [0/17] Loss: 6.8999 Bio: 0.9818 GateEnt: nan GateDiv: nan
Epoch [5/1000] Total Loss: 113.2387
Epoch [6/1000] Step [0/17] Loss: 6.9324 Bio: 0.9163 GateEnt: nan GateDiv: nan
Epoch [6/1000] Total Loss: 113.6147
Epoch [7/1000] Step [0/17] Loss: 6.7523 Bio: 0.9099 GateEnt: nan GateDiv: nan
Epoch [7/1000] Total Loss: 111.6944
Epoch [8/1000] Step [0/17] Loss: 6.5976 Bio: 0.9754 GateEnt: nan GateDiv: nan
Epoch [8/1000] Total Loss: 110.6943
Epoch [9/1000] Step [0/17] Loss: 6.6389 Bio: 1.0104 GateEnt: nan GateDiv: nan
Epoch [9/1000] Total Loss: 112.4441
Epoch [10/1000] Step [0/17] Loss: 6.8690 Bio: 0.9831 GateEnt: nan GateDiv: nan
Epoch [10/1000] Total Loss: 111.7821
Epoch [11/1000] Step [0/17] Loss: 6.5929 Bio: 0.9313 GateEnt: nan GateDiv: nan
Epoch [11/1000] Total Loss: 109.4310
Epoch [12/1000] Step [0/17] Loss: 6.4638 Bio: 1.0207 GateEnt: nan GateDiv: nan
Epoch [12/1000] Total Loss: 109.6045
Epoch [13/1000] Step [0/17] Loss: 6.7098 Bio: 0.8652 GateEnt: nan GateDiv: nan
Epoch [13/1000] Total Loss: 109.5562
Epoch [14/1000] Step [0/17] Loss: 6.6981 Bio: 1.0111 GateEnt: nan GateDiv: nan
Epoch [14/1000] Total Loss: 109.6161
Epoch [15/1000] Step [0/17] Loss: 6.4544 Bio: 0.9616 GateEnt: nan GateDiv: nan
Epoch [15/1000] Total Loss: 108.1741
Epoch [16/1000] Step [0/17] Loss: 6.4765 Bio: 0.8726 GateEnt: nan GateDiv: nan
Epoch [16/1000] Total Loss: 108.7916
Epoch [17/1000] Step [0/17] Loss: 6.5395 Bio: 0.9204 GateEnt: nan GateDiv: nan
Epoch [17/1000] Total Loss: 108.2681
Epoch [18/1000] Step [0/17] Loss: 6.7186 Bio: 0.9216 GateEnt: nan GateDiv: nan
Epoch [18/1000] Total Loss: 107.8285
Epoch [19/1000] Step [0/17] Loss: 6.4590 Bio: 0.9632 GateEnt: nan GateDiv: nan
Epoch [19/1000] Total Loss: 107.7748
Epoch [20/1000] Step [0/17] Loss: 6.3100 Bio: 0.9259 GateEnt: nan GateDiv: nan
Epoch [20/1000] Total Loss: 107.2453
Epoch [21/1000] Step [0/17] Loss: 6.4208 Bio: 0.8437 GateEnt: nan GateDiv: nan
Epoch [21/1000] Total Loss: 107.0298
Epoch [22/1000] Step [0/17] Loss: 6.4951 Bio: 0.9296 GateEnt: nan GateDiv: nan
Epoch [22/1000] Total Loss: 108.3887
Epoch [23/1000] Step [0/17] Loss: 6.2923 Bio: 0.9073 GateEnt: nan GateDiv: nan
Epoch [23/1000] Total Loss: 106.6957
Epoch [24/1000] Step [0/17] Loss: 6.6782 Bio: 0.8750 GateEnt: nan GateDiv: nan
Epoch [24/1000] Total Loss: 107.8042
Epoch [25/1000] Step [0/17] Loss: 6.3317 Bio: 0.9508 GateEnt: nan GateDiv: nan
Epoch [25/1000] Total Loss: 106.2458
Epoch [26/1000] Step [0/17] Loss: 6.3743 Bio: 0.9628 GateEnt: nan GateDiv: nan
Epoch [26/1000] Total Loss: 106.4907
Epoch [27/1000] Step [0/17] Loss: 6.3087 Bio: 0.9155 GateEnt: nan GateDiv: nan
Epoch [27/1000] Total Loss: 105.8867
Epoch [28/1000] Step [0/17] Loss: 6.2683 Bio: 0.9579 GateEnt: nan GateDiv: nan
Epoch [28/1000] Total Loss: 105.2003
Epoch [29/1000] Step [0/17] Loss: 6.4601 Bio: 0.8774 GateEnt: nan GateDiv: nan
Epoch [29/1000] Total Loss: 104.7089
Epoch [30/1000] Step [0/17] Loss: 6.2205 Bio: 1.0324 GateEnt: nan GateDiv: nan
Epoch [30/1000] Total Loss: 104.6729
Epoch [31/1000] Step [0/17] Loss: 6.3417 Bio: 0.9380 GateEnt: nan GateDiv: nan
Epoch [31/1000] Total Loss: 104.4861
Epoch [32/1000] Step [0/17] Loss: 6.4230 Bio: 0.9266 GateEnt: nan GateDiv: nan
Epoch [32/1000] Total Loss: 104.0390
Epoch [33/1000] Step [0/17] Loss: 6.2319 Bio: 0.9832 GateEnt: nan GateDiv: nan
Epoch [33/1000] Total Loss: 106.3639
Epoch [34/1000] Step [0/17] Loss: 6.3290 Bio: 0.9245 GateEnt: nan GateDiv: nan
Epoch [34/1000] Total Loss: 104.5822
Epoch [35/1000] Step [0/17] Loss: 6.4559 Bio: 0.9532 GateEnt: nan GateDiv: nan
Epoch [35/1000] Total Loss: 105.1630
Epoch [36/1000] Step [0/17] Loss: 6.3323 Bio: 0.9991 GateEnt: nan GateDiv: nan
Epoch [36/1000] Total Loss: 104.1893
Epoch [37/1000] Step [0/17] Loss: 6.3408 Bio: 1.0266 GateEnt: nan GateDiv: nan
Epoch [37/1000] Total Loss: 104.5322
Epoch [38/1000] Step [0/17] Loss: 6.3054 Bio: 0.9204 GateEnt: nan GateDiv: nan
Epoch [38/1000] Total Loss: 104.3122
Epoch [39/1000] Step [0/17] Loss: 6.4665 Bio: 0.9100 GateEnt: nan GateDiv: nan
Epoch [39/1000] Total Loss: 103.6012
Epoch [40/1000] Step [0/17] Loss: 6.3493 Bio: 0.9313 GateEnt: nan GateDiv: nan
Epoch [40/1000] Total Loss: 103.9028
Epoch [41/1000] Step [0/17] Loss: 6.3234 Bio: 0.9195 GateEnt: nan GateDiv: nan
Epoch [41/1000] Total Loss: 104.2113
Epoch [42/1000] Step [0/17] Loss: 6.1498 Bio: 0.8836 GateEnt: nan GateDiv: nan
Epoch [42/1000] Total Loss: 103.4968
Epoch [43/1000] Step [0/17] Loss: 6.2583 Bio: 0.9405 GateEnt: nan GateDiv: nan
Epoch [43/1000] Total Loss: 104.8260
Epoch [44/1000] Step [0/17] Loss: 6.1136 Bio: 1.0146 GateEnt: nan GateDiv: nan
Epoch [44/1000] Total Loss: 103.5834
Epoch [45/1000] Step [0/17] Loss: 6.3232 Bio: 0.8852 GateEnt: nan GateDiv: nan
Epoch [45/1000] Total Loss: 103.9580
Epoch [46/1000] Step [0/17] Loss: 6.2538 Bio: 0.9126 GateEnt: nan GateDiv: nan
Epoch [46/1000] Total Loss: 104.6548
Epoch [47/1000] Step [0/17] Loss: 6.1199 Bio: 1.0650 GateEnt: nan GateDiv: nan
Epoch [47/1000] Total Loss: 103.1389
Epoch [48/1000] Step [0/17] Loss: 6.2478 Bio: 0.9201 GateEnt: nan GateDiv: nan
Epoch [48/1000] Total Loss: 104.3993
Epoch [49/1000] Step [0/17] Loss: 6.4399 Bio: 0.8876 GateEnt: nan GateDiv: nan
Epoch [49/1000] Total Loss: 103.0882
Epoch [50/1000] Step [0/17] Loss: 6.2258 Bio: 0.8280 GateEnt: nan GateDiv: nan
Epoch [50/1000] Total Loss: 103.3614
Epoch [51/1000] Step [0/17] Loss: 6.2178 Bio: 0.9271 GateEnt: nan GateDiv: nan
Epoch [51/1000] Total Loss: 103.5950
Epoch [52/1000] Step [0/17] Loss: 6.2277 Bio: 0.9432 GateEnt: nan GateDiv: nan
Epoch [52/1000] Total Loss: 104.7625
Epoch [53/1000] Step [0/17] Loss: 6.1287 Bio: 0.9996 GateEnt: nan GateDiv: nan
Epoch [53/1000] Total Loss: 103.8830
Epoch [54/1000] Step [0/17] Loss: 6.1259 Bio: 0.8786 GateEnt: nan GateDiv: nan
Epoch [54/1000] Total Loss: 103.4064
Epoch [55/1000] Step [0/17] Loss: 6.2919 Bio: 0.7825 GateEnt: nan GateDiv: nan
Epoch [55/1000] Total Loss: 102.3522
Epoch [56/1000] Step [0/17] Loss: 6.1471 Bio: 1.0048 GateEnt: nan GateDiv: nan
Epoch [56/1000] Total Loss: 103.7632
Epoch [57/1000] Step [0/17] Loss: 6.3548 Bio: 0.8559 GateEnt: nan GateDiv: nan
Epoch [57/1000] Total Loss: 103.0754
Epoch [58/1000] Step [0/17] Loss: 6.1224 Bio: 0.9318 GateEnt: nan GateDiv: nan
Epoch [58/1000] Total Loss: 105.3295
Epoch [59/1000] Step [0/17] Loss: 6.3916 Bio: 0.9120 GateEnt: nan GateDiv: nan
Epoch [59/1000] Total Loss: 103.4608
Epoch [60/1000] Step [0/17] Loss: 6.2038 Bio: 0.8002 GateEnt: nan GateDiv: nan
Epoch [60/1000] Total Loss: 102.6385
Epoch [61/1000] Step [0/17] Loss: 5.9705 Bio: 0.8840 GateEnt: nan GateDiv: nan
Epoch [61/1000] Total Loss: 102.3714
Epoch [62/1000] Step [0/17] Loss: 5.9985 Bio: 0.8425 GateEnt: nan GateDiv: nan
Epoch [62/1000] Total Loss: 101.3150
Epoch [63/1000] Step [0/17] Loss: 6.1929 Bio: 0.7742 GateEnt: nan GateDiv: nan
Epoch [63/1000] Total Loss: 102.0710
Epoch [64/1000] Step [0/17] Loss: 6.1514 Bio: 0.8000 GateEnt: nan GateDiv: nan
Epoch [64/1000] Total Loss: 103.6336
Epoch [65/1000] Step [0/17] Loss: 6.1213 Bio: 0.8403 GateEnt: nan GateDiv: nan
Epoch [65/1000] Total Loss: 102.6971
Epoch [66/1000] Step [0/17] Loss: 6.1837 Bio: 1.0021 GateEnt: nan GateDiv: nan
Epoch [66/1000] Total Loss: 102.3928
Epoch [67/1000] Step [0/17] Loss: 6.1411 Bio: 0.8714 GateEnt: nan GateDiv: nan
Epoch [67/1000] Total Loss: 101.4941
Epoch [68/1000] Step [0/17] Loss: 6.1847 Bio: 0.8161 GateEnt: nan GateDiv: nan
Epoch [68/1000] Total Loss: 103.9907
Epoch [69/1000] Step [0/17] Loss: 6.1047 Bio: 0.9099 GateEnt: nan GateDiv: nan
Epoch [69/1000] Total Loss: 103.6326
Epoch [70/1000] Step [0/17] Loss: 6.5994 Bio: 0.6536 GateEnt: nan GateDiv: nan
Epoch [70/1000] Total Loss: 102.6475
Epoch [71/1000] Step [0/17] Loss: 5.8286 Bio: 0.9028 GateEnt: nan GateDiv: nan
Epoch [71/1000] Total Loss: 101.8952
Epoch [72/1000] Step [0/17] Loss: 6.2208 Bio: 0.9563 GateEnt: nan GateDiv: nan
Epoch [72/1000] Total Loss: 100.6565
Epoch [73/1000] Step [0/17] Loss: 6.2738 Bio: 0.7212 GateEnt: nan GateDiv: nan
Epoch [73/1000] Total Loss: 102.0110
Epoch [74/1000] Step [0/17] Loss: 6.0875 Bio: 0.7971 GateEnt: nan GateDiv: nan
Epoch [74/1000] Total Loss: 103.3707
Epoch [75/1000] Step [0/17] Loss: 6.2152 Bio: 0.7808 GateEnt: nan GateDiv: nan
Epoch [75/1000] Total Loss: 103.3632
Epoch [76/1000] Step [0/17] Loss: 5.9653 Bio: 0.8786 GateEnt: nan GateDiv: nan
Epoch [76/1000] Total Loss: 100.8803
Epoch [77/1000] Step [0/17] Loss: 6.1137 Bio: 0.7989 GateEnt: nan GateDiv: nan
Epoch [77/1000] Total Loss: 101.4140
Epoch [78/1000] Step [0/17] Loss: 6.0359 Bio: 0.9191 GateEnt: nan GateDiv: nan
Epoch [78/1000] Total Loss: 102.2658
Epoch [79/1000] Step [0/17] Loss: 6.0483 Bio: 0.9221 GateEnt: nan GateDiv: nan
Epoch [79/1000] Total Loss: 100.3201
Epoch [80/1000] Step [0/17] Loss: 6.2086 Bio: 0.7224 GateEnt: nan GateDiv: nan
Epoch [80/1000] Total Loss: 100.4408
Epoch [81/1000] Step [0/17] Loss: 6.0276 Bio: 0.8263 GateEnt: nan GateDiv: nan
Epoch [81/1000] Total Loss: 101.8660
Epoch [82/1000] Step [0/17] Loss: 5.9093 Bio: 0.8851 GateEnt: nan GateDiv: nan
Epoch [82/1000] Total Loss: 101.1018
Epoch [83/1000] Step [0/17] Loss: 5.8833 Bio: 0.8960 GateEnt: nan GateDiv: nan
Epoch [83/1000] Total Loss: 99.7813
Epoch [84/1000] Step [0/17] Loss: 5.9512 Bio: 0.8092 GateEnt: nan GateDiv: nan
Epoch [84/1000] Total Loss: 101.9652
Epoch [85/1000] Step [0/17] Loss: 6.2543 Bio: 0.8394 GateEnt: nan GateDiv: nan
Epoch [85/1000] Total Loss: 101.0333
Epoch [86/1000] Step [0/17] Loss: 6.0464 Bio: 0.8197 GateEnt: nan GateDiv: nan
Epoch [86/1000] Total Loss: 101.6881
Epoch [87/1000] Step [0/17] Loss: 6.0343 Bio: 0.8323 GateEnt: nan GateDiv: nan
Epoch [87/1000] Total Loss: 100.1850
Epoch [88/1000] Step [0/17] Loss: 6.0163 Bio: 0.9002 GateEnt: nan GateDiv: nan
Epoch [88/1000] Total Loss: 100.1653
Epoch [89/1000] Step [0/17] Loss: 6.0961 Bio: 0.8562 GateEnt: nan GateDiv: nan
Epoch [89/1000] Total Loss: 99.3828
Epoch [90/1000] Step [0/17] Loss: 6.2034 Bio: 0.7949 GateEnt: nan GateDiv: nan
Epoch [90/1000] Total Loss: 99.3310
Epoch [91/1000] Step [0/17] Loss: 5.8877 Bio: 0.8578 GateEnt: nan GateDiv: nan
Epoch [91/1000] Total Loss: 99.7992
Epoch [92/1000] Step [0/17] Loss: 5.9646 Bio: 0.8232 GateEnt: nan GateDiv: nan
Epoch [92/1000] Total Loss: 99.5600
Epoch [93/1000] Step [0/17] Loss: 5.9858 Bio: 0.7209 GateEnt: nan GateDiv: nan
Epoch [93/1000] Total Loss: 99.8309
Epoch [94/1000] Step [0/17] Loss: 5.9457 Bio: 0.8001 GateEnt: nan GateDiv: nan
Epoch [94/1000] Total Loss: 99.2040
Epoch [95/1000] Step [0/17] Loss: 5.9331 Bio: 0.7953 GateEnt: nan GateDiv: nan
Epoch [95/1000] Total Loss: 99.6844
Epoch [96/1000] Step [0/17] Loss: 5.8475 Bio: 0.8353 GateEnt: nan GateDiv: nan
Epoch [96/1000] Total Loss: 99.9533
Epoch [97/1000] Step [0/17] Loss: 5.9526 Bio: 0.8406 GateEnt: nan GateDiv: nan
Epoch [97/1000] Total Loss: 99.4683
Epoch [98/1000] Step [0/17] Loss: 5.9828 Bio: 0.8690 GateEnt: nan GateDiv: nan
Epoch [98/1000] Total Loss: 99.4555
Epoch [99/1000] Step [0/17] Loss: 5.8940 Bio: 0.8363 GateEnt: nan GateDiv: nan
Epoch [99/1000] Total Loss: 100.5351
Epoch [100/1000] Step [0/17] Loss: 5.9519 Bio: 0.8503 GateEnt: nan GateDiv: nan
Epoch [100/1000] Total Loss: 99.4792
Epoch [101/1000] Step [0/17] Loss: 5.7865 Bio: 0.8858 GateEnt: nan GateDiv: nan
Epoch [101/1000] Total Loss: 100.3466
Epoch [102/1000] Step [0/17] Loss: 5.9033 Bio: 1.0314 GateEnt: nan GateDiv: nan
Epoch [102/1000] Total Loss: 99.0790
Epoch [103/1000] Step [0/17] Loss: 6.0329 Bio: 0.8421 GateEnt: nan GateDiv: nan
Epoch [103/1000] Total Loss: 98.8158
Epoch [104/1000] Step [0/17] Loss: 5.8260 Bio: 0.7166 GateEnt: nan GateDiv: nan
Epoch [104/1000] Total Loss: 98.7072
Epoch [105/1000] Step [0/17] Loss: 5.7008 Bio: 0.8721 GateEnt: nan GateDiv: nan
Epoch [105/1000] Total Loss: 98.7175
Epoch [106/1000] Step [0/17] Loss: 5.9006 Bio: 0.7880 GateEnt: nan GateDiv: nan
Epoch [106/1000] Total Loss: 98.7756
Epoch [107/1000] Step [0/17] Loss: 5.8566 Bio: 0.8148 GateEnt: nan GateDiv: nan
Epoch [107/1000] Total Loss: 97.2315
Epoch [108/1000] Step [0/17] Loss: 5.8147 Bio: 0.8971 GateEnt: nan GateDiv: nan
Epoch [108/1000] Total Loss: 100.2115
Epoch [109/1000] Step [0/17] Loss: 5.9449 Bio: 0.7882 GateEnt: nan GateDiv: nan
Epoch [109/1000] Total Loss: 98.7991
Epoch [110/1000] Step [0/17] Loss: 5.7566 Bio: 0.8131 GateEnt: nan GateDiv: nan
Epoch [110/1000] Total Loss: 98.6698
Epoch [111/1000] Step [0/17] Loss: 5.8111 Bio: 0.8690 GateEnt: nan GateDiv: nan
Epoch [111/1000] Total Loss: 98.3458
Epoch [112/1000] Step [0/17] Loss: 5.7454 Bio: 0.8006 GateEnt: nan GateDiv: nan
Epoch [112/1000] Total Loss: 98.2340
Epoch [113/1000] Step [0/17] Loss: 5.9357 Bio: 0.8288 GateEnt: nan GateDiv: nan
Epoch [113/1000] Total Loss: 97.5754
Epoch [114/1000] Step [0/17] Loss: 5.9025 Bio: 0.8193 GateEnt: nan GateDiv: nan
Epoch [114/1000] Total Loss: 98.6493
Epoch [115/1000] Step [0/17] Loss: 5.8283 Bio: 0.9210 GateEnt: nan GateDiv: nan
Epoch [115/1000] Total Loss: 97.4712
Epoch [116/1000] Step [0/17] Loss: 6.0019 Bio: 0.9387 GateEnt: nan GateDiv: nan
Epoch [116/1000] Total Loss: 97.3825
Epoch [117/1000] Step [0/17] Loss: 5.7441 Bio: 0.7689 GateEnt: nan GateDiv: nan
Epoch [117/1000] Total Loss: 97.0091
Epoch [118/1000] Step [0/17] Loss: 5.7245 Bio: 0.7295 GateEnt: nan GateDiv: nan
Epoch [118/1000] Total Loss: 98.3089
Epoch [119/1000] Step [0/17] Loss: 5.8881 Bio: 0.7260 GateEnt: nan GateDiv: nan
Epoch [119/1000] Total Loss: 96.3557
Epoch [120/1000] Step [0/17] Loss: 5.9030 Bio: 0.7072 GateEnt: nan GateDiv: nan
Epoch [120/1000] Total Loss: 97.6692
Epoch [121/1000] Step [0/17] Loss: 5.8927 Bio: 0.8446 GateEnt: nan GateDiv: nan
Epoch [121/1000] Total Loss: 98.0936
Epoch [122/1000] Step [0/17] Loss: 5.9229 Bio: 0.8647 GateEnt: nan GateDiv: nan
Epoch [122/1000] Total Loss: 97.7553
Epoch [123/1000] Step [0/17] Loss: 5.5783 Bio: 0.8197 GateEnt: nan GateDiv: nan
Epoch [123/1000] Total Loss: 97.8228
Epoch [124/1000] Step [0/17] Loss: 5.9989 Bio: 0.9148 GateEnt: nan GateDiv: nan
Epoch [124/1000] Total Loss: 98.4378
Epoch [125/1000] Step [0/17] Loss: 5.7536 Bio: 0.7989 GateEnt: nan GateDiv: nan
Epoch [125/1000] Total Loss: 97.5005
Epoch [126/1000] Step [0/17] Loss: 5.8938 Bio: 0.7964 GateEnt: nan GateDiv: nan
Epoch [126/1000] Total Loss: 98.0615
Epoch [127/1000] Step [0/17] Loss: 5.8105 Bio: 0.9411 GateEnt: nan GateDiv: nan
Epoch [127/1000] Total Loss: 98.3032
Epoch [128/1000] Step [0/17] Loss: 5.5766 Bio: 0.7967 GateEnt: nan GateDiv: nan
Epoch [128/1000] Total Loss: 97.2716
Epoch [129/1000] Step [0/17] Loss: 5.7657 Bio: 0.8002 GateEnt: nan GateDiv: nan
Epoch [129/1000] Total Loss: 96.8248
Epoch [130/1000] Step [0/17] Loss: 5.9180 Bio: 0.8455 GateEnt: nan GateDiv: nan
Epoch [130/1000] Total Loss: 96.9144
Epoch [131/1000] Step [0/17] Loss: 5.6734 Bio: 0.7432 GateEnt: nan GateDiv: nan
Epoch [131/1000] Total Loss: 97.4942
Epoch [132/1000] Step [0/17] Loss: 5.8133 Bio: 0.7604 GateEnt: nan GateDiv: nan
Epoch [132/1000] Total Loss: 98.6590
Epoch [133/1000] Step [0/17] Loss: 5.9496 Bio: 0.8067 GateEnt: nan GateDiv: nan
Epoch [133/1000] Total Loss: 98.1766
Epoch [134/1000] Step [0/17] Loss: 5.8284 Bio: 0.8554 GateEnt: nan GateDiv: nan
Epoch [134/1000] Total Loss: 96.0285
Epoch [135/1000] Step [0/17] Loss: 6.0643 Bio: 0.7540 GateEnt: nan GateDiv: nan
Epoch [135/1000] Total Loss: 96.7598
Epoch [136/1000] Step [0/17] Loss: 5.7219 Bio: 0.7677 GateEnt: nan GateDiv: nan
Epoch [136/1000] Total Loss: 98.4998
Epoch [137/1000] Step [0/17] Loss: 5.9094 Bio: 0.8209 GateEnt: nan GateDiv: nan
Epoch [137/1000] Total Loss: 97.4728
Epoch [138/1000] Step [0/17] Loss: 5.9517 Bio: 0.8616 GateEnt: nan GateDiv: nan
Epoch [138/1000] Total Loss: 97.3174
Epoch [139/1000] Step [0/17] Loss: 5.6127 Bio: 0.7946 GateEnt: nan GateDiv: nan
Epoch [139/1000] Total Loss: 98.2742
Epoch [140/1000] Step [0/17] Loss: 5.7833 Bio: 0.7747 GateEnt: nan GateDiv: nan
Epoch [140/1000] Total Loss: 96.3975
Epoch [141/1000] Step [0/17] Loss: 5.9044 Bio: 0.8759 GateEnt: nan GateDiv: nan
Epoch [141/1000] Total Loss: 95.8582
Epoch [142/1000] Step [0/17] Loss: 5.6692 Bio: 0.7689 GateEnt: nan GateDiv: nan
Epoch [142/1000] Total Loss: 96.6627
Epoch [143/1000] Step [0/17] Loss: 5.9211 Bio: 0.8018 GateEnt: nan GateDiv: nan
Epoch [143/1000] Total Loss: 97.0393
Epoch [144/1000] Step [0/17] Loss: 5.6956 Bio: 0.8238 GateEnt: nan GateDiv: nan
Epoch [144/1000] Total Loss: 96.1649
Epoch [145/1000] Step [0/17] Loss: 5.6826 Bio: 0.7961 GateEnt: nan GateDiv: nan
Epoch [145/1000] Total Loss: 96.6482
Epoch [146/1000] Step [0/17] Loss: 5.6795 Bio: 0.8871 GateEnt: nan GateDiv: nan
Epoch [146/1000] Total Loss: 95.8631
Epoch [147/1000] Step [0/17] Loss: 5.6971 Bio: 0.8001 GateEnt: nan GateDiv: nan
Epoch [147/1000] Total Loss: 96.8736
Epoch [148/1000] Step [0/17] Loss: 5.7253 Bio: 0.7948 GateEnt: nan GateDiv: nan
Epoch [148/1000] Total Loss: 95.4551
Epoch [149/1000] Step [0/17] Loss: 5.8403 Bio: 0.8378 GateEnt: nan GateDiv: nan
Epoch [149/1000] Total Loss: 97.4843
Epoch [150/1000] Step [0/17] Loss: 5.8205 Bio: 0.8724 GateEnt: nan GateDiv: nan
Epoch [150/1000] Total Loss: 98.2704
Epoch [151/1000] Step [0/17] Loss: 6.1311 Bio: 0.8330 GateEnt: nan GateDiv: nan
Epoch [151/1000] Total Loss: 95.8302
Epoch [152/1000] Step [0/17] Loss: 5.9142 Bio: 0.7412 GateEnt: nan GateDiv: nan
Epoch [152/1000] Total Loss: 95.7147
Epoch [153/1000] Step [0/17] Loss: 5.8526 Bio: 0.7398 GateEnt: nan GateDiv: nan
Epoch [153/1000] Total Loss: 98.1141
Epoch [154/1000] Step [0/17] Loss: 5.7170 Bio: 0.7649 GateEnt: nan GateDiv: nan
Epoch [154/1000] Total Loss: 97.1982
Epoch [155/1000] Step [0/17] Loss: 5.9134 Bio: 0.7855 GateEnt: nan GateDiv: nan
Epoch [155/1000] Total Loss: 97.3706
Epoch [156/1000] Step [0/17] Loss: 5.9427 Bio: 0.8425 GateEnt: nan GateDiv: nan
Epoch [156/1000] Total Loss: 97.2450
Epoch [157/1000] Step [0/17] Loss: 5.6815 Bio: 0.8239 GateEnt: nan GateDiv: nan
Epoch [157/1000] Total Loss: 95.5296
Epoch [158/1000] Step [0/17] Loss: 5.6692 Bio: 0.8302 GateEnt: nan GateDiv: nan
Epoch [158/1000] Total Loss: 96.7660
Epoch [159/1000] Step [0/17] Loss: 5.9216 Bio: 0.7933 GateEnt: nan GateDiv: nan
Epoch [159/1000] Total Loss: 96.8280
Epoch [160/1000] Step [0/17] Loss: 5.6765 Bio: 0.8078 GateEnt: nan GateDiv: nan
Epoch [160/1000] Total Loss: 95.7372
Epoch [161/1000] Step [0/17] Loss: 5.5085 Bio: 0.9255 GateEnt: nan GateDiv: nan
Epoch [161/1000] Total Loss: 96.0434
Epoch [162/1000] Step [0/17] Loss: 5.8514 Bio: 0.7886 GateEnt: nan GateDiv: nan
Epoch [162/1000] Total Loss: 97.0748
Epoch [163/1000] Step [0/17] Loss: 5.7643 Bio: 0.8535 GateEnt: nan GateDiv: nan
Epoch [163/1000] Total Loss: 97.3164
Epoch [164/1000] Step [0/17] Loss: 5.6761 Bio: 0.8197 GateEnt: nan GateDiv: nan
Epoch [164/1000] Total Loss: 95.4601
Epoch [165/1000] Step [0/17] Loss: 5.7661 Bio: 0.7476 GateEnt: nan GateDiv: nan
Epoch [165/1000] Total Loss: 96.3921
Epoch [166/1000] Step [0/17] Loss: 5.8081 Bio: 0.7078 GateEnt: nan GateDiv: nan
Epoch [166/1000] Total Loss: 97.9291
Epoch [167/1000] Step [0/17] Loss: 5.6426 Bio: 0.7036 GateEnt: nan GateDiv: nan
Epoch [167/1000] Total Loss: 95.9929
Epoch [168/1000] Step [0/17] Loss: 5.9602 Bio: 0.8316 GateEnt: nan GateDiv: nan
Epoch [168/1000] Total Loss: 95.4518
Epoch [169/1000] Step [0/17] Loss: 5.7490 Bio: 0.8401 GateEnt: nan GateDiv: nan
Epoch [169/1000] Total Loss: 96.9023
Epoch [170/1000] Step [0/17] Loss: 5.9122 Bio: 0.8710 GateEnt: nan GateDiv: nan
Epoch [170/1000] Total Loss: 96.2708
Epoch [171/1000] Step [0/17] Loss: 5.6611 Bio: 0.8007 GateEnt: nan GateDiv: nan
Epoch [171/1000] Total Loss: 96.7486
Epoch [172/1000] Step [0/17] Loss: 5.6756 Bio: 0.7785 GateEnt: nan GateDiv: nan
Epoch [172/1000] Total Loss: 96.2200
Epoch [173/1000] Step [0/17] Loss: 5.8147 Bio: 0.8117 GateEnt: nan GateDiv: nan
Epoch [173/1000] Total Loss: 95.6195
Epoch [174/1000] Step [0/17] Loss: 5.8850 Bio: 0.6391 GateEnt: nan GateDiv: nan
Epoch [174/1000] Total Loss: 97.2236
Epoch [175/1000] Step [0/17] Loss: 5.9538 Bio: 0.7854 GateEnt: nan GateDiv: nan
Epoch [175/1000] Total Loss: 97.6143
Epoch [176/1000] Step [0/17] Loss: 5.7833 Bio: 0.8022 GateEnt: nan GateDiv: nan
Epoch [176/1000] Total Loss: 97.4539
Epoch [177/1000] Step [0/17] Loss: 5.7996 Bio: 0.7790 GateEnt: nan GateDiv: nan
Epoch [177/1000] Total Loss: 96.3183
Epoch [178/1000] Step [0/17] Loss: 5.9204 Bio: 0.8569 GateEnt: nan GateDiv: nan
Epoch [178/1000] Total Loss: 95.8861
Epoch [179/1000] Step [0/17] Loss: 5.8336 Bio: 0.9388 GateEnt: nan GateDiv: nan
Epoch [179/1000] Total Loss: 95.3586
Epoch [180/1000] Step [0/17] Loss: 5.6712 Bio: 0.7877 GateEnt: nan GateDiv: nan
Epoch [180/1000] Total Loss: 96.0191
Epoch [181/1000] Step [0/17] Loss: 5.6171 Bio: 0.8079 GateEnt: nan GateDiv: nan
Epoch [181/1000] Total Loss: 95.4849
Epoch [182/1000] Step [0/17] Loss: 5.7301 Bio: 0.8029 GateEnt: nan GateDiv: nan
Epoch [182/1000] Total Loss: 96.8995
Epoch [183/1000] Step [0/17] Loss: 5.6734 Bio: 0.8028 GateEnt: nan GateDiv: nan
Epoch [183/1000] Total Loss: 95.3320
Epoch [184/1000] Step [0/17] Loss: 5.8270 Bio: 0.7415 GateEnt: nan GateDiv: nan
Epoch [184/1000] Total Loss: 97.0176
Epoch [185/1000] Step [0/17] Loss: 5.7395 Bio: 0.8426 GateEnt: nan GateDiv: nan
Epoch [185/1000] Total Loss: 97.2176
Epoch [186/1000] Step [0/17] Loss: 5.7481 Bio: 0.8371 GateEnt: nan GateDiv: nan
Epoch [186/1000] Total Loss: 95.8299
Epoch [187/1000] Step [0/17] Loss: 5.8614 Bio: 0.7847 GateEnt: nan GateDiv: nan
Epoch [187/1000] Total Loss: 97.1544
Epoch [188/1000] Step [0/17] Loss: 5.5250 Bio: 0.7447 GateEnt: nan GateDiv: nan
Epoch [188/1000] Total Loss: 95.5937
Epoch [189/1000] Step [0/17] Loss: 5.9863 Bio: 0.8042 GateEnt: nan GateDiv: nan
Epoch [189/1000] Total Loss: 96.6652
Epoch [190/1000] Step [0/17] Loss: 5.6642 Bio: 0.8334 GateEnt: nan GateDiv: nan
Epoch [190/1000] Total Loss: 95.8395
Epoch [191/1000] Step [0/17] Loss: 5.7522 Bio: 0.7527 GateEnt: nan GateDiv: nan
Epoch [191/1000] Total Loss: 94.8411
Epoch [192/1000] Step [0/17] Loss: 6.0389 Bio: 0.7458 GateEnt: nan GateDiv: nan
Epoch [192/1000] Total Loss: 96.8525
Epoch [193/1000] Step [0/17] Loss: 5.8426 Bio: 0.9001 GateEnt: nan GateDiv: nan
Epoch [193/1000] Total Loss: 95.6707
Epoch [194/1000] Step [0/17] Loss: 5.8554 Bio: 0.7165 GateEnt: nan GateDiv: nan
Epoch [194/1000] Total Loss: 95.9423
Epoch [195/1000] Step [0/17] Loss: 5.7402 Bio: 0.7509 GateEnt: nan GateDiv: nan
Epoch [195/1000] Total Loss: 96.6028
Epoch [196/1000] Step [0/17] Loss: 5.5388 Bio: 0.7937 GateEnt: nan GateDiv: nan
Epoch [196/1000] Total Loss: 96.3739
Epoch [197/1000] Step [0/17] Loss: 5.6768 Bio: 0.7879 GateEnt: nan GateDiv: nan
Epoch [197/1000] Total Loss: 95.6202
Epoch [198/1000] Step [0/17] Loss: 5.6609 Bio: 0.7535 GateEnt: nan GateDiv: nan
Epoch [198/1000] Total Loss: 95.5360
Epoch [199/1000] Step [0/17] Loss: 6.0255 Bio: 0.8303 GateEnt: nan GateDiv: nan
Epoch [199/1000] Total Loss: 96.1700
Epoch [200/1000] Step [0/17] Loss: 5.7512 Bio: 0.8586 GateEnt: nan GateDiv: nan
Epoch [200/1000] Total Loss: 95.7472
Epoch [201/1000] Step [0/17] Loss: 5.7993 Bio: 0.7887 GateEnt: nan GateDiv: nan
Epoch [201/1000] Total Loss: 96.9057
Epoch [202/1000] Step [0/17] Loss: 5.6441 Bio: 0.8315 GateEnt: nan GateDiv: nan
Epoch [202/1000] Total Loss: 96.6486
Epoch [203/1000] Step [0/17] Loss: 5.7913 Bio: 0.8641 GateEnt: nan GateDiv: nan
Epoch [203/1000] Total Loss: 94.8086
Epoch [204/1000] Step [0/17] Loss: 5.8948 Bio: 0.7765 GateEnt: nan GateDiv: nan
Epoch [204/1000] Total Loss: 95.5613
Epoch [205/1000] Step [0/17] Loss: 5.9434 Bio: 0.7657 GateEnt: nan GateDiv: nan
Epoch [205/1000] Total Loss: 96.9416
Epoch [206/1000] Step [0/17] Loss: 5.6077 Bio: 0.9220 GateEnt: nan GateDiv: nan
Epoch [206/1000] Total Loss: 95.7356
Epoch [207/1000] Step [0/17] Loss: 6.0745 Bio: 0.7471 GateEnt: nan GateDiv: nan
Epoch [207/1000] Total Loss: 95.0417
Epoch [208/1000] Step [0/17] Loss: 5.7640 Bio: 0.7223 GateEnt: nan GateDiv: nan
Epoch [208/1000] Total Loss: 96.6890
Epoch [209/1000] Step [0/17] Loss: 5.7925 Bio: 0.7811 GateEnt: nan GateDiv: nan
Epoch [209/1000] Total Loss: 95.0735
Epoch [210/1000] Step [0/17] Loss: 5.7094 Bio: 0.8157 GateEnt: nan GateDiv: nan
Epoch [210/1000] Total Loss: 94.9725
Epoch [211/1000] Step [0/17] Loss: 5.6262 Bio: 0.7901 GateEnt: nan GateDiv: nan
Epoch [211/1000] Total Loss: 95.1934
Epoch [212/1000] Step [0/17] Loss: 5.5928 Bio: 0.8325 GateEnt: nan GateDiv: nan
Epoch [212/1000] Total Loss: 95.5972
Epoch [213/1000] Step [0/17] Loss: 5.6692 Bio: 0.7948 GateEnt: nan GateDiv: nan
Epoch [213/1000] Total Loss: 96.5767
Epoch [214/1000] Step [0/17] Loss: 5.6127 Bio: 0.6884 GateEnt: nan GateDiv: nan
Epoch [214/1000] Total Loss: 95.2353
Epoch [215/1000] Step [0/17] Loss: 5.5825 Bio: 0.7979 GateEnt: nan GateDiv: nan
Epoch [215/1000] Total Loss: 94.6622
Epoch [216/1000] Step [0/17] Loss: 5.9676 Bio: 0.7232 GateEnt: nan GateDiv: nan
Epoch [216/1000] Total Loss: 96.9505
Epoch [217/1000] Step [0/17] Loss: 5.7129 Bio: 0.8496 GateEnt: nan GateDiv: nan
Epoch [217/1000] Total Loss: 95.2524
Epoch [218/1000] Step [0/17] Loss: 5.6027 Bio: 0.7790 GateEnt: nan GateDiv: nan
Epoch [218/1000] Total Loss: 94.9807
Epoch [219/1000] Step [0/17] Loss: 5.8141 Bio: 0.7142 GateEnt: nan GateDiv: nan
Epoch [219/1000] Total Loss: 96.6055
Epoch [220/1000] Step [0/17] Loss: 5.6084 Bio: 0.7389 GateEnt: nan GateDiv: nan
Epoch [220/1000] Total Loss: 95.1188
Epoch [221/1000] Step [0/17] Loss: 5.6815 Bio: 0.8072 GateEnt: nan GateDiv: nan
Epoch [221/1000] Total Loss: 95.1365
Epoch [222/1000] Step [0/17] Loss: 5.8579 Bio: 0.7312 GateEnt: nan GateDiv: nan
Epoch [222/1000] Total Loss: 97.3965
Epoch [223/1000] Step [0/17] Loss: 5.8718 Bio: 0.7543 GateEnt: nan GateDiv: nan
Epoch [223/1000] Total Loss: 96.1039
Epoch [224/1000] Step [0/17] Loss: 5.8635 Bio: 0.8851 GateEnt: nan GateDiv: nan
Epoch [224/1000] Total Loss: 95.1270
Epoch [225/1000] Step [0/17] Loss: 5.9489 Bio: 0.7933 GateEnt: nan GateDiv: nan
Epoch [225/1000] Total Loss: 95.7489
Epoch [226/1000] Step [0/17] Loss: 5.9280 Bio: 0.8368 GateEnt: nan GateDiv: nan
Epoch [226/1000] Total Loss: 94.2915
Epoch [227/1000] Step [0/17] Loss: 5.6316 Bio: 0.7134 GateEnt: nan GateDiv: nan
Epoch [227/1000] Total Loss: 95.3686
Epoch [228/1000] Step [0/17] Loss: 5.8648 Bio: 0.8003 GateEnt: nan GateDiv: nan
Epoch [228/1000] Total Loss: 95.1091
Epoch [229/1000] Step [0/17] Loss: 5.7331 Bio: 0.7110 GateEnt: nan GateDiv: nan
Epoch [229/1000] Total Loss: 94.7634
Epoch [230/1000] Step [0/17] Loss: 5.8137 Bio: 0.7080 GateEnt: nan GateDiv: nan
Epoch [230/1000] Total Loss: 96.1534
Epoch [231/1000] Step [0/17] Loss: 5.5648 Bio: 0.8186 GateEnt: nan GateDiv: nan
Epoch [231/1000] Total Loss: 95.8962
Epoch [232/1000] Step [0/17] Loss: 5.6837 Bio: 0.7686 GateEnt: nan GateDiv: nan
Epoch [232/1000] Total Loss: 94.5601
Epoch [233/1000] Step [0/17] Loss: 5.5641 Bio: 0.8708 GateEnt: nan GateDiv: nan
Epoch [233/1000] Total Loss: 94.0095
Epoch [234/1000] Step [0/17] Loss: 5.8496 Bio: 0.7839 GateEnt: nan GateDiv: nan
Epoch [234/1000] Total Loss: 93.6368
Epoch [235/1000] Step [0/17] Loss: 5.7832 Bio: 0.7757 GateEnt: nan GateDiv: nan
Epoch [235/1000] Total Loss: 95.9987
Epoch [236/1000] Step [0/17] Loss: 5.5200 Bio: 0.7352 GateEnt: nan GateDiv: nan
Epoch [236/1000] Total Loss: 95.0934
Epoch [237/1000] Step [0/17] Loss: 5.8124 Bio: 0.7788 GateEnt: nan GateDiv: nan
Epoch [237/1000] Total Loss: 95.7719
Epoch [238/1000] Step [0/17] Loss: 5.6968 Bio: 0.7529 GateEnt: nan GateDiv: nan
Epoch [238/1000] Total Loss: 94.5870
Epoch [239/1000] Step [0/17] Loss: 5.7173 Bio: 0.7925 GateEnt: nan GateDiv: nan
Epoch [239/1000] Total Loss: 96.1940
Epoch [240/1000] Step [0/17] Loss: 5.6319 Bio: 0.8475 GateEnt: nan GateDiv: nan
Epoch [240/1000] Total Loss: 96.3582
Epoch [241/1000] Step [0/17] Loss: 5.7122 Bio: 0.6904 GateEnt: nan GateDiv: nan
Epoch [241/1000] Total Loss: 95.1797
Epoch [242/1000] Step [0/17] Loss: 5.5601 Bio: 0.9698 GateEnt: nan GateDiv: nan
Epoch [242/1000] Total Loss: 95.1876
Epoch [243/1000] Step [0/17] Loss: 5.6110 Bio: 0.8151 GateEnt: nan GateDiv: nan
Epoch [243/1000] Total Loss: 96.2323
Epoch [244/1000] Step [0/17] Loss: 5.7300 Bio: 0.8703 GateEnt: nan GateDiv: nan
Epoch [244/1000] Total Loss: 95.7540
Epoch [245/1000] Step [0/17] Loss: 5.8620 Bio: 0.7701 GateEnt: nan GateDiv: nan
Epoch [245/1000] Total Loss: 94.8555
Epoch [246/1000] Step [0/17] Loss: 5.7353 Bio: 0.7833 GateEnt: nan GateDiv: nan
Epoch [246/1000] Total Loss: 94.4821
Epoch [247/1000] Step [0/17] Loss: 5.7229 Bio: 0.8573 GateEnt: nan GateDiv: nan
Epoch [247/1000] Total Loss: 94.3775
Epoch [248/1000] Step [0/17] Loss: 5.7952 Bio: 0.7692 GateEnt: nan GateDiv: nan
Epoch [248/1000] Total Loss: 95.2805
Epoch [249/1000] Step [0/17] Loss: 5.7538 Bio: 0.8128 GateEnt: nan GateDiv: nan
Epoch [249/1000] Total Loss: 96.3929
Epoch [250/1000] Step [0/17] Loss: 5.5807 Bio: 0.7392 GateEnt: nan GateDiv: nan
Epoch [250/1000] Total Loss: 94.6930
Epoch [251/1000] Step [0/17] Loss: 5.8259 Bio: 0.7302 GateEnt: nan GateDiv: nan
Epoch [251/1000] Total Loss: 94.6840
Epoch [252/1000] Step [0/17] Loss: 5.5655 Bio: 0.8324 GateEnt: nan GateDiv: nan
Epoch [252/1000] Total Loss: 93.9009
Epoch [253/1000] Step [0/17] Loss: 5.6332 Bio: 0.6868 GateEnt: nan GateDiv: nan
Epoch [253/1000] Total Loss: 94.4138
Epoch [254/1000] Step [0/17] Loss: 5.7378 Bio: 0.7961 GateEnt: nan GateDiv: nan
Epoch [254/1000] Total Loss: 95.4541
Epoch [255/1000] Step [0/17] Loss: 5.6331 Bio: 0.8056 GateEnt: nan GateDiv: nan
Epoch [255/1000] Total Loss: 94.7938
Epoch [256/1000] Step [0/17] Loss: 6.0110 Bio: 0.6921 GateEnt: nan GateDiv: nan
Epoch [256/1000] Total Loss: 95.5978
Epoch [257/1000] Step [0/17] Loss: 5.6497 Bio: 0.7186 GateEnt: nan GateDiv: nan
Epoch [257/1000] Total Loss: 95.0667
Epoch [258/1000] Step [0/17] Loss: 5.7407 Bio: 0.7242 GateEnt: nan GateDiv: nan
Epoch [258/1000] Total Loss: 94.2084
Epoch [259/1000] Step [0/17] Loss: 5.6340 Bio: 0.8665 GateEnt: nan GateDiv: nan
Epoch [259/1000] Total Loss: 94.4725
Epoch [260/1000] Step [0/17] Loss: 5.5799 Bio: 0.6909 GateEnt: nan GateDiv: nan
Epoch [260/1000] Total Loss: 95.2417
Epoch [261/1000] Step [0/17] Loss: 5.6652 Bio: 0.8163 GateEnt: nan GateDiv: nan
Epoch [261/1000] Total Loss: 93.7423
Epoch [262/1000] Step [0/17] Loss: 5.5836 Bio: 0.7367 GateEnt: nan GateDiv: nan
Epoch [262/1000] Total Loss: 94.0246
Epoch [263/1000] Step [0/17] Loss: 5.7569 Bio: 0.7347 GateEnt: nan GateDiv: nan
Epoch [263/1000] Total Loss: 94.5783
Epoch [264/1000] Step [0/17] Loss: 5.5675 Bio: 0.7628 GateEnt: nan GateDiv: nan
Epoch [264/1000] Total Loss: 94.1948
Epoch [265/1000] Step [0/17] Loss: 5.4993 Bio: 0.7660 GateEnt: nan GateDiv: nan
Epoch [265/1000] Total Loss: 94.7280
Epoch [266/1000] Step [0/17] Loss: 5.7763 Bio: 0.7311 GateEnt: nan GateDiv: nan
Epoch [266/1000] Total Loss: 94.0489
Epoch [267/1000] Step [0/17] Loss: 6.0372 Bio: 0.6794 GateEnt: nan GateDiv: nan
Epoch [267/1000] Total Loss: 95.2586
Epoch [268/1000] Step [0/17] Loss: 5.9380 Bio: 0.7523 GateEnt: nan GateDiv: nan
Epoch [268/1000] Total Loss: 94.7366
Epoch [269/1000] Step [0/17] Loss: 5.8193 Bio: 0.7577 GateEnt: nan GateDiv: nan
Epoch [269/1000] Total Loss: 93.6180
Epoch [270/1000] Step [0/17] Loss: 5.5306 Bio: 0.6905 GateEnt: nan GateDiv: nan
Epoch [270/1000] Total Loss: 94.3594
Epoch [271/1000] Step [0/17] Loss: 6.1081 Bio: 0.7504 GateEnt: nan GateDiv: nan
Epoch [271/1000] Total Loss: 95.1347
Epoch [272/1000] Step [0/17] Loss: 5.8811 Bio: 0.6968 GateEnt: nan GateDiv: nan
Epoch [272/1000] Total Loss: 95.7567
Epoch [273/1000] Step [0/17] Loss: 5.7841 Bio: 0.7662 GateEnt: nan GateDiv: nan
Epoch [273/1000] Total Loss: 95.6145
Epoch [274/1000] Step [0/17] Loss: 5.6813 Bio: 0.7793 GateEnt: nan GateDiv: nan
Epoch [274/1000] Total Loss: 94.9144
Epoch [275/1000] Step [0/17] Loss: 5.6188 Bio: 0.7358 GateEnt: nan GateDiv: nan
Epoch [275/1000] Total Loss: 96.2068
Epoch [276/1000] Step [0/17] Loss: 5.4904 Bio: 0.8254 GateEnt: nan GateDiv: nan
Epoch [276/1000] Total Loss: 96.0261
Epoch [277/1000] Step [0/17] Loss: 5.6346 Bio: 0.7278 GateEnt: nan GateDiv: nan
Epoch [277/1000] Total Loss: 96.3275
Epoch [278/1000] Step [0/17] Loss: 5.7112 Bio: 0.7208 GateEnt: nan GateDiv: nan
Epoch [278/1000] Total Loss: 94.4796
Epoch [279/1000] Step [0/17] Loss: 5.6848 Bio: 0.7457 GateEnt: nan GateDiv: nan
Epoch [279/1000] Total Loss: 94.3079
Epoch [280/1000] Step [0/17] Loss: 5.5741 Bio: 0.7405 GateEnt: nan GateDiv: nan
Epoch [280/1000] Total Loss: 94.9756
Epoch [281/1000] Step [0/17] Loss: 5.5618 Bio: 0.8497 GateEnt: nan GateDiv: nan
Epoch [281/1000] Total Loss: 94.7651
Epoch [282/1000] Step [0/17] Loss: 5.6507 Bio: 0.7562 GateEnt: nan GateDiv: nan
Epoch [282/1000] Total Loss: 94.2660
Epoch [283/1000] Step [0/17] Loss: 5.6947 Bio: 0.7871 GateEnt: nan GateDiv: nan
Epoch [283/1000] Total Loss: 94.5313
Epoch [284/1000] Step [0/17] Loss: 5.7238 Bio: 0.6941 GateEnt: nan GateDiv: nan
Epoch [284/1000] Total Loss: 94.5142
Epoch [285/1000] Step [0/17] Loss: 5.7678 Bio: 0.7624 GateEnt: nan GateDiv: nan
Epoch [285/1000] Total Loss: 94.6985
Epoch [286/1000] Step [0/17] Loss: 5.6333 Bio: 0.8346 GateEnt: nan GateDiv: nan
Epoch [286/1000] Total Loss: 94.4253
Epoch [287/1000] Step [0/17] Loss: 5.6828 Bio: 0.7501 GateEnt: nan GateDiv: nan
Epoch [287/1000] Total Loss: 94.5810
Epoch [288/1000] Step [0/17] Loss: 5.5715 Bio: 0.8270 GateEnt: nan GateDiv: nan
Epoch [288/1000] Total Loss: 94.7121
Epoch [289/1000] Step [0/17] Loss: 5.7170 Bio: 0.7345 GateEnt: nan GateDiv: nan
Epoch [289/1000] Total Loss: 96.3526
Epoch [290/1000] Step [0/17] Loss: 5.6427 Bio: 0.7735 GateEnt: nan GateDiv: nan
Epoch [290/1000] Total Loss: 94.5048
Epoch [291/1000] Step [0/17] Loss: 5.7367 Bio: 0.7769 GateEnt: nan GateDiv: nan
Epoch [291/1000] Total Loss: 95.5612
Epoch [292/1000] Step [0/17] Loss: 5.6850 Bio: 0.9079 GateEnt: nan GateDiv: nan
Epoch [292/1000] Total Loss: 95.0488
Epoch [293/1000] Step [0/17] Loss: 5.5633 Bio: 0.7344 GateEnt: nan GateDiv: nan
Epoch [293/1000] Total Loss: 95.2711
Epoch [294/1000] Step [0/17] Loss: 5.5971 Bio: 0.8946 GateEnt: nan GateDiv: nan
Epoch [294/1000] Total Loss: 95.0165
Epoch [295/1000] Step [0/17] Loss: 5.6471 Bio: 0.8508 GateEnt: nan GateDiv: nan
Epoch [295/1000] Total Loss: 94.9751
Epoch [296/1000] Step [0/17] Loss: 5.7028 Bio: 0.7528 GateEnt: nan GateDiv: nan
Epoch [296/1000] Total Loss: 94.1754
Epoch [297/1000] Step [0/17] Loss: 5.7206 Bio: 0.7052 GateEnt: nan GateDiv: nan
Epoch [297/1000] Total Loss: 95.6323
Epoch [298/1000] Step [0/17] Loss: 5.7101 Bio: 0.7413 GateEnt: nan GateDiv: nan
Epoch [298/1000] Total Loss: 94.8661
Epoch [299/1000] Step [0/17] Loss: 5.6256 Bio: 0.8797 GateEnt: nan GateDiv: nan
Epoch [299/1000] Total Loss: 94.9518
Epoch [300/1000] Step [0/17] Loss: 5.6976 Bio: 0.8046 GateEnt: nan GateDiv: nan
Epoch [300/1000] Total Loss: 95.8814
Epoch [301/1000] Step [0/17] Loss: 5.7777 Bio: 0.8543 GateEnt: nan GateDiv: nan
Epoch [301/1000] Total Loss: 94.8699
Epoch [302/1000] Step [0/17] Loss: 5.5863 Bio: 0.7704 GateEnt: nan GateDiv: nan
Epoch [302/1000] Total Loss: 95.0372
Epoch [303/1000] Step [0/17] Loss: 5.3917 Bio: 0.8031 GateEnt: nan GateDiv: nan
Epoch [303/1000] Total Loss: 94.6126
Epoch [304/1000] Step [0/17] Loss: 5.6334 Bio: 0.8418 GateEnt: nan GateDiv: nan
Epoch [304/1000] Total Loss: 95.1717
Epoch [305/1000] Step [0/17] Loss: 5.6145 Bio: 0.8817 GateEnt: nan GateDiv: nan
Epoch [305/1000] Total Loss: 94.0822
Epoch [306/1000] Step [0/17] Loss: 5.6451 Bio: 0.8364 GateEnt: nan GateDiv: nan
Epoch [306/1000] Total Loss: 95.6543
Epoch [307/1000] Step [0/17] Loss: 5.7723 Bio: 0.7915 GateEnt: nan GateDiv: nan
Epoch [307/1000] Total Loss: 96.0767
Epoch [308/1000] Step [0/17] Loss: 5.4128 Bio: 0.7631 GateEnt: nan GateDiv: nan
Epoch [308/1000] Total Loss: 95.0487
Epoch [309/1000] Step [0/17] Loss: 5.8175 Bio: 0.6664 GateEnt: nan GateDiv: nan
Epoch [309/1000] Total Loss: 94.0666
Epoch [310/1000] Step [0/17] Loss: 5.5479 Bio: 0.8596 GateEnt: nan GateDiv: nan
Epoch [310/1000] Total Loss: 94.6293
Epoch [311/1000] Step [0/17] Loss: 5.5758 Bio: 0.7326 GateEnt: nan GateDiv: nan
Epoch [311/1000] Total Loss: 94.0541
Epoch [312/1000] Step [0/17] Loss: 5.8171 Bio: 0.9023 GateEnt: nan GateDiv: nan
Epoch [312/1000] Total Loss: 95.4346
Epoch [313/1000] Step [0/17] Loss: 5.5448 Bio: 0.8403 GateEnt: nan GateDiv: nan
Epoch [313/1000] Total Loss: 92.7242
Epoch [314/1000] Step [0/17] Loss: 5.7041 Bio: 0.7383 GateEnt: nan GateDiv: nan
Epoch [314/1000] Total Loss: 94.2593
Epoch [315/1000] Step [0/17] Loss: 5.5890 Bio: 0.7044 GateEnt: nan GateDiv: nan
Epoch [315/1000] Total Loss: 94.4371
Epoch [316/1000] Step [0/17] Loss: 5.7188 Bio: 0.7341 GateEnt: nan GateDiv: nan
Epoch [316/1000] Total Loss: 93.4732
Epoch [317/1000] Step [0/17] Loss: 5.5936 Bio: 0.6862 GateEnt: nan GateDiv: nan
Epoch [317/1000] Total Loss: 94.1259
Epoch [318/1000] Step [0/17] Loss: 5.7220 Bio: 0.6708 GateEnt: nan GateDiv: nan
Epoch [318/1000] Total Loss: 95.2331
Epoch [319/1000] Step [0/17] Loss: 5.7567 Bio: 0.7698 GateEnt: nan GateDiv: nan
Epoch [319/1000] Total Loss: 95.5770
Epoch [320/1000] Step [0/17] Loss: 5.5752 Bio: 0.7369 GateEnt: nan GateDiv: nan
Epoch [320/1000] Total Loss: 94.3341
Epoch [321/1000] Step [0/17] Loss: 5.5386 Bio: 0.7660 GateEnt: nan GateDiv: nan
Epoch [321/1000] Total Loss: 94.7237
Epoch [322/1000] Step [0/17] Loss: 5.9857 Bio: 0.7545 GateEnt: nan GateDiv: nan
Epoch [322/1000] Total Loss: 95.0252
Epoch [323/1000] Step [0/17] Loss: 5.6355 Bio: 0.7887 GateEnt: nan GateDiv: nan
Epoch [323/1000] Total Loss: 95.9858
Epoch [324/1000] Step [0/17] Loss: 5.7436 Bio: 0.7213 GateEnt: nan GateDiv: nan
Epoch [324/1000] Total Loss: 93.4080
Epoch [325/1000] Step [0/17] Loss: 5.4446 Bio: 0.7900 GateEnt: nan GateDiv: nan
Epoch [325/1000] Total Loss: 94.1418
Epoch [326/1000] Step [0/17] Loss: 5.5790 Bio: 0.8207 GateEnt: nan GateDiv: nan
Epoch [326/1000] Total Loss: 94.8705
Epoch [327/1000] Step [0/17] Loss: 5.8791 Bio: 0.7139 GateEnt: nan GateDiv: nan
Epoch [327/1000] Total Loss: 95.1353
Epoch [328/1000] Step [0/17] Loss: 5.5732 Bio: 0.8269 GateEnt: nan GateDiv: nan
Epoch [328/1000] Total Loss: 93.7668
Epoch [329/1000] Step [0/17] Loss: 5.4373 Bio: 0.8709 GateEnt: nan GateDiv: nan
Epoch [329/1000] Total Loss: 94.3141
Epoch [330/1000] Step [0/17] Loss: 5.6939 Bio: 0.7505 GateEnt: nan GateDiv: nan
Epoch [330/1000] Total Loss: 94.2594
Epoch [331/1000] Step [0/17] Loss: 5.7295 Bio: 0.7115 GateEnt: nan GateDiv: nan
Epoch [331/1000] Total Loss: 92.8142
Epoch [332/1000] Step [0/17] Loss: 5.3788 Bio: 0.7325 GateEnt: nan GateDiv: nan
Epoch [332/1000] Total Loss: 94.0172
Epoch [333/1000] Step [0/17] Loss: 5.6781 Bio: 0.8476 GateEnt: nan GateDiv: nan
Epoch [333/1000] Total Loss: 94.4263
Epoch [334/1000] Step [0/17] Loss: 5.8501 Bio: 0.6922 GateEnt: nan GateDiv: nan
Epoch [334/1000] Total Loss: 93.6243
Epoch [335/1000] Step [0/17] Loss: 5.5920 Bio: 0.8222 GateEnt: nan GateDiv: nan
Epoch [335/1000] Total Loss: 93.4756
Epoch [336/1000] Step [0/17] Loss: 5.6299 Bio: 0.7428 GateEnt: nan GateDiv: nan
Epoch [336/1000] Total Loss: 94.5379
Epoch [337/1000] Step [0/17] Loss: 5.6790 Bio: 0.7608 GateEnt: nan GateDiv: nan
Epoch [337/1000] Total Loss: 94.9004
Epoch [338/1000] Step [0/17] Loss: 5.7729 Bio: 0.8324 GateEnt: nan GateDiv: nan
Epoch [338/1000] Total Loss: 93.8545
Epoch [339/1000] Step [0/17] Loss: 5.4616 Bio: 0.7707 GateEnt: nan GateDiv: nan
Epoch [339/1000] Total Loss: 95.0828
Epoch [340/1000] Step [0/17] Loss: 5.6935 Bio: 0.7200 GateEnt: nan GateDiv: nan
Epoch [340/1000] Total Loss: 96.2430
Epoch [341/1000] Step [0/17] Loss: 5.6268 Bio: 0.7340 GateEnt: nan GateDiv: nan
Epoch [341/1000] Total Loss: 95.1660
Epoch [342/1000] Step [0/17] Loss: 5.6579 Bio: 0.8201 GateEnt: nan GateDiv: nan
Epoch [342/1000] Total Loss: 93.9266
Epoch [343/1000] Step [0/17] Loss: 5.6845 Bio: 0.7704 GateEnt: nan GateDiv: nan
Epoch [343/1000] Total Loss: 93.9292
Epoch [344/1000] Step [0/17] Loss: 5.6495 Bio: 0.8480 GateEnt: nan GateDiv: nan
Epoch [344/1000] Total Loss: 93.7760
Epoch [345/1000] Step [0/17] Loss: 5.7364 Bio: 0.7843 GateEnt: nan GateDiv: nan
Epoch [345/1000] Total Loss: 93.9706
Epoch [346/1000] Step [0/17] Loss: 5.6687 Bio: 0.7281 GateEnt: nan GateDiv: nan
Epoch [346/1000] Total Loss: 95.5541
Epoch [347/1000] Step [0/17] Loss: 5.8102 Bio: 0.6917 GateEnt: nan GateDiv: nan
Epoch [347/1000] Total Loss: 93.4470
Epoch [348/1000] Step [0/17] Loss: 5.4399 Bio: 0.7283 GateEnt: nan GateDiv: nan
Epoch [348/1000] Total Loss: 93.3621
Epoch [349/1000] Step [0/17] Loss: 5.5051 Bio: 0.7716 GateEnt: nan GateDiv: nan
Epoch [349/1000] Total Loss: 94.1282
Epoch [350/1000] Step [0/17] Loss: 5.5035 Bio: 0.7851 GateEnt: nan GateDiv: nan
Epoch [350/1000] Total Loss: 93.8188
Epoch [351/1000] Step [0/17] Loss: 5.4977 Bio: 0.7490 GateEnt: nan GateDiv: nan
Epoch [351/1000] Total Loss: 93.5894
Epoch [352/1000] Step [0/17] Loss: 5.6999 Bio: 0.7341 GateEnt: nan GateDiv: nan
Epoch [352/1000] Total Loss: 93.6849
Epoch [353/1000] Step [0/17] Loss: 5.6193 Bio: 0.8170 GateEnt: nan GateDiv: nan
Epoch [353/1000] Total Loss: 95.4094
Epoch [354/1000] Step [0/17] Loss: 5.5912 Bio: 0.7575 GateEnt: nan GateDiv: nan
Epoch [354/1000] Total Loss: 94.3207
Epoch [355/1000] Step [0/17] Loss: 5.6983 Bio: 0.7105 GateEnt: nan GateDiv: nan
Epoch [355/1000] Total Loss: 93.6569
Epoch [356/1000] Step [0/17] Loss: 5.6944 Bio: 0.7306 GateEnt: nan GateDiv: nan
Epoch [356/1000] Total Loss: 93.5461
Epoch [357/1000] Step [0/17] Loss: 5.5472 Bio: 0.8167 GateEnt: nan GateDiv: nan
Epoch [357/1000] Total Loss: 94.0730
Epoch [358/1000] Step [0/17] Loss: 5.6062 Bio: 0.7849 GateEnt: nan GateDiv: nan
Epoch [358/1000] Total Loss: 94.9469
Epoch [359/1000] Step [0/17] Loss: 5.4778 Bio: 0.8117 GateEnt: nan GateDiv: nan
Epoch [359/1000] Total Loss: 94.6289
Epoch [360/1000] Step [0/17] Loss: 5.7150 Bio: 0.7288 GateEnt: nan GateDiv: nan
Epoch [360/1000] Total Loss: 93.5479
Epoch [361/1000] Step [0/17] Loss: 5.5816 Bio: 0.6899 GateEnt: nan GateDiv: nan
Epoch [361/1000] Total Loss: 94.7017
Epoch [362/1000] Step [0/17] Loss: 5.5236 Bio: 0.7222 GateEnt: nan GateDiv: nan
Epoch [362/1000] Total Loss: 94.7551
Epoch [363/1000] Step [0/17] Loss: 5.5940 Bio: 0.7664 GateEnt: nan GateDiv: nan
Epoch [363/1000] Total Loss: 92.5027
Epoch [364/1000] Step [0/17] Loss: 5.4421 Bio: 0.7567 GateEnt: nan GateDiv: nan
Epoch [364/1000] Total Loss: 94.7760
Epoch [365/1000] Step [0/17] Loss: 5.8389 Bio: 0.7677 GateEnt: nan GateDiv: nan
Epoch [365/1000] Total Loss: 95.5872
Epoch [366/1000] Step [0/17] Loss: 5.4923 Bio: 0.7325 GateEnt: nan GateDiv: nan
Epoch [366/1000] Total Loss: 94.6392
Epoch [367/1000] Step [0/17] Loss: 5.5078 Bio: 0.7873 GateEnt: nan GateDiv: nan
Epoch [367/1000] Total Loss: 93.4989
Epoch [368/1000] Step [0/17] Loss: 5.6939 Bio: 0.7563 GateEnt: nan GateDiv: nan
Epoch [368/1000] Total Loss: 95.8224
Epoch [369/1000] Step [0/17] Loss: 5.4899 Bio: 0.8097 GateEnt: nan GateDiv: nan
Epoch [369/1000] Total Loss: 93.7083
Epoch [370/1000] Step [0/17] Loss: 5.5544 Bio: 0.7784 GateEnt: nan GateDiv: nan
Epoch [370/1000] Total Loss: 94.6209
Epoch [371/1000] Step [0/17] Loss: 5.5491 Bio: 0.7677 GateEnt: nan GateDiv: nan
Epoch [371/1000] Total Loss: 93.7957
Epoch [372/1000] Step [0/17] Loss: 5.9249 Bio: 0.7445 GateEnt: nan GateDiv: nan
Epoch [372/1000] Total Loss: 94.3880
Epoch [373/1000] Step [0/17] Loss: 5.5418 Bio: 0.8046 GateEnt: nan GateDiv: nan
Epoch [373/1000] Total Loss: 93.4875
Epoch [374/1000] Step [0/17] Loss: 5.4905 Bio: 0.6766 GateEnt: nan GateDiv: nan
Epoch [374/1000] Total Loss: 94.0579
Epoch [375/1000] Step [0/17] Loss: 5.6438 Bio: 0.7570 GateEnt: nan GateDiv: nan
Epoch [375/1000] Total Loss: 94.6730
Epoch [376/1000] Step [0/17] Loss: 5.7856 Bio: 0.7591 GateEnt: nan GateDiv: nan
Epoch [376/1000] Total Loss: 94.4259
Epoch [377/1000] Step [0/17] Loss: 5.5613 Bio: 0.7315 GateEnt: nan GateDiv: nan
Epoch [377/1000] Total Loss: 93.0520
Epoch [378/1000] Step [0/17] Loss: 5.7975 Bio: 0.7874 GateEnt: nan GateDiv: nan
Epoch [378/1000] Total Loss: 94.6256
Epoch [379/1000] Step [0/17] Loss: 5.5998 Bio: 0.7441 GateEnt: nan GateDiv: nan
Epoch [379/1000] Total Loss: 93.8825
Epoch [380/1000] Step [0/17] Loss: 5.4706 Bio: 0.6893 GateEnt: nan GateDiv: nan
Epoch [380/1000] Total Loss: 94.0404
Epoch [381/1000] Step [0/17] Loss: 5.3666 Bio: 0.7292 GateEnt: nan GateDiv: nan
Epoch [381/1000] Total Loss: 95.1221
Epoch [382/1000] Step [0/17] Loss: 5.6987 Bio: 0.7068 GateEnt: nan GateDiv: nan
Epoch [382/1000] Total Loss: 94.3611
Epoch [383/1000] Step [0/17] Loss: 5.7576 Bio: 0.6832 GateEnt: nan GateDiv: nan
Epoch [383/1000] Total Loss: 93.1923
Epoch [384/1000] Step [0/17] Loss: 5.5238 Bio: 0.7848 GateEnt: nan GateDiv: nan
Epoch [384/1000] Total Loss: 94.0035
Epoch [385/1000] Step [0/17] Loss: 5.5037 Bio: 0.7572 GateEnt: nan GateDiv: nan
Epoch [385/1000] Total Loss: 93.8053
Epoch [386/1000] Step [0/17] Loss: 5.5189 Bio: 0.8112 GateEnt: nan GateDiv: nan
Epoch [386/1000] Total Loss: 95.1193
Epoch [387/1000] Step [0/17] Loss: 5.4549 Bio: 0.7939 GateEnt: nan GateDiv: nan
Epoch [387/1000] Total Loss: 93.5336
Epoch [388/1000] Step [0/17] Loss: 5.6301 Bio: 0.7306 GateEnt: nan GateDiv: nan
Epoch [388/1000] Total Loss: 93.7328
Epoch [389/1000] Step [0/17] Loss: 5.6845 Bio: 0.7690 GateEnt: nan GateDiv: nan
Epoch [389/1000] Total Loss: 94.0167
Epoch [390/1000] Step [0/17] Loss: 5.5287 Bio: 0.6851 GateEnt: nan GateDiv: nan
Epoch [390/1000] Total Loss: 92.2341
Epoch [391/1000] Step [0/17] Loss: 5.6302 Bio: 0.7092 GateEnt: nan GateDiv: nan
Epoch [391/1000] Total Loss: 93.7843
Epoch [392/1000] Step [0/17] Loss: 5.4179 Bio: 0.6961 GateEnt: nan GateDiv: nan
Epoch [392/1000] Total Loss: 93.2157
Epoch [393/1000] Step [0/17] Loss: 5.8254 Bio: 0.8561 GateEnt: nan GateDiv: nan
Epoch [393/1000] Total Loss: 92.5476
Epoch [394/1000] Step [0/17] Loss: 5.5729 Bio: 0.7435 GateEnt: nan GateDiv: nan
Epoch [394/1000] Total Loss: 93.8930
Epoch [395/1000] Step [0/17] Loss: 5.7543 Bio: 0.6719 GateEnt: nan GateDiv: nan
Epoch [395/1000] Total Loss: 93.7913
Epoch [396/1000] Step [0/17] Loss: 5.7044 Bio: 0.7177 GateEnt: nan GateDiv: nan
Epoch [396/1000] Total Loss: 94.6172
Epoch [397/1000] Step [0/17] Loss: 5.6413 Bio: 0.7540 GateEnt: nan GateDiv: nan
Epoch [397/1000] Total Loss: 93.6176
Epoch [398/1000] Step [0/17] Loss: 5.5844 Bio: 0.7133 GateEnt: nan GateDiv: nan
Epoch [398/1000] Total Loss: 94.0718
Epoch [399/1000] Step [0/17] Loss: 5.6205 Bio: 0.7059 GateEnt: nan GateDiv: nan
Epoch [399/1000] Total Loss: 94.0362
Epoch [400/1000] Step [0/17] Loss: 5.7601 Bio: 0.7288 GateEnt: nan GateDiv: nan
Epoch [400/1000] Total Loss: 93.1631
Epoch [401/1000] Step [0/17] Loss: 5.5627 Bio: 0.7188 GateEnt: nan GateDiv: nan
Epoch [401/1000] Total Loss: 92.0928
Epoch [402/1000] Step [0/17] Loss: 5.6190 Bio: 0.9167 GateEnt: nan GateDiv: nan
Epoch [402/1000] Total Loss: 93.0635
Epoch [403/1000] Step [0/17] Loss: 5.8229 Bio: 0.7335 GateEnt: nan GateDiv: nan
Epoch [403/1000] Total Loss: 93.3399
Epoch [404/1000] Step [0/17] Loss: 5.7061 Bio: 0.8021 GateEnt: nan GateDiv: nan
Epoch [404/1000] Total Loss: 93.0732
Epoch [405/1000] Step [0/17] Loss: 5.7528 Bio: 0.8046 GateEnt: nan GateDiv: nan
Epoch [405/1000] Total Loss: 94.2497
Epoch [406/1000] Step [0/17] Loss: 5.5688 Bio: 0.7205 GateEnt: nan GateDiv: nan
Epoch [406/1000] Total Loss: 94.5076
Epoch [407/1000] Step [0/17] Loss: 5.7000 Bio: 0.8171 GateEnt: nan GateDiv: nan
Epoch [407/1000] Total Loss: 94.4911
Epoch [408/1000] Step [0/17] Loss: 5.8790 Bio: 0.6963 GateEnt: nan GateDiv: nan
Epoch [408/1000] Total Loss: 93.2480
Epoch [409/1000] Step [0/17] Loss: 5.5812 Bio: 0.6865 GateEnt: nan GateDiv: nan
Epoch [409/1000] Total Loss: 93.9932
Epoch [410/1000] Step [0/17] Loss: 5.6086 Bio: 0.7306 GateEnt: nan GateDiv: nan
Epoch [410/1000] Total Loss: 92.8867
Epoch [411/1000] Step [0/17] Loss: 5.9609 Bio: 0.6350 GateEnt: nan GateDiv: nan
Epoch [411/1000] Total Loss: 94.3103
Epoch [412/1000] Step [0/17] Loss: 5.5376 Bio: 0.7158 GateEnt: nan GateDiv: nan
Epoch [412/1000] Total Loss: 93.7486
Epoch [413/1000] Step [0/17] Loss: 5.6169 Bio: 0.7280 GateEnt: nan GateDiv: nan
Epoch [413/1000] Total Loss: 93.9145
Epoch [414/1000] Step [0/17] Loss: 5.6459 Bio: 0.8397 GateEnt: nan GateDiv: nan
Epoch [414/1000] Total Loss: 94.0806
Epoch [415/1000] Step [0/17] Loss: 5.5712 Bio: 0.7590 GateEnt: nan GateDiv: nan
Epoch [415/1000] Total Loss: 93.8497
Epoch [416/1000] Step [0/17] Loss: 5.6548 Bio: 0.7594 GateEnt: nan GateDiv: nan
Epoch [416/1000] Total Loss: 93.5314
Epoch [417/1000] Step [0/17] Loss: 5.4429 Bio: 0.8550 GateEnt: nan GateDiv: nan
Epoch [417/1000] Total Loss: 93.7367
Epoch [418/1000] Step [0/17] Loss: 5.4934 Bio: 0.6981 GateEnt: nan GateDiv: nan
Epoch [418/1000] Total Loss: 93.9307
Epoch [419/1000] Step [0/17] Loss: 5.6217 Bio: 0.7176 GateEnt: nan GateDiv: nan
Epoch [419/1000] Total Loss: 92.7113
Epoch [420/1000] Step [0/17] Loss: 5.5308 Bio: 0.7210 GateEnt: nan GateDiv: nan
Epoch [420/1000] Total Loss: 93.6326
Epoch [421/1000] Step [0/17] Loss: 5.7036 Bio: 0.7047 GateEnt: nan GateDiv: nan
Epoch [421/1000] Total Loss: 93.2042
Epoch [422/1000] Step [0/17] Loss: 5.5788 Bio: 0.7839 GateEnt: nan GateDiv: nan
Epoch [422/1000] Total Loss: 93.6787
Epoch [423/1000] Step [0/17] Loss: 5.5437 Bio: 0.7422 GateEnt: nan GateDiv: nan
Epoch [423/1000] Total Loss: 93.0258
Epoch [424/1000] Step [0/17] Loss: 5.5937 Bio: 0.7871 GateEnt: nan GateDiv: nan
Epoch [424/1000] Total Loss: 93.9592
Epoch [425/1000] Step [0/17] Loss: 5.5393 Bio: 0.7130 GateEnt: nan GateDiv: nan
Epoch [425/1000] Total Loss: 94.0416
Epoch [426/1000] Step [0/17] Loss: 5.6145 Bio: 0.6797 GateEnt: nan GateDiv: nan
Epoch [426/1000] Total Loss: 93.7185
Epoch [427/1000] Step [0/17] Loss: 5.5745 Bio: 0.8164 GateEnt: nan GateDiv: nan
Epoch [427/1000] Total Loss: 94.3974
Epoch [428/1000] Step [0/17] Loss: 5.8819 Bio: 0.8011 GateEnt: nan GateDiv: nan
Epoch [428/1000] Total Loss: 93.3995
Epoch [429/1000] Step [0/17] Loss: 5.6800 Bio: 0.7286 GateEnt: nan GateDiv: nan
Epoch [429/1000] Total Loss: 93.0256
Epoch [430/1000] Step [0/17] Loss: 5.6620 Bio: 0.8152 GateEnt: nan GateDiv: nan
Epoch [430/1000] Total Loss: 93.1031
Epoch [431/1000] Step [0/17] Loss: 5.6395 Bio: 0.7641 GateEnt: nan GateDiv: nan
Epoch [431/1000] Total Loss: 93.4783
Epoch [432/1000] Step [0/17] Loss: 5.7141 Bio: 0.6937 GateEnt: nan GateDiv: nan
Epoch [432/1000] Total Loss: 93.9049
Epoch [433/1000] Step [0/17] Loss: 5.4431 Bio: 0.7374 GateEnt: nan GateDiv: nan
Epoch [433/1000] Total Loss: 91.3381
Epoch [434/1000] Step [0/17] Loss: 5.4139 Bio: 0.8660 GateEnt: nan GateDiv: nan
Epoch [434/1000] Total Loss: 92.5539
Epoch [435/1000] Step [0/17] Loss: 5.6649 Bio: 0.7165 GateEnt: nan GateDiv: nan
Epoch [435/1000] Total Loss: 92.3802
Epoch [436/1000] Step [0/17] Loss: 5.5042 Bio: 0.7056 GateEnt: nan GateDiv: nan
Epoch [436/1000] Total Loss: 93.0306
Epoch [437/1000] Step [0/17] Loss: 5.4281 Bio: 0.7326 GateEnt: nan GateDiv: nan
Epoch [437/1000] Total Loss: 92.7438
Epoch [438/1000] Step [0/17] Loss: 5.6071 Bio: 0.7565 GateEnt: nan GateDiv: nan
Epoch [438/1000] Total Loss: 94.4676
Epoch [439/1000] Step [0/17] Loss: 5.5394 Bio: 0.7067 GateEnt: nan GateDiv: nan
Epoch [439/1000] Total Loss: 93.1038
Epoch [440/1000] Step [0/17] Loss: 5.5195 Bio: 0.7896 GateEnt: nan GateDiv: nan
Epoch [440/1000] Total Loss: 93.6991
Epoch [441/1000] Step [0/17] Loss: 5.8280 Bio: 0.7261 GateEnt: nan GateDiv: nan
Epoch [441/1000] Total Loss: 92.9208
Epoch [442/1000] Step [0/17] Loss: 5.5093 Bio: 0.6939 GateEnt: nan GateDiv: nan
Epoch [442/1000] Total Loss: 93.0311
Epoch [443/1000] Step [0/17] Loss: 5.6015 Bio: 0.6569 GateEnt: nan GateDiv: nan
Epoch [443/1000] Total Loss: 92.2081
Epoch [444/1000] Step [0/17] Loss: 5.5549 Bio: 0.7428 GateEnt: nan GateDiv: nan
Epoch [444/1000] Total Loss: 93.4465
Epoch [445/1000] Step [0/17] Loss: 5.8729 Bio: 0.6732 GateEnt: nan GateDiv: nan
Epoch [445/1000] Total Loss: 92.5034
Epoch [446/1000] Step [0/17] Loss: 5.4861 Bio: 0.8091 GateEnt: nan GateDiv: nan
Epoch [446/1000] Total Loss: 92.6902
Epoch [447/1000] Step [0/17] Loss: 5.6199 Bio: 0.8349 GateEnt: nan GateDiv: nan
Epoch [447/1000] Total Loss: 92.1976
Epoch [448/1000] Step [0/17] Loss: 5.6147 Bio: 0.7891 GateEnt: nan GateDiv: nan
Epoch [448/1000] Total Loss: 93.7257
Epoch [449/1000] Step [0/17] Loss: 5.4715 Bio: 0.7336 GateEnt: nan GateDiv: nan
Epoch [449/1000] Total Loss: 93.4687
Epoch [450/1000] Step [0/17] Loss: 5.6040 Bio: 0.6726 GateEnt: nan GateDiv: nan
Epoch [450/1000] Total Loss: 93.4494
Epoch [451/1000] Step [0/17] Loss: 5.5673 Bio: 0.6755 GateEnt: nan GateDiv: nan
Epoch [451/1000] Total Loss: 93.2823
Epoch [452/1000] Step [0/17] Loss: 5.5740 Bio: 0.7647 GateEnt: nan GateDiv: nan
Epoch [452/1000] Total Loss: 93.9822
Epoch [453/1000] Step [0/17] Loss: 5.6049 Bio: 0.6687 GateEnt: nan GateDiv: nan
Epoch [453/1000] Total Loss: 92.9026
Epoch [454/1000] Step [0/17] Loss: 5.6589 Bio: 0.6886 GateEnt: nan GateDiv: nan
Epoch [454/1000] Total Loss: 94.0499
Epoch [455/1000] Step [0/17] Loss: 5.6750 Bio: 0.6371 GateEnt: nan GateDiv: nan
Epoch [455/1000] Total Loss: 92.2259
Epoch [456/1000] Step [0/17] Loss: 5.5937 Bio: 0.7701 GateEnt: nan GateDiv: nan
Epoch [456/1000] Total Loss: 93.1217
Epoch [457/1000] Step [0/17] Loss: 5.3449 Bio: 0.7147 GateEnt: nan GateDiv: nan
Epoch [457/1000] Total Loss: 92.9910
Epoch [458/1000] Step [0/17] Loss: 5.4920 Bio: 0.8119 GateEnt: nan GateDiv: nan
Epoch [458/1000] Total Loss: 93.8192
Epoch [459/1000] Step [0/17] Loss: 5.6251 Bio: 0.7721 GateEnt: nan GateDiv: nan
Epoch [459/1000] Total Loss: 92.9325
Epoch [460/1000] Step [0/17] Loss: 5.7027 Bio: 0.6678 GateEnt: nan GateDiv: nan
Epoch [460/1000] Total Loss: 92.7806
Epoch [461/1000] Step [0/17] Loss: 5.6166 Bio: 0.7336 GateEnt: nan GateDiv: nan
Epoch [461/1000] Total Loss: 93.1341
Epoch [462/1000] Step [0/17] Loss: 5.7741 Bio: 0.7010 GateEnt: nan GateDiv: nan
Epoch [462/1000] Total Loss: 92.8296
Epoch [463/1000] Step [0/17] Loss: 5.6206 Bio: 0.7877 GateEnt: nan GateDiv: nan
Epoch [463/1000] Total Loss: 92.8084
Epoch [464/1000] Step [0/17] Loss: 5.4457 Bio: 0.8231 GateEnt: nan GateDiv: nan
Epoch [464/1000] Total Loss: 92.6161
Epoch [465/1000] Step [0/17] Loss: 5.5490 Bio: 0.7662 GateEnt: nan GateDiv: nan
Epoch [465/1000] Total Loss: 92.8486
Epoch [466/1000] Step [0/17] Loss: 5.6507 Bio: 0.7506 GateEnt: nan GateDiv: nan
Epoch [466/1000] Total Loss: 92.9130
Epoch [467/1000] Step [0/17] Loss: 5.8704 Bio: 0.7333 GateEnt: nan GateDiv: nan
Epoch [467/1000] Total Loss: 92.8982
Epoch [468/1000] Step [0/17] Loss: 5.5754 Bio: 0.7149 GateEnt: nan GateDiv: nan
Epoch [468/1000] Total Loss: 93.3319
Epoch [469/1000] Step [0/17] Loss: 5.5864 Bio: 0.7199 GateEnt: nan GateDiv: nan
Epoch [469/1000] Total Loss: 91.8838
Epoch [470/1000] Step [0/17] Loss: 5.5170 Bio: 0.6652 GateEnt: nan GateDiv: nan
Epoch [470/1000] Total Loss: 92.5204
Epoch [471/1000] Step [0/17] Loss: 5.8490 Bio: 0.7783 GateEnt: nan GateDiv: nan
Epoch [471/1000] Total Loss: 93.6037
Epoch [472/1000] Step [0/17] Loss: 5.6151 Bio: 0.7299 GateEnt: nan GateDiv: nan
Epoch [472/1000] Total Loss: 92.4113
Epoch [473/1000] Step [0/17] Loss: 5.6530 Bio: 0.7824 GateEnt: nan GateDiv: nan
Epoch [473/1000] Total Loss: 91.9531
Epoch [474/1000] Step [0/17] Loss: 5.6844 Bio: 0.7855 GateEnt: nan GateDiv: nan
Epoch [474/1000] Total Loss: 93.9340
Epoch [475/1000] Step [0/17] Loss: 5.5837 Bio: 0.7343 GateEnt: nan GateDiv: nan
Epoch [475/1000] Total Loss: 93.5641
Epoch [476/1000] Step [0/17] Loss: 5.4826 Bio: 0.7648 GateEnt: nan GateDiv: nan
Epoch [476/1000] Total Loss: 93.0372
Epoch [477/1000] Step [0/17] Loss: 5.7493 Bio: 0.8607 GateEnt: nan GateDiv: nan
Epoch [477/1000] Total Loss: 92.0988
Epoch [478/1000] Step [0/17] Loss: 5.4698 Bio: 0.7780 GateEnt: nan GateDiv: nan
Epoch [478/1000] Total Loss: 93.1084
Epoch [479/1000] Step [0/17] Loss: 5.5507 Bio: 0.8091 GateEnt: nan GateDiv: nan
Epoch [479/1000] Total Loss: 92.6285
Epoch [480/1000] Step [0/17] Loss: 5.7352 Bio: 0.7450 GateEnt: nan GateDiv: nan
Epoch [480/1000] Total Loss: 93.2395
Epoch [481/1000] Step [0/17] Loss: 5.7322 Bio: 0.5731 GateEnt: nan GateDiv: nan
Epoch [481/1000] Total Loss: 94.8555
Epoch [482/1000] Step [0/17] Loss: 5.4513 Bio: 0.8355 GateEnt: nan GateDiv: nan
Epoch [482/1000] Total Loss: 91.8216
Epoch [483/1000] Step [0/17] Loss: 5.5880 Bio: 0.7167 GateEnt: nan GateDiv: nan
Epoch [483/1000] Total Loss: 93.0742
Epoch [484/1000] Step [0/17] Loss: 5.6665 Bio: 0.7063 GateEnt: nan GateDiv: nan
Epoch [484/1000] Total Loss: 94.2284
Epoch [485/1000] Step [0/17] Loss: 5.4362 Bio: 0.8062 GateEnt: nan GateDiv: nan
Epoch [485/1000] Total Loss: 92.7840
Epoch [486/1000] Step [0/17] Loss: 5.6739 Bio: 0.6982 GateEnt: nan GateDiv: nan
Epoch [486/1000] Total Loss: 92.9001
Epoch [487/1000] Step [0/17] Loss: 5.5823 Bio: 0.7043 GateEnt: nan GateDiv: nan
Epoch [487/1000] Total Loss: 93.5834
Epoch [488/1000] Step [0/17] Loss: 5.8103 Bio: 0.6879 GateEnt: nan GateDiv: nan
Epoch [488/1000] Total Loss: 92.8156
Epoch [489/1000] Step [0/17] Loss: 5.7077 Bio: 0.7343 GateEnt: nan GateDiv: nan
Epoch [489/1000] Total Loss: 92.3863
Epoch [490/1000] Step [0/17] Loss: 5.5503 Bio: 0.8282 GateEnt: nan GateDiv: nan
Epoch [490/1000] Total Loss: 94.1247
Epoch [491/1000] Step [0/17] Loss: 5.4831 Bio: 0.6949 GateEnt: nan GateDiv: nan
Epoch [491/1000] Total Loss: 93.0714
Epoch [492/1000] Step [0/17] Loss: 5.4441 Bio: 0.8541 GateEnt: nan GateDiv: nan
Epoch [492/1000] Total Loss: 92.9669
Epoch [493/1000] Step [0/17] Loss: 5.7573 Bio: 0.6123 GateEnt: nan GateDiv: nan
Epoch [493/1000] Total Loss: 92.5634
Epoch [494/1000] Step [0/17] Loss: 5.6133 Bio: 0.6566 GateEnt: nan GateDiv: nan
Epoch [494/1000] Total Loss: 93.8477
Epoch [495/1000] Step [0/17] Loss: 5.4834 Bio: 0.7619 GateEnt: nan GateDiv: nan
Epoch [495/1000] Total Loss: 92.1600
Epoch [496/1000] Step [0/17] Loss: 5.5043 Bio: 0.7708 GateEnt: nan GateDiv: nan
Epoch [496/1000] Total Loss: 93.0545
Epoch [497/1000] Step [0/17] Loss: 5.5618 Bio: 0.6578 GateEnt: nan GateDiv: nan
Epoch [497/1000] Total Loss: 91.3515
Epoch [498/1000] Step [0/17] Loss: 5.5102 Bio: 0.7619 GateEnt: nan GateDiv: nan
Epoch [498/1000] Total Loss: 93.0773
Epoch [499/1000] Step [0/17] Loss: 5.4686 Bio: 0.8098 GateEnt: nan GateDiv: nan
Epoch [499/1000] Total Loss: 92.1845
Epoch [500/1000] Step [0/17] Loss: 5.5386 Bio: 0.8168 GateEnt: nan GateDiv: nan
Epoch [500/1000] Total Loss: 92.6288
Epoch [501/1000] Step [0/17] Loss: 5.6633 Bio: 0.6553 GateEnt: nan GateDiv: nan
Epoch [501/1000] Total Loss: 93.5703
Epoch [502/1000] Step [0/17] Loss: 5.5991 Bio: 0.7599 GateEnt: nan GateDiv: nan
Epoch [502/1000] Total Loss: 91.8236
Epoch [503/1000] Step [0/17] Loss: 5.4589 Bio: 0.7421 GateEnt: nan GateDiv: nan
Epoch [503/1000] Total Loss: 92.7022
Epoch [504/1000] Step [0/17] Loss: 5.5943 Bio: 0.7036 GateEnt: nan GateDiv: nan
Epoch [504/1000] Total Loss: 93.0325
Epoch [505/1000] Step [0/17] Loss: 5.8231 Bio: 0.6822 GateEnt: nan GateDiv: nan
Epoch [505/1000] Total Loss: 93.2299
Epoch [506/1000] Step [0/17] Loss: 5.4543 Bio: 0.7901 GateEnt: nan GateDiv: nan
Epoch [506/1000] Total Loss: 92.2095
Epoch [507/1000] Step [0/17] Loss: 5.5813 Bio: 0.7809 GateEnt: nan GateDiv: nan
Epoch [507/1000] Total Loss: 93.6636
Epoch [508/1000] Step [0/17] Loss: 5.5201 Bio: 0.7625 GateEnt: nan GateDiv: nan
Epoch [508/1000] Total Loss: 92.4054
Epoch [509/1000] Step [0/17] Loss: 5.5111 Bio: 0.7176 GateEnt: nan GateDiv: nan
Epoch [509/1000] Total Loss: 92.3176
Epoch [510/1000] Step [0/17] Loss: 5.6056 Bio: 0.6505 GateEnt: nan GateDiv: nan
Epoch [510/1000] Total Loss: 92.5589
Epoch [511/1000] Step [0/17] Loss: 5.6478 Bio: 0.7353 GateEnt: nan GateDiv: nan
Epoch [511/1000] Total Loss: 92.7927
Epoch [512/1000] Step [0/17] Loss: 5.3739 Bio: 0.7817 GateEnt: nan GateDiv: nan
Epoch [512/1000] Total Loss: 91.7081
Epoch [513/1000] Step [0/17] Loss: 5.5086 Bio: 0.7845 GateEnt: nan GateDiv: nan
Epoch [513/1000] Total Loss: 92.2771
Epoch [514/1000] Step [0/17] Loss: 5.6840 Bio: 0.6744 GateEnt: nan GateDiv: nan
Epoch [514/1000] Total Loss: 93.0987
Epoch [515/1000] Step [0/17] Loss: 5.5951 Bio: 0.7426 GateEnt: nan GateDiv: nan
Epoch [515/1000] Total Loss: 93.2632
Epoch [516/1000] Step [0/17] Loss: 5.4723 Bio: 0.8430 GateEnt: nan GateDiv: nan
Epoch [516/1000] Total Loss: 93.5598
Epoch [517/1000] Step [0/17] Loss: 5.6167 Bio: 0.6946 GateEnt: nan GateDiv: nan
Epoch [517/1000] Total Loss: 92.0306
Epoch [518/1000] Step [0/17] Loss: 5.4638 Bio: 0.7864 GateEnt: nan GateDiv: nan
Epoch [518/1000] Total Loss: 93.0585
Epoch [519/1000] Step [0/17] Loss: 5.4602 Bio: 0.6976 GateEnt: nan GateDiv: nan
Epoch [519/1000] Total Loss: 94.4584
Epoch [520/1000] Step [0/17] Loss: 5.5466 Bio: 0.7599 GateEnt: nan GateDiv: nan
Epoch [520/1000] Total Loss: 93.2343
Epoch [521/1000] Step [0/17] Loss: 5.3945 Bio: 0.8039 GateEnt: nan GateDiv: nan
Epoch [521/1000] Total Loss: 92.9260
Epoch [522/1000] Step [0/17] Loss: 5.7298 Bio: 0.7609 GateEnt: nan GateDiv: nan
Epoch [522/1000] Total Loss: 92.5812
Epoch [523/1000] Step [0/17] Loss: 5.3197 Bio: 0.6640 GateEnt: nan GateDiv: nan
Epoch [523/1000] Total Loss: 93.8170
Epoch [524/1000] Step [0/17] Loss: 5.5532 Bio: 0.6900 GateEnt: nan GateDiv: nan
Epoch [524/1000] Total Loss: 92.1618
Epoch [525/1000] Step [0/17] Loss: 5.6127 Bio: 0.6873 GateEnt: nan GateDiv: nan
Epoch [525/1000] Total Loss: 92.1702
Epoch [526/1000] Step [0/17] Loss: 5.6869 Bio: 0.6737 GateEnt: nan GateDiv: nan
Epoch [526/1000] Total Loss: 92.6915
Epoch [527/1000] Step [0/17] Loss: 5.6240 Bio: 0.7756 GateEnt: nan GateDiv: nan
Epoch [527/1000] Total Loss: 93.7483
Epoch [528/1000] Step [0/17] Loss: 5.5240 Bio: 0.7873 GateEnt: nan GateDiv: nan
Epoch [528/1000] Total Loss: 92.8953
Epoch [529/1000] Step [0/17] Loss: 5.5521 Bio: 0.7663 GateEnt: nan GateDiv: nan
Epoch [529/1000] Total Loss: 92.4262
Epoch [530/1000] Step [0/17] Loss: 5.4589 Bio: 0.7708 GateEnt: nan GateDiv: nan
Epoch [530/1000] Total Loss: 92.4678
Epoch [531/1000] Step [0/17] Loss: 5.5871 Bio: 0.8145 GateEnt: nan GateDiv: nan
Epoch [531/1000] Total Loss: 92.3153
Epoch [532/1000] Step [0/17] Loss: 5.8591 Bio: 0.7331 GateEnt: nan GateDiv: nan
Epoch [532/1000] Total Loss: 92.8521
Epoch [533/1000] Step [0/17] Loss: 5.6080 Bio: 0.7230 GateEnt: nan GateDiv: nan
Epoch [533/1000] Total Loss: 93.1700
Epoch [534/1000] Step [0/17] Loss: 5.6330 Bio: 0.7165 GateEnt: nan GateDiv: nan
Epoch [534/1000] Total Loss: 92.5016
Epoch [535/1000] Step [0/17] Loss: 5.5116 Bio: 0.7887 GateEnt: nan GateDiv: nan
Epoch [535/1000] Total Loss: 92.0846
Epoch [536/1000] Step [0/17] Loss: 5.6216 Bio: 0.7598 GateEnt: nan GateDiv: nan
Epoch [536/1000] Total Loss: 92.7248
Epoch [537/1000] Step [0/17] Loss: 5.6878 Bio: 0.7786 GateEnt: nan GateDiv: nan
Epoch [537/1000] Total Loss: 93.2756
Epoch [538/1000] Step [0/17] Loss: 5.4157 Bio: 0.7788 GateEnt: nan GateDiv: nan
Epoch [538/1000] Total Loss: 92.4516
Epoch [539/1000] Step [0/17] Loss: 5.6101 Bio: 0.7497 GateEnt: nan GateDiv: nan
Epoch [539/1000] Total Loss: 91.5468
Epoch [540/1000] Step [0/17] Loss: 5.6641 Bio: 0.7425 GateEnt: nan GateDiv: nan
Epoch [540/1000] Total Loss: 94.1438
Epoch [541/1000] Step [0/17] Loss: 5.4935 Bio: 0.6993 GateEnt: nan GateDiv: nan
Epoch [541/1000] Total Loss: 92.0435
Epoch [542/1000] Step [0/17] Loss: 5.3981 Bio: 0.7057 GateEnt: nan GateDiv: nan
Epoch [542/1000] Total Loss: 92.4940
Epoch [543/1000] Step [0/17] Loss: 5.4609 Bio: 0.8868 GateEnt: nan GateDiv: nan
Epoch [543/1000] Total Loss: 92.3913
Epoch [544/1000] Step [0/17] Loss: 5.4426 Bio: 0.7816 GateEnt: nan GateDiv: nan
Epoch [544/1000] Total Loss: 91.8635
Epoch [545/1000] Step [0/17] Loss: 5.6455 Bio: 0.7501 GateEnt: nan GateDiv: nan
Epoch [545/1000] Total Loss: 93.0403
Epoch [546/1000] Step [0/17] Loss: 6.0206 Bio: 0.7291 GateEnt: nan GateDiv: nan
Epoch [546/1000] Total Loss: 92.4914
Epoch [547/1000] Step [0/17] Loss: 5.7839 Bio: 0.6688 GateEnt: nan GateDiv: nan
Epoch [547/1000] Total Loss: 93.3187
Epoch [548/1000] Step [0/17] Loss: 5.7441 Bio: 0.7448 GateEnt: nan GateDiv: nan
Epoch [548/1000] Total Loss: 91.7083
Epoch [549/1000] Step [0/17] Loss: 5.3804 Bio: 0.7823 GateEnt: nan GateDiv: nan
Epoch [549/1000] Total Loss: 92.5108
Epoch [550/1000] Step [0/17] Loss: 5.4326 Bio: 0.7112 GateEnt: nan GateDiv: nan
Epoch [550/1000] Total Loss: 91.9869
Epoch [551/1000] Step [0/17] Loss: 5.6460 Bio: 0.6473 GateEnt: nan GateDiv: nan
Epoch [551/1000] Total Loss: 92.3491
Epoch [552/1000] Step [0/17] Loss: 5.6712 Bio: 0.7246 GateEnt: nan GateDiv: nan
Epoch [552/1000] Total Loss: 91.8807
Epoch [553/1000] Step [0/17] Loss: 5.5984 Bio: 0.8044 GateEnt: nan GateDiv: nan
Epoch [553/1000] Total Loss: 94.2107
Epoch [554/1000] Step [0/17] Loss: 5.6814 Bio: 0.6548 GateEnt: nan GateDiv: nan
Epoch [554/1000] Total Loss: 91.7744
Epoch [555/1000] Step [0/17] Loss: 5.6670 Bio: 0.7021 GateEnt: nan GateDiv: nan
Epoch [555/1000] Total Loss: 91.4319
Epoch [556/1000] Step [0/17] Loss: 5.5553 Bio: 0.7121 GateEnt: nan GateDiv: nan
Epoch [556/1000] Total Loss: 92.4120
Epoch [557/1000] Step [0/17] Loss: 5.3093 Bio: 0.7244 GateEnt: nan GateDiv: nan
Epoch [557/1000] Total Loss: 91.7066
Epoch [558/1000] Step [0/17] Loss: 5.5448 Bio: 0.6924 GateEnt: nan GateDiv: nan
Epoch [558/1000] Total Loss: 91.8827
Epoch [559/1000] Step [0/17] Loss: 5.4165 Bio: 0.7100 GateEnt: nan GateDiv: nan
Epoch [559/1000] Total Loss: 93.1190
Epoch [560/1000] Step [0/17] Loss: 5.4896 Bio: 0.7146 GateEnt: nan GateDiv: nan
Epoch [560/1000] Total Loss: 93.0200
Epoch [561/1000] Step [0/17] Loss: 5.5846 Bio: 0.6964 GateEnt: nan GateDiv: nan
Epoch [561/1000] Total Loss: 92.8692
Epoch [562/1000] Step [0/17] Loss: 5.6691 Bio: 0.6668 GateEnt: nan GateDiv: nan
Epoch [562/1000] Total Loss: 92.0423
Epoch [563/1000] Step [0/17] Loss: 5.5112 Bio: 0.7199 GateEnt: nan GateDiv: nan
Epoch [563/1000] Total Loss: 91.9072
Epoch [564/1000] Step [0/17] Loss: 5.4267 Bio: 0.7859 GateEnt: nan GateDiv: nan
Epoch [564/1000] Total Loss: 92.7775
Epoch [565/1000] Step [0/17] Loss: 5.6735 Bio: 0.7223 GateEnt: nan GateDiv: nan
Epoch [565/1000] Total Loss: 92.9598
Epoch [566/1000] Step [0/17] Loss: 5.6486 Bio: 0.7694 GateEnt: nan GateDiv: nan
Epoch [566/1000] Total Loss: 91.5645
Epoch [567/1000] Step [0/17] Loss: 5.6893 Bio: 0.7183 GateEnt: nan GateDiv: nan
Epoch [567/1000] Total Loss: 92.3688
Epoch [568/1000] Step [0/17] Loss: 5.4093 Bio: 0.7960 GateEnt: nan GateDiv: nan
Epoch [568/1000] Total Loss: 91.4630
Epoch [569/1000] Step [0/17] Loss: 5.3554 Bio: 0.7131 GateEnt: nan GateDiv: nan
Epoch [569/1000] Total Loss: 92.8987
Epoch [570/1000] Step [0/17] Loss: 5.6823 Bio: 0.6698 GateEnt: nan GateDiv: nan
Epoch [570/1000] Total Loss: 91.8224
Epoch [571/1000] Step [0/17] Loss: 5.6758 Bio: 0.7891 GateEnt: nan GateDiv: nan
Epoch [571/1000] Total Loss: 91.5422
Epoch [572/1000] Step [0/17] Loss: 5.5389 Bio: 0.6975 GateEnt: nan GateDiv: nan
Epoch [572/1000] Total Loss: 94.2491
Epoch [573/1000] Step [0/17] Loss: 5.5110 Bio: 0.6849 GateEnt: nan GateDiv: nan
Epoch [573/1000] Total Loss: 91.5480
Epoch [574/1000] Step [0/17] Loss: 5.6932 Bio: 0.7156 GateEnt: nan GateDiv: nan
Epoch [574/1000] Total Loss: 91.7065
Epoch [575/1000] Step [0/17] Loss: 5.5793 Bio: 0.8000 GateEnt: nan GateDiv: nan
Epoch [575/1000] Total Loss: 92.5258
Epoch [576/1000] Step [0/17] Loss: 5.4299 Bio: 0.8249 GateEnt: nan GateDiv: nan
Epoch [576/1000] Total Loss: 91.8149
Epoch [577/1000] Step [0/17] Loss: 5.2830 Bio: 0.7338 GateEnt: nan GateDiv: nan
Epoch [577/1000] Total Loss: 91.2367
Epoch [578/1000] Step [0/17] Loss: 5.4818 Bio: 0.7949 GateEnt: nan GateDiv: nan
Epoch [578/1000] Total Loss: 91.0956
Epoch [579/1000] Step [0/17] Loss: 5.5376 Bio: 0.8304 GateEnt: nan GateDiv: nan
Epoch [579/1000] Total Loss: 92.7962
Epoch [580/1000] Step [0/17] Loss: 5.4019 Bio: 0.7364 GateEnt: nan GateDiv: nan
Epoch [580/1000] Total Loss: 92.3654
Epoch [581/1000] Step [0/17] Loss: 5.5631 Bio: 0.8138 GateEnt: nan GateDiv: nan
Epoch [581/1000] Total Loss: 92.5220
Epoch [582/1000] Step [0/17] Loss: 5.6487 Bio: 0.7895 GateEnt: nan GateDiv: nan
Epoch [582/1000] Total Loss: 92.6244
Epoch [583/1000] Step [0/17] Loss: 5.6322 Bio: 0.7120 GateEnt: nan GateDiv: nan
Epoch [583/1000] Total Loss: 91.9863
Epoch [584/1000] Step [0/17] Loss: 5.4230 Bio: 0.7325 GateEnt: nan GateDiv: nan
Epoch [584/1000] Total Loss: 92.3577
Epoch [585/1000] Step [0/17] Loss: 5.2731 Bio: 0.7951 GateEnt: nan GateDiv: nan
Epoch [585/1000] Total Loss: 92.4622
Epoch [586/1000] Step [0/17] Loss: 5.3961 Bio: 0.7491 GateEnt: nan GateDiv: nan
Epoch [586/1000] Total Loss: 92.6243
Epoch [587/1000] Step [0/17] Loss: 5.5459 Bio: 0.7533 GateEnt: nan GateDiv: nan
Epoch [587/1000] Total Loss: 91.9780
Epoch [588/1000] Step [0/17] Loss: 5.5216 Bio: 0.7335 GateEnt: nan GateDiv: nan
Epoch [588/1000] Total Loss: 91.3863
Epoch [589/1000] Step [0/17] Loss: 5.4962 Bio: 0.7270 GateEnt: nan GateDiv: nan
Epoch [589/1000] Total Loss: 92.4596
Epoch [590/1000] Step [0/17] Loss: 5.5695 Bio: 0.6910 GateEnt: nan GateDiv: nan
Epoch [590/1000] Total Loss: 92.6530
Epoch [591/1000] Step [0/17] Loss: 5.4761 Bio: 0.7658 GateEnt: nan GateDiv: nan
Epoch [591/1000] Total Loss: 91.4958
Epoch [592/1000] Step [0/17] Loss: 5.5288 Bio: 0.7753 GateEnt: nan GateDiv: nan
Epoch [592/1000] Total Loss: 92.0317
Epoch [593/1000] Step [0/17] Loss: 5.5616 Bio: 0.6962 GateEnt: nan GateDiv: nan
Epoch [593/1000] Total Loss: 92.0548
Epoch [594/1000] Step [0/17] Loss: 5.6739 Bio: 0.7305 GateEnt: nan GateDiv: nan
Epoch [594/1000] Total Loss: 92.0658
Epoch [595/1000] Step [0/17] Loss: 5.5620 Bio: 0.7565 GateEnt: nan GateDiv: nan
Epoch [595/1000] Total Loss: 91.3034
Epoch [596/1000] Step [0/17] Loss: 5.4709 Bio: 0.7277 GateEnt: nan GateDiv: nan
Epoch [596/1000] Total Loss: 91.7014
Epoch [597/1000] Step [0/17] Loss: 5.5924 Bio: 0.7923 GateEnt: nan GateDiv: nan
Epoch [597/1000] Total Loss: 92.5581
Epoch [598/1000] Step [0/17] Loss: 5.5426 Bio: 0.8312 GateEnt: nan GateDiv: nan
Epoch [598/1000] Total Loss: 92.5066
Epoch [599/1000] Step [0/17] Loss: 5.4906 Bio: 0.6942 GateEnt: nan GateDiv: nan
Epoch [599/1000] Total Loss: 92.8087
Epoch [600/1000] Step [0/17] Loss: 5.7345 Bio: 0.7056 GateEnt: nan GateDiv: nan
Epoch [600/1000] Total Loss: 91.6410
Epoch [601/1000] Step [0/17] Loss: 5.6911 Bio: 0.7928 GateEnt: nan GateDiv: nan
Epoch [601/1000] Total Loss: 92.7191
Epoch [602/1000] Step [0/17] Loss: 5.4919 Bio: 0.7715 GateEnt: nan GateDiv: nan
Epoch [602/1000] Total Loss: 91.8845
Epoch [603/1000] Step [0/17] Loss: 5.5576 Bio: 0.7120 GateEnt: nan GateDiv: nan
Epoch [603/1000] Total Loss: 91.0432
Epoch [604/1000] Step [0/17] Loss: 5.3377 Bio: 0.7725 GateEnt: nan GateDiv: nan
Epoch [604/1000] Total Loss: 93.0393
Epoch [605/1000] Step [0/17] Loss: 5.5187 Bio: 0.6793 GateEnt: nan GateDiv: nan
Epoch [605/1000] Total Loss: 90.8612
Epoch [606/1000] Step [0/17] Loss: 5.4434 Bio: 0.7921 GateEnt: nan GateDiv: nan
Epoch [606/1000] Total Loss: 91.9315
Epoch [607/1000] Step [0/17] Loss: 5.6798 Bio: 0.7421 GateEnt: nan GateDiv: nan
Epoch [607/1000] Total Loss: 92.0905
Epoch [608/1000] Step [0/17] Loss: 5.4275 Bio: 0.6259 GateEnt: nan GateDiv: nan
Epoch [608/1000] Total Loss: 92.4267
Epoch [609/1000] Step [0/17] Loss: 5.5223 Bio: 0.6585 GateEnt: nan GateDiv: nan
Epoch [609/1000] Total Loss: 92.2857
Epoch [610/1000] Step [0/17] Loss: 5.4187 Bio: 0.7320 GateEnt: nan GateDiv: nan
Epoch [610/1000] Total Loss: 91.5480
Epoch [611/1000] Step [0/17] Loss: 5.7751 Bio: 0.6311 GateEnt: nan GateDiv: nan
Epoch [611/1000] Total Loss: 92.9779
Epoch [612/1000] Step [0/17] Loss: 5.3696 Bio: 0.7567 GateEnt: nan GateDiv: nan
Epoch [612/1000] Total Loss: 93.5254
Epoch [613/1000] Step [0/17] Loss: 5.6781 Bio: 0.6856 GateEnt: nan GateDiv: nan
Epoch [613/1000] Total Loss: 93.2565
Epoch [614/1000] Step [0/17] Loss: 5.4614 Bio: 0.7887 GateEnt: nan GateDiv: nan
Epoch [614/1000] Total Loss: 93.6630
Epoch [615/1000] Step [0/17] Loss: 5.4125 Bio: 0.7616 GateEnt: nan GateDiv: nan
Epoch [615/1000] Total Loss: 91.6358
Epoch [616/1000] Step [0/17] Loss: 5.4329 Bio: 0.7236 GateEnt: nan GateDiv: nan
Epoch [616/1000] Total Loss: 91.2216
Epoch [617/1000] Step [0/17] Loss: 5.4996 Bio: 0.7014 GateEnt: nan GateDiv: nan
Epoch [617/1000] Total Loss: 90.9581
Epoch [618/1000] Step [0/17] Loss: 5.5644 Bio: 0.7336 GateEnt: nan GateDiv: nan
Epoch [618/1000] Total Loss: 92.3736
Epoch [619/1000] Step [0/17] Loss: 5.6454 Bio: 0.7555 GateEnt: nan GateDiv: nan
Epoch [619/1000] Total Loss: 92.3819
Epoch [620/1000] Step [0/17] Loss: 5.5634 Bio: 0.7249 GateEnt: nan GateDiv: nan
Epoch [620/1000] Total Loss: 92.3460
Epoch [621/1000] Step [0/17] Loss: 5.4588 Bio: 0.7054 GateEnt: nan GateDiv: nan
Epoch [621/1000] Total Loss: 91.8753
Epoch [622/1000] Step [0/17] Loss: 5.4031 Bio: 0.6660 GateEnt: nan GateDiv: nan
Epoch [622/1000] Total Loss: 91.1449
Epoch [623/1000] Step [0/17] Loss: 5.4537 Bio: 0.7663 GateEnt: nan GateDiv: nan
Epoch [623/1000] Total Loss: 93.3506
Epoch [624/1000] Step [0/17] Loss: 5.5934 Bio: 0.6947 GateEnt: nan GateDiv: nan
Epoch [624/1000] Total Loss: 92.0715
Epoch [625/1000] Step [0/17] Loss: 5.7396 Bio: 0.7050 GateEnt: nan GateDiv: nan
Epoch [625/1000] Total Loss: 92.2281
Epoch [626/1000] Step [0/17] Loss: 5.5015 Bio: 0.7357 GateEnt: nan GateDiv: nan
Epoch [626/1000] Total Loss: 91.3679
Epoch [627/1000] Step [0/17] Loss: 5.3820 Bio: 0.7359 GateEnt: nan GateDiv: nan
Epoch [627/1000] Total Loss: 92.1302
Epoch [628/1000] Step [0/17] Loss: 5.5638 Bio: 0.7071 GateEnt: nan GateDiv: nan
Epoch [628/1000] Total Loss: 91.5244
Epoch [629/1000] Step [0/17] Loss: 5.5612 Bio: 0.7169 GateEnt: nan GateDiv: nan
Epoch [629/1000] Total Loss: 93.0612
Epoch [630/1000] Step [0/17] Loss: 5.6749 Bio: 0.6643 GateEnt: nan GateDiv: nan
Epoch [630/1000] Total Loss: 92.3287
Epoch [631/1000] Step [0/17] Loss: 5.4633 Bio: 0.7852 GateEnt: nan GateDiv: nan
Epoch [631/1000] Total Loss: 91.1129
Epoch [632/1000] Step [0/17] Loss: 5.4555 Bio: 0.7873 GateEnt: nan GateDiv: nan
Epoch [632/1000] Total Loss: 92.1049
Epoch [633/1000] Step [0/17] Loss: 5.5421 Bio: 0.7358 GateEnt: nan GateDiv: nan
Epoch [633/1000] Total Loss: 92.5659
Epoch [634/1000] Step [0/17] Loss: 5.5410 Bio: 0.6784 GateEnt: nan GateDiv: nan
Epoch [634/1000] Total Loss: 91.4314
Epoch [635/1000] Step [0/17] Loss: 5.5205 Bio: 0.7135 GateEnt: nan GateDiv: nan
Epoch [635/1000] Total Loss: 91.0552
Epoch [636/1000] Step [0/17] Loss: 5.6428 Bio: 0.7032 GateEnt: nan GateDiv: nan
Epoch [636/1000] Total Loss: 91.8519
Epoch [637/1000] Step [0/17] Loss: 5.5759 Bio: 0.7621 GateEnt: nan GateDiv: nan
Epoch [637/1000] Total Loss: 92.2683
Epoch [638/1000] Step [0/17] Loss: 5.5107 Bio: 0.7274 GateEnt: nan GateDiv: nan
Epoch [638/1000] Total Loss: 91.8484
Epoch [639/1000] Step [0/17] Loss: 5.5560 Bio: 0.7513 GateEnt: nan GateDiv: nan
Epoch [639/1000] Total Loss: 92.8176
Epoch [640/1000] Step [0/17] Loss: 5.4651 Bio: 0.7338 GateEnt: nan GateDiv: nan
Epoch [640/1000] Total Loss: 91.2805
Epoch [641/1000] Step [0/17] Loss: 5.3547 Bio: 0.7663 GateEnt: nan GateDiv: nan
Epoch [641/1000] Total Loss: 91.0076
Epoch [642/1000] Step [0/17] Loss: 5.4533 Bio: 0.7355 GateEnt: nan GateDiv: nan
Epoch [642/1000] Total Loss: 92.3092
Epoch [643/1000] Step [0/17] Loss: 5.5981 Bio: 0.8125 GateEnt: nan GateDiv: nan
Epoch [643/1000] Total Loss: 91.8146
Epoch [644/1000] Step [0/17] Loss: 5.5425 Bio: 0.8290 GateEnt: nan GateDiv: nan
Epoch [644/1000] Total Loss: 92.2596
Epoch [645/1000] Step [0/17] Loss: 5.6249 Bio: 0.7237 GateEnt: nan GateDiv: nan
Epoch [645/1000] Total Loss: 91.1717
Epoch [646/1000] Step [0/17] Loss: 5.4735 Bio: 0.7913 GateEnt: nan GateDiv: nan
Epoch [646/1000] Total Loss: 92.6742
Epoch [647/1000] Step [0/17] Loss: 5.5749 Bio: 0.7212 GateEnt: nan GateDiv: nan
Epoch [647/1000] Total Loss: 90.8318
Epoch [648/1000] Step [0/17] Loss: 5.4093 Bio: 0.7639 GateEnt: nan GateDiv: nan
Epoch [648/1000] Total Loss: 92.5961
Epoch [649/1000] Step [0/17] Loss: 5.5485 Bio: 0.7453 GateEnt: nan GateDiv: nan
Epoch [649/1000] Total Loss: 91.4023
Epoch [650/1000] Step [0/17] Loss: 5.4264 Bio: 0.7076 GateEnt: nan GateDiv: nan
Epoch [650/1000] Total Loss: 91.5306
Epoch [651/1000] Step [0/17] Loss: 5.5546 Bio: 0.7374 GateEnt: nan GateDiv: nan
Epoch [651/1000] Total Loss: 92.0330
Epoch [652/1000] Step [0/17] Loss: 5.4243 Bio: 0.7770 GateEnt: nan GateDiv: nan
Epoch [652/1000] Total Loss: 92.0247
Epoch [653/1000] Step [0/17] Loss: 5.4242 Bio: 0.7998 GateEnt: nan GateDiv: nan
Epoch [653/1000] Total Loss: 92.8594
Epoch [654/1000] Step [0/17] Loss: 5.4750 Bio: 0.7921 GateEnt: nan GateDiv: nan
Epoch [654/1000] Total Loss: 90.4497
Epoch [655/1000] Step [0/17] Loss: 5.5771 Bio: 0.7444 GateEnt: nan GateDiv: nan
Epoch [655/1000] Total Loss: 92.7684
Epoch [656/1000] Step [0/17] Loss: 5.5483 Bio: 0.6957 GateEnt: nan GateDiv: nan
Epoch [656/1000] Total Loss: 92.1983
Epoch [657/1000] Step [0/17] Loss: 5.6740 Bio: 0.7580 GateEnt: nan GateDiv: nan
Epoch [657/1000] Total Loss: 92.2391
Epoch [658/1000] Step [0/17] Loss: 5.5129 Bio: 0.7610 GateEnt: nan GateDiv: nan
Epoch [658/1000] Total Loss: 91.0046
Epoch [659/1000] Step [0/17] Loss: 5.4367 Bio: 0.7627 GateEnt: nan GateDiv: nan
Epoch [659/1000] Total Loss: 91.8234
Epoch [660/1000] Step [0/17] Loss: 5.4723 Bio: 0.7729 GateEnt: nan GateDiv: nan
Epoch [660/1000] Total Loss: 91.4561
Epoch [661/1000] Step [0/17] Loss: 5.7113 Bio: 0.6718 GateEnt: nan GateDiv: nan
Epoch [661/1000] Total Loss: 91.2373
Epoch [662/1000] Step [0/17] Loss: 5.6060 Bio: 0.6875 GateEnt: nan GateDiv: nan
Epoch [662/1000] Total Loss: 92.1377
Epoch [663/1000] Step [0/17] Loss: 5.4045 Bio: 0.7185 GateEnt: nan GateDiv: nan
Epoch [663/1000] Total Loss: 91.9283
Epoch [664/1000] Step [0/17] Loss: 5.4620 Bio: 0.7638 GateEnt: nan GateDiv: nan
Epoch [664/1000] Total Loss: 91.0710
Epoch [665/1000] Step [0/17] Loss: 5.4739 Bio: 0.7431 GateEnt: nan GateDiv: nan
Epoch [665/1000] Total Loss: 91.0716
Epoch [666/1000] Step [0/17] Loss: 5.4914 Bio: 0.7796 GateEnt: nan GateDiv: nan
Epoch [666/1000] Total Loss: 92.3728
Epoch [667/1000] Step [0/17] Loss: 5.4154 Bio: 0.6516 GateEnt: nan GateDiv: nan
Epoch [667/1000] Total Loss: 92.4843
Epoch [668/1000] Step [0/17] Loss: 5.4307 Bio: 0.7348 GateEnt: nan GateDiv: nan
Epoch [668/1000] Total Loss: 91.0905
Epoch [669/1000] Step [0/17] Loss: 5.4894 Bio: 0.7172 GateEnt: nan GateDiv: nan
Epoch [669/1000] Total Loss: 91.2659
Epoch [670/1000] Step [0/17] Loss: 5.5435 Bio: 0.7498 GateEnt: nan GateDiv: nan
Epoch [670/1000] Total Loss: 92.4972
Epoch [671/1000] Step [0/17] Loss: 5.5594 Bio: 0.6923 GateEnt: nan GateDiv: nan
Epoch [671/1000] Total Loss: 91.4191
Epoch [672/1000] Step [0/17] Loss: 5.4187 Bio: 0.6199 GateEnt: nan GateDiv: nan
Epoch [672/1000] Total Loss: 91.8922
Epoch [673/1000] Step [0/17] Loss: 5.4385 Bio: 0.7146 GateEnt: nan GateDiv: nan
Epoch [673/1000] Total Loss: 92.7643
Epoch [674/1000] Step [0/17] Loss: 5.4611 Bio: 0.7692 GateEnt: nan GateDiv: nan
Epoch [674/1000] Total Loss: 92.2782
Epoch [675/1000] Step [0/17] Loss: 5.4907 Bio: 0.6369 GateEnt: nan GateDiv: nan
Epoch [675/1000] Total Loss: 91.9107
Epoch [676/1000] Step [0/17] Loss: 5.5109 Bio: 0.7924 GateEnt: nan GateDiv: nan
Epoch [676/1000] Total Loss: 90.8955
Epoch [677/1000] Step [0/17] Loss: 5.4268 Bio: 0.7232 GateEnt: nan GateDiv: nan
Epoch [677/1000] Total Loss: 91.4350
Epoch [678/1000] Step [0/17] Loss: 5.4894 Bio: 0.7027 GateEnt: nan GateDiv: nan
Epoch [678/1000] Total Loss: 92.6508
Epoch [679/1000] Step [0/17] Loss: 5.5310 Bio: 0.7839 GateEnt: nan GateDiv: nan
Epoch [679/1000] Total Loss: 91.9674
Epoch [680/1000] Step [0/17] Loss: 5.3889 Bio: 0.7368 GateEnt: nan GateDiv: nan
Epoch [680/1000] Total Loss: 91.4974
Epoch [681/1000] Step [0/17] Loss: 5.5357 Bio: 0.7508 GateEnt: nan GateDiv: nan
Epoch [681/1000] Total Loss: 92.7034
Epoch [682/1000] Step [0/17] Loss: 5.6586 Bio: 0.7506 GateEnt: nan GateDiv: nan
Epoch [682/1000] Total Loss: 91.2301
Epoch [683/1000] Step [0/17] Loss: 5.4539 Bio: 0.7114 GateEnt: nan GateDiv: nan
Epoch [683/1000] Total Loss: 90.2556
Epoch [684/1000] Step [0/17] Loss: 5.4907 Bio: 0.8137 GateEnt: nan GateDiv: nan
Epoch [684/1000] Total Loss: 92.8408
Epoch [685/1000] Step [0/17] Loss: 5.5543 Bio: 0.7188 GateEnt: nan GateDiv: nan
Epoch [685/1000] Total Loss: 92.2951
Epoch [686/1000] Step [0/17] Loss: 5.4921 Bio: 0.6539 GateEnt: nan GateDiv: nan
Epoch [686/1000] Total Loss: 92.5739
Epoch [687/1000] Step [0/17] Loss: 5.3753 Bio: 0.7109 GateEnt: nan GateDiv: nan
Epoch [687/1000] Total Loss: 91.3099
Epoch [688/1000] Step [0/17] Loss: 5.5029 Bio: 0.7089 GateEnt: nan GateDiv: nan
Epoch [688/1000] Total Loss: 91.0101
Epoch [689/1000] Step [0/17] Loss: 5.6336 Bio: 0.7081 GateEnt: nan GateDiv: nan
Epoch [689/1000] Total Loss: 92.1638
Epoch [690/1000] Step [0/17] Loss: 5.6325 Bio: 0.6958 GateEnt: nan GateDiv: nan
Epoch [690/1000] Total Loss: 91.6966
Epoch [691/1000] Step [0/17] Loss: 5.5405 Bio: 0.7990 GateEnt: nan GateDiv: nan
Epoch [691/1000] Total Loss: 92.0317
Epoch [692/1000] Step [0/17] Loss: 5.6165 Bio: 0.6782 GateEnt: nan GateDiv: nan
Epoch [692/1000] Total Loss: 91.6422
Epoch [693/1000] Step [0/17] Loss: 5.4391 Bio: 0.7838 GateEnt: nan GateDiv: nan
Epoch [693/1000] Total Loss: 93.8469
Epoch [694/1000] Step [0/17] Loss: 5.2902 Bio: 0.7418 GateEnt: nan GateDiv: nan
Epoch [694/1000] Total Loss: 91.4102
Epoch [695/1000] Step [0/17] Loss: 5.5507 Bio: 0.7004 GateEnt: nan GateDiv: nan
Epoch [695/1000] Total Loss: 91.8880
Epoch [696/1000] Step [0/17] Loss: 5.4004 Bio: 0.6976 GateEnt: nan GateDiv: nan
Epoch [696/1000] Total Loss: 91.6482
Epoch [697/1000] Step [0/17] Loss: 5.4564 Bio: 0.7251 GateEnt: nan GateDiv: nan
Epoch [697/1000] Total Loss: 92.5281
Epoch [698/1000] Step [0/17] Loss: 5.6020 Bio: 0.6984 GateEnt: nan GateDiv: nan
Epoch [698/1000] Total Loss: 90.1424
Epoch [699/1000] Step [0/17] Loss: 5.5706 Bio: 0.7729 GateEnt: nan GateDiv: nan
Epoch [699/1000] Total Loss: 92.2580
Epoch [700/1000] Step [0/17] Loss: 5.5983 Bio: 0.7092 GateEnt: nan GateDiv: nan
Epoch [700/1000] Total Loss: 91.6390
Epoch [701/1000] Step [0/17] Loss: 5.5017 Bio: 0.6823 GateEnt: nan GateDiv: nan
Epoch [701/1000] Total Loss: 91.9241
Epoch [702/1000] Step [0/17] Loss: 5.5057 Bio: 0.7820 GateEnt: nan GateDiv: nan
Epoch [702/1000] Total Loss: 92.8533
Epoch [703/1000] Step [0/17] Loss: 5.3634 Bio: 0.7637 GateEnt: nan GateDiv: nan
Epoch [703/1000] Total Loss: 93.1100
Epoch [704/1000] Step [0/17] Loss: 5.5292 Bio: 0.7424 GateEnt: nan GateDiv: nan
Epoch [704/1000] Total Loss: 92.0348
Epoch [705/1000] Step [0/17] Loss: 5.6489 Bio: 0.6993 GateEnt: nan GateDiv: nan
Epoch [705/1000] Total Loss: 93.7288
Epoch [706/1000] Step [0/17] Loss: 5.4773 Bio: 0.6420 GateEnt: nan GateDiv: nan
Epoch [706/1000] Total Loss: 90.9809
Epoch [707/1000] Step [0/17] Loss: 5.6978 Bio: 0.6683 GateEnt: nan GateDiv: nan
Epoch [707/1000] Total Loss: 91.7919
Epoch [708/1000] Step [0/17] Loss: 5.5568 Bio: 0.8146 GateEnt: nan GateDiv: nan
Epoch [708/1000] Total Loss: 90.8557
Epoch [709/1000] Step [0/17] Loss: 5.5005 Bio: 0.6666 GateEnt: nan GateDiv: nan
Epoch [709/1000] Total Loss: 90.3007
Epoch [710/1000] Step [0/17] Loss: 5.3790 Bio: 0.7275 GateEnt: nan GateDiv: nan
Epoch [710/1000] Total Loss: 91.3977
Epoch [711/1000] Step [0/17] Loss: 5.5339 Bio: 0.7136 GateEnt: nan GateDiv: nan
Epoch [711/1000] Total Loss: 91.1816
Epoch [712/1000] Step [0/17] Loss: 5.5389 Bio: 0.6837 GateEnt: nan GateDiv: nan
Epoch [712/1000] Total Loss: 91.7054
Epoch [713/1000] Step [0/17] Loss: 5.4402 Bio: 0.7003 GateEnt: nan GateDiv: nan
Epoch [713/1000] Total Loss: 92.4394
Epoch [714/1000] Step [0/17] Loss: 5.4797 Bio: 0.7190 GateEnt: nan GateDiv: nan
Epoch [714/1000] Total Loss: 93.2394
Epoch [715/1000] Step [0/17] Loss: 5.5465 Bio: 0.7613 GateEnt: nan GateDiv: nan
Epoch [715/1000] Total Loss: 92.5195
Epoch [716/1000] Step [0/17] Loss: 5.4163 Bio: 0.7530 GateEnt: nan GateDiv: nan
Epoch [716/1000] Total Loss: 91.0667
Epoch [717/1000] Step [0/17] Loss: 5.4962 Bio: 0.7624 GateEnt: nan GateDiv: nan
Epoch [717/1000] Total Loss: 91.6841
Epoch [718/1000] Step [0/17] Loss: 5.4752 Bio: 0.7037 GateEnt: nan GateDiv: nan
Epoch [718/1000] Total Loss: 91.7621
Epoch [719/1000] Step [0/17] Loss: 5.7439 Bio: 0.7158 GateEnt: nan GateDiv: nan
Epoch [719/1000] Total Loss: 92.3897
Epoch [720/1000] Step [0/17] Loss: 5.4926 Bio: 0.6439 GateEnt: nan GateDiv: nan
Epoch [720/1000] Total Loss: 92.1315
Epoch [721/1000] Step [0/17] Loss: 5.6213 Bio: 0.6859 GateEnt: nan GateDiv: nan
Epoch [721/1000] Total Loss: 91.6548
Epoch [722/1000] Step [0/17] Loss: 5.6560 Bio: 0.6973 GateEnt: nan GateDiv: nan
Epoch [722/1000] Total Loss: 90.8056
Epoch [723/1000] Step [0/17] Loss: 5.5141 Bio: 0.6827 GateEnt: nan GateDiv: nan
Epoch [723/1000] Total Loss: 91.6231
Epoch [724/1000] Step [0/17] Loss: 5.4242 Bio: 0.6823 GateEnt: nan GateDiv: nan
Epoch [724/1000] Total Loss: 91.5240
Epoch [725/1000] Step [0/17] Loss: 5.5644 Bio: 0.8044 GateEnt: nan GateDiv: nan
Epoch [725/1000] Total Loss: 91.3034
Epoch [726/1000] Step [0/17] Loss: 5.5056 Bio: 0.7181 GateEnt: nan GateDiv: nan
Epoch [726/1000] Total Loss: 92.0858
Epoch [727/1000] Step [0/17] Loss: 5.6366 Bio: 0.7056 GateEnt: nan GateDiv: nan
Epoch [727/1000] Total Loss: 92.2041
Epoch [728/1000] Step [0/17] Loss: 5.6879 Bio: 0.6811 GateEnt: nan GateDiv: nan
Epoch [728/1000] Total Loss: 91.3073
Epoch [729/1000] Step [0/17] Loss: 5.3306 Bio: 0.7670 GateEnt: nan GateDiv: nan
Epoch [729/1000] Total Loss: 93.0946
Epoch [730/1000] Step [0/17] Loss: 5.5845 Bio: 0.7145 GateEnt: nan GateDiv: nan
Epoch [730/1000] Total Loss: 91.8190
Epoch [731/1000] Step [0/17] Loss: 5.4763 Bio: 0.7785 GateEnt: nan GateDiv: nan
Epoch [731/1000] Total Loss: 90.8412
Epoch [732/1000] Step [0/17] Loss: 5.4129 Bio: 0.7076 GateEnt: nan GateDiv: nan
Epoch [732/1000] Total Loss: 91.7699
Epoch [733/1000] Step [0/17] Loss: 5.4299 Bio: 0.7122 GateEnt: nan GateDiv: nan
Epoch [733/1000] Total Loss: 92.5085
Epoch [734/1000] Step [0/17] Loss: 5.5199 Bio: 0.7500 GateEnt: nan GateDiv: nan
Epoch [734/1000] Total Loss: 91.7836
Epoch [735/1000] Step [0/17] Loss: 5.6096 Bio: 0.7526 GateEnt: nan GateDiv: nan
Epoch [735/1000] Total Loss: 91.4274
Epoch [736/1000] Step [0/17] Loss: 5.5047 Bio: 0.8274 GateEnt: nan GateDiv: nan
Epoch [736/1000] Total Loss: 92.0925
Epoch [737/1000] Step [0/17] Loss: 5.6359 Bio: 0.7776 GateEnt: nan GateDiv: nan
Epoch [737/1000] Total Loss: 91.6964
Epoch [738/1000] Step [0/17] Loss: 5.4724 Bio: 0.7417 GateEnt: nan GateDiv: nan
Epoch [738/1000] Total Loss: 92.7718
Epoch [739/1000] Step [0/17] Loss: 5.4186 Bio: 0.7998 GateEnt: nan GateDiv: nan
Epoch [739/1000] Total Loss: 92.7582
Epoch [740/1000] Step [0/17] Loss: 5.3611 Bio: 0.7015 GateEnt: nan GateDiv: nan
Epoch [740/1000] Total Loss: 92.1584
Epoch [741/1000] Step [0/17] Loss: 5.3224 Bio: 0.8069 GateEnt: nan GateDiv: nan
Epoch [741/1000] Total Loss: 91.8635
Epoch [742/1000] Step [0/17] Loss: 5.6089 Bio: 0.8864 GateEnt: nan GateDiv: nan
Epoch [742/1000] Total Loss: 91.9859
Epoch [743/1000] Step [0/17] Loss: 5.3868 Bio: 0.7196 GateEnt: nan GateDiv: nan
Epoch [743/1000] Total Loss: 90.9751
Epoch [744/1000] Step [0/17] Loss: 5.6637 Bio: 0.7077 GateEnt: nan GateDiv: nan
Epoch [744/1000] Total Loss: 92.7056
Epoch [745/1000] Step [0/17] Loss: 5.4332 Bio: 0.6998 GateEnt: nan GateDiv: nan
Epoch [745/1000] Total Loss: 91.2645
Epoch [746/1000] Step [0/17] Loss: 5.5070 Bio: 0.7725 GateEnt: nan GateDiv: nan
Epoch [746/1000] Total Loss: 92.5764
Epoch [747/1000] Step [0/17] Loss: 5.4017 Bio: 0.6933 GateEnt: nan GateDiv: nan
Epoch [747/1000] Total Loss: 91.6012
Epoch [748/1000] Step [0/17] Loss: 5.4172 Bio: 0.7420 GateEnt: nan GateDiv: nan
Epoch [748/1000] Total Loss: 91.7901
Epoch [749/1000] Step [0/17] Loss: 5.6044 Bio: 0.6911 GateEnt: nan GateDiv: nan
Epoch [749/1000] Total Loss: 92.3243
Epoch [750/1000] Step [0/17] Loss: 5.5148 Bio: 0.7292 GateEnt: nan GateDiv: nan
Epoch [750/1000] Total Loss: 90.8327
Epoch [751/1000] Step [0/17] Loss: 5.4290 Bio: 0.6796 GateEnt: nan GateDiv: nan
Epoch [751/1000] Total Loss: 91.7781
Epoch [752/1000] Step [0/17] Loss: 5.6066 Bio: 0.8519 GateEnt: nan GateDiv: nan
Epoch [752/1000] Total Loss: 91.0072
Epoch [753/1000] Step [0/17] Loss: 5.1899 Bio: 0.7083 GateEnt: nan GateDiv: nan
Epoch [753/1000] Total Loss: 92.5688
Epoch [754/1000] Step [0/17] Loss: 5.3673 Bio: 0.7378 GateEnt: nan GateDiv: nan
Epoch [754/1000] Total Loss: 90.8883
Epoch [755/1000] Step [0/17] Loss: 5.3470 Bio: 0.7415 GateEnt: nan GateDiv: nan
Epoch [755/1000] Total Loss: 92.4751
Epoch [756/1000] Step [0/17] Loss: 5.6293 Bio: 0.7369 GateEnt: nan GateDiv: nan
Epoch [756/1000] Total Loss: 91.5407
Epoch [757/1000] Step [0/17] Loss: 5.5282 Bio: 0.6929 GateEnt: nan GateDiv: nan
Epoch [757/1000] Total Loss: 91.5533
Epoch [758/1000] Step [0/17] Loss: 5.4572 Bio: 0.7718 GateEnt: nan GateDiv: nan
Epoch [758/1000] Total Loss: 91.7566
Epoch [759/1000] Step [0/17] Loss: 5.6110 Bio: 0.7385 GateEnt: nan GateDiv: nan
Epoch [759/1000] Total Loss: 90.4541
Epoch [760/1000] Step [0/17] Loss: 5.5158 Bio: 0.7638 GateEnt: nan GateDiv: nan
Epoch [760/1000] Total Loss: 91.2466
Epoch [761/1000] Step [0/17] Loss: 5.4124 Bio: 0.7594 GateEnt: nan GateDiv: nan
Epoch [761/1000] Total Loss: 92.4314
Epoch [762/1000] Step [0/17] Loss: 5.5028 Bio: 0.7436 GateEnt: nan GateDiv: nan
Epoch [762/1000] Total Loss: 90.6896
Epoch [763/1000] Step [0/17] Loss: 5.5799 Bio: 0.7937 GateEnt: nan GateDiv: nan
Epoch [763/1000] Total Loss: 90.6012
Epoch [764/1000] Step [0/17] Loss: 5.5984 Bio: 0.7744 GateEnt: nan GateDiv: nan
Epoch [764/1000] Total Loss: 91.1181
Epoch [765/1000] Step [0/17] Loss: 5.7642 Bio: 0.7069 GateEnt: nan GateDiv: nan
Epoch [765/1000] Total Loss: 91.3447
Epoch [766/1000] Step [0/17] Loss: 5.4695 Bio: 0.7426 GateEnt: nan GateDiv: nan
Epoch [766/1000] Total Loss: 90.7045
Epoch [767/1000] Step [0/17] Loss: 5.3187 Bio: 0.7111 GateEnt: nan GateDiv: nan
Epoch [767/1000] Total Loss: 91.8989
Epoch [768/1000] Step [0/17] Loss: 5.5430 Bio: 0.7334 GateEnt: nan GateDiv: nan
Epoch [768/1000] Total Loss: 91.9985
Epoch [769/1000] Step [0/17] Loss: 5.2565 Bio: 0.6689 GateEnt: nan GateDiv: nan
Epoch [769/1000] Total Loss: 92.2598
Epoch [770/1000] Step [0/17] Loss: 5.4856 Bio: 0.7631 GateEnt: nan GateDiv: nan
Epoch [770/1000] Total Loss: 90.8665
Epoch [771/1000] Step [0/17] Loss: 5.4445 Bio: 0.7735 GateEnt: nan GateDiv: nan
Epoch [771/1000] Total Loss: 91.6412
Epoch [772/1000] Step [0/17] Loss: 5.3538 Bio: 0.7040 GateEnt: nan GateDiv: nan
Epoch [772/1000] Total Loss: 91.4810
Epoch [773/1000] Step [0/17] Loss: 5.4533 Bio: 0.7176 GateEnt: nan GateDiv: nan
Epoch [773/1000] Total Loss: 91.5143
Epoch [774/1000] Step [0/17] Loss: 5.4547 Bio: 0.7194 GateEnt: nan GateDiv: nan
Epoch [774/1000] Total Loss: 91.1294
Epoch [775/1000] Step [0/17] Loss: 5.6242 Bio: 0.8153 GateEnt: nan GateDiv: nan
Epoch [775/1000] Total Loss: 90.5942
Epoch [776/1000] Step [0/17] Loss: 5.2716 Bio: 0.7713 GateEnt: nan GateDiv: nan
Epoch [776/1000] Total Loss: 91.4091
Epoch [777/1000] Step [0/17] Loss: 5.3542 Bio: 0.6849 GateEnt: nan GateDiv: nan
Epoch [777/1000] Total Loss: 91.7993
Epoch [778/1000] Step [0/17] Loss: 5.6272 Bio: 0.7245 GateEnt: nan GateDiv: nan
Epoch [778/1000] Total Loss: 91.7393
Epoch [779/1000] Step [0/17] Loss: 5.3021 Bio: 0.7225 GateEnt: nan GateDiv: nan
Epoch [779/1000] Total Loss: 90.8666
Epoch [780/1000] Step [0/17] Loss: 5.6347 Bio: 0.6775 GateEnt: nan GateDiv: nan
Epoch [780/1000] Total Loss: 92.0696
Epoch [781/1000] Step [0/17] Loss: 5.3292 Bio: 0.7638 GateEnt: nan GateDiv: nan
Epoch [781/1000] Total Loss: 91.4977
Epoch [782/1000] Step [0/17] Loss: 5.3110 Bio: 0.7535 GateEnt: nan GateDiv: nan
Epoch [782/1000] Total Loss: 90.7371
Epoch [783/1000] Step [0/17] Loss: 5.5551 Bio: 0.8048 GateEnt: nan GateDiv: nan
Epoch [783/1000] Total Loss: 91.5118
Epoch [784/1000] Step [0/17] Loss: 5.5522 Bio: 0.6876 GateEnt: nan GateDiv: nan
Epoch [784/1000] Total Loss: 92.6444
Epoch [785/1000] Step [0/17] Loss: 5.6141 Bio: 0.6806 GateEnt: nan GateDiv: nan
Epoch [785/1000] Total Loss: 91.0675
Epoch [786/1000] Step [0/17] Loss: 5.4767 Bio: 0.6861 GateEnt: nan GateDiv: nan
Epoch [786/1000] Total Loss: 91.9590
Epoch [787/1000] Step [0/17] Loss: 5.5054 Bio: 0.7039 GateEnt: nan GateDiv: nan
Epoch [787/1000] Total Loss: 91.0562
Epoch [788/1000] Step [0/17] Loss: 5.4788 Bio: 0.8075 GateEnt: nan GateDiv: nan
Epoch [788/1000] Total Loss: 91.8558
Epoch [789/1000] Step [0/17] Loss: 5.3467 Bio: 0.7625 GateEnt: nan GateDiv: nan
Epoch [789/1000] Total Loss: 92.5678
Epoch [790/1000] Step [0/17] Loss: 5.5554 Bio: 0.6531 GateEnt: nan GateDiv: nan
Epoch [790/1000] Total Loss: 90.7890
Epoch [791/1000] Step [0/17] Loss: 5.4471 Bio: 0.7824 GateEnt: nan GateDiv: nan
Epoch [791/1000] Total Loss: 91.4507
Epoch [792/1000] Step [0/17] Loss: 5.4246 Bio: 0.7568 GateEnt: nan GateDiv: nan
Epoch [792/1000] Total Loss: 91.3615
Epoch [793/1000] Step [0/17] Loss: 5.6082 Bio: 0.7429 GateEnt: nan GateDiv: nan
Epoch [793/1000] Total Loss: 92.1240
Epoch [794/1000] Step [0/17] Loss: 5.7479 Bio: 0.6668 GateEnt: nan GateDiv: nan
Epoch [794/1000] Total Loss: 91.8544
Epoch [795/1000] Step [0/17] Loss: 5.3780 Bio: 0.8312 GateEnt: nan GateDiv: nan
Epoch [795/1000] Total Loss: 90.3448
Epoch [796/1000] Step [0/17] Loss: 5.5025 Bio: 0.8018 GateEnt: nan GateDiv: nan
Epoch [796/1000] Total Loss: 91.2047
Epoch [797/1000] Step [0/17] Loss: 5.3786 Bio: 0.7954 GateEnt: nan GateDiv: nan
Epoch [797/1000] Total Loss: 92.0072
Epoch [798/1000] Step [0/17] Loss: 5.2934 Bio: 0.7729 GateEnt: nan GateDiv: nan
Epoch [798/1000] Total Loss: 90.9051
Epoch [799/1000] Step [0/17] Loss: 5.8260 Bio: 0.8055 GateEnt: nan GateDiv: nan
Epoch [799/1000] Total Loss: 92.3256
Epoch [800/1000] Step [0/17] Loss: 5.3391 Bio: 0.6826 GateEnt: nan GateDiv: nan
Epoch [800/1000] Total Loss: 91.3632
Epoch [801/1000] Step [0/17] Loss: 5.5984 Bio: 0.6922 GateEnt: nan GateDiv: nan
Epoch [801/1000] Total Loss: 91.0914
Epoch [802/1000] Step [0/17] Loss: 5.5515 Bio: 0.7143 GateEnt: nan GateDiv: nan
Epoch [802/1000] Total Loss: 92.0805
Epoch [803/1000] Step [0/17] Loss: 5.3971 Bio: 0.6491 GateEnt: nan GateDiv: nan
Epoch [803/1000] Total Loss: 90.0827
Epoch [804/1000] Step [0/17] Loss: 5.5457 Bio: 0.6619 GateEnt: nan GateDiv: nan
Epoch [804/1000] Total Loss: 91.5331
Epoch [805/1000] Step [0/17] Loss: 5.6185 Bio: 0.7134 GateEnt: nan GateDiv: nan
Epoch [805/1000] Total Loss: 90.9838
Epoch [806/1000] Step [0/17] Loss: 5.4688 Bio: 0.8275 GateEnt: nan GateDiv: nan
Epoch [806/1000] Total Loss: 91.2580
Epoch [807/1000] Step [0/17] Loss: 5.5424 Bio: 0.7320 GateEnt: nan GateDiv: nan
Epoch [807/1000] Total Loss: 90.8305
Epoch [808/1000] Step [0/17] Loss: 5.4830 Bio: 0.7081 GateEnt: nan GateDiv: nan
Epoch [808/1000] Total Loss: 92.5117
Epoch [809/1000] Step [0/17] Loss: 5.5771 Bio: 0.7449 GateEnt: nan GateDiv: nan
Epoch [809/1000] Total Loss: 90.3400
Epoch [810/1000] Step [0/17] Loss: 5.5152 Bio: 0.7390 GateEnt: nan GateDiv: nan
Epoch [810/1000] Total Loss: 93.2388
Epoch [811/1000] Step [0/17] Loss: 5.5298 Bio: 0.8074 GateEnt: nan GateDiv: nan
Epoch [811/1000] Total Loss: 91.3606
Epoch [812/1000] Step [0/17] Loss: 5.4744 Bio: 0.7653 GateEnt: nan GateDiv: nan
Epoch [812/1000] Total Loss: 91.1609
Epoch [813/1000] Step [0/17] Loss: 5.5362 Bio: 0.7057 GateEnt: nan GateDiv: nan
Epoch [813/1000] Total Loss: 91.4387
Epoch [814/1000] Step [0/17] Loss: 5.4673 Bio: 0.7031 GateEnt: nan GateDiv: nan
Epoch [814/1000] Total Loss: 91.8245
Epoch [815/1000] Step [0/17] Loss: 5.5107 Bio: 0.7779 GateEnt: nan GateDiv: nan
Epoch [815/1000] Total Loss: 90.8044
Epoch [816/1000] Step [0/17] Loss: 5.3085 Bio: 0.6952 GateEnt: nan GateDiv: nan
Epoch [816/1000] Total Loss: 90.5493
Epoch [817/1000] Step [0/17] Loss: 5.3952 Bio: 0.6416 GateEnt: nan GateDiv: nan
Epoch [817/1000] Total Loss: 90.4399
Epoch [818/1000] Step [0/17] Loss: 5.7936 Bio: 0.7154 GateEnt: nan GateDiv: nan
Epoch [818/1000] Total Loss: 91.9319
Epoch [819/1000] Step [0/17] Loss: 5.5734 Bio: 0.7944 GateEnt: nan GateDiv: nan
Epoch [819/1000] Total Loss: 91.5610
Epoch [820/1000] Step [0/17] Loss: 5.5067 Bio: 0.7587 GateEnt: nan GateDiv: nan
Epoch [820/1000] Total Loss: 91.6724
Epoch [821/1000] Step [0/17] Loss: 5.3836 Bio: 0.7578 GateEnt: nan GateDiv: nan
Epoch [821/1000] Total Loss: 90.7088
Epoch [822/1000] Step [0/17] Loss: 5.4795 Bio: 0.6791 GateEnt: nan GateDiv: nan
Epoch [822/1000] Total Loss: 91.3854
Epoch [823/1000] Step [0/17] Loss: 5.3972 Bio: 0.7436 GateEnt: nan GateDiv: nan
Epoch [823/1000] Total Loss: 92.1052
Epoch [824/1000] Step [0/17] Loss: 5.6251 Bio: 0.6717 GateEnt: nan GateDiv: nan
Epoch [824/1000] Total Loss: 91.8013
Epoch [825/1000] Step [0/17] Loss: 5.4747 Bio: 0.6803 GateEnt: nan GateDiv: nan
Epoch [825/1000] Total Loss: 91.7863
Epoch [826/1000] Step [0/17] Loss: 5.4298 Bio: 0.7789 GateEnt: nan GateDiv: nan
Epoch [826/1000] Total Loss: 91.5547
Epoch [827/1000] Step [0/17] Loss: 5.4738 Bio: 0.7318 GateEnt: nan GateDiv: nan
Epoch [827/1000] Total Loss: 90.6624
Epoch [828/1000] Step [0/17] Loss: 5.5971 Bio: 0.7529 GateEnt: nan GateDiv: nan
Epoch [828/1000] Total Loss: 91.0839
Epoch [829/1000] Step [0/17] Loss: 5.4499 Bio: 0.7374 GateEnt: nan GateDiv: nan
Epoch [829/1000] Total Loss: 92.1593
Epoch [830/1000] Step [0/17] Loss: 5.4886 Bio: 0.7989 GateEnt: nan GateDiv: nan
Epoch [830/1000] Total Loss: 90.7594
Epoch [831/1000] Step [0/17] Loss: 5.2920 Bio: 0.7327 GateEnt: nan GateDiv: nan
Epoch [831/1000] Total Loss: 90.6385
Epoch [832/1000] Step [0/17] Loss: 5.3623 Bio: 0.6875 GateEnt: nan GateDiv: nan
Epoch [832/1000] Total Loss: 91.5764
Epoch [833/1000] Step [0/17] Loss: 5.4108 Bio: 0.7708 GateEnt: nan GateDiv: nan
Epoch [833/1000] Total Loss: 90.3780
Epoch [834/1000] Step [0/17] Loss: 5.5104 Bio: 0.6790 GateEnt: nan GateDiv: nan
Epoch [834/1000] Total Loss: 90.8698
Epoch [835/1000] Step [0/17] Loss: 5.5907 Bio: 0.8021 GateEnt: nan GateDiv: nan
Epoch [835/1000] Total Loss: 91.7945
Epoch [836/1000] Step [0/17] Loss: 5.3958 Bio: 0.8030 GateEnt: nan GateDiv: nan
Epoch [836/1000] Total Loss: 90.8895
Epoch [837/1000] Step [0/17] Loss: 5.4885 Bio: 0.6886 GateEnt: nan GateDiv: nan
Epoch [837/1000] Total Loss: 91.0611
Epoch [838/1000] Step [0/17] Loss: 5.5396 Bio: 0.7367 GateEnt: nan GateDiv: nan
Epoch [838/1000] Total Loss: 92.4119
Epoch [839/1000] Step [0/17] Loss: 5.4628 Bio: 0.8574 GateEnt: nan GateDiv: nan
Epoch [839/1000] Total Loss: 91.3611
Epoch [840/1000] Step [0/17] Loss: 5.8669 Bio: 0.6735 GateEnt: nan GateDiv: nan
Epoch [840/1000] Total Loss: 91.1794
Epoch [841/1000] Step [0/17] Loss: 5.3630 Bio: 0.7391 GateEnt: nan GateDiv: nan
Epoch [841/1000] Total Loss: 91.4294
Epoch [842/1000] Step [0/17] Loss: 5.3852 Bio: 0.7618 GateEnt: nan GateDiv: nan
Epoch [842/1000] Total Loss: 90.3698
Epoch [843/1000] Step [0/17] Loss: 5.2924 Bio: 0.6862 GateEnt: nan GateDiv: nan
Epoch [843/1000] Total Loss: 91.6364
Epoch [844/1000] Step [0/17] Loss: 5.7257 Bio: 0.6644 GateEnt: nan GateDiv: nan
Epoch [844/1000] Total Loss: 91.7301
Epoch [845/1000] Step [0/17] Loss: 5.4986 Bio: 0.8190 GateEnt: nan GateDiv: nan
Epoch [845/1000] Total Loss: 91.1878
Epoch [846/1000] Step [0/17] Loss: 5.4814 Bio: 0.8681 GateEnt: nan GateDiv: nan
Epoch [846/1000] Total Loss: 92.0560
Epoch [847/1000] Step [0/17] Loss: 5.3362 Bio: 0.6790 GateEnt: nan GateDiv: nan
Epoch [847/1000] Total Loss: 89.5130
Epoch [848/1000] Step [0/17] Loss: 5.3682 Bio: 0.7420 GateEnt: nan GateDiv: nan
Epoch [848/1000] Total Loss: 91.0258
Epoch [849/1000] Step [0/17] Loss: 5.4994 Bio: 0.7751 GateEnt: nan GateDiv: nan
Epoch [849/1000] Total Loss: 90.3281
Epoch [850/1000] Step [0/17] Loss: 5.5352 Bio: 0.7947 GateEnt: nan GateDiv: nan
Epoch [850/1000] Total Loss: 90.3490
Epoch [851/1000] Step [0/17] Loss: 5.3563 Bio: 0.8240 GateEnt: nan GateDiv: nan
Epoch [851/1000] Total Loss: 90.8412
Epoch [852/1000] Step [0/17] Loss: 5.3628 Bio: 0.7572 GateEnt: nan GateDiv: nan
Epoch [852/1000] Total Loss: 91.0645
Epoch [853/1000] Step [0/17] Loss: 5.5859 Bio: 0.6417 GateEnt: nan GateDiv: nan
Epoch [853/1000] Total Loss: 92.3447
Epoch [854/1000] Step [0/17] Loss: 5.4156 Bio: 0.6616 GateEnt: nan GateDiv: nan
Epoch [854/1000] Total Loss: 91.1980
Epoch [855/1000] Step [0/17] Loss: 5.4506 Bio: 0.7399 GateEnt: nan GateDiv: nan
Epoch [855/1000] Total Loss: 90.6681
Epoch [856/1000] Step [0/17] Loss: 5.5044 Bio: 0.7473 GateEnt: nan GateDiv: nan
Epoch [856/1000] Total Loss: 91.0518
Epoch [857/1000] Step [0/17] Loss: 5.4949 Bio: 0.7196 GateEnt: nan GateDiv: nan
Epoch [857/1000] Total Loss: 91.6770
Epoch [858/1000] Step [0/17] Loss: 5.6435 Bio: 0.7129 GateEnt: nan GateDiv: nan
Epoch [858/1000] Total Loss: 92.1075
Epoch [859/1000] Step [0/17] Loss: 5.5250 Bio: 0.7016 GateEnt: nan GateDiv: nan
Epoch [859/1000] Total Loss: 91.3656
Epoch [860/1000] Step [0/17] Loss: 5.5618 Bio: 0.6536 GateEnt: nan GateDiv: nan
Epoch [860/1000] Total Loss: 91.0984
Epoch [861/1000] Step [0/17] Loss: 5.5327 Bio: 0.8004 GateEnt: nan GateDiv: nan
Epoch [861/1000] Total Loss: 90.8792
Epoch [862/1000] Step [0/17] Loss: 5.4060 Bio: 0.6429 GateEnt: nan GateDiv: nan
Epoch [862/1000] Total Loss: 90.8377
Epoch [863/1000] Step [0/17] Loss: 5.5314 Bio: 0.6912 GateEnt: nan GateDiv: nan
Epoch [863/1000] Total Loss: 91.2837
Epoch [864/1000] Step [0/17] Loss: 5.3335 Bio: 0.7392 GateEnt: nan GateDiv: nan
Epoch [864/1000] Total Loss: 91.8201
Epoch [865/1000] Step [0/17] Loss: 5.5584 Bio: 0.7268 GateEnt: nan GateDiv: nan
Epoch [865/1000] Total Loss: 92.9208
Epoch [866/1000] Step [0/17] Loss: 5.4921 Bio: 0.7154 GateEnt: nan GateDiv: nan
Epoch [866/1000] Total Loss: 92.6171
Epoch [867/1000] Step [0/17] Loss: 5.4806 Bio: 0.7127 GateEnt: nan GateDiv: nan
Epoch [867/1000] Total Loss: 93.5092
Epoch [868/1000] Step [0/17] Loss: 5.4843 Bio: 0.7379 GateEnt: nan GateDiv: nan
Epoch [868/1000] Total Loss: 91.9504
Epoch [869/1000] Step [0/17] Loss: 5.4388 Bio: 0.6966 GateEnt: nan GateDiv: nan
Epoch [869/1000] Total Loss: 90.5461
Epoch [870/1000] Step [0/17] Loss: 5.3257 Bio: 0.7429 GateEnt: nan GateDiv: nan
Epoch [870/1000] Total Loss: 91.6645
Epoch [871/1000] Step [0/17] Loss: 5.4220 Bio: 0.7798 GateEnt: nan GateDiv: nan
Epoch [871/1000] Total Loss: 91.9190
Epoch [872/1000] Step [0/17] Loss: 5.3798 Bio: 0.7821 GateEnt: nan GateDiv: nan
Epoch [872/1000] Total Loss: 92.2566
Epoch [873/1000] Step [0/17] Loss: 5.4708 Bio: 0.7877 GateEnt: nan GateDiv: nan
Epoch [873/1000] Total Loss: 90.1930
Epoch [874/1000] Step [0/17] Loss: 5.6262 Bio: 0.8189 GateEnt: nan GateDiv: nan
Epoch [874/1000] Total Loss: 90.8055
Epoch [875/1000] Step [0/17] Loss: 5.3702 Bio: 0.6997 GateEnt: nan GateDiv: nan
Epoch [875/1000] Total Loss: 92.0252
Epoch [876/1000] Step [0/17] Loss: 5.5317 Bio: 0.6427 GateEnt: nan GateDiv: nan
Epoch [876/1000] Total Loss: 91.6123
Epoch [877/1000] Step [0/17] Loss: 5.5689 Bio: 0.7785 GateEnt: nan GateDiv: nan
Epoch [877/1000] Total Loss: 90.3574
Epoch [878/1000] Step [0/17] Loss: 5.3039 Bio: 0.6882 GateEnt: nan GateDiv: nan
Epoch [878/1000] Total Loss: 91.1939
Epoch [879/1000] Step [0/17] Loss: 5.4578 Bio: 0.6677 GateEnt: nan GateDiv: nan
Epoch [879/1000] Total Loss: 92.1038
Epoch [880/1000] Step [0/17] Loss: 5.4717 Bio: 0.7179 GateEnt: nan GateDiv: nan
Epoch [880/1000] Total Loss: 90.8697
Epoch [881/1000] Step [0/17] Loss: 5.4328 Bio: 0.8691 GateEnt: nan GateDiv: nan
Epoch [881/1000] Total Loss: 91.6995
Epoch [882/1000] Step [0/17] Loss: 5.4270 Bio: 0.7718 GateEnt: nan GateDiv: nan
Epoch [882/1000] Total Loss: 91.6555
Epoch [883/1000] Step [0/17] Loss: 5.6085 Bio: 0.7197 GateEnt: nan GateDiv: nan
Epoch [883/1000] Total Loss: 90.9757
Epoch [884/1000] Step [0/17] Loss: 5.3432 Bio: 0.7124 GateEnt: nan GateDiv: nan
Epoch [884/1000] Total Loss: 91.4841
Epoch [885/1000] Step [0/17] Loss: 5.2735 Bio: 0.7441 GateEnt: nan GateDiv: nan
Epoch [885/1000] Total Loss: 90.5326
Epoch [886/1000] Step [0/17] Loss: 5.5139 Bio: 0.7564 GateEnt: nan GateDiv: nan
Epoch [886/1000] Total Loss: 90.8915
Epoch [887/1000] Step [0/17] Loss: 5.3877 Bio: 0.6872 GateEnt: nan GateDiv: nan
Epoch [887/1000] Total Loss: 91.2607
Epoch [888/1000] Step [0/17] Loss: 5.4232 Bio: 0.7275 GateEnt: nan GateDiv: nan
Epoch [888/1000] Total Loss: 91.7757
Epoch [889/1000] Step [0/17] Loss: 5.3618 Bio: 0.7132 GateEnt: nan GateDiv: nan
Epoch [889/1000] Total Loss: 90.3718
Epoch [890/1000] Step [0/17] Loss: 5.3725 Bio: 0.7144 GateEnt: nan GateDiv: nan
Epoch [890/1000] Total Loss: 90.1117
Epoch [891/1000] Step [0/17] Loss: 5.5460 Bio: 0.6869 GateEnt: nan GateDiv: nan
Epoch [891/1000] Total Loss: 90.1563
Epoch [892/1000] Step [0/17] Loss: 5.4265 Bio: 0.7254 GateEnt: nan GateDiv: nan
Epoch [892/1000] Total Loss: 91.1182
Epoch [893/1000] Step [0/17] Loss: 5.5705 Bio: 0.6635 GateEnt: nan GateDiv: nan
Epoch [893/1000] Total Loss: 90.8320
Epoch [894/1000] Step [0/17] Loss: 5.3900 Bio: 0.7534 GateEnt: nan GateDiv: nan
Epoch [894/1000] Total Loss: 89.6428
Epoch [895/1000] Step [0/17] Loss: 5.4792 Bio: 0.7682 GateEnt: nan GateDiv: nan
Epoch [895/1000] Total Loss: 91.7485
Epoch [896/1000] Step [0/17] Loss: 5.5162 Bio: 0.6611 GateEnt: nan GateDiv: nan
Epoch [896/1000] Total Loss: 92.0435
Epoch [897/1000] Step [0/17] Loss: 5.3777 Bio: 0.6918 GateEnt: nan GateDiv: nan
Epoch [897/1000] Total Loss: 90.5700
Epoch [898/1000] Step [0/17] Loss: 5.3959 Bio: 0.7427 GateEnt: nan GateDiv: nan
Epoch [898/1000] Total Loss: 92.0262
Epoch [899/1000] Step [0/17] Loss: 5.4252 Bio: 0.7421 GateEnt: nan GateDiv: nan
Epoch [899/1000] Total Loss: 90.1245
Epoch [900/1000] Step [0/17] Loss: 5.5453 Bio: 0.7016 GateEnt: nan GateDiv: nan
Epoch [900/1000] Total Loss: 91.3848
Epoch [901/1000] Step [0/17] Loss: 5.5441 Bio: 0.7340 GateEnt: nan GateDiv: nan
Epoch [901/1000] Total Loss: 91.4303
Epoch [902/1000] Step [0/17] Loss: 5.3837 Bio: 0.6772 GateEnt: nan GateDiv: nan
Epoch [902/1000] Total Loss: 91.5593
Epoch [903/1000] Step [0/17] Loss: 5.3407 Bio: 0.7582 GateEnt: nan GateDiv: nan
Epoch [903/1000] Total Loss: 91.9975
Epoch [904/1000] Step [0/17] Loss: 5.3535 Bio: 0.6795 GateEnt: nan GateDiv: nan
Epoch [904/1000] Total Loss: 91.4385
Epoch [905/1000] Step [0/17] Loss: 5.4876 Bio: 0.7858 GateEnt: nan GateDiv: nan
Epoch [905/1000] Total Loss: 90.5732
Epoch [906/1000] Step [0/17] Loss: 5.4522 Bio: 0.6834 GateEnt: nan GateDiv: nan
Epoch [906/1000] Total Loss: 90.8903
Epoch [907/1000] Step [0/17] Loss: 5.4187 Bio: 0.7460 GateEnt: nan GateDiv: nan
Epoch [907/1000] Total Loss: 90.8326
Epoch [908/1000] Step [0/17] Loss: 5.5779 Bio: 0.7132 GateEnt: nan GateDiv: nan
Epoch [908/1000] Total Loss: 91.4818
Epoch [909/1000] Step [0/17] Loss: 5.4359 Bio: 0.6970 GateEnt: nan GateDiv: nan
Epoch [909/1000] Total Loss: 91.1006
Epoch [910/1000] Step [0/17] Loss: 5.5537 Bio: 0.7288 GateEnt: nan GateDiv: nan
Epoch [910/1000] Total Loss: 91.4217
Epoch [911/1000] Step [0/17] Loss: 5.6163 Bio: 0.8171 GateEnt: nan GateDiv: nan
Epoch [911/1000] Total Loss: 92.0752
Epoch [912/1000] Step [0/17] Loss: 5.3527 Bio: 0.7828 GateEnt: nan GateDiv: nan
Epoch [912/1000] Total Loss: 90.0259
Epoch [913/1000] Step [0/17] Loss: 5.5935 Bio: 0.6917 GateEnt: nan GateDiv: nan
Epoch [913/1000] Total Loss: 91.5065
Epoch [914/1000] Step [0/17] Loss: 5.5965 Bio: 0.7141 GateEnt: nan GateDiv: nan
Epoch [914/1000] Total Loss: 90.5462
Epoch [915/1000] Step [0/17] Loss: 5.4341 Bio: 0.6462 GateEnt: nan GateDiv: nan
Epoch [915/1000] Total Loss: 91.5940
Epoch [916/1000] Step [0/17] Loss: 5.5054 Bio: 0.7251 GateEnt: nan GateDiv: nan
Epoch [916/1000] Total Loss: 92.3915
Epoch [917/1000] Step [0/17] Loss: 5.4258 Bio: 0.7847 GateEnt: nan GateDiv: nan
Epoch [917/1000] Total Loss: 90.9811
Epoch [918/1000] Step [0/17] Loss: 5.4108 Bio: 0.7981 GateEnt: nan GateDiv: nan
Epoch [918/1000] Total Loss: 90.6644
Epoch [919/1000] Step [0/17] Loss: 5.3349 Bio: 0.9266 GateEnt: nan GateDiv: nan
Epoch [919/1000] Total Loss: 91.0429
Epoch [920/1000] Step [0/17] Loss: 5.4607 Bio: 0.8458 GateEnt: nan GateDiv: nan
Epoch [920/1000] Total Loss: 90.9548
Epoch [921/1000] Step [0/17] Loss: 5.5382 Bio: 0.7749 GateEnt: nan GateDiv: nan
Epoch [921/1000] Total Loss: 91.8485
Epoch [922/1000] Step [0/17] Loss: 5.5464 Bio: 0.6504 GateEnt: nan GateDiv: nan
Epoch [922/1000] Total Loss: 92.3289
Epoch [923/1000] Step [0/17] Loss: 5.4121 Bio: 0.7324 GateEnt: nan GateDiv: nan
Epoch [923/1000] Total Loss: 90.4062
Epoch [924/1000] Step [0/17] Loss: 5.5100 Bio: 0.7142 GateEnt: nan GateDiv: nan
Epoch [924/1000] Total Loss: 90.5631
Epoch [925/1000] Step [0/17] Loss: 5.4540 Bio: 0.7602 GateEnt: nan GateDiv: nan
Epoch [925/1000] Total Loss: 90.7844
Epoch [926/1000] Step [0/17] Loss: 5.5574 Bio: 0.6921 GateEnt: nan GateDiv: nan
Epoch [926/1000] Total Loss: 90.6590
Epoch [927/1000] Step [0/17] Loss: 5.4612 Bio: 0.7353 GateEnt: nan GateDiv: nan
Epoch [927/1000] Total Loss: 91.3664
Epoch [928/1000] Step [0/17] Loss: 5.6683 Bio: 0.7511 GateEnt: nan GateDiv: nan
Epoch [928/1000] Total Loss: 91.3923
Epoch [929/1000] Step [0/17] Loss: 5.5269 Bio: 0.7274 GateEnt: nan GateDiv: nan
Epoch [929/1000] Total Loss: 91.0179
Epoch [930/1000] Step [0/17] Loss: 5.5944 Bio: 0.6973 GateEnt: nan GateDiv: nan
Epoch [930/1000] Total Loss: 90.5700
Epoch [931/1000] Step [0/17] Loss: 5.3887 Bio: 0.7128 GateEnt: nan GateDiv: nan
Epoch [931/1000] Total Loss: 90.3844
Epoch [932/1000] Step [0/17] Loss: 5.4498 Bio: 0.6596 GateEnt: nan GateDiv: nan
Epoch [932/1000] Total Loss: 91.4891
Epoch [933/1000] Step [0/17] Loss: 5.5951 Bio: 0.7685 GateEnt: nan GateDiv: nan
Epoch [933/1000] Total Loss: 90.9650
Epoch [934/1000] Step [0/17] Loss: 5.3064 Bio: 0.6674 GateEnt: nan GateDiv: nan
Epoch [934/1000] Total Loss: 91.2340
Epoch [935/1000] Step [0/17] Loss: 5.5092 Bio: 0.7805 GateEnt: nan GateDiv: nan
Epoch [935/1000] Total Loss: 91.7018
Epoch [936/1000] Step [0/17] Loss: 5.4614 Bio: 0.7289 GateEnt: nan GateDiv: nan
Epoch [936/1000] Total Loss: 91.8156
Epoch [937/1000] Step [0/17] Loss: 5.4123 Bio: 0.7906 GateEnt: nan GateDiv: nan
Epoch [937/1000] Total Loss: 91.6604
Epoch [938/1000] Step [0/17] Loss: 5.3925 Bio: 0.8204 GateEnt: nan GateDiv: nan
Epoch [938/1000] Total Loss: 90.7118
Epoch [939/1000] Step [0/17] Loss: 5.4734 Bio: 0.6900 GateEnt: nan GateDiv: nan
Epoch [939/1000] Total Loss: 90.6015
Epoch [940/1000] Step [0/17] Loss: 5.5020 Bio: 0.6823 GateEnt: nan GateDiv: nan
Epoch [940/1000] Total Loss: 91.8085
Epoch [941/1000] Step [0/17] Loss: 5.6212 Bio: 0.7886 GateEnt: nan GateDiv: nan
Epoch [941/1000] Total Loss: 90.5776
Epoch [942/1000] Step [0/17] Loss: 5.4211 Bio: 0.6714 GateEnt: nan GateDiv: nan
Epoch [942/1000] Total Loss: 91.0640
Epoch [943/1000] Step [0/17] Loss: 5.2466 Bio: 0.7185 GateEnt: nan GateDiv: nan
Epoch [943/1000] Total Loss: 90.7984
Epoch [944/1000] Step [0/17] Loss: 5.5296 Bio: 0.7070 GateEnt: nan GateDiv: nan
Epoch [944/1000] Total Loss: 91.1620
Epoch [945/1000] Step [0/17] Loss: 5.2069 Bio: 0.7125 GateEnt: nan GateDiv: nan
Epoch [945/1000] Total Loss: 91.5263
Epoch [946/1000] Step [0/17] Loss: 5.3783 Bio: 0.7249 GateEnt: nan GateDiv: nan
Epoch [946/1000] Total Loss: 91.1455
Epoch [947/1000] Step [0/17] Loss: 5.4199 Bio: 0.6848 GateEnt: nan GateDiv: nan
Epoch [947/1000] Total Loss: 90.4833
Epoch [948/1000] Step [0/17] Loss: 5.4571 Bio: 0.7765 GateEnt: nan GateDiv: nan
Epoch [948/1000] Total Loss: 91.0322
Epoch [949/1000] Step [0/17] Loss: 5.4771 Bio: 0.7397 GateEnt: nan GateDiv: nan
Epoch [949/1000] Total Loss: 91.8400
Epoch [950/1000] Step [0/17] Loss: 5.5876 Bio: 0.7671 GateEnt: nan GateDiv: nan
Epoch [950/1000] Total Loss: 90.8726
Epoch [951/1000] Step [0/17] Loss: 5.6563 Bio: 0.7152 GateEnt: nan GateDiv: nan
Epoch [951/1000] Total Loss: 90.8276
Epoch [952/1000] Step [0/17] Loss: 5.4690 Bio: 0.7665 GateEnt: nan GateDiv: nan
Epoch [952/1000] Total Loss: 90.7460
Epoch [953/1000] Step [0/17] Loss: 5.5233 Bio: 0.7937 GateEnt: nan GateDiv: nan
Epoch [953/1000] Total Loss: 91.4618
Epoch [954/1000] Step [0/17] Loss: 5.2211 Bio: 0.7358 GateEnt: nan GateDiv: nan
Epoch [954/1000] Total Loss: 90.4876
Epoch [955/1000] Step [0/17] Loss: 5.3792 Bio: 0.6889 GateEnt: nan GateDiv: nan
Epoch [955/1000] Total Loss: 91.2211
Epoch [956/1000] Step [0/17] Loss: 5.5375 Bio: 0.7794 GateEnt: nan GateDiv: nan
Epoch [956/1000] Total Loss: 90.3816
Epoch [957/1000] Step [0/17] Loss: 5.3717 Bio: 0.7182 GateEnt: nan GateDiv: nan
Epoch [957/1000] Total Loss: 89.8333
Epoch [958/1000] Step [0/17] Loss: 5.2284 Bio: 0.7739 GateEnt: nan GateDiv: nan
Epoch [958/1000] Total Loss: 90.7401
Epoch [959/1000] Step [0/17] Loss: 5.2376 Bio: 0.6871 GateEnt: nan GateDiv: nan
Epoch [959/1000] Total Loss: 90.0084
Epoch [960/1000] Step [0/17] Loss: 5.4229 Bio: 0.7245 GateEnt: nan GateDiv: nan
Epoch [960/1000] Total Loss: 90.8157
Epoch [961/1000] Step [0/17] Loss: 5.7515 Bio: 0.7127 GateEnt: nan GateDiv: nan
Epoch [961/1000] Total Loss: 90.9180
Epoch [962/1000] Step [0/17] Loss: 5.4888 Bio: 0.8317 GateEnt: nan GateDiv: nan
Epoch [962/1000] Total Loss: 91.6161
Epoch [963/1000] Step [0/17] Loss: 5.3212 Bio: 0.7835 GateEnt: nan GateDiv: nan
Epoch [963/1000] Total Loss: 90.8325
Epoch [964/1000] Step [0/17] Loss: 5.6072 Bio: 0.6950 GateEnt: nan GateDiv: nan
Epoch [964/1000] Total Loss: 90.0360
Epoch [965/1000] Step [0/17] Loss: 5.3490 Bio: 0.7117 GateEnt: nan GateDiv: nan
Epoch [965/1000] Total Loss: 92.3448
Epoch [966/1000] Step [0/17] Loss: 5.3101 Bio: 0.7316 GateEnt: nan GateDiv: nan
Epoch [966/1000] Total Loss: 90.5892
Epoch [967/1000] Step [0/17] Loss: 5.5628 Bio: 0.7557 GateEnt: nan GateDiv: nan
Epoch [967/1000] Total Loss: 91.3200
Epoch [968/1000] Step [0/17] Loss: 5.4867 Bio: 0.6226 GateEnt: nan GateDiv: nan
Epoch [968/1000] Total Loss: 92.2401
Epoch [969/1000] Step [0/17] Loss: 5.3393 Bio: 0.8133 GateEnt: nan GateDiv: nan
Epoch [969/1000] Total Loss: 90.2303
Epoch [970/1000] Step [0/17] Loss: 5.5301 Bio: 0.6925 GateEnt: nan GateDiv: nan
Epoch [970/1000] Total Loss: 90.9285
Epoch [971/1000] Step [0/17] Loss: 5.7265 Bio: 0.6407 GateEnt: nan GateDiv: nan
Epoch [971/1000] Total Loss: 90.9749
Epoch [972/1000] Step [0/17] Loss: 5.3825 Bio: 0.7862 GateEnt: nan GateDiv: nan
Epoch [972/1000] Total Loss: 90.5308
Epoch [973/1000] Step [0/17] Loss: 5.4276 Bio: 0.7379 GateEnt: nan GateDiv: nan
Epoch [973/1000] Total Loss: 91.1308
Epoch [974/1000] Step [0/17] Loss: 5.2338 Bio: 0.7225 GateEnt: nan GateDiv: nan
Epoch [974/1000] Total Loss: 89.9877
Epoch [975/1000] Step [0/17] Loss: 5.4371 Bio: 0.6813 GateEnt: nan GateDiv: nan
Epoch [975/1000] Total Loss: 90.6032
Epoch [976/1000] Step [0/17] Loss: 5.4668 Bio: 0.7755 GateEnt: nan GateDiv: nan
Epoch [976/1000] Total Loss: 90.6762
Epoch [977/1000] Step [0/17] Loss: 5.2421 Bio: 0.8191 GateEnt: nan GateDiv: nan
Epoch [977/1000] Total Loss: 90.7170
Epoch [978/1000] Step [0/17] Loss: 5.5804 Bio: 0.6714 GateEnt: nan GateDiv: nan
Epoch [978/1000] Total Loss: 91.9884
Epoch [979/1000] Step [0/17] Loss: 5.4608 Bio: 0.6732 GateEnt: nan GateDiv: nan
Epoch [979/1000] Total Loss: 92.4571
Epoch [980/1000] Step [0/17] Loss: 5.5236 Bio: 0.8758 GateEnt: nan GateDiv: nan
Epoch [980/1000] Total Loss: 90.9099
Epoch [981/1000] Step [0/17] Loss: 5.4573 Bio: 0.6978 GateEnt: nan GateDiv: nan
Epoch [981/1000] Total Loss: 90.8091
Epoch [982/1000] Step [0/17] Loss: 5.3704 Bio: 0.7337 GateEnt: nan GateDiv: nan
Epoch [982/1000] Total Loss: 90.6977
Epoch [983/1000] Step [0/17] Loss: 5.6029 Bio: 0.7346 GateEnt: nan GateDiv: nan
Epoch [983/1000] Total Loss: 90.1307
Epoch [984/1000] Step [0/17] Loss: 5.4544 Bio: 0.7157 GateEnt: nan GateDiv: nan
Epoch [984/1000] Total Loss: 90.2644
Epoch [985/1000] Step [0/17] Loss: 5.4144 Bio: 0.7261 GateEnt: nan GateDiv: nan
Epoch [985/1000] Total Loss: 89.9769
Epoch [986/1000] Step [0/17] Loss: 5.7604 Bio: 0.7328 GateEnt: nan GateDiv: nan
Epoch [986/1000] Total Loss: 91.2534
Epoch [987/1000] Step [0/17] Loss: 5.3896 Bio: 0.8055 GateEnt: nan GateDiv: nan
Epoch [987/1000] Total Loss: 92.4447
Epoch [988/1000] Step [0/17] Loss: 5.5939 Bio: 0.7750 GateEnt: nan GateDiv: nan
Epoch [988/1000] Total Loss: 90.7713
Epoch [989/1000] Step [0/17] Loss: 5.3937 Bio: 0.7521 GateEnt: nan GateDiv: nan
Epoch [989/1000] Total Loss: 91.4890
Epoch [990/1000] Step [0/17] Loss: 5.5200 Bio: 0.7126 GateEnt: nan GateDiv: nan
Epoch [990/1000] Total Loss: 91.1424
Epoch [991/1000] Step [0/17] Loss: 5.4754 Bio: 0.7193 GateEnt: nan GateDiv: nan
Epoch [991/1000] Total Loss: 89.6357
Epoch [992/1000] Step [0/17] Loss: 5.4357 Bio: 0.7019 GateEnt: nan GateDiv: nan
Epoch [992/1000] Total Loss: 91.4675
Epoch [993/1000] Step [0/17] Loss: 5.3630 Bio: 0.7953 GateEnt: nan GateDiv: nan
Epoch [993/1000] Total Loss: 90.0817
Epoch [994/1000] Step [0/17] Loss: 5.5548 Bio: 0.7424 GateEnt: nan GateDiv: nan
Epoch [994/1000] Total Loss: 90.5740
Epoch [995/1000] Step [0/17] Loss: 5.3242 Bio: 0.7249 GateEnt: nan GateDiv: nan
Epoch [995/1000] Total Loss: 91.2027
Epoch [996/1000] Step [0/17] Loss: 5.6464 Bio: 0.6778 GateEnt: nan GateDiv: nan
Epoch [996/1000] Total Loss: 90.9386
Epoch [997/1000] Step [0/17] Loss: 5.8021 Bio: 0.6289 GateEnt: nan GateDiv: nan
Epoch [997/1000] Total Loss: 91.5271
Epoch [998/1000] Step [0/17] Loss: 5.5628 Bio: 0.6851 GateEnt: nan GateDiv: nan
Epoch [998/1000] Total Loss: 90.6963
Epoch [999/1000] Step [0/17] Loss: 5.6072 Bio: 0.7087 GateEnt: nan GateDiv: nan
Epoch [999/1000] Total Loss: 90.8419

=== Loss Summary ===
  Epoch   1: 118.8146
  Epoch 251: 94.6930
  Epoch 501: 92.6288
  Epoch 751: 90.8327
  Epoch 1000: 90.8419
  Delta (last 25% = 250 ep): 0.0092
  If delta > -1.0, model has converged
linear training complete.
=== DONE Tue Sep  1 09:32:06 PM EDT 2026 ===
