patient_id,HALLMARK_ALLOGRAFT_REJECTION,HALLMARK_ANDROGEN_RESPONSE,HALLMARK_ANGIOGENESIS,HALLMARK_APICAL_JUNCTION,HALLMARK_APOPTOSIS,HALLMARK_CHOLESTEROL_HOMEOSTASIS,HALLMARK_COMPLEMENT,HALLMARK_DNA_REPAIR,HALLMARK_E2F_TARGETS,HALLMARK_EPITHELIAL_MESENCHYMAL_TRANSITION,HALLMARK_ESTROGEN_RESPONSE_EARLY,HALLMARK_ESTROGEN_RESPONSE_LATE,HALLMARK_FATTY_ACID_METABOLISM,HALLMARK_G2M_CHECKPOINT,HALLMARK_GLYCOLYSIS,HALLMARK_HEDGEHOG_SIGNALING,HALLMARK_HYPOXIA,HALLMARK_IL2_STAT5_SIGNALING,HALLMARK_IL6_JAK_STAT3_SIGNALING,HALLMARK_INFLAMMATORY_RESPONSE,HALLMARK_INTERFERON_ALPHA_RESPONSE,HALLMARK_INTERFERON_GAMMA_RESPONSE,HALLMARK_KRAS_SIGNALING_DN,HALLMARK_KRAS_SIGNALING_UP,HALLMARK_MITOTIC_SPINDLE,HALLMARK_MTORC1_SIGNALING,HALLMARK_MYC_TARGETS_V1,HALLMARK_MYC_TARGETS_V2,HALLMARK_NOTCH_SIGNALING,HALLMARK_OXIDATIVE_PHOSPHORYLATION,HALLMARK_P53_PATHWAY,HALLMARK_PI3K_AKT_MTOR_SIGNALING,HALLMARK_REACTIVE_OXYGEN_SPECIES_PATHWAY,HALLMARK_TGF_BETA_SIGNALING,HALLMARK_TNFA_SIGNALING_VIA_NFKB,HALLMARK_UNFOLDED_PROTEIN_RESPONSE,HALLMARK_UV_RESPONSE_DN,HALLMARK_UV_RESPONSE_UP,HALLMARK_WNT_BETA_CATENIN_SIGNALING,HALLMARK_XENOBIOTIC_METABOLISM
TCGA-69-7978,1.5278245107621835,0.0342913168539492,1.2295223293101978,1.2283525275897034,0.675589910386166,-1.3266861003697574,1.5692658532827604,-0.994929395239972,0.11789264286093,1.098338355563085,-0.2205373262108205,-0.8341325613305677,-1.9768082917095773,0.3738385855991832,0.455418331024,0.2433270014382586,1.185716351662463,1.293203969787871,1.539335168769283,1.3051842334023964,0.8505491468960631,1.2188587071778454,-1.112370602790456,1.14877708956575,1.106805044658503,0.1857844633151027,-0.3523489137467556,-0.2181640363981703,0.6757738276132155,-1.9748358175093148,-0.1947154055372772,1.7666910793358588,0.4107110672155517,0.6807325659437494,0.823240235150157,0.3851973900477201,0.9491934318912736,-0.8424386451924869,0.5987596620584755,-0.333023113576659
TCGA-62-8399,-0.8631694134425982,-0.1001630159840964,0.0901473170112755,0.4369137852138346,0.0248087838014306,0.3452405584214406,-0.9097981644252564,0.0634664807456747,0.3996957912502424,0.2185711441543524,0.5069158261723036,-0.0856218964674243,-0.6985162150747509,0.518685399820331,-0.3344028653073256,-0.6940591355916507,-0.0125126922683016,-0.8859017987066244,-0.3387126488399304,-0.0323365904487477,-1.4678773402509973,-0.9853120965370722,0.6239687889783265,-0.3623994965680039,0.9302279632201363,-0.7636655146417072,0.0394576088124722,0.5898632400940828,-0.3468393642460755,-1.0453637227691566,-1.0935772857920345,0.867126645738655,-1.724588146513697,0.8422440591984091,0.9375676985285396,0.0067432487150621,0.5381819392890553,-0.5508652501536264,0.2929963550718154,-0.7702903599546022
TCGA-78-7539,0.5556749624715906,-1.3788981145573769,-1.369647365208012,-0.3724375349716929,0.0857609272340272,-0.5423300603454928,-0.1419981837515532,-0.1347937894605969,-0.7510100686257329,-1.110067408716863,0.5802819222524827,0.0226664488574314,0.0282788539608212,-0.8131499547826829,-0.3774588652992631,-1.0392627915955972,-1.0870458836028074,0.2454719917197168,0.1781029227126864,0.0803266786973537,0.9537789737962774,0.6858398423440487,0.2221564129245814,-0.8489753793786885,-1.1304013332357414,-0.9350593897579312,-0.3146260149616399,-0.2648744445573345,-0.4143178650008962,0.5554658877479409,0.3574439883991325,0.5666753171294767,-0.7389184381375135,-0.6925934865078772,0.0399632716697352,-0.3440457409585153,-0.9595389867495544,-0.1169525337836226,0.2572487191773903,-0.1248752513292882
TCGA-73-4658,0.9795711612172814,1.3824500356858125,1.693554591856226,1.5470388917131208,1.4177893563877568,-0.0493315199387188,1.2632002431490477,-0.1196713381571145,-0.2806549805705285,1.66807362934717,0.756722315594929,0.0821337872603775,-0.0055889101054734,-0.3061954646677836,0.7429028641817268,0.6886158543799106,1.5660948955408474,1.862535012363144,1.151852114851831,1.3899866470232662,-0.2560557252945955,0.3628362626139121,-0.5473117151497734,1.464362662936342,-0.4376913707912688,0.3294422913676582,0.1204826552099547,-0.0577593876634512,1.5725362578236906,0.3714297904884086,1.091855214633827,0.2624155654057658,1.169134040163011,1.1525456740093578,1.7301723675162126,0.248178144747116,0.7923719489567776,1.6778404950977093,0.4382328265668086,0.7276408170706713
TCGA-44-6775,0.5564917751329657,1.0460542116366889,1.4210831072395878,0.8833506956601209,0.4612878146840514,0.7600620896751304,0.7424286666031297,-0.7951401179165426,0.5376767668547521,1.7445237376376297,0.3955817818217959,-0.1291881652584582,-0.3300852406226968,0.4649852129523052,0.792668500307384,0.5009069104758443,0.4047721315457608,0.5899179403191407,0.2522453764791922,0.7645727452494091,0.5512921551339639,0.6054976584552936,-0.0221654570738922,1.2289335275393527,1.085493765834904,0.5608881292249265,-0.2667691928636562,-0.601247405876153,0.5836186668080291,-1.162022418466479,-0.2263030665195762,0.5795836249824172,-0.4475452751947179,0.6024989507556896,-0.0779873126499878,-0.7718501047136084,1.179872802047234,-0.2748858995892276,-0.2120358119391831,-0.1141846741995809
TCGA-44-2655,-0.2804458196666072,-0.4144575029075091,-0.9691071324453796,-0.568312669413137,0.2352182947686899,-0.3083173744533207,-0.0862685513980769,0.8731247084829435,-0.8013267937033292,-0.5980512680265765,0.0999734176673372,0.790894913915706,2.3541887931524914,-1.1171159769789756,-0.3055370083414029,-1.0884809500994528,-1.0044452998667093,-0.330872276933252,-0.3286156421210234,-0.4282280449218692,-0.1164047656316045,-0.2650820901845117,0.3768293136558326,-0.1448773663493988,-1.520820599008613,-0.1875165099371746,0.2835929532873782,-0.3478644657434602,-1.2789149287911743,1.4434670509565295,1.7564964110976764,-1.149413910540646,2.049048803037344,0.1515449037452152,-0.1440463178810203,-0.4062196052682501,-0.3098045576690471,0.6729826788688617,-0.7724423605429822,1.6827291406892684
TCGA-44-3398,0.7954739146220788,-0.4001405900106589,1.044820682016201,0.2405197440422178,1.2014443580174468,-0.554682172411848,1.5940515615081616,1.1599986918863856,-0.6732409448455691,1.6647140677767749,-0.8534890884711422,0.4343170469102173,1.5169180904577606,-1.002942618757119,1.3005851328558502,-1.0175317326839943,2.417561334900872,1.2897909327752544,1.356229072284872,1.0575403782715582,0.0224132243821709,0.5749030325719273,-0.8472530737932458,1.7344883510826148,-2.2481463315624746,0.5007186291988545,0.2013381160579997,-1.3505158392716108,0.0814055422842364,1.6736716353728134,1.2410057487162915,-0.4643957577101177,0.7201569173597664,0.3417584703854314,0.6170598032293859,0.1232070641028356,0.3162702302269041,0.8838160336502077,-2.194272028289595,1.8923660895504664
TCGA-62-8397,-0.7919701083243739,-0.5539483158526121,-0.0201469485785047,0.0979347730301295,-0.3373212801273184,-0.1499744112379304,-0.6503489725241048,-0.1470861516864799,-0.9559146371766368,-0.7098208143570421,0.0724544773176247,-0.1227911828721949,1.246751808857459,-0.9528932874677012,0.5316585445985688,0.0822875982801584,-0.2964388952136843,-0.3460797502056481,-0.8135750545924912,-0.8393874204750583,-1.3718277806560268,-1.419447632159481,-0.4781517347634572,-0.3017245886331755,-0.9890598354392688,-0.5713940172137643,-1.023529907680896,-0.5287408011843737,0.0738229806016957,0.8574226018178486,0.0074576435877658,-0.8922144638170649,0.7185295554010085,-0.5365807153480087,-1.0862921673332753,-1.25291397564559,-0.8282931203797119,-0.350154032633706,-0.280022783248867,0.9856376316294524
TCGA-53-A4EZ,-1.5354967137740363,-1.6203997752155055,-1.9185839616219884,-1.8623961235904989,-3.0623209682028425,-0.6754557675969823,-1.853668823159871,0.9600835452700148,1.4255699984242445,-2.3086622597572606,-0.4001749555337219,0.0020716113365957,0.581319690420868,1.2753611516145529,0.1072196314148135,-1.7502048043163336,-1.755809094385438,-1.3617360010896993,-1.9899763807832205,-1.930781748142269,-1.095624260216095,-1.6670865024750117,-0.176454043069304,-2.697071353044236,0.4231970708075105,0.9709630348358722,1.0963976654619718,1.4801071981537046,-1.5881371131823998,1.1282648966717057,-1.339931830894661,-0.4331277993641788,0.5674857774949581,-2.300581355240394,-2.2648894807805964,0.0908860389883096,-2.6189800033688417,-0.2452273346481306,0.4612314135485938,0.1345100093525603
TCGA-50-7109,-0.0486867471647666,0.2709231535205906,0.5572421445339089,-1.245186693601617,-1.0523869792558578,-0.4378807426932474,-0.5606527310237722,0.4585337355952948,0.6669820752973383,-0.1550543000450737,-1.3602454223207343,-0.7988512999446179,-0.824979435232515,0.7404366069074372,-0.1269050412607561,0.3411464067740978,-0.8843260682654611,-0.6676428503889545,-0.4033157677885201,-0.6723522653922723,-0.4664686007996794,-0.2841248236330558,-1.7093288352137403,-0.8105226285363148,0.0952460460023839,0.2726910010820874,0.6272600314674507,0.4387172086636881,0.0373048201707394,0.2410147641836881,-1.514163995330802,0.731148325594651,-0.3928319098720106,0.189979949202306,-0.8219049146192986,0.6205077902422622,-0.3104316311030128,-0.3511466181675786,1.2226305866717269,-1.2966264765784246
TCGA-38-6178,-0.5502373239515701,0.6642729194181726,0.3142012119440372,1.0032740435645024,-0.2147359770704082,-1.0946352882660129,-0.3885928066261938,-0.6775250890694381,-0.3283729840480779,0.9427855124977778,0.3426244836278728,-0.2596254483107287,-0.9284920899451776,-0.2353931090520484,0.6806992742321964,1.1872000155502993,0.1863013537132206,-0.5639025745093829,-0.4140434290030995,-0.4118472101161076,0.6359594029947301,0.2824760594766629,0.7911615517555589,-0.1787162920744505,0.1885903481882745,0.0241507542593854,-0.1657554944619585,0.564856630054704,0.6634026380877974,-1.0771547710159577,-0.4702919797319876,0.2473109841242959,-0.8264463871418969,0.3391828184927456,-0.6450551948274603,0.3883161373543469,0.7945669420143948,-0.1539520967327536,0.9325574957654734,-0.722611836211864
TCGA-86-8056,-0.25879659305019,0.9389603596422608,-0.8276511927669185,-0.3572143414417111,-0.0927210064860026,-0.4537921394692291,-0.1870820239017091,-1.9275665308864995,-0.9838961344347014,-0.9101230406956318,0.368474840054019,-1.021286445782309,-0.2902119096108513,-0.8945120700549687,-0.8872663613282359,0.3834797194234868,-0.5975850560315656,-0.3507200896745918,-0.0323468663595234,0.1106356123791785,-0.7385766877327625,-0.6747232538958754,0.2689646089111874,-0.084607867596512,-0.07198106353377,-1.1613061391248354,-1.3147979924537676,-1.063701980851656,-1.005795216684673,-1.12855642445884,0.1084804008154634,0.9825626360771972,-0.5388567126226695,0.4697135903458557,0.280682614831598,-0.3359409522809077,0.4228001534254462,-0.3061391228607908,-0.6236745355744228,-0.8418412609530145
TCGA-55-1592,-0.602647777950608,0.9252444704379296,-0.6873229219467089,-0.4429952087498278,0.1777511947499928,1.056666489858079,-0.3204689511204061,-0.2885036386034664,0.1782433524003905,-0.5600153339736735,-0.1228096189144567,-0.1451252863791971,0.8837820513311688,0.1549678441186109,0.8344613091859601,-0.1747471416863785,-0.0246242260331366,-0.6997231859704072,-0.0875366636908697,-0.3126883455557593,-0.5082108624243604,-0.6434519217603327,0.9784285890477832,-0.4598198255028048,-0.1151455986299139,0.6027595953902789,-0.1193980478001685,-0.4586574367561347,-0.4366297432519057,-0.0813918441531513,-0.692602867341885,-0.3908253515536191,-0.165635025982316,-0.4112165537801082,-0.4631371936839498,-0.2280547656054529,-0.1776681204735441,0.5684007760620279,-0.7265976078314296,0.4034025032921114
TCGA-86-A4JF,0.4176385457035119,0.6649527348067983,-0.2175705115338515,-0.4760074740926136,0.1575599393332956,0.6112955521069474,0.1388991632184425,1.2469272545284389,1.1226359305502316,-0.75742147090429,0.5599840773725687,0.3864803783482992,-0.4214063658686717,1.206602960144561,0.9012486737756316,-0.3466002685516701,0.2519363241967692,0.456449136646871,0.4296831290878956,0.4245295146913999,1.9622197483209876,1.482144831914647,0.0555562396398432,-0.5310333414207,0.6041108455151641,0.8289507176960306,0.889491669574878,1.120598237033123,-0.5961259945093927,0.3510608891513244,-0.322720027140506,1.4411485021824868,0.6875836889213373,-0.8757749053212777,0.6949675680651759,1.392708152834436,-0.9717328900836016,0.5111894182306151,-0.8589521004703171,-0.2858005341707288
TCGA-69-7974,0.703827164015137,0.543621417489195,0.8896994036007209,0.6316850728522709,1.6738621345634803,-0.0328592859186078,0.6512412729180578,-0.5887522800508072,0.5162470888107883,0.0170823070503384,0.5686183342752033,0.0745524015177468,-0.1440567263773403,0.6444957320789451,0.449012255356395,-0.6104258189241808,0.969679762104279,0.8082286534446637,1.19141355623555,1.0531690770637552,0.7090150178012524,0.7513367707625105,0.0329652940577831,0.7062421801755365,1.5421362084790269,0.4244407542656411,-0.0568289992416501,0.2173623030588355,0.2692617269367978,-0.8920249383661745,0.417855363187985,0.4925498616186577,0.5272310506234479,0.8938306834001352,1.1021475776010186,-0.4078542063424153,0.1635340440456465,-0.0696454162170334,-0.5810842017333563,-0.0576193388787685
TCGA-86-A456,0.2018742368156232,0.4063945840188902,0.2940729283810205,0.2131832341060025,1.3591488279138082,1.5946965051149755,0.7618902024259454,-0.3423724751428992,-0.7357729181219679,-0.2145757396216919,0.4311484951596994,0.434764507916917,0.7999153666523642,-0.9438610191637476,-0.3375985487617525,-0.6044607763172902,0.1632042105183301,0.3898719443334195,0.6350449610662322,0.9039469152312596,1.9705047732016752,1.4033791480257116,-0.5708533065711906,0.107666126937336,-1.037311972955222,0.1636200189595284,-0.3989044888644203,-0.1051940394544256,-1.3439067562364446,-0.2383689817802222,1.6243830317581318,-0.7856524814696969,0.8611388820334689,-0.3190212937722663,1.7303730287218595,0.8128161474121289,-0.096471783343191,1.83019850692117,-0.5065689363908961,1.0558758831206705
TCGA-97-8547,-0.3060134783040984,-1.0295551366014215,1.2065349479719336,1.1423210144159186,-0.2061904889333273,0.1768864812489188,-0.2343022504239016,-0.0418583448523653,-0.4094907422582285,1.5899200677567151,0.2270366050021393,-0.0877872128432672,-0.5327165471498873,-0.510558442637123,1.075099269697631,0.6165902187444359,-0.0752129520837595,-0.3118282636509874,-0.2263131216428476,0.0669792935048144,-0.1431793727117289,-0.1227911750011997,-0.7884923678567023,0.560481925441316,-0.1649474798297552,0.0299672127774123,-0.5171601395025774,-0.0349025335281717,1.5351906502954795,-0.558870572530636,0.6072081926324829,-1.7718673326847516,0.3654448206435982,-0.2007181227573996,-0.4640202840481044,0.1763632676490459,0.1491611241806814,-0.24017441320046,-0.2304567208090787,-0.0660685233797276
TCGA-55-1595,-0.4478562645229893,-0.4724148968710224,-0.097890427319802,0.086901101224242,-0.4550786522644057,-1.0113407058240893,-0.6251284849080133,0.7168850971186516,0.6347247291168572,0.4961803924848929,-0.1442809993840541,-0.6598684638603124,-0.5429332705672248,0.4898014210357545,-0.3500655106611397,0.2164665005935434,-0.9077127567135238,-0.2358799787213892,0.0600644684321038,-0.6265397840298427,-0.2228520499350542,-0.2371426864049277,-0.3228179435842446,-0.3434666811555469,0.5047181514168994,-0.4917787349645549,0.4009382846472533,0.4942517974855779,0.411630454433685,-0.2942618129236627,-0.2084117873220715,-0.220345765156528,-1.3898759029617156,-0.1393080698701909,-0.5942468687718746,-0.0985370036962274,-0.0031061698065599,-0.5400342960969422,0.0843677067277574,-1.393884016791833
TCGA-NJ-A4YP,-0.2781756539455986,-1.1816109090205795,0.8908718056876227,0.2790266822262148,-0.3347947825972139,1.2009716905064487,-0.2456019935398242,0.118397669706396,0.0254383534296188,1.0406595181725575,0.6208891586088126,0.5197657750780044,-0.5231114121028518,0.1175034383298153,0.3191802996441627,-0.5235505313088678,-0.0724864936142612,-0.2275303037628817,0.2111740005081362,-0.1198439152322518,-0.2310799790839177,-0.1830578007581423,0.1841478141482826,-0.2961294043061192,-0.0167945548272692,0.0681879495037723,0.5785778112943946,1.2614701283964644,1.2681594384043704,0.2178604902866036,0.5335136140535256,-0.7598595185916502,-0.5578849195537093,-0.6785531808175512,0.116218610011624,0.7770931172296117,-0.0747283212644345,0.4819648667987053,0.982399291569002,-0.6780063738163309
TCGA-05-4424,-0.072059470446621,2.0088392912824853,0.8454630724810471,0.4338598626694942,0.0623847385890431,0.934188909925023,0.3936506426624075,-0.6567095339690531,0.7518113732685073,0.188489933517649,0.4937075256415211,0.7299306380871662,0.3117369968291701,0.8222947465610538,0.5491042432364928,0.5433755920138534,0.3951691768175742,0.1729555393476562,-0.0045054000652164,0.1991195170910796,0.3017879911976156,-0.032047621989786,1.5321639247240573,0.5184435606388598,1.2648850556847555,0.5680992362124159,0.3333767845914813,0.138767047577293,1.0073621313575236,-0.5461467712148964,-0.9835741935983824,0.3072306915372286,-0.0459625278405649,0.3640746335016558,-0.3117094951153473,0.4263318721938187,0.7910956111913732,0.3159340496118651,0.3870789639222374,0.2455842393892489
TCGA-97-A4M7,0.7823859584149393,-0.3514524682018141,1.0312514402060913,0.7263064549136556,0.5161620202940532,-0.7880256798398875,0.6012421284703391,-0.6907458867772018,-0.656570241493251,0.1992740123870199,-0.4848392230572076,-0.1887034417093476,-0.83782408900101,-0.6781922259103769,-0.0764903710503832,0.4795880462428346,0.0017297146676879,0.8174570265471944,0.8351425973077308,0.4485411644944464,0.0187898296298145,0.3777800517142114,1.1190994542035568,0.7111578683117677,-5.574495155076004e-05,-0.7810102814558206,-1.0767212641384725,-1.268440370126281,0.3056860495428982,-1.3067481970243051,1.2670222245123912,0.1665244865526715,-0.7568022748623531,-0.0845753671512193,0.3424160661835865,-0.7277504592182914,-0.1252025178193444,-0.8928384136374361,-0.1603376470644018,0.3205014925329684
TCGA-44-2668,1.4785959300444351,0.2765463727972611,1.3108223970661308,1.1361212047156135,1.8088646779963584,-1.0485272205879086,1.8633533154945403,-0.1565178813405865,1.0843152581208848,1.6933866673905813,-0.5201559116946496,-0.5155754127387882,-1.8574506317573527,1.4383131406316092,0.8049524332491144,-0.0118565423123528,2.131884403644212,1.498726207820006,2.5543859218663525,2.413814727925788,1.4960876636701017,1.6617620181059685,-1.345079768790922,1.639836984902643,1.8751571903399156,0.8843805300127399,0.5666122233872088,0.4016145056460522,0.3615723054778308,-0.8109415729413308,-0.0059957502807701,2.206267369281409,0.3430751092754511,0.6140870818444335,2.449744214013885,0.5014903126513188,0.4736249653771599,1.6662952990703863,-0.410235008807482,-0.7723735405407101
TCGA-NJ-A55A,0.3141979855988641,-0.2067254425570484,-0.6061644915083594,0.634419838128457,-0.3073827743799061,-1.8315674075252453,-0.4628765334257879,-0.8849635054695101,-1.0523404608676066,0.0755686473471735,0.4552768099775514,-0.2960783591809825,-0.5000163002816923,-0.9955914679721976,-1.468072598748977,0.6319491632899026,-1.0626596514954934,-0.2419173770695754,0.0775300711360482,-0.2429777313196067,-0.2374714081928907,-0.0107768758887239,1.452090762956902,-0.2368546191504974,-0.4468439097580449,-1.7634833521396862,-0.9004494089509321,-1.1070072580586996,0.4723812711757049,-1.4060588407522896,0.0020234932807705,-0.942993134727604,-1.1004848809753744,-0.1592053743549979,-0.3037887272134901,-1.3645791091901436,0.7978198087331103,-1.731646040898658,0.7069762910458582,-0.5175291492875687
TCGA-05-5420,2.179609534046121,0.0234438486634118,-0.5985796858453791,-2.215135645217083,0.6423113111764666,1.3117944711764564,1.7728129332633549,2.1111021092228146,0.4764753323502916,-0.605270090395109,-3.30803956768729,-0.6930761975884108,1.9537421842688751,0.0972788868515746,0.0251853808808938,-3.072888930777519,-0.4890075606386571,0.807766747172872,1.7520116973570836,1.1547034307512072,1.5842692880581868,2.008685763248593,-2.21152908426161,0.802648893319599,-2.238115264989857,1.6268568641267085,1.334839249239593,0.8168702709058336,-3.283598807181974,2.844958219937814,-0.9840972739733076,1.1339184883058782,1.274764475207556,-2.1047233565864354,0.2584112954198306,1.2080155622517574,-2.312607027715003,1.3060035593217416,-2.4653256785506903,2.4973244962565384
TCGA-55-1594,-0.5572660476212464,-0.95512537569218,-0.929397604506215,-1.459901162090084,-1.619733218855307,-1.1732362514159198,-0.8578662965274877,0.8308966761126027,1.1701611815277018,-0.8203831186613979,-0.757305130328778,-1.3832974601320474,-0.7568680535162696,1.155294030520459,0.1876472715759675,-0.9503769430293691,-1.0795311463945507,-1.2628187168076483,-0.9779213233499688,-1.3060043913116997,-1.8159841585285144,-1.5784044161485666,0.2625812062866809,-1.199032305945914,0.6076938049741956,1.1188783008784862,0.9783098790912986,0.5539679073333917,-0.8602077180674357,0.4095614222616445,-2.2754694947288816,1.0258561241174335,0.1299609855545797,-1.3019901968766572,-2.039621406369918,1.2111883987995318,-1.5670108911663925,-0.4583534373433086,-0.917280820529288,-0.6009608129196792
TCGA-44-2659,0.3692152996514029,0.5883332803965189,0.043772236181457,0.4252376745564502,0.0968404393555783,-0.9506678317553436,-0.1271030280553398,-0.4410083357167664,-0.6810872314398998,0.2078772662920267,-0.1819238213041098,-1.6240717664356388,-0.0024997195836629,-0.5828075578043338,-0.57650378591769,0.6879802234349562,-0.8423047287374419,0.0329966335594371,-0.1871230598845898,-0.2108080343846688,0.311948571335744,0.4044350238690467,-1.1109934029082036,0.1504738425708782,-0.5605599526316842,-0.5058767195194647,-0.5409140240304041,-0.3366900512676395,1.1316311961058578,-0.4130878408675525,-0.7067009014577811,0.287748893106524,-0.05171548441675,0.0542663856442927,-0.98804727700755,0.6609173992551048,0.6562442672291658,-0.9017829516641486,0.0382077895837678,0.0111572281409222
TCGA-78-7162,0.0717774332742686,0.5960659819442343,0.1344736777935201,0.6336370408375189,-0.1105653525640274,0.2841981652517965,0.1001286778228346,-0.3804719407141205,-0.6969546823401355,-0.4534192883420195,0.9406574033674016,0.791392058872957,1.7927676274398852,-0.7401166761222961,-0.7661983829278519,0.4724256019361488,-0.6864684486913202,-0.0965475347419533,-0.0651371789311069,-0.1790473684051894,-0.5925290173932789,-0.3464970589346024,0.985730110317451,-0.1928502808011059,-0.4803171974976218,-0.2736471668420006,-0.3521980697266961,-0.3421093209490891,0.5231474784513902,0.1663410157430153,0.5338076846884076,0.7591482216668308,1.2867382406053784,0.5165197032621308,-0.6145760631220337,-0.4610272168980118,0.8002015917674173,-0.0863288483527856,0.927143785876885,1.5684225692793312
TCGA-38-4632,0.6913116324714373,-0.0881669655547606,0.0612359906622954,-0.1779122501504272,0.860327345896605,1.3637255086740716,0.345179050071598,1.7107485471809756,1.229747820541856,0.1742734207895504,-0.0807887929798287,1.1554889980338114,0.5221450124056752,0.973646687868122,1.3505665300295235,-1.6070451525391112,0.3551505889051423,1.1807133479220848,0.934188919531265,0.8906887073708049,0.1265332401055884,0.227861321127324,-1.004992144435214,0.6290450735867438,-0.5889387570428049,1.643542442870064,1.5382361236103197,1.046017056018649,-0.6548395060497463,2.102719370373779,-0.2178942134910594,0.3256582341853017,1.0914037332515971,-0.6446879179701438,0.7107617519596099,1.6385915947798833,-1.1594213107901183,2.0899229652122377,-1.7228420660732664,0.7667836991150526
TCGA-49-6761,0.6457067238521624,-1.5649695879184082,0.6225298105690438,0.0076035453057493,0.1275920408857672,-1.0150194628768807,0.3529168377018899,0.8901810848360999,0.4972188228713466,0.1885054294090097,0.2377510623584421,-0.1403176636643255,-1.6421094863540784,0.6292508808080959,0.46466451553589,-0.1231981785288026,1.0184784999220915,0.2953261141194086,0.3604844140965676,0.3931865131573904,0.4330602039401098,0.6771250435891671,1.142807034186981,0.2390755326809028,0.1103266210238279,0.178178427878147,1.015556334316458,1.4424170307762685,-0.8681672948031258,-0.0175555266183627,0.5572659408935816,1.3645525418584576,-0.1399157850303218,0.0225308203327754,1.0474049999139443,1.713353053514454,-0.6416057317682515,0.6637170218693377,0.0793222319755554,-1.458816990992584
TCGA-91-6828,0.6184486264748078,1.704247918152943,0.6256887186387319,-0.2648027056203525,0.0560335211845668,0.212116365017706,0.8026939227674474,-1.2240782424575551,0.0310036243902614,-0.1039994940532828,1.0410611455957215,0.573069087164036,-0.1005965653731789,0.3589241664696434,-0.317396813239555,0.5851156371856197,0.3268228551617365,1.0358716096274143,0.7084520599511764,1.004000730173631,-0.0602507181129812,0.1662376071240087,-0.7836340874246289,0.3225406174401813,0.7660118185903269,0.1902341138570356,-0.5250194948831434,-0.4122752330116404,-0.1397571919852252,-1.272981872319159,-0.3454607581245981,0.8529409564285851,-0.7623761463810262,1.251444822918926,0.8460790895652563,0.0010344158643299,0.8383976894474158,-0.4044316931281395,-0.243564252679462,-0.0438499912177474
TCGA-05-4418,0.5330191794260472,-1.2052352982052772,-0.6160672811441771,-0.7593492597413822,0.3549078549600263,0.0113399425418559,0.6654345897550213,1.5490608110972024,0.3981774435895148,0.1013535156878543,0.3006173994214076,1.3225984192703737,1.0887645538672444,0.1979252551654542,1.37938788838488,-1.8856332166731529,1.2605023256370602,0.1737817521530371,0.3342807842604086,0.3817338601349275,1.5362590659439437,1.2060975366971194,-0.5732487946043189,0.4238598603268743,-0.8010951667644708,1.3095814567982542,1.131145031788574,0.9322116155480732,-1.5961972591850384,2.59986085018442,0.8416787351725709,2.0664916372982733,2.015131404430322,-0.6213681309599068,0.6850554036442783,1.634348478759461,-1.3125505496164125,0.878414066619971,-0.4891107864895365,2.5012801680856795
TCGA-99-AA5R,1.1073271333995498,-0.2659538973712766,1.3480763460049188,1.4436305110557244,0.9984347747595642,0.984608966586925,1.2072854979001455,-0.7606832656656856,-1.1966681597668245,0.3986296524127832,0.0896740347630989,0.0678801202781415,0.1099812523513844,-1.122956524646919,-1.6497009394432036,1.3197516428253753,0.850631086098294,1.215155140016634,1.1591396084161731,0.9702790779614038,0.3716465912112737,0.7140669269905974,-0.0868316164667711,0.9893240671282764,-0.3628544625069687,-1.3614325660239353,-1.3700439659142647,-1.3094538460160303,0.976748738404937,-0.6508955816494306,0.5022267728596539,-0.3969426870845937,-0.2883053679689394,1.167230392612742,1.2830643882349009,-1.1352219210600856,1.1347893510694,0.5639247141172172,1.9551978243949493,0.2373373811158509
TCGA-55-7903,0.1999578179187214,-0.9498444173532116,-1.869003962196993,-0.1840853000641372,0.2708903879452171,-0.0534774154559227,-0.1366086181945529,0.6702358031149672,0.8161186913012107,-1.2630776272230564,-0.2929578212407081,-0.5859365691732723,-0.7532472876698578,0.8289059402821279,0.446044267535674,0.269520291116805,-0.0787874284703184,-0.4257099981399531,0.1068442164377927,-0.0389945686475276,0.9102009241054774,0.7541997169471742,-1.901903751663998,-0.573362216594976,0.72818659847061,0.3408831323980495,0.7126645869548611,0.8312111829346642,-0.0395888271662428,-0.2235131795088346,-0.0815963537770867,0.4081364726601743,-0.0253395950926949,-0.6484971111881217,-0.2060017129900036,0.3772901394726234,-0.7425418531774561,-0.5323173841502108,-0.2727801024395126,-0.9454201650494288
TCGA-55-A492,-1.530165475354767,-2.118043598218266,-1.8073390864643373,-1.2509466786605117,-2.043353473164781,-0.0493563352984115,-1.463111132817699,1.1354976680416362,-0.9752998834647244,-2.111040882411345,-0.8009430815766642,-0.2787076539909801,2.783741776639304,-1.5587602875966209,-0.2499115323600847,-1.4569181998436187,-2.276202182074777,-1.8425780829652136,-2.1089545335304867,-1.995969224180447,-0.8045304765064791,-1.38851770547873,0.8980653878309818,-2.1519905477664216,-2.733484491052648,-0.9813292927536538,-0.1746096846770605,-0.0027730628001799,-0.8983014648583779,1.8658857818479733,0.3108039234060546,-2.955049513327164,1.707307244850893,-2.614029268527877,-2.093169055365294,-0.709646959174367,-1.6560285995781192,-1.0928017711225606,0.0825712697712196,1.301241611117841
TCGA-55-8616,-0.8652556427768381,-0.2370631270411436,-0.9461954647275052,0.1818562171246054,-0.5934700143006013,0.205126452687706,-1.1773072901996204,-0.0215203926209353,-0.4231046320406827,-0.5565410309018044,0.5155915292668588,-0.139096945774867,-0.1085011032142885,-0.5223488873768651,0.3506596770695631,0.0763245263148705,-0.1676184622962289,-1.245644339295775,-0.9964898433648842,-1.134344707731267,-1.3559097793526944,-1.1856146664103215,1.3551695298665063,-1.0383080059480023,0.0873530716408095,-0.7158160548964629,-0.3630426652950484,0.7105640842532904,0.344297702165772,0.1886830562770521,-0.1279680516254958,-1.4018701856246412,-0.7075205416871831,-0.7653200616324871,-0.7737481000176746,-0.4981798026227886,-0.2797705482964692,-1.1524464590438843,-0.1800139795692176,0.0158120252836758
TCGA-86-7954,0.8399684090756729,0.4821074245296397,-0.1013323474898693,-0.4635247717411624,0.0313452710088235,-1.74563496903254,0.737397974906658,-0.3111336164955403,0.365134617075989,-0.5369267747240333,-1.7554679213245843,-1.4910874724447614,-0.7205290231409535,0.3976897137965558,-0.2190201366902608,0.7553958664219717,-1.508619816031073,0.1333215981447224,1.0742401347499877,0.4755539661231771,2.3203637518013664,1.7802197164956706,-0.504097043763951,-0.0585995418947289,0.746248949206016,-0.0046778162121417,-0.1068926387586647,-0.0606800878510069,0.5788590186153845,-0.7218438602457632,-0.7945261163219188,1.1525907306292091,0.3216083081044857,-0.7923657208470564,-0.5685972230435206,0.3194094173102412,-0.6612447840428246,-0.1074653360002207,-0.2872528034965328,-0.5845881071480697
TCGA-05-4433,0.4831083500335015,1.0432849978990892,-0.7869683314685376,-0.0007706357474635,0.455500237621651,0.8174399124051545,1.217181824930176,-1.0139149719451832,-0.2425059730027299,-1.235153390523112,1.4369831412614666,2.123349269942416,0.2830417749936741,0.2006442027848356,-0.0318089817687266,0.400808534393374,-0.3947937077086735,0.9579429238440876,0.7867825369219609,0.4793929226872837,0.9976881609722508,0.6986874460620434,0.3479562425250528,0.938693907636404,0.8633499258138926,-0.0359108370081314,-0.6470081938730112,-0.6270018380337866,0.3865037552383498,-1.0834413328559602,0.6682315235933161,0.3899177469578392,-0.0804496723331595,0.3818267708641689,0.3225029070530913,-0.392795234089567,0.7675074595667318,0.1363950001611811,-0.8124201857137686,1.0717263669730046
TCGA-69-8253,-1.0905074736342963,-0.3014184581907764,0.5155645507973627,-0.5711540996236814,-0.3955702046663083,1.396220590536136,-0.742528598777334,0.3795605780729976,-0.9130021396009876,-0.7166242612572034,0.5304505012219675,0.7579501585885772,0.7724773699072485,-0.9417145980174934,0.6949754414625577,-0.7219108286276107,0.5303971783888338,-0.4216080177100455,-0.75694801334096,-0.8095268256666156,-1.1856984663999852,-1.150004254347323,1.084704044336943,-0.6083964367206697,-1.0238391784540184,0.0958922545151628,0.0591231628596863,0.6914169702881493,-0.107497408837743,0.8619123053363473,0.6217079602737386,-1.882115822435816,2.0645218964672103,-0.235606783826029,-0.2489641352341133,0.6895961705886191,-0.1184116212431882,-0.0902028884603307,0.8183583376184724,0.49688872504757
TCGA-86-8674,-1.832257750494188,-1.570299258316581,-0.7185416178887112,-1.623827219220675,-1.220994053030563,0.8625469256956831,-1.4942744231051923,0.7479112438723332,-0.1883698378675284,-1.194306697689318,-0.9200659425941472,0.5285970562586607,1.4155297983346111,-0.4078337671824862,0.1887050413320084,-1.4997685649776191,-1.0188781069682222,-1.848790234683532,-1.5372634150185167,-1.6400206987220007,-1.5205448289824477,-1.5675472680525795,0.9920498933535006,-1.9437114920250889,-1.1657986402773406,-0.390128936043359,0.3728642432998124,0.8751021527923939,0.0520949048264875,1.3227557438430444,1.045140892103548,-2.3354014313427403,1.4474766396719938,-0.9722969633019372,-0.2739647959908678,0.8719872880300976,-1.6751533666975424,1.0222492069916842,0.9484043308494416,0.8384729880493493
TCGA-69-7765,0.4285206958435399,1.233454882734851,0.8531097888947319,0.3543625095187232,0.3765425597324089,0.8612684201347768,0.5001459569098133,-1.014809391740386,-0.3743605622392918,1.3757006484766618,1.4204701146037302,0.2734298266112075,-1.0099904435999538,-0.0459764292213405,0.6560488228830733,1.1098224119594435,1.4585843729301282,0.6124167282538638,0.3432441724440306,0.4522331321981612,-0.0952589800881046,0.2342115557266318,-0.8079925917066121,0.752861733738113,0.1621335816442713,0.249571608351211,-0.2017952506212985,-0.3609681018146797,0.853540772141442,-0.9049137987499896,-0.9987462092329622,-0.1101509933093725,0.0398114442859649,0.2540570942903416,0.1891762019353584,0.4997938580914244,1.2121498802849568,-1.3478898432367008,-0.3980223536431916,-0.77025623131213
TCGA-86-8672,0.6159858673218679,-0.5570946052581051,-0.2362265131222988,0.0671936186115774,0.1714386647478331,0.9858539551618304,0.3674969971005733,0.8471360458506361,0.6574884810192276,1.0588311649725797,-0.0598949271092728,0.2610655908493354,-0.3891599556342874,0.5330691634105703,0.8459365615741742,-0.8359715023276687,0.568715097891862,-0.1490067787274508,0.2073889989809869,0.0200497793323047,0.4702233061607851,0.4414171709541976,-0.8799365472911865,-0.2664271218395455,-0.0599380701283351,1.4593197022181583,0.9418231771792872,1.4251009758883442,-0.9984140823467386,0.2774011915585821,1.0557691866821124,0.7203322730603821,1.765299773818814,-0.2439217825686951,0.2505258020541489,1.0047729541964805,-0.6671151830906225,1.0272338174470457,-0.2766394344124198,0.6506451361174188
TCGA-MP-A4T6,-0.7019780966841889,-2.468714955221873,-3.066926408208296,-1.073043137555045,-1.3645495419486946,-1.127169702926829,-1.1701863542318476,0.3589762511097594,-0.8509245093939682,-2.4039659064326995,-1.4990268271984966,-1.5003733765162766,-1.037835549970575,-1.1253333796315448,-0.7279431621188345,-0.7827986877662773,-2.4292989157796763,-1.0823960993614523,-0.8203905635750646,-0.8857470136948495,0.3321960525110537,-0.0312396848602357,0.7761998356937456,-1.4745465310155856,-1.4033656822316647,-2.0204531706585844,-1.521630254599877,-0.5326663147160613,0.0030507012405406,-1.335435240299359,-0.4549050464539836,-1.6923458857517208,-1.5556238984193165,-1.7839091002102312,-1.1949271495737757,-1.3730985968341514,-1.7765287203804108,-1.8619503365264956,-1.7992594487902331,-1.375836553792298
TCGA-97-7547,-0.4654621140784888,1.909741743640353,-1.00501180980985,0.3910201654993182,-0.4897973103412928,-0.418746680784815,-0.6938820491023595,-1.726451467745737,-1.468027263824665,-0.6076638878619418,1.1218428110260257,-0.7238466438254618,0.1176462207305033,-1.3090270479043196,0.202417894832884,1.259752765224624,-0.7802257036117753,-0.3702607678759161,-0.7828708302254924,-0.5750761776685553,-1.2598474586536368,-0.9204032098789656,-0.0022632505892565,0.0509775908270008,-0.6976889443835534,-0.6675994980665064,-1.3983718835308214,-0.5697014813251934,0.7012118736248585,-0.619260058882929,-0.5072471061529245,-1.1717267971273282,0.2729333472539934,-0.1344465087936189,-0.7698858892770849,-0.3854517423242194,0.7199287792225442,-0.6885430564426348,-0.146461273709294,-0.3932862269889379
TCGA-55-7911,0.8581015800021988,-0.8897865553691482,-0.779134501615785,-0.7251824949556586,0.940691785681342,-0.3706511275251199,0.4370901999810612,0.6737814381213612,0.8964815387063327,-1.091767647597852,-0.7320589353484833,-0.133728636090451,-0.3627898314421237,0.7626760459485082,-0.6192576985985979,-1.4529315914088743,-1.2168042229321665,-0.0897709694513497,0.7230597674680987,0.5954624946729343,2.4748767829989555,1.8060427774695944,-0.7199168427063622,-0.3404645905456828,0.7451981863071911,0.1139615750757077,0.8278111460823305,0.3617032713165017,-0.0857869282876655,-0.1083106109658394,-0.545281348093893,0.464197629388434,-0.5113005652215254,-0.7833646867402781,0.1701718630947613,0.365555606434787,-0.8907462521488535,-0.1863706435674964,-0.946653497666725,-1.1204042892248218
TCGA-91-6835,1.6112785741998632,0.489588546720116,0.3291050393179461,1.146451205162862,0.4417669165301515,-0.5169064299954348,1.2885285526650374,-1.0708896350037465,0.2662244917585118,0.3915251479254649,0.1654997165492407,-0.5141063496695184,-1.4087736073466977,0.2752274841829655,-0.7201275425944088,1.6742307007028785,-0.543309843417631,1.5191705772926274,1.0378350156537195,1.1798554722656245,1.023361540460024,1.1906380723022882,0.9604177731265956,1.1934707251868757,1.442437583126553,-0.441187286212524,-0.6262758427916189,-0.7834375306534999,0.1089024084781288,-1.782020753115218,-0.113544522137385,1.0985269457748712,-1.1620892910041258,0.2496675686966454,0.3395979084501916,-0.9982471389423292,1.2383552304245362,-0.3399634129799352,0.3870702992268957,-1.0128519300222716
TCGA-55-A48Z,0.0715469221606331,-0.2215542186144912,0.3241882508763112,0.4895323426758066,-0.0658587927835059,0.2148608175402812,-0.1607348874838255,0.2575819164180375,0.5269356544519052,1.0982677808464878,-0.0369468294766693,-0.4073099708484488,-1.1982212982785452,0.4809844373680186,0.9131724130996404,0.4666022854406885,0.6765015433121141,-0.0116258092969074,-0.1345128581938539,-0.1904713256525491,0.6482569795457558,0.5994235544915602,-0.3413905308591321,0.2028727279982455,0.4213807390954278,0.1148228581830057,0.0352554890861425,-0.2354400357648817,1.1319537634573775,-0.7977062211576946,-0.1972861480978531,0.5115817552475195,-0.5639347083271461,-0.414860515622789,-0.5556310815943468,-0.1076126032568077,-0.2391870189191507,-0.1586699927588195,0.4718163699043711,-0.8436022119296012
TCGA-50-5045,1.7262675634425295,-0.2564497099341211,1.294042009661177,0.6164498242890072,1.718944625663063,0.5534034674155944,1.86403747713246,1.5222202443619626,-0.0226603262317643,1.5880485234568722,-0.919507610299942,0.5373892049524709,0.8704606771054741,-0.3610190408190066,0.5679840788226024,-1.2303846684620197,1.0333722604860576,1.840407497199435,1.597389426152258,1.3505282777469307,1.1576984510474395,1.444568793891853,0.0567592195209902,1.6567574777849472,-1.282740212984203,0.6730081035913829,0.8334197803537807,0.0531180714785564,0.6347865110347531,1.7071651853791,0.9599057698600308,0.143685157479853,0.9362872804558614,0.3622446505702508,1.3936005786623802,0.7016672402448584,-0.3312291021077265,1.6264715955411149,-0.5451298198557305,0.840150113370988
TCGA-55-7913,-1.836109770571104,-0.4998526896484644,-2.0286246147087423,-1.2828402453394052,-2.546184869721438,-0.1830751526427311,-1.5180686680005355,0.512400146642902,1.05929717005601,-1.7168103132470474,-0.9800555321312094,-1.3316151624343076,-0.1501115023628387,1.3516780615971478,0.7589545179642337,-1.1250395576294645,-1.0347330469914378,-0.784564478115331,-1.6873748058084226,-1.4990733071973612,-1.2920013042369258,-1.512920188715666,-1.0397909753547954,-1.2487133517988207,0.9683733559005446,0.4439577090665659,0.9210086499293568,1.3422537354810562,-1.9398933045672115,1.2420411723940847,-1.6679318638141798,0.9908669023187692,-2.049353997416351,-1.3753790181008132,-1.0705258082075817,0.9574600670469076,-1.6659834710398411,-0.0128634414553196,-0.5268806916018953,-1.4445536763792413
TCGA-86-8075,0.060929749737585,1.1572995497888643,0.8711841251493508,1.665204990351043,1.1721840683488491,0.6660608277344665,0.5306997608548755,-0.5410918267456334,0.3905022090648239,1.9231440384940204,1.0684915101700103,0.374421643506844,-1.0732532310089666,0.4448263485580574,1.472845705282575,1.7620408920899924,1.661555266763573,0.7931228898489048,0.467245972486264,1.021289258323137,0.7215670802480539,0.7374477895740872,1.048237023763975,1.4751058295539052,1.0644403903161566,0.9157976907921456,-0.085377926854076,-0.4328841010419869,1.2671449042884968,-1.4740018543193607,0.7613568934425923,0.2305292376051138,-0.1599286229223353,1.3634926484160976,1.5703257543585052,0.1498824636991508,1.3373196250519823,1.051656060037786,0.1714184933542756,-0.4998365011172365
TCGA-97-8177,0.7538850303440645,0.8357767030919542,0.4863664501754133,0.3288954817060488,1.2625462381694428,1.479737489231338,0.8655665332458958,0.5924751816685803,-0.6771100500783861,0.883406835416727,-0.0188500277933847,0.7476435148092666,1.5685896526310763,-0.9875115386308436,0.7302964203572165,-0.0515566094647963,1.171065004171698,0.6493176489866114,0.6181204136000235,0.6932425878869487,0.1925371257876026,0.3846906960819088,0.7171946208849832,1.047141377332814,-1.2845932643163551,0.616894119306788,0.1032126353026492,-0.0900258113041366,0.4491138906800576,1.5287663316615097,1.494095206178002,0.1672183091673287,1.0853273454895664,-0.4340448149436768,0.8167938436727761,0.4662691826129421,-0.2648901408783277,1.9874478609710389,-1.1825814303222082,1.8593338505914916
TCGA-55-7907,0.4009669813802059,0.2701456004564522,0.0699807645616363,0.3912336015425434,0.0352432066392686,-0.5503699758636649,0.5118347762936553,0.1087785756359025,0.0150176376455513,0.4624023289831118,-0.5400379758978192,-0.4922451285725913,0.208305782101552,0.0800478810819427,-0.1787402351579061,-0.6897405601292802,-0.4129850119587895,0.1121368838202893,0.0316510342930698,0.125598340509998,-0.526645479608897,-0.0217415215214275,0.935597695182879,0.4392321329656545,0.5348602576788217,-0.013212246317099,0.0116958846609745,-0.2735521559530041,1.1384393335133582,-0.3301563481543772,-0.7217614871857592,-1.0841784380475388,-0.2998202831223921,0.3724171486891589,-0.4864051898750174,-0.4931075249743438,0.171934052064959,-0.3619917600802015,-0.1196058037534559,-0.4844407448899864
TCGA-44-8117,-0.7168910898074955,-0.5224898734538852,-0.1991288371947323,0.7412483428640229,-0.3967745582422065,-0.3430568675773175,-0.6558430169186099,-0.4061570982815546,-0.0419977419282058,0.3982296170092024,-0.1405867353339119,-1.4713633318841517,-0.5507018210727329,-0.0124049879549545,0.2195886858095631,0.0803781080533204,-0.1101599790307446,-1.16337436669076,-0.3710359691303863,-0.5701894076576323,-1.9272708924521584,-1.456159474374727,-1.4381740830337773,-0.8659118078596734,0.5659135034695919,-0.6430787157516349,-0.3323939538047692,-0.1632090245593936,0.7470007259311057,-0.3853770367862326,-1.5411689705111848,-0.5346557820268459,-0.8737844502161076,0.6862221219957352,-0.4248240167866849,-0.6684431734483751,0.4076604269639238,-1.6061216724512843,-1.2497651989485905,-0.7928442821233688
TCGA-86-8668,0.2566480107363367,-0.3287734392229423,1.064150360581845,0.8212320009447627,-0.2972210856921498,-1.7179268684863092,-0.169055126145344,-1.1894446585361524,-0.8235608629901442,0.7607683573747154,0.2379860028754538,-0.7519956398791029,-0.6062485924410742,-0.893838997357276,-0.158099865315037,0.496640906162691,-0.2084643680431377,-0.2032595582254755,0.0394352344374051,-0.04944911980424,-0.7204667377534908,-0.4431397964527296,0.9775052867669376,0.7103003592598673,0.0347669637048525,-1.3495394182157592,-1.536238833861176,-1.007452856088276,1.44460691841554,-1.96318496735994,0.6335811854290413,-0.970540911046924,-1.546595717791878,0.0944840533069407,-0.5926046830849361,-1.1025700815065471,0.7894212711836048,-1.0984878443183457,0.3492572377634737,-0.230882435245187
TCGA-78-8660,0.907701675419933,-0.3586240843240493,-1.2335043326407384,-0.1268779453618266,0.2228790026815965,-0.6522571119740255,0.4798486326607964,0.3440053330356871,1.0194590228780047,-0.6134277747554456,-0.5219611254740478,0.0711334224430478,-0.0897248997502982,1.084785029806013,0.6775297399542505,-1.6063966400369178,-0.3476605913326588,0.3886023030031049,0.5198036104571672,0.1411833628472393,-0.2398020778267575,-0.0137243393836907,-1.2740595148398386,-0.1678423258489671,0.9394069971748492,1.0576865201785606,0.9827706817315774,1.6477654595058386,-0.8868827739593044,-0.2887064727687252,0.4753341396066471,0.4608206177654654,1.5600567632134366,-0.3552113591882141,-0.0049698835976702,1.155227913020701,-1.2209422093561366,0.5676888544578449,0.4049040920467216,0.6227062330645097
TCGA-05-4415,-0.5717478540116121,-0.5907968894575076,-0.0695906300574655,-1.475815495712997,-1.1989286842917175,0.9865105925845554,-0.2741559631904617,1.3410572306350586,1.7340530030862669,-0.6470374565279778,-1.501882569669543,-0.8001160005405593,-0.5171562165629303,1.9010765376305607,0.7447038248533661,-0.9614118838419742,-0.3599580045615407,-0.3594492573299087,-0.5291409142189502,-0.4905142805632353,0.1337059131924882,-0.0605191239870658,-1.6455955739956372,-1.040344700964623,1.7132375495864751,2.1021336717211203,1.990450172029233,2.480838459838409,-2.0631900544966357,0.697778689693667,-2.685281739943252,0.8130453200902328,1.1660987602430897,-0.5608600798956392,-0.0210160849056717,1.4478219851467795,0.0133396237322442,-0.9227842922712474,-0.0467329397610283,-0.5563748140841737
TCGA-75-6212,0.4399693133661826,0.6670166089413958,0.8947713458536977,0.0141996577524045,0.7646810031355111,-0.3966695409206603,0.4029449591516972,0.0506457128210694,-0.4643548000326379,-0.2169571771885307,0.1178592007181055,0.2843578725025509,1.962141800051602,-0.5328715595301261,1.161964536549172,0.5536378910140586,1.5837445697201027,0.6797401291972129,0.2111691397153158,0.4180483751811926,-0.3491849382262337,-0.262411643520212,0.1836536193421887,0.665283907194635,-0.5770989542725647,0.3199886456567656,-0.096746292159822,0.1829516804086113,0.474078079007736,0.8911487893652863,1.5328994627820334,0.0284135935757604,1.1006484032657802,-0.6858686791052117,-0.0648016418354554,-0.6301926867925269,-0.0610384109200063,-0.185619282211079,-0.6794137984783587,1.0399773514495956
TCGA-67-6215,-0.7697435654171315,0.5350023185910944,-0.4817054618077245,-0.5045009203004809,-0.4094339532647343,1.1864229752213369,-0.7143022926247704,0.1692904638677559,0.163477667882582,-1.6493097266867338,0.2645681426539897,0.1719192523070046,0.5043693958108453,0.2099848390605548,0.3261862760609699,-0.1440188858784756,-0.9126395768186985,-0.2210956693041814,-0.3619856904005837,-0.3750926927163641,-0.7914384892917817,-1.1568287051701245,1.078811936655841,-0.6575798448304915,0.2904042379153597,0.2434756020756255,0.1746382475183527,0.3493602648345058,-0.3689116782118372,0.1258039855197488,0.1879400773806071,-0.4669522758933904,0.1991328691709036,-0.8912430532650153,-0.916128320144196,-0.0533229229771204,-0.7160538074081862,-0.6650745353544698,-0.4672984894647209,-0.0204207719736143
TCGA-05-4430,0.2352279916438172,0.3544957445711708,1.2440575032084968,1.5569689646870095,0.1762241082659799,0.6858274619418092,0.730167932040399,0.1277177972431991,-0.2782298029995158,1.330584060227436,0.0709835195038707,0.6176241054007898,-0.07074308371326,-0.3008774349269207,0.359416294466319,-0.2475276104990795,0.2981723843846822,0.2038019898888344,0.5134544503244801,0.470440929787324,0.4407640003039503,0.4336759986571347,0.7934126103974608,0.7821893009052319,-0.6842495725891807,-0.0134515334758376,0.3024636169026186,-0.2010256050475272,1.2678603216545428,0.4567127946720307,-0.0405300051099639,0.4170098804900554,-0.1462253740333999,0.5318206342233468,-0.000735231707739,0.7449579751913877,0.6954245748377095,1.1240498655498252,0.1273216536035979,-0.0236447636411727
TCGA-49-6742,-1.6086685199283153,0.2828973836098525,-1.413615530599906,-1.0737483898873386,0.0492855910351193,0.1124285020214624,-0.5615758097530316,0.9184677186710426,0.7520940255209905,-1.22349912995958,0.9971281560303183,2.029377273035242,1.355805047976426,0.9848559392901538,1.0186248631803447,-1.597750574052199,-0.2382851009725815,-0.9496333527817156,-1.2420954852033628,-1.072164736751842,0.6517536129617915,-0.3115782811103283,1.1248321089985849,-0.9812914916843914,0.7073193087761852,0.1948404540472479,0.9751210293003276,0.93586704725071,-0.4148646447100585,0.6542156004956529,0.4646830153209401,-0.6478600853251553,0.9855157868191706,-0.1529285229090715,-0.3093298568082917,0.3615566151712002,-0.4476639470458219,0.6602774372420616,0.0337425488414703,1.605305465063863
TCGA-38-4627,0.3774601996569061,1.2179601716999018,1.508749391699222,1.8094761384786051,0.7758075559040112,-0.2669381037788121,0.8591539346381489,-0.2555686580819958,-0.7373406245838579,2.6461829614241554,-0.0201525238626647,-0.1640795673148766,0.1290194474832101,-0.7547095106850341,0.6845499672983193,1.391266396393844,1.386059178862621,0.750793401434164,0.4901418937367242,0.8501351937135717,0.2327825703127621,0.3818292322785299,0.3115917647585178,1.442404934802151,-1.0678481593236695,0.3781910096655639,-0.1415507786924074,-1.065345088040256,1.0489825266684747,0.1874201143791439,0.5754915332210198,-0.4750132279199142,1.0281901767139805,0.8675622520918179,0.2976965217054467,0.2495246741525363,1.3780865662911528,-0.0450585914173739,0.0129916237218317,1.057494270555932
TCGA-69-7979,-1.3891190967639069,-0.7007740654201935,-0.4654600236347522,0.0773820024104417,-1.297725531130641,1.9610144201135644,-1.9190949856747703,0.4280692711104767,0.5559531462238979,0.256382932597962,0.6759359850607107,-0.3904763784883781,-0.4309392671445576,0.5882621107078884,0.4806200891600165,-0.4920019949912415,-1.0717042135905168,-1.7646827631435396,-1.434825131195444,-1.372557361655807,-1.4858314058722406,-1.4398017896616802,1.2635414396597715,-1.9763405944925247,0.3634468790657176,0.1427015421063809,0.2305215487183899,0.7469471426585355,0.0711517369882153,-0.0460083430825764,-1.273907395316514,-1.42303811395926,1.1763304661909713,-1.2354867270327503,-1.2935399443460815,0.9379736207409004,-0.6535380818289607,0.0843245233601636,0.1334403388296479,-0.631999197074118
TCGA-69-7973,-1.4331208654952323,0.4944197715927263,-0.090522805094316,-0.869144984483842,-1.7920958645005047,-1.4109099058024936,-1.0081513905046449,0.0749297366084508,1.1316396786800882,-0.1737336338509246,1.0967179365419568,1.07202579769833,-0.2093108515235882,1.215900950473023,0.3674944174766229,-0.6412867218930504,-0.0938871930756724,-0.6573275869611168,-1.1195672151329117,-1.2379787662393225,-0.8225670509148958,-1.068299002936922,-1.0673761435412144,-0.8938166847431389,1.3489015593019391,0.9447433323622692,0.6539454622061415,1.0609722695807495,-0.5277858348050365,-0.222194461851093,-1.245911951756475,-0.5354917557778399,-1.5063282324099383,-0.3804688440871172,-1.1793848583837707,1.5935729554083635,-0.2861675815649838,-0.534113003724163,0.2597262783703454,-1.2043040214834515
TCGA-73-7499,0.9138728437120054,-0.6337007146254604,-1.069018696801477,-1.253799959019136,0.1411976131521116,0.980752189637702,0.2652850115312423,1.95129301098478,1.4994728551190588,-0.4889574746852562,-2.2694373157784558,-0.1811287748356928,1.4110758594915138,1.0211240643278734,0.5546713910166522,-1.989089206813096,-1.4205522813241138,-0.538203121001562,0.0270849889687018,-0.3905338764118416,1.1767073122543157,1.05310694794742,-0.0784868439384887,-0.4749819912003435,-1.0195015416711664,1.3143808665566066,1.6625774364854884,0.153928125993102,-1.5342882785959076,2.083945614317932,-0.4091955419069155,0.5800972676453374,0.129006107045228,-2.39764584883775,-1.0930300110170077,0.9111240666485492,-1.8308453979176376,1.0308233116070586,-2.2642228444211563,0.0473235519048594
TCGA-44-A47A,0.2769459630107267,-0.348679966530666,-0.4147388150623462,-0.5739128652185148,0.3844041804490247,-0.1515782829488396,0.0866317516608247,0.5999348454558046,0.1394254928101387,-0.7300747812606767,-0.5091133880707809,0.0777749081886865,-0.1490529592130205,0.2884441698722344,-0.0194875831196305,0.7583033393926781,-0.9909153622053604,0.5115988713493921,-0.0108668740805354,-0.3124123447360895,1.231280743796323,0.5141389989030299,0.0252770986774613,-0.5974370941272218,-0.0061196144243939,0.285324649564325,0.1754863009486216,0.7732681232035588,-0.4414114870478122,0.0711328151160434,0.5535976731449439,0.3684194748919885,0.4630853361657286,-1.5714412023713356,-0.8674791869307884,0.7113290106850034,-1.4939159552209402,-0.7355861731258501,-0.0225197879638755,0.2386478216361777
TCGA-78-8662,-1.8239197388289528,-1.977356026652321,-1.849810677507323,-0.2734581929151575,-1.4980060447893937,1.91134976852914,-2.3536195607061914,1.408255947145563,0.888795549956587,-1.5332959684474674,-1.665133306339023,-1.643885827861289,-0.2474805584650443,0.7684667789431712,0.5638954111107116,-0.716905738613247,-1.097044037490185,-2.279629659821832,-1.712257845396433,-1.82034457457654,-2.359441256702316,-2.273126143739867,0.8127875169333915,-2.6951381924379687,0.2203440893347953,0.6853817817762763,0.756722990016227,1.2269690112740126,-0.1713275348205851,0.8891297088345358,-0.9980096322965054,-0.4081488202481781,-0.5419838719365858,-2.0289735937908144,-1.2921666160475844,1.0640760770520803,-0.9232723567861008,0.3571790319722562,-0.2673994172089897,-0.625939793208161
TCGA-55-8085,0.5223755028812112,-1.2636160022510698,0.1981751366936416,-0.7566828267221488,-0.7011706190787428,-0.1331808517548751,0.0684063970514416,1.0501709534562012,0.8372146226828199,-0.5965252897504479,-1.7762833324441396,-0.4134548596520187,0.6470726415938437,0.825816645076394,0.0552206695897552,-1.212269530441401,-0.1409935343101815,-0.3166717028313955,-0.0445389725069193,0.031069366815028,0.2289398798779029,0.4173994338635611,-0.4662793512256265,-0.6661046823628071,0.1326656914782707,0.8775109986400741,1.169438881613471,1.053707053709226,-1.8775249547546744,0.4172730549759122,-0.2283807267577126,0.4708799618769113,1.8205179202270911,-0.8389565750479869,-0.4017551384935138,1.0217309279406712,-1.119386520533486,0.9692554715972468,0.4903086831840682,0.6775117690531597
TCGA-75-6206,-0.5664033946992616,-0.6925264635543288,0.6531105191422363,-0.2064179964546593,-0.8087615773529823,-0.4496843775888463,-0.6333817780596194,-1.0366728255652462,-1.2763356016232867,-0.371703179016773,0.5869372514834906,-0.9997970000215428,-0.0070161345095896,-1.3486653714745835,-0.8750967801671506,0.9696864156239536,-0.6599896412096941,-0.5331609204606104,-0.607256647296758,-0.2778288871046381,-0.752608922966977,-0.7376993782716719,0.1213748614050485,-0.4862079564850614,-0.7860738041324974,-1.6717257275147916,-1.046018193192944,-0.3061657941931752,-0.4343478205628857,-0.7519382961459069,0.1166590302616107,-0.5582531159103223,-0.214757314876845,0.8911039978122478,-0.2854936661903897,-0.4301615066207457,0.4378725147272045,-0.3272069224457097,0.6366433901657689,0.821769462274771
TCGA-50-5932,-1.5763936888198251,-0.1342772593403537,-1.393851845547224,-0.7229921858438071,-1.360093931208218,-0.9587775103887752,-1.4288290518474702,-0.0402668244221635,-0.2906793607313841,-1.4181472134618027,-0.1949575720570542,-1.498728876869967,0.0194800504774307,-0.2520574915626096,-0.567026152262659,-0.1320737428191725,-1.7920638948678056,-1.8380922436291829,-1.5833059310594495,-1.4840579914943235,-0.745857197037759,-1.304226240047466,-0.7442681922238519,-1.3856625056216998,0.1619236922281616,-1.072871376025662,-0.314880818117533,-0.5700184179042115,0.5692408882759169,0.1557383136828089,-0.9286935019074984,-0.7954278654478981,-1.0013629150522545,-0.458941682685792,-1.522695197738011,-0.3803800982624641,-0.0071815299726592,-1.6748673803509428,0.1300014722070479,-1.0906059333356943
TCGA-50-6594,-0.5804924237433664,-0.317624552533607,-0.3672450601021501,-0.1368711980619862,-0.3272745885193378,-1.946164131079939,-0.9389339512554944,1.079300086710926,0.9967670043511252,-0.1408307316415584,-1.4211223444010253,-1.7776374690721382,0.3007307890474809,0.6363286339207721,1.423341656977488,-1.4077397505530542,-0.8113065730106392,-1.0827850256573617,-1.136560479241657,-0.9905022870595166,-0.3455808540218903,-0.4424255186664451,-1.623879074726545,-0.9585969045224788,0.4592400185395117,0.3039095099661142,0.7644853280871039,1.0854740074487623,-0.981221239911268,1.2539080593888252,-1.030651358659601,-0.2260631743648902,0.2156716911492472,-1.4221527808269383,-1.0938546080848108,1.479056047403,-1.398533747622505,-0.6045876563517472,-2.4773231636570063,-0.5258625957631269
TCGA-49-AARQ,-0.3062104931747219,-3.4476283387468616,-2.4752997663096785,-1.7526154618306564,-1.7343619108978163,0.1782656374401925,-1.6493450707941495,1.3271621731739025,1.2191531857401878,-1.7181383495822955,-2.6045344313276746,-1.0795680557706455,-0.1062513782022841,0.9956672444458866,0.2468700123199276,-0.9692875748507987,-1.767598113805033,-1.4477775210237087,-0.7145978429542357,-1.475173170301188,0.7813926693000548,0.1928766189445351,0.4976912972932173,-1.893156277119316,-0.3181508899896256,0.7548852508116383,0.224633982689323,0.5021811570979519,-3.340937286059112,0.5248490717134146,-0.4552021960609603,0.8253326468252261,-0.4387836288448021,-3.808709936189812,-1.672281329617132,-0.5213786972757939,-2.3677853486740448,0.098505236644336,-1.7870028670629987,-0.536090936267571
TCGA-55-7574,0.9683502927893723,0.7897374800110971,1.415298323049436,1.2216634293830873,0.7242413256870714,-0.2043847479293522,1.0055790321780234,-1.081547251527334,-0.3187616416547202,1.2971390762834163,0.6886655558134185,0.1639261908496574,-1.1235519964042948,-0.2338594953036218,-0.8072052403492337,0.7487876350368602,1.2384408828676272,1.5452173474574795,0.8532872617836522,0.7015730798743441,0.0313462390208347,0.4793450893237361,-0.3759461023792472,1.188291771212368,0.5917728219429613,-0.7357430009451493,-0.4633615940820888,-0.6360806436677229,0.4540777007971119,-1.2667408997834677,0.454757414480681,1.0709240389593049,-0.2473845838975387,0.8737297965345653,1.0187174718469096,-0.2384241801937708,1.201934505342902,0.0213086602144053,0.9637664251332762,-0.251179287624562
TCGA-50-5066,1.6300688111863626,-1.0452099266476236,-0.6059075223375563,-1.231782411766174,1.307191956943021,0.3791163970337413,1.0516358672502266,2.685384436287471,1.1956004323290244,1.0960724411287326,-3.034452674349134,-0.4136760269906712,1.1482113706808612,0.5198141371792819,1.0021067343043353,-2.0331081684888206,1.2816051585875574,0.9676851296066588,0.8511367514083137,0.8775362073595541,0.5693433630203388,0.9941616793613872,-1.6315021014554614,0.9430825655247664,-1.7727479468538887,2.070736295984268,1.9239708749915356,0.5854663976825372,-2.4140257054143284,2.5805590036038417,0.2188583236760441,-0.3130476164984124,1.7353843421500053,-0.9559429053513344,0.9177359186801544,1.279685681771476,-0.8921154732714989,2.2412356561095548,-2.8982419742761016,1.4322735508798574
TCGA-86-A4P7,0.4270002744771081,0.3303082104386244,0.9237317376853228,0.9322868351624544,0.5135643510380146,0.0730525576540965,0.5641041093133335,-0.8072696887974828,-0.4627191213357264,0.0135076935766762,0.0419142534405911,0.2321306504530697,-0.7103613673914785,-0.4294890664616519,-0.5722118062674769,1.199560251350567,0.0782652300269277,0.5029390291086268,0.4486786917933973,0.3791662565870369,0.3739252283004912,0.4851388718417556,0.4085584221111952,0.3056673401007199,0.0855784009913898,-0.7883704908156541,-0.8399753320606133,-0.3077047410238543,0.5964764604312015,-1.067848498546598,0.3140156614354773,-0.5150526903799555,-0.9234469042612696,0.9078446242523204,0.4303434451590996,0.2357254184857151,0.6064294109395864,0.6229147341545114,0.6076541791812669,0.0860821673658428
TCGA-64-5779,-0.3967753693950821,0.2799763332059741,0.8031391519082463,-0.1225739749747717,-0.3354926773763617,-0.7353880992248198,-0.4355669370148279,-0.6819283558689432,0.8097465431882053,0.7908945092877989,0.0208164057591809,-0.961458401479557,-1.7003429481125174,0.9841471627314856,-0.2552003752882414,0.2603581093752092,0.5852954960013346,-0.3272836189972519,-0.7906669013992528,-0.7861594734840036,-1.1495326265963106,-0.7361744864507834,-0.0661748704325718,-0.0172620722601959,1.1787509631820916,0.0587388300772537,0.4413545720204647,0.0997828180192396,0.6993826359608716,-0.4016325502659662,-1.9698917131645088,-0.5175817032635072,-1.9595163718522712,0.6568416423914427,-0.1600704047086487,0.5573602195762732,0.2248173321616806,-0.5510013510702008,-0.0085697791989957,-2.4664898112399585
TCGA-55-8096,0.0390975366332278,0.5979812688241126,1.300388626577341,0.9209519004691382,-0.2618054155538557,-0.0876559806404096,0.3908716209253097,-0.3563144485523128,-0.7677180556837268,1.4098521752524904,-0.6196763297057462,-1.289044216299673,0.0296852438853189,-0.6042634206012553,0.9121798161401709,0.4989052363030114,0.7361772405681339,-0.1985900739970183,-0.0385119371340365,0.2189461856034207,-0.9271777692621838,-0.4614887419295982,-0.1963068601391623,1.057907730459521,-0.1173427789699877,-0.0818574881203159,-0.5301085840853748,-0.1796642147453133,1.345558435154052,-0.4828396861750871,-0.4640309087707695,-0.0783914383831618,-0.0896562609917368,0.5004885894350461,-0.6976209319705835,-0.2838110873288646,0.3661739632563952,-0.936421335912929,0.1771164758993242,-0.0628707240894382
TCGA-97-8175,-0.0055281499135975,-0.4939253154035494,0.3310188920355582,-0.2593542287839429,0.7572792241025692,0.3869821067163149,0.1527798745165823,0.2674292759740217,-0.0497361874692818,-0.5763095367561376,-0.4567005887044722,-0.0933693316745213,-0.7950123015641458,-0.0628427132691796,1.2454454591465651,-0.5628404624083623,1.4544158775175595,0.5814790913975327,0.4089093134818018,0.77767962388757,1.0190211572045131,0.551093610443094,-0.5645930688505525,0.5151271413479399,-0.3095398348209596,0.3239492720940661,0.3281457998107314,-0.5214305913687199,-0.3054577431984183,0.1032809186249492,0.6425273376297821,-0.1329990590548118,0.4609416067365655,0.1781564282155852,0.5512335554512344,-0.3917491709611847,-0.4944939410429672,-0.3042888709520969,-0.6683623866723962,-0.1745994735235179
TCGA-44-A4SS,0.7656943460732675,-0.6233572535520884,0.4940543297966348,0.7266588884654775,0.6933135025160311,-0.1223451330347469,0.849665882317391,-0.8701611301350876,-0.0191638353934834,0.6882331305573817,0.3967597611791987,0.4657250727830027,0.0597043452153729,0.0794570804101389,0.2175422032992361,0.8790962053688746,-0.05841098637738,0.1085333478385215,0.6891207589246302,0.7020891576213244,0.7673313812267775,0.8683187316984954,-1.2003247539617492,0.9145637784767272,1.0438476730919144,0.5382942895785727,-0.3162928542239664,-0.1475017065528925,-0.1164136155143123,-0.731130353092041,0.9842449999783242,1.523974664642816,1.3780859895159154,0.2532039051897995,0.9255215475006572,-1.0542477448108365,0.3546805866321427,-0.3367037855673389,-0.4421862010167019,1.6230197030568965
TCGA-91-7771,0.8485203675740757,1.7107535881022966,0.4889800225465262,-0.1839053748970704,0.2031922024891576,-0.5708893351613309,0.78981311053455,-1.5632704802665465,-0.774183072349586,0.0962963790383147,0.6793833807728265,0.3182157415374993,0.4653955222228386,-0.4545156435013147,-0.832720968184164,0.8227386177488177,0.8118643090033513,1.0867515881317102,0.486639231164592,0.6531462525491196,0.3434892754225542,0.5350195110484108,0.3922463208283177,0.8834466215869008,-0.0704565963624796,-0.4004284210194865,-0.4638880707458015,-0.5078517826991413,-0.6785483097183634,-0.2559210642470236,0.3528070084775403,0.4288172011385351,-0.2875451388737033,0.5481693039514175,0.825273033315648,-0.2678849747611834,0.8449957620146593,0.2689810407126604,0.1266376897999434,0.6308064363881299
TCGA-86-8278,-0.1931007386361228,-0.0476196858423936,0.194191332076829,-0.0677378422158889,-0.1180272928368807,-0.6253343056055912,-0.3527360077638228,-0.1813509819111269,-0.4330301075648844,0.9364779062145404,0.3030476883393366,-0.073772094642516,-0.8556853332766693,-0.3565860290366517,0.4840257885125458,-0.0381499714072535,0.0247995195688705,-0.5265254411250163,0.3239266134281124,-0.1427163905389795,0.4398871403808009,0.150613644484168,-0.3938268005720129,0.1062270053561826,-0.2815740237842275,-0.3907907265090842,-0.6585171302074819,-0.2506423940378183,0.4731484985258166,-1.4132319534635776,-0.0815450432516283,-0.3213695206458308,-0.5528818351123408,-0.3574092276815102,-0.5218725931119049,0.2993607108737489,0.2186041137223233,-0.8367956363505344,-0.8574235796426519,-0.5843355772122025
TCGA-55-8087,-1.341734045662031,0.348471429465532,-0.8546711163573137,-0.3541341851258557,-1.6495898797263833,0.809901945296769,-1.6309889348922475,-0.838963381227734,-1.257233896627009,-1.0429013054264686,-0.7799924711554083,-1.5282358367850464,-0.1013824888489688,-1.248229429074727,-0.8205063606025308,0.2755860405078928,-2.3794818078501145,-1.0738924624269586,-1.2272090832917,-1.2366692369139871,-1.6578568578938335,-2.0360948342998024,0.2167915182613408,-1.357961089317574,-0.9300327962546192,-1.752276494194454,-1.2082289693214203,-1.2424037462010706,1.2318442979318265,-0.6680533199066399,-0.6566491694873158,-1.630969554536546,-1.5295552830671495,-0.0152283367135712,-1.89802831240695,-0.8840855706141655,0.2782542184816894,-2.334571544596954,-0.3274441025629586,-1.4673304132956069
TCGA-MP-A4T8,-1.622061741644417,-0.3822312260108551,0.1360917446003317,0.0473610348468741,-1.1010699390848604,-1.004492134139373,-1.328835236683366,-0.3484117050143837,0.2774684914157619,0.6381052301459667,1.4956550622318447,1.00520072978789,-0.9595441925059052,0.5176993045419718,0.7056590636984322,1.0290779767462943,0.2261387936350662,-1.071427030993148,-1.526093845858604,-1.1129869948628912,-0.2909521714053825,-0.8195592280420183,-0.955835475680636,-1.25799257401546,0.3067776103211256,0.030322513165057,0.6841890690886246,1.375874534871761,-0.2828426410514179,-0.0191361685817448,-1.0548811995338887,-0.5297738833136368,-0.7935891337499282,-0.0763655571517693,-0.2501270910271567,0.9731471093684734,-0.4881385546113298,-0.4243610832305941,1.3678088775569823,-0.8601567426697286
TCGA-L9-A5IP,-0.7177582863244147,-0.3365812349709005,-0.0999198607575443,-0.6091340613097942,0.0914623888519821,-0.7211603782618652,0.1722756279255413,0.8566556519863426,0.5891220230541139,0.002573488732314,1.3883846415159655,1.2501182259534862,0.0317286254460284,0.7302891615295167,1.120452430001778,0.0344593407072698,1.527597150043143,-0.9017637616939018,-0.6013427490274981,-0.3126608198869463,-0.3749641008899487,-0.5082792532027921,0.8587800083551016,-0.3502353492372065,0.5780927678479129,0.7807016464183909,0.8231855745332032,1.1123406495556651,-0.3757269933805554,0.9504447073075176,1.4304555434751618,0.0147800415300663,1.7694101608225854,1.089860868891741,1.2886522120231074,1.028860350721213,-0.4263663214911182,1.564372110601609,0.3449151751328803,0.6698283450016879
TCGA-55-6979,1.826964711462441,0.8486073402274202,1.162316267988598,0.5044953405561545,1.110227343889911,-0.0436800765066891,1.6224715960881435,0.0651607989118533,0.6983136108624213,0.9596785359631884,-0.0452469691332751,-0.0723361296167962,-0.3847405475830677,0.6927974959310236,0.2363236188924166,0.4591904664181538,0.0017362212306028,1.5686461113947794,1.5573911647502228,1.382308619886052,1.748870166607848,1.9678452912064204,-0.1075482027764627,1.3722533180644103,1.0096616362190516,0.7435886448348662,0.3733929143930541,-0.159188551683983,0.3199821693940482,-0.2178255981576818,0.0005037495181469,1.1791672120404944,-0.1761077202552149,0.07413920361966,0.7137373835959413,0.4470089893496399,0.5049450324884452,0.4688633937268476,-0.095315095445711,0.0425227776499252
TCGA-69-7980,-0.1210809360094533,-1.5317027375297254,-0.3921921985501442,0.5397463067499354,0.1804565017085123,-1.9779879229678412,0.2525640056515458,-0.3247904139212254,0.0101653196007498,0.2944311756531426,-0.3101607745509439,-0.7758637840705197,-1.6024685990123293,0.1370781074559253,-0.1959594155925537,-0.0441460434283032,-0.6228883489786723,-0.1399129906426734,0.091153505037564,-0.0352361347105476,0.8860269233715813,0.5317118861423697,0.8238775527633667,0.1714330016508738,0.354612987436551,-1.1726818370025431,-0.231014359971203,-0.3588860439336199,0.4252849338999557,-0.849102446698661,-0.3724253565572909,0.7808182634579979,-0.7508965004229669,0.8556817698344257,0.4170658980371085,-0.1303133205477352,0.1394107812763657,-0.038001032491922,-0.7153312874391109,-0.6853147272390361
TCGA-62-A472,0.1434529261981577,-0.725215374975682,-0.8148032083627161,-0.4381602974717461,0.3052515300324704,-1.6000441495003288,-0.1798134363948736,0.3276782780081877,0.5987670560447252,-1.030612922742557,-0.3473408873455995,0.3185827344120252,-0.3586336382189709,0.5415125356663703,0.0316703403351738,0.0988885116987327,-0.8563616062470303,-0.223737627676496,-0.311571382119136,-0.1748630066998263,1.10518144546586,0.6370058988483626,-1.202344613057964,-0.6737284165396816,0.4622387673630553,0.2466238531732036,0.8846420267343285,0.7992918884504319,-0.5736850616883999,0.0642461828601961,-0.7379139210663018,0.0731425307503932,-0.0482290773495062,-0.7792678935008731,-0.5971739186037754,0.0497738691194008,-0.8931506032298183,-0.2915710956249893,-0.9410383712355388,-1.0261716132317764
TCGA-49-4507,0.8109340452475232,-1.2757620599162771,0.0010262122401624,-0.7968213417249637,0.6079593397018395,-0.8666802022611511,0.3390218312317153,2.062587125593573,1.1144893834977931,0.0437438476107167,0.0509098664402566,2.2832911681250025,-0.1472760267868337,1.0069250601528803,0.7616382269275638,-2.5304798326164266,-0.0268696880073518,-0.1613633959554124,-0.2744022193101024,-0.090250442754213,0.7647444635012122,0.7154836636891445,-0.8205035577014004,-0.4313038776978551,-0.7001302063299573,0.9296915421969838,1.4499482502496248,1.3322039018492868,-2.069915490009905,1.616567901369796,0.4138231791972664,1.1832146311560632,1.5728983610770146,-0.264523652028981,0.4777458447504636,1.042657865336784,-1.3950439646531083,0.7944839209108985,-0.2465527877989715,1.0124032075295115
TCGA-55-6642,0.3144208132082494,0.8632170358142295,1.1984855668166994,0.8295483340241305,-0.2239425128348793,-0.7470569466126484,0.2107509020904751,-1.0288288406784734,0.0097140676040108,1.6445109536653908,0.2063461164250031,-0.8800419570641265,-1.2314494224349273,0.2906783886423475,0.2567844905476074,1.3417741667409535,1.329203388179747,0.2204505357053054,-0.0194609676638111,0.0025232219814297,-0.3990114117804595,0.0786338455824196,-0.638959512989758,0.3606106167827205,0.9071926739755924,0.298621360331286,-0.2428711425420466,-0.305073052221299,1.1686205441485038,-0.9668728304418588,-1.0879894306555622,1.2618058961287455,-1.6817950281012437,0.2491107983548585,-0.4570856394962825,0.9790491386053908,1.0854143561231993,-1.0007358875260812,0.6466280986577801,-1.423723458130021
TCGA-86-7701,0.8943580098706831,1.164346637133692,0.912722404929759,-1.034426912679834,-0.1275109496052414,-0.9298177491238236,0.7832565603969296,-0.618349081349627,0.8880205054375245,0.5787375032715005,0.374233467967436,1.3106313377409409,-0.8038542664815078,1.2638011290101654,0.1012618572445907,0.1908541336420689,0.5167859509112139,1.1141261157590387,0.4466679527059963,0.0500541810553594,-0.0825975521497102,0.5651124086581074,-0.1571764551645014,0.4352560732610461,0.7601372816637972,1.0371692181456793,0.7140282397082056,0.2567253529540009,-0.069880285959143,-0.1605401318147304,-1.8599560942145956,1.1569622570237552,-1.1124450038700573,0.9764476087895706,-0.0925062758228915,1.1528021303112128,0.5367538286058644,0.4183898317303583,0.1826842943400201,-1.2328474774877172
TCGA-62-A46R,-0.0015222372016425,-0.7194492606628089,0.5679516770761848,-0.007861204355471,-0.4440776085898546,-1.6388981094704451,-0.4115907677300764,0.039469559361642,0.2950825439412881,-0.784038779186201,-0.7633861596551129,-1.4501192447053344,-0.2089202616622013,0.0961199958383398,0.143868439716579,-0.0176632134871481,-1.5071940410433875,-0.6379932654383019,-0.282035018998959,-0.2746506374133125,0.9053204064951056,0.2958081177905984,-0.937153562260701,-0.5208101035495462,0.3258161035919624,-0.6070407962619048,0.0080615693560758,-0.3303546731348364,0.3405320027129975,-0.3306278778051382,-1.4524083803608832,-0.2435551792481269,-0.3675033181232458,-1.3329235178124068,-0.9687361785694628,-0.2128414538806557,-0.5816936850407529,-2.056537367167063,-1.0672138659235917,-0.3555837546909752
TCGA-62-A46V,-1.2484684753799025,-1.0509649743823244,-0.1710536477755068,0.3817724733163498,-0.6972299977980919,-0.4803689450963991,-0.8960678579738935,0.4555362923452568,-0.0688098297769539,0.4373890518467898,-1.4456700801630884,-1.0366585340994527,1.081242455964944,-0.2508792727849547,0.1543096345241525,-0.4340679430005804,-0.9269542962043946,-1.2963879794421944,-1.193423907963535,-1.1592726545146128,-0.9040178585479968,-1.2174264590173611,-0.3386738579294406,-0.7649415260168986,-0.2115249765591254,-0.5352514158418062,0.0350519629597158,-0.1589378593813394,0.208320021333286,0.5259791962973461,-0.3224857345678539,-1.6817730000196731,-0.1316479589377118,-1.321012455234645,-1.2929737101822971,0.2843549623302032,-1.004194620159166,-0.3481921668380833,-0.7647920659029308,0.1524076145272999
TCGA-44-6146,-1.5449659693306883,1.4519330122749872,-1.5561139507704251,-0.5600126559675076,-0.354310129747898,-0.0333052111650934,-0.7063156280167031,-1.141650492023924,-1.197863682451995,-1.2813940046523409,1.7556714049254607,1.7142736756443122,0.1913738166247592,-0.8801946734861849,-0.2105254825328868,0.8561464794562453,-0.7376482345911284,-0.6287133913094194,-0.9065162844229964,-0.9214809241873392,-0.433655081352242,-1.056622827376539,0.1487193708677445,-0.433950858204644,-0.0032722724721688,-1.2526490530662089,-1.6315893000430743,-1.1561956367826207,0.9089224205231672,-1.1622025153805335,0.3416480138221274,-0.4770176493303218,-1.5470636388349284,0.4291276260202206,-0.1343512885079522,-0.8592445664337134,0.8662731915515233,-1.1744309528511077,-0.8401348145244742,0.5110720686353054
TCGA-49-4501,0.2696744564398468,0.3316485706095971,-0.4977539595921326,0.6573873087379062,0.369622040599996,1.0257919915813154,0.0726992439229075,0.2827083089925851,-0.7441866518730714,0.5823040929440061,0.3059784026867419,0.5824157435050585,1.0150289237650931,-0.9958401683022228,0.5678079630774656,-0.1285329056153795,-0.1584418351394212,0.1581128504212078,-0.065908585668088,-0.0906182743916533,0.5048656072313942,0.3879001153557614,-0.3687653851043445,0.4232552471941512,-1.4391187998631954,0.3060953060926315,0.0391563745512573,-0.5548550595558943,-0.6902061319572745,1.3864340007345757,1.193548985960694,-0.0584338376768483,0.136628036853231,0.0518010100650978,-0.1088814993808461,0.5769271457760298,-0.0244429393172797,1.3561556398386472,-1.204094916564109,0.7236721622764183
TCGA-55-7914,0.1484269545094032,-0.4922166305397477,-0.7333322807964239,-1.2170508417330286,-0.8417720532164419,-1.446135869088173,-0.5679073402407807,-0.3533125904279058,-0.0549074899948394,-0.4296960985132968,-0.4121097604015932,-0.8949551914140743,-0.0487289681054546,0.0080770890392786,-0.0965204281980686,-0.1762366922156028,-0.8094094903345537,-0.3356601175543913,-0.0103557792803742,-0.4382632270429665,0.0151528006917717,-0.017124692580849,-1.440648927749921,-0.2744563899346888,-0.2926562963341339,-0.1738482300485622,0.3870419012978858,0.6248999148855974,-0.8366652225340357,-0.1320482554136676,-0.7525492564058404,-1.3712342156561947,-0.1874093967078394,0.317815913637813,-0.7452576453465194,0.3773359552699331,-0.8593134228616447,-1.1417575106439426,-0.8722065593248012,-0.3423579525114979
TCGA-73-4659,-0.731529566264322,0.9581000486282728,0.6798769263236552,-0.1359484138038212,-0.4545015257281317,0.6687105468644634,0.1377475183316456,0.2183676406651123,0.460328595265196,0.3328506971348716,1.6340671260958155,2.238293586518233,0.7666195183726362,0.5348963462248328,0.7870554893083482,-0.4149755000468453,0.583331704715963,0.0543244721237015,-0.3492403499144456,-0.1631324218057046,-1.2780909471914566,-0.8756979450593912,-0.3674565649226553,0.0993819343105365,0.232066052460778,1.3841928662949432,0.5017914452306959,0.8023109720700614,-0.1881031936616889,0.6928088814736957,0.2465836272301567,-0.0274905539555059,1.2250846519369083,-0.0399296323848445,-0.0584725756819474,1.037882843422141,-0.0240709674099418,1.3512367640438792,-0.315931150198923,1.385518923541692
TCGA-86-8669,-0.5290060445553514,0.0999600732750114,-0.6906116773771132,-1.1208197607313837,-1.211400779576075,-0.2308391725435283,-0.3524205504494161,-0.6523445961032269,-0.3257726039003496,-1.0457062496359693,1.0300654315035864,1.0098393022854528,0.6139494653699962,-0.3287137938844716,-0.1480505869647686,0.1172188120572785,0.1265300980173517,0.3280946011214517,-0.6873438503599746,-0.5196405138337638,-1.1433464465757408,-1.2019665150032657,-1.7103489823539604,-0.3239836789224484,-0.499824364675111,0.3793511063438623,-0.2092581195383186,0.3066517007069488,-0.706766236790827,0.0359185046462289,-0.0658901891145123,0.2311424868867583,0.2514523515346971,-0.9394200552313218,-0.4289983386242569,0.643501114812624,-0.8898043620813695,0.978756197968415,1.3556598040181134,0.2324385948038468
TCGA-49-AAQV,-0.1243883897444696,-0.9058055170146004,-1.221494174166826,-0.7154747510332705,-0.6831237303727649,-0.1637135456032596,-0.4106161123569974,1.0230851135402668,0.3971626956888294,-0.8479378919476808,-0.5065005553498874,-0.6569453624780495,-0.1473286006949011,0.1838618986308107,1.0420397354235602,-0.7123367706708474,-0.309633021173216,-0.7295661736153127,-0.4673573377923931,-0.5810287759411167,0.7083792996779303,0.3781625011699586,0.2749611470228932,-0.7907195145373621,-0.369706024030083,0.3758175149481726,0.8283793688931196,1.1200185533242413,-0.725647089542815,1.2335098012843673,-0.5206261934498169,-0.5076489941835014,0.300816893810247,-1.864587701978739,-0.5436724043175452,0.8402054590423218,-1.534985733586067,1.0492946694192895,-1.3270857735652493,-0.3445059630641421
TCGA-78-7149,-1.3754604528901395,-1.9863085569388248,0.4942218569617559,-0.7753070690595496,-1.3475169338386028,-1.1081545086059654,-1.59580317056592,0.3075395570536279,-0.9741907174380822,-0.530304179197834,-0.4091939410745591,-0.1535939917340059,1.6588280689276111,-1.1225577135057476,-0.1101468717802189,-0.5770948219967011,-1.153444460283085,-1.2908261518174662,-1.7256244532573382,-1.7671406661174285,-1.5463170099084236,-1.6485039327066593,0.6753394962589209,-1.3150670869080712,-1.383446993294534,-1.0412935471613805,-0.2170557752014836,0.4820417161469718,-0.1249802129902593,1.0627621870641837,0.7367500933962361,-1.761458881845089,0.656143197171126,-0.7126648215615162,-1.5699051168149982,-0.2083052403716126,-0.5711735306552648,-1.1521019509276984,1.8109650654264788,0.8976634685980692
TCGA-86-8055,0.1345009423323719,1.2539406711708303,1.575228933831169,1.4981648229123208,0.3622218039558096,0.067978524241454,0.6510707794471395,-0.9817533610775684,0.0275383877898774,2.1337340342509163,0.2407713419522709,-0.4709002853560506,-1.1592304094777794,0.2837598134949798,1.6046843448057044,1.6431970142821737,1.8978653716571563,0.5835520650769142,0.3105410527259584,0.7549455587590718,0.141540553852632,0.3452055721780798,0.0502012544088005,1.5747903838539432,1.0067065676817843,0.9307791967588456,-0.313639477688032,-0.6666008444052037,1.2577596473759116,-1.2908242528799565,-0.0868953028396258,0.3268593833596203,-0.3820848323083418,1.0812313630473152,0.2634419577522312,0.5048549919128928,1.2797048254521806,-1.205492047036442,0.4560713372968804,-0.6862537308673115
TCGA-91-6829,-0.7262636636514721,0.4699119290236934,0.6703159346769233,1.1813503785734336,-0.511932287696189,-0.0342012403202774,-0.4529970788628443,-0.871968390078456,0.5944934391105174,1.8776284469842928,0.2006384246678516,-1.492098321441511,-0.9708655307348276,0.6688409496772763,0.2601597403824424,0.6175343933735505,-0.3064494309010748,-0.5411144279292979,-0.6759903454869255,-0.3096223634404706,-0.4577811000703637,-0.5694942455608542,0.1478032331508084,0.140183757756752,1.2170027705580135,0.1889767209008215,0.0945050393229041,-0.3686021943023085,0.6624238768311943,-1.1228561638202672,-1.312246311006526,-0.1527883031628789,-1.127052705530201,0.7361945168561081,-1.057035047404393,0.1037685240927438,1.645547111610577,-0.912843751081328,0.4328731442457961,-0.2244148047556339
TCGA-78-7163,-1.384178838867821,1.5048593981114242,-3.225709879073032,-1.901029782560458,-1.870846089652131,-0.7920113804376087,-1.9454967884179493,0.5998669739013629,-0.8515173123884181,-3.1708126061304283,-0.5287307635599003,-1.1449052595997382,0.751047568477155,-1.0527956256737336,1.2169635407728152,-0.779603326096215,-0.5531042443504082,-1.3539165091828833,-1.4642457113892342,-1.4305768888229409,-0.6522038489262533,-0.728588881178714,-0.6511436752206452,-1.418882419076526,-1.583548447777709,-0.048397021387613,-0.3277782061120575,-0.3255695991671152,-0.8149876246466036,1.2244477697553888,0.6485255612434714,-0.244166058072803,0.7519743032755705,-1.347954601282831,-1.235349563608627,0.5730390212564892,-1.528287437626234,-0.4509496734927263,-1.7349087360793811,0.1695972651500215
TCGA-62-8398,-0.23003354808023,0.5703160041608534,0.0260044703913375,0.3689220176459609,0.20272734851229,1.250230113396356,0.4887703544834241,0.3610449082385976,0.6816709116958556,0.1831773453998702,1.1876743677683304,1.8406025658584209,0.9505628134704428,0.8412617826230342,1.8132125526349852,0.0202997425492444,0.9063812212123576,0.0738919675910354,-0.2039839126655386,-0.1672169099226006,-0.5702764316973735,-0.4596869364400388,-0.3838749147555489,0.4189503925670814,1.2480125077275002,1.198242866167653,0.5403342468828597,0.8901917849415153,0.2892061657419402,0.509187727084526,0.745949161434468,0.0532494248495648,1.724696736333032,-0.0552367466873737,0.1642370309445865,0.4509696865427315,-0.7297282002721969,-0.349081187050089,1.0878560275188711,1.5262205733766876
TCGA-38-A44F,0.8447391410116053,-0.1926126115237674,0.9483551971459772,0.8313013923711207,1.4029284835719278,0.0129781922694114,1.065069032237944,-0.3515827846464591,-1.315225799767615,0.771834986589872,0.7387636401629138,1.5869028971582204,0.0423895721187146,-1.3522176158912818,-0.1200606459823916,-0.2344054157419899,0.6366416782303126,1.1296565750567855,1.0378198709694488,0.72697000591616,1.2834442452247894,1.0679147055934326,1.3995478874787386,1.4943449337858854,-1.1757104953239472,-1.0000827989518273,-0.8853922231601695,-1.397493537577501,0.8605775810749163,-0.1050379270990951,1.750069909712871,-1.4532498109951384,-0.1089905302369237,0.6212412685518874,1.04700628042663,-1.0218634603822252,0.370246372665456,0.4561450170556296,0.8521479007662943,0.9498765299835432
TCGA-38-4631,-0.7844879198831184,-1.1843515028541396,-2.1176774883477627,-1.26891765496078,0.2336879277023815,0.9840584669881808,-0.2426740161039327,2.5821308185861223,1.8014635478677137,-0.462177343460679,-2.670623070474553,-0.7281561229417295,0.7731291536369622,1.335860212669946,1.31568291152492,-2.4041577890525976,-0.7491493299055596,-0.6661776828668018,-0.4459467736907015,-0.5051677170513261,0.7602107233181878,0.0308815126703417,-0.952660733490698,-0.6979372119586115,-0.7704661107774529,1.950022957651924,2.153490504036591,1.5197862633758883,-2.405890484413717,2.045725720789512,-0.2977537936918642,1.0404605772732096,1.8622028823335053,-1.2449800042422274,0.1675605274314648,1.2817245539359956,-2.3514771935261014,1.9150552410717536,-2.8972916014919425,1.046207022758867
TCGA-L9-A7SV,-1.8596953985672928,-2.423173408066674,-2.1403006342034754,-0.8701378124873951,-2.6063835613827293,-0.632476471320198,-2.759610606953853,0.8077659835725187,0.7738091177961892,-2.079240397222409,-2.1312777162263785,-3.0953045695092523,-1.0608097797183802,0.6245213256147052,-1.172873469893396,-1.3507930519650768,-2.4224924966417256,-2.510234847943786,-2.03673430512764,-2.0401151916191127,-1.731519520092009,-2.1142663463678297,-1.196477544539229,-3.0003917152402426,0.8858824305551295,-1.173785326115969,0.2498368069189126,0.8428234087947416,-0.3457153202116733,-0.2711505905381742,-1.928113288567086,-0.7055474638276007,-2.1149723384816106,-1.7794982294233035,-1.8392290120975407,-0.3412938988522266,-1.1589604276029035,-2.5479610460588584,-0.8690236891341281,-1.7806055686271698
TCGA-49-AAR2,-0.6840932578188733,-4.462874830307923,-1.7375541401849806,-1.6762115290622814,-1.888246825456717,-0.8123552991257059,-1.705405670855732,1.2303166960932468,0.3791675202673543,-1.62964818160915,-3.365967584793061,-1.687580408211126,-0.1781720422818181,0.3586167903019704,-0.6691651211529601,-2.913360632335479,-2.0394324166583147,-1.781170843884063,-1.0299870047190538,-1.7903941034604829,0.6516848773564052,-0.2067102841076847,-0.05643333146247,-2.014204536449299,-1.0500581392326072,-1.1409528308791983,-0.1554744993610963,0.7900732717887485,-2.321214723546753,0.8701134411815195,-0.4433985794481166,-1.604387247687177,0.5748271873698972,-3.1961020753287026,-2.0141396903534354,-0.6561031002804586,-2.7428945721553126,-1.564725567381614,-0.0456716683469941,-0.0551719605825643
TCGA-MP-A4SY,-0.7535106535169281,-0.888759224191227,1.8363746284354,0.2802765626545501,0.3069556189079742,-1.1510275718445504,-0.4463848806722476,-0.1098188300147206,-0.0462313516760549,1.3558005144048162,0.469765199585305,-0.5278673476798811,-0.8323734597662443,-0.0948405358173643,0.5841248382403442,0.6032481676587639,0.556836785059889,-0.6077614882489695,-0.6752476489712413,-0.265009064771096,-0.3044808323483142,-0.4666470193958999,-0.476070548452924,0.5398550718294988,0.1137399747029037,0.2078936630215829,0.1183118502093289,0.6518900992336427,0.4995220820952475,-0.971772247719658,1.2028769982808032,-1.160940726071473,0.4076509945198479,-0.0112656826469444,0.0506974239274053,0.4988457139125572,0.1975404351780261,-0.1482946805680885,0.4476747426811289,-0.2488879427835071
TCGA-05-4432,-0.1088507566609111,-0.5393211224393568,0.4765006055665802,-0.2687859255848448,-0.8077342610908048,0.7996922322386457,-0.337099497891018,0.1038158123600166,0.6023344230900807,-0.0351587528814904,0.5848759696553677,0.7031781302990832,-0.3438986299417467,0.6592151990692264,0.5485792340601183,-0.4825657527363582,0.6842531759255827,-0.2046012816989738,-0.3334607828664234,-0.3179347276848803,-0.7554531652651659,-0.4516446652187352,-0.1587398451606198,-0.2702471768000887,0.3427679881566925,0.6110976134018226,0.5058088255301347,0.2505145651107722,-0.2696696523587615,0.6693925701752148,-0.9738928556202356,0.9707256975989732,-0.05725936940609,0.3650173701218459,-0.3841589600441495,0.4504670055406251,-0.5524019517021682,0.7524730004536999,-0.0093239066081911,-0.6097199845755609
TCGA-05-4398,0.8446680376203386,-0.3551208011278674,0.4146810489562812,0.1758832598595686,0.4293884573173603,0.5925089430392667,0.4073638425090734,0.5700899940014227,0.7394694849249709,0.5290749889791239,-0.0843210332260088,-0.081874846383052,-0.7187497228958213,0.6709156753929965,0.846790954528294,0.35618302936501,1.6588112783585085,0.699252209959096,1.2587542605032631,1.07066932504831,0.904076732489579,0.9981192209255084,-0.3473864324552506,0.4302694965646249,0.5576393749596473,0.8154195829760535,0.7956916158828491,1.1409700825827445,-0.2313691169038995,-0.3656753217914938,-0.5131869949624448,1.149968360756392,0.8615198224215042,-0.0221504226527725,1.061619262887142,1.3814597516736375,-0.657079365469463,0.6034167619877875,-0.8069308121602262,-0.8059133847704126
TCGA-75-6211,-1.1471589748883797,0.3152959319367301,-0.1263143862581291,-1.4965298179429125,-1.5778525521983593,-1.145132917411939,-1.0906956797620009,0.4713329864108724,0.9195235938519488,-0.1206801927002836,0.1974369616210114,0.1988450682223246,0.2678931221417988,1.1188842434382955,0.4561276320631247,0.8803923107061787,-1.2833325835520426,-1.1548397250095863,-1.625335723158994,-1.8783103150121567,-2.012539446423535,-1.6440592160148448,-0.5416631106414422,-0.9491633673906849,0.868752271294149,1.2532373479619812,1.0185818788050829,0.9199618094768618,-1.2237365475645186,0.20815517603267,-1.6539095508273862,-0.1865505037057134,0.2955846128150003,0.1064522325718341,-1.5721320558255871,1.1577667796188047,-0.943790626341533,-1.1401496620151486,-0.784076760403361,0.2351989516296846
TCGA-44-6778,1.4801937898766435,0.4366665481358131,0.3532107469959364,-0.1645502451446285,1.3702116085689142,-0.9202913081551168,1.385556923610858,-0.8044125212743035,0.7687014713378693,-0.2677900795674156,-0.668699155939163,-0.6044531597949638,-0.5424062350289897,1.043636516158161,-1.3345829202252455,2.2235278040668187,0.2320692027934717,1.4039692752620232,1.3359859988341096,1.2973834659883636,0.1941744782957287,0.9287890976438964,-0.180811285804944,1.048254246509984,1.3592736990676229,0.6193381950977094,0.156163052156407,-0.1893724904187411,-0.8028476950246098,-1.0246857536733849,-0.4378689164933516,1.4658428894953506,0.3586565563448327,0.6177614617975931,1.163491692238483,0.1711972296201689,0.760447911850132,1.379060622022184,0.4815254638211826,-0.0555383293189734
TCGA-55-8510,0.9790069518417622,-0.8904275210800343,0.3391688159994925,1.3267543596007711,0.6494659017618276,0.0587894508866721,0.5740415548926969,-0.2488135050743989,-0.0181036313209801,0.556438619040857,-0.1714237252426755,-0.5157111934688715,0.4606643825068939,-0.1156664428531841,-0.0816165737574151,-0.058725225153805,-0.1241084093894911,0.2463532810622057,0.7813958439824795,0.4464705699565756,0.3068905141546643,0.3973441230597315,-0.1887625536935493,0.3621623200952938,0.4285186797707099,-0.2038963660391784,-0.3689623256994908,-0.1426835350649695,0.6973627496611337,-0.749632072673828,0.4676604883884269,-0.3186380681050751,1.5784587581813416,0.3147601020274393,-0.1663312962041461,-0.8222732482086109,0.2645303300332285,-0.3051166036478346,0.121149042770667,1.2234382946888718
TCGA-MP-A4TD,-0.4112482312248935,-0.3308089016692105,0.9007032871889757,0.7250239967883518,-0.2706333339447445,1.0759087170148471,-0.3527621092342387,-0.0102912794472061,-0.3884085712065659,1.2032901730087078,0.9661403331138452,0.8794076762121649,0.4296761110100731,-0.4719263904554165,-0.1146720955662199,0.9044272565334792,0.4943381647922676,-0.1864145515914244,-0.8635257572140547,-0.596467844543875,-1.3539673938464396,-0.9800174629725136,0.0560086113690741,0.0991083589066927,-0.5225930890946298,-0.0993936018690394,-0.2527116579059903,0.5342118060764143,0.7234087815229621,0.3310322790237723,0.5166853082569329,-1.110198743133762,1.6765632406000115,-0.0675791378736724,0.4842937792136426,0.3308306118396407,-0.3563785523672666,0.7634027278122271,1.4073695830514512,1.2293583570692306
TCGA-55-8205,1.7016359920184927,-0.1175308421296384,0.0880976323125475,0.4628725868039092,1.25345181348456,-0.890057931984771,1.3735588812589483,0.7187514074207674,1.6105087109261842,-0.0139316228989319,-0.8243471978259815,-1.2560305467332242,-0.7453957299981685,1.5845918126985137,-0.2028513088031781,-0.2907705740088321,-0.2817284150261512,0.8164801248362891,1.5566580053896186,1.4501040531233125,1.5811828826710548,1.74558955753679,-3.1644369313721747,0.608340243625203,1.998488446151357,0.8715814177519997,1.0531734959226922,1.2754242751433826,-1.179553036021571,-0.4225438402778724,-0.5588685697082533,1.895605634110756,0.0899885293406102,0.1380518988300403,0.8769243102172728,0.1089491432171217,0.1967168841919369,-0.0948078134410846,-1.0232654119721911,-0.7750953164169228
TCGA-55-7573,0.2778282095737935,0.6301038680933104,-0.093580631086187,-0.0562167830003889,-0.1667613104491016,-0.3686983385270467,-0.1802088880645547,-1.4649314994353582,-1.1409832968723814,-0.0084399957993174,0.4111398382401882,-0.4225733620626088,-0.7855173349465097,-1.0247960039480826,-0.5969908379692739,0.7791767207143545,-0.8337450292159142,0.0247918027297518,0.2277082700958625,-0.0925229981332952,0.3024960515795222,0.1211589795723641,0.6980149643742724,0.112908835561606,-0.3435733768821345,-1.3983074767082122,-1.4640630206848129,-1.5894945434054577,0.6715979010512564,-1.662851199616928,-0.3375078822617037,-0.4553495740527959,-1.3573244439834116,0.2824663358820347,-0.377784116041306,-1.0408390253312794,0.7820156838247758,-1.3891825156669535,0.3026966789083432,-0.5572321667703615
TCGA-MP-A4T4,1.4440064696558963,-0.3657838176467398,0.597350055701553,1.1303769083802473,1.15240836430427,-0.1411006504527026,0.6946966370507348,-0.056921702653882,0.4651479386035021,1.1145376150617488,-0.6337503308975023,-0.635634021930417,-1.2954006779482126,0.5391950949129793,0.3410706824554589,-0.0679140908990134,0.4305301863679641,0.8617062439972185,0.6882201619261286,0.7609451189267458,1.5643237731561872,1.6671438939205137,-0.4614613980884278,0.7380965892021757,0.8397404177869121,0.0734573985287775,0.1203535369054009,0.3728277663887427,-0.1743774294848062,-0.9521844350607256,0.4106774587596383,0.7707613074654881,0.1125234841555314,0.1411218456233239,0.4845292690028587,0.6718618110439216,0.1752438477535709,0.0859699889318074,0.2224741267578452,-1.157564364624811
TCGA-97-7941,-0.4481209884430253,-0.4701075401702753,-0.1598843680819777,0.5401690527867025,-0.2666671763542576,-1.016989939889346,-0.1108678234759792,-0.500933464088407,-1.359812817806513,-0.1298987250377854,1.2488045816566926,1.3274415079912627,1.107572087712323,-1.3683096578536678,0.0591274487996495,0.0632961234414598,0.027481700727439,0.0024047612054666,-0.3185847942478063,-0.5130575210877301,0.3126123340437926,-0.3394464689440933,2.291777099357684,0.3963360852018437,-0.9987372673437482,-1.6351861343980092,-1.0000276643241512,-0.3059041700376816,1.2111200712101655,-0.2037155751845473,1.3456826356110745,-2.567651740855094,0.8556638789695463,-0.2708670350578225,-0.6910397445731518,-1.5385883671470428,0.5127659596060155,-1.4147770004533229,0.7381158351004468,1.3825465301492634
TCGA-55-7994,0.9406299435102544,-0.0889245339847015,-0.6416632105394287,-0.0075221064619221,-0.5946778756958029,-0.4786048612309061,0.4855760361831306,0.1064496954060103,1.079549676416347,-1.2725591855672251,-0.5843277010013875,-1.016108572027678,-0.5157083147286909,1.1800565999504324,0.2483637253942281,-1.3533932328611344,-0.4802848085637619,0.2670179526777964,0.6056780270357761,0.452982576513489,0.6151270996939665,0.5699487554277479,-1.963115773221904,-0.3935930299954731,1.5902153424285468,0.5708936323364314,0.0060767528222794,0.4407962027389555,-0.0987357811671122,-1.5227112541632684,-0.9149226337601474,0.8980034996530721,-1.0938737121202036,-0.5156175410538716,-0.3939073291099111,-0.9483199224430996,-0.5463090846977157,-1.020521302426544,-0.091399030929303,-1.2262840575781575
TCGA-05-4420,-1.540542596651598,-0.7411682849418406,-0.4546190722489389,-0.997486279834348,-1.993846892610124,-0.5912807632617457,-1.430830452799072,1.354570036141857,1.1793098715561194,-0.3718619942556991,-1.2610538404382543,-0.1015992689965202,-0.2195047675359897,1.2013233326124395,1.1957463853071526,-2.4026982886046584,-1.176491906795259,-1.008921736137082,-1.1041137910085916,-1.0274916328541428,-1.9287172627817768,-1.9384908766262663,-1.2047188585191324,-1.484383692860354,-0.2778304710384856,0.9453275751379048,1.162193783139268,0.6247332861673782,-1.16958927811839,1.249762421613516,-1.876104206395682,-0.2115007931735529,-1.0711320154529294,-1.5715320601822915,-1.438637047196976,1.3065478411281335,-1.425968373038616,0.9692189124645332,-1.4357938726120385,-0.9778167676190648
TCGA-50-6591,-3.0688755089168045,-0.1231693186270782,-0.3829195484280783,-0.918345673775718,-2.965762354096516,-1.1360178120980169,-3.6803550662795703,0.9329718482269888,2.2028883862810504,0.4649089288843414,-3.242346670000451,-4.184839390910045,-2.819418338867555,2.32406202217465,0.1156852718431775,1.6632483849555992,-0.7611863199401262,-2.215353155730898,-3.223704533853362,-2.7438111109816017,-2.951567823129615,-3.2912563377428605,-0.6304881058582578,-1.8754751264895224,2.6372712225888204,0.0930818283386244,1.74171057972116,1.3122880377291597,-0.1374577669792159,-0.910597050252414,-3.996764805298794,-0.2996573108746209,-2.6497182131019694,0.096581231172501,-2.281921971747605,0.3771772259019836,0.4300013218058376,-1.6806293403659445,2.238390553863671,-4.1591532001162586
TCGA-38-4630,-1.4607239702056636,-2.999575325398921,-1.2996967215948658,-1.570874860276002,-2.4110784552269995,-0.2773828215986083,-2.5480929218233728,1.53611504682331,2.0424372048912938,-0.1800299839078782,-3.24579214518713,-3.065525821714006,-1.374499294262626,1.931966566711569,-0.3147396249613315,0.938201919003819,-1.4571470512661642,-1.9431411802096572,-1.8550904768018008,-1.7476792930854483,-0.2559288345121051,-1.0565874212350652,1.4211389378415733,-2.0551985731134863,1.7761778689927576,1.0220605412619153,1.5653057181775734,1.9562338778805488,-1.4692773257345113,-0.0356353780069401,-3.210668714697733,0.0393931896382354,-1.7645214757105694,-1.7322041013159142,-2.195826763804692,1.6905596317355718,-1.3293367110372496,-1.2134181745059165,0.3073380504878163,-2.51093314730692
TCGA-49-6743,-0.2557862066248136,1.0350035439368463,-0.7920658715689184,-0.0010137498043127,-0.1152302817175401,0.8288992733798946,0.0451633786134703,0.0303420900212625,1.148423512891867,0.7696950479173514,0.181368342837053,0.1487888490148644,-0.7031780827365922,1.3427673550666734,0.8930305731764079,-0.8055027597073996,0.6568579159675397,-0.1975789341019596,0.1619742303976508,0.0896142914068709,-0.8482796469133607,-0.3984419874045697,0.2073323598273859,0.2126157249528271,1.497394630793337,1.2767342479121857,0.4283380900152818,0.0194211056881518,-0.0246368904560095,-0.9626266279507572,-0.5717679928651637,1.6861380279644438,1.199297694292087,0.6159069940672433,0.1183175728847079,0.3340729630142501,0.3548649199223274,-0.6914438697498908,-0.4824810652565899,0.7259343069270637
TCGA-55-8206,0.1453393931294669,1.008769097508,0.4370015481979465,-0.0349465129613586,0.1008509351011291,-1.4467544464929118,0.3478978764175782,-0.8856072679429015,-0.895037331051656,-0.4392501253972899,-0.453702628609667,-1.11062426720095,-0.2050204683014183,-0.9884717840493,-1.503892602734545,0.6305121734479793,-1.0253519811447134,0.4920935230263512,0.5085418998816708,0.2255993772254471,-1.129186701015928,-0.7817199557767092,-0.1755490077890431,0.0982550884980778,-0.087660494335857,-1.584158881104464,-1.3074247701646202,-1.1036478255338886,1.0425666647577716,-0.8696528302305062,0.7443387349189843,-0.9363745984848492,-0.7861118802055199,0.3004765777346205,0.1759531224240937,-1.3708196035635574,0.4770643595393123,-0.3997322672202559,-0.2713197721522969,0.7620549205630176
TCGA-MP-A5C7,-2.037855495454918,-1.4464508322932,-1.31500962141742,-1.766544441164563,-2.537234227407634,-0.7986074236800131,-2.3881761146080414,-0.3840026922750114,-0.5947913659287795,-2.11335829635862,-0.7107038379568813,-0.7524878273831681,1.1345773918614888,-0.7050750681464576,-0.9243877069866212,-0.3933677232700909,-2.092394641215771,-2.007445829302941,-2.10550845879666,-1.9045937238969104,-1.9995972942417333,-2.253108520112338,0.3546213878829651,-2.123385065324125,-0.93704008979375,-0.9299085476695635,-0.6717342283164928,-0.3149372373786357,-0.9492569994864304,-0.5046984286906477,-0.8905381520839727,-1.6306632538054764,-0.122477735221281,-0.406571788900757,-1.5782465065213058,-0.0821614394572913,-1.0424906150422326,-0.8368240697543701,0.5922636377068266,0.0595024218504117
TCGA-49-AARE,-0.7764044577956728,-1.2545709194492016,-1.9159072898065856,-0.5625377392884517,-0.6894321107168669,1.3843967226234513,-1.2327511511058853,1.3060107669093426,0.7306704520157201,-0.09486285379662,-1.1697839634065956,-0.7123746550829275,-1.169455509583395,0.6427133925905959,0.6329686928002495,-2.075871165852752,-0.7487966814727631,-1.059847235268501,-0.8177188581819156,-1.3196849164068845,-0.3227516653102207,-0.550659402365232,0.9708569335828814,-1.3428915616305837,0.1764017567993703,1.2819075995509626,0.9163922624842534,1.1648157847826677,-1.2193683497288612,0.2861569695342099,-0.1451069572971496,-0.9451847398073946,0.9961171208058254,-1.700665226205349,-1.1209558433536646,1.280136666980471,-1.9487594324454,-1.0910444013550182,-1.358231150283448,-0.2615364891118818
TCGA-75-6203,0.7081191929497764,1.6483657667832627,1.0244997292685445,0.5108839579327951,0.2739663329488804,0.1197252383085733,0.9107728022024398,-0.8235691543622972,-1.1188336205803269,-0.085305091867479,0.7367901650815242,0.6938051258068347,1.5163778959171894,-1.0695345278236936,-0.4949081687461178,0.3438254284898729,0.402524639106082,0.9063523850024914,0.7453968957169342,0.808177027769914,0.257698198001511,0.4194880355486441,0.667217708407254,1.1643660511956373,-0.4854864902034463,-0.5560045382072617,-1.1978498916783211,-1.4346595336501085,0.5992119643520426,0.1323674130691548,0.7692133861143785,-0.2809933285749757,-0.0864871318309797,0.6979260885817083,0.0120026217770851,-0.8606034089202987,1.0665235494274277,0.0895760077022807,0.4738503675609393,1.1952213922980512
TCGA-86-7955,-2.2433890342485787,0.0955213023136753,-3.659990094079523,-2.5404434695085234,-2.8279128204643538,1.2906898472675363,-2.9495522301135217,0.885445624524255,1.1348862052045152,-2.5446018464441678,-1.2725455086882156,-1.4368078842412224,-0.5371883874070319,0.9743163283991708,1.2300918288853555,-0.8959397567605556,-0.9229921056175432,-2.727734158440476,-2.315921427826449,-2.1564923484135883,-1.4246382495946015,-1.867407975162976,-2.2106448302909407,-3.228858344882596,0.6043444403928925,1.2962741917003144,1.1164885486971958,1.7786431709354735,-3.4546946727633148,1.3419294876830212,-2.832256121051308,-0.6746251187187934,-0.6829267769076743,-1.9074213707179428,-1.775999382061835,0.93436925669954,-1.8855231166116104,-3.745159734719552,-1.015365289760278,-1.6646973844273876
TCGA-49-6744,1.040171203102198,1.2894547191861132,1.0863711159561296,1.1627775665488465,0.7893965062512606,-0.3018280189462574,1.1976206215233625,-0.5421764221963232,-0.3765722139298598,1.2504754550697126,0.52217282285678,0.6339954617238515,0.1003240229570908,-0.3972878110941333,0.066711131917186,0.2826204985723375,0.7356406132593036,1.1155826697860824,1.1500906660227268,1.0028018161986678,1.138770649962197,1.2311726507086045,0.489282211127616,1.039593282818839,0.1159165242874992,-0.3222107587716256,-0.2402576910802893,0.0455950537368277,0.6454297367820103,-0.0954337583308794,0.2780334193306135,0.4402625612434402,0.7198160981727902,0.3755909003890819,0.5529241499075259,0.0387205614726809,1.230367205573382,0.6175761066903738,0.2354021099446265,0.7223830742206645
TCGA-95-A4VN,1.1052604985182626,-0.6471278641930821,0.5510621601414387,0.5638569689500303,1.2959778444557857,-0.5927536432961251,0.6943415251707588,0.5661266235620769,1.0231308362624214,-0.2359351135097294,-0.3175263224509869,0.0184144792207694,-1.0671270421178085,1.0840457950429434,0.0569059529608324,-0.3015624903949705,0.5910803646243606,0.6994599274691821,1.140238521541356,1.07762306985653,1.3998384542538709,1.367749589308185,-0.576757383430405,0.5264217418818462,1.5597072451174827,0.3672101418762957,0.8753966614110389,1.114586397324202,0.3580038626869186,-0.7952988007250804,0.458888589572578,1.7261703400306991,0.9681186018623252,-0.3797155784239686,1.413165963153311,0.7988767984299292,-0.7673313013419545,1.2531672987969746,0.1402850134868497,-0.2524317099263374
TCGA-55-7576,-0.2418143213933782,-0.2473374499544084,-0.0429369932799919,0.457447306534632,-0.0369016872957411,-0.0469665907944587,0.1552508340252557,0.0698257275401834,0.4492103731190732,0.0021440471197293,0.2680308673187804,0.0532108976408864,-1.0476720024653254,0.5878946248588506,0.0599629518990713,-0.1720127484642881,-0.7265848862406856,-0.2760808812502148,-0.2489563914343076,-0.2683593915315623,0.412427056682576,0.1764374549629444,-0.3158578050722111,-0.1967434946908292,0.939010743337671,0.0378283055946659,0.2635068959166824,0.5443439635273617,0.765234084922437,-0.9196593812846152,-1.189358650816539,0.5111905118736703,-0.0722338213424979,-0.0831432580408116,-0.636929185886698,0.0559917548883211,0.4145641430675212,-1.3352295933550489,-0.1043889817909524,-0.6787001249711961
TCGA-53-7626,1.38197334891343,1.0715921450159334,0.2131334149428509,0.6808977772338589,1.4107193220355303,-0.8745207004367271,1.2494495270417671,-1.2856442566202244,-0.4182720471587939,0.0995087345020072,1.0548833799786144,0.4608360714862076,-0.5527424360146241,-0.1982631952956859,-1.2349797299192329,1.8046702482592896,0.566470906964121,1.3165183215383212,1.5414598009779747,1.5332994692898425,0.4609541653530089,0.865359160846035,0.8402662853854364,1.174366674807766,0.6852013749129845,-1.0297589909366662,-0.854408851779515,-0.4895906465488936,0.9793755508880012,-1.2445567139595966,0.5601888778302972,0.5523246157322934,-0.9937803633406708,1.3399828680240564,1.6524946622458307,-0.8038300392075779,1.122520668702461,-0.0917578022964232,0.350062305870421,-0.1617946543157416
TCGA-97-7546,0.5393080538840992,1.921037372651856,0.2154465970324743,0.2982358954398605,0.5388899269830694,-0.1663514246452444,0.3897758085149522,-1.3578324784230629,-0.4792715440794875,0.6053787849771123,1.378879648053529,0.4158644927510849,-0.6640572231176671,-0.268424751438073,-1.15997066654015,1.119364047881606,-0.2389663646096343,1.1483417371683284,0.6693309992952421,0.7949671415217712,-0.6515603522583661,-0.0729121437986818,-0.5255841370521008,0.6125715160676768,0.2832841385034192,-0.6983663966335166,-0.690899662975588,-0.8570804889962547,0.5625678202651837,-1.463278260966291,0.2271701931083767,0.1835342592331347,-1.658573821082786,1.4566399821783904,0.8527129122756456,-0.9358354243918507,1.706105305328625,-0.627128532476825,0.0636357967335411,-0.5810560699870402
TCGA-44-7672,1.44351393382039,0.5052754122878017,1.2479098716500214,1.0507150929395486,0.9072460218816336,1.083056793838025,1.2497561374123285,0.311027913427895,0.3657166995642315,1.3237846972936107,0.6048066453973893,0.5029406748428661,-0.3267723283166107,0.4748514428547225,0.5921529725251515,0.221572144392325,0.6831254324992188,1.1305859093844528,1.0720037160458422,1.090616893325614,0.9334176435667416,1.2138942414466216,-0.3431851361302943,1.2234014082009492,0.530652317259609,0.4589344246747567,0.2641801083200141,-0.0518442072254181,0.5014171471663853,-0.0218065760318128,-0.1078870245548052,0.7626802412379292,0.455126299137674,0.0679087630467506,0.4791632884089558,0.521030000220137,0.0737496839532129,-0.3373328139696759,-0.0537477088962486,-0.0602578326248638
TCGA-62-A46O,-2.6293031563907863,-0.1461037526621973,-2.306059321798075,-2.788437649378578,-2.3090048061692245,-0.3625827642935619,-2.339939249178085,0.6110114237417912,1.6269059982490484,-1.8197402338723012,-0.1147522179884084,0.3343087974667061,-0.8356466906694937,1.727966131887875,0.2477655316331558,-2.7818167159994163,-1.2268252483032474,-2.385395889111517,-2.5769172110114966,-2.1614291301876425,-0.8968694937122975,-1.8425737730780312,-0.9393821858436928,-2.7958077097541776,1.19980823352202,1.020387182397666,1.4118759887037255,0.5797483686081526,-3.072969771136406,0.0124830120543846,-2.7153087416260244,1.2440414340171826,0.3641066320461136,-0.2650921759291638,-1.6791567215870609,0.8077556614386667,-1.1589888776114474,-2.4748949975133727,-1.256053645899822,-0.9299134431218348
TCGA-55-6984,-0.6375590351112257,0.5347488527644773,-0.6276361137159101,-0.2152318975930472,0.2900398928019805,1.3912697849303566,0.0188613984995498,-0.2399035029789428,-0.1165085846553324,-0.4961701492411892,1.5780233443843237,1.8809553361426976,0.0918383019553626,0.0946629781956302,1.1517661707472795,0.1419416546888124,0.570079119881761,-0.0026161288802253,-0.3732220964720721,-0.3711179777074206,-0.4486397186029285,-0.7718125934478273,-0.1589827433211339,0.5021399968348602,0.3361476216754405,0.2575456714404082,0.2020684182091382,0.6761908411943406,0.6475271164512253,-0.2331678635449569,0.7168465889387278,-0.6648879501020828,0.7896142135023925,0.3588761268894462,0.9847709609975448,0.7930754024147213,0.0789794595110476,0.7138244783995574,0.386663741194006,0.2060907589680434
TCGA-97-8174,-0.2748042654690417,-0.0929820476243153,0.5992114639091094,0.6133859359570856,-0.8233092487490271,-2.6581156450801893,-0.2078817221945331,-1.3228513386158485,-1.2005253140676062,0.1049845048688282,-0.3403891360812359,-1.5756951213554748,0.4126472029211599,-1.149751426566828,-1.420877168738531,1.5438112906538195,-0.54251547139435,-0.3327027063536074,-0.2311330749848371,-0.4373893671201306,-0.9028104573443532,-0.6924175947861874,0.693832555581246,-0.0370032541299653,-0.1981616908615972,-2.3595962291787904,-1.4414326393036172,-1.4392874092543275,0.7293929325982997,-0.6119015090942821,-0.3346062224090569,-0.3244728705998411,-0.8838073883242977,0.1768049308565873,-1.0906083038479584,-1.4173181823484786,0.8258625912742101,-1.14645742138336,1.608150620795581,0.125701138542104
TCGA-35-4123,2.0053536770871823,-1.1377695272816293,0.3434680108322647,0.1688327357730768,1.8959565414873127,0.020312536126076,0.9526596942341508,1.860770717516628,0.8136752113918275,0.9136610622836084,-1.75122424702308,-0.4228149778998942,-0.3795379235996021,0.6347235206646884,1.3612643968179154,-0.925190209436393,1.200979846460699,1.3550048945908606,1.3941025249070498,1.3476636042590169,1.8034362153046213,1.7963161644570087,-1.536621924445001,0.4939882338422577,-0.8652150624393801,1.0534271442150471,1.3536204034305357,0.5284781271799046,-0.7577326937742949,1.4508243059002142,0.3282560317455453,1.5601328043211975,0.7632475299415734,0.39879503598047,1.4462432258140945,0.4532102890285122,-0.5054588399918071,1.2425945184369798,-1.4856246614821211,-0.7291552493856048
TCGA-93-A4JO,1.05379885428615,-0.7637728625901365,0.2588397980163169,0.621152150137212,0.3360011955875803,0.450102107294528,0.2693247852526755,0.2883845968904209,-0.266113750083668,-0.0728097319570322,-0.5769535107089591,-1.2396388109012586,-1.6053980506424674,-0.3806114636172601,-0.4183915041777562,-0.399049556648498,-0.5893288353156849,0.0352155186197819,0.7256102936436201,0.4719283250218588,0.5049677950051444,0.6345028750108416,0.9042372047627188,0.1933881457261056,-0.4464271751228091,-0.7226780465339266,-0.3273838956342186,0.3294712172774817,0.2896623677833767,-0.8165504474187241,0.2861471229432056,-0.3285396162491915,-0.463866342675214,-0.3742249913383726,0.1553337428397466,-0.1746071636538794,-0.0766607332285027,0.0341920103592533,-0.0807930045650105,-0.5910114709533592
TCGA-97-7937,-0.8673769450336686,0.0643302678722447,-0.3739921733401513,-0.5359298176604327,-0.7889033566587826,-0.0146478873533182,-1.5694268502065345,0.0355375377510361,0.4128547276732059,-0.2917722360347242,-0.642134078896245,-1.227536964059033,-1.0678007214588052,0.2132379957894279,0.1112902575959439,-0.3049298000800519,-1.2645948929724602,-1.8599858117877628,-0.9624873311917888,-0.8034510659176651,-1.3048252974394023,-1.021103301295706,-0.7085130669116068,-1.4359737667289325,0.1856531469432814,-0.4003681961488054,0.187465429012838,0.1174618133567374,0.9246793857333706,-0.063893580674805,-1.468039177441031,-0.9809117968361016,-0.6603613707642582,-0.1067036748310311,-1.1969001017374858,0.0026522184941156,0.0881129416064084,-1.744659039636386,-0.8838622857896403,-1.4390490982066717
TCGA-50-6597,0.461551428353207,-2.484751965233339,-2.2568790982959066,-0.9409888679538312,-0.5010613861743916,-1.0855991731345105,-0.3838051844052451,0.6811348724173326,-0.6419324434015363,-1.0983435961727166,-0.8570556697395972,0.196463988551356,1.2700241837723725,-0.8626838276980004,0.2947530751419365,-2.0378931336092805,-0.906626269528433,0.1045994447781572,-0.2514642770706695,-0.3940450279638189,1.2151969169649135,0.5649802673626941,0.2244224435036376,-0.6415925852582988,-2.5376143337290102,-0.6395540150048894,-0.1922219914439154,0.0350446476512812,-1.5941058688420322,1.7376816581015149,0.576666895070542,-0.2187306323279536,-0.6350350726143631,-2.328208298017092,-1.3016714704509194,-0.0344431422528574,-2.042036551621095,-0.1629485774442641,-1.7768947789533622,0.8732578033676098
TCGA-99-8033,0.6194120470118506,-0.8067263309623546,-0.3794577035082849,-0.613898415296913,0.5876829489976627,0.585167180864591,0.5167712097589007,0.9669458433688182,1.0161437729747589,0.1714647873398536,-0.1428002060253598,0.818699774792032,-0.289429763466744,1.033560122010008,0.8583526185431001,-0.6313048241027976,1.1414936217789358,-0.1682538670045694,0.1834003332207435,0.1609267974092378,0.4000162211463089,0.6738739630408501,-0.1873063299490472,-0.4316303531683159,0.7355685204965179,1.4581434266063693,1.0256898836046122,1.0980857527780066,-1.3226057120775414,0.1068493509537458,-0.0114535770273048,1.0509302043422566,1.076993535969739,-0.3505304976606302,0.7501406542954812,0.9407994932081808,-0.2025013324002302,1.3313478270594972,-0.4543275779862703,0.7597199935422381
TCGA-55-7570,-1.8174458947478027,-0.8956686287332721,-0.7939126003160679,-1.4660805872732952,-1.3383878596303986,-0.4236214142208066,-2.330534887550236,1.6939524420339571,2.143169084301891,-0.53206479960522,-2.273001465719929,-1.2065772477251957,-0.5885269554834002,2.0314848244657835,0.2450535380237551,0.2607073390996496,-2.5321391419603683,-1.851530079894491,-2.294602785448444,-2.7629027268385298,-2.939755686503545,-2.7000653761951696,-1.0697958582178864,-1.553058799831211,1.714139416472224,1.7610882850033354,2.2958221113904616,2.2917177628360563,-0.626303812091216,0.8328379591662811,-1.8521557764848515,0.3154417747017088,-0.6147584775222503,-0.8848743705323702,-1.6187617807677597,1.5159168574803663,-1.878337967679052,-0.826440232644783,3.192215000413808,-0.4613974686550111
TCGA-38-4626,0.6706452802546709,1.2715059604638617,1.413023035000834,0.8791080971058921,0.7045298618384231,2.0894265652118222,1.4275510660575943,-0.987571680785572,-0.9124331798467228,0.762954661153775,0.8043335286034331,0.8230242737469701,1.0752346851737262,-0.7085236705234997,-0.5521009922440142,-0.0122916457449947,1.0899756439139574,1.3423201684469983,1.4935067764992722,1.7410308469962144,0.5190415830354099,0.8384650785496714,0.0236121085875354,1.0704854231998469,-0.2840252238089554,0.402534813483421,-0.8199678696157203,-0.7322790708885837,-0.2994396592579764,0.082467464373229,1.1675964908382424,0.5288001992209856,0.6672726711968769,0.5123789516995622,1.434897204482553,-0.0771196652519859,1.0299010520285885,1.2662765174162804,-0.1876138570507134,1.3417901417816636
TCGA-69-7764,-0.8976393098936831,0.1372415328905169,-0.6327386554442248,-0.6196648915338241,-1.1866206091555151,-0.2063420802074442,-1.1096751378500676,0.0471710454111882,-0.1660131110769207,-0.5561782326170159,-0.8545303194520717,-0.9357601583378404,-0.4095227863652796,-0.1285572571973545,-0.7234841296192835,0.505060581953587,-1.4599622342085223,-1.0323810924091208,-1.1812996971566887,-1.091109876877069,-0.6801221724279531,-0.8749891735848805,-0.0526290248393174,-1.2926613705861083,-0.2029925493848143,-1.4794500643075412,-0.2238127514528597,-0.3193926535152852,0.0777925025277696,-0.3495072099728389,-0.83661238114048,0.6301706610429816,-1.198297244601729,0.5327716571427765,-0.952219887784852,-0.6215902420064379,0.2860746690859827,-1.7206171216864894,0.4117658495653986,-0.7878650693347509
TCGA-05-5715,-0.5855199234684594,0.8009234638134256,-0.0930286912141307,0.0847644133366786,-0.456381440535638,1.1769850375056614,0.5342527769738545,0.0253389305186057,-0.1628482225432871,0.0835011726430413,0.1924682455958868,1.23196096026303,0.6259354276768888,-0.2127980373888679,0.5681055459151209,-0.635281143306078,-0.892463638822911,-0.4179374185880238,-0.3539868535479548,-0.3571686121382886,-0.1999618036510125,-0.4136563197679962,0.0047631529832589,0.3540653191712774,-0.5913501614346833,0.3056982031770063,-0.144744702013681,0.1046083625608677,0.536619876718817,0.4832624011066607,-0.0604950357290174,-0.506031337556526,-0.238699328485279,-0.6460680528094266,-1.0935827320002045,0.0703642627876327,-0.3487172856636935,-0.637352571287437,-1.034240578858692,0.5127825209239272
TCGA-50-6590,1.2611383704742691,-0.3949548728211495,1.137136352179125,0.7018868289180673,1.0066174870383588,-0.4652698982074015,0.7830945180063229,0.3480080248176324,1.560671732024816,1.1261558071148203,-0.627309104234319,0.0539598171470546,-1.326327762830097,1.7950708059495146,0.2060076349691889,0.2962723148756528,0.393787195533087,0.4161367080829091,1.167032306813872,0.7721629572973708,0.6780121888541978,0.9285949425345428,-0.5938407504819447,0.0661236525923695,1.6793737917213394,1.5540499571423425,1.458081162360158,1.6502083658574953,-0.5265820863513242,-0.0748571972841776,-0.0014944685128984,1.285388192971883,1.1302439493818888,0.4759798293711748,0.6262281995025257,1.2729817117596034,0.1640380484051746,0.4485968099640103,0.7490183408498685,-0.9533484162684696
TCGA-86-7713,-1.773740278921761,-0.4423147426179949,-0.4699405693474644,-1.5705597292046198,-2.563769530314359,-1.0340383092078431,-1.600261128674103,-0.2333252865917495,0.72711048072675,-1.636584954458396,-0.856966987490975,-1.039719041980587,-1.5425536438131555,0.8885924710821733,-0.021227224744719,0.1372040178216601,-1.0971566168332838,-1.4382364953422635,-1.3976517897214709,-1.1214641269958454,-0.6596953955964249,-1.2613101250256542,0.0341539675839265,-1.4130008310222004,1.121647503351387,-0.2322530764544118,0.347375175469212,1.19091191143005,-0.3393388418587804,-1.0639499598247106,-2.3211939277019367,-0.0470703624302479,-2.529811828989072,-0.8691053442374637,-1.3473146422247324,0.3767002369206325,-0.2833386556691034,-1.9122027624287845,0.2591567584037018,-2.419130866859214
TCGA-S2-AA1A,0.983731851578045,0.1508160520152662,0.4831846976653441,0.9531161535212292,0.622778323375872,0.198011216214802,0.4650086561415099,-0.499357806517325,-1.2940078239479562,0.9163142732960138,-0.0294986540286148,-0.6535517597326727,-0.558351439629035,-1.3197887000326218,-0.1213856776384676,1.348053250405681,0.2203874179594416,1.4548364504688276,0.6170349113915524,0.4073729157104854,-0.2057286922135839,0.3509781976986122,0.4987603384123833,1.2392883039954716,-0.8685873546347411,-0.7337424270409965,-1.362151929542384,-1.2074420888287078,0.5463544662571949,-0.852331200934258,0.7970514511456367,-1.3896802585668573,-0.3370741077812272,0.6767626159762428,0.9271900500538036,-0.2029826319081877,0.6781000422851955,0.4011574316647747,0.384562069097078,-0.3756654275475168
TCGA-75-7027,-1.2434989547760815,0.5664254061367802,0.4149256170869096,0.1452947276267406,-0.5805112702088641,-0.2340443020913185,-0.8686647903118448,-0.0975356180686444,0.9763485663248954,1.2660190643654488,0.1929526465860608,0.4620735284827688,0.0385413255369998,1.2630009682898955,0.9700937121932182,0.988871061479155,0.5010574158019659,-0.5571860023682786,-1.491204885975896,-1.145714930898315,-1.8528265693191768,-1.5217120203735812,-1.1568936144796165,-0.0802282103712589,1.697790851183859,1.698867805671853,1.0129329494499826,0.8834819623949797,0.1676102641612151,0.5930287666691597,-0.0980086220664641,0.5250409935063814,1.0941597658306632,0.3836894896312455,-0.1317625488709104,1.0928607679413498,-0.2505173529020538,-0.1205763544233943,1.1916663052033698,0.3927571254552271
TCGA-50-5049,2.2440025963389143,0.0912037563478177,0.5981162635386114,0.5603784850914506,1.2096489408102804,-0.2214611712892574,1.5482482345228126,0.6979496285904235,0.2745760062513072,1.4189673917412984,-0.906860317823212,-0.3132679183573206,-0.0892148728365589,0.1267402860946603,0.1743178000002138,-0.0787243189684613,0.760814224436113,1.33727010132582,1.5896163100545393,1.3314525370827108,0.9961669755006392,1.599705567974508,-0.6759659523809921,1.2290645085018317,-0.3826012420412381,0.6612132854118694,0.7891061985700207,0.1259247658140077,-0.7554447861081706,0.9373010972993858,-0.1112189539686819,1.213861850886135,0.4625089716229318,-0.1112981560999167,0.8029890447109731,0.5931733438094253,0.2262550888158495,0.9763910590357756,-0.5332654216123006,0.1909405451494924
TCGA-55-8505,-1.3819488103394868,0.1089575332783516,0.4825307363875555,0.2694606585775446,0.123689644342773,1.982660936923211,-0.2500283751119125,-0.5093265682115343,0.0631200399487465,1.317927425385945,1.949104694853261,2.038381312868318,0.4633157539792603,0.2754681105352403,2.0393331924178804,0.2646142268175013,1.4503529472372412,-0.9693318638622156,-0.8037970946826067,-0.791942867398953,-1.1649594330081454,-1.2925645739754956,1.1578695108203043,-0.0419711318957943,0.8577718503866343,1.4903859918227933,0.0867004120455907,0.4305569138232531,1.193946236135081,0.5776830694529296,0.9790085922596076,0.2361398717336532,1.6405116735654088,0.2346362583656434,0.0593486025532186,1.09078485385725,0.1864634855193547,0.1329585784589034,1.31252631478273,1.872286217064568
TCGA-49-AAR0,-0.0907821134495462,-1.4671669311218578,-0.4871774810493561,0.1134193848093681,-0.1195447477254929,1.0662033917888023,-0.4023898854409438,1.2060383215285608,0.3671580119231907,-0.3981664647049339,0.3060381805570875,1.7560007573097915,0.7743832978233446,0.2213500695035086,-0.0557490467187904,0.4297939878021404,-0.4757458434088117,-0.5411914726235366,-0.3430832148757621,-0.5986205946807827,-0.417253126084699,-0.4479310153200508,1.3871453675829928,-0.7117296645872151,-0.7313574018460696,0.5372025360108424,0.6050034527226068,0.8795728954282398,0.5578465224562111,0.9984145011050124,0.7319493981696822,-0.5492950541553578,2.575412071968751,-0.7822258837648981,-0.3088552679945578,0.3185417886072907,-0.7708304030438953,2.6945285224344926,0.4580459842017426,1.289687611462322
TCGA-MP-A4T9,-0.148733097052726,0.1957077514379931,1.085199143830569,1.721220007602281,0.4046021413120196,0.1319580714051809,0.4682692110607254,-0.7620953804300488,-0.3010494555705539,0.9326379321166396,0.6501443054800305,0.6704141973354298,-0.1888755678735539,-0.1689783511739554,0.7908432566017632,1.0470277430075647,1.4388118621478485,0.6714316059609114,0.224365070464489,0.4434188705189025,-0.6720407052089001,-0.3109498584484461,0.6756009158067311,1.0009161501726729,0.6715138712806757,0.0461279834679015,-0.5232600714976428,-0.3080523407060125,0.9158973939016865,-0.9897979023032653,0.6402558453051681,-0.459463448413082,-1.2510910375807478,0.9916891340063944,0.5684181690724236,-0.2506073062432146,0.9116521788975852,0.7197376456373127,0.3133935965417491,-0.2390251171558556
TCGA-95-7567,0.1168831716285595,-1.0777312309712723,-0.1681009515042839,-0.0811705560434874,-0.10014684821116,0.3566767786165233,-0.5281919778012002,0.677745673352686,0.5217541727801422,-0.2684585253125992,0.1623362702958908,-0.3646241611251052,-1.506334645107565,0.6564847717045601,0.0162036448476277,-0.5636495726188427,-1.0138826552604574,-0.3237950257802188,-0.0746193673881979,-0.1770325927569025,1.1186429356014616,0.6188011648106403,0.2260072096610519,-0.9934820380431012,0.4296300148144014,0.1802723125670269,0.5458941652756345,1.1337160222503444,0.8088963835744055,-0.2011612567798942,-0.2793183081017708,-0.1233582309453255,-0.3195279914005809,-0.998544144093515,-0.3639711657683078,1.1402994644431077,-0.5758999663186247,-0.5018817200253831,-0.3853665773038989,-1.3288232721892697
TCGA-05-4422,0.2541917884352098,0.0640879683639214,-0.8728848015363844,-1.6803377044960666,-1.067257716687497,-0.9554086717496908,-0.2763154737892174,0.3303947000019201,-0.0487512268673702,-2.291258287563459,-0.7303643873489984,-0.4609425747709744,1.5233000849643124,-0.1456775954578465,-0.6428335358519611,-0.0218696548445603,-1.416387275905388,-0.4724530988442008,-0.1172446750695365,-0.472604185648607,-0.4164207245393191,-0.1023878974161756,-0.3404358335735912,-0.5673498982093288,-0.7390728366586966,-0.0395775948516486,0.2262360219836336,0.4025534292339529,-1.0803050647103325,1.1664917432900572,-0.1423913457572996,0.402831336902356,1.1333752788912792,-1.9852518219167063,-0.8288839264734104,0.3685485944159875,-1.4940112639084848,-0.2271071372754944,0.2890365787522259,1.0728263589650886
TCGA-86-8673,-0.3876430218411141,-2.0097905653005355,0.3141250322971698,-0.185332869439177,-1.15554001402461,0.1803402929846494,-0.8778927925227717,0.9143978061935164,0.599312757052394,0.3165926516739211,-0.6012433058726289,0.1031257192443304,-1.2291618816327563,0.358868714104961,0.7189340486260792,-0.3558927557743389,0.2463867567126447,-1.0261545442081244,-0.2883887011360503,-0.8320293091095472,-0.5039225931945599,-0.6098608445997373,-1.135094470400811,-0.8721735204886683,-0.2806884275733051,-0.1085787104775384,0.5670563787522713,0.951022227232506,-0.9569313273502472,0.5213667349060647,-0.8655713442719816,-1.548229148507399,-0.2468895545595987,-0.7102836924703533,-0.664924478293807,0.8870111180889261,-1.0453296382789805,2.3737537948160923,0.6822277846516273,-0.9445719626423972
TCGA-55-6543,-0.1697709247222001,2.185264755303505,0.5104728932448606,-0.0137702212863701,0.1474760115283402,-0.1623402086751666,0.1543029880996035,-0.0331965726467666,-0.8535936674932033,0.1569788975333527,1.0423927481190027,-0.0127353864161057,0.2587358671629199,-0.8478689995075195,0.978556745935612,0.5453347804481268,0.5583886311602233,0.2604317973521687,0.7658606351683086,0.5279507928344054,-0.2652141119584568,0.023068013000644,0.3781060553689548,0.3847875574409885,-0.5311442461946597,0.0436220612325005,-0.5210053476951176,-0.2234526152261083,0.6765153096197117,-0.0561288805813218,1.144426119614556,-0.3648281037299117,0.2015774532433296,0.8150392760377537,0.5086697582432007,0.8465560625187464,0.8543284234477454,0.1614688347433641,-0.8109997853556031,0.1737345719833422
TCGA-NJ-A7XG,-1.6166544335253932,-0.2478044140050888,-1.853862973393651,-0.9065753463729,-0.7693633716653976,-0.0835669024553588,-2.013239160767512,0.2723710497606011,-0.984527666650822,-2.046090160234737,0.2265760743145642,-0.4536498109355328,-0.2209010729393274,-1.0482462258896563,0.2861594588466979,0.0971891232208961,-0.823517392180044,-1.2312826991572552,-1.2666380437681186,-1.4267453177818104,-0.8418101818198246,-1.1295785973149317,0.725391745248548,-1.3739237927570824,-1.0856384036555993,-1.1395089366651383,-0.5727911792147701,0.2066964214529133,0.0788645374519677,0.3288746834398197,0.3326694813485473,-1.7046948174738734,-0.9950771060258896,-0.661958401021916,-0.6438562695354736,-0.3536627753600142,-0.2382718642864078,-0.826730925584214,0.6498817335123109,-0.8020214776446769
TCGA-86-8280,0.5644443374140095,0.7120896523886169,0.4128268080064805,1.0996496827738476,0.5781307193570301,-0.2377441000474483,0.4110662612265385,-0.3162847540859394,-0.3849266969953246,0.7134736395398953,-0.0315490234637427,-0.1244048146336164,0.6826073507995576,-0.4914166794418813,0.4344735847917199,0.8100829812265611,0.2410040712712259,0.5189003719703008,0.3773859345371168,0.0995684256710455,0.2073837218297489,0.3736118127778529,-0.0478980800373149,0.5518157522106222,-0.2434237382452348,-0.3555116671720515,-0.3674596176585901,-0.5822075813285691,0.3888626335497193,-0.2447937090778032,0.0191709671821578,0.1734591389130714,0.3525559934891246,0.0317410609130615,-0.2396566859725466,-0.6225717163984735,0.4025159967227842,0.4554127202835387,0.3863512418871367,0.3482242407807786
TCGA-99-8028,2.199152349278516,-0.4073265962762448,1.6165228672400769,0.8936244588598978,2.2035122623725902,-0.389997946174116,1.8589228486950171,0.0228960410777109,-0.536718815116275,1.5009622498406567,0.0118003596919334,-0.0184159849211252,-0.1634403812188395,-0.5660589363516089,-0.0076446715857743,0.018845262757098,1.7421334154476862,2.079232598672211,1.7703870653399345,1.763339739638276,1.1261905594079389,1.775054750351189,-0.223018554427133,2.1285275776631147,-0.7658730280014893,-0.0359685564735398,-0.1450692333575498,-0.6986231790249655,-0.0819199800170769,0.5501756632982071,1.4420297015766166,0.245762215235195,0.6108706545527929,0.2870692099621256,2.0471253124432565,0.496652333987656,0.1131787278578432,1.130650936478658,0.6036947718861114,0.1839045679339859
TCGA-55-7725,0.7468713474362874,0.6979877977115382,-1.1566190528226432,-1.7866937410330197,0.0223250025329247,-2.144884464966396,0.5088320000553547,-0.7609110375377213,-0.3520304754357279,-1.718654447744119,-1.282068905216471,-1.4995229312414424,0.576241452928118,-0.4819210053345057,-1.1000076485257642,-0.3617293076830537,-0.9081540424485016,0.5980198454017283,0.2102319039797952,0.6128334020474531,0.659215080929882,0.6951505473042678,-0.1001368163367895,0.3354186298860611,-0.8835212443951005,-0.6663409687164122,0.1785199084737042,-0.3700044443207529,-0.841380039114405,0.0060913299371588,-0.9611796140207068,-0.4953994166921935,-1.9764884620713097,-0.298234258799517,0.221917494411408,-0.2318411334837814,0.2617873037121248,-1.7577016379770156,-1.8029418124529208,-1.0647375076718564
TCGA-64-5778,1.1268949622701825,-1.876828520070584,-2.377439960213874,-1.1320057323644217,0.101325205083972,-0.4872832443991722,0.2714083377159444,2.0887015890063343,0.5146514474384977,-1.268360743560859,-1.6350604504808794,-0.0001800888779723,0.4985954286018088,-0.0828001647177708,0.3754913055102602,-3.010405634478187,-0.9305510480275324,0.1061755254659251,0.213895885553629,-0.0219130856790702,1.8595776836323124,1.3710701953207522,-0.4632594908342287,0.1219771170939309,-1.295803456292129,-0.2920337489678344,1.1882269666725862,0.5227198684838239,-1.299862913596276,1.947281190883129,-0.0949266606558688,-1.1041779751122691,0.374294521987862,-1.972705040313166,-0.282660411458477,0.3711756807332264,-1.71868000542604,0.2893234746227119,-1.8468512605441656,0.01432392023893
TCGA-86-8671,2.159924525528421,0.0585245538011933,0.7362549003598328,1.2509150978366386,1.0448659362371773,-0.1787999687182047,1.550625873914248,-0.792683431205168,-0.6975826088254685,0.8748159405303215,-0.4073886742751176,-0.3927208680846174,-0.4490658632044468,-0.5742725849638464,-1.2133260060092783,1.2073104928747542,-0.4064974255423399,1.8236843124844864,1.822069398843796,1.3321927901738353,1.7642965816346428,1.9392309993809436,0.3973235147700876,1.1462467086480064,-0.1689946347122429,-0.7481691919687616,-1.0317522761938216,-0.7156328321958343,0.5347040490975942,-1.0556452289493223,0.6620173551819439,1.001726244070892,0.4197118346478155,-0.2268625528118718,0.2678832224465218,-1.1096918947876575,0.2280176530101577,-0.4024618592381601,1.141636960793747,0.1791615432386877
TCGA-05-4403,0.2421695904083193,1.2684985695232165,0.1557576291200802,0.2987232701703857,0.7616860618776091,1.381509009969117,1.2369460636827854,0.0590917167647846,-0.9914039809500128,-0.0834951475834442,1.7372534312723138,3.086640637653693,0.8317605074583475,-0.829683818488691,0.8773227077915123,-0.0047193209705349,0.7067868981735481,0.7335958988479259,0.3974254893767197,0.5005430764009113,0.8788559114028337,0.3638896219954476,1.3759361725999055,1.2378656757696365,-1.350219722932281,-0.2347872113110297,-0.4996309967423492,-0.9481019786099382,1.148751318247514,0.8082224201075822,1.3514512950108055,-0.8603144276425441,0.344889087623312,0.353809566498754,0.1276325837055528,-0.7559229600197663,0.2715213192862499,0.5427593942654195,-0.5186041240326494,1.4896821235319484
TCGA-69-7763,-0.7055395581358386,0.3177338140767742,1.0713066745796176,0.7763378110297453,-0.1462986228578929,-0.3265430079362075,-0.2941021642778202,-0.8067987224438828,-0.8875825777228384,0.8448117798631698,1.4541965422643717,0.6016825530325736,-0.3577438967919723,-0.806368567551888,-0.4837752765656299,0.726603610043344,0.6252974159286236,0.026393364625416,-0.4762389870098726,-0.1657825898397712,0.2024314860753316,-0.0417640611389827,1.1748153213172738,0.1873627598746458,-0.199682401945003,-1.3245672799895618,-0.5751907948063304,-0.6360356039092735,1.2634468342883471,-0.1224653354645739,0.4248641990861177,-1.111183806240689,-0.8904872248546162,1.4097247735106195,0.4308572651598344,-0.0115757112748857,1.2577708941365853,-0.238032973764486,1.0970806748651565,-0.3654858880511158
TCGA-49-4506,0.4961383117655456,-1.3308724790346884,-0.0763188038920769,-1.7612712180666117,-0.2629933740439377,-1.1330638541342122,-0.015046299317694,2.2402821016635985,0.7908864397029751,-0.5105084322951291,-0.6218511412873076,0.601642384561263,0.7170214421267844,0.4959754487720303,1.4219485099524425,-1.5190207922911416,0.2654277459051724,-0.6246752601489668,-0.1517242787256462,-0.0347865518253024,0.1224811169206949,0.2476284175123908,-2.357991145606982,-0.5353691043707594,-1.182432765237912,1.335606087206379,1.7290820466013517,1.8160486893794492,-2.125907375437781,2.738636185815419,0.8532969930617518,-0.218016178711296,3.12724369253143,-1.473244097946711,0.3320846198827439,1.9996483476670743,-2.0194346177082303,1.4131132877135504,-1.1212354798612454,1.502413114782676
TCGA-97-A4M1,-0.5462461640408108,-0.8982448195036006,-0.4430909406291557,0.3731582429165431,-0.7828932830598745,0.6134354191220225,-0.7907094585078686,-0.1349204094973779,-1.271835134810893,-1.00583991956853,-0.6269836450525151,-0.7193008495213347,1.3308893682562577,-1.40823314889795,-1.3281084727110386,-0.3346704116745775,-2.0160435779926984,-1.1720578886627842,-0.5705215678827324,-0.7788382878958009,-0.2827957078244129,-0.7115906859304687,0.5788241250849082,-0.8826044160510386,-1.0487856491354723,-1.8177361433346968,-1.0717099142740871,-0.8502722525091764,0.7632951821392776,0.0827912851741631,0.0024196378209068,-2.5786221235385907,-0.7867784573797548,-0.2056004637978851,-1.1602474134783265,-1.6746893727713934,-0.1157764563247391,-0.7162595343777752,-0.1778395967070989,0.6010137777822278
TCGA-86-8359,0.3183823045750357,-0.7460798500552852,0.1000723761633379,-0.2879246899011634,-0.2488159968092326,-0.1678483160512063,0.2860950936324297,-0.4545904574862063,-0.516590508649468,0.3244937539781524,0.7248706095951837,0.6096465968361453,-0.875716556216692,-0.4379598051699221,0.625803156195534,0.9148529819801412,0.7033578910289602,0.5739414358233682,0.3803380669191227,0.3759997677389521,0.0479689363011256,0.1894421671409143,0.2843655880419863,0.1741999737979077,-0.5727868762429694,-0.1596917811037101,-0.3470994444097772,0.3296152903760865,-0.0620487234435241,-0.1229255667128885,0.4668641851718382,1.0635965285857114,-0.4061020609408362,0.273694266389104,0.922282190279358,0.677291963912574,-0.3432268767208571,1.120164283674884,-0.5687980823613963,-0.020940704883681
TCGA-05-4405,-0.1428075591024294,0.7266215056939359,0.2376552206572231,1.0929255982854578,-0.027059728440975,-0.0430868265342434,-0.2373591353311167,-1.335167088104406,-0.5700296751177867,0.8267724572781533,0.6929528848393393,-0.015967079666866,-1.1556107506613025,-0.4990042407488629,-0.0007910468019813,1.2103082544511137,-0.5793899362013475,-0.3324590057866483,-0.2692101733803454,0.0611232429807934,-0.0710327279573075,-0.1693125076651198,0.3514327378713138,0.1835358803703324,0.3608996329180112,-0.7094701837746334,-0.6046480113796417,0.0238422187866537,1.6390486730947196,-1.190539138917152,-0.2438727004225752,-0.6598551599763667,-0.8117587815829564,0.5378113819028851,-0.3211671666386209,0.0593616653673396,0.6695965217140339,-0.887256688430782,0.4384392042964436,-0.8364917521480992
TCGA-62-A470,-1.436981782870294,-0.715191036561722,-0.7211790195802024,-1.9430626272770424,-1.4344785519768726,0.1481072488389737,-0.8869679864827607,-0.1637612279293912,0.0497945241396779,-1.720183287676289,-0.9845074049965004,0.3210493420393181,1.529337309841387,-0.0173798414320845,0.0244498818357788,-0.5951647480561101,-0.4827676061473358,-0.8865625758141363,-1.5068173999343404,-0.9074451183464564,-1.501212998887003,-1.634461003719419,-0.5557457560696561,-0.9937659586125271,-0.5834490805028278,0.3083687582257982,0.1548278056555929,0.2563325933820191,-0.1955371045259592,0.7625189040434249,-0.2784375122875545,-0.2523777680682216,0.7366123237502833,-0.5617208017093818,-0.5941748526132341,0.107042217094415,-0.8054459638960215,-0.0186620123710693,0.1558309556706182,0.8256815737052918
TCGA-49-4487,1.2751684154350214,-0.2267336770962106,0.8171603205429037,0.0367123099810545,0.2533608971530759,1.614927586319378,0.5369240300532521,0.928428486271323,1.3145409689171053,0.9344579582275446,-0.0713915555668992,1.1001417148822457,-0.4436712353930632,1.402801303109678,0.1706105752851026,-0.142699094621912,1.076495940586058,1.363045206836311,0.5703703508745018,0.4520733815935392,0.0074208286047124,0.4146854535064834,0.2218893404425299,0.6436462756752889,1.171965688167965,0.6586366308559849,1.1609917881412153,0.9686865329833996,-1.4807746623628222,0.6223125896444802,0.0724352908310539,2.152056832206748,-0.0073218218970918,0.5488463751218482,0.4277681544036827,0.5290372816303628,0.4042597759563938,0.4652644649106722,0.5488948560739701,-0.9063661032544148
TCGA-44-6145,1.0809189122296967,0.6386327844541864,-0.3439018131929136,0.4533573116258131,0.7098066243816433,-0.8138916656215349,1.4548837949773052,0.02255846134151,0.3072430328152051,0.8564861378838502,0.8117448568481279,1.2945478064507767,-0.1094923116987739,0.3593106774290251,0.3655372904063179,0.413316717714643,0.7196216107701534,0.555228092418939,0.7050701801092847,0.5799210911756069,0.8091148258648634,1.092363968283044,-0.3439644172886133,0.9532169845316364,1.0667321488168566,0.1558726043592164,-0.1590667895396886,-0.8817457379576826,-1.350541134819577,-0.7538293548418072,0.3244237940065903,1.879235657668304,1.4760902730543468,0.4689427448615536,0.4307219578558819,-0.6022134172907169,0.7830907135980305,-0.2177422668683316,-0.487127602669402,1.3812643889943363
TCGA-91-8499,-0.841613300791689,-1.531836737659474,-0.8396917675076379,-1.9719316412159391,-1.6662323172185256,-0.7256725038353145,-1.3254482929598852,2.913248812624331,2.322119770822843,-0.932305513383876,-3.727657260564071,-2.4649026507150267,-0.1880037580431136,1.8906278928797589,0.1151624921555377,-0.7064783255681325,-1.1422297173403435,-1.4153915490260294,-1.4876931325985077,-1.9228468344291163,-2.00148305314184,-1.5445587060807926,-2.047267753170241,-1.4947436776623149,0.5432853344998306,1.4145650657166795,2.384228807151608,1.669216887709997,-2.2166298519314576,1.509761005824087,-3.3989767633772265,-0.3925179091228145,-0.8202773332764147,-1.629322515299715,-2.0485220688277197,0.9062203826216824,-1.369843808935346,0.3957358530380438,0.3418850385890367,-2.241594154257529
TCGA-95-8494,-0.2184521812234953,-1.8933497955478027,0.4308031001433542,-0.0916814202797214,0.3299584087572999,-0.5488891797026872,-0.8963158916884887,1.212491121851316,1.315317305551675,-0.5958500140079612,-1.1395534239481642,-1.0948666914902474,-1.0283206815774382,1.100725709798121,1.6802925427648283,-0.9973439841109152,1.1242287209555355,-0.769082061805032,-0.7454167141937454,-0.0681654298812385,0.5407629012657416,0.2028775647477558,-0.9400158330907562,-0.6821429259751178,0.6462424210666154,0.7923251489053499,0.9394097413526268,1.4052076515185323,-0.1142292892642837,0.0394765621459093,-0.2164326580182608,0.5525789937156674,1.0834558932944167,-0.6952927742514291,0.2162728710479309,1.283255573756599,-1.396974607108784,0.8175647676513126,-1.3528675923740543,-1.3235298384607603
TCGA-64-1681,-0.1353850047748073,-0.0278680213831033,0.457747139624313,0.4686251289090715,0.3125934051264122,0.3191147271796162,-0.0662189797923727,-0.3532766823728069,-0.4708787653154843,0.3172527131887561,0.0655328686861607,0.1027020394995803,0.6253826627992443,-0.5543917024936867,0.2209929708022028,-0.0451580103657728,0.349502897169388,0.192630901868385,0.1608450550516772,0.1499366805223514,1.4392955314865394,0.9087355350018562,1.1766334354446797,0.0051289724073504,-0.7095446824944592,-0.2957412927322521,-0.2408473820396775,-0.544631381259202,-0.0637014861104108,0.2854017005535197,1.15893296443652,-0.5887243605947732,-0.1386560047681527,0.5032722282780953,0.2416511351955343,-0.3124479411389604,0.1420685290989551,0.4147761391085297,-0.5366356738158952,0.5334491394832434
TCGA-55-A491,0.4926447867908705,-0.0809922396202244,0.0310526882224431,0.448615052974781,0.0318983722263654,1.0107839980637816,0.5093654378969258,0.6124420578960015,0.1726356484282177,0.3110665834360895,-0.0861135941915183,-0.8664560979011016,-0.2244494194747717,-0.2713358175227039,0.9903757605217384,0.1025672990402556,0.1727888979781148,0.4592313469049027,0.0671597723656701,0.2198483071190853,0.0142598422409811,0.0251782031916427,0.9227780238379936,0.4567822060800808,-0.5680267891343465,0.6482250113399937,0.138143614656015,0.0531233849702319,0.6911251443864909,0.4047168488321168,-0.0952807753939187,0.7104740277488077,-0.3230175034615198,-0.8251528568709752,-0.6933909872486407,0.8906377245708708,-0.9181220470523378,0.0910293145566315,0.305729845740472,0.0923670384071197
TCGA-75-6214,-1.4248414501785636,-0.7881029308172113,-0.7352753914135782,0.2094469200823502,-0.1015267605463939,-1.5610651865085925,-0.8083271852345886,0.2709470033202639,0.9876653309635804,-0.5218130592794725,0.2490319750131886,0.6533778585116928,-1.061508068655204,1.1794525954930188,0.7340633507440699,-1.1924193126062994,-0.4581247999745529,-1.095463451770657,-1.0181672659123897,-0.9884489883513742,-0.2983719109795287,-0.7100145670033106,3.109193769474712,-0.9189521934176936,1.180461462943406,0.0253270276909187,0.637104853741798,1.074982042556984,0.3483913207712215,-0.3861172959173658,0.8387326233435689,0.5699547532400742,-0.9004000731424195,0.0934070853667558,-0.5275232583588079,-0.0464231692510854,-0.3512823143754834,-1.1698337763859252,0.376460440947773,-1.103867674160707
TCGA-86-6851,1.4818000942226088,-0.5112226865133572,-0.5358171500740929,0.0028533316618802,0.234867871828059,-2.0413780867327405,0.5913490878452955,-0.7379977957631365,-0.001857883894173,-0.6551675561846712,-0.1166651930933787,-0.9050550347761064,-1.1733845530485385,0.0969812542401766,-0.4706672687276846,-0.7564596520402302,-0.3802446698941231,0.7756167156741915,0.8828097476965489,0.3909772562897463,0.7776876650085099,1.1502830457591229,0.4068121511944657,0.1658847923233829,0.8114170477090166,-0.3635705937973647,-0.6030485938984412,-0.7238035299802537,-0.4149431230782713,-1.5972797511509529,-0.6790823431082219,1.1759816430508074,-1.5880989113558477,-0.4398522368835889,-0.4094949701353496,0.2645842029888219,-0.6265595120296426,-1.3729753681607169,0.0681937763181035,-1.5357789023056474
TCGA-80-5607,0.3558808698823998,0.4815505913249525,-0.2696018828851767,-0.1015920162131576,1.2653097711759516,-0.2561036340827337,0.6123893017978719,0.422373084553243,0.4596877110100275,-0.1336677128435965,1.2273294154587375,1.8795681809223623,0.2619883401587622,0.3519037068807351,0.4015401228618877,-0.8435594560639121,1.0970753389735208,0.7010627033018798,0.5370432435118024,0.3590972253928518,0.6643557439324982,0.6686037860004417,1.021874833342656,0.3704845113989406,0.3700890830347235,0.1240612054837197,0.5790007288151819,0.6438678617155444,-1.2606558372537338,0.1943490854245293,1.2480074573544366,-0.148401884120511,0.3640743914261379,0.1357276460580485,1.301592076069061,0.0620267975158016,-0.3084709298460453,2.0921874832795115,-1.1848577616159768,0.4018535176921616
TCGA-91-6849,0.1378492991522236,1.4912941124343573,0.3051000760287023,-0.6775252151648837,0.1775912144798278,2.18053123067497,0.4312810167342178,0.1524314118685089,-1.1984520126631546,-0.4882096224616088,1.3189728005612873,0.7868536986679896,2.134436877090975,-1.2966891407113124,-0.1061080278806301,-0.5715797694381641,0.6028585305943128,0.2529769447404154,-0.0355409527460576,0.2853299582019402,-1.448118283829276,-0.5048421771661138,0.5182508337903129,0.1700015277690656,-1.343029241128143,0.1769243232657359,-0.4848882869032695,-0.3627425492747014,0.5410836388701581,0.9275752959826938,1.7237367382694722,-0.386912965013527,1.6279200842521095,0.9128903017691506,1.2838111172094118,-0.3240520518293199,0.4600611795961229,1.4181493908963694,0.277002126203743,2.303458332325871
TCGA-62-8402,0.76799582643227,-0.719855676551026,-0.7848210093293512,-1.1054671653268615,-0.5454339698351355,0.3864338594149113,0.1561326432651257,0.6797759560605802,1.0245364282454286,-1.4903507761018495,-0.6641533529582143,-1.623637477956679,-0.4715890341864406,1.1446028869005644,0.0020628541450061,-0.4822027637983228,-1.5960320129248038,-0.1153637734162507,0.2664781339049752,-0.0063364808594376,2.117644083659238,1.579046865209931,0.0148480356034521,-0.9159771828349084,0.4918567059746386,1.2247656038405483,1.0333433058991135,0.8797167127293196,-0.1622184106214042,-0.0445195940471506,-1.1228766506831918,1.9623591042081363,-1.156680929524736,-0.9864752076448884,-0.4510314760853247,1.3875453657830104,-1.7820230615019743,-0.6755188802968524,0.5375419990356383,-1.480102293972292
TCGA-78-7156,-1.7526022897872098,-1.153661791086332,-1.97132332141079,-1.7242394861501324,-1.518678280224932,-0.9388601007987228,-1.686355510037068,0.2398125296294009,-0.9099982529547088,-2.4379137955848407,-0.723232170177939,-1.5331095231775362,2.6221406975468,-1.0739280029152023,-1.3184749280517762,-0.788606934170181,-2.211058715165586,-2.0841490233609083,-1.9082316282589251,-1.9250368122030688,-1.402822045011232,-1.586972022161505,-0.0217138673937035,-2.1429290286030405,-1.0144856005927214,-1.5669280646185255,-0.2786515049764512,-0.8824049807530786,-0.5354251603218902,1.0755747531968587,-0.8069558435189825,-0.8557318860339095,0.7271692778161954,-1.0326259615108628,-1.7788003567253563,-1.1917476969774912,-0.5047066057980656,-2.213318047005595,1.1088743939320882,-0.2164649100742648
TCGA-50-5941,1.606145228713722,0.5599953488009901,0.5042606050154513,0.7800874127197924,0.9775482462499978,0.0361667412491978,1.3533613566245757,0.3022019394964833,0.401986137594404,0.3657854038613398,-0.3340458360084249,0.3512214735781069,-0.1862914991472529,0.5364035955660167,0.3885928915826504,0.4309435091109171,-0.1083240336137861,1.0911650231862875,1.4147711705234267,1.044292539275739,1.6935529702082863,1.7354170015724657,-0.8221945201316777,0.7205211552860198,0.8390120916515438,0.3497049085894325,0.3852885813397546,0.1404730625114903,-0.679257734656231,-0.1979679285782763,-0.2329768590296692,1.735251054351144,0.6924924387450762,0.4807481755546129,0.5279100065636887,0.2471893069957937,0.160711478138117,0.1301372560628544,0.3996802005565585,-0.0974224175747793
TCGA-62-A46Y,0.3928310444863875,-0.1682112691885306,-0.3326264288864856,-0.1497324309442498,0.2719297330264177,-0.2708334811306411,0.3642918574339702,0.4183242795998707,-0.0225218225980654,-1.0183246397780463,-0.8641958673532022,-0.7295332094309804,0.5239932304748971,-0.2453557600731031,0.6870382377911874,-0.9231468583726652,-0.1058203266772112,-0.1736763223799619,0.3438249234348722,0.1740941795685344,0.5789778841136671,0.3451953283306814,-0.1134162671530846,-0.0504919658035192,-0.0602212222207973,0.2027579024023365,0.3316391639264572,-0.0536173268105893,0.2808580693929068,0.6018083346908906,-0.3171132375516698,-0.6227322231805501,0.2520404085075536,-0.8328205103425668,-0.2833617614461303,-0.1589782655489095,-0.5392378372479409,-0.5847875807843129,-1.0060550155520576,-0.1175654834035735
TCGA-44-7660,-1.2206075387519877,-0.7583993693657634,-0.8228896913124809,-1.440660829497822,-0.9984445392120892,-0.4828349628794027,-1.3932461293598128,1.3991062046940843,1.5806580774031775,-0.5010270792234095,-0.6562886557095328,0.40874196821821,-0.6090780524428128,1.555375486146404,0.6455421362761541,0.0665967293603075,-0.9109207740727802,-1.5197236582870484,-1.5039157705385997,-1.943142877574462,-1.184941902563535,-1.4385509895670048,2.27065841943384,-1.5616228795863296,0.728980119216148,1.3744311640619076,1.7100247833004754,1.6407030301190588,0.5582277487006645,0.3810581740099384,-0.5267360389334672,0.7097177298743215,1.427704076222018,-1.142593518583941,-1.7800438935204932,0.5270105193358197,-1.3099958509449696,-0.9779488060662852,0.4179819870930629,0.0396660009579371
TCGA-MP-A4TF,-1.0391856765877574,-0.6337620137729155,0.2043930935267175,-0.5330086861976877,-0.6465687596117334,-0.7182191009947054,-0.6311085717986864,0.7627303622550885,0.5380881578854461,-0.2972993720417954,-0.4673507533934776,-0.3995411775737003,-1.9010111129512737,0.6625521337249239,1.142447895784161,-0.6771826408592929,0.9954750856880538,-0.8863353027354282,-0.8579112004059218,-0.6913718252571668,0.0627289062489313,-0.1716021897256198,-1.424714003807083,-0.4552234423553146,0.723248437757424,0.4243539039397511,0.4132589762936743,0.2683322873545367,-1.0487149633472508,-0.7281276403522884,-0.7005281442648091,0.4953202408226801,-1.5919687828887512,1.0247292372328864,0.1253050231053485,1.0908943209114186,-0.3123774149729663,-0.7757013949036702,0.825998845394265,-1.82237280795125
TCGA-05-4402,-0.2186261684041923,0.1405616410628054,1.061524585195294,0.398754933409743,0.1671360873146007,0.5618883196090042,0.083193449610891,-0.0485258181940154,0.0071475993182256,0.5182178697066925,-0.402373288051136,-0.2147261801466943,0.7232153127085816,0.0747264989884429,1.3018472079907006,-0.1190203933765645,0.4302654111406553,-0.2972479589331641,-0.1188940295975577,-0.011954258443167,1.233960049635558,0.6083459365705647,1.5820413010825434,0.0005921697022679,-0.3376318081121519,0.8214135127248122,0.0502261758694195,-0.2917757191898278,0.607741502601454,-0.2280544945754122,-0.0969361283616585,1.2463589246884896,-0.1068307556459024,0.3178383122966797,-0.8953391886316957,-0.2441746886977357,0.2575679436863528,-0.9661907396060044,-0.2678718234759766,0.0695037987468405
TCGA-62-A471,-1.2689649098562636,-0.2987276411822082,-1.31789135216649,-1.329546089724633,-0.3522828790534336,0.2870407145189601,-0.3680188141725348,1.0621664994900502,1.325874373378042,-1.1023713818699763,0.9255468318254708,2.054408524952711,0.7793498844247914,1.3991943355614418,1.5886205344487334,-0.991582492406808,0.5738775621277858,-1.123904170177137,-1.2639688233263278,-1.1882151182104366,0.1974383736202908,-0.4908313269699659,0.6554311430098329,-1.185078824781328,0.9668923953186432,1.2580957509328567,1.376566692924459,1.4479099496795986,-1.1752162611570824,1.7825515313459264,0.4069500225243982,1.1670288229703958,2.259313702464825,-1.0933343628107195,-0.0660424126329505,1.2752017960496065,-1.651784951426158,-0.005704855887113,-0.1769172181011551,1.5249618826617344
TCGA-55-8513,0.2021364976210365,0.7713369681284054,0.044115339600112,0.5138141843084665,0.084030618282334,0.2906380425091716,0.7630439280711302,-1.7833207143129397,-1.7010953827351338,-0.219639121180495,1.2993302161613272,1.568310961642623,0.3438163705980838,-1.478079271926293,-0.9187597772056898,0.0772087062055437,0.0895806652808538,0.562087926771064,0.937392390797554,0.4308293788820225,1.6251217691768904,0.9974571113504048,2.1218879882150614,0.5976128466255025,-0.6644582096189242,-1.2861591465348594,-1.992724590394464,-1.5691858942569463,0.7360231448978567,-1.3662017402544684,0.8294313587660899,-1.0973492052365088,-0.1914442853812821,0.3691060169935896,0.4289346266532854,-1.2153969292304476,0.5315980958365153,0.026896101017009,0.6113737724996738,0.8947398745245909
TCGA-05-4397,-0.7973269944348796,-1.10328072442717,-2.028388967178657,-1.5356831190839937,-1.594445870114536,0.6495876772863955,-0.6073894915984703,1.8349089073608325,2.2294788910177807,-1.3514519847049564,-1.9461087403339845,-0.4721330976091156,1.0609842996312917,2.0640035345286765,0.8516346391832834,-0.6232604307191731,-0.3390301156364852,-1.4266104320434698,-0.0018171629625348,-0.8708412578353416,1.3133436388046371,0.5895931580374594,-0.5642611105537394,-1.9243271983574917,1.0673985248486204,1.2254004889495695,1.5495723152354153,0.1790345506437339,-2.050978985012632,2.251031860765776,-1.4948127052342146,-0.161631905041643,1.3885439429413642,-2.713218871505368,-1.66482106401642,0.7303230540853032,-2.3433347068450163,1.2871243883702614,-2.1124792237014023,0.6265478221587524
TCGA-05-5429,-1.1423007616687897,-0.2985022191281148,-0.7401879755883176,-0.8125706071004161,0.7236193066689225,2.755328463864932,-0.4673525250246683,1.1818700036301524,0.2805740303005633,0.352494118491953,0.5470473097436463,1.860932524465367,2.398638303653092,0.1496176968282711,1.4029017888956483,-1.8039709158012065,0.6229655566436156,-0.9700486139975064,-0.8525813209593605,-0.7384875310058672,0.19482245334849,-0.6167482012585027,-0.4990204221763197,0.5717792764325645,-0.6659682791472344,0.454748191983252,0.8446106513279587,0.1989166665893227,0.3829831301716583,1.7366373070447256,1.2137983482643535,-1.809858994295648,-0.3837885447645297,0.2325698524892691,0.5879410217730717,-0.4448605280129488,-0.5486270377447,0.9665874965837976,-2.4115145708626797,1.46935643923343
TCGA-78-7167,-1.9882763980729103,-1.8010739175526058,-0.6785025369627435,-1.1276868279362022,-2.154900204385248,-1.9552091200488055,-1.8519714155322589,-0.3145519450366809,-1.264185053759794,-1.0625332580805948,-1.2759628917669956,-1.7675626671921332,0.8575095844754436,-1.366703066072651,-0.95281587415571,-0.5265859764331572,-2.184709126314764,-1.938837889792688,-2.271110106469757,-2.2435899699684825,-1.9674113709070424,-2.358298677820201,0.1295763977564096,-1.7894956550206935,-1.1282927048573297,-2.111583815037393,-0.7139323509641329,-0.75853434609417,0.7218857103267357,-0.0260364575759122,-0.5590654580805089,-1.6817796413101718,0.0064077395978838,0.0907603182956196,-2.02564009502606,-1.4010718885280362,-0.1708763178722613,-2.961912435756577,1.3366268496508604,-0.5941227875850943
TCGA-50-8459,0.672534886492151,0.1715432386478128,2.278500679202104,2.273847098660883,0.7133534871679015,-0.8994735163781246,1.3022137209604905,-0.8490838259071886,-1.225777754335711,2.5811235309203977,1.0325384610920143,0.6229741790914213,-1.6879896346154315,-1.0137993929480595,0.0961684724539983,1.7692884210895543,1.6770037276089749,1.1495115331925714,0.5812686634089332,0.8049590009898234,-0.0106962993445242,0.2494498973983236,0.4596677269631813,1.8708268149251628,0.0259243930577306,-1.2018772578006225,-1.2925813853322827,-1.364367281944239,2.37857004483192,-1.0278318199291334,0.9652150964881632,-0.5449112338294718,-0.3669363019472964,1.3122756773716822,0.3102606648749952,-1.2570634674603327,1.469742912591654,-1.4988476890487936,2.1306629492611573,0.0126410204065448
TCGA-93-8067,-1.1806793958220825,0.1317333090734941,-0.0946998534396295,-0.5476197106579407,-0.3919655127088496,0.4928163324777734,-0.2691868533446389,0.1078151536272107,0.7484054603082732,-0.4160093381923044,1.0820528605329376,0.7801609493073652,0.509457191308228,0.9825348584807057,0.4319076307489543,0.2043031937533002,0.1452458043744001,-0.5492454426271549,-1.127933430522566,-0.6083772540119493,0.1255024070055926,-0.3384173637494923,0.2259948419205653,-0.7078917199649918,1.0230403322185913,0.8805241053284479,0.622790080035855,0.9300754553584444,-0.5551120141702393,-0.2204333955453595,0.6978798675628686,1.3404110874552106,1.3310834919754313,0.8577573897764244,0.3478198544936567,1.047015418363984,0.058866570208781,1.387934223555438,0.4746050030471602,0.5617879266196488
TCGA-44-6776,-1.7082357446619258,0.3926344882448518,-1.1054763325247856,-0.5053188984828152,-1.1039788071613934,-0.0348295658856804,-1.7233952905729082,-0.296200610468714,-0.980143323741014,-1.3806356478842117,1.075308210110134,0.3637008039076149,2.009885966830239,-1.0908764489178289,-0.3057056838731899,-0.2100556268914322,-1.54495569941511,-1.4331217666652016,-1.6318649698112433,-1.586991818520468,-1.980645546783748,-2.0338479967687184,1.6223127828638166,-1.862126880465856,-1.0671836612005805,-0.8422700555279947,-0.4774291008494378,-0.2443530576204187,0.4542337449748236,1.1026695534139932,0.2013252208021093,-0.8569348040721051,0.8781895325071453,-0.269125508349438,-1.3335152172475384,-0.587231438525621,-0.2595201696059444,-0.4532780458535198,0.2329963489820497,0.7699878805913406
TCGA-75-7031,-0.0776339862740898,0.62758511272814,-0.9416787927382166,-1.9243218816494303,-0.6328686985944705,0.99029120562097,-0.1139020001509685,0.8779597400300084,0.6509166504133613,-1.3442028727808266,0.301917088567953,1.54013010697922,1.7161684245973563,0.6399704629565496,0.4095312890912724,-1.1650630864367697,-0.3300253412351746,-0.3276583315622585,-0.536580995795672,-0.5310349525056041,0.2885126378009042,-0.0451883256279748,-0.5152829139148476,-0.7373603236363244,-0.305848075822081,1.3218779060999508,1.2044642530882863,1.045044982242712,-1.364128686274635,1.3296369316783787,-0.962715796473767,-0.1247176928396413,0.7196900727282505,-0.7646602891150605,-0.6122359182543973,1.3218553829216588,-0.9175097541228916,0.8147748367501442,0.0023160855747408,0.9655044418704658
TCGA-44-7667,-1.6510972759928058,-2.9814009104157035,-1.16406576266469,-1.4763152907873531,-2.929014200365012,-0.790383033973128,-2.3371275462447865,2.159341064781268,2.400732221824988,-0.7930651608316108,-1.976440254900964,-1.2761471171007048,-1.038243374608145,2.365740569241921,-0.1313009262842405,-2.175369902343263,-2.2903121402269244,-2.4197930156779397,-1.8181713050169148,-1.9646029793131907,-1.6204997643003538,-1.765189568060078,-0.2307519408171517,-2.05602826209236,1.3267704692327025,1.4675447088156524,2.287730293870373,2.8035877934573765,-1.0497251583123544,0.8217971699641045,-2.7538748052960726,0.8498270524251541,-0.8442918803209386,-2.4645505845933973,-2.179855942328814,1.3604654256205837,-2.107492317851997,-0.3713521189856642,-0.2295662047578243,-1.6839425258662435
TCGA-35-3615,-0.6730687809584489,-0.8936441939847389,-0.8605028050447692,-1.5419579486797592,-1.1938441232711017,-1.1201535866434764,-1.0516158285441355,1.2123312222008902,-0.8439906648374755,-1.2862333479463235,-0.5543139742459919,0.0431062852237672,1.5295517894904658,-1.245895162397798,-0.9157663826362832,-1.0232657554016444,-2.320658895123451,-1.4108135500196064,-0.7379290224784212,-0.988211678328746,-0.8857317189433436,-0.7446028918407812,-0.2619099119594517,-1.02932729428549,-2.0704073048179232,-0.8291040226534859,0.5120738963932324,0.400007853499643,-0.7088408861900883,1.9122042308657805,0.7021938598707855,-1.0590276088453132,1.9588871033000836,-0.9867398158890708,-1.0565405532758818,0.2562256918597674,-1.054611447029376,0.2342664920369211,-1.0586712314138902,0.7047607615490534
TCGA-86-A4P8,0.9193775766010692,-0.4201471589150253,0.0766897351293942,0.9572580449653372,0.8244634623583181,-0.4417831612088602,1.0075444653431405,-1.7342562894440667,-1.6492918915704764,-0.2410383250188758,-0.5336645732724151,-1.1681664949244923,0.1904855529899457,-1.551343135824908,-2.623509088174841,0.9199330504979736,-0.043232214738189,1.1021324621710833,1.0013658376439842,1.1310995127992374,0.8007099163463924,0.9066813224670924,0.4899176180710869,0.6152903325237765,-0.158138262161247,-2.265673104600737,-2.398212564609304,-1.928312474859215,0.8405988534000522,-1.4393157047384917,0.2340750062184873,-0.6245380626328345,-0.8621429607004785,1.1744512984026343,0.9298634582929473,-2.380748735773944,1.0698122534321255,-0.1498956582831172,2.3078881322337907,0.1294369412403144
TCGA-44-2666,-0.8932773598713591,0.2233099982467611,-1.0150451907119211,-0.5480768310129628,-0.2484463391084537,0.7561399347060209,-0.6215230783093249,0.4345536499813468,-0.0743835219947823,-0.7666730822839691,0.7718069738902079,0.6721527843343883,0.7261518691965857,-0.3601702111581165,0.2811620851623697,0.2292234622007853,-0.1703812894495573,-0.5079535542018584,-0.8318296041110259,-0.4794748452012439,0.7094601070510912,0.055339718581853,1.5473530758037264,-0.572384874836879,-0.6630658781705898,-0.2448144999558515,0.3886676445927055,0.7651689400686957,-0.2008281007635912,0.3888217317260664,1.1326426051118248,-1.0433871281385003,-0.2476063379769029,0.1407552245522983,-0.1724502484547767,0.1110394118673705,0.4948069185364128,1.2930217467336955,0.3507162022483758,-0.3559072977967858
TCGA-44-5643,-0.4233878239748145,-0.7972292467253962,-2.18657325422355,-1.0356747628713965,-0.9013560928933614,0.0319545463516091,-1.4551818441395843,0.8133003601557428,1.491647002870774,-2.0138132967635025,0.491772825504228,0.424043401579993,-0.5486588984097831,1.554229501949109,-0.1816997264834459,0.0973509287505915,-1.095992422959392,-0.9906707746809752,-1.2000176938520226,-0.7949074974364433,0.2021009710816211,-0.2107656249526066,2.9619209070624923,-1.6767198744502998,1.2275433694194262,1.534853278204647,1.822571736139441,2.0905254020263717,-0.5308195452681643,1.1134196658474116,0.5687458097626493,3.328894861374823,-0.1384542989258277,-1.806441957698684,-0.591147635103424,1.2202998663255955,-1.1568440665412356,0.346240422268357,1.3211046889202611,-1.3444443578077996
TCGA-44-2661,1.8780395928328064,0.1079922339780548,-0.0176016864276019,-0.1488722920632122,1.1205751038277263,-0.5986742859531531,1.2346311973241448,0.6589100170825873,-0.7078773623408442,0.3851539878382315,-1.1124430049103913,-0.2375645907411409,1.0978675429389178,-0.9876968081757912,-0.5434054849038515,-1.2955620973562822,-0.709389557682588,1.429902794475561,1.5087205553165082,1.0649149243793512,1.2062017764390935,1.4479056128748162,-0.552586075539132,1.0198781836544084,-1.8687600981033363,-0.3963536555798859,0.0579741412466825,-1.2720933110966788,-0.5918304903610663,1.4633316052986218,0.7833401668806422,0.1706819409469491,0.5663527953207448,-0.666976604230909,0.1612723025290032,-0.3880340651294762,-0.5818172027961331,0.6851750532851929,-2.2907772509713613,1.062865585755835
TCGA-69-8255,0.7467107059333813,-1.3874800447805051,-1.9302282628772955,-2.3227732318599266,-0.9786657964066824,1.6287841232908966,0.2898545519325333,1.816757377764375,1.808181808137984,-2.273626694906516,-3.8177393544084097,-1.524949701726186,0.870063594888804,1.6283634538806548,0.4196595420122565,-1.7390577516435335,-1.575730626138755,-0.1480957522430669,-0.2920946704418383,-0.5837557510701036,0.3597406025687382,0.3499868031626508,-1.2575588276068757,-1.0142487294270282,0.6391152388054029,2.2075246796877184,2.0018454874526794,2.806164250446542,-2.805334324023597,1.7719093850919216,-2.130605399524301,0.8636998498652473,1.313341115776641,-3.059675717012492,-0.9479427153036288,2.709282271715676,-2.462457442653536,1.522398195425959,-1.8187327160858564,3.396432750841241
TCGA-49-4514,-0.1250938122303884,-1.394676192348004,-1.1549987777193544,-1.1357416481933529,-0.8510899932747461,-1.3029818052172004,-0.3364588229792132,1.513195917887557,1.1937921753656893,-1.318325788309399,-0.4090978283583541,1.539070161712197,2.283929090019426,0.9419347533213648,0.7829118517594578,-1.7869447359805284,-1.4055211610911058,-0.754887553796741,-0.6188931050677132,-1.0415925776434838,-0.4422543232811455,-0.6136429815228811,0.1432005560414604,-0.707068803560228,-0.3223701544544996,0.6789125650831193,1.5188876478536195,1.8996857444357995,-0.2520415155593123,2.042552034030614,0.1771834978099401,0.4495566289907035,2.0851776442776444,-2.4245583672333773,-1.0913425761122388,1.807300702144272,-1.9735332537343853,1.2586084189877065,-0.6017512053138405,2.0788910626804618
TCGA-78-7154,-0.9696831422564056,1.258605200886511,0.2912436682850409,-0.7673477872624662,-0.3292170559286382,1.9280345154844465,-0.6052822409817967,0.1885271882107801,1.4662877413820048,-0.1019332100610446,1.3678931166107295,1.2380407246852707,1.0037175276012211,1.4282376789845252,1.4715876635730858,1.969883852609368,-0.1768712378104996,-0.3476512092951224,-0.931838260074576,-0.8324401602223325,-1.0900608285963378,-1.1919828921105178,-0.7078636720214035,-0.1737811580797022,0.8454232486111548,2.7410840577565017,1.531752081129588,1.6057253539797474,-0.0269996931760338,0.9134627699040382,-0.6148507851215758,-0.4678293577647671,1.4037717298281431,-0.8979820712741948,-0.4047019293818306,1.723824584674851,-0.1914544580342869,0.7326264192285041,-1.382347692133038,1.4255515965816468
TCGA-55-8507,-0.97998919230796,-1.1781877346372125,0.2790556811632804,-0.577429933404951,-0.5965169122104195,0.3792304190782717,-0.4403191899264368,0.0951416297408168,0.4910089439930405,-0.150975773989452,0.2702641895053271,1.1704893933755882,-0.0768825430325832,0.6405411977420337,-0.179999473720884,-0.0392825012769642,-0.3915761718207435,-0.597790564765107,-0.3172245552018043,-0.3842881053009217,-0.5016090832401403,-0.8585896928073642,0.2735837642568146,-0.5863769007810954,0.5832358157016221,-0.1699866565162707,0.2407916205455726,0.7124077119732274,-0.2221724520440679,-0.0256845713291707,-0.7399226761945493,-0.7065173511293876,-0.9805417521495148,0.6338545692812213,-0.2043670594273641,0.3822738094848547,-0.4510669170352485,0.2176829160748144,0.3532743334058553,-0.3891656142110495
TCGA-95-A4VP,0.0125525477752085,-1.837175164025135,0.4764106728492098,0.0290170423304171,-0.3877960513193856,-0.0452365676567341,0.0839927452877601,0.3602424409223171,-0.2286792227699455,0.2101962647303615,0.2202712130325559,1.1668274357553032,-0.383376926359706,-0.0352255768823498,-0.2691317155727697,-0.5140560876995977,0.7283742169406092,0.6900427083648281,0.4174457176741092,-0.1275010190892065,-0.3955986646319928,-0.2903706194427592,0.1762293357470034,-0.104454452806061,-0.4839031546184555,-0.5371224197972317,-0.1174997020734985,0.6470647037926082,0.1668965207876958,0.6009010786685332,0.3212933798996533,0.0338598493966315,-0.4639272734794035,-0.4541188092385044,0.5099258925581278,0.5482096098972542,-0.7076449367868523,1.2698554294173998,0.7342007684262979,0.4140397866940027
TCGA-50-6595,0.7159944591858158,-0.0067120029012237,1.6545404002178556,1.7720690142017828,1.1167802898800276,-0.612285195757169,0.9848465779576964,0.9951084140950768,1.2426510760702367,2.121679982362336,0.2325685347293205,-0.0227668644694511,-1.4752367204554468,1.3520199105412545,1.0753738610600094,1.3641449473344385,1.486264300432528,0.5295173988145994,0.9997241609552168,1.026529174226024,2.22569538992222,1.8016857230818504,-0.7344658109809002,1.3861205534105387,1.264432879093499,1.1769323400002416,1.3357747523790675,1.2324887374356686,1.3114510800855874,-0.2261506667229022,1.0803482892508098,0.5614111875259327,-0.0672168546204146,1.391235215579416,1.0128850476494062,1.1443568744593724,1.2475958369583977,0.0294816189972117,1.174201269608384,-0.8229994127975993
TCGA-78-7155,-2.1236981151356047,-1.4878714960033363,-2.710551584540533,-1.9021188831325857,-4.050617998758335,-1.486128504021926,-3.096106387076281,0.6975760636842581,2.3444410906105304,-1.9806146428467029,-4.408681429045825,-5.36065065260808,-2.793339573629515,2.2739238131358497,-0.1182570104793108,1.0950392345249078,-2.4411972347007325,-2.6780501640515,-2.665573932441419,-2.470396203942016,-4.102447704844407,-3.707180914590962,-0.1716022904129454,-2.749036999730509,2.403001148454749,0.7336008905829319,1.8139604507570912,1.631284377467759,-0.7759622834497083,-0.96144645029167,-4.957410674468526,-1.46271916507954,-4.458171141962204,-1.1855193818080556,-3.3296460917520827,0.5066753277432285,-0.6879963728664233,-2.436741025577817,1.4323411888186324,-4.381067682982036
TCGA-05-4382,0.7298246187376355,-0.3664114597985871,1.1257533271112492,0.7477857823548293,0.5020045686874094,0.4461375112046117,0.6453110645402468,-0.1648120760581174,-0.0991088708772072,1.48605315198964,-0.1396511806056257,-0.6873636302127647,-0.1789504841501216,0.0203127427606536,0.9589628516407064,0.1643287976213244,2.019732299767304,0.4019014284536349,1.1916936152702875,0.8745908340612549,-0.0537637145477687,0.334566860379364,-0.933356286875985,0.717397937471987,0.2514719014708875,0.6303691439690665,-0.1134053595440203,-0.4955982065453082,1.099381262103857,-0.3420121490490585,0.392561739536164,0.625024826604681,0.3476449551935121,0.236014305094903,0.3844686443797352,0.4897455625038272,0.195476384016214,-0.3756539824479313,-0.0546712755923816,0.2100252049426426
TCGA-05-5428,-0.4191608077951773,-1.0730673354271798,-1.6717696260595516,-1.7521276903796357,-0.6335558526993494,0.2653960158937949,-0.5991976066557955,2.429223413552878,0.913026527627578,-0.5512734909009295,-1.9869604889252397,-0.7340048171545285,1.1074993381442324,0.3397943458471906,1.3255325110297187,-3.4525227581376714,0.1539005120604052,-0.8909113219293704,-0.2115409540919575,-0.4558019698161732,-0.5891110214457714,-0.5475938418139997,-1.3004311316430213,-0.7230771187173529,-1.9498692727089688,1.3352846624791357,1.7546551632356002,1.165154048355526,-1.3610481231855207,2.6491127426026297,-1.0401609566521146,-1.3720332113842857,1.7485919324825463,-1.809878640979259,-0.9752546013255992,0.7311128096123058,-2.0601194986671123,0.0653418082173944,-3.1111412621637764,0.8330514478889518
TCGA-44-5644,-1.960171101822689,-1.4168357405117316,-1.0643589135146438,-2.1056323159494004,-1.8935120426516237,-1.801715991300481,-1.1450120122517666,0.3806791409739736,0.817164700057491,-0.659470246280934,-0.1338996397294522,-0.3076904971582408,-1.8803264471672927,0.7540316433175281,0.1796455679160897,1.454500841037471,0.7018136955243125,-1.737414047711889,-1.775386349542199,-1.8527225440164696,-2.3874474109747594,-2.495174718205897,-0.5135812174546778,-1.2455898591503434,-0.0148825222070115,0.556076336392127,0.563641085248854,0.9592594584145512,-2.178163348856671,0.4909683380458128,-2.471223093200178,-0.5853195346917786,-1.614534605525169,-0.4413994365274488,-0.7714289868245401,2.0632226527506985,-1.2693500838352885,-0.1845257171089924,-0.8817828884554195,-1.1563378028827969
TCGA-55-6978,1.8917143982462443,0.986752894024004,0.9873424648101689,1.3535811947459864,1.548393308241437,-0.4742867891783447,1.483711697638986,-0.4633277161959369,1.1677411103895732,1.7611586971282742,-0.7723224943704666,-1.4001204154539797,-1.788848689039091,1.4085406099262967,0.0646668215911329,1.0728732522580595,0.8282209822205375,1.3136980546737154,1.3613344520750357,1.5582514230943598,1.733737350272102,1.913969415453289,-1.222296949089766,1.2893644935334838,1.9560471453148045,1.0954229392274035,0.9210298977268884,0.5760811785644547,0.1398104208915043,-1.1097101273952164,-0.3988142288121379,1.6613349704046676,-0.8588865643896044,1.12722034287561,1.440697355792674,0.5072819184326028,1.3907289884236294,-0.4018023401450948,-0.3263039690505283,-1.2835661005641923
TCGA-NJ-A55R,-1.779210364640076,-1.44719903563982,0.8948086649997724,-0.2118968645951595,-1.1639785912153506,-1.3965059507086142,-1.113848122388797,-0.7715794991718411,-0.3909655568901659,0.0941238725547043,-0.0232630758182408,0.5768400960761652,1.2936473078265394,-0.3984782767398484,0.5371679887719764,1.8027795897202992,-0.3696331432969401,-1.0813318574866722,-2.2723575608352538,-2.161211632175502,-2.3522227949807983,-2.1153348367076705,0.8806653125865861,-0.5156239793416622,-0.3977681592347015,0.0081144315239788,-0.5041470449090718,-0.2005589097296626,-0.917487370367692,0.7110676299285292,-0.6701625510934618,-1.0915813006431885,1.2836799498574103,-1.0749769705137753,-1.6834487445729542,-0.1761693170839766,-0.8252927906112913,0.0355018345206663,0.6571163987974563,1.502637572131199
TCGA-91-6840,-0.2852150352520081,-1.3329729800935295,0.8885707014000688,0.5973761898547122,-1.0976707039430995,-0.9870343277608316,-0.8048022367745518,0.6878563866615873,0.7133360527245513,-0.6753726964858499,-1.7946037235602528,-1.3467851491907217,-1.180559408363409,0.852135077876481,-0.6665729902574845,1.1834873344606915,-1.8918212183000045,-1.0235923995727263,-0.7111938845492685,-0.6877580451334516,1.220199480572851,0.3046568717434294,0.4943718920210764,-1.061332455996009,1.2660199348680246,-0.9377784876093452,0.4876062419907132,0.247609040534873,0.0163991107337913,-0.5770955391443091,-1.472643361776011,0.3008310000634924,-2.190178764701944,0.3428649177657685,-1.3897953472215523,-0.4464927178561404,-0.2292951127586674,0.7660000720350272,-0.311358707751351,-1.8126385243860104
TCGA-55-8094,-2.596798077149041,-0.2196661077446207,-1.7349307123925093,-1.9108460255890531,-2.104855089674227,1.5730430284436252,-0.7848321372552577,1.008883773484009,0.8536353482593014,-2.3802711513778343,-1.1314417372073138,0.2500037522684051,0.3911808485938811,0.7654565244218507,1.1446996435115029,-0.3254475066164237,-0.0952886116947965,-1.915832766590328,-2.2624712276822576,-2.109082205858087,-0.2553065557716553,-1.5870989184177124,0.8366934495305766,-1.7164755198249648,-0.1374430985656989,1.399384866150251,1.0210150557806044,0.9811050363309064,-2.5519009061590485,1.1971800338066263,-2.6613791947127123,-1.5382393034833923,-1.0242716565757373,-3.134912435156173,-1.1579309588183009,2.1510204451275574,-1.4457104613357417,0.9946633341161288,-1.962090982517424,0.2566275702303494
TCGA-44-7661,1.0369421046638625,0.5257661901709264,1.872724858339449,1.7311893214908636,1.485237112922012,-0.5139463681701547,1.2591899814074206,-0.0683306726543783,1.048087418495317,1.4510764373633709,0.2124663665803926,0.219317376359334,-0.8463413212956578,1.1689459726965212,0.8706120428389,1.2041271820910735,1.9330108886615824,1.344094431099922,1.359452559339059,1.359275244116846,1.2017377583526616,1.134238256061754,-1.1969271765892509,1.7805095452373585,2.0376500846463808,0.7017541424788228,0.6907851171464742,0.5645054336766784,0.8931695650586519,-1.1473789958753782,0.3673512670853986,1.2101857281573198,0.1336322010729478,1.2549992011377562,1.280273844662057,-0.1980080140403952,1.1886916018305569,-0.5890439545799342,0.3843287118932129,-0.610568975858287
TCGA-NJ-A4YF,-1.8066252382438075,-2.015548013622753,-0.5349919522410082,-1.5619992316328892,-2.625410472643839,-0.5959694439285973,-2.1507846446103835,1.0813467081677717,0.3618430561768604,-1.0393478744418343,-0.3729892261402194,-1.2153879189588528,-0.5710738384165034,0.2154537019717354,0.6449901851106689,-2.014461300018379,0.6121659346577442,-1.5682084346229794,-1.7210452489630723,-1.7708144768379588,-2.1147522875913825,-2.002815476713147,-0.5283063130062404,-2.5886629969867623,-0.7013397605038668,0.4504734415350804,0.6112746868040904,1.0224721121966618,-2.393328577233504,2.786445966822084,-2.83858990355974,-1.4896594469752795,-0.4705629924150175,-2.3239301688785234,-1.656490131213345,1.0799770968602258,-2.433347397494593,0.6312894716000892,-1.545956962558753,-1.5711780689572303
TCGA-67-6217,0.1900224279035463,0.1390181172323992,-1.2804260144637367,0.36896014971738,-0.3838456865018962,0.2776258533656829,-0.5056260814045935,-0.5173010478222061,-1.0606801385862792,-0.6340129065749441,0.1516069547303846,-1.122053617821818,0.0475790011481621,-1.149348547957105,-0.104212199556808,-0.1142141957265894,-0.8986170903027625,-0.0550120576607808,-0.1711628517417349,-0.071647592849574,-0.2097367263184413,0.0362451878635933,-0.9672615709048052,-0.3806043087356744,-0.6176719757767178,-0.7879596281069546,-0.9124769574409692,-1.000892696786139,-0.737479451753508,-0.2015833657111577,-0.1376246511009204,-0.4003891406127327,-0.7603329119432525,-0.4221949776924144,-0.4331445930724837,-0.1846568536661493,0.0974038236961872,-1.2024443302954713,-1.1482816481320874,-0.147087065173769
TCGA-86-A4D0,-1.4859517857400124,-0.5301071933299217,-1.2814452216862084,-2.5907585227323477,-1.8239675195523424,-0.2624190278414248,-1.4271262419025776,1.4991320272997866,1.9943280646758963,-1.8363153538604795,-0.6820128171463382,-0.1503845130117686,0.5352652320340364,1.9745343887786584,0.3829873157302506,-0.8415623656714079,-1.487485376917454,-1.6315394613240095,-2.015300799566344,-2.102858031455159,-0.98000122480214,-1.3537077547573977,-0.1204328545936612,-1.817003918747172,0.7971509685039723,2.1526953156989066,2.1027785634418104,2.082608415203885,-0.9850461579873192,1.3670620316453803,-2.0804146250660347,-0.0188053393551317,0.6328143240841869,-1.2671694064708596,-1.7375753178553006,2.486019596656002,-1.941657604340012,1.5392379794411497,0.336856021308159,-0.077698846603097
TCGA-50-5939,0.5588537589556861,1.1852414912806133,1.123636901210355,0.927002327798867,1.0930802246799738,0.7812990867461758,1.0990003448415353,-0.3738535214182369,0.2546866828738589,1.101681989982126,1.6865309207589625,1.2129732116720542,-0.2714887357388987,0.5393169680804009,1.135739477140839,0.5015319826567938,2.0167351024942253,0.7080881728538886,1.0197800302134057,0.9376113837950524,-0.0893789659134749,0.27130882539298,-1.0078782026944182,1.1192168746764974,0.9863171007554744,1.1876983285937674,0.1918755929332861,0.1671946320165605,-0.8939298874952759,-0.8124936848664148,1.2807257860309895,1.0037321350590491,1.1396534828970366,1.0416857818382423,1.6378150065915975,0.2930877636374957,0.9334573935708618,0.980176205137352,1.3891631103858155,1.5961396376472008
TCGA-05-4410,0.8113042562756442,0.928216556466434,-0.9545579656722716,0.0177948975889938,0.0136125979779758,0.0242628033379822,0.3912694792833807,-0.5458189381632534,-0.2144150663325114,-0.623796275520242,0.6307362955376838,0.0778570465230567,0.229517421790641,0.0547631996719462,0.0503517490016014,-0.6011582901552439,-0.8894910330623317,0.1474862987618015,0.3333670575183372,0.1526736226990315,0.9756710216817872,0.8827668163105349,0.6656701415944422,0.0804856390116455,0.4071957540256009,-0.3056844328065184,-0.531685263458816,0.0875375129444017,0.3707376712802702,-0.821404888382463,-0.8980825475497369,1.428190851731013,0.3029713139901251,-0.2755599293920951,-0.5753782850358906,-0.9455790917406582,-0.2782980642156555,-1.642939255340882,-0.3421424744959001,-0.4377305175108815
TCGA-55-7816,0.7400071078593902,0.2090189324691564,0.5958017028354002,1.2833274968195147,-0.2765201128940513,-2.5810211002013057,0.5852990986093364,-1.683816199109466,-1.0526089486016248,1.1326753329111428,-0.3954522083689264,-1.3715355482665248,-0.140725269054105,-0.927897785719308,-1.8166683246506008,1.2704970221949097,-0.8808727814867118,-0.0157443722577335,1.1220054669651864,0.7386759466137413,1.1284375913624882,1.051856869201763,-0.3086825329564671,0.6019841637675112,-0.036981747118017,-1.79876496169867,-1.0819569899803858,-1.5457876464670266,-0.0758272992743905,-0.9175285696692692,-1.6447240268824792,-0.945946479487074,-1.2803484397359397,-0.2175536408850885,-0.8120973071467433,-1.575510542466642,1.4663158724655263,-2.2181308115022,-0.5182209194299516,-0.4527772235382903
TCGA-50-5051,-1.5416517066452502,-1.1933913850999376,0.0834120060274577,-1.076644290054203,-1.0522613607512126,-1.2309610238947433,-1.0129189279779196,0.7356929504253222,0.4556959293141915,-0.5686632626248251,0.4685821909339706,1.376858826016994,1.0386654055958702,0.5288011008876926,0.4289195422216181,0.5838153198431512,0.1172497720407527,-1.065782656473838,-1.7709873904768945,-1.5699404322642323,-1.4805230049794214,-1.57182193584968,1.1288484227328095,-0.9399414512987038,-0.1592160375362958,0.5754431167076246,0.6397080677031249,0.8957798989051009,0.0268847545591147,1.2334869981944407,0.1620295929538169,-1.1739592192448245,1.3065399951642525,-0.3798925604278295,-0.4755910989767972,0.6069693576315287,-0.876095227481198,1.239159855158294,0.8229859033316949,0.1628874012113646
TCGA-86-8279,-0.9069118111935556,-0.6651513410429217,-0.4160075098338939,0.3656100652494696,-0.6133627732825742,0.2431099690133809,-1.0816650266661172,0.44038463688316,0.2831071700969196,0.5585708633506348,-0.4931587341463232,-0.992811902808328,-1.1537350879221235,0.0323232147057431,0.0961320356554284,0.1151979618119749,-0.2079995604450609,-1.5500622269702906,-0.6953853564846196,-1.0219383339277013,-1.3042705679975564,-1.1971860895427329,0.7502975325969121,-0.9888889460988494,-0.1144446850290408,-0.0891787679263002,-0.037944148896503,0.3718490896043808,0.6479340282159838,-0.1484834865692792,-0.8272564467450726,0.2436064645098319,-0.7960380285919844,-0.3142383933778832,-0.8817439666712067,0.6917290811585145,-0.0628490569278529,-0.4543847699505645,-0.1224554856338165,-0.7119319158618443
TCGA-55-6970,0.0488335935399215,1.0728477967651846,-0.4709852708748914,-0.567433792258596,-0.2686020431717501,-1.1178224894212774,0.4521687629601357,-0.6828850822793247,0.3055446285376474,-0.5463237435462922,0.4585489338665396,0.2236130535129871,1.042614195022216,0.4359546497001363,0.0843309952134051,-0.0086646452972247,0.453689407025764,0.3150526931762664,0.1047186445587132,0.2016659521996677,0.0277108840582565,0.2411229985265661,0.2998619621144508,0.0238248266982368,0.9662794998506964,0.2826401305869963,0.3528378150932146,0.3181368497992626,-1.2201540833620153,0.7296267040856719,-0.1496724538228962,0.541596337982872,1.5771167909906143,0.0894592215232868,0.2921901917033294,0.5929863030468304,0.115146097637775,0.1678965012253788,0.0591784471277228,1.1372827043844995
TCGA-49-4488,0.4287661022354788,-0.45939185886515,-1.0323839547003193,-0.6071829963437984,0.1807459859920414,0.245295013753712,-0.3670485697331889,1.3927643897822284,0.3668756388943942,-0.4378217332660292,-0.6303758654658344,0.1308811237487288,0.6505502232828496,0.210001473682475,0.9852801542971916,-1.5162448761027931,-0.0858021207761359,-0.2035209489606115,-0.0385295181106116,0.1761401868821965,0.1396722692412795,0.1939544587808641,0.0889111206228956,-0.5520489340828201,-1.2725615641161525,0.8856247110481452,1.027455318661629,0.8967470956371324,-0.2962105671277398,1.3390038967060178,0.6253223138858173,-0.3469387285449194,1.9050630960833232,-0.8182371070134715,0.0726665575080062,1.2139569949869464,-1.343427251477975,1.7828150865156214,-1.7653855041066622,0.1501339615777696
TCGA-97-7552,1.620175701426542,1.6383186106652092,-0.7330141801961152,0.5497043982550676,0.6769057070978404,-1.291326807384198,1.573533785266316,-1.9843332400518408,-1.1144178417108332,-0.4972490095356205,1.4464444823729865,1.4718090289223669,-0.0690890436108409,-0.7570296308733916,-0.6974711683399571,1.198967129905916,-0.2568711925357054,1.471437367721982,1.0478904285418418,0.807606066744621,1.278953523557208,1.4159034909577384,0.634131776995255,1.4098929933003976,0.2729930423811713,-0.9592448497095344,-1.586234382106937,-1.6455096434811016,0.4857731826191168,-1.4437163876183483,0.2578863128449481,1.0456683981193324,-0.7948708978713124,0.3289159270354325,0.1254610251262031,-1.4238821077153383,1.2609536180431482,-1.6853375035398122,0.2991164535955168,0.4433337189293768
TCGA-95-7947,-0.4764985286365686,0.3795533374604482,-1.7847397797853246,-0.8468710863673897,-1.1854415853319034,-0.3673697642718369,-0.3934436365593856,0.4898292937669288,1.063886696957337,-2.0309673743928425,-0.527012405733319,-0.2279124686732265,-0.5297248209639204,1.0610155467421174,0.5429942553884254,-0.3851915841679738,-1.4449377847508174,-0.5993004259060469,-0.774167939104554,-0.8796120424871695,0.5756604238020675,0.1720901108479778,-0.1672707596106614,-1.024932161699858,1.1341089381623846,0.380832149305822,0.0902631739179485,-0.1657754492759258,-1.3194756304785855,-0.0455081779805361,-2.133364303096893,0.6385000819641781,-0.6515287302127081,-1.364598280496115,-1.5898858404288314,-0.1496284414454287,-0.494711219099031,-0.7268216383050402,0.5379390586806546,-1.1905690961997517
TCGA-05-4425,0.6970935100960847,0.6157934591131973,0.3532760932497215,0.3949562467550755,1.2851143787542172,0.9343532430866808,0.9076426814923828,0.4547257910234615,0.1592412125380243,0.9208265880904049,0.8752831324132667,1.5328659487552296,1.0323065142972323,0.0309491069463131,0.4554612221829511,1.0883381946732444,0.6518810445671258,1.17696924676117,1.0911547426715855,1.1147294718869567,1.1552536573882368,0.937897587266461,1.17078715036031,1.2960707101853102,-0.26464366203723,0.3819656615838738,0.1325763476549989,-0.1426259370484451,1.3289738903451256,0.4502242441751061,1.7990322051515009,-0.0051495798999021,0.9322878087309104,0.8766702604216808,0.8047250829557477,0.1117797480502357,0.0750101212698188,1.1671453650315764,0.1850903706374414,1.4545623988858534
TCGA-78-7633,-1.8589175068428272,-0.9979949178143402,-1.0056623525829715,-0.6327373803309069,-1.9471069813318904,0.4185285044134895,-1.3456952320835638,-0.144018663912067,-0.5769195458757208,-1.4402368553260396,0.0980853060116239,-0.0832674037228047,1.0955058778771405,-0.6529380095679898,-0.3707944061642519,-0.4736396920748264,-1.407516033880699,-1.447016244678199,-1.5929582382347685,-1.4550990881693324,-1.9196919852817764,-1.995537648742523,0.9140790962985292,-1.3414437181009544,-0.3358313367661761,-0.8225932394156739,-0.4471911654584279,-0.6434412532965462,0.4973510519643596,0.452373699573298,-0.0085813937465996,-1.0501935278191024,0.8319326450713344,-0.3465367823458097,-1.4740895793196034,-0.6002684341247745,0.3182222496779744,0.1546611030592007,1.473664191230548,0.6527401020471496
TCGA-64-1678,-2.2174234886977957,-0.9147175121245208,-1.6670707887410614,-4.012672687126527,-2.554622274243264,-0.0407779588028506,-2.3383044937156,2.5819840272591885,1.9239930530005729,-1.3493911253733777,-1.1871154628304297,0.8293460475965498,1.0690295505075973,1.8173130848089163,0.8056192668234684,-2.178624148492289,-0.3739683114108467,-1.5711365489375202,-2.4076356794973286,-2.3841080707550444,-2.286851988932283,-2.1816731603259902,0.133471676237644,-2.1478400176215486,-1.5158598129510434,2.0380960335695737,2.2753227458044174,1.5829442456606888,-2.525408117386208,2.682386528001456,-1.7834478454779867,-0.511084703438797,0.2882013982544023,-1.451775394437504,-1.9328613475085368,1.92439093733946,-2.396847172340081,0.8239520049389728,-3.2955000217787904,-1.0610231021141452
TCGA-80-5608,-1.0318311424657465,0.7152976663195614,-0.6828062276783352,-1.3030200058671688,-1.1852367187449857,1.2278738509928475,-0.2998220640577151,0.311813365994868,0.3529501670863201,-0.9954794625101436,1.7276186632141253,2.750388930993779,0.913653725087786,0.4660517827732891,0.7591028210455714,-0.1378041378134231,0.5025424795881732,-0.4665295046687722,-0.4857917716260359,-1.0146059715384306,-0.3616591896971403,-0.4898290311491506,0.7211268105885341,-0.8087205981881602,-0.0322325630245988,0.4624961741803409,0.2290092056257285,0.5378864347124911,-0.7745601059711479,0.8516901044582804,-0.0806610854805874,-0.8936704882179214,-0.4374250511087982,-0.3648983027826261,-0.4231715701398504,0.4979356466562056,-0.660579483863877,0.5327576598478703,-0.6003859786082931,0.2548329811868715
TCGA-64-5775,-0.5085631137665941,-0.6192641481756584,0.666127562215805,-0.3154565330396847,0.1678998699890757,-1.1459275527174255,-0.4529414188246096,1.4160342491543616,1.441194484669262,1.21010564010789,-3.748855282757325,-4.185592332864117,-1.3101092808772017,1.5579962550244364,-0.0848770085021342,1.3145041153086074,0.6030818328364621,-0.3234534376122656,-0.0991359492673691,-0.2715622517966335,-0.2479128839035378,-0.6848430445943794,-3.940139483925024,-0.1232377860818905,1.3855765900892394,0.804578703391845,1.6176634274983566,1.723761573748473,-1.6795896739193268,-0.033067453482815,-1.0238359574678702,-0.1129002995121841,-1.0092419525982983,1.2386347313184587,0.1113553118427734,1.1331846223604205,1.1796557866826771,-2.051462618482132,2.630681551004718,-2.1776568122804782
TCGA-55-8508,-0.3563847446334587,-0.355314581934325,-0.0362267587991147,-0.2897545548967388,-0.522813594368098,-0.7806829757745679,-0.4195511373931439,-0.2843647824799117,-0.0360097353836288,0.5390386676190873,1.0218396349646934,0.8866993004782654,-0.505930222001073,0.1283662235674593,0.7892848849752745,0.4221525148984931,0.9969843797646472,-0.6048968438652819,-0.0858888166774155,-0.6874666305658886,-1.0015883307105102,-0.606754920326539,0.1173770270702851,-0.2702260946058183,-0.1687488474039618,0.1244499668310811,0.0624439636932363,0.2289876999785673,0.1293748866210909,-0.0590885362122038,-0.5888811613420498,0.1440051174726547,-0.6175721038142068,0.7372381875388603,-0.1636824854154146,0.654337066841545,-0.5833804257411301,-0.6977172739735923,0.4265324153038999,-0.5948143794635029
TCGA-44-2656,1.4584252421375237,1.1489024853126144,0.1084182422058263,0.224781997388279,0.988792584520194,0.4017304566040452,1.1519975749003004,0.0469017508674955,0.1545909168268121,0.0872727057260866,-0.0695350211658399,-0.170096241282164,0.5207913258367411,0.1879896643539222,0.5418858573897863,-0.9033455825443346,0.6129582592454019,0.8687146518239788,0.9269115262712536,0.8908840280520686,1.2947049413181697,1.4510372348536282,-1.8406258653226897,0.7255810304982749,-0.0536496254212908,1.0495514475926893,0.3272288165159879,0.2744539931747776,-0.2901769278959581,0.4270342882677246,0.0020744275196622,1.5970639391883543,1.335584353468122,-0.099742842115953,0.583174318622462,0.4353374541102158,0.1959144925508084,0.3720092655630248,-1.5451244188230455,0.6299264493082503
TCGA-55-7281,0.8856706994784939,-0.6457207197927619,0.5564487702840168,0.7416978421075779,1.2277027804197165,0.2337067019140069,0.753306361853125,0.0096294236623173,-0.4847812789001307,0.7757885089667114,0.8156552801476138,0.5700522511329534,-0.5785681893016976,-0.4897084780230033,-0.0127790234956079,0.1945683874072939,0.6553980070369455,0.7364268415921518,0.9400604061377807,1.057461402375898,0.2030077496370495,0.3716406399486692,1.5506645304969242,1.177327484039075,-0.4866712414938162,-0.7723412625199699,-0.1254634010771098,-0.1939580880267254,1.5488561329062842,0.0442817149842176,1.4966375126269538,-0.7511688267876494,-0.3028563312813084,0.3393975627428368,1.409452111958575,-0.8239491052373638,0.3157701625354872,0.7804008644151164,-0.0230155907820756,-0.3193803505528138
TCGA-J2-8194,-0.707646121217487,0.1687473297987334,0.5580238932441083,-0.276503637021374,-0.232527540802206,-1.2133837384264494,0.1510245602468859,-1.2154668155460715,-1.028726652605065,0.2146257376389326,0.1709367686744239,-0.6062414150281531,0.752758149742235,-1.0822039244596882,-0.1356652520604922,0.1188301360996228,0.7196660556085284,0.0014725993625593,0.1160912078678396,0.0689338906461752,-1.2340440979651448,-0.7661234985397563,-0.3237886572886626,0.1637154641075728,-0.6555643325218838,-0.2214987829103947,-0.2125505974472573,0.1496893120177493,-1.0050015661744225,0.0027087599958679,-0.00526563066052,-0.307441411335947,0.8021746137901242,0.59670454391647,0.6067198269026686,-0.102854820184727,0.2710186512373237,0.7008963454592861,0.7228704047580748,0.7901627421869004
TCGA-78-7150,-1.3690741976740572,0.6444368124692502,-0.292955849597648,-0.5930189215159747,-0.2094032001095767,1.4544422833738977,-0.5578813525849959,0.1079192246684895,1.10936787034719,0.9557591575076824,1.1558960743142408,1.969435497540338,0.5664470573785252,1.301469080688184,1.6933428578065923,-1.0312742127227332,1.2421020352686143,-0.6734888269904262,-0.9875180147455148,-0.9906604812964508,-0.0409463130684766,-0.6172748900279048,0.3427894301149952,-0.5586940956379562,1.208831376478027,1.6910314520552483,1.1017484753162234,1.0037555030033063,0.078259670573673,0.7343941885127895,-0.6777626074215528,1.2250538709614356,1.1030096115634913,0.4052836004331963,-0.384101886290409,1.3966929559102574,0.5481117671138528,-0.1289325315332276,-0.2519288933849027,1.5160047860243036
TCGA-44-A47G,1.5934276370956582,-0.0443391830691239,0.7567796428742443,0.9197385069434758,1.4149425419501964,-1.0272167119861408,1.1276967085154637,-0.7675576130407251,-0.1826255064910933,1.0709102729753035,-0.1624010508489828,-0.1445663830807199,-0.1208969225023675,-0.2251362728234328,0.6130475945339714,-0.0687878751309095,1.6503809563512897,1.6002328350477035,1.537976112634089,1.639956355284123,0.8629827577967131,1.265350602242274,-0.3829600940140177,1.5111421259229985,0.3951488417648615,-0.0347170479518008,-0.1106998374062653,-0.1977621137228593,-0.2267105637898167,-0.6358320410047913,1.0113894463874376,-0.0199394871141657,1.3490483603312833,0.2470212140728281,1.363908319934374,-0.5654068196418237,0.3320098827844735,0.0355801308572407,-0.5717341544158205,0.6821787898246651
TCGA-99-8025,-1.201978723406632,-0.8742474522883602,0.6644428130693875,0.3027875977385978,-0.1958417958923468,1.057296100386885,-0.9034206027186776,0.4262884611179461,-0.0375690042711798,0.6861363210964179,0.1023681726099146,-0.924665660593112,-0.546932315878824,-0.024477239531977,0.0628439000609409,-0.662868752313266,0.1482054443729292,-1.1146371472518917,-0.989449121590942,-0.7984115461328922,-0.497952545059402,-0.793268625755894,-0.1565508165947494,-0.6739629854061413,0.064703652643703,-0.0258639097828497,0.2704109981415609,0.5448195260832894,1.6036298577755652,0.297717400884924,-0.3827084144825967,-0.9712063791001684,0.4572116069818168,0.1733973093475844,-0.6014607775613755,0.424231770049752,0.2649138983200487,-0.0233387987298249,0.3323121606654767,0.1133888663244062
TCGA-50-6592,1.0631763929929132,1.06067495491393,-0.351848167977697,0.3403579532018395,0.6768891803652414,0.4426613092005556,1.2945091036877638,0.0295868168118987,1.0122686957799292,0.7194860612850675,-0.1092723958569214,0.8149393715276864,-0.3805381673090497,1.0457718250672146,1.1407547062476933,0.0789169382037616,1.505304918628383,0.7250559678352889,1.1846053193426305,0.9713721085601238,0.9839815424699092,0.933240185824348,0.5325570682532982,0.960138622385307,1.4169617149393108,1.7753461626758955,0.8397348476865828,0.5112864653754169,-0.646043977964402,-0.6579362710686202,1.1219968512112977,1.8139481619089728,1.0798699078772525,0.7500432860301074,0.9655460652804092,1.0643199357971345,0.2739137767541978,0.9770507100328556,-0.241785636643976,1.375212943299709
TCGA-05-4249,0.1294281163998846,0.4783661923636255,-0.3082920378391732,-0.0315574765390483,-0.3741776202420681,-1.3106702768767995,-0.1267174654207376,-0.4617778740399617,-0.5765699389420396,-0.7259592796353188,0.0912235268171705,-0.5952321105218228,-0.9228386502228584,-0.4589989115560624,-0.1555710529187879,0.7082436862133179,-1.1313135418973612,0.0939927788233866,0.1585048979389326,-0.162752460668727,-0.0319036274923462,-0.0319284122773822,0.6181200873043953,-0.2014941027432413,-0.3651013552327751,-1.0185884991200658,-0.3474119848736786,-0.267894700525897,0.8595007465643436,-0.7185737990146807,-0.1118242849970139,0.3038474081036657,0.1768502912807014,0.0092049344890024,-0.5687480989802582,0.0241758324799922,0.2085566336463169,-0.8101911596159852,-0.2747331044516323,-0.5856787790543048
TCGA-97-7553,1.2829481004685024,1.400149861456264,1.1987653271823049,0.9609415112648776,1.3637318965605083,0.3432785679483107,1.5527327485643183,-1.1607428206661283,-0.0182012863581862,0.2591474318241596,0.5107134477625602,0.3142304216464269,0.4714032718129247,0.1577470826764712,-0.9492804991865972,0.7633798831466749,0.2393494546686231,1.5137261704613671,1.835431729699509,1.6595230246368229,0.9280349600284096,1.211310794375259,0.4329142695484953,1.4338853334004673,0.8379499543421366,-0.1983620664851888,-0.7242645523862591,-1.0366973492487774,0.1520977099060921,-1.099395577261938,0.4441941085902321,0.7005444409982838,0.048990244119984,0.9068132109829182,1.406879764864354,-1.0064864365353168,1.0163695338582963,1.0794390949126338,0.3298502908641337,0.5630274154456177
TCGA-75-5125,0.9227243610390132,-1.0216424573117342,-0.1245638543732088,0.0859486620566993,0.2342649287311959,-1.5807635236789648,0.4417372975532362,0.8050485409457568,1.3893504625924182,-0.0496455394709821,-1.1838721479874994,-0.8867729093372917,-0.957398970092214,1.373209629395772,0.5006088604874167,-0.8732416757986402,0.0228983087663003,0.3519990554428935,0.8612771558055,0.5735862281660816,0.6621511198100425,0.7188680095033599,-0.7315556946629888,-0.0038876650189752,1.4832793268259548,0.840884264599562,1.1581722990230163,0.9342455751586862,-1.6067847053448918,-0.242521943817992,-1.1458691884206171,1.379604328356436,-0.0145763260902728,-0.8754791678394996,-0.2472503740551765,0.5334498805461271,-0.5666963835615202,-0.1423376249135865,-0.4387335304106776,-1.408193666871947
TCGA-67-3772,0.3016493034178161,1.039376649911764,0.1153909088605805,-0.3475047994410133,0.5065567450711005,0.6203174179203148,0.5023884731828554,0.4930614168657434,-0.6277426453344944,0.8134000642475013,0.1434682503802695,0.6191066898484681,1.727712024833224,-0.903120861331048,1.0528540791371628,-0.3162437034908388,0.4730330704388868,0.0989459178033371,0.0503393793746563,0.2193735515745054,-0.0231638227366855,0.2642118474861615,0.2819229036269831,0.7292342304725254,-1.9841479296361184,0.4352583515165028,0.0266036164390208,-1.0310579430954665,0.0437592219981623,1.396606275553103,1.165317806096616,0.4613940258298048,0.5169565589974848,-0.1130030933357514,-0.0555279060819852,0.0052062361992033,-0.1369589550223602,-0.0033399138545214,-2.0874165284393893,1.2717237246091226
TCGA-78-7147,-0.6268268113238008,-0.9117664230739914,-2.080966192036532,-1.2104833252865677,-0.7995950982374018,-0.5411182516968057,-0.844019522772977,1.0864769592879149,0.7860082368131597,-1.4074344758420272,-0.6444170247856419,0.0768257853622258,0.2804074242637581,0.4986111049164594,0.8803885187648693,-1.3330840384457032,-1.3488310975436273,-1.3221299632434556,-0.8977193382180587,-1.0442176886776435,0.6259464243012258,0.0842517633775305,0.2112072202194493,-1.194030102191561,-0.0498909689547579,0.5931507502942521,0.7562417356676036,0.0354087947841833,-0.5062811739959509,0.3810034354060026,0.0211838071487923,-0.0054800469905872,0.2420868961005814,-1.4628370132272488,-1.5616777857567257,0.4938654202005191,-1.4776830807011812,-0.0130623264087393,-1.748901225683276,-0.2724095455153767
TCGA-38-4628,-0.77344121472556,0.0475598970355773,0.3792089063026676,-0.2236770288581576,-0.4610788753569477,0.8183797898956829,-0.4173276008879377,1.8907102026248064,0.3980164019285802,0.322801311130209,-1.18267611634749,0.0353071415367158,0.973592330613774,-0.2414230673237217,0.5019286387492414,-1.7551359285283177,-1.6725801584219488,-0.8826973208858295,-0.787985127263523,-0.5852355630585419,-0.9011381109183716,-1.0411557070914306,0.5250116472263769,-0.3157797735213257,-1.7163017001418797,0.1949627075383779,0.9645176194547068,0.068093019614192,-0.0119641250684663,1.9368908679477128,-0.1379173884181534,-0.4922060712180597,-0.240414345866658,-1.06341693414775,-1.4946602536007716,0.1613221901940406,-0.9830428245352127,0.7696711807011911,-1.9757870782313824,0.3928553711124306
TCGA-99-8032,-0.6507069561934206,-0.3178728570854768,1.033691957699988,-0.0259720448412592,-0.6181594239595565,0.0705875854024466,-0.4988519637038075,-0.0687396575853008,0.1591350420405101,1.1912602251191458,0.4894714419210957,0.9473553892242128,-0.5319256505671973,0.2477273165855981,0.7401297305668535,0.7855324675287748,1.1621053168403734,-0.1358950281494078,-0.829335699119944,-0.6946389748789492,-1.465884355578099,-1.2343322022590253,-0.25162696319764,0.3379442295536398,-0.1533403013595832,0.8316736130280643,0.5675331398208064,0.6500096554060689,-0.0437032573707438,0.8528404515896317,-0.6637835711194728,-0.231728527256425,-0.2609084598820685,0.5037146818230175,-0.2358304752389243,1.4111018091413432,0.2893943550325045,0.5541777413200908,0.1483096209939651,-0.5228095162164974
TCGA-78-8648,1.5960017472938142,0.1662343077290559,1.9901992156519612,1.4746377752962754,1.3656996009580458,-0.4727657248713914,1.5820468660021465,-0.7362526421867636,-0.2721391395230959,2.043682784713808,0.0754013799160872,-0.2934903610649885,-0.5582630000874218,-0.1790149280125398,-0.2201533621725122,0.9564244444250016,2.2769374465536685,1.7429262101778855,1.2920950438158034,1.4732057714747178,-0.2002982188068425,0.7372107224728854,-1.2101452679276337,1.2683072244173312,0.4458976079377932,-0.2434247085268309,-0.7931151253863703,-0.7344652224726109,0.9218591604923954,-0.8019318129585493,0.8840992935311341,0.4303297701956461,-0.1647928689639863,0.8966539867683867,1.5881915739423351,0.2459638622896746,1.2357550385626004,1.093275203131703,0.7247168482591915,0.5648096265456987
TCGA-62-A46S,-0.587308147249052,1.3228962773496773,-0.065413592711901,-0.8721224403112036,-0.93054290451687,0.6733207049101196,-0.3061888218157507,-0.4785240668040582,-0.9454688317953076,-1.0357524285076751,0.0196986278303229,-0.6418414333831962,0.7214442861209251,-0.9132371502315492,-0.102524474790828,0.5691343100793053,-0.0265826168830485,-0.092998405315105,-0.235807775346881,-0.4467309494212998,-0.8425004309902031,-0.7712606851391027,0.098410060424903,0.1983858957350969,-0.9651432375313928,-0.7668597150808653,-0.5714968743729227,-0.5415121052086848,-0.0726039889545773,0.293292080261019,-0.5073801739473756,-1.3808293719547635,-0.8555888882069437,0.1006198461053841,0.0519870363413107,0.2256492049686651,0.2735493676517068,0.4901006428588715,-0.2082147071169401,-0.2015694287001729
TCGA-NJ-A55O,-0.4910875523419488,0.4059775000762955,-0.5145423364268182,-0.0011088770805722,-0.4492419248720586,0.57575070715654,0.0009949738867236,-0.7120286488060564,-0.7368296050040768,-0.725476089259218,1.292581218435313,1.2912493224260642,0.8667939189140205,-0.6167771882855425,0.0390834145870143,-0.09392476540072,-0.0756362276924341,0.3857669987104561,-0.158313637973822,-0.0938250769469205,-0.1387836086554517,-0.3688858561973384,0.4001083832740488,0.1104248310436177,-0.1323240891992572,-0.5520004065265347,-0.6727682140289953,-0.2283977378657873,0.0102393007550267,0.6880146974025785,0.1632467393265052,-0.705767892389748,0.1781522673160655,-0.4892462471615859,0.1189798565504252,-0.6038426937574962,0.1353439320943676,0.7098077085566223,0.3387455533203219,0.2680667160164848
TCGA-44-6779,1.290667375062933,0.9196883271519302,0.0425180764443858,0.8641526956407501,0.8758817470093396,-1.4065042109832966,1.142558238918003,0.0049453701355223,0.8426953563857403,0.6880738290195287,1.5571288667208218,1.307145890902254,-0.3969255996459715,1.1127606236506475,0.5152040052959987,0.724197793706475,-0.1446356737873415,0.3737575584356858,0.936168576497942,0.9700269101093136,1.432683460158654,1.4466871951432,0.4561771778998038,0.907930059005778,1.5065442782193132,0.3942480781501297,0.1326595258395207,-0.4222504436874702,-0.1449588288013283,-1.077663670555143,0.1079963108999841,1.7950612205617766,0.4606318281896538,0.3810797875404957,0.7959378791731695,-0.872361959917642,0.548594127757208,-0.6303465768329225,0.3859811984427229,0.381686956379729
TCGA-97-7938,-0.3996487296837064,1.566435730150177,0.3279697226853544,0.1344107547181193,0.6911776994524168,-0.1024612644447727,-0.0155858719234288,-1.6763134614664004,-0.912900446422544,0.1066485780559698,1.0744127748660075,0.3063439832006717,0.295817104593929,-0.8533616278850268,-0.8413905722951813,0.429256742811997,0.0329657621945994,0.4369327549515363,0.0826156698846483,0.3955143163984768,-0.86049796033939,-0.5313907312063114,0.6849855241752599,0.1648965128537155,-0.320073459392663,-0.9676029545137412,-0.725362323978551,-0.9285828186036637,1.036205352772408,-0.85859805189904,0.9846397199283924,-0.3838446510793382,-1.7540094893966247,1.5906346213857971,1.5102667727457182,-0.50227037913374,1.1464384601910242,0.1041129173369529,-0.5519777101356766,0.4114518162506429
TCGA-MP-A4SW,0.3394454030714988,0.3152399696765893,0.2841368881222563,0.3383886184161286,0.3563424980206671,0.835138309169245,-0.2160194720688046,0.0634702462063704,-0.121316082698145,-0.2317292675568192,-0.7959403350370673,-0.4952351896610623,0.7755225675662876,-0.1593217259656474,0.6081205831350033,-0.3180479035267557,-0.1344873253810523,-0.0126437029122086,0.1735451780721489,0.2908659358027736,0.499445774851842,0.2346793132826024,0.1711614487837717,-0.2171076883883541,-0.121733586502382,0.5332352199930991,-0.5920861678126522,-0.0776553595076203,-0.1363353972890735,-0.0299741725816941,0.835449143377352,0.4225765529698726,0.6642369581969384,-1.2683745190420377,-0.040802988465997,0.0005593052511993,-0.7362436086887607,0.472419447966028,-0.981554009796358,0.7523818831895699
TCGA-49-AARN,-0.3365982687961977,-1.1540936453289008,-0.1715835779731952,0.6037682846139094,0.0542709064807185,-0.5947500035889789,-0.2315353530484458,0.3581522815407673,-0.2820873477788608,0.1773078227626818,0.8738985437674277,1.3387992487059488,-0.4246267112467792,-0.292868217380272,0.3239032939509527,0.4992035783890175,-0.5313483810146603,-0.415198537210136,-0.2716088750499781,-0.568759739170741,1.325077688364483,0.6417459182774199,1.3730405184595669,0.2073708740122904,-0.4333685432229913,-0.7318661763571629,-0.0015003678345058,0.1838563156721665,1.3801547088613315,-0.1826526917799305,0.924122577263957,-0.7372845531363457,-0.3686249628430267,-0.3263710501654928,-0.387217668998896,0.1772045981633642,-0.2774900757236724,-0.0901899773662234,0.4463429954577111,0.2364291356592513
TCGA-55-8097,-0.5804844305128952,-0.0175473413747823,-0.5250246534040358,0.4874019586170319,-0.389227058320073,0.0288720298231493,-1.03922317816044,-0.3544409847351774,-1.0289463117291573,-0.2964452406773762,-0.4724208131418889,-1.0841888699108442,-0.3749459898477718,-1.024557983991792,-1.3599239702462145,0.282839580038412,-1.6363657060768515,-0.8023594320813875,-0.5321733336206801,-0.6060189120675082,-1.3778302552134154,-1.4082520059457344,1.0207598430125224,-0.9239354744994503,-0.6885215745293282,-1.9411885311909045,-0.7893832280765415,-0.8040242509533808,1.1858123836855543,-0.6846591399706314,0.4862001816013059,-1.3910142091722044,-1.4194367837904942,0.7190424649895899,-0.533192707811848,-0.9417383193552158,0.6101086618662149,-0.6312930978809232,0.1414084550110681,-1.0307458077425595
TCGA-93-A4JQ,1.2288416590868458,-0.9516450335351884,0.573717599883257,1.4426854176122803,0.8675172014122658,-0.9424788017580688,0.7804527105696806,-0.3506580184665282,0.1300771973631706,1.6269855524208674,-0.3536517315508278,-0.0518027871729995,-1.6054818212733442,0.2673632446734309,-0.0986180568001003,0.1644560412194926,0.1062501416788904,0.8341012916137308,0.8768442283541836,0.7692959265274172,1.306717989460908,1.210031920018363,-0.1503159120923073,0.8742802951821733,0.8677207385850175,-0.1269363818990392,-0.2081384168462484,0.1644527814595154,1.45201322463449,-1.2978361214962308,0.833821639377767,0.8803300547690351,-0.1396820128666143,0.4857775515440498,0.7023244601893942,-0.3648504305255004,0.3682686264410684,-0.6470207205391182,0.7390848695901693,-1.033076285041035
TCGA-55-8299,1.4593724204045413,0.5972419679546721,1.0665754728671115,0.9810763970387708,1.0133217122194444,-0.7486422032241147,1.6124041908282971,-0.2874476164639477,0.1629461221802114,1.373728993806853,0.5019399604333228,0.8298754170156344,-0.4187005704775457,0.3234603377769808,0.16504341453805,0.5623874162057354,1.0218797570320604,1.1765151506771614,1.5232886000707064,1.241084873173363,1.1738939964408557,1.5064718228902918,-1.305101746193439,1.179848403145531,0.6426677894694901,0.4009860591172151,0.2129558412875843,0.0757407304330921,0.0038859293947463,-0.1074810460941107,0.4782739340659404,0.8319921471865285,0.3954851945866137,0.941775373971538,1.1075355501435384,0.7183149466500772,0.8893398345790375,0.6834677844279987,0.8917463912141826,0.7599120499640559
TCGA-4B-A93V,-0.5201615295301538,-1.774346387255198,0.097566444989075,-2.5018659657032627,-1.4065315209587692,0.5637828291551549,-1.258598338069311,1.547144411309393,0.5477807962074124,-1.1327345745420847,-0.5015878803866418,-1.269624422719428,0.0389293666458839,0.4535984360140204,0.8920585155916979,0.219215882069771,1.1511755738378362,-0.4704117884246641,-1.1981944863649208,-1.1484885294830804,-1.92540805978298,-1.2059649608263057,-1.9555694985059429,-1.4696707915733,-0.8068217866978521,1.0108887513212612,1.0912985340388008,1.9256085172916555,-0.7323484022007183,1.594041269810704,-0.4720311785623379,-1.2390774383870244,1.5521935611156334,-0.7188386818616328,0.0115112469824072,1.425386482414585,-1.715880788715324,0.8926884442916918,0.0729719809259834,-0.0205168619726244
TCGA-75-6207,-0.7487154287761362,-0.3979811327556541,-0.6969766997329017,-0.9718012471490224,-0.8765951591236528,-1.976805593165936,-1.1553449683899584,0.7109418805376023,0.749763912952581,-1.2315308339442237,0.2618940822407045,-0.9036395980850054,-0.6717445105803406,0.6446754303249741,0.6539186887760806,-0.5830000577346945,-0.347379411742766,-0.9060062475068108,-1.2239902423974525,-0.7595175936037926,0.0541765465706752,-0.6022918326123566,-1.983519671914074,-1.1927709932478323,0.2106440150268447,0.5248147593242913,0.9119915195495476,1.9938509060529968,0.0475219065248996,-0.0829279416843828,-1.0508838530816338,0.0712466123105832,-0.1788499410668858,-0.3510380183387536,-0.6670750455592724,0.9875649627216871,-0.6826532896983282,-0.7577484382390788,-1.096201847048896,-1.3159149969056565
TCGA-05-4417,0.9341276194079716,1.202958940970477,1.6952024902414071,0.4381121182984174,0.2970973887160152,-1.1047015621264948,0.9906037809397684,-0.7115288396607146,-0.3494035288131175,1.3350151976477718,0.9202735237675652,0.7320491616172694,0.2991417088033666,-0.1203621938788346,0.1104694493942235,0.5690939701128938,0.7766255559138716,1.1757805564239112,0.8557188799008028,0.7503001137348829,0.0712937939824843,0.4535142285583977,-0.1803006461101122,0.8211019964547603,0.113631626300109,0.0979509259988605,-0.130378917514655,-0.1800274022832021,0.3673762564337755,0.1701297902620672,-0.4345674168524194,0.7984348906010584,-0.3835295402779261,0.6682072171581185,1.0137789281601235,0.58655036018437,0.5763375021531927,0.2939258200114283,0.38624084634385,0.2628609360422769
TCGA-78-7143,-0.29658732688605,0.1628743318177347,-1.4472355114347255,-0.6289163050279856,0.5694712863734659,-0.5276909976092782,-0.4408710351088856,0.3105876512001848,1.0347645221998265,-1.1780650584580497,0.2908340179836562,-0.0704745720080963,-0.4408596327968593,0.8724011175459724,0.5222450530683584,-0.4542004984178267,-0.7629618755178854,-0.1593133096634642,-0.7051346892280673,-0.1630799873946516,0.9181125705247066,0.3505946902407938,0.1883370048151029,-0.2371988620832384,1.3157549335151442,0.1763525115836861,0.3481916289297473,-0.2355662878329393,0.510198534543313,-0.9211391567225512,0.6393763808900337,1.138979328486036,-0.4056752374554022,-0.1038676843508074,-0.3699024753569907,-0.0232032895934873,0.0379020395808624,0.5154604871705897,-0.7303915372646296,-0.9762078797886012
TCGA-44-3396,1.121803441222583,-0.1693914860950837,1.0309837310736156,0.5934596938338302,1.2205640309991372,-0.5081908971320104,1.2292798239074954,0.8578966205025403,0.6132250141023657,1.459409485869542,-1.0906547175965666,-1.333615880065245,-0.698141927193246,0.3671459669354384,0.5951521801695039,-0.0462758653807492,1.262984667917707,1.025043108960381,1.7390660511964158,1.626247909339113,0.5087172713689062,1.034886640770294,-2.090966195685195,0.9331654334548886,0.2651171892377594,0.7503487393504227,0.6915018844199242,0.1033310378026528,-0.1104383141012744,-0.171497081969687,-0.0432302134483835,0.4370193695910968,-0.5892082404002879,-0.1325305805521122,1.8901059131473368,0.3187794286134947,-0.0498815470677309,1.0562444857182631,-0.8551725197423018,-0.5683404374775182
TCGA-53-7624,-0.7154753091932965,0.1757586054588133,-0.7405319418104738,-1.216176076588201,-0.4170478012558799,0.2047994845637843,-0.4444606552476407,0.8639010284397723,1.837112849970223,-0.5477571054735324,0.1557399172575207,0.34606306516749,-1.827763814090616,2.057127304676468,0.3968852683114643,-2.134072339742018,0.365751087769416,-1.2907188065639923,-0.3693724517353753,-0.6718563643020408,1.588604614203805,0.7148296490655957,0.5514005689308408,-1.8185790406584887,2.149632692065325,1.5193129200663391,1.226290527640393,1.0591119619844198,-2.7000708185382094,-0.181355516140805,-0.7860015294194403,1.3363185770332369,-0.3100379910821516,-0.0348891253532805,-0.2443932517357748,1.0054444516372456,-0.8067959469540373,-0.4261293290020475,-1.6379696841669384,-1.1592268347823351
TCGA-75-5147,0.2788376875007371,0.2538684900960669,-0.524698979894051,-0.6364750821783899,0.1876533201971172,1.1333080013784311,0.3264012740485528,2.014852089674492,1.1761266910088066,0.1833793158281529,-1.6617782965658157,0.6126678138747729,1.3917613884061462,0.6307569434436879,1.130542784103682,-1.6081177375522713,-0.1144532792967204,-0.0012536954961958,0.0337119289316071,0.1788246914726247,1.665862739964841,1.076005434648953,-0.1741127825143157,0.5128798417134004,-0.7955412246113959,1.4090904954015484,1.6514026570447342,0.7319593202797022,-1.7219244663494202,1.8154011052148569,0.037930498271265,0.8567415480045263,-0.3938267481878895,-0.8852438821994095,-0.5009306084768896,1.2712227319824827,-1.2380274202290271,1.6384448680800383,-2.2264475760388867,0.5057268996399383
TCGA-55-1596,-1.0090493146104698,-0.2628879109278142,-1.4073680166821063,-1.730951819504435,-0.9825018984812914,1.5465227437139342,-0.8822131422528244,1.112313689270243,1.4473368402424005,-1.500249307751506,-0.8484939257318859,-0.7470971090900238,0.6983825691566935,1.163726120649449,1.0111356291421492,-1.2206195860358908,-1.9208176402067632,-1.088640888742204,-0.8372998137897258,-1.4026768755170644,1.68101423375133,0.614079418633935,0.0300761233819388,-1.3982922893932586,-0.1231437763481618,1.75411413188532,1.1899577921996294,1.1069659310623714,-0.9447286853302342,1.397975036345777,-1.940557412423021,-1.2993442346126869,-0.0109020610039821,-3.2284344847504536,-1.5437049394211604,1.8090809910866683,-2.6350834829591,0.33824094753695,-1.4026451246912317,0.2961123961899823
TCGA-44-5645,0.82208439333403,0.392901811797017,-0.5541042300036566,0.1204437066253121,0.2664411654547374,-2.284015846417438,-0.1466110643857644,-0.7718553868165907,-0.8363638735385901,-0.5308054362053796,-0.911549021971416,-1.5457903121983148,0.1720143404772735,-0.9543978664182144,-1.3795361160696695,1.03174014806535,-1.9070792541249224,0.0046474956881326,0.2228461254591591,0.0742588976974902,-0.4591731346323378,-0.1326994378584188,-0.4294865812229989,0.2441202345345899,-0.2498540993181325,-1.528445840080166,-1.0174027263281884,-1.2174696623380896,0.4520834670932502,-0.6512531926245371,0.4961249224950005,0.1572783293030867,-0.5592530781078074,-0.1150542991583176,-0.6404819821898186,-1.47000322012427,0.4687440642443268,-1.6494055472378986,0.1213057852760746,-0.1399262265498173
TCGA-05-4244,-0.1886616216179795,-0.3620322031921256,-0.1989057466308364,0.0742643400381929,0.2681728357444972,0.8455008377826907,-0.0683140413655833,0.6557744356574328,0.511962440903769,-0.5902712537536742,0.4697065176554463,0.0297144407173237,-0.2381095103919874,0.2945595231532711,0.851507694978079,0.3021561065245342,0.312046989134399,-0.0192506274250894,-0.0027947634984001,0.1725541381342177,-0.1729058361477176,-0.2186249650439138,-0.4534902431894174,0.0161021311938031,0.2334922184320191,0.6392863450720275,0.4003057906174471,0.0053084592824335,-0.1833577924559283,0.3376232670339743,0.2620466194577161,-1.049689799802234,0.8973452366374524,-0.179995897639222,0.4532904752808656,0.1132519944155418,-0.0012750020031406,0.5509901274802914,-1.2690369442946026,-0.1093823525913399
TCGA-55-6971,1.5487096265167175,0.3252432507464285,0.7837928411771515,0.1592311328544447,0.767943774460573,-0.5824244233699736,1.4025976307170445,-1.024746308221093,0.0999187604681452,0.7267288450259248,0.3616523051560976,0.867270864215115,-1.1235913365824015,0.2453316508849336,-0.0160366097986334,0.1567460995275623,1.0321812375409425,1.8079344338408907,1.4144302393772328,1.4993731659794438,0.5225019322194773,1.1919737204831802,-0.5268349953618646,1.3330204865774316,0.6142717837777467,0.2750370320594922,-0.1178722436776174,-0.3348629687438529,-0.7985472064995722,-1.493216852722416,0.0641376185785818,1.5934554313050138,-0.8957132322278588,0.4922935764724246,1.1914641357778692,0.2162821032721552,0.7672337824758447,0.1781082806852232,0.4122406842652842,-0.5502893636021117
TCGA-73-7498,-0.7779377711248195,-0.8731001527410647,0.0244440149682707,0.7375588434595525,-1.0628370750038512,-0.6909744818384214,-0.9659157074831636,-0.7501625454049877,-1.329194301817949,-0.4937437615963035,-0.0324956837110489,-0.8437484761794652,1.0067137010677614,-1.3309239607020449,-0.8119735692737293,1.1460549643234097,-1.7917621220363442,-0.808068051123663,-0.7588279547144149,-1.0689187272166838,-1.3173120880347011,-1.2789633379561152,0.1743721525849209,-1.017922384886932,-0.7390463941636253,-1.7691973592106829,-1.2056225721430254,-1.018629108704521,1.3244003773252562,-0.2259266139697145,-0.2540306542310855,-1.2457185212731057,-0.0808595196044567,-0.3364202074122951,-1.4804483072376025,-1.4719704724163092,0.4317399573525667,-1.760978844713233,1.7695105189885256,0.3674341603776059
TCGA-49-AARO,0.8237197669383034,-1.498100772645822,1.07875633585966,1.3559772116786042,1.0706210226580188,-0.848762255107079,0.649854348013113,-0.1868985370675432,-0.2216432020837389,1.1538662635008117,-0.2988626214892956,-0.4701871371776248,-0.8879352256578136,-0.2975713598647582,0.4089572261133805,-0.2731101444258987,1.0871428334541775,0.6434225922635514,0.7358282467055988,0.7292229070864973,0.4886516660115367,0.4810985247734819,0.3087322680756978,0.8426376192050589,-0.0506441964832449,-0.5563752628008177,-0.4915102294951119,-0.5617248188134628,0.2935820013592389,-0.9282609622141444,0.4891056048960305,-0.5416294462514044,-0.5300880600664694,0.4843666171555136,0.7000295882277255,-0.7603084529681984,-0.1272947680830492,-0.6467715506444585,0.8224846110272039,-0.6222278243433126
TCGA-05-4396,-1.2470852185012955,0.5773495753377181,-0.2249668277729339,-1.2123764843064126,-1.5665661948136846,0.1515448518463049,-0.6477406073286208,-1.20309291629642,-0.447683690353155,-1.231954023842329,0.6240760918266129,0.2242363998975507,1.176360774443007,-0.2874389028949595,-0.0976269183370535,1.2063769396813493,-1.031276336975705,-0.914972807527301,-0.951827846067581,-1.2490583900069003,-0.6523994095141183,-1.041493998153593,-0.5306339606924491,-0.760717763493036,-0.1059904647434117,-0.780993576349051,-0.7240880838467724,-0.7466979356282046,-0.5964212789421007,0.1548558079787883,-1.4862341651368576,0.6682945537223224,-1.601394245816146,-0.0329597359084285,-0.9115940311087176,-0.4474367811126359,0.1968312885536566,-0.5328087854030685,-0.1762574733014926,0.4658880700861945
TCGA-69-8254,0.2461331624715133,1.6565542934987825,-0.4874858407088467,-0.070756343271406,0.4629350104487211,-0.0688858607103163,0.5735534690003683,-0.6201878927698005,-1.026470662840091,-0.7041333715403301,1.572080571509836,1.4408217641373742,0.6091781297197134,-0.943959515878926,0.2243015891528461,0.0307591774899839,0.2495843359910252,0.8673525602659027,0.3817753996570268,0.355597650761166,0.4951870837834108,0.3948874872901776,3.015635611515296,1.0307498948496328,-0.5673218374128994,-0.5964079831104153,-1.1514694910294094,-0.5762709150919806,0.6336664772802719,-0.2974113232109978,1.841337456756013,-1.0043953554300789,0.4399265292863046,0.6548527605988435,1.1216156687214534,-0.9478718807068576,0.3265622913664239,0.2857464293617275,-0.1837803648527984,1.25932690846928
TCGA-J2-A4AG,0.6679520818607801,0.333150507964314,0.6859621440956174,0.4748098560648162,1.2332445026874626,-0.6740027853232136,0.5962542373638284,-0.6077646175058073,-0.6701505026237822,0.4255395654245429,1.141448055635881,-0.1064990968511281,-0.9405549428549904,-0.8054279436668261,-0.0902560612504047,0.6561534436508882,0.5263010898629364,1.143057213702842,0.8225253473855473,0.8433884919581701,0.1278616648519387,0.5043901624205643,0.6829331614866582,0.7775865559539005,-0.4350852392368569,-0.9958555748906804,-0.809909823084019,-0.4212502995697546,0.5166032730499954,-0.8711610779294656,1.1492197716685726,0.8437741528093838,-0.7082401838762276,0.8081256553352018,2.055036292976423,-0.1607404077605929,0.7060544688778496,0.299867554415244,0.1759807933714216,-0.7307663755706818
TCGA-78-7146,-0.4238864899902227,0.01424827663314,-0.3206352043165581,-0.1912404612980559,-0.1250212156195356,-0.4888660507663676,-0.369371847559818,0.2699767940480065,1.5916507896450511,-0.5935883872869359,-0.2631597967475372,-0.5711171537754693,-0.9907690788095288,1.7252258963326097,1.163967912849667,-0.6208268602119443,0.8676594873874299,-0.4822966841129517,-0.394053264772644,-0.3875670669075172,0.3280797820833967,-0.2470639187284754,-1.391297068845316,-0.977271933681998,1.4183107556331864,1.2421948996518537,1.3537088014072602,1.6562039248852127,-1.5998627227022213,-0.9470138500946008,-0.4979625357486195,1.0334212516228034,0.8897230930204227,0.4991246680364086,0.2293857515464648,1.572590758776436,-0.439544135158734,0.63509673165246,-0.7461354665575692,-1.088338772721597
TCGA-73-4677,-0.5691799790167235,0.6837656100639917,-0.0035565713942522,-0.8844131381064857,-0.5481278035814175,1.2733387264956533,-0.4843753035714753,-0.1640766536291332,-0.9840301891565156,-1.2324597548729286,1.0161475520999297,0.6985359090074141,1.7564739431610723,-1.043162950227936,-0.2010710740841245,-0.5260052823516294,-0.2647283598460883,-0.5077334777738954,-0.675912763724158,-0.5163092561139327,-1.3356658940066948,-1.1419077868939216,1.459319292528256,-0.6301192196855702,-1.3422140708233274,-0.455554735066917,-0.4882603389486226,-0.5369229548564636,-0.2838710792400549,0.7963323024055322,0.8399367751281696,-0.8809254906958309,1.5625359874716251,-0.6464092477740108,-0.4159299800102916,-0.2424684247395739,-0.0431683496980264,0.0100237034135839,0.3352805764444508,1.266959956150126
TCGA-97-7554,0.2417033455647905,1.1048804175133964,0.4713075443698336,1.3693808230142903,0.4709064432691524,-0.281356862672184,0.2537114042075297,-0.5414364752405624,-0.0595462853630814,1.1667276546002652,0.5647816971473775,-0.5185623733382693,-1.0572578446205847,0.0227574570411161,0.5945856936607308,1.2716348987474322,0.4548553897797823,0.0639277232591893,0.1335960816490856,0.4831226953118015,0.7696458366715507,0.6938135526346738,-1.4948394697980056,0.4058639126376994,0.6903657336980927,-0.0168353327729977,-0.3654335965242092,-0.3503034714291032,1.013295069391236,-1.256789564736918,-0.6978064316534272,0.15386737196677,-1.256964851120684,0.6047435114621028,0.0655377198286686,0.132423041731012,0.8972218613528139,-0.7014654517226175,-0.3838462013658263,-0.7566898909390755
TCGA-L9-A443,-0.7347084537533545,-1.2152667801391086,0.5895607318107744,-0.0288454089261694,0.2159955401226602,-0.21546915612459,-0.3479212769951691,0.0437063942759778,-0.5831643528015876,0.9082732537856854,-0.0562015666811745,0.0151217066829716,-0.2749344966248052,-0.7953907566400991,-0.0884125325393859,-0.7538196129897661,-0.0917886963946518,0.0201466678436652,-0.7333202283912621,-0.3628013356009835,-0.0650084008529425,-0.2549566999976156,1.9894002169776093,0.1663134023785128,-1.000334940486149,-0.7946325616767909,-0.3840901619026339,-0.7408161358652139,0.3580514470533712,-0.2245578892153213,1.0333543465427026,-0.3227275749699359,-0.5974138770678171,0.5084323650827522,0.3181227948146111,-1.1317072552005516,-0.0669787663524366,-0.8415380975340702,0.3763680617918851,-0.484978545490566
TCGA-55-6987,1.9458784415153936,1.1622434969021695,0.0462446601164193,-0.662974526951067,0.8328474015536564,-0.2984983252782364,1.632859343393842,-0.0879527895517718,0.4542508335710984,0.0557559628389401,-0.0473541511588567,0.6652360630405203,-0.2280658773722918,0.6021890859932681,0.2367981554938809,-0.0918038258451777,0.8375142397053091,1.4590932148015967,1.4072185186613737,1.1099788594762414,0.9802789264056324,1.5908772443434172,-1.2764721709904687,0.6654780578061281,0.260613538586609,1.293139339606419,0.8946945101329045,0.8609110373348733,-1.3109035553704138,0.4180143372575097,-0.2168652318143616,2.1947943532336565,1.2115157170857316,0.3035682838671261,0.7017168732733359,1.1929946842611057,0.1277889605338031,0.513427524190345,0.201754250423475,0.1837146948656269
TCGA-78-7220,-1.5913372053019954,0.7136994531903915,-1.1499853941105656,-1.611085607149253,-0.5194686091776713,-0.2817427766509266,-0.5419087674245723,0.4111101703749008,1.369283431557386,-0.8127973495529456,0.6720134401263451,1.836564882669124,0.7915524109021694,1.4523302964853138,0.6018943346199366,-1.6842861268533065,-0.4321475763455024,-1.252866621627801,-1.3961030057981612,-1.4225222768946133,-0.7403427618674807,-1.3134747940164704,-1.417117009264547,-0.961443272593357,1.5915019751091712,0.9876277050391692,1.1389833754800511,0.934137377853999,-1.3922998890449645,1.2615232974672916,-1.421969480566335,1.5403124302732227,1.4616900754544129,-0.4623695513112318,-1.1568038180990894,1.1583700491062994,-0.7183910323951441,0.3930924098875243,-0.1950663004306675,1.2647112556594056
TCGA-64-1677,0.0754614981813112,-0.7064323140987585,-0.7298129836907322,-2.0381024166464745,-0.051097039087018,1.3087462827831793,-0.1993431317687478,2.7497406223392704,1.3340686164796396,-0.9220835571436315,-1.3354809964213592,0.6792325574131345,0.2679165859013756,0.9540528532503596,1.2622165550136777,-1.849874638510505,0.1233095131208076,-0.2380044330891613,-0.0746497188702068,-0.2146556513763183,0.3181753155328267,0.3889593177836509,-0.7343286272754908,-0.894161995749043,-1.2250490807679284,1.6802011775174062,2.149383301481828,1.4179303835713832,-1.3256661840466313,2.2575739642148887,-0.1647232054034619,0.5174653336131475,-0.3444093172876887,-1.6935537759875037,-0.058170777374211,1.9209006294058455,-1.8301349323935587,0.9250784094259852,-1.4797461108924743,-1.2839689820346294
TCGA-73-4666,1.043745393655842,-0.667092153221442,-1.8291929755615235,-0.0094685262312264,0.2127071272289757,-0.0139721793973326,0.956633860883813,1.7607729721893988,2.0452454042271424,-0.7340483866237957,-0.7829483072221208,0.0358206354136333,0.0055558721852773,1.7719015612709452,0.9110382076536396,-0.5671827595263014,-0.1140781092241608,0.0007595225819238,0.4749880114815549,0.3348222088200536,0.8272819398060218,1.046607360920757,-1.083457921847618,-0.1614898939926185,1.2985182974127638,1.644846055561472,1.2631255158814498,1.6538364784724182,-0.3255253504504926,0.2349332037831239,-0.3184431500233654,2.0475335762822744,1.624138561350951,-1.3362063662749688,-0.0211460167033707,0.4399727447739797,-0.9584956395099298,-0.162722290913285,-0.506307704560562,0.4190263397997238
TCGA-49-4486,-1.5841113926750028,-0.6202235875110436,-2.933587311710146,-2.828634404003369,-1.86063909588275,1.132435779639955,-1.8498397542632512,1.714685204986018,-0.7001910076299883,-3.134802914711232,0.1449444211980358,1.0395618432675438,3.14464679889733,-1.2568955062864993,-0.4087175112565174,-2.5045514629664525,-1.8312714196036763,-2.221878022813357,-2.1008028946735178,-1.8632839371204133,-1.39131407143252,-1.6964715547178153,0.2475835875099258,-2.4329706425667688,-2.679646093496045,-0.6191249464581686,0.5592393711304963,0.5928559984517466,-1.7184679581330031,2.8810000082685225,0.9223405140883708,-1.835496222652688,1.564173078301468,-2.0790741915576745,-1.5462471616583002,-0.4064127499150037,-1.8029476932922408,0.2035133097742149,-0.9753313564017362,1.3585725038465646
TCGA-MN-A4N5,0.2310115895990986,-1.872836296311028,-0.9190369744059164,0.2739060668867972,-0.18281914457382,-0.2272887661353625,-0.3269682723064649,-0.2081403780695201,0.2985683334526527,-0.8145876073787977,0.1511688450150266,-0.0132714691794303,-1.627812514126116,0.3264254879868764,-0.1040697135057239,0.36580652779069,-0.6487145648037145,-0.2888845719617316,0.2496164045467769,-0.2224961613982994,1.0387517518003409,0.6687604831760842,0.0627827630385301,-0.6101565446099558,0.573837969470903,-0.6631821435026878,-0.0399718314784941,0.2820734184233009,-0.1455177670033874,-1.1434012932565834,-0.0550593814044982,0.0183383909141179,-1.1124211275258151,-0.6698608150776084,-0.0424964691952008,-0.648504565908892,-0.7210564321929436,-0.0152075847305527,-0.5393645123684452,-1.105018684046635
TCGA-78-7152,0.1348463353447332,-0.826684525843835,0.1713688090346877,-0.6390743976170314,-0.1543802128707498,0.0840193610585262,-0.2542744671528573,0.4605812759376471,-0.1782777213412367,-0.8289310006229499,0.7973012939949707,0.8220969129755654,-0.1361796373177712,-0.306247621390958,-0.245861640560063,-0.1400958481368195,-0.6567722647688392,-0.3644611587848924,-0.1992726940116203,-0.3130488504695414,-0.0377120726822592,-0.0803965786391317,0.3430675134148556,-0.5998515923466977,-0.2851048034204536,-0.3312043282671987,0.4225251486118156,0.790364467129996,-1.0707905937790303,0.6500761113302037,0.99129520344846,0.5324075529315648,0.315088360232799,-0.192427056377829,-0.4852663471280933,0.4819330204226133,-0.2581516874871077,0.5046122106654205,0.4797925728150804,-0.2296273476232275
TCGA-83-5908,1.463679014616453,-0.5185383463198251,-0.2066859044218381,0.6936410360643062,1.306048862792448,-1.3998099414052998,1.081292536212431,0.3489380519090702,1.8640693051822252,0.4357783377636106,-1.3280368200278618,-1.4082614150072137,-2.146503175570309,1.9666198455571413,-0.0436938979428436,-0.2203963720808652,-0.3293717153554344,0.8780716334463755,0.7636844492149983,0.9528501571043232,1.851891262866636,1.86909625637282,-2.088553577188731,0.6416076477348649,2.3705915942514366,0.6871458138874801,1.2835365961382466,1.0795082771014364,-0.4661256422329402,-0.8879188258601399,0.1383369427877595,2.521507609502909,-0.5239828318499509,0.6139700059147809,1.3213856585303048,0.7427541205790689,0.4187698433971012,-0.6653277725377983,-0.3028469697749354,-1.7230760530846676
TCGA-50-6593,-0.1146658245465226,0.0849279600116452,1.079536597274086,1.4472594008577229,0.3465105802258392,1.157535842982104,0.1364706251523471,-0.130888161460876,0.1639156012952074,1.2579377105510663,0.2443404611937428,-0.1408965260539388,0.3838376559467799,0.2269304874261517,0.4431686558763445,0.2494589724118209,-0.0489205727643821,-0.137533891520151,-0.0732068077990659,0.1025139486702264,-0.7649739510953898,-0.6391026369423622,-0.1512087709710979,0.459401285866186,0.7617028343512886,0.4631653679257309,0.1597234778162566,0.5075004556057292,0.7832880267509585,0.0738365935630237,-0.4176995893510015,-0.5121908939304811,0.6176802697698771,0.4253020899809797,-0.229090750785185,-0.203935749503977,0.4013913206881631,-0.0192315888562786,-0.1118541948590658,0.430817063151457
TCGA-MP-A4TC,0.555577869393883,0.2222296769088745,0.5085439991797462,1.3118936744050214,0.8341993014350458,0.5204945773322118,0.495566916368852,0.0178284598008507,0.6628389455533588,1.7163990288651376,0.3377431861251798,-0.0743978934559565,-1.1963467945792243,0.7022967158829038,1.095220396386918,-0.1533892621023428,1.3621200245162466,0.5259473121671637,0.6188036956974541,0.7410790598476411,0.9748047155277028,0.8810591542264656,-0.5706085509357391,0.3815097874459711,0.8917994681799165,0.5821677981723996,0.3942324313608187,0.6291991349125221,0.8852433821658824,-0.4300946599730659,0.4068496176996491,-0.7358415198914461,-0.2020722898314701,0.2564601739459539,0.6518578887643639,0.4565399502301042,0.7019969216750056,-0.0057710803855191,0.7280388649254239,-0.4712324094773963
TCGA-78-7542,-0.3872044742922998,0.0256970930362237,-0.6809572001960326,-0.1590537487762205,-0.0061678912132883,0.9467647227936352,-0.2036403424225972,1.2989105224542887,1.6807516510656508,-0.999727672724655,-0.1033906014391073,-0.040335794103977,-0.7629987737980816,1.7285696056231965,1.171046580118322,-1.1441137517826367,0.2645211574986728,-0.7081693789577983,-0.1496610489562037,-0.2280690671363862,1.8933490988798647,1.026014290777837,-0.40220677224136,-0.3240731421665837,1.9314175086428291,1.1967615919421584,1.1323343225658755,0.9057962337620106,-1.2630634818657844,-0.2581155231506332,0.2672552636760247,1.2647116903363027,0.062450815354029,-0.3766685585170606,0.1901036325009475,0.71255716753154,-0.2851601110583824,-2.224580816324608,-0.8891132630508775,-1.5389982215658329
TCGA-55-8615,-1.691785052604739,-0.8943000850636691,-0.3496140050941954,-0.8370712958468977,-2.191261373611809,-1.2116561624638402,-1.5049726392715894,-0.1497204049141646,-0.1904515597137122,-0.442713264805269,0.1238372621980897,0.2537657066354361,-0.7282704381461793,-0.1015598736345826,0.0423432880283882,-0.3339864490221256,-0.5516878096739591,-1.40405704401967,-1.33225816646466,-1.5202025817541531,-1.6608771089747327,-1.9957046630579536,0.2617262741094192,-1.1103467345543787,-0.294398857235211,-0.9013784067394016,-0.1363754898623178,0.4415073706438288,-1.0276420958312729,0.2522710290747118,-0.9629962323330588,-1.0961175142048123,-1.1224999843241532,-0.3721062432278487,-1.2666526023268234,0.2241889936774793,-1.1968443764603125,-0.743768726358204,-0.4728624970924699,-0.1701997400664205
TCGA-55-A493,1.2063031996604543,-0.716194462422718,0.8752136852133396,1.1945459835826644,0.7817809367823788,-0.892441898632585,0.4531682632661766,0.2812791178810869,1.4925259488272324,0.8000863619453684,-0.5323263935165653,-0.869736261939377,-1.9719079920321223,1.5394866858031715,1.1085817581354576,0.42967304737786,1.1675868094578712,0.9973334652110568,1.1226423383270143,0.9991187479431144,0.728309278229574,0.887448882818067,-0.7423725375988579,0.5723100127402977,1.9607375946761945,1.0310673370071612,0.7496090729626566,1.480562222532951,-0.569592751388382,-1.043204026707054,0.0929580355465359,1.363128894488055,0.1267180262164273,0.1847772557509917,0.8973326770874291,0.7967992595339569,-0.3618453819342899,0.8737014100798904,-0.1934575722371842,-1.3853529469850794
TCGA-71-6725,-1.2808186894695286,-0.6614704409819168,-1.215807333525682,-0.5469863458162539,-1.135721445794756,0.2069891468896851,-1.6380250539399497,0.1549209783286676,-0.3264324774194636,-1.9630783189476984,-0.356836460860111,-1.5442037499805557,-1.018421231645921,-0.369719721553489,-0.9171373938088684,-0.3057141274767953,-2.5429517308257714,-2.258913792465704,-0.8447017701274072,-1.031801305301609,-0.6400347790034718,-0.8377343171560718,-0.435568865453931,-2.1056686779776936,-0.7450604875460881,-0.4158815596918298,-0.4481696916539404,0.2636025301552956,1.0150083696011662,-0.1459624411058801,-1.2191374942993063,-1.639475368898598,-0.8433765669734826,-1.1641216021590264,-1.015927798982548,0.6860139647798194,-0.474412005274678,-1.265840175404748,-0.9527045076613806,-1.164225958011986
TCGA-73-4668,-0.8186067102513718,0.6852435057822546,0.6925348439206073,0.6862652910515423,0.3021620638957726,0.6787841031020935,-0.2636721396372418,0.0909467514945626,0.4382731190608294,0.9053444994729708,1.1888602806120805,0.1088601439755887,-0.7115020445018715,0.5465905839544093,1.1865936925094545,-0.3275762865931748,1.4106091581934217,-0.0188474483411865,-0.4026518634141173,-0.2823756592434709,-1.8500337358508272,-1.5223648347609973,0.6712418810017308,-0.0564334088876381,0.7358058026901264,0.3672436435634919,0.5962319785135948,0.8127845261817214,0.6376008583370648,-0.3379364825609501,0.1396681576052604,0.0004141836431358,-0.291773170530695,1.05962908358658,0.2234483281489764,0.8154192368129108,0.876841217118484,-0.03275249685148,0.2229525292492592,-0.3804864635613059
TCGA-78-7158,-1.1186362807865424,-0.2752915233116471,-0.1127097540569032,-1.2016562791007228,-1.4048458529135797,-1.3362680287909474,-1.682496693086451,0.4338526725484017,0.0517782596599682,-1.2722984055279574,-1.19394000679138,-0.972578919897146,0.5787997781233747,0.0491871293441464,-0.6640237703243058,0.1952014882558716,-2.855246212826568,-1.1836142749652934,-1.7488661347038963,-1.3049768788389091,-0.9742407445616303,-1.542629113767637,-0.5782682665389243,-1.276877460540677,-0.4566398083817485,-0.815807397915321,0.7048917633393197,1.3332273533115702,0.5801192957446344,0.0561410989618147,-0.4891735677040214,-1.736193536480495,-0.7666712388014377,-0.7603415955381021,-1.5401527064536098,-0.4222523633967547,-1.0007594184458963,-1.5055670117605866,1.4361540996191795,-0.7553183310090468
TCGA-44-7659,-0.7840174747393753,-0.6011579065394062,-1.2135345205369483,-1.2718757834488068,-0.2567663089094862,-0.4264187021312005,-0.831856002310041,0.1593050422567093,-0.8584416116383325,-1.1325044693819253,0.3710795035027482,-0.2884447938878411,0.2277365002058282,-0.981683051121763,-0.8900753802118914,-0.8155561839338304,-1.3976588400223238,-0.6912621479591707,-0.6705481074149637,-0.2584495649892582,0.3331257624229239,-0.178312377884988,-0.27642955614229,-0.899872905916528,-1.00570487546302,-1.2633933107768596,-0.4958387258035542,-0.1528097365621287,1.1139033126498827,0.3321755987448558,0.6746329921201913,-0.8426843707893438,-0.5916119994124804,-0.3092444275027752,0.0330549920802065,0.0211495352465253,-0.3732479446144611,-0.2872518703902193,-1.185855086988168,-0.0389500014495995
TCGA-05-5425,0.9150389288966848,0.3758406471656259,0.2933703269964398,-0.2260681658277361,0.810489333747219,1.517763598504354,1.208904340975748,0.9112533983127732,0.683975040658698,-0.0770803222847996,0.4560912499619523,1.4687668148122244,1.246396060817763,0.7073856104509997,0.572309127022044,-1.157371828525148,0.3487375388155716,0.7051000474133899,1.088284529768602,0.9133270091608844,0.8308882365289975,1.065667088042647,-0.1882389415325713,0.7969134673226839,-0.0031543369089382,1.063761979672918,1.189349465667557,0.8023657832853016,-1.2519001579975308,1.828491612005424,0.0993823079678152,3.09080174122601,0.6834205385540045,-0.0817845509521864,1.009597637979203,1.173456449985669,-0.6439760103309461,2.3618953748302194,-1.0634613493643272,1.6045316086680637
TCGA-64-1679,-0.0210205147662638,0.5524902016842287,1.23152697168461,1.7251864876823877,0.4930297430565894,-0.3950473550134992,0.2417468474005517,-0.4941993076545845,0.0996082902534513,1.8784424291192472,1.2197718548520893,0.192269014693479,-1.341493168807813,0.3506315105835872,1.242443415833057,0.818908792268193,1.8459452213398797,0.0610708290676372,0.4609920577783291,0.7244467314212568,-0.2701959001722677,-0.1098200363899798,1.4708745820176057,0.8332792049792316,0.840342285363202,0.0059128023103694,-0.361836441570869,-0.5715214063071146,1.4782152211704256,-1.305001026284897,0.0177797026268568,0.7028012242780061,-0.5128976695771851,0.5905424958096491,0.1341823954800893,-0.3352449104479645,1.5068362670287123,-0.3642894682854948,0.7447354248113638,-0.8771226924671918
TCGA-55-8506,-0.2289382085347762,-1.1543733868314188,-0.9362900978824568,0.2312927066863908,-0.2781193939170697,-0.6379958803917725,-0.3011237175009564,0.1513317999324173,0.1521904032936115,-0.1357383482147652,0.1099129849518073,0.0564462265083686,-0.7436546873407812,0.3290896766988939,0.4965423719665919,-0.6573634678664203,0.0670560906012247,-0.5894908644710347,0.117371119913659,0.0027131066172059,0.5590695437407899,0.2180987759127053,1.1235652227302677,-0.77801366425279,0.3922709161550163,-0.4425069591068991,-0.710530528617069,-0.1768078555132148,0.1247532920986265,-0.4042483689107439,-0.8025490786030723,0.5311636737045432,-0.7157168894345424,-0.16858319906779,0.0359892567938842,0.0573733919648624,-0.6660465382211729,-0.6517250545152896,-1.5064142835683905,-1.1065837343554603
TCGA-78-7166,-0.9988533496465244,-1.3143547038811154,-1.5184809392799077,-1.4610366943363786,-0.5692623569217695,0.5142950489412037,-0.830472432128392,1.6093404775702616,0.5517458941821416,-0.965286186546742,-0.3077295490284412,0.4877545011221991,1.4026499724232826,0.5532396248842265,1.586365612944416,-1.7961647031701595,0.7095554443000712,-1.0035265728272804,-1.1303196522660903,-1.4511836916188663,-0.5807864322807771,-0.7999635684454174,0.4187053245017179,-1.0525651538218856,-0.3397024287975526,0.3547315934116793,1.0257983150785703,1.119234496990831,-0.5040573385910603,1.646253343456633,0.7823333439979993,-1.4059788217589169,2.1289937367242766,-1.1789781379802706,-0.3137325697860403,0.3275549265924729,-1.5381804561357575,-1.0528164033251357,0.6470740710904106,1.196560125871657
TCGA-91-8496,0.1714631663250148,-0.322294385627117,-0.5433085920846564,-0.6117675567913652,0.0692188724050266,0.3016199258152143,0.1873086604070625,1.0290576840985142,-0.8616873629195796,-0.944783406052624,-0.9651889065441104,0.1464684663055798,2.6334317249851398,-1.4164827024106412,-0.1633401714632524,-0.3175721562381165,-0.644646307657504,-0.1018105540365089,0.1609898060335761,0.1204045111698014,-0.4075764774360936,-0.3206629534511038,-0.538838409343799,0.255376770200041,-2.2735723503687306,-0.3470185603420194,-0.0961034768922066,-0.4913125021388785,-0.2246615968868907,1.959052332418936,1.1116507889697276,-0.1708537642584733,0.4561278475428023,-0.1774045143196951,-0.4229259550003025,-0.8755960729941962,-0.8797191769905619,1.1763665524193907,-1.747133387274202,1.2925154987359446
TCGA-55-7283,-0.1924263689800139,0.4231870902406964,-1.97174008620104,-0.1551706198724941,-0.3448254657759035,-0.3601883182198663,-0.7056689423612771,0.0406855665592471,-0.0227426280405247,-1.3522974640423435,0.3345910505158798,0.376405392428447,0.1929985082315092,-0.0619131053698448,-0.7975444528308929,-0.0888512191793862,-1.5683963251575217,-0.4400915143894444,-0.4018235631432506,-0.2526002266090227,0.2793124602725896,0.0099111048211216,-0.4122994498423258,-0.6727691179773874,-0.0535807628091936,-0.3869345364017767,0.4077987216406277,1.218538172478096,-0.3939406758052274,-0.0469031491974003,0.1924158262790962,-0.7261432313609492,-0.6444828807204035,-0.3270692881429645,-0.2408655245342779,0.5152118707783355,-0.0894464349300466,0.9129514021504268,-0.6606136187795882,-0.5725931492905417
TCGA-55-A4DG,-0.1919245244605052,0.2671594055084224,-1.380857520953901,-0.4411934935600646,-0.6060301103010219,-0.4634903446653926,-0.7469094778429618,-1.0520891579207177,-0.835711885471451,-0.843625575855884,-0.2575446908858372,-0.8874857005608118,0.1188948926481017,-0.8759067368558945,-0.9961668442050884,-0.5842980769805033,-1.1612013333283646,-0.7719551370833213,-0.326089665086609,-0.5536732626099088,-1.2134679310195469,-0.961649163667887,0.8748890044483415,-0.6476670071699795,-0.4489785707222181,-2.0108268668127804,-1.435001894497994,-1.0896813247132626,1.0230472235064858,-1.0445469448576394,-0.7797636663197899,-1.773356087095157,-1.6505368839613994,-0.3380469187341516,-0.5306307736883358,-1.5225568651469206,0.4351825465111552,-1.6665510227702525,0.8075055231764238,-0.4218789481523112
TCGA-44-8119,-0.0586448016832842,0.6433855672749516,0.9727152932691634,-0.1553041405112843,0.5403367915002218,0.1244077932419903,0.0214418901672938,0.1590196899933088,0.8382949406502839,1.680683302639794,0.7043761068501802,1.2719281469640418,-0.9890756321739947,1.0540238605920098,0.4407562764845931,0.9629601607164268,2.2469238592826555,0.6848802343590922,-0.1336712193840371,0.1051557035461615,-1.3819090160008725,-0.6481736899232734,-0.5847525580960145,0.7015196321539919,0.7580853038212366,0.9646804883868528,0.5569161258488465,0.0598158641191146,1.1385878940666525,0.0236422610055774,-0.726097045199243,1.2949371089269457,-0.7279786589393135,1.8120687713095611,0.7760045528076956,0.7713827509161644,1.333619096676263,1.11944585267423,0.9091839902758276,-1.0617666712080245
TCGA-71-8520,-0.740267733422329,-0.2973396134800835,0.8229648572886127,1.0629748191725454,-0.0978619390314302,0.7406730714211,-0.2266538712330682,-0.6638493577036021,0.2597096668622893,1.252307700274686,0.177809644685122,-0.4985824156248838,-0.1354782953207868,0.2176944207233174,1.336434094985108,1.6557139354564474,0.4423860823673068,-0.2305879710363468,-0.7205744991027264,-0.129620605704114,1.0245391747732535,0.357647746832782,0.7223805354400857,0.0851517674631446,0.784976660340878,0.0473145852637628,-0.6252486317095247,-0.3109174719234213,0.96876466845655,-1.1606266970954953,-0.0787098676126348,-0.4494241348177932,-0.6600466516119724,0.4156186698576971,-0.3021579797798969,-0.6569293550529253,-0.0870260446411057,-0.3870679175089944,-0.1601385453079167,-0.5781651543059639
TCGA-44-A47B,-0.317798412364634,-0.5159428633882133,0.3229510450559055,-0.3594379273734859,-0.8066745724710249,0.5486972227488239,-0.6628006736064029,-0.220082417372317,-0.0629763997912646,0.0389687081684248,-0.0722496005785146,-0.3574400866189299,-1.6645371923446426,0.1599907087066442,-0.4246808269317511,-0.1863669440828857,0.2556693839393889,-0.2029896612025617,-0.1031650722994534,0.0546160285855985,-0.3945179566331403,-0.6364394927733654,0.4663410408659722,-0.9070881045442032,0.2030649055124864,-0.605302136848786,-0.3020777964213054,-0.6732771485368256,-0.9228940852747912,-0.8336232111529385,0.0249069643142695,1.040233615649044,-1.0474313488224098,0.9225965368134588,0.1318435906621033,-0.7545517725195557,0.0981795738058942,-1.0031165632314722,-1.3228850312128604,-1.3908045281151278
TCGA-73-4670,-1.0522047135611363,0.3858928901275178,0.1837205049782075,-0.7724410670177031,-0.1919963505709732,-0.2185219936271911,-0.5889067056853465,1.0347650179690782,1.1540132779726844,0.6038193240096351,0.781597907285172,1.5341219912965651,0.1392215749313062,1.2093964136005542,1.804375161954632,-0.5419391256262059,1.9651499841909013,-0.985361857335954,-0.5475010160847654,-0.4821960213791247,-1.2741654161238622,-1.107132291147593,-1.4523204209958434,-0.3141889071236022,0.3272395976492852,1.6429472736426272,1.4200837827777932,1.4102677906642036,-0.9360138868448136,1.7572625312449497,-0.3515785226569565,0.1546288684689671,1.1363823613655208,0.0300202282208856,0.4752391051194152,1.6557100940266771,-0.6758599385758102,1.9015442598535184,-0.5365299182934504,0.7715624715115863
TCGA-MP-A4T7,-0.4360303365238127,-0.0623251522172846,-0.541551272736094,-0.1973302760482685,0.0880611630979533,2.288527147350538,-0.5317901485708659,0.35300129700161,0.1393448899657342,-0.8512186768374835,1.4276166336790204,1.9446124002361411,1.1750720167284208,0.1615377111085631,0.7549686626449588,-0.7112082905290208,1.315493290625379,0.1044606669046996,-0.4675912247670167,-0.2325887625738223,-0.6121822312575905,-0.635634736979037,-0.0649277773761829,-0.169393546151915,0.3878190082017966,0.3736824526109385,0.0573053726259939,0.5177962600228149,-0.0593022732262106,1.0553479753156438,1.5911085938950489,0.1118724915559032,1.2497518954789584,-0.4609896609681742,0.6582850845192186,0.2208631084006049,-0.1071367204613715,0.6232903183125981,0.6327752176808187,1.4941790348340047
TCGA-55-8203,0.2207256612741762,0.21987635929569,0.2317394666714277,-0.6975788907180919,-0.56871179749072,-0.4953342913628246,-0.1113151937709487,0.0658944375842043,0.2188055966070505,-0.0375540360987928,-0.1994232457299666,0.554848506854405,0.0710774662128928,0.3792619596444748,0.2155554373971462,-0.118001494036635,-0.8062864146316517,-0.0978718267004212,0.0179548575132273,-0.5898673353766241,-0.4238438130733458,-0.15119778852713,-0.8670716954633517,-0.312235915295497,0.1600000743274362,0.5726063378678586,0.5307616903250957,0.1872075003657921,-0.0447591617919354,0.1510573233030233,-0.7319098015253487,0.2091780041582699,-0.519249295289959,-0.2164385628314039,-0.3401140648500783,0.8518494657946579,-0.3986981168963445,-0.8249815221059016,-0.2834814082092175,-0.780536794531328
TCGA-64-5774,-1.484423924419537,-0.8668567581992781,-0.1939515002753845,-1.2099627026687567,-1.7063426443499867,-1.502159346922611,-1.6581508103414746,0.3565967723952162,1.2570177492151855,-0.1986133285341258,-0.5002911564703982,-0.5432394180695866,-0.6885670260407469,1.4455092605148434,0.894307199196835,-0.8822563688790183,0.9660023820660572,-0.814363058410947,-1.2552357689178968,-1.2977802125096074,-1.1319695850806932,-1.2089529699961192,-1.2477191548178608,-1.1049485608957956,0.9763808917876108,0.7813398948318431,0.9649493008129862,0.7546108087505443,-0.8746667371733614,0.7199888178984514,-1.425366216227547,-0.2018648398607222,-1.499755136324724,-0.1883192759849394,-0.4281941230951561,1.2215155043016734,-0.9875095660116032,-0.0506093698898089,0.4730474681675709,-1.6365372905067117
TCGA-50-5933,0.7751145629890361,1.0072549547280032,1.7162227094021176,1.5805786523439027,0.7246861313720924,0.0863942821049426,0.8596289034234471,-0.221791111534168,0.7645982421233434,1.7485622253686983,-0.0985032915763525,-0.7411302368901549,-1.185279563339271,0.8861984403635552,0.7338382790494163,0.4207480901072635,1.561510580703925,0.3932175912160302,0.7478135360040863,1.0362734478726794,0.0744583121844805,0.4045447235443643,-1.7655523514778355,1.053408246079947,1.264903000320666,1.1878724166774517,0.5064676692885549,0.8467726405774098,0.7324000188961924,-0.7444393169468017,-0.4412776356684116,0.8535722527239193,0.0679420303352751,0.8744837737053393,0.797615816633782,1.2405002124409692,1.1102308986960747,-0.3870894978498721,0.2649409788799112,-0.7205181754494554
TCGA-50-5946,-1.8969290299527064,-0.5614902201205157,-0.4930500734348421,-0.860380175225267,-1.3327780718372837,-1.0324842779165186,-2.1605275512833995,0.9871223900637472,1.74468084234179,-0.962501882482778,-1.2950020028545752,-1.3039895382975686,-1.678937497077663,2.030670837495951,-0.1039283402779387,-0.7188698000821592,-0.8623975331570133,-1.9427997056120925,-2.059747462107426,-1.76227057823538,-0.6039509671077133,-1.0382930290788994,1.027133086371403,-1.9166251323480752,2.3748523720377,-0.1117923333856347,0.683818912728716,0.7140200994993527,1.306287277072647,-0.9342647626659996,-2.25410488479944,0.3080011607687625,-2.6047428195597875,-0.3736382703427584,-1.523641692050493,0.4331153705475408,-0.6920505206926458,-1.4473632704620691,-0.0956568885398692,-2.871646443849964
TCGA-50-8460,0.4759131352250466,-0.8665912940194271,0.1381989978160274,0.6060775303525399,0.8058373064707888,-0.6612567272214032,0.1780434434367548,0.2521334665694842,-0.5858303501651987,0.0177799908318829,-0.1190244104276128,0.6302946693926985,0.8296808974206932,-0.7290705832920171,-0.1542048229500739,0.0307481023165576,-0.1817551869517757,0.4147469255287387,0.5483978256221089,-0.1768969777376264,-0.423061876753466,-0.2099554635753418,0.8798820591903099,0.1554049586240686,-0.824060325607366,-0.6665074922779018,-0.3197906735775767,-0.0957132497980136,0.125427449355389,0.5416118203987595,1.083297499039623,-1.1295926269820469,0.5961229790930366,-1.04147894403141,-0.6061291015445064,-0.685598329784737,-0.3113383836914314,-0.0678668228564445,1.288656769889891,0.5834469880643149
TCGA-05-4250,0.6050357649903285,0.5922946979679988,1.2501965862575244,0.6250595920523392,1.251660634320199,-0.1757763141248308,0.6162198680648326,0.7487331327407712,1.2021775400262933,0.8441139771533354,-0.2460113103137768,0.3086398458733213,-0.3917926655932502,1.1575022087536562,1.2378516855953872,0.5047464986618739,1.4253216341559745,0.8192782627647844,0.2404888798876839,0.6344738512120136,0.5215531825580896,0.5381544009656077,-1.3117478040106625,1.045769201392907,1.2676161303332594,1.1870467697705114,1.1973493723040471,1.09195337838647,0.1234378070028844,0.231609918435147,0.6661654631552324,-0.0690623897911172,0.5063298914254053,1.0097312935581362,1.3135088052986132,1.037040193534076,0.1476628011891251,1.139418790956562,-0.924739655004284,-0.2501490348070599
TCGA-L9-A50W,-0.4403052082702674,-0.8811593306631117,-0.0214833354794516,-0.1441691514081358,-0.673812204857366,0.1120989554502855,-0.7509526716755907,-0.1584307764002984,-0.8894702603185742,-0.7044121696991311,-0.2259548777106426,-0.0986730068277916,-0.2643761309925528,-1.04028226989795,0.0177953074191382,0.5006408766041468,-0.6140643367902934,-0.2622033734869419,-0.1946984521385812,-0.4795926052888705,-0.3786919235398924,-0.6266475001110153,0.7611108368864351,-0.3537733851082748,-1.1772795562823872,-0.8646153739048291,-1.224221403909399,-0.8605725611364972,0.6387515017376044,-0.8487221090046957,0.0017478642417283,-1.4567441851677032,-0.1446595844124491,-0.2017987262075485,-0.7308600393271513,-1.2229489823459725,-1.014978550274187,-0.2138153113181765,0.2299814293563638,0.5397949954653918
TCGA-44-7662,0.296221246689048,-0.1189401649911872,1.1500320504417472,1.5932589726582729,0.4328705323816024,0.4669766456129651,0.3482378310819282,0.5336185249072515,1.1178026849754836,1.7520040383287143,-0.2198396118834596,-1.070198583349251,-1.4362774052391567,1.2119013741156828,0.8929679270151987,0.0590678360030195,0.588089995471402,0.1429103992528909,0.3438382516994849,0.4449625319384748,0.8940530002253554,0.77778192272945,-0.6981601177112653,0.3944394694104901,1.555550414272615,0.8904920672656742,0.6125538209239494,0.5638288233598113,1.8726154691848824,-0.3549233586363006,-0.4151035080885058,-0.2293697726905286,-0.462437542700527,0.7057135210458898,0.4119242910374356,0.7039197322030922,0.6559793641387692,-0.451033267976048,0.4717380976692193,-0.9452947780871248
TCGA-97-A4M6,0.7721167212074675,0.2055319865053753,-0.4501504425661177,0.1799051131765894,0.7552327411634603,-0.9782939735966828,0.5963908491630674,-0.3611390581879599,-0.825068471646771,0.0753464788671159,-0.2993675000278291,-0.7771625994008252,0.036917717657891,-0.7666650186272513,-0.1088374501702049,0.3277233704736116,-0.4722360007255778,0.6114733232784834,0.6834303741535904,0.2158383879753886,1.4857597872775792,1.316138658707126,0.0956494076231596,0.1142101353900196,-0.4196981636535467,-0.7725303816871618,-0.9157853315338028,-0.8946518949632879,-0.1293128335573408,-0.9812109102306248,0.3377315112729016,0.4812288612660205,1.251960858433624,-0.460019340268542,-0.1462867958098318,-0.7927315567815966,-0.0939997650198694,-1.188452151955065,-0.3314797169800805,1.1247880198068034
TCGA-44-7669,-0.377701458230417,-0.4899316124688199,-0.208905113492003,-1.105428002634976,-0.4156583901702204,-0.0131107076192556,-0.4191696109502748,0.3153487379420288,1.994293096393535,-0.4447537711140983,-0.2484816783735198,-0.5957926548733727,-0.6558218777353775,2.068442639889638,-0.2225193424591952,1.105827320065757,0.1266468780212476,-0.3019944717664566,-0.7250623558797962,-0.5650328097811362,0.0204066925148072,-0.1654344362755505,-0.0397870693912413,-0.4433153420692677,1.995541929182432,2.002397371996957,1.4160831036162391,1.274894042278748,-0.8688769276354241,-0.0133581078150039,-1.942900591188732,1.7946261959600245,0.3985340547924161,-0.2896837922365942,-0.5737845941202622,1.1910825626220232,0.1294658446715405,0.4689854273029352,0.0320947986060814,-1.037029042045627
TCGA-78-8640,-0.6718944260412358,-1.112583829034816,-2.578398287929258,-1.4947381135399984,-1.128610208975282,0.5427993428497824,-1.2980212923138923,0.9180401105751342,1.2571173975305066,-1.6378266892498718,-0.8546776177830505,-1.7626715711190082,-0.2312161950108784,1.347313798565758,0.9906896805674892,-2.0243264806648864,-0.7556883633376369,-1.3255022809359651,-0.9541278683830282,-1.2781515370055,-0.8108510940048711,-0.8250430490535976,-1.375449204770629,-1.59667531280091,0.692930055254242,1.6472993138226284,1.2015761010470427,1.943497510450456,-2.038940281310351,0.423631378187863,-0.4371755688308681,0.555555180189712,1.1254298738182162,-1.8066810177713104,-1.4095077129362437,1.5070367323275422,-1.920129253044023,-1.4205612069126534,-1.6894702235327053,0.0897917715385303
TCGA-50-5931,-2.3061131144785016,-1.6339041653850663,-0.6052388606123106,-0.2654912696286658,-0.6038271914375475,-0.4033857016237291,-2.1497616248682063,1.6212914417445137,1.6806557968890692,0.3128222789232217,-1.1804436915552678,-0.8945552191394297,-1.1547566073341151,1.7169225590027537,0.4373015596323131,1.6469224335479975,0.4141718475644586,-1.4585978517418985,-2.419501863061751,-2.2683758862145504,-1.677111644606662,-2.211000388192077,2.073766303738603,-1.570756171954114,1.53338235751078,0.4858404172903626,1.7101746438776193,1.6451174463749911,-0.7760532138001879,0.3321393559264364,-0.4325314523108631,0.5806738127572947,-0.2628384188333555,0.0509902645712671,-1.0150906871340029,1.6757052312532597,-0.4582854842281569,-0.1687021180629243,1.0539886614344527,-2.6287278154494924
TCGA-44-3918,2.048057658568697,-0.5282053593544596,-0.0006801862530983,-0.3673405915381287,1.3791632475495066,-1.1456848263538684,1.409352934816568,0.8727900909970171,0.0772742632027042,1.0537753440750437,-0.9237470869035764,-0.4099379918294702,-0.4780631301361013,-0.094296052245211,0.4525019932743204,-0.7972252698610731,0.8370948258254965,1.1347572497000051,1.5596413563317562,1.4918205391743151,1.3355818195198883,1.740188993230242,-0.9395633511963908,0.8917039355175173,-1.3283101467290284,0.3752066648482887,0.7975744856443313,-0.5608053949620488,0.0660249946461932,0.6746141659629618,-0.4009045330084821,0.5564375513661253,0.0411292611775666,0.035405527717155,0.7352881823324556,1.0199354038278543,-0.4202253551576376,1.1675030424291972,-1.7009125105304703,-0.547725803182909
TCGA-93-7347,1.5714337410227694,0.263649191042008,0.4964456378562353,0.9546931661992378,0.9597769649090566,-0.1245754443630303,0.8709825031212586,-0.3854411496317524,-0.6190502823046903,0.8335919199412329,0.4916554836610788,0.4265441411011246,0.416530130436838,-0.6096602907478885,-0.5812413630028651,0.8706481539255306,-0.5681630860805871,1.1608333320344435,1.018531980890233,1.0170697312303374,0.5542347944473274,0.8060749547344231,0.0163435394309159,1.0618516402146123,-0.3950691445467097,-0.3200178215193553,-0.4753202645335951,-0.4562472428986734,0.7763630021145376,0.206629939737712,0.8431570423121452,1.0138787616487788,0.6431510418353591,-0.0322424307211062,-0.0355319406554675,-0.6064131180807821,0.1530959363758431,0.2724374915221242,0.5398097171536714,0.8751303834745509
TCGA-38-7271,2.109065421719578,1.2105662782718507,0.6748694247358156,1.1513578550823285,1.4468854656408838,-0.2929396834987079,1.7000913045268975,-0.6874842519544756,-0.4638376106042152,0.7469587149227029,0.8174010189507629,0.7270565040756992,-0.3499448182287922,-0.3769764738093186,-0.766181359435304,1.795365705725034,0.4865168921913635,2.0926452695584348,1.3726012004084245,1.376023410700382,0.1023298225466828,0.979670496818402,0.489992569362787,1.4128495460395936,-0.210492314789269,-0.3667414408495146,-0.2179410837957763,-0.288451257922398,0.9795376495781982,-0.4917193487288868,0.6126887834697479,1.4182820135935867,0.149401827314499,0.835162217791488,1.547480761933705,0.1626770283259277,1.1223610693849095,0.4321672368991002,0.927811197664902,0.3190412202905528
TCGA-55-7724,0.4476272523408087,2.296583914496677,1.548948608862393,0.1296785080743464,0.4572867326335746,-0.4098646185179635,0.9627319052252826,-1.387188638853447,0.3160000594517124,0.4968128236130255,0.9637084020285048,1.19096659808641,0.8739288988674028,0.4982096452549561,-0.158926919492456,0.8223096925501694,0.9758116354810772,0.920904599926068,0.2281605056561605,0.7276301702090923,0.3946751499145136,0.5215412537472122,2.2795737784133823,1.1087671454194905,0.2201763382455436,0.9236264855202304,0.3409597755457479,-1.3361305605507037,-0.0552840210454072,-0.3864907175495021,0.1093443739714233,1.2841946725271176,-1.1779018039859075,0.2695921026487682,-0.0226347177177374,-0.352613185644483,1.6593107300680454,-1.185837674537448,-0.4946085878063846,0.2006185007767915
TCGA-73-A9RS,-1.704077951516331,0.1109097676120376,-3.076714939509241,-3.21359538737955,-2.046000861182796,1.124960956297201,-1.9472488500176648,1.3350816297983734,1.3928548365368634,-2.278559922121386,-1.486293341325049,-0.5796174145222778,-0.8752331017304426,1.3928955124691973,0.0723486263468688,-3.1534159947416014,-1.1110197288887271,-2.6858074289183604,-1.8425873080389064,-2.046509199236469,-0.7111212766061439,-1.1959327076804005,-2.568448435806755,-2.533177659160538,0.8375483220801893,1.544363282352014,1.1274893823405343,1.0243179992004412,-2.0835604723742605,1.4880688891034912,-1.972065415982336,0.3617007582888097,0.0925843002854817,-2.5835029653055104,-1.3249006111713906,2.335157009936133,-1.7698943008776813,-0.8773834817207851,-2.8531912538173625,-1.582837168856537
TCGA-49-4494,-0.1116115139955945,-0.6462076199437747,-0.0566320741779303,-0.838516554342428,0.6376083685143221,1.856875245103756,0.2012954917495736,1.867030595882888,0.7977157534588466,-0.393944690158153,-0.2613103062852902,1.0893628593301414,0.6343770636817679,0.5145431957327913,1.866199078276401,-1.424541306056188,0.5835542457289856,-0.1900785839837787,0.0820090483306328,0.0879727291496495,1.4433618543271038,0.8046386416986814,0.8465552499567154,-0.3528004263437999,-1.2839352951590914,1.6362846828030095,1.254174028743748,0.9670211675565052,0.1601568610569231,1.524721665099591,0.8219394167961506,-0.3825069841763314,1.142685530573953,-0.9987456999311856,-0.1365581933376395,1.1764713975602898,-1.5837166165399283,0.583560781388829,-0.9801706255037672,0.3855799787677219
TCGA-49-4512,-0.2878240469529558,-0.9651570724380296,0.775162848074265,0.8795932490606355,-0.3922530249574951,0.8009840923098086,-0.5337164004504225,0.6742859619860337,-0.4282648369937308,0.9637468931075112,-0.657122826844616,-0.5917864410237484,-0.2001898322005834,-0.5847382661193216,0.1579561223831995,0.7312062397933773,-0.7478586259680945,-0.6295536140920178,-0.8099921939120271,-0.4670494312532924,-0.0860964006696439,-0.2679655136015795,-0.3670332561301787,-0.3096672889437689,-0.8611233253307344,-0.6566998020494448,-0.207390344455893,0.2494320402554173,0.6179596064212448,0.6140765780761316,0.542166058450397,-1.153356899298512,-0.1834916984229335,-0.5995402634759295,-0.6340419152408292,0.2344418874438762,-0.4104049154455919,0.3295661342712572,0.1480093454807678,-0.3433563689025494
TCGA-62-8395,-0.8256399425829043,0.1590244449311644,0.4746948820638919,0.739490549157411,-0.7749602692756117,0.1501349459042716,-0.8622824717555089,-1.231754332485319,-1.0320791233157518,-0.093378198549932,1.3136156692963936,1.0992819187387586,1.2324771060275037,-1.1494301717816304,-0.5750547885133566,0.441373766640112,-0.4087933440716402,-0.6471533959022382,-0.7497770894521673,-0.6342830968007706,-1.3848336960931171,-1.3837282833990625,0.988494414949431,-0.584936223029251,-0.6091085007751209,-0.7925881636420712,-1.1113136752286252,-0.3296765940247005,0.4434238049732729,-0.4456779765725375,0.2653897138320014,-0.1542897791135511,0.2522490356187046,0.5462937681988266,-0.77103097498623,-0.7520112209125785,0.3902774529771706,-0.2045012893501334,1.6458037247371993,1.230080902125624
TCGA-55-A57B,-0.2274446401209116,-1.1150632181262214,0.2563628377844101,0.7178432658218589,0.6057681784521887,-1.0220056833353957,-0.3165521264833442,-0.848174018884873,-0.7201499934465597,0.1413683869364252,0.0027872496792677,-1.2955452468959834,-0.5231721910811675,-0.6557930738374793,-0.6344676921250155,0.538053253444844,-0.4031159959025109,-0.2738170679093182,-0.1906404686637522,-0.0530212401798571,0.554440997838447,0.1418407804572554,1.3563878708526191,0.065781700648322,0.3090651696497129,-1.2792199250268563,-0.9997416930164944,-1.019392279490818,1.4191997156234764,-1.3859367920824073,0.4158854056686517,-0.7960656606508625,-0.6970267307561444,0.6430327166089492,0.1947333593245306,-0.9495938395632024,0.6588998022987945,-0.4537346015408994,1.0342947672467775,-0.3145514449678919
TCGA-97-A4M5,-0.2650858837981021,-0.2819613132273895,0.8535556432097232,0.5737763769414074,-0.4731754071498601,-0.3776603860899327,-0.1086027030592045,-0.8453683369426549,-0.92094232025456,0.1628996540956311,0.6189782549523679,0.2265768707109356,0.025949628597447,-0.8000791598533666,-0.7382681705150258,1.2715717647539289,-0.5879277422214018,-0.2955523313543933,-0.1536189477816263,-0.2027394755017244,0.23514045927867,0.0808494733129346,1.7624570487281108,-0.0315314541503424,-0.0986604166463579,-1.2876960269038895,-0.672063687047023,0.1753512061446369,0.3456085768875042,0.0287507489809021,0.3109909735546035,-0.1830643591964006,-0.2666897664046617,0.1802942274233698,-0.3767266391421172,-0.5450794097102775,0.631673401292904,-0.492499440280055,0.9211361388493926,0.3819360594289466
TCGA-67-3774,0.0081285291515091,0.685611503397295,0.3259270537762175,-0.0365812832374973,0.0945601679312385,0.6464476752893384,0.2358695718684062,-0.1022599532532681,-0.780970907003961,-0.1697326067232102,1.012561444545652,0.9080679978917426,0.7595637592274701,-0.7445203877846263,-0.3145564944407559,-0.1993741014687708,0.6000037406542355,0.3540950697713776,0.2932605305153594,0.2227543446038285,-0.559608067609423,-0.1598666875540599,0.8759127272491058,0.4626400854582097,-0.7295884372194664,-0.4395078096990136,-0.3140420511140617,-0.7278908806064501,-1.0015390699975868,0.0443887071404944,1.1901563678337292,0.9444403848970668,0.6241349962450914,0.961758956814772,0.4576081500686468,0.0527532539974033,0.561479163919085,1.0643669972541254,-0.0304562969732151,0.9447452042355516
TCGA-J2-8192,0.5232603600716405,1.48266789570809,1.754300326627089,1.2058841557100162,1.25725583135062,-1.0313346656845657,0.8038662651347995,-1.6940058548830808,-0.8192143416711013,1.9635853791664688,0.2508837582758076,-0.4774572575674425,-0.0920283692455427,-0.7925367673072058,0.5499402095739765,1.6662633858506644,1.5034081789132945,0.739344559054642,0.4339202648863968,1.053698343534121,0.2595843124424604,0.6419871445645503,0.6739763561053138,1.6058189113045371,0.1596717608278055,-0.4030414826146302,-1.1634825121253398,-1.6023657781140932,1.192910362260151,-1.496100755990314,0.8734655683290327,0.4266554823031971,-0.5717219109033852,0.9243685092572766,0.9635093914717244,-1.119519369832098,1.717607354648767,-1.3145008494685588,-0.3258087547845728,-0.1601524583910646
TCGA-78-7535,-0.1203245570928386,-2.4790952337288057,-0.93694455200674,0.0928787369444259,0.0407398388045587,1.117396037747145,-0.952285835426221,1.180731218157706,0.4567906404452342,-0.5919052334252822,-0.3059475578032972,-0.0308004222123561,-1.3537728701679026,0.3215750772816536,0.7880136474619944,-0.7735061080920282,-0.1265463516819134,-1.3585313419212257,-0.4496009236194252,-0.4027685855301781,-0.6662065661370854,-0.6757959721884376,-0.5075048429326574,-0.6026833571951528,-0.510121723533194,-0.4947140223848299,-0.2366981028249753,0.0702833270064583,0.1530864725152427,0.1031055721384655,0.2161612366145854,-1.2722655314702285,0.1635480145750968,-1.249689667295978,-0.3292076991886574,-0.9586744212163224,-0.6093398130827211,-0.6469847153474777,-0.9554007834385554,-0.9349153062548136
TCGA-95-A4VK,-0.7336784178571404,-0.4911759923206047,-1.6961838775896203,-0.3949331051168808,-0.5030345146852974,0.562331787626498,-0.8600144784554911,0.2167521312812385,-0.1433199681764507,-0.5045944913028572,-0.0416199720298333,-0.2291294385187538,0.0881823029508673,-0.2036133408129976,0.043056590253383,-0.7655951533029308,-0.561791228513336,-0.7155885579255766,-0.5560783824423625,-0.9499954254688558,-0.1154792108932825,-0.4397915378571497,0.9003234732210433,-0.587359677349675,0.3674641767947787,-1.0126677231858223,-0.4632562110128361,-0.2295196292913442,0.8259007969951322,-0.1072548116877622,-0.0522713221765622,-0.1968868486674359,-0.8393160416233899,0.1137063958737437,-0.3494574151639614,-0.8328806200974559,-0.1446280168629276,-2.2853000264544554,1.3702216134398109,0.3274012982413908
TCGA-38-4629,1.2989486624044746,0.7116809357874101,1.3821363237089608,1.198870308579836,1.178359703389131,1.2135071667018715,1.057822932656639,1.2070016276713793,0.9203339449042252,1.603815022061776,-0.4679975392699761,0.0236447295005973,0.4041226540360379,0.7140693512940747,1.8326151736754668,-0.1069512157569553,2.264006752800904,0.8065289693043804,1.1269961078135935,1.4186220610687903,1.035961328257576,1.2611392251081492,-2.309880277678296,1.2936221012051572,-0.0020947862889733,1.7261992676280444,1.4116066388055173,0.8928921012419291,-0.2890252340481652,1.348929695526771,0.0699286375111494,0.6192638546859235,0.7832732741678279,0.6003846928385622,1.0226961427594232,0.9771871636016533,0.1793557557915024,0.8523605109415957,-0.4852829376369028,0.4348476399471796
TCGA-35-5375,0.2053587688062971,-1.0472317883045716,-0.6118132531108806,-2.2752133611942464,-0.8546679763935422,-0.1475429588172192,-0.5339790581945705,2.6630930325361764,1.5378988249855408,-0.055886829810056,-3.0908897466340446,-0.8773021122714477,1.5915749632800942,0.8172886386203886,1.4692676611075153,-1.4582122737320609,0.1753117433491587,-1.0728454659439657,-0.5568949810513781,-0.6202045938057807,-0.2963552788073331,-0.2538993955803315,0.3408882076398671,-0.912328795832994,-1.9635350766280528,1.7743279811911814,1.9112364081967477,0.8599892497484148,-0.5524486600362509,2.5606615750077597,-0.0118971818430029,-0.7093973538829533,1.203353893830076,-2.599335125458376,-1.1588953468201892,0.6680541367300759,-1.7283829901717085,-0.1306067348589544,-1.458951281681209,1.3750604639262556
TCGA-38-4625,0.3762440420587056,-0.4593644443100025,-0.8453381108606041,0.0346605843205635,0.3902301066316808,0.3447182623973038,-0.2238799445675198,2.4145022782996293,1.9421282121417924,-0.2821404706833415,-1.1399743451690434,-0.1439201888127529,0.6535851135124697,1.658443458651217,0.6916674812509843,-0.659447223891874,-0.4329010481449395,-0.0969388883683149,0.3571840123114408,0.4341704320268517,1.7384884507511096,1.1930455295240625,-1.7578889009503682,-0.3342505541284662,0.8800260413023361,1.7986214769081266,2.174891281060389,2.262020913266529,-1.2984025567734292,1.1907554386973478,-1.028441752560655,0.8690689371634481,1.233252110643514,-1.8829160431775636,0.1845593136578018,1.4802896802262786,-1.031917108312398,1.5612049727774815,-0.7600658895378568,0.3279756078832191
TCGA-91-6836,-1.1207805733663376,-0.9223461913881876,-1.05725982153124,-0.946660058780475,-1.2521387992071469,0.392017637735134,-1.0472604644983785,1.0111012377272657,2.048284774176648,-1.0181421861060516,-1.1907367658519992,-2.254464706298652,-1.8701719202808404,2.2096894952117814,1.165970400573056,-0.3027986312495693,0.4859589083603088,-0.970235628131443,-1.0996096518588403,-0.9014789504977904,0.097428904813179,-0.2793814174236569,-1.5927629589136436,-1.3896663914086775,2.397833931660765,1.116526965653292,1.52291242824384,1.375592414812876,-1.271840961310494,-0.2333509010501079,-1.571647228526856,2.206501884465756,0.6000521319612382,-0.9517631760953345,-0.4115897488948553,1.0563637839846405,-0.6860988418674224,-0.6406932619492294,0.0722289494513547,-2.6853481054958768
TCGA-73-4675,-1.0005395977260216,-1.245381545046944,0.6439965556178611,-0.0192136049471931,-0.827699982610179,0.2777811178629852,-1.1229855777254938,0.1163811725544385,-0.7036622399514724,0.3753145640070085,0.3458135160196386,0.4086583481192776,0.8254551239937902,-0.9498348337409476,1.1640198115277478,0.4518870138325151,0.5133650939366037,-1.1251524650916498,-1.1546262782987249,-0.9503924345106058,-1.665995677236047,-1.5099741901417765,1.3577385826892607,-0.4726474893918123,-1.283271684425518,-0.4179054837292664,-0.5362731124470246,-0.0142978313990199,0.2359566822806119,0.5292058959019338,0.9451760788192712,-1.685181947047098,1.2576420343699342,-0.535542681921883,-0.9134141083052388,-0.0130291750940375,-0.7044488889265832,0.5178845071336152,1.2485351510216545,0.870035640633953
TCGA-62-8394,-0.5958409938809368,-0.7214508217166871,-0.5525868789763091,0.2305604530416608,0.0733864032549228,0.7170733996717117,-0.2485707997735075,0.9021318652225058,1.347457878289446,-0.1329859233796579,-0.0895969059598999,0.954748049533887,0.2564604921583218,1.1456386232143505,1.1627261511883005,-0.5326889558888318,0.3507192646909423,-0.0289998297294517,-0.4194572710135847,-0.3229612221680218,1.6486177970634466,0.7495603477784305,1.762037842318312,0.0821399494659248,0.9338280332600758,0.8068321597466028,0.6751002386616182,0.2438539090672505,0.3019492255594593,-0.3756069504059438,0.5638415942063607,0.1357892061830355,-0.4117288616267737,-0.4272365664271036,-0.0644569739452895,-0.0195652715339092,-0.8736333012931528,1.655822376500948,-0.4910128288307282,-0.3033715649207412
TCGA-86-7711,0.3963880383083726,0.8121636317639249,-0.0844457282995807,-0.6796532103522576,0.3264747727177837,0.569840275914396,0.4811429229918196,-0.5803495836576287,0.8451141059169385,0.663892290823718,0.0572860629609495,-0.3153130868958872,-0.821537963266436,1.150643255374157,0.8073768223412403,0.3330473037163595,0.5547706729074111,-0.3500237375635597,1.2993074926702546,0.9412799371688908,-0.4481907640145158,-0.069634197897546,-0.9861224406691708,0.136868368254081,0.9255785113388127,1.819350141026636,0.5583174429836651,0.9336197252911458,-0.546991766545562,-0.1283617679930842,-0.0122969865453233,2.746526023780965,1.1945148837174058,0.063084744994429,0.9059514543532194,0.8152107590129849,-0.3422023575576611,0.0842647914803494,-0.422065277816419,0.680679077897139
TCGA-78-7160,0.6496166805118171,2.110357103537793,0.961674787484268,0.3689423899415783,0.4675636448084885,-0.3513246509457528,0.983296334472836,-1.4342294083313352,-0.0103796216081448,0.4528595593293564,1.4024887959587844,0.8576633073777816,1.1073515636140117,0.2940225734039885,0.3350007248926616,0.7071922593849405,0.3884179420509069,0.8265514228371186,0.3156020710453778,0.5627775905637706,-0.1033573944842016,0.3892782641135444,0.2430019897075331,0.8865783883490075,0.8722532475037345,0.3426592148651493,-0.1292875916769462,-0.0133056240429734,-0.1097049689337641,-0.3606455275682262,0.1693551883481145,0.3913683801693385,1.5273329558042366,0.8832937496565515,0.677569212342885,-0.1723447352653832,1.0115507365399663,-0.2424659133041098,0.5996926570726879,1.4789665127725855
TCGA-55-6982,0.4179448114044231,0.7825439338928222,0.7263937891789315,0.985097258232796,0.917651446159534,1.5026028146998018,0.7801844484170997,-0.5638753807233383,0.271362205503772,1.376668016171644,0.399454842651074,0.5484296184705402,0.3081637252019846,0.3104538906418621,1.2347133080251784,0.3729256613161496,0.6854003210745483,0.5034398663908549,0.4305954681544147,0.6001436353829697,0.907680051185498,0.7740197785340992,-0.5123582188692234,0.7758482388306849,0.3398647000112167,1.261023308172843,0.2267300910782098,0.312722969686624,-0.2231803118644947,-0.0870150117532212,0.6170172052660555,0.5043707190904537,0.9842187062734948,0.0725585057879831,0.1881892353488183,0.4512678470087405,0.2460270359567041,0.3525738140794853,-0.4106748727368643,0.72337629503158
TCGA-55-6712,1.2717424785337896,0.6324569395333537,0.3212605921338116,0.7685131767374376,1.0590191263568722,-0.8219927672878486,0.8418355555403418,-0.3565607953909405,0.5149630229140428,0.4757990731891486,0.2985447805353714,-0.198466969140535,-0.9802385833806192,0.5611538460977085,0.7365119118133495,0.3111461691295314,0.4254933069003669,0.4070502038647877,0.5155528492883321,0.5601712996083951,0.6588316777567849,0.9583665261340606,-0.3847874444146092,0.884610289540713,0.7734605917213971,0.3755660052822749,0.0158178292368878,-0.2881183256316708,0.3367397028277064,-0.9991925799218456,-0.0233251094668414,0.7342960591684536,0.4000598372181106,0.3965977055277212,0.3061090947573524,-0.7861771267369506,0.7208140199260082,-1.556827375931659,-0.4555912593187508,-0.3560089288824493
TCGA-55-7995,0.9595532234541068,-0.6444465174043056,-0.7507002981632069,-0.5739314313208287,-0.2563003640497172,0.4651598383119648,0.3823458068309455,0.1256310297775289,1.021811189482723,-0.7590750416299307,-0.5994795057951722,0.1157127243810344,0.7501623830227363,1.0230608466359048,0.8244473844040527,0.1249288284181584,0.098401189114778,0.3378394167646699,0.3630428115930224,-0.0462195814531408,0.510867539253124,0.8322043492274123,-0.057651983893655,-0.3197618480423388,1.2186505673282657,1.4269442345313894,0.0653168743096568,-0.1827481674813118,-0.2263601353835313,-0.9646767074182494,-0.6565253899238616,2.310763765621905,1.6827810055162726,-1.021722107333855,-1.0203565182723,-0.4900466773177438,-0.6191701279933517,-0.5125802189179345,0.1765567046166623,0.8617084359823228
TCGA-69-A59K,-0.1864815150312845,-1.5839877424570985,-0.9324955518190934,-0.3607132629217264,-0.0791399417960233,-1.9097949710363955,-0.7180362388298283,-0.3267247979431571,0.5381356495554879,-0.7326486456118413,-0.9406562611946347,-1.717378382617874,-1.5874404057514393,0.368933415984354,0.3660054489952875,-0.3972343027425759,-0.1358330636575694,-0.9154606117803518,-0.4757909657877543,-0.6027175541482731,-0.5957528727640535,-0.4236789139438615,-0.5525326251282945,-0.7067286964482772,0.0698505455067117,0.6593506939574564,-0.0443461356581478,0.2911355566876287,0.2445954393606682,-0.9165916550417352,-1.2353217470586897,0.5546395399989555,0.9533647630240644,-1.0173968396966635,-0.5054894625077478,0.6253083682198525,-1.0951200247766824,0.0422020374728532,-1.0000886506850806,-1.2065184955413648
TCGA-50-5936,-0.2722183097834729,0.6972298090154403,-0.0621135381977243,0.3349218212046636,-0.5128645967492518,-0.8824840970217337,0.1858540878852779,0.3386503685671253,0.3691140884418541,0.7975152761907774,0.762573250765011,0.51458084908853,0.0786930393858642,0.4266226680128587,1.2054001536883732,-0.2019259229929313,0.6070291218141408,-0.1018519436209244,-0.1471775183687559,-0.160201174777028,-1.173204075021089,-1.0520140133739602,-1.914284225473996,0.3916883155688052,0.9638286915567856,0.5633325668675598,0.7518565629145808,0.795758491413699,-0.1495981733466307,0.3231042284876438,0.2739202113301155,0.3810659028498336,1.5612971741146595,0.0817279200667655,-0.1930931398875569,-0.0539618649175924,0.3421977920996073,-1.2291591518580367,1.0093053785446973,0.9553745048947764
TCGA-73-4676,-0.5099289582819568,0.2059087624534232,-0.0225318589815801,0.1266651114103111,0.2054002280284403,1.039254965475998,-0.1961985753313571,0.843084012219295,1.3568538090381208,-0.1398949351942552,0.3034903867752165,0.1244830907388732,1.1450349085258364,1.0989928463188223,1.774249526905893,-0.1890921505459605,1.097734719974898,-0.0878402347558152,-0.6204449927891688,-0.5142196366504771,-1.1585418400429748,-0.929101000166118,-0.7993141805807197,-0.0961183786951654,0.7572782582834926,1.6038158325725258,1.5381753619713605,1.096955355015026,-0.8343138434546459,1.222639646351561,0.1018660154103067,-0.4539668216243233,1.9849456734914035,-0.048358084520237,0.2159365876320314,0.7760049418969315,-0.4440372589609829,0.6530165116738795,-0.9768133869327004,1.2148538861268745
TCGA-86-6562,-0.5534988097026213,1.2948534203767992,0.6212986533673496,0.9773656366900932,0.4532734678495132,0.7315199964597471,0.0032662499139697,-0.6698736035173466,-0.0549429503565345,1.0925529017565132,0.8924886511548001,0.831663331783261,-0.3545772798707902,0.1246753931542373,0.8772960351795817,1.0429728089533992,1.2032244579157254,-0.0018752610789548,-0.3424944765232176,-0.0223894898886134,-0.3820108329117042,-0.2589823402164122,0.3521955405054285,0.2112624167149251,0.6265267095813543,0.0359435214264527,-0.490141351122857,-0.5097129663895863,1.84798966191032,-0.755076230258749,0.202058310000085,-0.5571181172463364,-1.0008492271564629,0.6367891832512154,0.1645831617255512,-0.5403017545605001,0.829864421800137,-0.8863362171872853,0.4236848558517321,-0.3394579830149105
TCGA-35-4122,1.794245627726039,-0.2560300149381905,0.2185775903736182,-0.4025552441080016,1.2391510344471006,0.4280892456033605,1.390156670283753,1.9089625703530069,0.982071474555404,0.5067987383519665,-1.5673723805985371,0.1446754461420751,0.9810002969304932,0.5115901762251993,1.4542447221609482,-2.0303661557614645,0.975300974969727,1.3624913784612744,1.4923869697441043,1.5479050128279506,1.547932015168071,1.7554980121636032,-1.2422454882034053,1.3268790409565805,-2.053031317560489,1.9350800094064309,1.750252107415087,1.0028809636179448,-1.7896825583916658,2.114592477478907,-0.0705934157797291,1.03719680974386,1.1896768310087595,-0.6250581122915196,1.2327100922780043,1.4898279027794814,-1.3264476597608288,2.8152258913720893,-2.985263800131172,0.9770628999021456
TCGA-75-6205,1.9962462932756575,0.8940489251250013,1.0141971031970778,0.9910072342426928,1.7992002923001529,-0.5040469820815155,1.3243808542438436,-0.2333121254508444,0.4511254044363733,0.91016595626653,-0.1524153060077346,-0.5261206707398349,-0.6483700338739096,0.6937542107116141,0.0729150042744817,-0.1350448053308851,0.204790864995866,1.6254973786479792,1.6942947587072663,1.8760180863446057,2.031561740718117,2.054804168767588,-1.283333580635362,1.7290560238709696,1.1311561371664098,0.7330318229476187,0.3908032482029681,0.6691082613470148,0.92886675139773,-0.5923672669054237,1.0930918057324268,2.3348076008421934,0.6746207205259747,1.1904635926574982,1.213260753087418,0.2206086894781753,0.8506406773094427,0.2541066649250597,0.4423843180490639,-0.0064090380827384
TCGA-80-5611,0.5131433731586945,0.0646246250398343,-1.3806664688606587,-1.5954297804114752,-0.1895770352341138,0.7232304548062095,0.0761059682342835,1.1084646390533706,1.6490233873238564,-1.370787469287846,-1.455202289801362,-0.3502588548823263,0.6106406233560422,1.473086481444174,1.1895165937422003,-1.2480560389358244,0.1690330342100562,-0.6000156478272963,0.5161918725786327,-0.0423899184794903,1.1272503173362498,0.9159776677784232,-1.0229326474026326,-0.8634771687893021,0.9201690578031316,1.4113567250992751,1.327374798249509,0.6740439204219685,-2.2002140624286963,1.2954656206239852,-0.1051512045760662,1.6477643984050925,0.9587383698001796,-1.5363827556940906,-0.4343423725073996,0.5818538229164244,-1.1041491872938047,-1.2650468994061908,-1.2662817920822402,1.0897620526921958
TCGA-93-A4JP,-0.5211554452587808,1.5186090550208475,0.2755871961815606,0.8028080369942394,0.0813852477998197,0.3547272822026759,0.2636073029330312,-1.2122217518286094,-0.2386723714446631,-0.3201271896725194,0.8268054615204768,1.0586261521707274,0.396192573363881,-0.1548937956943072,-0.8887913435582236,0.9181728616389724,-0.3366747035232734,0.1030286391276969,0.2607870920612984,0.0364765830879571,1.2843542208163092,0.6510464428420037,1.7027138152357957,0.1981280716765622,0.5965391333728112,-0.7042391981357755,-0.9630487927320566,-1.1913614983998029,1.4439384443616852,-1.104168070583512,-0.0177335338621939,-0.6926568436557533,-0.4722831980497183,0.3912851913356148,0.0513376190089758,-1.0246852890080291,1.2342823460073225,0.5888039441066831,1.131115230376008,0.4057059071268467
TCGA-50-5935,-0.0364115553950523,0.5186964027793967,0.2098116688160161,0.2645385381899159,-0.0431410541776409,-0.1470021492279666,0.2120085945620204,-0.4280557443560016,-0.7000801016014239,-0.058921854249741,0.9009432865541448,0.2635675088581085,0.3938651801931974,-0.7732532129276729,0.472410992744029,0.7294813331375654,0.0564848553518498,-0.0089167270881578,-0.2727263706532993,-0.1042799844430922,0.1569326057575179,0.1727527786357534,0.3141487411102397,0.141072338955797,-0.7386790444178971,-0.4613875629375107,-0.4698612384187767,-0.7116214474823351,1.6524152288251042,0.2992853027736034,0.3270206604823017,-0.0112786706391992,-0.0148919544851022,0.27150151483125,-0.5062378234127021,-0.4780269535025203,0.5256370415900185,-0.3702132632808401,0.2262227898560628,0.1458356275835399
TCGA-05-4389,0.7029929959185759,-0.3340920070208339,-1.053541426543178,-0.7048885484244584,-0.4548038513175259,-0.216895885477912,0.2847260485960733,1.0130633870393009,0.6359856514831076,-1.110483780750658,0.3403058145397422,1.1071502168073155,1.626723852017859,0.4366892535496596,0.255316222985574,-0.6985002297127978,-1.5333813219144192,0.429853429977974,0.4840410858385028,-0.231259590941754,0.2644106259830749,0.3110062268430748,0.0897754951271621,-0.2151028431720126,-0.4601847650419205,0.8549170779714782,0.9317906313117182,0.7577546976959885,-0.6250858982605715,1.264162875386006,0.4345667208500672,1.5698712660399563,1.8867218212267571,-1.4855228696704323,-1.2788676175156437,0.6494551057185141,-1.7336094448352588,-0.1496155883210737,1.3836083201376632,2.052839986635969
TCGA-44-A479,1.3424817642759277,0.7901594448524899,0.2753692733039093,-0.6660683166258644,0.1476595979085046,-1.3213184526532646,0.9749491742224976,-0.8491913741584214,0.2673991723064466,0.5405729480010302,-0.7117428795992844,-0.6455675579259669,-0.6306348683234168,0.44078500566444,-0.5645864483203287,-0.3638165117733674,-0.7976774195540808,0.5987508576427121,0.7841148943558102,0.3161529723934446,0.7323132667128017,1.07090131955658,-1.0556588527926538,0.560727262204599,0.4950814668432337,0.4284116757014516,0.2469667981843407,-0.535844495502511,-0.8006506649440321,-0.6395748228184858,-1.5591779818408136,1.3527117910463575,-0.3690043761515074,0.333038163596756,-0.3902065795415479,0.4526885672853661,0.063379578572877,-1.3962497459730716,-0.6507123486515595,-0.5365637730197137
TCGA-67-4679,-0.1816123283709689,0.1208084906484718,0.719336031491971,0.3243231699144525,0.3502400668241965,-0.0933891603120657,-0.3644546707455658,-0.569958897403595,-0.907000022120624,-0.1176696566505913,0.1999154557228314,-0.43373953295275,0.60250700587499,-0.922922194998329,-0.8715610643173092,0.4366493614629297,-0.7467153891379135,0.112766225422391,0.027343613699263,0.2453792699054187,-1.025363153692631,-0.7970789942070168,-0.0040414521030603,-0.0538754517705349,-0.7407740648632106,-1.3753199791913744,-1.0035814926673894,-0.4738469041741248,1.286809447448636,0.0600727073736054,0.1500573825986031,-1.0625149889093348,-0.5369768580092746,0.2150601479573074,0.1463230660396526,-1.278090875806349,0.4485134263483765,-0.5483121876929689,0.062170855041881,0.1574892267786572
TCGA-44-8120,-0.6429387798077191,-0.1871752660890553,0.4129997162349139,1.2525420977619677,-0.1500559868117358,0.6300177864742018,-0.4338219610879281,-0.6587225673982342,-0.8043975361814424,0.9359284685285322,0.1866435528964747,-0.6745936004819294,-0.1966956476470764,-0.8227128141353209,-0.0081996824010224,1.2377881999567475,-0.05032987181605,-0.8582032837780845,-0.6288416379987629,-0.4357921057555796,-1.3799144629638138,-1.229309666839064,-0.7224372977447227,-0.2074702474801372,-0.3344311517783317,-0.599351789021275,-0.58871209590817,-0.6084504170359851,0.8136036283496845,-0.0958868323591996,-0.5078942996620477,-0.4575289626819553,-0.2484906671304659,0.8915640612759439,0.0492287950385359,-0.6084959764916985,1.039352758357849,0.1117203359401436,0.9080979946110604,-0.1420988828113407
TCGA-55-8089,1.980908786001468,0.2409491369497748,-0.094941412525415,0.7944276592635633,1.4651762526968797,-1.023765840453252,1.7758972709975702,0.0696609532729945,0.9567792202546076,0.3900277734234205,0.2946934569550745,0.232742282482662,-0.6030281120815222,1.067922746926422,0.0890814828701072,0.2863884311887429,0.160703350240088,0.8616800731006629,1.636614924656338,1.3613685635917456,1.6382053260508884,1.9360248209373383,-0.917135756911128,1.3973544585065345,1.5071871365899026,0.8219300571858841,0.487979614415614,-0.1535446617727144,-0.9587602134857788,-0.6338163428327453,0.911078542692004,2.0272604538533754,1.3734506472138563,0.4555330488741023,0.8066655408580622,-0.1295484657127324,0.7555478700872711,-1.5099896196669869,-0.5790971199447973,0.8823091854541946
TCGA-67-3773,0.7694509319250241,-0.911311000317281,-0.7367351334938136,-1.018468495326723,1.0303303260409644,-0.789809593617987,0.4161940964397543,1.2486490928192675,-0.7560191469860775,-0.0882947414973054,-1.487090145176314,-0.8625876869214958,1.5006243393741985,-0.947328161853166,-0.3723116265820001,-0.7039557464630486,-0.045779966443323,0.5641561823438093,0.7063998133681378,0.8359221126570721,0.6978809702152372,0.6895493349297975,-0.6388962465719298,0.3700559317526498,-2.377928275342801,-0.2172668447432234,-0.035152261333049,-0.8707184531950444,-0.4225090437104578,1.9715075350419888,1.3249699748335364,-0.5842447256569056,0.1370621176754554,-0.4127827763508691,0.7327057065917413,-0.9243663495122388,-0.8360463688632648,1.127407748040526,-1.43575816430049,0.8419153553535218
TCGA-MP-A4TA,-0.226104149650296,-1.101665173914859,-0.8048664975322525,-0.7031651940489961,0.0006248234464429,-0.9140250294567578,0.1110837774264212,1.29917006537862,1.160847804160682,-0.4519425022664117,-0.6983224038056831,0.1692789556515819,-0.0841230259051908,1.0750672820853115,0.6951893939060437,-2.2144617750241293,-1.1532763128089614,-1.2521934409654576,-0.7391333195521739,-0.7266672804138774,1.1459277294085417,0.7213807305408428,-0.6866639962279036,-0.9328825950125816,0.7203936020629854,0.692162173624065,0.9197581830487448,1.6445688291143572,-1.502480451558496,0.7218675585799763,-0.4089702583685053,-0.3570515317213663,0.374430429734106,-1.6045052050772248,0.184152825580042,1.2003140619085249,-1.7021144720395478,-0.3943016581812235,-0.485808097035863,0.8518395111956902
TCGA-50-5072,-1.0098758422340104,0.2704310618221209,0.3288933622468057,-0.0859838784939558,0.1128706552745699,0.2391453056915225,-0.0777430415142541,1.1605256063221168,1.6448872608608878,0.683875529780353,1.3068684792803449,2.863711297597448,0.1832147916927759,1.8030431639082345,1.4581229478608533,-0.9145325416784714,0.5937432644308634,-0.2421806537214632,-0.6317433787560957,-0.4682648800373364,0.1099769314576269,-0.2806791134456629,0.4042649311425393,0.0062838650987918,1.3999522455075255,1.7666107904431627,1.5888750179309603,1.4874367405703843,-0.1553743933536889,0.656690074699131,0.2846947716794832,1.2157969686675911,1.2067625089706784,-0.2862035955714995,0.075054357920387,1.3882755920311414,-0.1973000201527208,1.0661275144909197,-0.3982138487361319,1.1645580304584118
TCGA-55-8091,0.4761742132865926,1.854246010511899,1.406503314710573,0.6146905002006423,1.384912917263286,1.0900237370701742,0.6497392234440585,-0.5774379783624909,-0.6097395613158823,1.637548683194629,0.2032087410239088,0.3206565960770237,-0.0160396189032004,-0.4024274566945554,0.4188303224666643,0.257766301674974,1.472190916236939,0.9079647031323376,0.8954417896797684,1.1075340007058143,0.3447685453665471,0.84874832883441,-0.2186638527486836,1.6107251728519212,-0.1489849660538517,0.586485035536326,-0.4188350291247142,-1.064486020643339,0.9657664258987868,-0.4969881255065084,1.2098223086373776,0.6215429299088886,0.9340617511099686,1.158973438283811,1.2737366231887233,-0.0016602827205387,1.2794057630016251,0.2701032645689815,-0.1260827480274867,0.5989742508419228
TCGA-97-A4LX,1.725101760252338,-0.590974170874439,1.09097755691247,0.7815309637568751,0.5960978689320326,-0.1648069868230008,1.2701601516272938,-0.5893579495097631,-0.1238866137384482,0.7715786749260548,-1.1022342456631389,-1.0881172523051084,-0.7877750905897541,-0.1033559371400614,-0.3808718226047784,0.402149250209441,-0.2153445841163912,0.8555520230211086,1.2880845388636468,0.8843464328995834,1.0765104348489052,1.3403246229142745,-0.8043343931320479,0.408993973971862,0.2722178002631371,-0.1845672907043948,-0.50393361024219,-0.2553436140807479,-0.4347017660458796,-1.0066647933434016,-0.624558928042615,0.4847943039825315,0.5796698585594457,-0.3571449987160237,0.0129464896107763,-0.1336755481263879,-0.2691434514278988,-0.33359538025613,0.1004134294444746,-0.3220543787963618
TCGA-55-6968,0.1443589638744332,-1.290857036677902,-0.7144113754379136,-0.9935349133068072,-1.1859755140264974,-2.039855917934124,-0.6431664633601133,1.0156197049733482,2.030187961792273,-0.2966122026525015,-1.2151132403701068,-1.229168845086121,-1.9045873237267557,2.233657995134639,0.0121287883644312,2.8626414490897694,-1.305489590977549,-0.9277596720209812,-0.6855593802442406,-1.2453106884800955,-0.5524509966232165,-0.3105981318085996,0.3945222526445727,-0.7182476322333194,2.3602708559233734,1.6547217284716458,1.3732425480221666,0.7008670863564077,-2.0904808276766587,0.1578303360112803,-1.945090635019784,0.6017429921031968,0.8301497230066583,-0.5950664454959246,-1.7305240272173348,0.8971882492820045,-1.114206849050358,0.9541362837245284,0.5035279512983067,-1.525130322848293
TCGA-MP-A4TH,0.8738694716099281,0.0497627125628701,-0.6648101593545941,0.5527703854976199,-0.4671841173157372,-0.5574551693350349,-0.0220189567534716,-0.7598467012285091,-1.092474843055735,-0.5509192027669686,-0.0487551700055276,-0.994630613159732,-0.6037085100207976,-1.074803604223694,-1.190246825480703,0.4828048846882234,-1.5267551886979829,0.6662790867902101,0.3665625799287519,0.0552583922006672,-0.0732843373955572,0.1663248958023991,0.2696227391106107,-0.003553410634676,-0.3488217999703757,-1.5888888814358169,-1.1740480765350516,-1.0694007575695523,0.5957726413612618,-1.091455297323464,-0.0334672004613172,-0.0002517317095192,-0.9073805462842868,0.1669802259225102,-0.1828572638221624,-0.7832413132012163,-0.0576736116752514,-1.3124795199817427,0.6441181754426268,-0.8896867816892878
TCGA-NJ-A4YQ,1.1026895944761297,-0.3798405594009869,-1.5769650838399834,-0.7784093680770988,-0.4467455722880847,-0.1558469114292385,0.0200197328351079,0.7323735008421963,0.0931318441193981,-1.0755419663231185,-0.7803385436120239,-1.4602589984586347,-0.3361705072964548,0.2270013040880275,0.1487630105825854,-1.7411462988838813,-0.8657394883039958,-0.252055293964928,0.2353563698349279,-0.5028281174725814,0.1841833922226473,0.4393677388300003,-0.9264987899221222,-0.6295929690420877,-0.2682782816990197,0.581355255332601,0.0331092275711098,0.1312284431178734,-1.4854572479517247,-0.1691892600273968,-1.114874815877004,1.205340801577508,1.4047168298516977,-1.79071068275945,-0.9902569979417212,0.8618858617255493,-1.5421299576548364,-1.975060430090068,-0.6359619944257533,-0.0434926909548765
TCGA-44-A4SU,-0.3998883652508349,0.1491608750740082,0.0303201167747723,0.3768952077417272,-0.8375589023974642,-0.7588909242517815,-0.8561707375684866,-0.5974346096939152,-0.6658972003953852,0.230502805707914,-0.5035726792145597,-0.7090445792295308,-0.5981315071144627,-0.6969320345914484,0.9940406571510488,0.6637569021985821,-0.1579739100861902,-0.6794653251484261,-0.4079971401188534,-0.5447923607293144,-0.4826352899925368,-0.4221964521561377,0.9035221221808236,-0.4350436302721014,-0.506014229975692,-0.8895253812726872,-0.620876336041865,-0.2410900955075178,0.6792556315717717,-1.2429937075475632,-0.66094056990448,-1.100800892829907,-1.216710739261181,-0.5150323362501531,-0.7916703197581183,-0.6642899460057451,-0.1799367510532321,-1.2619314263843495,0.0438296623531411,-1.4288135791103558
TCGA-49-4490,-0.737072334345325,-1.2199092915866672,0.0529905985116354,0.8726769751897674,-0.3182648892006546,-1.419443707292961,-0.6897133189670718,0.2621583373057937,-0.8492166698390334,0.6173160290248192,0.0047211326770386,0.2548233267825591,-0.0862810801723894,-0.8758734646996269,1.3195876227580978,0.5699908353869331,0.1794642566889531,-0.7132728610057473,-0.9677184905886052,-0.7034764947366333,-0.343309794715632,-0.4321267833831755,2.270161011763056,0.155778368010735,-1.1146585363193124,-0.4538508874359427,-0.0444575352542222,0.5609253962529092,0.8070730845118919,0.1147875683709272,-0.1052030902273761,-1.7352276695060207,-0.6100797976345094,-0.0870583815453726,-0.6897067763370763,-0.022755168443754,-0.1177617271417327,-0.6243871236464625,-0.3562019129828018,-0.5363352490265842
TCGA-97-A4M3,-1.3059273268079783,-1.7267351136679214,0.5692055186970995,-0.6884907706240405,-0.588598240948895,-1.1221108530970656,-0.930333715095316,-0.4486558179451502,-0.7884693309479938,0.1474566977437017,0.551429121750423,0.1265716122919583,0.8632579780758032,-0.8968489009462302,-0.1533095109277649,0.5709913492391978,0.0655600173453374,-0.4063183956865118,-0.7851053477532902,-0.522161444830243,-1.7058368228311702,-1.3646458880250665,1.2621280226075329,-0.9337346783443664,-0.6989801023401954,-1.0528198269425215,-0.2999487983287176,0.6773820169937939,0.4725534836661082,0.5217527094581648,1.2200989165584553,-1.1151842623810695,1.4591265991193998,0.6817731198290972,1.0281266803811386,-0.2209784234567408,0.0009089301690759,0.6965508343508586,0.6333165700048713,0.862292551287265
TCGA-J2-A4AD,-1.673977494217174,0.1571610777036465,-1.182916636196342,0.195216978096626,-0.3771313146455505,0.0658113645470943,-1.5933534198554489,-0.1544373293671167,0.3303073754369917,0.1448584137607476,-0.5884274509297681,-1.160391331554302,0.2691199211482946,0.3190441169100356,0.8917226135729125,-0.8255467236276033,-0.1442231459780838,-1.958141251002304,-1.941684023647848,-1.758154368092458,-1.2207346834208024,-1.4642428680261488,1.1289498164772087,-1.3139569455707545,0.6240743800231306,-0.0001457036539695,0.0433607325367909,-0.5675932714425983,-0.3497766354690879,-0.537147045684929,-0.5963573781398058,-1.3818814091069906,0.6686097368832767,-0.3246165241356704,-0.965150631205242,-0.3608119006492198,0.0302684032906231,-1.479615918481702,-1.2649702792298274,-0.4242439110627098
TCGA-55-7227,0.9273250614026116,0.3560850656795296,0.5676217529466467,0.8373816558711024,0.8472033545982621,-1.0896504665967532,0.628854272254859,-0.2380555588690851,-0.204658870938547,0.8605421821035497,0.7838705895256364,-0.0029940895548411,-0.8833693240952025,-0.0764728360702944,0.0253634749588223,0.7195258440544656,0.2526039751995756,0.8308703063896167,0.703889846224923,0.6742561969977025,0.7667425468550882,0.7898391251672506,-0.9860897576261262,0.7217932041242235,0.2166535268384295,-0.2947932582140442,-0.0405534527401761,-0.2635712063860903,1.2856653626725227,-0.5199391552765642,0.3498985108456546,-0.3592735332369161,-0.1149096775943479,0.9159610993901068,0.2286202066867843,-0.3331173796673218,0.9441652459911634,-0.9227609939958163,0.0840326211362937,-0.378803118874369
TCGA-49-4505,0.8518136399678545,0.295474418599792,0.2616987005603286,0.2027883150288999,1.117064088052063,-0.3858889693802123,0.9006049139707526,0.2511039890436383,-0.8450468232822594,0.3994650090034067,-0.2961290352022714,-0.0490594617497644,-0.2381719411304707,-1.0302084055313612,1.0180619723543187,-0.954809628110109,0.9057812122971336,0.9981765665423304,0.8206714747356689,0.9470040376833724,0.8771533877902685,1.0545177028290569,-0.0974555891940977,0.8546821460405151,-1.71146796937105,-0.3120722343383966,-0.2509076458786319,-0.3480322623601677,0.027059508993638,0.5791431885474789,0.7769057596717266,0.1902787603230967,0.3651642971855578,0.4929785835239279,1.1790831205974734,0.3427624001734012,0.3040902173659414,1.2028408937543855,-0.8123164264213862,-0.1621600136120988
TCGA-78-7153,-1.1725795752040602,0.0115501923985242,-0.3289075832574112,-1.5638036794614258,-1.607574113936546,-0.2643550199897467,-1.5334880875529366,0.7234238984710676,0.0329145219579497,-1.0261037443407597,0.2040275866951391,0.3996441270749256,2.031902982286816,0.0477899775790574,0.2140610517380309,-0.1199575168358849,-1.089249205478936,-1.5088210562586333,-1.7499670244639842,-1.4963601214120996,-1.4362205640977832,-1.670773306503962,-1.4516779428300388,-1.3368373559948163,-0.999557002271769,-0.1207369536692369,0.9584112134524008,1.5842250787872902,-0.6457236595726243,1.5115640816069902,0.0010460998341743,-1.427696120002096,0.2918328414530781,-0.8551832782944697,-1.607780761322531,0.8257538915824412,-0.8062145315066893,0.4138453388404288,0.4049379947662584,0.4023484700009767
TCGA-50-5944,-0.7994816528029809,1.046251166152472,0.1853413351582072,0.6992454860806284,0.0636555205910633,-0.2834745599641555,-0.4278757335550618,-0.9562849786749908,-0.5031471210724527,0.8526094161285693,0.0589580136885387,-0.5141765144076588,0.3380583199803268,-0.3877780800289832,-0.1912420036649341,0.8884570220549679,-0.92715584437757,-0.3711429691755205,-1.016410048022249,-0.6255165431023825,-0.4899916597954335,-0.7244354070389372,-0.2698020082624544,-0.223338255215289,0.2063522388341867,-0.4197885594989352,-0.6121499819630501,-1.070319367123767,0.9624966821021022,-0.5233974695551848,-0.7052701889569633,-1.0572139483084102,-0.6066030817914719,0.6667517859899119,-1.0723220717769313,-0.5215193799810387,1.3582335635370524,-1.4495461211386973,-0.1122919518121863,0.370127875888345
TCGA-97-8172,0.5694437387344702,0.7336514325853601,0.4288197257419381,1.1511044511537465,-0.2099885033047832,0.1939060705064698,-0.0460978146221884,-1.4005038312787896,-1.1479413299775,0.249368899598997,0.3934494654212614,0.1715562063352154,-0.3164533295492311,-0.9925919685303836,-1.5653722968458363,1.5274241653651195,-1.060888484881795,0.3913422859331029,0.2264076881358212,0.2499983738580288,-0.6438481576383945,-0.4455114593474589,0.2756824706463141,0.3455557239218886,-0.1465312076054386,-1.7805000764890218,-1.4565766036206866,-1.2510687636501692,1.3069513491691027,-1.106998293761892,0.0750938689327763,-0.0748632356689728,-0.71886749948431,0.8672899601015425,-0.3066460214438028,-1.7575626690026798,1.0866334367437396,-1.524941105835939,1.0925913554549314,-0.5937779640901074
TCGA-97-8171,-1.8141881610670287,-0.4490328067751601,-2.106977506222094,-1.81525720887096,-2.817081723023476,-0.239185921859473,-2.673166533191241,0.7619250815134685,0.1719110228760899,-2.2007222732890988,-1.913349998290668,-1.8146266196686045,1.803469776556948,-0.065447322468992,-0.3290513945066393,-0.1339715089364277,-2.5823868895489563,-1.9109643135893848,-2.098599228717378,-2.069213337292798,-1.1774561828262111,-2.016043404253939,-1.7645031395800717,-2.501277472994638,-1.0206687831033667,-0.0662521576989879,0.7137752495680272,2.035470426669708,-0.992381383790947,1.2268123693394737,-0.4041130802082655,-1.7119193386425124,-1.4751040476423505,-2.0583561723053965,-2.2691833587065964,-0.5051010602752865,-1.8542991591866016,-0.7452168176670109,1.6590786454047532,-0.5523311819714933
TCGA-69-7761,1.183277867443697,1.9879293575837704,0.528717001657023,0.58863772950293,0.9615603276634112,0.0588619025254635,1.3775824369231662,-1.4294348405671446,0.0319989937710956,0.6336677060108863,0.2663016248896764,0.4493022519818326,-0.753142657808711,0.4671746970608739,-0.0133344292898332,0.947987703110425,0.2256732906958553,0.7474339464125414,1.1710626514244122,0.9697089936719172,1.4058740905155978,1.4578706348598465,-0.2969613203694228,1.4749682240205737,1.6052698073286926,0.2306411882081899,-0.5830694918692912,-0.8392255780342271,0.8010831845492588,-1.2289454651863532,-0.480653391662991,0.9854900262342728,-0.805312178239631,1.1341625129349575,0.9912450519959196,-0.6143987228464982,0.7785515390820993,-1.2896636569987578,-0.4531842570251821,-0.1283781048039662
TCGA-49-AARR,-0.3921570567553432,0.742836472263874,1.0488074032096335,0.7498624839806389,0.0503181299675537,-0.6932018778827389,0.1495814468094013,-1.7604088128968145,-1.6984493740465991,0.4737832591435267,0.9729171369939008,0.4484032321738714,-0.9279921654099949,-1.5124891932768771,-1.3693481286052216,0.6789131229512008,0.4898619561252452,0.1137017666084166,0.3915516164495681,0.2038867230402068,-0.3960418733310337,-0.2423859136845094,1.350414709328826,-0.0973025314047716,-0.9159493757758842,-1.8547243815801504,-1.9173445997422272,-1.6272846799986844,-0.1435192657929167,-1.4524732677728558,0.1138304463684826,-1.106587294205612,-0.4818111880268914,0.4281404074682917,0.5416881360558268,-1.6347132542943728,1.1100935892413712,-0.5997300749245494,0.7853974258414412,0.183623749885273
TCGA-L4-A4E6,0.7668342175403987,-0.3242148978348368,1.0297055726652788,0.5800488545447794,0.8016301867138158,-0.5721503322866047,0.9960089076527128,-1.2900471248642018,-1.3938024264828603,0.0144178227405773,-0.4541488905532337,-0.3256739306820866,0.3484167999838479,-1.3403891226527336,-1.8665220009023191,0.208181559123374,-0.1277426669794258,1.2652271405153122,1.1912840443529331,1.3611594317930111,0.2201397776183625,0.452178971261862,-0.48957985501037,0.870148991464316,-0.5088209597820116,-1.560552914396296,-1.6785460271278791,-1.4342190390146998,0.2660314012501548,-0.337099263268003,0.7684884841059296,-0.3734086109121102,-0.1468161246522965,0.900618301842886,1.0392548478145829,-1.6314922585659852,0.447377518430172,0.5308166628653849,0.5927478857280235,0.6218214262075429
TCGA-55-A48Y,-0.3963688984755711,0.0431286666294358,1.2739464816423816,-0.2243827068588618,-0.9380343938867404,0.9145912207944272,-0.4255945679587239,0.336136960501794,0.4819143513272036,0.81318726953,0.0856077982955216,0.5508468996322808,0.5780306099408304,0.498951822780873,0.4346908497847314,0.096611204752501,-0.1844358330247078,-0.6506708937243175,-0.4710096312459396,-0.4334644740643052,-1.5054397233519143,-0.8977898831953307,-0.9663818521234444,-0.0677613971290916,0.2115984447116723,1.097001809293147,0.8453736853133454,0.895852050098056,-0.1190742073291764,0.3414387793859234,-0.262737576145485,0.7174437635971005,0.7991006257635375,-0.3603232252428209,-0.3600761660112521,1.5824988705130631,0.128105908410801,0.7482316743934657,0.2662766094997237,0.4729881292802957
TCGA-93-7348,0.0477077108552873,1.4177551792312149,1.0236282018664662,0.5887516805090636,0.447457211063255,0.667629041848714,-0.0083392591772166,-0.8294905494418048,-0.932618005192282,1.421731269877104,0.7248535924035647,0.6499531854478808,0.156217613008791,-1.0027937270436282,0.5043633362912179,0.7270623697841265,0.4608671093981339,0.5004181187826757,0.2399556602342836,0.409836754420833,-0.912240094527469,-0.4713908575896964,0.1552539373400933,1.0384697572065102,-0.6348433730569443,-0.3484724124018429,-1.194693958856169,-1.119292087171747,1.7347445974809694,-0.6256835200559516,0.97988039720098,-0.3916691839819282,-0.5374932054821225,0.4902036046311809,1.2408736010346904,-0.1386186535109245,0.8308873434468184,0.6284596712833408,0.4934959059209602,-0.1435599557755957
TCGA-91-6847,-2.0673707164928,-0.08489657616399,-2.156265865420524,-1.2787218341744793,-1.9095551788936609,-0.9832861347074642,-3.199078174926154,1.1736167170881144,1.7618569433969515,-1.075391349402832,-1.0925709036471158,-1.7602942438298472,-1.7523057158546538,1.7252887696938797,0.9390049600864614,0.0252084666298534,-1.0828207005801032,-1.3686260470673095,-2.056718836319537,-2.096574524538835,-0.6362356082472784,-1.6250142999479606,-0.4874071100722052,-1.5355743818051444,2.2944185917249342,0.6362931584302641,1.4759874844605771,0.9302024600027192,-0.4121751147906675,-0.433045486994243,-1.131061660473338,0.8363680976372619,-1.30632621068486,-0.2787347724307051,-1.7617582273031007,-0.3221639963891869,-0.7997008146266082,-2.2382861288312577,0.6891503559875639,-3.171741154033601
TCGA-55-6980,0.7008544988879967,0.3801409445630217,1.2217126581084714,1.234523764951089,1.4970870386929234,-1.0301543652891634,0.8559370299828036,-0.8732619059541417,-1.1511109321886626,1.441290280669132,0.3043620043678166,0.2097428562041162,-0.3070719730483,-1.0522536656258563,1.0123740858490318,1.433583089680383,1.6967361721124994,1.1520307751970558,0.5915745706794995,0.8870371179344112,0.4433999681331423,0.6878197314506469,0.914727210244994,1.1886487598501208,-0.7967554670905254,-0.6006371517142145,-0.5755571506785365,-0.5518194718072229,1.0923354320600864,-0.3641556997219783,1.196350465495701,-0.22562146275396,0.2297911095817803,1.219989673973968,1.1852785033444868,-0.2874925797625359,0.8594210807516377,1.259925010782344,0.563053312464842,0.5063220170349947
TCGA-86-7953,0.4137611385810228,0.4186022032344091,0.5418241827002894,-0.275852687456577,0.1732820537417263,-0.5665502883943598,0.1650532000238126,-0.3527275558749839,1.070692365434632,0.0807031626832653,-0.2853836336287298,-0.7427203951925104,-0.617488052270613,1.2416935548756045,0.3938197342653848,1.2682160151555646,0.6490433239971712,0.5523610818425767,0.2266166077915061,0.6129707285340559,-0.4267970700659087,-0.1353815471273646,-1.180077516128348,0.2258854131870068,1.524488750908508,0.7348641025209854,0.2329011977609448,0.6751680906326365,0.0686110001880299,0.2337249754569171,-0.4988090731310055,1.897019483116679,-0.1772512865017309,0.5292767416651002,0.8247878305575735,0.4248757663541009,0.0205183015856135,1.4173490180690778,-0.5444646453097566,-1.0173805319296918
TCGA-86-7714,-0.4324103293431225,0.954538167768277,-0.48313814601582,-0.4709772639679221,-0.2519780563916416,-1.537270964779777,-0.5870048198200355,-0.5073586017743161,-0.6531497817031384,-0.2515659783551697,-0.2356517437246592,-1.3257300956234506,0.0559457190420645,-0.6747396814762787,-0.4245560434826193,0.3536713437717626,-1.1829755894866605,-0.5018821656447774,-0.2766839311467746,-0.3543282909138993,0.1386557396423605,-0.2044153448233152,1.2163314088177322,0.0010507800998967,0.0605690511439274,-1.211285132599038,-0.8774904449302428,-0.9692288216515088,1.0383679662600966,-0.8445492446691535,0.7441241343374912,0.1255629514057701,-0.8194744229252958,-0.2307973650090157,-1.1021632398220411,-1.587412542744446,0.4640576056484409,-2.5531940249330964,-0.1330615243975578,-0.0720359614884293
TCGA-86-8585,0.6547627639906709,-1.6384738455233905,-1.7340504840275766,-0.9650352841830252,-0.2633312867811523,0.2590938837817768,-0.2126617556843401,1.0670278826713022,0.759140984727834,-0.1007568276687208,-0.1598604930836703,0.3092063591605264,-0.6501985813063199,0.6394221216512735,0.5186441000111054,-1.6567489111054496,0.8652613695403358,-0.8326825973149007,-0.0884050160663032,-0.3018502635267377,-0.6625712296363852,-0.4094011784643407,0.8234137745399362,-0.7352896958470061,0.2814683553636032,0.0361907651753922,0.525229668881207,0.4990207034578461,-2.278430706860237,0.8838633225985254,-0.0935888437738917,-0.4194938993445955,-0.335028759248788,-0.9396499885288554,-0.0969237344948541,-0.0664191598738859,-1.834149889987324,-0.0888746460110112,-1.1316050199378238,-0.5388138177463042
TCGA-55-8511,0.5868866107664756,0.4297576749230057,0.0034294783354335,0.949521063497778,0.1566993795135619,0.7260160686208843,0.5265686354661883,-0.1793223044124256,0.521227196786881,0.637926401844157,0.2302453589243958,-0.7113891577615401,-0.735479711345525,0.6822584795393376,0.1633437794204335,-0.4174551832443917,0.2478531483316491,0.0814187025713528,0.5865884495236374,0.5047875609313817,-0.5982701355659925,0.2230370396996594,-1.0010977789570494,0.0782612894237113,0.9341993683609424,0.3426078517798766,0.0931350874309337,0.836927126874717,0.8979233489921737,-0.8400827914828424,0.1588321516501993,0.6006727125470913,-0.037700994691608,-0.0301484270753369,1.3169831241063188,0.4855059005412795,-0.4441782868163798,0.3215383450356107,0.6891744351356112,-0.2599487140166344
TCGA-55-8092,0.5874090361428608,-0.5096306182942988,-0.7108337544145055,-0.3250569472512347,-0.2198641360606983,0.9151574230244612,-0.0094089668310522,0.1631840769965527,-0.0017290070044089,0.1280850168032448,-1.204414825678932,-1.5374592426730922,-0.2577858732728645,0.1323929310281777,-0.0381604524257144,-0.872631581147969,-0.2052366629817049,-0.60554494795133,-0.1465181117747972,-0.3729535784747355,0.7481879191906378,0.9492135794957572,-1.6151392321711615,0.0719458004144527,0.0546796548350313,0.4787335311615351,0.1616326256866222,-0.0894621127009703,-1.538431963061986,0.4842510617929756,-1.6224401718482482,-0.0459240762334746,-0.9305731238929944,-0.4494865373477268,-0.464487862716485,1.243119988200713,-0.0408354276698695,-0.6158823929059738,-0.0621431825775889,-0.5487961441960527
TCGA-62-A46U,1.8293373746410035,0.4397031569169852,-0.4505414972002184,-0.196233300895445,1.055661734802848,-0.2213365160125431,1.515026180373732,0.0538293897139741,0.748431270486366,-0.9923103664817382,0.0698104798138578,-0.068129556161326,-0.0435661818245265,0.5509246876639371,0.144082342122316,0.9286935308194582,0.1912052983503772,1.655039676924403,1.87815966204498,1.4715344081076525,1.3293904703314583,1.6455546801047582,-0.1307193019540113,0.6574301538592321,0.8966879999940155,0.8557796831330179,0.1094822497882841,-0.7130327797244369,-0.5002910025215382,-0.3064161163203028,0.7104378894169777,1.4637289133528313,1.3609104120610531,-0.9467540266490732,0.5072366448128651,-0.1566147149598332,-0.989268529639606,1.3237305996471491,-0.8141572277094887,0.9935312376374444
TCGA-55-8208,1.8690427275034776,0.4990862866462115,1.1695483442255736,0.5717337418452082,1.1979783045776908,-0.0056708351871116,1.783638224106528,-0.1694822951482722,0.2961323289118609,0.9234595648951328,-0.4843420231311842,-0.0870071142123829,0.0551639270228933,0.2851308316012302,-0.0931333366590186,-0.0877575915748417,0.7942599971425032,1.7068826701062447,1.677935064886898,1.6527800499219736,1.4462966023829575,1.703210681032918,0.0668955710529793,1.5193058474656471,0.354100150967691,1.012678632736372,0.2693292795477675,-0.3464711234020962,-0.1701016492348228,-0.541782482023732,0.8516584767064056,1.3866890284196487,1.7586963459265454,0.1683127743376191,0.6954476299673056,0.4972777235467997,0.2984732105328709,0.0864790896711985,-0.1597165914513368,1.268993149270473
TCGA-64-1676,1.000997378080312,-0.4525375082310223,0.4338593612442997,-1.3328354910268336,1.2979479286898612,-0.3517752212024139,0.9962831502443976,1.8185724460555812,0.4666341245259063,0.3757914170051346,-1.5591804868584362,0.4140030168493684,0.7911148874027416,0.0117421814285436,1.4790514549364142,-1.606415341041452,0.6241157788200508,-0.0885932016901367,0.650646159083216,0.6108200234801482,0.3608127334035481,0.6008597020725134,-2.7030288593699505,0.944838062137322,-2.205933510460848,0.8807504527311123,1.091571050772557,0.3231052174345258,-0.8523765034353284,2.43183629140876,0.1214425115055173,-0.5874016491618487,1.3561615111804426,-0.5935897158074959,0.5783429495046394,0.5474171814729726,-1.2534342543080754,1.0772650183196535,-2.7836295106454982,0.3642226793636066
TCGA-91-A4BD,-0.3422513125723736,-0.7084305700965103,-1.9457436111011943,-1.5761434500769114,-0.2074135448053452,0.7877357331372901,-0.2770157659746601,1.552754758230808,-0.754323225587864,-2.0464056331858083,-1.1852299007399083,-0.0388228348394032,1.6743207763382626,-1.0975877936049407,-0.188881942955058,-1.6665390211060578,-0.8244430724335382,-0.256208481359121,-0.1654688727441597,-0.057079918536557,1.0660999449168904,0.3897207778798593,0.1852876076761521,-0.4108289589815466,-2.336187968013557,-0.6284870678590239,0.1592056300638215,-0.2140528611056155,-0.557479218008879,2.101875076791485,0.757214745983336,-1.438290053117792,0.591175183279727,-2.2533805750232285,-0.4785816042997547,-0.2025412789152481,-1.5170692887666264,-0.0608524728956122,-1.3871787215499725,0.6226127421670945
TCGA-78-7145,-0.4928249210473426,0.7584718688421196,0.7606055539300093,-0.0243142848613755,0.5206229650861038,0.2392990476557479,0.1702981187010493,0.3016444566338002,0.8815337842156152,0.5181639968792534,-0.5442922080216679,0.0570573471452235,0.3675824140394789,0.9670490183156164,1.4043560441907688,0.6228708019817476,1.0694362868029104,0.1543598918466872,-0.3545956756402362,0.1380849474272278,0.2148727396384875,-0.1693272497666372,-1.3019661787542642,0.5370711907668958,0.813571268737655,0.9249484460453522,0.8454345162045354,0.8774601047502263,-0.120135153609348,0.1697048305477068,0.131810678373311,0.1112626421224037,-0.0732816622593181,0.9219985526718988,0.6619400621646825,1.1293636581174176,0.4525165299417589,1.0182301356319845,0.3024830230473297,0.0053193776429198
TCGA-97-8179,-1.4664161666923168,-0.717951062186485,-0.106256487776319,0.2734152801976942,-1.1326083714219966,-0.0350716870423103,-0.7622827895675008,0.0089322221744535,0.1470287706428279,-0.3541564907046578,-0.7438559580845474,-0.8999166351799657,1.4210362544416422,-0.091977527875593,-0.6681494907629525,-0.2207239062938925,-1.850879202620096,-1.612418187504787,-1.3438210481520256,-1.6355364940291144,-1.093699384981127,-1.1726409054608375,-0.3895801855322883,-1.3647092828693594,0.4141616107325231,-0.4299669437639961,0.1757658631091125,0.5019877323539742,0.4109422902131066,0.2892702357396644,-1.119096490542109,-2.264381755272128,1.2756894273435606,-0.3322380278879112,-1.3483604401223357,-0.5226515030741643,-0.2097858249712332,-0.8634866784101384,1.0456672881008702,0.9188136365570688
TCGA-44-2662,0.8960193707128618,0.7051651402368331,0.6880388905086192,0.5370086134356634,0.8938780088292274,1.366303611368813,0.9869215598245044,0.6340854194500823,1.018558557249599,0.940633499787087,0.1123602334576703,-1.1975803703770245,-0.6920573868583103,1.115536190292174,1.9668542379107496,-0.0237228524171804,2.459674206604128,0.7021484199598562,1.1356903518640191,1.2723834882697536,-0.4567421927980848,0.0240431469887364,-1.4651291577215548,0.9460248082529932,1.262794073883331,1.8003962794648394,0.6186982422687111,0.3749031508355829,0.5817378187652336,-0.1669923174415823,-0.2583602142819941,1.4346875711657718,0.5780680561809493,-0.2657835242037958,0.7749336614117931,0.5977404376197128,0.2052762745307412,0.477666143106054,-0.6428543550216579,0.2332428947141796
TCGA-86-8074,0.2001964959920369,0.6843695430225984,0.6267937821704843,0.8014117681555447,0.5177310028777126,0.6782830962235569,0.0561800470793274,-0.0506435015274681,0.8164180753537827,1.3400691356148144,-0.2433988878360997,-0.5815775101812262,-0.3692613364233797,0.804788424170363,0.974387568893715,0.3590386139234063,1.0577857266177024,0.3015398545365668,0.3272786694126219,0.5208802508760493,0.8719139972382087,0.6793544891967556,-0.9325113842685312,0.4438914730294532,1.1259736387248214,0.6446992275984057,0.4066769258144367,-0.1181480325847863,-0.4606203415581593,-0.9957544753634548,0.4113106944432912,0.758514239015298,-0.4418833226560407,0.7680688619285296,0.3617087854538862,0.1815352753071374,1.0476478974206638,0.9409329438413973,0.5696968777289204,-0.6247145046037522
TCGA-78-7540,-0.9087035972181444,0.4135651843844967,-1.078633550802766,-0.4647667783080437,-0.0078327499538175,0.6908146108584071,0.1190409426634016,-0.1546041279026757,-1.2418781276571644,-1.1722597794715872,1.3292383343626206,2.166608695529345,0.4794977273400462,-1.1032959237804665,0.4764703644644505,-0.5687811725375036,-0.0114495988966051,-0.2733756867532339,-0.5203769748866602,-0.5767907605051226,0.5372168291135934,-0.3517770092514779,0.7005278125052583,0.2297212399163625,-0.8941350915821795,-0.8063491641373852,-1.2064975010407073,-1.3942956271728026,1.1138229988096953,-0.2661846459723653,1.101594655616558,-1.279470911044474,-0.2898018512031264,0.4895657767165643,-0.3217849602276821,-0.8860061476401405,-0.053409338051923,-0.9877648900639492,-0.8838278970232163,1.2258128019945822
TCGA-05-4426,-0.2379122193449608,-1.0825272999519693,0.3950378371294636,-0.182577138038891,0.3912603242485311,-0.7928089324638421,-0.1043371010628324,0.7991289763622302,-0.0266361427385045,-0.1954328781328801,-0.1786618204892383,-0.7356183553470775,-0.973127205010938,-0.2193008472540367,1.3474692860259043,-0.0090733711662652,1.474776334863728,-0.4973102694421767,0.4433642445642013,0.1059723329673329,0.0803839116164065,-0.2269003397387042,-1.1753230956767202,-0.0439979536692313,0.0719026717936301,-0.3185835837082496,0.0052523432887107,-0.110230591713744,-0.6108394503826047,-0.1472206899983018,1.2394276930333432,-0.7458454757412678,0.3488026226339403,0.098483734029706,-0.1572942805866291,-0.1146113403042823,0.2847324300669044,0.3003133783953347,-0.8070936408270448,-0.9542287632079088
TCGA-50-8457,0.5385615172741947,0.5183661258377955,-0.023546744212702,0.6751028384073708,0.2670473974970624,-0.4831695408864276,0.3170151975494722,-0.6863360292910824,-1.1398225475902872,0.1126724562732617,0.4133359310919127,-0.8082780479766299,-0.5062252154520229,-1.0921254510508314,-0.9805542485067662,0.8217002781787687,-0.1708711592011367,0.3818590591247885,0.2730026541341959,0.2442197521103438,-0.2505418443867743,-0.0023679300377858,0.125746961752214,0.4139444069165445,-0.3358302662388123,-1.5131677374906238,-1.1358621728810012,-0.5694308267487048,1.059525223662232,-1.0730070071116715,0.7172191149068893,-0.2173299295233459,-0.7878153726275761,0.3884381870951665,0.2101031701032062,-0.6210464986404768,0.6287382282639671,-1.1755512254778009,0.7968464559019988,-0.3654993638295822
TCGA-75-5122,3.04098848235644,0.0661591389092775,0.1595641362252882,-0.4613230099103219,2.624365641432153,-1.029810698674185,2.398118237027953,0.7595823322666263,0.8007349689368399,-0.2642629595833329,-1.5751464676200115,-0.6682819412658765,-0.110182542774311,0.7050091064788092,0.2144960896879402,-0.7593242249170656,0.4514980138166345,2.335635990608492,2.9671231166367766,2.5417722729933896,1.66613046581227,2.4281779227329108,-0.5610242822489738,1.7070647640184644,0.4452116663521868,1.1509042661774782,0.8338238342624108,2.8233387617031597e-05,-0.9035206460725592,0.6946940746358733,1.3247068056002105,3.0891043513942704,1.97029404055118,-0.0868826637597785,2.253945234521918,0.753135464410355,0.0005077488004511,1.7365129223487406,-0.8078574502175835,0.701963934100629
TCGA-55-6975,-0.8102202072042634,0.7986095857582625,0.3470089005450572,0.865156369849849,-0.0793558967879789,0.1598747398384294,-0.45127685342045,0.1823726810936306,1.0331208294256544,1.5668476216021343,1.0037328019273613,0.6081363805612684,-0.7849446148342345,1.3990642592284768,1.0034832984997644,0.2984387811352607,0.2788923614914011,-0.4385343304282118,-0.8391420999122355,-0.590222147908012,-0.2000939071068099,-0.4447688195583837,-0.6888924474829956,-0.0693963190722789,1.5014611857017937,1.5156602706117297,1.1660517689935086,0.9343225446779048,1.0236006641251734,0.0949050520048995,-0.2481027156099359,0.8986694652942098,0.6526444203885772,1.032165556597158,-0.0535059285101752,0.9331272970480784,0.6371288998430495,-0.8893934612907207,1.191068677173299,0.0445832453358307
TCGA-86-8073,-0.5381311992339428,0.8878632371285706,-0.2671414051073592,0.3418260590775993,-0.8156159019890526,0.5555370465256221,-0.5142624796200588,-1.5280745725717997,-0.227226431983066,0.1446688994846948,0.1354682271481718,-0.2240007444530326,0.0042209324148629,-0.0610579863995873,-0.3392748521783987,0.3264906086372496,-0.7445743421598213,-0.8460155030916992,-0.6516150782651307,-0.534860061252077,-0.6083855306560917,-0.7060107822610683,0.4673809960334277,-0.8296244378448187,0.6506702518119701,-0.0373485235921814,-0.2941912348769624,-0.476297563639608,0.4828294064922953,-1.188749139698874,-0.4830889378728433,-0.8944323128984575,0.8721487685047783,0.0957444863720786,-0.9562646682842616,-0.1570260705635707,0.6883847752283838,-1.0902537630291589,-0.2750314813539964,0.3499552502644555
TCGA-86-8076,1.098216197403036,0.2298603389545532,-0.0407091319885008,-0.3655216345471655,0.3132613051516391,-1.454667117474397,0.5857106554030144,-0.342500007839615,-0.8486662637019945,-0.1751048891382598,0.1582974047234355,0.1419500509941009,0.3282546000137797,-0.8549496552339381,-0.3024411473450642,-0.2683086580090155,0.3434496051372864,0.5608679827233273,0.6228564654240744,0.2638109009047386,0.1121342488260548,0.5751040740853539,-0.3452905372749633,0.2348878873787582,-0.6165966073599355,-0.6789632208650948,0.0737966199560042,0.1629185681365044,-1.1136702795228892,0.5659620740143644,0.2776535080171682,0.6252730141228866,0.4636038044356363,0.0446371147527585,0.4232182216291715,0.2994775487388379,0.1350070301531743,0.8168636246493632,0.2132392498373496,0.3737902950070299
TCGA-62-A46P,-1.2961369871625372,-1.384445796987267,-0.0669084662597298,-1.6847700213389685,-1.5986556051009524,0.5825848295958076,-1.3879184835234375,0.7458588541632492,-0.8404141779979033,-1.5304995411978262,-0.4625271244386586,0.9739549740718724,0.5284526266409446,-1.0864855494126784,-6.173053402466305e-05,-0.5567129895933964,-1.0887680809119118,-1.2701615200003016,-0.9898701472086606,-1.304204593725404,-0.5884112849019895,-1.1017956886112832,0.84194835554379,-1.1082524816725805,-2.267141238504037,-0.6280945002611817,-0.2175263462769515,0.2154046807241779,-0.9727091910481276,1.4328048980704366,-0.0107415959833081,-1.7834061654428106,-0.3109019110543446,-1.2013019207767088,-0.9992979044406928,0.5113032727775065,-1.678527403416556,0.6229459920268539,-0.3473651915428355,-0.2870165905683513
TCGA-J2-A4AE,0.1098247476872479,1.046563579745193,-1.200958338768741,-0.9193482909851662,0.7237167573282477,-0.3599184667299237,-0.3814210711505755,0.0912804585354934,0.0984226757581494,-1.2958838833741535,0.9320812921771467,0.6260289147771824,0.7187138781209095,-0.1661497004877997,-0.5211421646199367,-0.9645702417533362,0.1026057942163871,0.7257621394921627,0.1483309207219195,0.4317097199274333,0.0185639409767497,0.2320013186237648,0.6557892645155963,-0.0935798880061427,-0.1269051278573573,-0.2215509565097649,-0.2598902417060502,-0.7513736153032087,-1.0422474619030575,-0.3836188985289535,1.7159227535935615,0.4250840110340884,-1.2406270084216589,0.2853136118953183,1.1125759798827917,0.1848894541354192,-0.0896951325843192,1.2237390836932625,-0.6324985989498261,0.6345385569969036
TCGA-67-3770,-0.0636234227122045,-0.4565569779436423,-0.7896463063470012,-1.042509825099057,0.7239862971084653,0.8313113736211462,-0.2027484039801886,0.7842468555575125,-0.6105618293378648,-0.6336391601918169,-0.2786902188364973,0.3263267859146415,2.3866555048425115,-1.1776518146525272,0.7738944638290428,-2.125727344995242,0.0602859600834682,-0.0745608943839347,-0.455569680377033,0.036014374741727,0.4150501613744513,0.360922372716552,0.6782870728699997,-0.0593740179276411,-2.562278543016788,0.6074464069525121,-0.027570142753473,-0.875521049785415,-2.0707524098779744,2.300554580419607,1.0544183465886123,-0.209823133490702,0.5265766357978123,-0.4954951085527622,-0.5222602556533217,-0.0518120322017715,-1.1262023135624248,1.3523324182750744,-3.131854130157541,1.536659023243436
TCGA-55-A490,-0.5880166744946661,-0.985056190260055,0.6466868910203389,0.5012434494649604,-1.1177822754941662,-0.961056945214702,-0.6211455614772909,0.4271738286948361,0.4662180262969021,0.3710865614452431,-0.0288156169321543,-0.7793435166283826,-1.932292359067521,0.6968558300136838,0.1701371737536698,-0.3776060248852602,0.4830257666566446,-0.4051935092285644,-0.3747473310792016,-0.3025402736383595,-1.776190668785725,-1.345088073659552,0.1050503682081863,-0.6617577676750991,0.8119960978073003,-0.8047228270402452,-0.0443854384731862,0.693995782293187,0.3684732640691908,-1.1627186494428514,-0.8361749245375748,0.7217935357023378,-0.5101618374525817,-0.2871356865868449,-0.3524459641007774,0.7110007150955086,-0.2416062094339814,-1.2167003330402433,1.1685525661794036,-1.097524664673139
TCGA-44-4112,-0.3048644218772241,0.1165075030938996,0.414380311045861,-0.1438166261288423,0.5660508754615149,-0.3363392273051785,-0.4913412816924878,1.2198235211299893,0.3356326356101802,1.0457579237271877,0.0021486541403177,-0.0297369632792663,0.0701431155480746,0.2022629078755501,1.0023543644586532,-0.1461712030086688,1.4388518341056022,-0.2006932504713025,-0.4865811978965352,0.0695184675059743,-0.3694315730495324,-0.0828249237541282,-0.9330855590182362,0.2042078304321711,-0.73218070863921,0.2942346187233612,0.898714589984874,0.0765565343257213,-0.1166443846666771,0.9274919044594406,0.435990566102177,1.015079406181845,1.1672716694163712,0.2100356188046206,0.1508959585814707,0.6073668123744723,0.1282503217362191,1.807246581405364,-0.8111928550711166,-0.0928719173120729
TCGA-49-6745,0.779218452583814,0.5900473613018328,1.5075906677923143,0.9146913222560568,1.2630718324826409,-1.330069306147596,0.921637189357694,-0.2513752510499183,0.6220428723206359,0.9875407503994372,1.1601490540621444,1.2953998529769264,-0.5921396448959221,0.6870323424161021,0.5980496844155823,0.51268990570167,0.4901695344192424,1.0913247095430243,0.659743335900343,1.0005108756215697,1.1027827047172885,1.0505536296691098,-0.4986046454743548,1.0971245737433697,1.3047421709238136,0.4502219771471549,0.4477484010076139,0.4791940951040199,0.7043700344778455,-0.607704777361354,0.8611662278790028,1.3073598489988414,-0.0143392743761312,0.3877479460506191,0.5386577462828661,-0.337203742485085,0.9695008678757996,-0.1573748724491528,0.3107380636147598,-0.1610983572294005
TCGA-93-A4JN,-0.180663989377149,-1.1812152913494365,0.4360901129533766,1.4472760842735488,0.2736380384133431,-0.6425240180078459,-0.3793807792590049,-0.0218545971752944,0.7753159692490764,1.0015286390529112,0.2571050566989482,0.033461008318102,-2.313721872214848,0.7555078165416548,-0.2491362262498488,0.3853499866098994,-0.2263460544354986,0.105034944448847,0.0557962847306033,-0.2549426173062797,1.2762438195525474,0.716712914799383,1.548423874981488,0.0190422166862554,1.1974651074246627,-0.8175254997368,-0.4120216870615231,-0.6055335553053517,0.3725739539857997,-2.407390519568296,0.3057255585083037,-0.0709605852302525,-1.273276193546705,0.802078865532555,0.0392962981932881,-0.7973040247567009,0.6978105773192911,0.0446006624078919,0.7712061128439027,-1.140688422921757
TCGA-86-8054,-1.848883693422488,-0.5225814622523437,-0.72897858408415,-1.4754985774660403,-2.1077208155402314,-1.390936585693224,-1.8624170150791448,0.9586524313591324,1.8796863023385144,-0.493721490362223,-0.6046655232017415,-0.1426128298320517,-1.4016608888572186,2.04195599413218,0.5735688924838915,0.921555640793718,0.488468930353553,-1.2841539910547466,-2.0676581078400527,-1.6622703412617577,-2.788170327118034,-2.5727633207400604,-1.6179973532510297,-0.6876105928894123,1.425521640677447,1.5310942763467448,1.6259383993722123,0.7865531164821078,-0.8526384401809972,1.1055713479197362,-1.740017818604256,0.7827775438282059,-2.023366488263751,-0.2991642059791909,-1.4601991244946395,1.3775279699004808,-0.0814207141260793,0.1113551321209424,0.0037827220951517,-2.330743332279626
TCGA-55-A4DF,0.3446646964729027,-0.5789682901253194,-0.4063916206835395,-1.3423713791534484,-0.5009583244983807,0.0427283172934708,-0.1081510723837456,0.571183913085869,1.7947566245778157,-0.7401770184505327,-1.4645448760787452,-0.0644174110150892,-0.1469304097157222,1.68671691891905,0.4732254659785794,-0.2063803325893187,0.7160957402207142,0.0002742014381711,-0.0562899338250984,-0.0740547909886993,0.9710559579915128,0.9126684743594896,0.3341485529823408,-1.069663403204411,1.2069804223556488,1.693097238852302,0.9875332149814672,-0.1342536438934428,-1.050832812994414,-0.5551457752224273,-0.575411963697791,0.8623962681958967,0.5322128856591604,-0.6320097379010192,-0.4694667964453864,0.4188673586382009,-0.8285450146749358,0.4488759058506915,-0.4149047491221302,-0.3552612952531136
TCGA-75-5146,-0.0820610594802949,0.4078965237634836,-1.4920790452201953,-1.1495900098973628,-0.1639136391063227,0.9473557211113393,-0.49324802015177,0.7765378269488651,-0.5083454884437558,-1.0695957394915738,0.1443295758802427,1.0037818509856031,1.2964530761546438,-0.9610654451733378,-0.1270197545116446,-1.4008356379805398,-0.6947427647274914,-0.5912378914908822,-0.3214649505187525,-0.413179073605197,-0.6046107629849653,-0.5936073352232867,-0.144332603985532,-0.4634102461927283,-2.01503732432043,0.0971282036598006,0.1905118155209892,-0.6506289941378963,-1.2988830693623117,1.552893086270134,0.028479179683471,0.3273662228731783,-0.4200304379371554,-0.155778272713189,-0.8481739952628068,0.5930764231774814,-0.5606744246012065,0.6196952409353714,-1.6438925087656633,0.6035723102140024
TCGA-05-4384,-0.9382628834500366,0.0750519205215961,-0.5967386070749153,0.0449405771337874,-0.6757605268216237,-1.046526772711212,-0.2043074745129805,-0.5740269190156025,-1.1496606690977589,-0.8337188952678157,0.840323203698913,0.2228306348260939,1.401306161998167,-1.1775192947315618,-0.7415890310490784,0.3052423021432578,-0.4175773381712487,-0.3112670783094198,-0.6110464559021674,-0.411289380927106,-1.0714732949499184,-1.1025567959049547,0.8386669831703754,-0.3601431529294384,-0.4525870388037629,-1.036123951498499,-0.8129358813198809,-0.5999963494207357,0.276937227839195,-0.2680825650953536,0.721270166196576,-0.5875712618726201,1.3251253246770556,0.1467176150997032,-0.4389820348367041,-1.157899829678534,0.5087981778115122,-0.8601610647027325,1.292688428775498,1.135722029430787
TCGA-55-8207,-0.364513905825797,0.1356255023214726,0.9813442484841056,0.9545039930975312,0.3755613399077979,-1.0374310679820322,0.5317348557558849,-0.7935329875934198,-1.1096565675892631,1.3254930019728712,0.6566685471619518,-0.0500596094655866,-0.4755569317030056,-1.1372502987773778,-0.3570248967654928,0.7856784578534466,0.7201109132540087,0.3591150409417361,0.1069577820649452,0.4972392357348757,-0.949690089797466,-0.6551599822516483,0.6334197064786734,1.0149004681118832,-0.5144225790274258,-1.323553491633214,-0.8023456088403388,-0.9386453369555906,2.236015345646212,-0.4925458978805505,0.6781864853003331,-0.930447146310428,-0.7917120182796773,0.9320529444014252,0.9586382591439746,-0.8026046543071309,1.14057214561677,-0.5642808657274344,0.0492077989176229,0.1504745105645581
TCGA-69-7760,-1.4252438757410828,0.0412408027399319,-1.0854137186750887,-1.0169147973956574,-0.3254480096670146,-0.9713313258055636,-1.1617486404464383,0.5588716887998367,0.7567049498991846,-0.4028914612259804,-0.2082162784204483,-0.9422574508472372,-0.4071777104254014,0.5329617403754846,0.8894528858759134,0.5465792235627609,-0.4484274345211817,-1.1910590241245742,-1.5991622194328032,-1.133121493716056,-0.4718417694944263,-0.654651940320097,-1.213560917861886,-0.7124943417494551,-0.3175456996101076,0.9416897771952067,0.9747836577922228,1.0028535398854523,0.1283524275196498,0.534243877488318,-0.7914782459172532,0.0559672413176245,-0.3724409316613661,0.1395999560477053,-0.3268380366637826,1.7966280632645433,-0.075741947242394,0.5003481731133078,-0.7601250230296758,-1.6585074435172271
TCGA-49-4510,-1.1609568361743166,-1.2478801239819273,-0.3194700896314323,-0.7823613806814134,-0.6542361135940548,-1.3898679177331263,-1.1906781625992464,0.6662569607927757,-1.1768378032499145,-0.3951905059688371,0.0169188430991812,-0.018027975017867,0.8042821607574758,-1.445196401878186,-0.3125929073694254,-1.2507124861469223,0.3406390463368881,-0.6555572493199566,-0.9073790413588384,-0.9761297561269684,-1.5540986830710293,-1.40296402700465,0.636707818263855,-0.6904661381363097,-2.216002956058229,-1.499591005408938,-0.3180931953450783,-0.7323068425402905,-0.604615011301101,2.0520477158728605,0.468828165056196,-0.99337238641298,-0.3590634939840873,0.3269730852674333,-0.6613495609638256,-0.3918994866724093,-0.0309975846293946,0.3013247861702432,-0.194830700238818,0.4441538048981552
TCGA-64-5815,0.562678773750425,0.3425118285757446,1.906463365478874,1.4693169103824724,0.9999509551039252,0.4078491938278039,1.1087740354076203,-0.5575922234522405,-0.3799938660807727,2.1355252823585547,1.267481905020556,1.5251973950382165,-0.4290488622808429,-0.1610528746519292,1.016099406168587,0.9709697951908114,2.63166806399101,1.054682482619958,0.5973101800230869,1.0491578470958294,0.5329317711307843,0.5184600454828435,0.1917568743635321,1.7910336849926456,0.2923623913840017,0.0702234809701179,-0.3907544380769402,-0.6566775267386654,1.0793428334830208,-0.476489266787275,1.6129398983294427,-0.1709069786820033,-0.1583563022154286,1.2232258949272423,1.039026898250511,-0.0298215728192738,0.5768818430039329,0.3132491513045323,0.5595315054081302,0.5221976504277251
TCGA-55-8620,-0.804027971833612,-1.874537813065154,-1.22647447555762,-1.6442894250816806,-2.1648901516774264,-0.0387146238246299,-0.9746303211883922,1.1216009353573475,1.6814098877278356,-1.8017328054012705,-1.9057086056051855,-1.613563344477978,-0.8146786243612492,1.5613507797703414,0.1753933494928986,1.929738146524368,-1.5375916048193805,-1.6399910926151993,-1.597828746881516,-2.1477438319736395,-1.3581381455761965,-1.570413931254253,-1.0525495855140432,-1.6919510145527252,1.0915053368650345,1.2918688306640993,1.1741639333986775,1.3255404082895323,-2.045424833219842,0.4363801083303187,-2.695474119293136,0.5684211065825413,0.6203839289311971,-2.225842634254566,-2.3825687434481417,-0.0350310747196057,-2.005822548900376,-0.4168315485196036,0.7605116950719888,-0.5531432591371735
TCGA-73-4662,0.340300827499047,-0.3768380432192456,-0.3038624913475191,0.3979667278214209,-0.0474523136458636,0.0570814127204904,-0.0213620187781134,-0.1875373131921145,-0.2186612116172524,-0.3294338966065759,0.3866243982427307,-0.3221337887877139,-0.1282787706923897,-0.3351315568779495,-0.663643282955265,-0.084119070066832,-0.8418335462516421,0.0703783905152086,-0.2305883699557034,0.0460621680391561,-0.3914701879162141,-0.1907788543670581,-0.8427636647575631,-0.2008906720810198,0.0747209939730626,-0.6998349311344223,-0.3093727603878601,-0.4227524983903435,0.5732844933191523,0.0211932248289426,0.0760125946344104,0.898645509041655,-0.6203706580203211,-0.9095380624628628,0.0608704333044543,-0.4173530469399146,0.3220739914480421,-0.1149727031592649,-0.3803981744204824,-0.3205990325651219
TCGA-49-AAR4,1.0352844764548383,-1.2025431748804736,0.4237264744513482,0.6334759796156011,1.165049540352445,0.6938369891993443,0.3984027747600455,0.2992789960315382,0.1429987155871966,0.507284110410226,-0.4600686021925729,-0.0437084047139959,-1.6023277220949592,0.2680387337266603,-0.020737000190199,-1.0858564159808617,-0.2417756848408373,0.3356723975330403,0.009447533329718,0.0919203671752774,0.740826390698398,0.7446195775402296,0.1540282111050404,0.1474439133651283,0.4869634024152788,-0.4213452639198323,-0.1173559211314735,-0.187386211650107,0.3285316502602949,-0.5817113164673801,0.2573706718811598,0.1049514636752832,-0.521177865809081,-0.5136977847582108,0.1863072277066609,-0.6456593940003041,-0.4852668606402104,-0.3530518434985718,-0.0921433216867024,-1.123576361921814
TCGA-55-7910,-1.1371393951984383,-0.6149121003806074,0.4511977402116627,-1.77317601673367,-0.7109669358915804,0.4278361373187467,-0.9706953921517806,0.2198409795338567,1.0789499586863696,-0.1803906820560767,0.1112255463661789,0.467686748854247,-1.3729971461696109,1.1736266361992205,0.588807806427089,0.0087179174599949,0.789910384517282,-0.229896047716761,-0.7139480076975315,-0.7526361355936997,-1.39474646370938,-1.144109744182511,-0.8803149700732876,-0.6261359427498808,0.5992410627939116,0.8518077720361028,0.6392129723105732,0.4462990394240572,-0.3990491816769594,0.6703754219913659,-1.4557592656937828,-0.2324601960623365,-0.925512226155632,0.4795393374645877,-0.0335734023747531,1.3157428525581902,-0.2117383818062871,-0.2078720310418921,0.0831092573667841,-2.032434008026028
TCGA-55-8621,0.7871238904670457,0.4650980116523696,1.1704305646464388,1.4745669756797104,0.3031220557167725,0.6387635292882038,0.8914219115540233,-1.0143240697264833,-0.7881250876460508,0.5609908050667876,0.6372528768927956,0.6448668644961646,0.7020016045141295,-0.6485561921060236,-0.8237950159396176,1.0052040636185295,0.6967790543626489,0.8612726982246678,0.9428445966701888,0.8111766016455207,1.106727940208666,1.0583958502600703,0.6679118447167556,1.0323866805475357,0.0844761562616103,-0.2164367933057084,-0.8185316191611258,-0.8552465134207016,0.7240267060883697,-0.7678524412790079,0.3886851348738014,0.2268392980698613,0.3805632396218803,0.3231397326519362,-0.0237381778866975,-0.3794352092583433,1.0917111583838808,0.0055760111739845,1.220682792921013,0.6454001037913772
TCGA-55-6981,-0.5653265539178998,0.9517021536562852,0.5549250425359925,0.973206992945412,0.3212764325046877,1.5782136904343027,-0.2469633878163425,-0.0798428114421916,0.2093182008661454,0.4704073415001389,0.2242046010417507,-0.4339891838642421,0.0845214744954248,0.1498245486548974,1.518992456059851,0.7563575247272292,-0.0341754008656009,-0.0457970324547951,-0.5410518757082963,-0.2204239719926839,-0.5839752640074942,-0.4876280451073335,0.1767560151937135,0.1048116200234756,0.2509738217771861,0.9370473593129556,-0.0203790550353508,0.4197657506693632,1.0415850224509982,-0.3180097672564297,-0.3619312520364895,-0.1474416252629422,-0.0847353996451893,0.3660884795998763,-0.3407311186217283,0.2602768560838684,0.4762189079824246,-0.387398750415024,0.5112258661278507,-0.4175221524361541
TCGA-MP-A4TJ,1.8911654562008284,1.0073184839905878,0.0659043275850862,0.2714820436431008,1.4036986763692447,-0.4927021177221027,1.2929352502122995,-0.762714382384819,-0.2048394660137156,0.8484849079214531,1.151522723708151,1.3352326688005849,-0.8837489827485844,-0.0525703581299148,-0.5283155561763938,-0.0245293453007119,1.2666800351955343,1.8612314170304525,1.8617885927064648,1.607537843022244,1.0544675842193303,1.6473981602145589,0.5966086748927365,1.1877057254426044,0.2254470758548191,0.1602341093123867,-0.2370777849971475,-0.1877687331300215,-0.5128131884039282,-0.9911091773269114,0.8539912764800117,0.7801271972808264,-0.7686211658052953,0.4228947546578387,2.122873163704078,-0.0449221368065661,0.7100419635547267,0.2863807864117406,0.1058300658143307,-0.2534803704072526
TCGA-50-5942,-0.6483764762599253,0.9700660599327466,-0.1219266086508274,0.0488639757195925,-0.8144388628873298,-1.8421832621121057,-0.976939222616281,-0.8199264908727408,-1.1794850506778751,-0.0292876840646834,0.1833166639765852,-0.8730633464939191,0.603416483048369,-1.0959043724983684,-1.069772198287363,0.4425373548943225,-0.9697616078681068,-0.320069725540004,-0.6469488598075461,-0.4521018603647442,-0.6568689652339912,-0.860641796041777,1.4993840209921645,-0.2037477780474832,-0.4046735072334637,-2.038588204406614,-1.1988626419640809,-1.075306855676598,1.5597465022308157,-0.8635568379148914,-0.0795449783521191,-1.558656653510758,-1.4310971994521298,0.996128575069788,-0.691051232084695,-1.303319359487517,1.3810611614478276,-1.3347819164283845,0.5965353822381788,-0.2724938139374791
TCGA-05-4434,1.1846516966305825,0.7146169314661983,0.3088224740500131,0.8098323971009856,1.1871007747788846,-0.2800307247894202,1.2597076157930618,0.3396032809349586,0.5759289787949204,1.0360389433161654,1.6389457263124911,1.8667079946905087,0.6818229461539927,0.673565714253808,1.0264143072994658,1.7442900952086469,1.7608339476547403,0.881349045424505,1.0233110257168987,0.8998094355132686,1.518500726587496,1.5409680080588994,1.1020027184799532,0.8985874218232969,0.6287925251908698,1.1914158590264197,0.8242985990428526,0.6593288321489504,-0.5796251689920402,0.1191753783779837,1.7900924899395052,0.8488973530037921,1.6186741128391255,0.0799095436179226,0.6296156242429887,0.8146990016495286,0.4294490821890425,1.1782922462500998,0.1083978646559342,1.4745396439551188
TCGA-78-7148,-0.48767807660072,1.2519406713841228,-0.2884988753439298,-0.6514071378356209,-0.0192539826303504,0.2184339986086079,-0.2653936086036174,0.2436106807161763,0.4114219053668152,-0.6505467512459169,1.3417568598525549,1.4654588657234695,1.3131514341380317,0.5215214994960827,1.613387808799279,-0.0586042101152604,0.4048726768041258,-0.2555131771909756,-0.6303479785274082,-0.6916937724383991,-0.2177060389160494,-0.3905458983091067,0.5683121721838992,-0.1253581870107089,0.3626752572876386,0.6834853277151632,0.5834380611995941,0.2791748463806256,0.1989871670442719,0.56510984627668,0.0141512790378017,-0.0498969885383072,1.529110499963929,0.0326236821467695,-0.5898876793966947,0.4416057579596242,-0.0338028182364722,-0.5741891175351804,0.0654606501687558,1.4031488416107736
TCGA-69-8453,1.0537252732782243,0.976043388169991,0.7296239899245837,0.8746546632457507,1.2555630566282543,1.7672466613828832,1.5964257315145605,-0.1928197489186199,-0.5049359526038476,0.0394155783270838,2.167635453885876,3.136389830328531,0.469939517968865,-0.3040648752254374,-0.3204331319218557,0.1055705535077945,0.7162018977750065,1.6256678633858084,1.5975500535126868,1.2759753216609613,1.0655875207135717,0.9848795068637728,2.120217924095797,1.7595658027888583,0.1444774223174787,-0.0683557041265008,-0.3386267928241552,-0.2527688843016383,0.4611147133519126,-0.1918425280857685,2.2041961527638705,-0.1345013950187004,0.5118928264807802,0.5599864185785234,1.630422609072116,-0.4320467017961718,0.5186290473290986,0.9029740465730026,-0.2920192236132828,1.4810260191717006
TCGA-97-8176,-0.9966530942526096,-0.4618309080214889,-0.8801292262010609,-0.5641492294954931,-0.5343668693718066,-0.1950215173143037,-0.4662335234075065,1.030094023312052,1.004097333337867,-0.7424034211587969,0.7633525885841527,1.57586305049121,0.6693172625434413,0.9509180934624528,0.8900305114698575,-0.9496947402496404,-0.880929330080432,-1.1115480334774503,-0.8472342607064345,-0.8863531056243869,-1.371355164479395,-1.3133000562225576,-0.3252819874123223,-0.4149281941592838,0.8985187487003946,0.9569617984353416,1.2962576640233183,1.5075420883819233,-0.4148626107380993,0.6101569165247813,0.5204205602435229,-0.0252234438251558,2.2288585145390902,-1.0451604650266026,-0.8106485827867785,1.4293642131932376,-0.8279311457842456,-0.2470793784323468,0.0014911586633806,1.7814325565375668
TCGA-67-3771,0.1109244210947497,0.3745257753564187,-1.1487923045837314,-0.3851391869665242,-0.6606065816625585,-0.0369224290834973,-0.1106895466110218,-0.4386924110671928,0.0765667983650683,-0.0854135703826446,0.1955982100552637,0.5621405439763943,0.1108081692188876,0.4037594327154192,0.9440573909073144,1.0365568607929834,0.3736215181248948,-0.2897633433424049,-0.2210740306746592,-0.109842779158881,-0.4973890058951826,-0.1458068611182516,2.3057262952526427,-0.4248198743983892,-0.0222259778326209,1.198609310992849,0.2706972191079771,0.2584562521100105,-0.5781089888022732,-0.0909303524711922,-0.0658711627921035,0.3759154073139893,1.1745609649373725,-0.3826031914434805,-1.0654279080394455,0.7694696233056301,-0.5952228232396372,0.6233108359595573,-0.8118669829729015,1.0330256825120183
TCGA-78-8655,0.2743506154382954,-0.5707283805486142,-0.3944330402438697,0.5088325993631815,0.0614506760232045,-1.932231154052361,0.2166738193045757,0.47231137774416,-0.5411096757593027,-0.3139054680950349,-0.561185479382035,-0.6198834482489638,-0.4777431212979855,-0.4969649704213459,0.1303334209885538,-0.1403582301598325,-1.4139875898863747,-0.035860354673256,0.5031805103331994,-0.0069713755552143,0.3402861430259082,0.3060223260593304,-0.4311751523112326,0.2520448112381158,-0.3707908962984311,-1.332056401872702,-0.1593729933394956,0.0521154152542884,0.9902122641334072,-0.1107527825814399,0.1257243755075872,-0.4608903388540598,-0.9332435365297792,0.6643615311915994,-0.2491688672757573,-0.902902514062438,-0.4189982041203642,-0.7812695057959983,-0.0076915006305908,-0.7212750834608819
TCGA-95-7948,-1.2236856910291682,-1.4726136854905354,-1.2088355050841983,-1.170912417540254,-1.432564329773134,-1.3218529554567255,-2.009513147085925,0.7089084578256928,-0.2671161178044209,-1.086140161046504,-1.1512145065383383,-0.17598647452901,-0.9914795318114552,-0.6184419960120225,-0.5732203293893822,-0.7638079187191907,-1.7576493954539996,-2.263605251028817,-1.4228017620898232,-1.391770629607395,-0.5797149229349865,-0.8002510040534316,0.1576773401598433,-1.809833469695112,-1.6639726790758254,-1.0140277965940805,0.5083030470520592,1.0188847867283497,0.1943429903677618,0.6342242295675907,-1.1539837675477511,-0.4356032103095351,-0.4343590614443595,-0.4506306359891706,-1.5820438697604884,0.6093307474530038,-0.8174248454403977,0.2624353642768597,0.0951813353423277,-1.416202624543912
TCGA-78-7161,-1.975626131769734,-0.2184325504884268,0.364005822207621,-0.9624038976632034,-1.8348871192026264,-0.4916897142710555,-1.347683622749595,-0.6707954013467189,-0.7852444363680248,-0.112586446707641,-0.0794667914356657,-0.5985581565735165,-0.5698135176403976,-0.6555898944540721,-0.2525710483919084,-0.0036021738731652,-0.3799362023925209,-0.9303738565678134,-1.586233440033432,-1.3650379586986163,-0.8407024691610976,-1.0753616111056912,-0.4971154806770509,-1.2361222493126434,-0.7925628256129297,-1.0045631175376344,-0.3673578522872291,-0.2028423231169417,-0.3145101209392055,-0.4138774688506956,-1.2791094343540037,-2.3119914508771937,-2.2388776872756044,0.5774052314822518,-0.380938056104704,-0.1555545731942388,0.0970601534232525,-1.5027834960019066,0.6559187780924346,-0.7320412919690783
TCGA-05-4427,-0.0214262173065106,-0.628258189637474,-0.0590118140721092,-0.286878642577123,0.0916063272693833,-1.4574532336774155,-0.067812970083403,-0.3827655641526098,0.9290431009625784,-0.037964542815536,-0.8504141670316664,-1.7466114247686009,-1.178649653492384,1.121280933707704,-0.7746817787093909,-0.0695300328102443,-0.038071892217903,-0.1591156600934803,-0.1435347208227966,0.1160288841544257,0.0218717564863158,-0.0687321506867505,-2.4870127504783963,-0.2637547721420735,2.001368358250184,-0.521422784363492,0.100622798385151,-0.143487383060888,-1.493986138530497,-1.2871453418013,-0.9352571823605492,1.2393897691061224,-1.2159628196013097,0.5012897442495688,0.1916919262600907,-0.449026697407573,0.2179725465185028,-0.5782895293546327,-1.0590170477432437,-2.0738126544818543
TCGA-97-A4M2,0.5781893792776989,-0.11216122624188,-0.0030678739559715,0.4595841788925345,-0.1258894177191713,0.2217659306721304,0.2526095981966098,-0.7476349774346785,-1.2936138983760583,-0.842563399936782,0.0103390444825632,0.0240922492491021,1.2040936677126426,-1.3718493191415202,-1.7485103787142418,-0.454227783921687,-1.2249438124258882,0.0855064194215761,0.600063641125718,0.3122785652771802,0.0824621948614048,0.3497038871435248,0.3874040905102998,0.0109550051091096,-0.7360178802413032,-1.1973477533266526,-1.2311665283628928,-0.6562100542097294,0.1425439788453298,-0.2928842063364484,0.5530114211662285,-0.6881400747989415,0.6271172738134978,-0.3201268630438376,-0.1975496476136286,-1.1021519784856808,0.0368545085677437,0.1557605801420357,0.7735840806326206,1.006562777551525
TCGA-50-5068,1.4798519892420254,-0.6882679913575931,-1.1891117647126015,-1.7547759402097765,0.8808984588018046,0.3109075045269072,0.7717218125379463,2.1357109123846576,0.1361260876244444,-0.1759035948119206,-2.850572961886942,-0.833119162504745,1.709641072633193,-0.5072701989828149,0.2539417049452184,-2.265785918410003,-0.2646501192856942,-0.0723529426773491,1.0113825718197695,0.4490683322677085,1.5312337451453526,1.529466488092378,-1.3035107078764316,0.7043968108260407,-3.111726570437188,0.5256894105283364,0.9810950018675694,-0.2587651851892601,-1.9776041082116675,2.7153996649710868,-0.2849082713172279,-0.4472264875505618,0.8186056354265004,-1.3168987585421466,0.310720380248964,0.007204032202352,-1.0890611672213073,1.2305332695549245,-3.22223732429355,0.4229150620164562
TCGA-44-6148,-1.0078601849129674,0.3825018504850526,-0.1514923495837707,0.4739403585621137,-0.444228636868163,-1.6997787254590788,-1.044911948670444,-1.4494873316945938,-1.671069704143737,-0.169930400992595,0.6928934501522271,0.3391352440735672,-0.3132785434793897,-1.679832344732015,-1.1935814108138554,1.33062819963763,-0.0306427006400257,-0.3230720583446962,-0.5537550340345662,-0.6291466909476606,-1.2488421652275623,-1.1860187805297129,2.2686556303322565,0.2323673569623715,-0.9409440433756128,-2.454886985712858,-1.750615029663314,-1.8713495475751531,1.3431994680157116,-1.1388629782927868,0.582938878592129,-1.7522867432992142,-1.4336046979957882,0.4330898476413728,-0.513403571750714,-1.7825585648969742,1.5984931448177908,-1.7239330136137154,1.3733200546712143,0.5387576606696464
TCGA-78-7536,-0.5293657800039795,0.2375159982347746,-1.972348354961368,-2.623562635827158,-1.746564542235421,-1.3496726779349872,-1.3835053417825316,1.1768429817081536,1.9325165087685097,-1.6456197287592953,-0.9482275529588764,-0.4344647522107466,-0.2927264558468287,1.8746916785685144,0.2312714618544503,-1.3377388726191797,-1.0405141630884711,-1.393585059218842,-0.6759160111799499,-0.8657357764341556,-0.6733180480970741,-0.7593948227384282,-0.9829900777104528,-1.745018201557132,1.4264954328128183,1.0331235994540535,1.3999142541870948,1.2542765428806346,0.1528612724738123,0.3565103626312774,-3.055656700252289,1.5498438441608555,-1.4979541915489458,-0.9322771465049344,-0.9701642770294931,0.7240672811811847,-1.573139791733058,-0.7709154924163946,-0.2215068661246683,-2.1390151870642446
TCGA-50-5044,0.2030458119878447,-1.3328653941183313,1.1159341376758782,0.8623823508242129,1.001507800233243,-1.1289634359952438,0.0041170613342396,1.716395053923226,0.698394386285185,1.3986465092032925,-0.8056857593058229,0.3208727250644605,-0.7598569561654822,0.7595510884643201,0.9569200036822232,0.5095393541598494,1.167940555550827,0.3551848550166028,0.1764876660091437,-0.3512696717454622,0.8724163373814366,0.4152997551646102,-1.318734670095164,0.1998356679044569,0.174408785486361,0.3335122298394069,1.1691357481404558,1.035793123513601,0.0881689077971994,0.921455278381798,2.2755005774627883,-0.5214101104596017,0.8523198247360789,0.755555948568421,0.2209702871995163,0.9747045782079564,0.0486631445974936,1.103944711450208,0.8099101482947133,-0.4516843817224364
TCGA-55-A48X,0.4740514542475305,0.0160177218899552,-0.0598851900865512,0.9814045440554716,0.1716798559129846,-0.2913784294239277,0.3407255036037572,-0.8161410908464514,-0.4927654738991373,-0.0247148149553851,0.5143799252863417,-0.1903063167487055,-0.5599842551893145,-0.4210210881605558,-0.296102023311296,0.229310860696294,-0.8872025170933436,-0.2991454606769009,0.2491074749016936,-0.1326033820519075,-0.1133340907940073,0.0631343856783274,0.3880434113436259,-0.0187811728895115,0.1627646230595909,-0.8244908848675074,-0.7903224131180535,-0.9665694178499242,0.7674922140279417,-1.3698160868376268,0.0257740067699522,-0.1809756694547833,-0.5429707076103251,-0.4397084541284103,-0.2489053915951358,-1.021547554468634,0.2012405963616866,-1.701160242480869,0.2407724474514563,-0.484431663927892
TCGA-55-A494,-2.5409976397668155,-0.068312429272201,-0.8661637487824907,-0.6862457059662952,-1.7672391879483726,0.2708014396822136,-2.7924909975155328,-0.085458529447764,0.2854066600506515,-1.3451534326501888,0.3058885126831062,-0.5755070496904391,-0.7281454207163278,0.3120113209427657,0.244122026831902,-0.3998477883004182,-1.4029683733135083,-1.6964941464369578,-2.475692747000096,-1.95982052969358,-1.944915567379208,-2.519342940169984,0.0286307116084788,-2.056300745363132,0.1231963936214057,-0.6767709238031898,-0.1131857730650743,0.4358342682759041,1.268030838866406,-0.4111995144220314,-1.3716313071903783,-1.8902666493898823,-1.4759956457444772,-0.4170351868573163,-1.1792986822952944,0.1920304741556273,-1.0053394718793804,-0.7874927867902236,-0.4654319596357377,-1.429888162350809
TCGA-91-A4BC,1.326093148321522,-1.7726268546940591,0.125142249556403,-0.1060048630483286,0.0810726765186532,-2.177183746693866,0.5194868512388368,0.2417583829685438,0.7276109239446787,0.7076261204792176,-2.3497036231050648,-2.034132008064874,-2.077876277696607,0.7122787942676447,-0.5352335014074977,-0.8833682480733446,-0.6215451783361784,-0.2446104660008633,0.8507429727151071,0.0213723230962455,0.5562238375292822,0.7795597573202901,-1.665862506240362,0.2283675421020865,0.6245180642057445,0.1212948479268458,0.3592322922105248,0.6345557074189685,-0.8676435313447528,-0.3788830784311396,-1.654665414014558,-0.2463747290446924,-1.1934606277505373,-0.732873794788593,-0.3682047997068917,0.7894515477328222,-0.5463417883226173,0.1763854909799282,0.3481015656156156,-0.849895259913773
TCGA-55-6986,-0.3053466567795591,0.3948290458428019,-0.68135945263771,-0.2153474482726715,-0.1420426235023893,-1.112090085513477,-0.33484211368693,0.2695858956637432,-0.4790862763916504,-0.5182556773811823,0.4551707329266832,-0.2560868579027576,0.1027948526272557,-0.4769121751115188,0.4453314901959825,-0.0182671205027942,0.073780940214916,0.1356833660211496,-0.3295697373512959,-0.2445569663193864,-0.8002939950162041,-0.7513100217951192,-0.7455481225097459,0.0513468489880284,-0.634987801984776,0.0937932357601578,0.6830029303364976,1.3991977804976636,0.0570630317359109,0.3035565162064041,0.6375481057007553,-0.5322122199866351,0.5284380447559495,0.6442214877458307,-0.1196453997072131,1.464811173508551,0.2966312583989291,0.2875810388141264,-0.1480695321521415,-0.552626841305771
TCGA-44-2657,1.820871366628403,0.2801682773385548,-0.0725146922797321,0.4070529254559751,0.7333412180870301,-1.1767705627667069,0.855701867924496,-0.1232808121212624,-0.2636099607927767,0.1226582783046783,-0.4425589477674524,0.3596534755933954,0.2406524636107549,-0.33856074995711,-0.0733491313856628,-0.0390876936501152,-0.1135444262082823,1.0331677879395755,1.0198035394229648,0.5153744609973404,0.8143745289201727,1.2921308773099769,0.5262980912307355,0.7655673362588222,-0.6056589124374875,-0.3852715524197354,-0.1398441510844205,-0.665791844461166,0.0881354287411231,0.1687367659414039,0.4726566265832264,1.6560311419491849,0.0866668187072185,-0.2658771870379826,-0.3596637113216022,0.240196110050859,0.0027397427235363,0.2353827045781656,-0.8274351302933753,0.4692893125187967
TCGA-49-6767,0.5189347848678102,-1.414017716125903,-0.9352271257907988,0.7503808159042149,0.1444763802851714,-0.7611006144306888,-0.2769666438165599,1.0382080112922871,1.2370585671133938,0.0921619748517586,-0.8739069465988476,-1.0151639151148844,-0.8811132573374238,1.4298041504366168,0.1576802171821847,-0.1515295427622525,-0.9566382169571084,-0.1585355120028999,-0.0653668298237564,0.0073959663310868,0.3441346400626891,0.2291917632163987,-1.6054723903150536,-0.4434350340277039,1.2535733301901182,0.8255840158084702,1.4963369327574216,1.1549368157978526,-1.064631377528156,0.3194923566574587,-1.0351258088206994,0.8842716031633089,-0.1725259553851962,-0.0973841279135975,-0.1438166676891253,0.4819797312718917,-0.5836978945214082,-0.3449126554971819,-1.0175243267381378,-1.2436213617904432
TCGA-67-6216,0.3374177812740022,-0.737320945153459,-0.6228479958689149,-0.1768886289898203,0.7603850908545395,-1.9947952711303063,0.3944899126276308,0.5890750425886949,-0.1549320595341441,-0.5435585804511762,-0.1360076677308973,-0.321808699554619,-0.0964827401711627,-0.3474177153669683,0.6082874521257606,-0.0686156617170739,0.260061156720228,0.3684557437529516,0.7488613991254081,0.4643412782363489,0.452037059367701,0.2780947894226682,0.2147314608242377,0.2534246896553633,-0.1837574424333592,-0.5338859166242383,-0.0013962368131253,0.0602023978015735,-0.14118480630598,0.1509645263896746,1.1157424060007406,0.2786946468705162,0.2299277646953444,-0.1967307925133698,0.3215439146390916,-0.5706519525260012,-0.2103720500569135,0.3739487690155618,-0.515374105491078,-0.0813646306053389
TCGA-50-5930,0.0598035021369705,1.3932081928183095,0.2543888350568095,0.2466147869784148,0.0434092087964805,0.598965323078621,0.2231930414605859,-0.0620836958851049,-0.0539298860970805,1.1685747896679135,1.679809635999744,1.0442831933936128,-0.4517890740640884,0.0322186028438753,1.137749944678902,-0.4592316666306233,1.797142534603605,-0.1081605771441525,-0.2044375042770052,0.0324379136993769,-1.2202257581409983,-0.5841519575375984,0.5252660649150412,0.2493460239841778,-0.0283791886829973,0.3302729529695018,0.0321826632818115,-0.1371778584432684,-0.0155125692333149,0.4297971053861614,-0.54869871251824,0.1888494663285823,0.0679931395329584,0.6198579347327298,0.179942998736895,1.1266574015788045,0.7750574967529711,0.0004904379316048,0.7954188655812544,0.761650193533131
TCGA-97-8552,-0.33912902982196,-0.3508031025700318,-0.157618594810106,0.2972162316711996,-0.3703996576087836,-0.7198316042425921,-0.3199352100061142,-0.4745354201798614,-1.35632069634541,-0.3332059156577712,0.2680201173425452,0.6598838903432946,0.3643698342599749,-1.6054640373854496,-0.7435645116164855,-0.1855888753571703,-0.8565034294223289,-0.4386276799554872,0.0284967417746993,-0.3085596171978537,-1.0534339076542734,-0.7731745424929871,0.6361598674198564,-0.097924922425071,-1.199064941706472,-1.926955692351236,-1.229719673684337,-1.0779864212328774,0.4268278256759353,0.0203609145289124,0.4187671548531521,-1.805199357476053,-0.2155726898029282,-0.6209114219086999,-0.6802805161683982,-1.1542336832407087,-0.0074448022185961,-0.3943674978258375,0.0478408924877948,0.6139284494056206
TCGA-86-8281,-1.1620688796638032,-0.1254027168556032,-0.3645610668964372,-0.4574620800884661,-1.4100647652954257,0.825102345587766,-1.0278693727248478,0.0531716296797515,-0.8961053335837726,-0.7895314834009202,-0.0235307984682003,-0.5421023062778841,1.6006443229818914,-1.0418081039813225,-0.5667240679464352,-0.0938029072758322,-1.982117839384225,-1.3123022549323078,-1.2742183790269328,-1.3303575031691803,-1.5827936575559287,-1.5202035422603777,0.3753732971110251,-1.2776184365328664,-0.8251080675197888,-0.6927455967873611,-0.664439625424308,-0.6856169237655669,0.1059199949191301,0.3092619670105931,0.4998541125741882,-1.019285322248227,0.885250278206459,-0.5144324185758178,-1.7942969871155623,-0.633349632168204,0.0167327059453008,-1.0445298496752806,0.5412765339511152,0.7696075655607303
TCGA-95-8039,0.4156861823803217,-0.533809789964627,-0.3975830530450912,0.3260406461103294,0.520560063953015,-1.779078254185743,0.4915242879959493,-0.0584942317784226,-0.2059036879747052,-0.0675634162248067,0.3802259507896602,0.2146295537423599,-0.2436890280386836,-0.219898596507791,0.1059713873682131,-0.2115093054278587,-0.5532912700005889,0.6609214258217948,0.6942843004857762,0.4865496066145766,0.9906865061160044,0.7359171107950948,-0.0062444273610091,0.3269188842484537,0.139650852611731,-0.839185653672671,-0.0340937265725178,-0.2432780778165927,0.5346732704050048,0.1429187102308044,0.2142856398973964,0.040421192663648,0.1364743881641788,0.2488164576513578,-0.185585584249877,-0.5391099904084272,0.2468187468190055,-0.6471656208765068,-1.1343819004064453,0.0305293688549764
TCGA-55-8204,-0.2375023241127602,1.0423561889776347,0.6677794771908083,0.3432013936849428,0.8014325360707386,-1.4645973557056688,0.0062501276744029,0.1824001670474639,0.5479057241012714,1.0372331059571718,0.8559132635968785,0.9434533370087104,-0.8384744691820101,0.6366196271582175,0.5429436650409416,0.6155353464166765,0.5762565750032063,0.0474059718405405,-0.0298976613383536,0.132482128601009,-0.312832203645201,0.0141363088758646,2.1595835246821817,0.2645168953824156,0.4786306799895038,0.9226343527994594,1.028011580423578,0.8390403947403805,0.3786976726658243,0.0960249411025445,1.3466339085914645,0.0350791791919073,-0.0708361231313682,0.269816696563618,0.2711495027805174,1.1531812752493915,0.6014616791439604,-0.4324686218412962,0.8024328085706304,-0.1554698644998852
TCGA-64-5781,1.033824821070417,-1.0499533284515656,-0.1319918104060764,0.0620480959770509,1.324678446464518,0.3499819510151653,0.4371805397594033,1.876535282679357,0.5077717308552537,1.3380961148262185,0.4414950290758338,2.129531101122468,-0.4033229399959022,0.379319918662711,1.152061915904692,-1.4742163104746455,0.9115411707193756,-0.1763788153018634,0.2427231475854415,0.0720852631182024,0.5821532342902532,0.8370924442323774,-0.1716081957467955,0.1302805739104839,-0.8926439900611013,0.7771006533014593,0.9057223812403316,0.7976550995969357,-1.4294068329508207,1.985288809090248,1.2973003505839718,0.4687742051352715,1.5392575750070694,0.4349633149247282,1.2283476599204972,1.143528519000484,-0.286099970186957,2.5339968088668465,-0.60570860080559,0.8020284598649516
TCGA-NJ-A4YI,-0.8414184409776962,-1.912102539564603,0.795831117725444,0.4411416168451443,-0.2061106877340941,-0.7220018307235634,-0.6497861554173799,0.159173335525302,-0.691584679895183,-0.1748459474958781,-1.3128517281218357,-0.8893923683738193,-0.8435505227918244,-0.8722377656399238,-0.9434086509858072,-0.5879290339298718,-1.976581511422696,-1.1202135789548635,-0.4760068219614107,-0.5230864244286099,-0.052808720054109,-0.4607124193804309,0.0421693249421874,-0.7008450306837062,-0.7078528254843247,-1.465455688325206,-0.7563390404901114,0.0449622243359099,0.7820632739577811,-0.755508356260798,-0.0334219525972802,-1.8462371726384903,-0.0280705032807509,0.0745766613620921,-0.6975694381865521,-0.7309554411740149,-1.0314908468473445,-1.0278714930520454,-0.3064263577656516,-0.2841476546343925
TCGA-L9-A444,1.7016824606383667,-0.7671151232738823,0.1098937350723752,0.5836337539297951,0.665029907263391,0.9520059499087424,0.7622270891752926,-0.2621387037931694,-0.1985182876279355,0.1748376291284763,-0.8170075970183887,-1.1042995416573675,-0.3668804005437511,-0.2171388299487108,-0.1326057000345487,-0.2300549005240969,0.0173199821295198,0.7478915822157963,0.9130192298269192,0.7042428941093549,0.976191134660144,1.3787487025937772,-0.5415554334296386,0.2619382869412887,-0.0630656778445311,-0.2902156226178431,-0.6527780718502976,-0.3632485127014021,0.0747356007900982,-0.4187497546627965,0.182163712542183,0.6745647293092853,-0.4087275384251878,-0.7939748580558408,0.1575898278178296,-0.0442336128516009,-0.3390778901740607,-0.4255744756892089,0.7303660066712326,-0.2854091847207159
TCGA-MP-A4SV,0.4519465726749067,0.3489475159881235,0.0859830884752282,0.0116280724181175,0.3882253717026058,-0.0254201876049455,-0.1225520467008914,0.3162762807254646,1.0321792096242404,0.0428650272510707,-0.0028006490523027,0.4904056595741625,-0.8722544398524843,1.1785332819180472,0.3600119964305256,0.0843031169969011,-0.0684694948303847,0.2776199192233545,0.0986370637180929,0.1306084259614112,0.8486822227943823,0.5864330071802449,-0.4219851216462185,-0.2119548504626226,1.3497543421467983,0.5279468577524293,0.8619603278475392,1.3051995074464369,-0.4521353142357621,-0.4767779652345028,-0.3120539844055098,1.5999229655961056,-0.2894331229053301,-0.6107862963513276,0.0568963621750467,1.0128760651109554,-0.2368829180757993,0.0796209934024156,0.6354231995288515,-1.1768076543236068
TCGA-55-8090,-0.4154648318254126,-0.205149521004344,0.7693957498309945,0.8350512935057365,0.8928525610822315,-0.945086479951314,0.1357321693884357,0.2516506455752635,-0.1202655606607246,0.6010873390785818,0.2850385236222273,0.5494703680825056,-0.9454017099508782,-0.007763524826505,0.7278035764744606,0.9341882381286152,1.0578885132691418,0.50052116193602,0.0872753394717116,0.2278782339555193,0.1175279022868822,-0.0070872626396652,0.2697771016518621,0.4754858496439712,0.6843329250491832,-0.2351859127605678,-0.1798344521264879,-0.6126483375846106,1.2474711239318388,-0.4701203718180636,1.3776438936959554,-0.0800861848090685,-0.0059076241185251,1.6485732321106623,0.9643582356789588,-0.5965489692199316,0.592039724811725,0.2310352802645011,0.7535531158830405,-0.973570084972744
TCGA-95-7944,1.4216099130785294,-1.849648212983476,-0.1117647058201015,0.1460149212252216,-0.185937061992701,-1.6925582591803836,0.6270330687852756,1.0606323092067491,0.9162543823496454,0.2966172579497965,-1.13992519324524,-0.3979554957755216,-2.072056445421877,0.9096934802487,-0.5595026846627427,-1.539482085675712,-1.170070279574147,0.1801894803655223,0.7790911669895275,0.2817431467911647,1.3526048529195769,1.3711845357090733,-0.2805919191312073,-0.2130441828484648,0.361962788452388,-0.4993302315732841,1.0809715867466922,1.644305592661285,-2.315835266938384,0.2446296475733775,-0.8435396697196037,0.6351972295074586,-1.2223205770671113,-0.2838062190575932,0.1708548971113061,0.618798545673903,-0.6971726346597735,-1.0044219768384608,0.54607100602531,-0.0299500414443248
TCGA-NJ-A4YG,-0.293877820840924,-0.4910837690987509,0.7251017394715706,-0.3048755197708011,0.2124729945539138,0.218169311533547,-0.0973236794914158,0.398584269737686,-0.704144585635332,0.131104049562771,-0.0032146915695397,0.359197227306922,-0.0986684232675226,-0.7179974324384826,-0.4578668979684675,-0.0837287606755023,-1.186953840707638,-0.1079569478887654,-0.2681421410334541,-0.2158663462662058,0.4055278147068737,-0.077020449012568,0.0016506872902554,-0.122450852310824,-1.2078118341020427,-0.6937781928610331,-0.0896084712686751,0.6196781747861553,0.4174846182504034,0.0116731986426283,0.966056319759855,-1.1118831930274122,0.6279961710751343,-1.0406489023185137,-0.1322709626597344,0.2042289518924094,-0.5025553629695415,0.216828691163732,-0.1468919318483569,-0.1109703739566492
TCGA-91-6830,0.0597613245165493,0.7302765544884756,1.0474096973223892,0.7592577406994093,0.6027159746932416,-0.3182050518254633,0.8345425099048273,-0.7373828186296052,-0.3380242967659825,0.7323542903013595,1.6938494969826596,1.2431250445257942,0.0219574386879986,-0.2505789668437992,0.1267815019326809,0.3535164952752828,1.0254153403792594,0.4073576009245199,0.5514190610376306,0.4181215653038914,0.8365170155512192,0.6489831776252513,1.0775839855458007,0.8699507318541205,0.4047285408723962,0.5061307444346315,-0.2450879037460288,-0.8288266612240397,0.2334443396947873,-0.7140476383840192,0.6466118219831888,-0.2877902396612609,0.8911596303509588,0.778698969048103,0.4247980350291185,0.5925137029716179,1.1116967793017711,-0.2751602533905011,-0.3063172481324091,1.150460498271318
TCGA-75-7030,0.2894575302912555,1.8781438476631795,1.679036625671211,1.874578507023538,0.9869304974194746,-0.2738235307355618,0.7578032182375832,-1.5949643730186216,-1.5416927293277578,2.403649624859289,2.5417165250893423,2.098289934632537,-0.3652898125178734,-1.268703827440531,0.2746721840064164,1.5866205462634693,2.339471940722308,1.4123037424960327,0.6124883018699759,0.745160133244991,-0.3662880567789668,-0.0312753619975557,1.8536513038876936,1.8949855697444828,-0.3954407798827782,-0.9817284378952276,-1.3935629373566616,-1.3535009519266017,2.200599699275869,-1.289503575040691,1.8834952718893103,-0.4142682711228359,-0.61447880522412,2.0488297905305024,1.5091105931654352,-0.7409989623860794,2.0444433685961863,-0.108476103638292,1.329267951277253,0.8302267811379122
TCGA-55-8512,-1.489697621380354,0.5286734634966758,-0.9600949397455918,0.00065961323084,-0.2697265269680858,0.8637988453529155,-1.2294865845229006,-1.3631770288709248,-1.5546350439928664,-0.8371598967500455,1.655982361323167,1.0793177274754324,0.3197869963572874,-1.5402863417041082,-1.1202893559490832,0.3083512804382553,-0.5659407863454321,-1.0519542259031147,-0.5895540140686802,-0.6154053403372554,-0.8874898603701011,-1.0437160736397098,2.546455484357985,-1.2132292227723271,-1.065394086916175,-1.4713848491626764,-1.702099921067122,-1.1367147624046414,0.0080947552675164,-1.0185584271554111,1.3244602326148045,-2.1193725034454403,0.0038744015608116,-0.5080916400074144,0.5374773955966711,-1.4592588857101212,0.3125381687391372,-0.4766290653165261,0.4772149930186344,0.6930607060962285
TCGA-44-6777,1.4962654289432735,1.4541241827089566,1.7164576065844623,1.4297598198466233,0.7210524075926669,-0.2262664910952662,1.626216836712301,-0.9694580360353762,-0.5435874820679695,1.748103688027006,0.2636344109442438,-0.5182806869926531,-0.0171774249922796,-0.4062040191000893,0.5451398528318974,1.2692607367993711,1.880730500013074,1.6251729872385383,1.4000601047601011,1.4621462133950291,0.2934178003336842,0.8265856045505648,-0.3963226225936417,1.7218339638049966,0.1893466325766309,0.0901437152369798,-0.7209461321734002,-1.0001226743550724,1.4628571410217,-0.513661050509621,-0.1929447286618444,0.6237294140912963,0.448918728507523,0.6799200559266554,0.406109993712189,0.1054840022121715,1.1044889917906329,-0.0612527771124796,0.4326263961805341,0.467993646102132
TCGA-55-6985,0.7222694143512202,1.4502915145020616,0.8215679635781814,1.091850877962073,1.3622905047213565,-0.1473866950063072,0.7170674610978505,-1.0010421494466888,0.0432500324616703,1.1692281599391037,1.575197459914121,1.464197374775491,-0.6819271324951879,0.2980182750726611,0.7078650647897877,1.3568345578040528,0.817761938518883,1.0414908464141228,0.8311985797235574,1.0796273662474245,0.4384032394114442,0.932146137362574,1.1118298257420405,0.8527503328868866,0.5852819855458904,0.0504184923005789,-0.141688318620885,-0.2444691018199284,0.5829524873500174,-0.8218150497485455,0.6668872411787669,0.5270164705150522,-0.4182463982194878,0.8892024177038337,1.700575090282706,0.1240234451020959,1.003128602662931,0.6404693743679445,0.3456910577829475,-0.4440417808054159
TCGA-MP-A4TE,-2.131655017335009,-1.1129695889255526,-0.1540405872616002,-2.0428961403368127,-1.8734986682942265,0.0465478638698534,-1.4327307103047904,0.2983470622845313,0.2307497548391346,-1.2209296041984727,1.35329535211183,2.1364514528176453,0.7598024959485808,0.2065106788749935,0.593480756036839,-0.8873933407831179,-0.7698750743258407,-1.605078064540178,-1.9325528382290744,-1.90737188143777,-2.604957117826172,-2.5329899804523865,0.145174638306172,-1.3683853983470564,-0.7281384378925382,0.666081576146202,0.5185027225104762,1.3641462701328526,-0.1336710940766147,1.255155216815517,-0.6506927500237963,-0.3808986808510717,1.084309455257377,-0.8487110654727743,-1.1495184003295065,0.993747734052595,-1.8914276985199217,1.1328185599645002,0.2699318977273615,0.3135019790716566
TCGA-L4-A4E5,-0.983861411589892,-1.655794222041694,-1.2801145495027098,0.0921308797533773,-1.2589657696088823,-0.1869874571674046,-1.3905373812354065,0.9220191024608072,1.3979984028193286,-0.6437364182374324,-0.7430319544936766,-1.1233000922100518,-1.2175925465125588,1.0958764348372496,0.5678365473117312,-0.3648799060909775,-1.3133726153788037,-1.430232258810654,-1.1712660942533046,-1.1595197343927943,-0.136599904150767,-0.3912915479802398,-0.6006786047605667,-1.6596128255729636,1.1501223838273589,0.3415420512285188,0.3357678528504728,0.8444735222661263,-0.4712309221587026,-0.8601718759559139,-0.6333830283941302,0.7226237364626393,-1.0063415596517098,-1.6736379714075629,-1.066455267773177,0.4693408534227888,-1.0104300135052442,-0.9101530156062304,-0.608713570178482,-1.6073506289678203
TCGA-55-6969,0.8373073622829426,-0.4477302686641495,0.3532528492643939,-0.4952573388574016,0.3518072113058457,-0.0507710319744032,0.1518666876460981,0.6166338755820094,1.0788285540908766,1.114310481529722,-0.9744855094955728,-0.800414105885313,-0.4180611854086151,1.139334633348845,0.4563922381853367,0.3737367580951342,0.8633375919547619,0.3792814216570817,-0.1774289792971402,0.1310010067857259,-0.1769170731902103,0.3164756520917586,-1.911636510394541,0.3500022143322345,0.844709519343582,1.712490490171298,1.1457049658256049,0.743312134820082,0.6153264225803621,0.4184130531633167,-1.3853842881655667,1.0432497170262385,-0.1475648962996795,0.9238842538126584,-0.105477478795947,1.9647975163077012,-0.4292282257167095,0.532329534276954,0.4551405205362481,-0.9263449995278944
TCGA-55-7815,0.3536518141969598,2.0569435502471887,0.3795232462826139,-2.058315762048444,-1.2167639483550154,-0.7772435117128079,0.8878879415896809,-1.8728027599456964,0.2046688129063285,0.4883332190427483,-0.3611697187851201,-0.3290744362296904,-0.4039501083946292,0.2796681319834947,-0.5434342574445267,0.2495934243709889,-0.1239033380853849,0.8301139434314243,0.2637094029113251,0.2936984929747896,-0.2759435642151659,0.0967330216408097,-1.6863877804629006,0.9168818009814008,-0.2155997396802743,0.8557418516577331,-0.1777983214957708,-1.160601116259944,-1.9080980612614649,-0.600544540111308,-2.330221157280219,0.3222009764598583,-1.907224877101811,-0.3256370605232994,-0.4940718891602586,-0.1797924588110365,1.138703585429088,-2.846460501713359,-0.901111457537403,-0.1734241048351593
TCGA-05-4390,-0.9278496895077574,0.2492309002559693,0.4071481996976729,-0.815762577974993,-1.3112130142804177,0.6811807521594664,-1.0007957865982111,1.126374706233248,1.244167130267818,0.446908226338588,1.0245599463202,1.0946624381868442,0.0933654748916712,1.2079030940594315,1.2293730039665571,-1.3736695453208587,0.7624120669036646,-0.9551363686044764,-0.5148756398015786,-0.6740381029417554,-1.5326559412625218,-1.4756187017922695,-0.4608714731934985,-0.5839350142210586,-0.2272840193525239,0.9645163721012144,1.243311411088376,1.2086223078492806,-0.8599515754114321,0.915676507384524,-0.777050385385331,-0.5355696761495143,-0.4800841621754136,-0.8524275180257844,-0.7021286192108891,0.884003552867991,-0.6326061065359087,1.0833894243411448,0.0636305638629207,-0.1788971239204911
TCGA-78-7537,-0.7254231342547456,-1.1797927858621915,0.5023406192139996,-0.5466982078069129,-1.2590374280588263,-0.6061853308421944,-1.4752256939108954,0.3029844528083966,-1.1046247607999775,-0.025942139957552,0.5700743609804841,0.0726351622146319,0.302858518230036,-1.187630985251192,-0.1310245334816694,0.3546020988539071,-1.2140220081507678,-0.8793254128086976,-0.8568093511306375,-0.9790307897524292,-1.1400316609651726,-1.3236452266447003,-0.5087766615370712,-0.7317227772265782,-1.4264939820251448,-1.1943036858128262,-0.491005902847821,-0.3519995337642381,-0.3482300440654331,0.8975438078561722,0.5072517565635618,-1.527565643347678,-0.733034542682145,-0.3708396783689512,-1.3951984298432114,0.3705791642373489,-0.1741466719653722,-0.4817390875204487,0.5815816928097802,0.0704493337067201
TCGA-55-7284,-0.1401441248607987,1.1252643844950676,0.1839989760857976,0.6393985000836511,0.4653272277926136,-0.0788432792313946,1.0230384489763038,-1.368914229426625,-1.322494407398641,0.1450790201968462,1.7408933358188192,2.006395619540629,0.5075800899631613,-1.1290547133364048,-0.2339829250671471,0.3401390374497274,0.4869486071390822,0.1998746824883781,0.1952654184335837,0.1971830581061834,0.4418190771640976,0.0564805540917152,0.9471401156320156,1.137911673581815,-0.2076439868884992,-1.251952846123568,-1.5858909641832406,-1.5886574193307237,1.5583405983924732,-0.857266319999974,0.9616720107504358,-0.6965273435298286,-0.5335172852295598,1.419615714240746,0.3586674407896472,-1.6203864638823653,1.3238370974647289,-0.5340761344297656,-0.1847808340527462,1.3796722175549456
TCGA-55-8614,-0.4490078214474048,0.031448527039435,1.2215415551084687,1.2985673487857037,0.7790985254006946,-0.446895405201585,-0.6661915125501034,0.4013992556041895,0.4929638896316283,1.3503246766176802,1.1965529995278283,1.1959183809866696,-1.3863209361134532,0.6333206417421888,0.2425895400260548,0.5396589108443797,1.1469063131849435,-0.0558659477536695,-0.1654173189651276,0.0278455964354627,-1.0638300018940092,-0.8433742482200391,2.833766132670472,0.0234750629826899,0.5365077567207247,-0.293873947148082,0.2598482414133132,0.6360870787063934,1.9291975939949093,-0.967244117070534,1.3397644625860812,-1.2117104499021745,-0.8972852646458943,1.2906294072297744,1.1360032400683944,0.570808048092816,0.8293201147317074,0.7309038347422725,2.909514428951029,-0.9645980937430108
TCGA-75-5126,1.37378859011536,0.4769294236951027,0.8179491484340444,0.4930711729426035,1.6497096789112584,0.6040124382385849,1.7791349072652591,0.5793736420638057,0.8647524742914403,0.5499103347254104,-0.0538070044963438,0.2585500662736413,0.4889052623483115,0.7923589420024605,1.0127431100618458,-0.8133269339103336,1.3798680535282408,1.367741510150343,1.9659626575234768,1.8388880102647849,1.4022684146668247,1.545047406493159,-1.8609640975288213,1.5442954461555305,0.5585632002895013,1.2605449650908815,0.8099590699683789,0.7039529797515311,-0.8093713029536953,0.6280576020739296,0.7883047378635962,1.6163951711331548,1.3043023061790773,0.5701904321142852,1.6356394003911698,0.0942689258452314,0.0443355650705512,1.0306022255086305,-1.0840569264620348,1.0331099394584673
TCGA-95-7043,-1.9836709268981136,-0.9861097494510752,-0.6133172213100205,-1.77307001600025,-2.486647275627879,-0.1310988760311193,-2.0368565103531715,2.0025710484414416,0.8974739625791952,-1.2469572423980368,-0.3825968832267011,-0.411124993702337,1.278028429208209,0.7253361789989051,0.2011054794066602,-1.7668459996161925,-2.2597316879534346,-1.6828515835386657,-2.25364236263868,-2.3799367298583034,-2.2836732855110835,-2.447875173130109,-0.8708447553197239,-2.31130435584158,0.1055991384038152,0.9400113565319046,1.0545605963903089,0.9549732546046714,0.4072436052055792,0.9287954432197704,-1.0839601836777395,-1.6552713359842015,1.3658897909410963,-0.9447679423090636,-3.0005064196758795,1.5145075769697829,-1.5422943596345675,-0.2881656027127193,0.8865168180928409,0.4958564217087959
TCGA-L9-A8F4,0.6514212540219032,-1.0416542086527938,-0.7786455366116772,-0.0650970112385126,-0.3460595026225017,-0.0656526650391106,-0.5831797708428088,0.3499950946007863,0.6868260412342103,0.0075874133267191,-0.3506142211050728,-0.7531256330214776,-1.5674433363470297,0.8171411391317308,-0.4404787312583347,-0.5469909733357387,-0.4482797641108295,-0.2294458634166039,-0.2146844385119619,-0.4158103878949351,-1.077903985870552,-0.5829809366903828,1.9985660297191024,-0.8952101889784824,0.7267074479740387,0.0005342641462697,0.7883431720955056,1.0052888440189174,-0.7053046932062261,-0.4642201443533488,-0.4510145498911429,-0.1533251771915076,-0.0842071360694958,-0.6462632887157646,-0.4465002514458306,0.5492448957225259,-0.5678496665751362,-0.1977130406344852,0.3952480753651172,-1.394957830438668
TCGA-44-7670,-1.2332484422608956,0.1097608559569651,0.1188540903870159,0.0034038567238544,-0.1677715938826933,0.1376662766682632,-0.5519161815447999,0.7337779016721337,1.3774647966487827,-0.4630844470177234,0.3177077222003008,0.3861931929251589,-0.8801607102581659,1.5826271963602785,0.4539891332915917,0.7481176929512335,0.0081444595039129,-0.3112727435811633,-0.9232666102267166,-0.8924562588360132,-0.8176511661661225,-1.160422573960198,1.2510444187131151,-0.7849542537811078,1.6479415199929437,1.4329964904108916,1.1348692518998753,1.3968233975946422,-0.2851599295391844,-0.3052351397110507,0.3174661986641892,0.8543922196488968,0.6212509276825328,-0.2213376472864553,0.2755013045698765,0.9814917962809668,-1.103671231735715,1.6569546499429315,0.9012348854823984,0.1644661440083577
TCGA-95-7039,-0.6434881007751536,0.1019960435058129,0.1569314879290555,0.6557592624566893,0.4623546513390502,0.5011167852138775,-0.316321291585805,0.0542357231185404,0.538074716586276,0.1745512720479826,0.6508301995023426,-0.0555253739471553,0.0367819040908481,0.386386514587922,0.8695540908720228,0.4837830971187539,0.4936180848528688,-0.2514198094056278,-0.4264216182595516,-0.6418020024461574,-0.4012316087828715,-0.4339001736810653,-0.4541595045455497,-0.7152016273419564,0.3076698970679447,0.1127010352778947,0.2112555763100514,0.6763183143036795,0.274633654342268,-0.0688395342804026,-0.0516223022472145,-0.5147771056279556,0.6916007795104959,0.4332033233351631,0.3270852775264646,0.0598728290039636,0.4452055179832011,0.20832810636479,0.4322258708130552,-0.2770061577670924
TCGA-MP-A4TI,2.118558198597455,-0.9102456781347058,1.4425011366639209,1.490138494488066,1.9847264007408865,-1.385795730365215,1.887258094462152,0.5927680407988698,0.9602854429874852,1.3106090967338695,-0.951475427930588,-0.3342871907403671,-1.7031535334174586,1.0622637309433836,-0.1196264768803209,0.8379400070598423,0.7434045366480795,1.742102327461133,2.036157060535105,1.7231073861789352,2.2420163457004154,2.216509541799046,-1.1051609042189536,1.341884115295473,1.3835888852846268,-0.1284593125772146,0.5292234137552781,0.7021877678671266,0.4834068997691852,-0.7333755270116316,1.132290025272157,1.007231134912482,0.2872287190440225,0.8319958949809071,1.3538821592717207,-0.1237147324650521,0.4513286043474051,-0.3213568822023369,0.5942417112139844,-0.4788911143599989
TCGA-44-2665,0.3855828094115009,0.3310385511568634,0.824813719122136,0.9133379523217152,0.5757556577482269,-1.235398677844279,0.4319393393549279,-0.1945873252658786,-0.6248477644259036,2.0986009649246817,-0.5630682286951872,-0.8042290896032728,-1.45631423223094,-0.6556102454214794,0.350957097067389,1.144798164564431,1.3079673793387152,0.3944614533551938,0.5106252028354704,0.588540670557079,0.2254597598527683,0.4562099154788023,-1.9848743900165613,1.2870233447171835,-0.5609506628747054,-0.1989401491828277,-0.1495361533111737,-0.5416573130265603,0.3817082121905581,-0.684113909092974,-0.3612429152272686,-1.1397081850584865,-0.1261190315066089,0.4798492796642192,0.1072810797474729,0.7368274550035564,0.6060017325518373,-0.973235525798058,0.0848356205999214,-0.274478932974958
TCGA-05-4395,0.0697120293737366,-0.0411213711901712,-0.8811332296900016,-0.5498998551671166,0.2027686378713618,-0.5030832109297897,0.0185648827624971,1.6678075227570062,0.857248065867905,-0.4570673521982598,1.2024267748192905,1.8225046727406464,-0.5700764604879619,0.7365132560852177,1.7117706927564107,-0.9666756584073232,0.9148708588242244,-0.1474518689433428,-0.1906070653329263,0.390561032523068,0.4487921837740486,0.3331285070470013,-0.2360554016357817,-0.1258138990066947,-0.4679851608188636,1.1475648492075214,1.332125542482361,1.5547980991390065,-1.536675925395623,1.0080189617827875,-0.1055641723857069,1.0714201471177138,1.2876201127633118,-0.2370329118430583,1.170395310345547,0.8887969645869315,-0.8007712588754672,0.7373728015649389,-0.6774158383905149,0.8854516720777058
TCGA-O1-A52J,-0.1326432970514109,-0.7628331702969937,-0.5900049790509257,0.4428340487867459,0.0168293827187671,-0.4308314926602147,-0.2514868225780315,-0.8251383059365864,-0.7898057718889875,-0.7093115319907383,-0.4864362959083536,-1.1554784402734282,0.8447078505222951,-0.8420900040549782,-0.1475922585636222,-0.2429921265663642,-0.2420348182104409,-0.1877855044191673,0.1484946066350034,0.0790703492308954,0.0652192707372315,-0.1729161148360652,1.0098331548161856,-0.4086451466333283,-0.5008095869798825,-0.6039198555400597,-1.2649316958542345,-0.698063187499484,-0.6019246203968271,-0.4066877994436246,0.3454995976466392,-0.7883693518066641,-0.213068685324676,-1.0366503222401275,-0.4778413332572316,-1.523001700589398,-0.6713542253987078,-0.1535260013475496,-1.7629483139732895,0.6434534776838238
TCGA-55-5899,-0.5787639577966397,-0.843879724102967,1.091723456121005,-0.5498436480550256,-1.0033898046231826,0.3450862837289269,-0.7393532467308085,0.8863817949295596,1.4121150456805227,0.3726577828650141,-1.0287663281361556,-0.303411503272505,1.150234278036045,1.3901179463727558,1.1538531997774106,1.91531209148176,-0.9128613399406365,-0.5746792350895494,-1.0352622481951923,-1.3957408622977772,-1.1703548566065178,-0.9034165268492834,-0.3394789605992044,-0.2003586501279879,0.570809906480825,1.9162482791444329,1.350654648207504,1.4089249531484989,-1.180403285208229,1.7795612567793104,-2.270773680463458,1.3288887105129696,1.3619511809407605,-0.7207224436142734,-1.534847848318708,0.764675713617908,-0.8345601727427467,1.0512247261014502,1.510685455842021,1.5426002673686183
TCGA-55-7728,1.1179716778839988,-1.4518573422928585,-0.5299445929764054,0.1561777526161662,0.1470109632256636,0.5407343381177917,1.4077752949621465,-0.2683719991333996,-1.1842267839520904,-1.1456460599587357,0.0485634267255328,1.2316252640527627,-0.5574499382129363,-0.9927231221787144,-0.4249730861523008,-0.518562550389682,-0.1453156682021038,0.7694697578916755,0.7540369086687062,0.7689505450295048,1.0340934619311306,0.7117739083920142,1.1771230539179514,0.7322441614674566,-0.4691787425913604,-1.3865299636484525,-1.6394593205068384,-1.15694385527765,-0.0190771002290737,-0.4067798139912893,1.5139788589952183,-0.3751880681379774,0.2213930248869892,-0.4426240106997341,0.5644526319057416,-2.107822269979679,-0.8409909425237996,-0.6163763812097289,-0.904724616472148,0.5829596754292334
TCGA-99-7458,0.9773865262839028,0.8741049501465817,0.5088013062061311,0.8125179155642848,0.592482296707774,-0.7754860560784662,0.7626492991372249,-1.4041846133700584,-0.6711617904985137,0.5917395946981236,0.4303321477190138,-0.1166175911473659,-0.0664089677571097,-0.5661131248353831,-0.0785905592716794,1.33062745269631,-0.1299712785238822,0.8368409520082954,0.580063257608658,0.5597696364311354,0.6487146943232867,0.6533877313218234,-0.4555977183007606,1.0904528541683358,0.263344059389428,-0.52747383501635,-0.601254148769106,-0.6081453134366751,0.5749239025547636,-1.1138346037794928,-0.6188899423240718,-0.7654625920309661,0.150461424741976,0.4391112429308083,-0.0632039538193512,-0.8621087736633167,0.8696532431643477,-1.5396243561289695,-0.4192760292416629,-0.1529232450352523
TCGA-97-A4M0,0.4606401603563065,-0.7568070336588718,-0.979147953371521,-0.3821482593281549,-0.4101680828570053,-1.958039148615333,-0.228103915604248,-0.4804844080952952,-0.5899984543008667,-1.4423836153434235,-0.5649899088570072,-1.0723296246552418,-1.3092615782886026,-0.7665868453135968,-0.5121778143379753,0.2620766759194899,-1.1548906883816423,0.3423561766477168,0.0333427032270053,0.1811376050795044,1.2617547343871438,0.8276668292982756,0.4938127760749651,-0.3719215523225312,-0.3169639294229556,-1.995838385121835,-0.8568181682938617,-0.1765306930135599,0.5132657204622889,-1.1278723896199012,-0.5778755763399637,0.0570011239266478,-0.0259646582672021,-1.031958601790835,-0.2700601936021243,-1.0070413597467447,-0.7257923042097363,-0.8734008394408901,-0.3091283157712399,-0.7952672882787329
TCGA-91-6848,1.2140888666418066,-0.2711765489630837,0.5399878983771171,0.6241870907788145,1.1289990548742657,-2.518108284243037,0.6719312692874874,0.6598506613000863,1.734048708449235,2.115405277263284,-2.56238336614994,-3.238751696355072,-2.853019852005518,1.8553338750050283,-0.2798509530082644,1.0492337047139335,0.3814237418420093,1.2794275627006606,0.9945325286485956,1.161255681595251,-0.6713730313879616,0.1366013744039385,-2.5889357909128314,1.3811615909208017,2.2688278882601014,1.6856778783467363,1.5718361080491805,1.85962270325545,-0.5303679981545812,-0.9973784106378872,-1.2779384632352329,0.8947862698130036,-0.6095582563757527,0.0421249818532289,1.2544517348595083,2.0677775839021293,0.9484470057603388,0.3931835790193084,1.0720292014927275,-1.7389498324777883
TCGA-50-5055,2.0931309662727027,-0.2139770276205559,0.8622489187039998,0.8222603348987569,1.5431015419141256,-0.7022440160203032,1.4806187745399957,0.8108858174085644,-0.2555906094616513,1.369755204636591,-0.4377070272566652,0.4864879387659635,-0.0955375537938901,-0.4935138753544316,-0.1990931473130523,-1.0140575422731584,0.0449180094255193,1.7080629589937908,1.4133906609350106,1.161417198688112,1.1842571188695847,1.512544443213119,0.4211445259127342,1.6652219393979122,-1.3341065287528118,-0.0490676847786647,0.6306616438878955,-0.0783943596363617,-0.1000279768054623,1.251621590006926,1.0043193544488245,0.6603331265412575,0.8001082116253303,0.275572190792412,1.0279003065214187,0.3362822349698954,0.1606458680724089,0.8931431391794409,0.3502871309976898,0.5046701036938388
TCGA-44-7671,-1.5042934253369724,1.0758341004758087,0.7046444654310878,0.1772738188634496,-0.807351881957562,0.093649201065482,-0.6867780804700168,-0.1565853457776836,-0.6665363097208473,0.3000105616830427,1.66249382954114,1.6977049426817938,1.377933113464108,-0.6377103421195499,0.3293666382030605,0.539265517847184,-0.2419580488847028,-1.0848669643472773,-1.6552847577208527,-1.172949615736179,-1.333846180080191,-1.4537115545474129,0.6791269408010403,-0.6771453872966863,-0.3753918619425778,-0.1143999675863665,-0.12514169240254,0.3127605420440996,0.4817796346342343,0.4419202525217824,1.129945551515568,-1.2015531928222647,1.7883712301461798,0.4902950236831561,-0.5292687622930251,0.1083507281889298,0.3668885316020338,-0.4471385717195486,1.335802407168381,1.646291664862348
TCGA-05-5423,0.742998527517516,0.1338877896566488,-0.7827356884511684,-0.8952358776414843,0.5004161625515503,0.7021183766038068,0.5143245537132243,1.3166621959066327,-0.3017083375665924,-0.8734337434719298,-0.9800280656593422,0.596900859360994,1.733909672507211,-0.9135515038773434,-0.2658654633991363,-1.4097108094977244,-0.9164647309239652,0.273561881228594,0.4360292552358235,0.650989338131127,0.836326210091562,0.8540461035670277,-0.7790282352352449,0.51813233913089,-2.3503368738339514,0.1714037098410543,0.3153445465814779,-0.5247648932000631,-2.0321116032684325,2.3760943435392963,-0.0734081975574344,-0.3744847194195288,0.1432743282303338,-1.6029055284959597,0.0188017064522667,0.0761802443729763,-1.35177232102445,1.3484400030842236,-2.9487036570992293,0.7184518327942105
TCGA-55-8619,0.8255613047006879,0.0996393359219452,0.7130295088828937,1.2641989778859577,0.561380552882923,-0.1427463858122317,1.2198182135731457,-1.5234074233653054,-1.2848761733768246,0.2103223880578586,1.1863437830637964,1.5275329374900992,0.4168130618180135,-1.004775377843236,-0.450585333875688,1.1877914057269017,0.5200714121576107,1.2001632676354734,1.2139986546935566,0.7887835435846868,0.4315178087034048,0.5433814348713135,0.6989565975254092,1.3016480244360638,0.0453418420831621,-1.1870645574528518,-1.5809743324518322,-0.9272735284935892,0.6123948389963039,-0.9176369615186948,0.8630247446530884,-0.5118284647846918,0.3754797001810648,0.3079917102940085,0.5725675710785118,-1.289432443999717,0.7296544026999396,0.285573192737507,1.0451336823937678,1.3183896176378456
TCGA-64-1680,-0.8299676952825551,-0.5905889476444398,-2.552318731933348,-1.714778785694146,0.3261637680292398,-0.3589026240270678,-1.038499749723565,1.127393376543009,-0.2623288593947176,-1.3779038553490743,-0.2753151429266485,0.6179950026367229,0.7167071007609093,-0.7092464591227639,0.4676285723790225,-1.7964570817104355,-0.9001690855790755,-1.1558492346213232,-0.5879272028989627,-0.6381692839322677,-0.787746789768355,-0.7997884190717678,0.1137985539726448,-0.6239154431822732,-1.8154144374245995,-0.2927733800093024,0.5339703198809969,0.2656623986971676,-1.0230551932430163,1.3818025083709828,0.7812438383139377,-1.3044890827570526,-0.1969566144538525,-0.8931717606058517,-0.5117991018315334,0.1671268183044194,-0.8397734885443969,-0.0717521386651229,-2.100894784566182,-0.13699961022511
TCGA-49-AAR3,1.6615036440148152,-1.110654662862124,0.9410705721477924,1.0661679513015174,1.1624352287299895,-0.7644638826658126,1.2794711397050196,0.839529616815906,1.176681082906562,1.1479620948451963,-1.7261468086316063,-1.8036439530064836,-1.0631460344928765,1.1187476808346504,0.125795854951565,-0.8365266782683489,-0.976756862546399,0.7548826836571617,1.310366695086056,1.0369348167050532,1.507992406197368,1.5975921703691498,-1.2265856266928374,0.3396035928000382,1.0084805118113522,0.8707476898104105,1.0739648020121315,1.2504399169913891,-0.5691393503932285,-0.3332815829101072,0.2667074523663292,0.6752401672531314,1.328047228853973,-0.1214515805876226,0.7480269589987104,0.0980705987410864,-0.5850315853671463,-0.6518857074378522,0.232012988780886,-0.2540217711576459
TCGA-55-8514,-0.5375411283611825,-1.0085154615551812,-1.2864463791472056,-0.4408546395857789,-0.8108844511035065,1.8236717848272452,-1.1216847031738617,0.5227583040048275,-1.1105457759033814,-1.388412436171966,-0.7530028250929198,-1.7766870074616803,-0.6755347816634487,-1.1750607945147604,0.1699892576992394,-0.5925269455095321,-1.0980810964195058,-0.7956791423015234,-0.3851394365732114,-0.2638134601652948,0.4238060495163473,0.0356780626612402,1.5319742122974085,-0.713384511204857,-1.7236029724387958,-0.8722088284035033,-0.8854778953410134,0.4510447172300534,0.4286139006037034,-0.1373611310723846,-0.420496513784597,-1.587915641243988,-0.7056253885701709,-1.132488751907455,0.0267148478404552,0.0675639281434579,-1.0989215117500348,-0.2200081176881921,-0.7351016176177895,-0.4688209298779758
TCGA-91-8497,0.5106730573981019,0.0483604430080374,0.2748991716775961,0.627123591747249,-0.3236155393092553,0.0828592801895845,0.0238734097330623,-1.4878261808838262,-1.400383311548774,-0.1741137545097699,1.4468758372094113,1.289490689315585,0.6695928084365912,-1.2861527175041632,-0.7865527130258086,1.9959781037809317,-0.467779050354759,0.6170560855274653,0.3428295792030676,-0.1098189987086917,-0.5740769287314436,-0.3118198106632138,0.2086933016598216,0.6524223813282461,-0.79537922622239,-1.084927315595991,-1.342385789508892,-0.7227243692240977,0.6841947408749324,0.1266875063217669,0.0963964925526488,0.2131443206775573,-0.3263773927943283,0.3145583548245386,-0.4641742275824531,-0.9033989601050914,0.5974757063820779,0.3142494883668357,1.6927690411648193,0.5018672453195082
TCGA-49-AAR9,-1.369036899121243,-0.8247311597632089,-0.4746899269127911,0.2599979759465405,-0.3457800169270237,1.7225299929334943,-1.3002852201106148,0.8156813151203639,1.12912919895742,-0.0707973426926738,-0.8793826590839324,-0.7895615240787373,-1.4795012603086264,1.335621773307174,1.363319400976183,-0.0872297354779616,-0.0057132607849636,-1.4346804244405609,-0.9524549587440384,-1.2889792233879058,-0.9558607471087388,-1.307179759214215,-0.3610094307400689,-0.705359091420097,1.580183156436731,0.992908089162312,0.8534941738173456,0.5087803026194413,0.6646810020737474,0.2046510890554628,1.0846975899710636,1.38166862995102,0.1313575327706592,0.9042967013348374,-0.2916367307185797,-0.6147077905994547,-0.6173197439711873,-1.9642979583476772,0.0857577194901457,-1.0810207486669228
TCGA-44-6774,0.2511662344167498,0.7903402517779747,1.667761488449304,1.957471281836576,0.0439989147072949,-0.9025085688910705,0.4084836201269887,-1.0612182917080863,-0.1501452812135009,2.655441362450748,1.3380381683755285,0.1461471232350228,-1.1169688979412606,0.066396748858299,0.233853656924967,1.3556087233330236,0.9936502052145552,0.6829356112151038,0.6039097804527515,0.7204123753985533,-0.342471356908554,0.0485118206658361,-0.2185659686498846,0.8689603624378942,0.4956786135182204,-0.0366672006739075,-0.1904528151418,0.0361410538565743,1.9000823005767504,-0.9475328426198594,-0.4285528111468701,-0.4159043784739168,-1.4230959333514874,1.3516413851141067,0.6192777401171099,0.8768537448499004,1.4999265708563392,0.2259506770166835,1.599181541108588,-0.6676529657389142
TCGA-44-3919,0.9800771947084498,-0.1639260422287047,-0.1447096051158403,0.0622281195333507,0.664277311173475,-0.9412014810600464,0.6415682761453945,-0.0965030154861842,0.3543314544024205,0.3448835527675304,0.2085347613303404,0.5599437983115274,-0.4347216690496022,0.2049772913391257,0.5082633128394063,0.0269890399369855,0.271130778406177,0.8423164413981303,0.8714190245128834,0.5910274693904087,1.4832855876188706,1.2387939881993604,0.1768995456785341,0.4422103126411286,0.3429913269718272,0.3130116406148549,0.2782444430001128,-0.7020373192712235,0.6556047842748681,-0.6756037930554167,0.2781779035924742,1.2326770410768777,-0.5272655926086522,0.1476082408239713,-0.3313808438117382,-0.3744090242437307,0.3158145618238885,0.1114246307032593,-0.6717614424349387,-0.1406153419590852
TCGA-44-6147,-0.1087140724194579,1.6777594521112988,1.0542533983877065,0.7762583109504645,-0.4747521309584523,-0.496980989174834,-0.0589993116681566,-0.9144762862196194,-0.7734363562569716,0.6170488353801078,1.256249831726064,0.6113477292427064,-0.89366023492642,-0.737983195077847,-0.440677669744553,0.9158627845874844,0.5822946987514662,0.0747434362050056,-0.1774484547092191,-0.0908975003878811,0.3430015069113679,0.282932074038158,1.6609900147955876,0.1177051700892873,-0.347569978917107,-0.7663687495877397,-0.6042295100264844,-0.3247147023210467,0.3924151408128974,-0.7713044887467996,0.0225921501423642,-0.6198659490851365,-0.6726989839853098,0.175228369527685,-0.3605892019376051,0.0541556249797844,1.1246549531903114,-0.9893761693083162,0.1457915250627377,-0.4023818898666523
TCGA-55-8301,1.6477588007363482,-0.6353868422074278,-0.0480005001469553,0.408117272897215,0.6127448453299306,0.4901292013348493,0.5946628755160217,0.5756858532999244,0.7363149477749898,0.3488286313161419,-0.182156043179606,-0.1382890807672424,-0.2317665178290509,0.7103139392909346,0.2632189043164393,0.0510646953073149,0.1676139338785391,0.540888179570184,0.8238035163637364,0.5785071706383114,2.211764556580142,2.0857100068671786,-0.493070614401869,0.0715768255941032,0.4875027391010839,0.956841530794043,0.8412571556378458,0.9451411590234596,-0.5792032629335749,0.4343160646718225,-0.2771967183909189,1.3558733663062268,0.8127958384976338,-0.9465844097176844,-0.6707302709700504,1.1640586910868695,-0.3143097292291929,0.1901437802849314,0.3495901855092065,-0.8211731132846459
TCGA-95-7562,-0.2929742572872767,0.8667583542358943,-0.6859202840672242,-0.8643816126655683,-0.662627613632028,0.4781402227833389,-0.2075213371522233,1.2323415469236634,1.5412246321822487,-0.070162946742055,-0.6547354975069865,0.04787776507938,-0.1771725170482478,1.547244149910519,1.6083459957313624,0.9168744068504916,-0.0044366385200634,-0.0625919040620175,-0.6310534024514004,-0.2184059834588299,0.4019577389206749,0.137529084568898,-0.5698927044108101,-0.62945899894678,0.5725034303846557,1.6417164195649885,1.3643227556215385,1.0425616614605806,-0.4910899910723877,0.4953347651446968,-0.8373343159393668,1.7782743356522202,-0.259081672956915,-0.9960677964496112,-0.837934718024356,0.77725995246539,-0.4187221428012657,-0.031614621573913,-0.1678632823336297,-1.644873182500005
TCGA-55-6983,0.2582972965045935,0.7229812440245574,0.4528922610047044,-0.1002699660897062,0.1534498347766396,-0.3355960286039353,0.1632692712879939,-0.5798009450435195,-0.5858252225022225,0.7032837993882207,1.5620611186823838,2.260502924803445,0.0266482382501329,-0.5083965602317297,0.0072392109246899,0.4479140591253507,-0.0293817784723385,0.2935596797460508,0.1248369870935956,-0.2220528845420287,-0.9539057001204808,-0.4339897880353211,0.7745864909971653,0.7603894573234117,-0.7003448879968146,0.129993276109835,0.0231120928665648,-0.1613353699754834,0.4427916285646909,0.2080926906426008,0.6434531154419887,-0.2314074090708412,0.0124140161829442,1.127067216954635,0.3174723772163113,0.7835335952611486,0.3217522425822378,0.5217830273924867,0.3552627183399931,0.4607438640360693
TCGA-53-7813,-0.3369602049257523,-0.168016856537944,-0.4488132946419163,-2.657106240936591,-1.6209136235789083,0.0194163283072127,-0.62245792836239,0.4436583789800368,0.7022139348198609,-0.997422409520993,-1.2427525939955624,-0.1040209451970319,0.1210609442447758,0.721546158697806,-0.0800061149877995,-0.0506420817403049,-0.9050797663452396,-0.8421476559803717,-0.5690317752006965,-0.8779497094374482,0.3202629310297384,0.2183086191256054,-0.8007478906297804,-1.0363184473240954,-0.5282824777356123,0.7798362848693929,0.9647603442250374,-0.0367232645149995,-1.2700991898253535,0.7120379532151007,-1.5411709930449848,0.4225289501841391,-1.6393985016449515,-0.1630247618239971,-0.682614103251129,0.8404437911676854,-0.6126998239845232,-0.6805246304686248,-0.7141334925067702,-1.9313611795889367
TCGA-MN-A4N1,-1.5970928654980627,-1.5590032492667656,-0.6806338420798195,0.0503849734489596,-1.2369334322901109,0.481271440008013,-1.9152506596896124,0.9606343132806784,0.7348562588703977,0.0612297323257542,-0.484333217448072,-0.4427901009044412,-1.2328256632246903,0.6492268781582746,0.7729095668597945,-0.0796432853055404,-1.2711363230258836,-1.9786941606509787,-1.997939231555382,-1.5487220180006984,-2.018353194081773,-1.7673564695108614,-0.1158847028706842,-1.531169945791929,0.4373413554680458,-0.0446603653526801,0.1408020869185206,0.71199180672474,0.0852397125676665,0.3632097926918975,-0.909782514998258,-1.5027664912231178,-0.7564897300999095,-0.8796886365711002,-1.320753822949461,0.2392052615540505,-1.2217097785924205,-1.2509956671802014,-1.0264295459679176,-1.193495649949167
TCGA-78-7159,-0.5584052308639251,-0.117005462748551,0.7278625873944279,-0.9001653424684909,-1.367953459098551,-0.9635596991115462,-0.67311651909585,0.2603233420842267,0.6676689813206419,0.0967483404268103,-0.0516508072485544,0.279872906018803,-0.8097248140169339,0.7649969722749189,0.4159277886306227,-0.052574759869136,0.1119531589967907,-0.5749724110586357,-0.1901678910248003,-0.6349818245061298,-0.4923815881699916,-0.5181642754459544,-0.8556415368215398,-0.1951367937686401,0.5297384138730795,0.8417843637465524,0.6932183813155839,0.207568485996659,-0.8620947866202031,0.0965567212197937,-1.0508593613874648,-0.0114044489381956,-1.2274056915593423,0.1101354503300125,-0.4788806743197015,1.1795876826020883,-0.3092758584292947,-0.3032831897221089,0.249685002908136,-1.611976480734164
TCGA-50-6673,-0.4877117216996331,0.9478814590947048,0.6830478894290589,0.3181133000275548,0.3364854523687365,0.4950393503389266,0.2626417178340717,-1.3039516625348746,-0.2928101102505538,0.7797815312466827,1.3005651866456858,1.3961357971887345,0.1183204077827363,-0.0728150886664627,0.664084576137743,-0.1282086790895577,0.3501729550784909,0.2225689670766269,-0.220101136068563,0.0796914511986276,-0.4942051202809321,-0.5722238446240999,1.3232101221254584,0.6615960794735537,0.470378093817317,-0.0088431071472479,-0.3078711938515838,-0.0381741975889083,0.8397420025728352,-0.7288943025389615,0.0554037144654771,0.1382883637190538,-0.0026898534065021,0.5991793691687534,0.3100811035261472,-0.4571809242858445,0.445515186874691,-0.9930271346778464,0.5693832468627101,0.7274448406803451
TCGA-75-7025,0.1172222370599744,-0.3146515471639325,0.2053378045276372,0.752257858173242,0.3324701352602405,-2.135194445367944,-0.2334846852656763,-0.8818077156534696,-1.3642862494440695,0.5981861257744658,-0.4653223769332372,-0.841582205939698,-0.4193420928237881,-1.4349849788902025,-0.8890354161817527,1.350808263506131,-0.8587509733189562,-0.2674544038798694,-0.0582844140713211,-0.3706129552339848,0.2147412048540816,0.1640315481596738,1.152970850814389,0.2625121231597245,-0.6234711426460926,-1.988186419195391,-1.2643104585852365,-1.5185995605693925,0.7291725132417065,-1.0891019738567935,0.8649629654708217,-1.0449669661615304,-0.5093016246831517,0.5779279635762918,-0.3520849560036565,-1.3057974091529765,0.6557314192835654,-1.3039893909556646,0.5683484262491134,0.1747484315531531
TCGA-55-7726,-0.0525599008370901,0.4977793142946528,1.5818031368953056,0.8620201195017179,0.847868175232637,-1.469908890615174,-0.0715589782954799,0.184344898966692,1.0774634343547531,2.121766526066198,0.7552651863414918,0.8179759657920984,-1.7504951908359176,1.4325046945310238,0.3578842169475825,1.7140293456969733,0.8024502074026911,0.1733022528045572,-0.0412571386910287,0.5317333599119685,-0.9817214597856924,-0.3460612840631998,0.6959733221934867,1.2576147562867663,1.4203162488294756,0.8971566766900733,0.8366094063949874,0.157458967866595,2.0495138610237933,-1.1745578419278857,1.3184388553437816,0.8142765916542916,-1.611348658251739,1.5034963984699292,0.78130144245853,0.7494411697009878,1.4888445179527297,-1.260636524426237,1.18569165232555,-1.3466118738827133
TCGA-L9-A743,1.389293309031019,0.7888440853574297,1.4824825858673367,0.8927410005712595,1.808441071960653,0.7896676653072876,1.4258716494855983,-0.4136619788486508,0.1140279816449135,1.006591298076163,1.405769864174157,1.2951543499688014,-0.524442805712383,0.1647498527031497,0.1995128337307099,-0.3150810565526265,1.3935290948615189,1.89461321939686,1.368248918980156,1.758410290848479,0.7446815996564731,1.1544636818982343,-0.0227808185154175,1.460118457155471,0.5414916742022834,0.2608264749006111,0.1841953725393395,0.3467891694052073,0.1069469413164003,-0.2977240938792886,1.2799361494851729,0.5981773116299884,0.2450391660548879,0.2508109625610356,1.977669059622594,0.5622458813948802,0.4633660343716055,1.20417873119661,0.1454490272564972,0.344414026814847
TCGA-86-8358,-1.4201115864309066,-1.6738768530735797,-0.322347696211583,-0.8077287025534353,-1.919842927472184,-1.949208737268031,-1.6925464641313182,0.5647150960546345,2.665625306871349,-0.513390253084976,-1.0748156158405917,-0.8862055817896547,-2.401597900843605,2.7122124752929397,-0.0339282139348906,2.385690987121005,-0.7374654195218224,-1.827757466149917,-1.8573083681064877,-2.4698364279840352,-1.7018458606025786,-1.574436014115662,0.1371628342888609,-1.5446016822154347,2.686023485948283,1.740409975576524,1.417959488106713,0.8670637610522304,-1.1092185769380698,-0.4527058005068567,-2.348246160111344,0.5130402739391532,0.0770991961047434,-1.217656704904216,-1.987737384925634,0.6384243005572574,-0.5037098992855044,1.0499436367530903,-0.0789455860701641,-1.7713671693546036
TCGA-55-6972,-2.7000492496971367,-2.694362724378775,-5.174636141100068,-3.607950520641357,-2.826453280180318,-1.550560980844342,-3.46183051264658,1.2477693457753012,-0.0650065951421525,-4.16077779671306,-1.8186099341491109,-1.1032207953707345,1.59279378725264,-0.5969286129387218,-1.3648488995098609,-2.9621139526844087,-3.900062290570875,-3.245176626784747,-2.875770074479732,-2.8435150683033665,-2.152196561294664,-2.4719306409250934,-1.643093864839988,-3.533409152569451,-2.284173417986309,-1.532753099763137,0.8031743901284893,0.6859625896492133,-1.0423599588074612,2.204402102641104,-1.4115098628846128,-1.5682820428780435,0.6367503041375796,-2.191082529605316,-2.276885348995142,0.3806855979026669,-2.3082930628219547,-1.5595845930225387,-0.4495094558688999,-0.4805307398373096
TCGA-55-7727,0.4049468999150484,1.2444099999657556,-1.2196307412160403,-1.7214020909574916,-0.102091010640511,-0.3349212601544252,0.0119381506039829,-0.3452075723578629,0.8603196328667109,-1.5103187674109484,-0.2175989312833909,-0.6980417697542263,-0.1687507529436719,0.8809282714708397,-0.2508061888735213,-0.3933237920642251,-1.1995620546618977,0.2373476490297887,-0.1962325387166971,-0.172545607918244,0.5259414353198756,0.5387042585521027,-1.745575857728443,-0.0287423627068182,0.5507506394127446,0.3036656506135849,0.4702965962605505,-0.9672889496769592,-1.1882003163583066,-0.5089236629161182,-1.3220729970613188,0.4382198067822003,-1.1623209659295008,-1.2143832773381418,-0.9039980034408286,0.1612122941821715,0.1150220850554194,-1.8888386239059256,-2.321094796446668,-1.3310704012745558
TCGA-91-6831,-0.3089557635267149,-0.1134355533956635,0.4802489289571793,-0.5017566101396211,-0.8012971850668348,-0.3609183643791955,-0.5978839888135862,0.681992246736572,1.744542744766894,1.012145017651434,-0.6186352582802023,-0.1366944038646669,-1.022268524571152,1.8171694445698483,0.3455115850261288,-0.708079700790666,0.3258258316275115,-0.3122113775293875,-0.3280882017171636,-0.310170018341021,-0.7714384229391368,-0.2713346604352837,-2.046991734879169,-0.5556313143552831,1.479800181407507,1.2776563616926069,1.343935106235952,1.4518476160241671,-0.1057519481653198,0.5242690005375076,-1.963094985878184,0.6816911217744739,-0.6458169019574422,0.3292963224108197,-0.6101657582960921,1.3674481425748914,-0.2211603865685834,0.2404971290050406,0.0401247919701473,-1.7362905507741346
TCGA-MN-A4N4,-0.7028565584377073,-0.6437508886982004,0.0419297066242595,0.9061454011052658,-0.3375035591166254,-0.6785024430625815,-0.6334453855983858,-0.6132535978426393,-0.318935862768239,1.1662251578161804,0.6155643330327363,-0.4100974288598301,-2.7029026861698324,-0.3756572341413904,0.5718700194855203,0.5370088069837297,1.0784926640042067,-1.2602550224653215,-0.8042226214253024,-0.7189012053775731,-1.4506538647705194,-1.015437304689985,-0.2609684156232309,-0.266941993413117,-0.4417761906932752,-0.6593392555880757,-0.5753870723261446,0.2352458195409021,0.4389251672298063,-1.5594537762358336,0.0943170910597141,-1.740351336744412,-1.1131982606565587,0.449197174903154,-0.3955808659086823,0.0215232842175683,-0.4414704920131191,-0.6159443699896345,0.5930474003404753,-0.6676980728738211
TCGA-55-8302,-0.1745608620845894,-1.7984917641307192,-1.1259430669268828,0.4099409969415203,-0.0604280209809988,-0.6853456208131147,-0.1226026009390238,0.9695207294654872,0.4920459144133915,-0.4148080572426409,-0.0402418651610006,-0.0641572810073808,-0.8005160989744917,0.3840712808576723,1.079957544486992,-0.7711534013371426,0.1823415841970622,-0.071578806889457,-0.3139411020191243,-0.3731179285573969,1.5273185052544656,0.8509975955294293,0.9099515316286498,-0.4822317880336043,0.4112129490282589,0.24058074788894,0.3012012452952497,0.6833677930169136,-0.1091575606347223,-0.4344263806545156,0.2183814782945581,-0.2192079585514423,1.337834706628536,-0.5976141042987917,-0.3615557552903408,0.4912987965551936,-0.7502537253224423,-0.8060161054327735,-0.8060165319108181,0.0601642780797735
TCGA-MP-A4TK,0.4803936631319597,0.282106077213264,1.3107113093970784,1.9473359771077328,0.7968160604203558,0.065904121981654,0.5690201535488333,0.0045480845913008,0.2744539677861307,2.172781428562301,0.1616076544997712,-0.1273681658584549,-1.1893927364088386,0.3353891628670485,1.009429268101239,1.1819924300206537,2.3972808982129274,0.8234809794753571,0.3037986216843957,0.606128820611821,-0.7788688400647753,-0.2418450689510742,0.2458581720256066,1.109778095294965,0.9595069970442008,-0.0769960697300397,-0.2610508497439371,0.025520450045115,1.0157260680792526,-0.918731755084668,0.3789284483671378,0.063526932387919,-0.3639282115721353,1.2818958325231615,0.3890591597071415,0.062154982181257,1.2697107633586502,-0.232770561890612,0.999925403225876,-0.0214695023273682
